,anaphoric-one-semantics,anaphoric-one-syntax,island-adjunct,island-complex-np,island-wh,principle_a_command,principle_a_locality,question-formation_or,question-formation_rr,question-formation_sr,wanna
0,"[(0, 1039.059814453125), (1, 1205.7479248046875)]","[(0, 1321.9295654296875), (1, 1255.863525390625)]","[(0, 2710.306640625), (1, 2740.04345703125)]","[(0, 1800.247314453125), (1, 1851.3673095703125)]","[(0, 3513.200927734375), (1, 2172.008056640625)]","[(0, 4024.329833984375), (1, 4395.51513671875)]","[(0, 6150.61328125), (1, 6960.8896484375)]","[(0, 1234.4208984375), (1, 1066.519287109375)]","[(0, 2828.228515625), (1, 3189.22314453125)]","[(0, 2029.6568603515625), (1, 1645.3333740234375)]","[(0, 3596.616943359375), (1, 3162.204833984375)]"
1,"[(0, 1523.1866455078125), (1, 2061.247802734375)]","[(0, 1670.6627197265625), (1, 1696.8836669921875)]","[(0, 1758.4005126953125), (1, 1688.7293701171875)]","[(0, 2901.029052734375), (1, 2840.406982421875)]","[(0, 3001.4169921875), (1, 1725.492919921875)]","[(0, 4588.56689453125), (1, 4327.87646484375)]","[(0, 4864.81201171875), (1, 5206.59375)]","[(0, 1113.470947265625), (1, 842.6363525390625)]","[(0, 1327.4603271484375), (1, 1218.6038818359375)]","[(0, 1348.9068603515625), (1, 1728.9791259765625)]","[(0, 1815.689208984375), (1, 1677.048828125)]"
2,"[(0, 1418.286865234375), (1, 1858.3359375)]","[(0, 1509.135986328125), (1, 1540.7725830078125)]","[(0, 2042.067138671875), (1, 2100.30322265625)]","[(0, 2963.351806640625), (1, 3145.530029296875)]","[(0, 1425.8231201171875), (1, 1293.5458984375)]","[(0, 5822.8173828125), (1, 6373.69970703125)]","[(0, 2071.98193359375), (1, 1926.756591796875)]","[(0, 818.412841796875), (1, 930.4187622070312)]","[(0, 1380.9178466796875), (1, 1618.78173828125)]","[(0, 3397.5498046875), (1, 3815.52978515625)]","[(0, 2214.9453125), (1, 2092.44921875)]"
3,"[(0, 1815.53173828125), (1, 2432.5009765625)]","[(0, 1500.8258056640625), (1, 1483.39794921875)]","[(0, 6147.37060546875), (1, 6277.662109375)]","[(0, 4614.86328125), (1, 4689.25341796875)]","[(0, 1370.2412109375), (1, 1270.158935546875)]","[(0, 4736.4912109375), (1, 5059.49169921875)]","[(0, 4731.5791015625), (1, 5146.828125)]","[(0, 2525.624755859375), (1, 2258.0732421875)]","[(0, 698.302978515625), (1, 1084.8389892578125)]","[(0, 1511.7418212890625), (1, 1323.984130859375)]","[(0, 3698.01123046875), (1, 3240.3046875)]"
4,"[(0, 1628.0126953125), (1, 1928.5665283203125)]","[(0, 975.1931762695312), (1, 835.9801025390625)]","[(0, 5981.81787109375), (1, 6079.12451171875)]","[(0, 3961.908447265625), (1, 4060.242919921875)]","[(0, 4219.51318359375), (1, 2572.820068359375)]","[(0, 3743.76513671875), (1, 3500.475341796875)]","[(0, 3285.214111328125), (1, 3167.734619140625)]","[(0, 1606.40478515625), (1, 1385.166748046875)]","[(0, 1420.748046875), (1, 2275.72265625)]","[(0, 581.34423828125), (1, 584.5160522460938)]","[(0, 3000.824462890625), (1, 2547.08837890625)]"
5,"[(0, 1261.0445556640625), (1, 1610.2215576171875)]","[(0, 558.9117431640625), (1, 478.7286682128906)]","[(0, 3237.944580078125), (1, 3305.1689453125)]","[(0, 2860.467041015625), (1, 2962.24853515625)]","[(0, 4925.50439453125), (1, 2993.584228515625)]","[(0, 4204.7626953125), (1, 4598.0068359375)]","[(0, 4267.96923828125), (1, 4612.28466796875)]","[(0, 1680.7041015625), (1, 1750.37451171875)]","[(0, 1562.431640625), (1, 1575.3536376953125)]","[(0, 990.9536743164062), (1, 1173.6109619140625)]","[(0, 2091.54345703125), (1, 1987.248291015625)]"
6,"[(0, 1397.81591796875), (1, 1792.9296875)]","[(0, 1923.2906494140625), (1, 2084.84716796875)]","[(0, 1771.9061279296875), (1, 1763.392333984375)]","[(0, 2590.30029296875), (1, 2858.410888671875)]","[(0, 2256.29931640625), (1, 2006.8095703125)]","[(0, 3383.53271484375), (1, 3187.392578125)]","[(0, 6778.4169921875), (1, 7241.3623046875)]","[(0, 1286.7205810546875), (1, 1101.762451171875)]","[(0, 2241.095703125), (1, 1694.6842041015625)]","[(0, 2692.169921875), (1, 2315.90576171875)]","[(0, 3446.20556640625), (1, 2949.67578125)]"
7,"[(0, 1337.7645263671875), (1, 1676.9423828125)]","[(0, 2568.499267578125), (1, 3019.388916015625)]","[(0, 1559.169677734375), (1, 1762.46826171875)]","[(0, 6171.61865234375), (1, 6236.8330078125)]","[(0, 2285.872802734375), (1, 1972.9798583984375)]","[(0, 2426.27197265625), (1, 2940.446533203125)]","[(0, 5550.81640625), (1, 5953.9697265625)]","[(0, 1809.79931640625), (1, 2009.6812744140625)]","[(0, 855.7153930664062), (1, 963.0936279296875)]","[(0, 1893.25341796875), (1, 2190.364013671875)]","[(0, 3213.947998046875), (1, 2680.653564453125)]"
8,"[(0, 2038.4986572265625), (1, 2659.72412109375)]","[(0, 1978.9892578125), (1, 2248.2626953125)]","[(0, 5018.75390625), (1, 4713.58154296875)]","[(0, 4230.6748046875), (1, 4239.5966796875)]","[(0, 4157.1708984375), (1, 2540.596435546875)]","[(0, 3638.35693359375), (1, 3104.619873046875)]","[(0, 3409.1953125), (1, 3139.404296875)]","[(0, 963.57861328125), (1, 996.405517578125)]","[(0, 2525.110595703125), (1, 3277.4189453125)]","[(0, 2206.471923828125), (1, 1885.637451171875)]","[(0, 1189.60498046875), (1, 1105.64013671875)]"
9,"[(0, 1696.702392578125), (1, 2150.482666015625)]","[(0, 1380.51416015625), (1, 1430.14697265625)]","[(0, 2774.021484375), (1, 2665.150390625)]","[(0, 6217.22412109375), (1, 6424.10595703125)]","[(0, 1501.6998291015625), (1, 1348.5499267578125)]","[(0, 2790.36328125), (1, 2600.0810546875)]","[(0, 3902.393310546875), (1, 4164.388671875)]","[(0, 1580.43310546875), (1, 1302.466064453125)]","[(0, 673.7867431640625), (1, 1137.094970703125)]","[(0, 3186.501953125), (1, 2170.50244140625)]","[(0, 2335.259765625), (1, 2241.058349609375)]"
10,"[(0, 1477.618896484375), (1, 1943.226318359375)]","[(0, 660.0198974609375), (1, 578.0421142578125)]","[(0, 7094.10009765625), (1, 7240.15380859375)]","[(0, 2576.885498046875), (1, 2746.68212890625)]","[(0, 1069.8106689453125), (1, 974.40673828125)]","[(0, 1921.0211181640625), (1, 2058.08447265625)]","[(0, 4943.41015625), (1, 5334.86474609375)]","[(0, 1348.158447265625), (1, 1222.3546142578125)]","[(0, 2929.69677734375), (1, 2434.72900390625)]","[(0, 1806.6859130859375), (1, 1701.40625)]","[(0, 3114.95263671875), (1, 2518.289306640625)]"
11,"[(0, 1541.5118408203125), (1, 2085.5849609375)]","[(0, 589.8566284179688), (1, 514.8502197265625)]","[(0, 1513.9173583984375), (1, 1370.514404296875)]","[(0, 2766.601806640625), (1, 2981.142822265625)]","[(0, 2083.306640625), (1, 1306.33544921875)]","[(0, 5544.64208984375), (1, 5951.13720703125)]","[(0, 4891.4638671875), (1, 5116.0810546875)]","[(0, 1433.7193603515625), (1, 1172.4056396484375)]","[(0, 888.1690673828125), (1, 1295.723388671875)]","[(0, 1378.0037841796875), (1, 1627.68994140625)]","[(0, 2646.70458984375), (1, 2083.886962890625)]"
12,"[(0, 1717.0284423828125), (1, 2150.040771484375)]","[(0, 749.3251953125), (1, 848.85986328125)]","[(0, 5849.79541015625), (1, 6320.03564453125)]","[(0, 3719.554931640625), (1, 3399.283935546875)]","[(0, 1965.8231201171875), (1, 1778.287353515625)]","[(0, 6078.57373046875), (1, 5681.306640625)]","[(0, 4191.287109375), (1, 3777.343994140625)]","[(0, 2071.214599609375), (1, 1956.1937255859375)]","[(0, 859.2661743164062), (1, 1222.4736328125)]","[(0, 2540.003173828125), (1, 1915.1832275390625)]","[(0, 2917.341064453125), (1, 2356.067138671875)]"
13,"[(0, 1462.0841064453125), (1, 1814.3616943359375)]","[(0, 846.9345703125), (1, 1080.190673828125)]","[(0, 3154.755859375), (1, 3392.016845703125)]","[(0, 7042.41162109375), (1, 7302.46728515625)]","[(0, 1996.350830078125), (1, 1786.4754638671875)]","[(0, 3686.525146484375), (1, 3560.829345703125)]","[(0, 3282.423583984375), (1, 3483.650634765625)]","[(0, 816.782470703125), (1, 666.2481689453125)]","[(0, 1619.8819580078125), (1, 1247.2012939453125)]","[(0, 3073.34375), (1, 3308.0166015625)]","[(0, 1640.90966796875), (1, 1398.8521728515625)]"
14,"[(0, 1775.1341552734375), (1, 2161.07275390625)]","[(0, 809.6552734375), (1, 1006.9271240234375)]","[(0, 1917.626708984375), (1, 1813.27197265625)]","[(0, 7823.59228515625), (1, 7862.734375)]","[(0, 2363.187255859375), (1, 1393.8995361328125)]","[(0, 4480.1318359375), (1, 4619.97119140625)]","[(0, 2745.20263671875), (1, 2567.869873046875)]","[(0, 1622.4383544921875), (1, 1605.0303955078125)]","[(0, 1773.6500244140625), (1, 1540.2811279296875)]","[(0, 1936.330810546875), (1, 2132.506591796875)]","[(0, 3597.776611328125), (1, 3024.781494140625)]"
15,"[(0, 1695.756103515625), (1, 2190.575927734375)]","[(0, 766.068115234375), (1, 847.8206787109375)]","[(0, 1566.8507080078125), (1, 1436.5799560546875)]","[(0, 2469.0146484375), (1, 2866.044189453125)]","[(0, 1164.957763671875), (1, 1058.624267578125)]","[(0, 6231.5595703125), (1, 6624.30712890625)]","[(0, 3490.0419921875), (1, 3770.98388671875)]","[(0, 1490.392333984375), (1, 1586.0067138671875)]","[(0, 1807.9466552734375), (1, 1835.4425048828125)]","[(0, 1127.858154296875), (1, 1187.9638671875)]","[(0, 1283.3350830078125), (1, 1174.0106201171875)]"
16,"[(0, 1830.8857421875), (1, 2401.767822265625)]","[(0, 706.1484375), (1, 629.7755737304688)]","[(0, 4137.82568359375), (1, 4284.86572265625)]","[(0, 3262.35693359375), (1, 3131.035400390625)]","[(0, 1478.8524169921875), (1, 1356.8428955078125)]","[(0, 5070.87255859375), (1, 4760.50537109375)]","[(0, 6495.23388671875), (1, 6590.4755859375)]","[(0, 1563.62646484375), (1, 1318.30810546875)]","[(0, 960.0142822265625), (1, 877.3303833007812)]","[(0, 1763.26025390625), (1, 1660.492919921875)]","[(0, 2216.00048828125), (1, 2038.791259765625)]"
17,"[(0, 1512.278076171875), (1, 1870.33544921875)]","[(0, 823.966552734375), (1, 723.8366088867188)]","[(0, 4704.43359375), (1, 4876.84765625)]","[(0, 1745.278076171875), (1, 1757.588134765625)]","[(0, 1440.101806640625), (1, 1319.919677734375)]","[(0, 3471.873291015625), (1, 3325.987548828125)]","[(0, 5482.2197265625), (1, 5839.02685546875)]","[(0, 1656.0845947265625), (1, 1343.2674560546875)]","[(0, 2522.3642578125), (1, 2270.099853515625)]","[(0, 2539.249755859375), (1, 2772.244384765625)]","[(0, 3352.489013671875), (1, 2642.09228515625)]"
18,"[(0, 1350.4361572265625), (1, 1764.8642578125)]","[(0, 912.1378784179688), (1, 1208.6888427734375)]","[(0, 4328.578125), (1, 4414.1455078125)]","[(0, 2750.599853515625), (1, 3022.071044921875)]","[(0, 3984.6357421875), (1, 2389.059326171875)]","[(0, 4707.220703125), (1, 4935.70361328125)]","[(0, 5087.92822265625), (1, 5962.8232421875)]","[(0, 2817.6240234375), (1, 3028.054443359375)]","[(0, 1837.8140869140625), (1, 1924.21435546875)]","[(0, 1749.169677734375), (1, 1606.6192626953125)]","[(0, 1201.3994140625), (1, 1153.490234375)]"
19,"[(0, 1680.6953125), (1, 2014.4794921875)]","[(0, 1159.0107421875), (1, 1683.24169921875)]","[(0, 3793.5673828125), (1, 4060.04541015625)]","[(0, 2647.936767578125), (1, 2535.084228515625)]","[(0, 1014.6668090820312), (1, 957.6664428710938)]","[(0, 5180.5263671875), (1, 4933.03076171875)]","[(0, 3825.739013671875), (1, 4599.43701171875)]","[(0, 1896.2158203125), (1, 1743.6029052734375)]","[(0, 912.3671264648438), (1, 636.8248901367188)]","[(0, 1331.7113037109375), (1, 1111.92431640625)]","[(0, 3264.759765625), (1, 2577.8759765625)]"
20,"[(0, 1584.3197021484375), (1, 1890.556884765625)]","[(0, 1045.654541015625), (1, 1419.42626953125)]","[(0, 5485.2216796875), (1, 5363.85205078125)]","[(0, 2814.061767578125), (1, 2862.898681640625)]","[(0, 3926.587646484375), (1, 2304.72412109375)]","[(0, 9714.54296875), (1, 10449.173828125)]","[(0, 3696.551513671875), (1, 3747.197998046875)]","[(0, 1292.2445068359375), (1, 1349.583740234375)]","[(0, 1324.2127685546875), (1, 1010.777099609375)]","[(0, 1524.0728759765625), (1, 1914.177001953125)]","[(0, 3228.6357421875), (1, 2677.75634765625)]"
21,"[(0, 1533.707763671875), (1, 1988.8912353515625)]","[(0, 975.9895629882812), (1, 1094.191162109375)]","[(0, 1373.6993408203125), (1, 1242.1884765625)]","[(0, 2933.679443359375), (1, 2959.33154296875)]","[(0, 1462.61962890625), (1, 1411.1773681640625)]","[(0, 3697.916015625), (1, 3997.733154296875)]","[(0, 2535.52685546875), (1, 2598.751220703125)]","[(0, 1274.2342529296875), (1, 1231.7838134765625)]","[(0, 2189.082763671875), (1, 2048.0146484375)]","[(0, 930.3761596679688), (1, 1074.58935546875)]","[(0, 3027.27490234375), (1, 2434.554931640625)]"
22,"[(0, 1831.5205078125), (1, 2189.9462890625)]","[(0, 613.7909545898438), (1, 540.2418823242188)]","[(0, 2822.429931640625), (1, 2851.602783203125)]","[(0, 7100.306640625), (1, 6939.6259765625)]","[(0, 3054.628173828125), (1, 1934.65576171875)]","[(0, 7148.08984375), (1, 6700.10400390625)]","[(0, 4555.9423828125), (1, 4764.00244140625)]","[(0, 1752.5853271484375), (1, 1863.44873046875)]","[(0, 1707.5067138671875), (1, 1692.37548828125)]","[(0, 1827.6722412109375), (1, 1800.8338623046875)]","[(0, 1240.564208984375), (1, 1157.6702880859375)]"
23,"[(0, 1944.474853515625), (1, 2655.736083984375)]","[(0, 1514.565673828125), (1, 1543.47802734375)]","[(0, 1187.4892578125), (1, 1365.9708251953125)]","[(0, 4680.4384765625), (1, 4903.79443359375)]","[(0, 1445.596923828125), (1, 1342.6302490234375)]","[(0, 8154.4501953125), (1, 7730.4091796875)]","[(0, 2636.046630859375), (1, 2815.18505859375)]","[(0, 1530.42626953125), (1, 1849.664306640625)]","[(0, 1655.9417724609375), (1, 1297.1854248046875)]","[(0, 847.3089599609375), (1, 991.6618041992188)]","[(0, 3990.922119140625), (1, 3477.29443359375)]"
24,"[(0, 1551.64013671875), (1, 1994.532470703125)]","[(0, 1711.23486328125), (1, 1793.0228271484375)]","[(0, 7240.6513671875), (1, 7692.78466796875)]","[(0, 1663.42431640625), (1, 1573.5750732421875)]","[(0, 2438.10986328125), (1, 1466.385009765625)]","[(0, 3514.564697265625), (1, 3773.185302734375)]","[(0, 1700.1014404296875), (1, 1621.8397216796875)]","[(0, 1949.383056640625), (1, 2058.872802734375)]","[(0, 2243.031982421875), (1, 2287.690673828125)]","[(0, 1220.667236328125), (1, 1753.0474853515625)]","[(0, 2509.802978515625), (1, 1967.9447021484375)]"
25,"[(0, 2088.03564453125), (1, 2759.89501953125)]","[(0, 1730.3310546875), (1, 1743.768310546875)]","[(0, 7652.0732421875), (1, 8337.1337890625)]","[(0, 5180.41748046875), (1, 5223.4189453125)]","[(0, 2518.404541015625), (1, 1715.88330078125)]","[(0, 3158.70263671875), (1, 3319.84619140625)]","[(0, 2408.22314453125), (1, 2517.90625)]","[(0, 1142.59375), (1, 1126.8824462890625)]","[(0, 3698.346435546875), (1, 2506.129150390625)]","[(0, 832.0203857421875), (1, 990.5426635742188)]","[(0, 2836.414306640625), (1, 2288.235107421875)]"
26,"[(0, 1630.166015625), (1, 2131.76953125)]","[(0, 1303.2127685546875), (1, 1260.6885986328125)]","[(0, 6633.6884765625), (1, 6207.94580078125)]","[(0, 5680.494140625), (1, 5533.10546875)]","[(0, 3594.466796875), (1, 2327.98193359375)]","[(0, 3811.9580078125), (1, 3814.4853515625)]","[(0, 4217.82373046875), (1, 4179.7470703125)]","[(0, 1442.9049072265625), (1, 1755.0263671875)]","[(0, 1277.5262451171875), (1, 951.5042114257812)]","[(0, 1375.4967041015625), (1, 1073.9608154296875)]","[(0, 3669.77197265625), (1, 3040.981689453125)]"
27,"[(0, 1637.6180419921875), (1, 2216.544921875)]","[(0, 631.744384765625), (1, 557.6988525390625)]","[(0, 3400.655517578125), (1, 2928.361328125)]","[(0, 5051.830078125), (1, 5228.9609375)]","[(0, 1735.0826416015625), (1, 1546.224853515625)]","[(0, 4492.84814453125), (1, 4980.00146484375)]","[(0, 3858.974853515625), (1, 3797.1689453125)]","[(0, 1825.0203857421875), (1, 2231.598876953125)]","[(0, 1590.05419921875), (1, 1761.5660400390625)]","[(0, 2298.24169921875), (1, 2579.978759765625)]","[(0, 1476.169677734375), (1, 1405.200439453125)]"
28,"[(0, 1504.1680908203125), (1, 1897.283935546875)]","[(0, 1429.527099609375), (1, 1514.2227783203125)]","[(0, 1784.36669921875), (1, 1757.8380126953125)]","[(0, 2709.193115234375), (1, 2710.2060546875)]","[(0, 1707.4481201171875), (1, 1510.6666259765625)]","[(0, 5018.98876953125), (1, 4600.3623046875)]","[(0, 5839.02685546875), (1, 7004.85400390625)]","[(0, 993.7289428710938), (1, 1202.5582275390625)]","[(0, 1051.696044921875), (1, 1038.3421630859375)]","[(0, 2564.241943359375), (1, 2147.1455078125)]","[(0, 3729.3974609375), (1, 3289.493408203125)]"
29,"[(0, 2140.110107421875), (1, 2836.533203125)]","[(0, 718.1926879882812), (1, 583.0624389648438)]","[(0, 1688.1995849609375), (1, 1780.6141357421875)]","[(0, 2794.604248046875), (1, 2776.472412109375)]","[(0, 5115.49560546875), (1, 3129.7099609375)]","[(0, 2606.8916015625), (1, 2431.06201171875)]","[(0, 4396.44970703125), (1, 4989.41455078125)]","[(0, 2189.3154296875), (1, 2197.255615234375)]","[(0, 3344.827880859375), (1, 3464.808349609375)]","[(0, 2264.684326171875), (1, 2023.681640625)]","[(0, 2333.8583984375), (1, 2135.950439453125)]"
30,"[(0, 2013.2896728515625), (1, 2538.494384765625)]","[(0, 712.784423828125), (1, 621.07080078125)]","[(0, 8147.7802734375), (1, 8256.6953125)]","[(0, 4937.37451171875), (1, 4850.404296875)]","[(0, 5511.14013671875), (1, 3332.4072265625)]","[(0, 2949.05126953125), (1, 3331.816162109375)]","[(0, 1839.5850830078125), (1, 1695.6121826171875)]","[(0, 1286.332763671875), (1, 1503.00439453125)]","[(0, 1489.8551025390625), (1, 1496.119873046875)]","[(0, 1871.3470458984375), (1, 1489.844482421875)]","[(0, 2978.242919921875), (1, 2691.934814453125)]"
31,"[(0, 2312.617431640625), (1, 3018.251953125)]","[(0, 1710.90625), (1, 1797.9542236328125)]","[(0, 2669.51416015625), (1, 2723.841796875)]","[(0, 2035.569091796875), (1, 2091.150634765625)]","[(0, 2176.946533203125), (1, 2024.64794921875)]","[(0, 5944.78955078125), (1, 5638.755859375)]","[(0, 1641.65869140625), (1, 1738.9183349609375)]","[(0, 1332.99267578125), (1, 926.0001831054688)]","[(0, 1475.0333251953125), (1, 1342.564453125)]","[(0, 2023.994384765625), (1, 2730.75146484375)]","[(0, 1840.8328857421875), (1, 1691.9075927734375)]"
32,"[(0, 1823.619140625), (1, 2307.217041015625)]","[(0, 1883.822998046875), (1, 2097.909912109375)]","[(0, 2257.346435546875), (1, 2424.851806640625)]","[(0, 4490.88623046875), (1, 4437.41015625)]","[(0, 2155.312744140625), (1, 2070.39892578125)]","[(0, 6256.37890625), (1, 6965.46484375)]","[(0, 3624.255126953125), (1, 4096.17236328125)]","[(0, 1237.1485595703125), (1, 989.5564575195312)]","[(0, 1149.05517578125), (1, 1323.2716064453125)]","[(0, 1300.9805908203125), (1, 1134.0350341796875)]","[(0, 3246.070068359375), (1, 2817.510009765625)]"
33,"[(0, 2367.652587890625), (1, 2953.498291015625)]","[(0, 2011.9219970703125), (1, 2126.31884765625)]","[(0, 5845.03857421875), (1, 5695.66650390625)]","[(0, 3346.755126953125), (1, 3599.763427734375)]","[(0, 7078.54931640625), (1, 4310.0419921875)]","[(0, 5049.7783203125), (1, 5529.65576171875)]","[(0, 2521.71142578125), (1, 2670.286865234375)]","[(0, 1149.5565185546875), (1, 1310.94189453125)]","[(0, 1500.4794921875), (1, 1058.0162353515625)]","[(0, 3037.33544921875), (1, 2490.7666015625)]","[(0, 1157.144775390625), (1, 1057.7371826171875)]"
34,"[(0, 1116.65673828125), (1, 1324.5626220703125)]","[(0, 1567.155517578125), (1, 1530.7313232421875)]","[(0, 3431.104248046875), (1, 3739.782958984375)]","[(0, 5377.8193359375), (1, 5655.4189453125)]","[(0, 2051.152099609375), (1, 1426.518798828125)]","[(0, 7735.365234375), (1, 7347.6435546875)]","[(0, 2649.859130859375), (1, 2502.565673828125)]","[(0, 1929.0650634765625), (1, 2298.472900390625)]","[(0, 815.12890625), (1, 1264.46875)]","[(0, 1540.8026123046875), (1, 1219.8985595703125)]","[(0, 2150.07666015625), (1, 2101.15869140625)]"
35,"[(0, 1820.7301025390625), (1, 2371.98046875)]","[(0, 2125.828125), (1, 2101.50439453125)]","[(0, 7804.6044921875), (1, 8153.345703125)]","[(0, 3729.40087890625), (1, 3683.481689453125)]","[(0, 1000.5634155273438), (1, 964.2506103515625)]","[(0, 6590.96533203125), (1, 6466.04345703125)]","[(0, 4712.26904296875), (1, 5041.4873046875)]","[(0, 2801.7119140625), (1, 3456.501220703125)]","[(0, 2752.302734375), (1, 2479.87109375)]","[(0, 2618.118408203125), (1, 2616.392333984375)]","[(0, 2474.04931640625), (1, 2291.166748046875)]"
36,"[(0, 1470.84033203125), (1, 1904.953125)]","[(0, 2599.69921875), (1, 2685.93798828125)]","[(0, 2310.07568359375), (1, 2391.09619140625)]","[(0, 3228.370849609375), (1, 2996.45751953125)]","[(0, 1742.2647705078125), (1, 1657.9786376953125)]","[(0, 3166.67724609375), (1, 3504.517333984375)]","[(0, 4746.6064453125), (1, 5795.54345703125)]","[(0, 2406.099609375), (1, 2835.808349609375)]","[(0, 1442.2562255859375), (1, 1455.04638671875)]","[(0, 816.8241577148438), (1, 849.6373901367188)]","[(0, 3080.6416015625), (1, 2615.427001953125)]"
37,"[(0, 1759.820556640625), (1, 2107.60986328125)]","[(0, 2189.810546875), (1, 2240.251708984375)]","[(0, 3388.09521484375), (1, 3230.083251953125)]","[(0, 2052.26708984375), (1, 2076.2109375)]","[(0, 1715.7557373046875), (1, 1498.882568359375)]","[(0, 2994.035400390625), (1, 3202.453369140625)]","[(0, 3221.930419921875), (1, 4058.733154296875)]","[(0, 1598.546630859375), (1, 1270.964111328125)]","[(0, 1136.44775390625), (1, 1475.0396728515625)]","[(0, 2149.83056640625), (1, 2353.489013671875)]","[(0, 2342.6533203125), (1, 2176.95068359375)]"
38,"[(0, 1119.2540283203125), (1, 1304.8656005859375)]","[(0, 1663.3045654296875), (1, 1642.2928466796875)]","[(0, 1174.88818359375), (1, 1311.841064453125)]","[(0, 3518.73681640625), (1, 3554.206787109375)]","[(0, 3175.84130859375), (1, 1833.80322265625)]","[(0, 2788.31884765625), (1, 2591.969482421875)]","[(0, 2335.31005859375), (1, 2380.728271484375)]","[(0, 1892.2452392578125), (1, 2295.264892578125)]","[(0, 1717.9219970703125), (1, 1680.2025146484375)]","[(0, 1600.9600830078125), (1, 1363.489501953125)]","[(0, 4679.49658203125), (1, 4115.09130859375)]"
39,"[(0, 1450.8956298828125), (1, 1736.7183837890625)]","[(0, 612.7794189453125), (1, 539.9181518554688)]","[(0, 7297.9208984375), (1, 6940.36083984375)]","[(0, 3849.15380859375), (1, 3951.57275390625)]","[(0, 2608.311767578125), (1, 1472.7843017578125)]","[(0, 1863.728759765625), (1, 1732.12890625)]","[(0, 2447.29638671875), (1, 2943.976318359375)]","[(0, 972.1192626953125), (1, 822.08984375)]","[(0, 1745.2490234375), (1, 1941.60546875)]","[(0, 1359.7666015625), (1, 1579.5877685546875)]","[(0, 3675.449462890625), (1, 2971.30224609375)]"
40,"[(0, 2190.778564453125), (1, 2792.8486328125)]","[(0, 518.0972900390625), (1, 450.8226013183594)]","[(0, 2757.208984375), (1, 2480.1123046875)]","[(0, 1721.93798828125), (1, 1898.5166015625)]","[(0, 1269.851318359375), (1, 1260.091796875)]","[(0, 4410.1396484375), (1, 4488.61669921875)]","[(0, 2683.488037109375), (1, 2695.407958984375)]","[(0, 1614.3216552734375), (1, 1711.674072265625)]","[(0, 1298.4404296875), (1, 1391.43115234375)]","[(0, 1594.8106689453125), (1, 1286.72607421875)]","[(0, 2868.739501953125), (1, 2511.495849609375)]"
41,"[(0, 1222.830322265625), (1, 1622.98388671875)]","[(0, 879.0316772460938), (1, 783.2621459960938)]","[(0, 6305.0458984375), (1, 6266.9189453125)]","[(0, 2545.962890625), (1, 2712.01708984375)]","[(0, 1210.3204345703125), (1, 1203.8739013671875)]","[(0, 2378.169677734375), (1, 2626.7490234375)]","[(0, 3227.721435546875), (1, 3462.261474609375)]","[(0, 1691.360595703125), (1, 1946.7041015625)]","[(0, 1490.746337890625), (1, 1493.343017578125)]","[(0, 1882.31640625), (1, 1866.6041259765625)]","[(0, 1072.930908203125), (1, 1010.2142333984375)]"
42,"[(0, 1437.0087890625), (1, 1859.269287109375)]","[(0, 1856.5335693359375), (1, 2008.446533203125)]","[(0, 2933.6611328125), (1, 2901.801025390625)]","[(0, 5080.57275390625), (1, 5061.47509765625)]","[(0, 3630.509521484375), (1, 2265.8388671875)]","[(0, 2410.870361328125), (1, 2045.367919921875)]","[(0, 4315.0595703125), (1, 4519.53515625)]","[(0, 1349.2119140625), (1, 1228.68701171875)]","[(0, 979.083251953125), (1, 845.1574096679688)]","[(0, 1315.45849609375), (1, 1427.436767578125)]","[(0, 3752.837646484375), (1, 3159.73291015625)]"
43,"[(0, 1465.741943359375), (1, 1749.7545166015625)]","[(0, 2438.167724609375), (1, 2836.6279296875)]","[(0, 4611.19384765625), (1, 5208.4658203125)]","[(0, 3686.177001953125), (1, 3829.747314453125)]","[(0, 4363.22265625), (1, 2657.277587890625)]","[(0, 1933.540771484375), (1, 2075.173828125)]","[(0, 3143.30810546875), (1, 3547.636962890625)]","[(0, 1644.8909912109375), (1, 1937.7012939453125)]","[(0, 940.2587890625), (1, 1053.069091796875)]","[(0, 1305.47802734375), (1, 2069.5087890625)]","[(0, 2764.2783203125), (1, 2570.381103515625)]"
44,"[(0, 1874.8338623046875), (1, 2561.521484375)]","[(0, 1917.317626953125), (1, 2180.06201171875)]","[(0, 2141.489013671875), (1, 2307.399658203125)]","[(0, 1321.8602294921875), (1, 1368.50830078125)]","[(0, 5337.8271484375), (1, 3115.989501953125)]","[(0, 2806.10400390625), (1, 2741.75537109375)]","[(0, 4337.3095703125), (1, 4050.771240234375)]","[(0, 1820.333251953125), (1, 1537.047119140625)]","[(0, 1412.354736328125), (1, 1164.3328857421875)]","[(0, 2144.95751953125), (1, 2604.179443359375)]","[(0, 1736.7381591796875), (1, 1668.4105224609375)]"
45,"[(0, 2496.702880859375), (1, 3320.6376953125)]","[(0, 1126.4091796875), (1, 1156.062744140625)]","[(0, 7134.4755859375), (1, 6984.85546875)]","[(0, 2079.932861328125), (1, 2337.51025390625)]","[(0, 4181.904296875), (1, 3994.627197265625)]","[(0, 2673.7412109375), (1, 2489.741943359375)]","[(0, 2349.06396484375), (1, 2488.632080078125)]","[(0, 2179.7978515625), (1, 2399.608642578125)]","[(0, 930.3379516601562), (1, 1000.9780883789062)]","[(0, 891.6065673828125), (1, 985.1643676757812)]","[(0, 4023.297607421875), (1, 3481.349365234375)]"
46,"[(0, 1357.3243408203125), (1, 1645.859130859375)]","[(0, 521.0738525390625), (1, 469.2071533203125)]","[(0, 4213.04345703125), (1, 4089.41943359375)]","[(0, 2019.1282958984375), (1, 1949.2510986328125)]","[(0, 3986.38818359375), (1, 3777.51318359375)]","[(0, 4374.638671875), (1, 4646.62451171875)]","[(0, 3566.10693359375), (1, 3276.4501953125)]","[(0, 1044.467041015625), (1, 1094.1427001953125)]","[(0, 3475.553955078125), (1, 3263.04150390625)]","[(0, 3839.06103515625), (1, 2691.624267578125)]","[(0, 2316.611572265625), (1, 2095.5615234375)]"
47,"[(0, 1970.722412109375), (1, 2501.920166015625)]","[(0, 692.52099609375), (1, 592.744140625)]","[(0, 6144.193359375), (1, 6136.5458984375)]","[(0, 3427.29443359375), (1, 3833.8544921875)]","[(0, 4044.217041015625), (1, 2494.44287109375)]","[(0, 3586.139892578125), (1, 3682.1083984375)]","[(0, 4253.77099609375), (1, 4656.9921875)]","[(0, 1036.5458984375), (1, 1010.3751831054688)]","[(0, 1189.7586669921875), (1, 1071.20361328125)]","[(0, 2127.66064453125), (1, 2445.568603515625)]","[(0, 2082.86083984375), (1, 1990.05810546875)]"
48,"[(0, 2031.1875), (1, 2763.019775390625)]","[(0, 916.384521484375), (1, 778.2833251953125)]","[(0, 1694.9259033203125), (1, 1785.999267578125)]","[(0, 2139.501953125), (1, 2112.070556640625)]","[(0, 3426.51953125), (1, 2108.3828125)]","[(0, 3964.066162109375), (1, 3808.407958984375)]","[(0, 2436.880126953125), (1, 2159.000244140625)]","[(0, 747.3971557617188), (1, 757.6707763671875)]","[(0, 987.87158203125), (1, 976.1124877929688)]","[(0, 926.7383422851562), (1, 1081.9097900390625)]","[(0, 2421.062255859375), (1, 2265.85302734375)]"
49,"[(0, 2310.08251953125), (1, 2997.40380859375)]","[(0, 975.5186767578125), (1, 923.3463134765625)]","[(0, 3436.255126953125), (1, 3525.908447265625)]","[(0, 1728.90087890625), (1, 1809.4222412109375)]","[(0, 2720.70458984375), (1, 2600.932861328125)]","[(0, 7728.62548828125), (1, 7516.96875)]","[(0, 2319.03857421875), (1, 2566.950439453125)]","[(0, 3369.8916015625), (1, 2840.138671875)]","[(0, 1176.837158203125), (1, 945.9525146484375)]","[(0, 2069.19189453125), (1, 2173.665771484375)]","[(0, 1869.501708984375), (1, 1861.502197265625)]"
50,"[(0, 2029.1798095703125), (1, 2575.096923828125)]","[(0, 1041.82470703125), (1, 1004.1121826171875)]","[(0, 2465.660400390625), (1, 2405.13134765625)]","[(0, 2799.70458984375), (1, 3073.235107421875)]","[(0, 2543.839111328125), (1, 2368.287109375)]","[(0, 5250.32275390625), (1, 5425.65087890625)]","[(0, 5068.7158203125), (1, 5472.66552734375)]","[(0, 2190.3837890625), (1, 1755.7203369140625)]","[(0, 1584.6151123046875), (1, 1664.661376953125)]","[(0, 1241.8135986328125), (1, 1180.8731689453125)]","[(0, 1859.342041015625), (1, 1763.3787841796875)]"
51,"[(0, 1917.99609375), (1, 2590.271728515625)]","[(0, 1010.6329345703125), (1, 1051.7120361328125)]","[(0, 3948.736328125), (1, 4011.933349609375)]","[(0, 3669.67041015625), (1, 3981.008544921875)]","[(0, 5082.3125), (1, 3161.36962890625)]","[(0, 3463.800537109375), (1, 3955.309326171875)]","[(0, 3153.868408203125), (1, 3259.952880859375)]","[(0, 1476.1485595703125), (1, 1480.5755615234375)]","[(0, 1559.1502685546875), (1, 1675.30322265625)]","[(0, 1685.0751953125), (1, 1396.9564208984375)]","[(0, 2268.07763671875), (1, 2029.111083984375)]"
52,"[(0, 1611.0858154296875), (1, 2203.421875)]","[(0, 1889.80517578125), (1, 1912.6588134765625)]","[(0, 2632.69287109375), (1, 2652.64306640625)]","[(0, 3827.7353515625), (1, 3864.480712890625)]","[(0, 4351.2802734375), (1, 2647.468505859375)]","[(0, 2709.32470703125), (1, 2322.003173828125)]","[(0, 2134.2939453125), (1, 2061.7275390625)]","[(0, 1829.52783203125), (1, 1579.8408203125)]","[(0, 1652.88232421875), (1, 1211.9779052734375)]","[(0, 1901.08935546875), (1, 2124.953369140625)]","[(0, 2179.025634765625), (1, 1961.4710693359375)]"
53,"[(0, 1742.300537109375), (1, 2234.17431640625)]","[(0, 2472.696533203125), (1, 2640.049560546875)]","[(0, 9413.26953125), (1, 9508.7021484375)]","[(0, 3917.510009765625), (1, 4217.8154296875)]","[(0, 2801.315185546875), (1, 2437.384521484375)]","[(0, 2962.44482421875), (1, 2689.5869140625)]","[(0, 2377.719482421875), (1, 2632.016357421875)]","[(0, 1002.86328125), (1, 1044.5606689453125)]","[(0, 1058.7044677734375), (1, 922.3961791992188)]","[(0, 1093.7509765625), (1, 1075.8167724609375)]","[(0, 936.29833984375), (1, 875.104248046875)]"
54,"[(0, 2017.4815673828125), (1, 2735.028076171875)]","[(0, 2137.935302734375), (1, 2181.813232421875)]","[(0, 2819.6171875), (1, 2784.451171875)]","[(0, 4560.55029296875), (1, 5050.2548828125)]","[(0, 2952.539306640625), (1, 2603.5859375)]","[(0, 4441.9619140625), (1, 4702.0341796875)]","[(0, 5863.2216796875), (1, 6382.37939453125)]","[(0, 2215.508056640625), (1, 2537.487548828125)]","[(0, 1220.2186279296875), (1, 1183.4600830078125)]","[(0, 916.4002685546875), (1, 769.9078369140625)]","[(0, 1600.7906494140625), (1, 1514.2279052734375)]"
55,"[(0, 1615.4366455078125), (1, 2117.530029296875)]","[(0, 1384.9852294921875), (1, 1400.9100341796875)]","[(0, 8109.53173828125), (1, 8207.4560546875)]","[(0, 3080.80908203125), (1, 3076.733642578125)]","[(0, 3108.72314453125), (1, 1895.3443603515625)]","[(0, 6283.31640625), (1, 6935.3583984375)]","[(0, 8291.2880859375), (1, 9569.7177734375)]","[(0, 2100.57666015625), (1, 2322.277587890625)]","[(0, 1249.1546630859375), (1, 1014.2899780273438)]","[(0, 1257.5364990234375), (1, 1280.6484375)]","[(0, 2620.0703125), (1, 2458.31396484375)]"
56,"[(0, 1300.8690185546875), (1, 1529.7177734375)]","[(0, 1763.906005859375), (1, 1889.078125)]","[(0, 3933.1015625), (1, 4281.091796875)]","[(0, 1850.6099853515625), (1, 1809.460205078125)]","[(0, 2596.644287109375), (1, 1569.4088134765625)]","[(0, 3823.495849609375), (1, 3545.03271484375)]","[(0, 2673.024658203125), (1, 2524.000732421875)]","[(0, 985.764404296875), (1, 889.8562622070312)]","[(0, 2304.39013671875), (1, 1778.8963623046875)]","[(0, 1581.8323974609375), (1, 2088.98095703125)]","[(0, 2394.71875), (1, 1987.4539794921875)]"
57,"[(0, 1882.9635009765625), (1, 2469.90966796875)]","[(0, 1580.21826171875), (1, 1580.1075439453125)]","[(0, 7161.8662109375), (1, 7395.4267578125)]","[(0, 4704.88232421875), (1, 4869.587890625)]","[(0, 1396.5908203125), (1, 1366.785888671875)]","[(0, 2980.297119140625), (1, 2738.005859375)]","[(0, 1107.44140625), (1, 1164.5206298828125)]","[(0, 880.3328857421875), (1, 692.2251586914062)]","[(0, 2255.69921875), (1, 2686.504150390625)]","[(0, 2991.943115234375), (1, 2917.325927734375)]","[(0, 1887.9451904296875), (1, 1728.1524658203125)]"
58,"[(0, 2083.970458984375), (1, 2722.5224609375)]","[(0, 1165.332763671875), (1, 1119.742431640625)]","[(0, 2879.687255859375), (1, 2774.528076171875)]","[(0, 3409.904296875), (1, 3687.4990234375)]","[(0, 1917.9156494140625), (1, 1806.7900390625)]","[(0, 4750.54150390625), (1, 5013.8984375)]","[(0, 8125.63330078125), (1, 8377.6708984375)]","[(0, 1177.35693359375), (1, 1043.7088623046875)]","[(0, 1635.2427978515625), (1, 1729.678466796875)]","[(0, 1680.8868408203125), (1, 1852.505615234375)]","[(0, 2082.4833984375), (1, 2005.60986328125)]"
59,"[(0, 2103.72119140625), (1, 2816.021728515625)]","[(0, 2604.220458984375), (1, 2511.074462890625)]","[(0, 6707.71826171875), (1, 6588.0556640625)]","[(0, 5442.13037109375), (1, 5485.23681640625)]","[(0, 2634.310302734375), (1, 1585.5107421875)]","[(0, 5189.2490234375), (1, 5594.875)]","[(0, 4336.52392578125), (1, 4539.474609375)]","[(0, 3130.74853515625), (1, 3129.038330078125)]","[(0, 537.7568359375), (1, 725.8665161132812)]","[(0, 1774.3116455078125), (1, 1531.422607421875)]","[(0, 1862.381103515625), (1, 1737.8291015625)]"
60,"[(0, 1274.452392578125), (1, 1560.3135986328125)]","[(0, 3485.6845703125), (1, 3559.270751953125)]","[(0, 6481.4716796875), (1, 6226.56396484375)]","[(0, 2037.90869140625), (1, 1944.7742919921875)]","[(0, 2719.2451171875), (1, 1585.68603515625)]","[(0, 4916.95361328125), (1, 4607.330078125)]","[(0, 4373.04541015625), (1, 4277.89599609375)]","[(0, 1320.9132080078125), (1, 1171.9119873046875)]","[(0, 2235.229248046875), (1, 1446.4532470703125)]","[(0, 1434.736328125), (1, 2026.0771484375)]","[(0, 4912.673828125), (1, 4098.4267578125)]"
61,"[(0, 1249.616943359375), (1, 1467.4427490234375)]","[(0, 2957.937744140625), (1, 3003.000244140625)]","[(0, 7850.33349609375), (1, 7615.20703125)]","[(0, 3201.06396484375), (1, 3586.256103515625)]","[(0, 1441.998291015625), (1, 1230.8719482421875)]","[(0, 3080.75048828125), (1, 2812.867919921875)]","[(0, 2773.010009765625), (1, 2899.79931640625)]","[(0, 1727.59228515625), (1, 1569.693115234375)]","[(0, 1709.86865234375), (1, 1526.11279296875)]","[(0, 2371.1708984375), (1, 3023.939208984375)]","[(0, 947.2254028320312), (1, 855.2870483398438)]"
62,"[(0, 1440.7054443359375), (1, 1683.948974609375)]","[(0, 1838.822998046875), (1, 1751.0673828125)]","[(0, 4119.81884765625), (1, 4342.9345703125)]","[(0, 6723.255859375), (1, 6523.40380859375)]","[(0, 1671.7288818359375), (1, 1419.91357421875)]","[(0, 7410.0400390625), (1, 8176.46435546875)]","[(0, 4982.8330078125), (1, 4722.458984375)]","[(0, 716.8093872070312), (1, 870.1775512695312)]","[(0, 1474.1712646484375), (1, 1047.0435791015625)]","[(0, 1819.0560302734375), (1, 1526.6419677734375)]","[(0, 2357.843017578125), (1, 1980.1512451171875)]"
63,"[(0, 2350.780517578125), (1, 3157.982666015625)]","[(0, 620.7847900390625), (1, 527.4298706054688)]","[(0, 2384.177490234375), (1, 2333.370849609375)]","[(0, 3106.165771484375), (1, 3109.66015625)]","[(0, 5077.12939453125), (1, 2952.757568359375)]","[(0, 3010.74267578125), (1, 3225.3671875)]","[(0, 3894.611572265625), (1, 4156.12841796875)]","[(0, 1886.7401123046875), (1, 1889.586181640625)]","[(0, 798.6051025390625), (1, 584.9066772460938)]","[(0, 3099.2802734375), (1, 3391.091796875)]","[(0, 2932.1396484375), (1, 2414.891357421875)]"
64,"[(0, 1145.28515625), (1, 1385.0478515625)]","[(0, 901.6869506835938), (1, 1086.0950927734375)]","[(0, 3723.970458984375), (1, 3638.822021484375)]","[(0, 3369.760009765625), (1, 3300.57666015625)]","[(0, 4658.7509765625), (1, 2679.25830078125)]","[(0, 2173.183837890625), (1, 2085.786865234375)]","[(0, 7394.4951171875), (1, 9416.90625)]","[(0, 1018.9786987304688), (1, 1166.5953369140625)]","[(0, 1140.581298828125), (1, 1055.2254638671875)]","[(0, 2052.470947265625), (1, 2029.4798583984375)]","[(0, 4864.890625), (1, 4275.68505859375)]"
65,"[(0, 1967.728759765625), (1, 2471.76513671875)]","[(0, 1102.435546875), (1, 1457.276611328125)]","[(0, 2872.826904296875), (1, 2841.3388671875)]","[(0, 3727.5517578125), (1, 3780.39990234375)]","[(0, 2627.945556640625), (1, 2462.60205078125)]","[(0, 2855.921875), (1, 2627.303955078125)]","[(0, 6985.30859375), (1, 8598.8310546875)]","[(0, 1358.0889892578125), (1, 1270.265625)]","[(0, 2194.70166015625), (1, 1932.4346923828125)]","[(0, 2149.573486328125), (1, 1839.34130859375)]","[(0, 2731.931396484375), (1, 2171.761474609375)]"
66,"[(0, 1769.2384033203125), (1, 2314.447509765625)]","[(0, 1042.4752197265625), (1, 1292.82568359375)]","[(0, 5782.029296875), (1, 5771.4677734375)]","[(0, 3574.240966796875), (1, 3666.361328125)]","[(0, 2366.173095703125), (1, 2189.763427734375)]","[(0, 4624.70556640625), (1, 4981.6689453125)]","[(0, 2677.709228515625), (1, 2442.572265625)]","[(0, 2484.676513671875), (1, 2542.75146484375)]","[(0, 1106.4300537109375), (1, 1124.8724365234375)]","[(0, 1778.7996826171875), (1, 1274.0921630859375)]","[(0, 3328.887939453125), (1, 2904.054443359375)]"
67,"[(0, 1965.5933837890625), (1, 2612.54150390625)]","[(0, 830.5972900390625), (1, 893.1937866210938)]","[(0, 3820.026123046875), (1, 3826.509033203125)]","[(0, 2729.03955078125), (1, 2707.032470703125)]","[(0, 1824.782958984375), (1, 1203.7418212890625)]","[(0, 2404.892822265625), (1, 2534.171875)]","[(0, 3859.670166015625), (1, 4228.673828125)]","[(0, 1435.04833984375), (1, 1507.522705078125)]","[(0, 1875.545654296875), (1, 1691.2476806640625)]","[(0, 1201.73046875), (1, 1048.0125732421875)]","[(0, 2216.291259765625), (1, 2086.879150390625)]"
68,"[(0, 2160.8935546875), (1, 2919.768310546875)]","[(0, 554.7969360351562), (1, 500.9135437011719)]","[(0, 2803.20849609375), (1, 3562.97607421875)]","[(0, 2977.761474609375), (1, 2925.130615234375)]","[(0, 6099.06591796875), (1, 3770.221435546875)]","[(0, 2894.260009765625), (1, 2731.854248046875)]","[(0, 2685.282470703125), (1, 3185.88232421875)]","[(0, 1542.7464599609375), (1, 1273.4239501953125)]","[(0, 684.4198608398438), (1, 826.4203491210938)]","[(0, 1613.6029052734375), (1, 2047.6220703125)]","[(0, 3729.183837890625), (1, 3218.521484375)]"
69,"[(0, 1894.975830078125), (1, 2403.336181640625)]","[(0, 815.5196533203125), (1, 907.8256225585938)]","[(0, 4523.8515625), (1, 4663.49853515625)]","[(0, 2746.787109375), (1, 2843.607666015625)]","[(0, 6181.7509765625), (1, 3745.182861328125)]","[(0, 5070.79052734375), (1, 4924.34912109375)]","[(0, 5680.11474609375), (1, 6640.13818359375)]","[(0, 1047.0291748046875), (1, 1348.560302734375)]","[(0, 1475.653076171875), (1, 1426.8433837890625)]","[(0, 1986.391845703125), (1, 2577.36474609375)]","[(0, 2655.4423828125), (1, 2093.458251953125)]"
70,"[(0, 1865.2178955078125), (1, 2561.274658203125)]","[(0, 868.2589111328125), (1, 1028.4835205078125)]","[(0, 8594.3955078125), (1, 8172.9169921875)]","[(0, 6777.2666015625), (1, 7032.16357421875)]","[(0, 2729.122802734375), (1, 2430.3583984375)]","[(0, 6327.39306640625), (1, 6855.2783203125)]","[(0, 3744.211669921875), (1, 3463.404052734375)]","[(0, 931.2105712890625), (1, 889.2514038085938)]","[(0, 2213.43017578125), (1, 2017.6778564453125)]","[(0, 1263.0478515625), (1, 1323.5662841796875)]","[(0, 1993.370849609375), (1, 1995.364990234375)]"
71,"[(0, 1999.4052734375), (1, 2560.095458984375)]","[(0, 832.7423706054688), (1, 886.7734375)]","[(0, 3565.725830078125), (1, 3613.983642578125)]","[(0, 3287.432861328125), (1, 3274.728759765625)]","[(0, 2568.04736328125), (1, 2335.204345703125)]","[(0, 2867.6806640625), (1, 3163.547119140625)]","[(0, 2385.550048828125), (1, 2541.75634765625)]","[(0, 2463.43115234375), (1, 2456.388671875)]","[(0, 1690.76220703125), (1, 2004.4932861328125)]","[(0, 1289.055419921875), (1, 1115.6785888671875)]","[(0, 3125.790283203125), (1, 2744.972412109375)]"
72,"[(0, 1498.92333984375), (1, 2001.4713134765625)]","[(0, 610.2227783203125), (1, 540.994873046875)]","[(0, 4059.054443359375), (1, 4122.0556640625)]","[(0, 4864.99267578125), (1, 4983.1513671875)]","[(0, 4945.48974609375), (1, 2932.943603515625)]","[(0, 6298.36865234375), (1, 5863.80908203125)]","[(0, 5999.11083984375), (1, 7198.76123046875)]","[(0, 2155.957275390625), (1, 2031.346435546875)]","[(0, 1192.4554443359375), (1, 1247.0145263671875)]","[(0, 2419.22607421875), (1, 2459.662109375)]","[(0, 1002.6204223632812), (1, 925.045166015625)]"
73,"[(0, 1693.589599609375), (1, 2162.61376953125)]","[(0, 1353.799072265625), (1, 1690.2825927734375)]","[(0, 2059.934326171875), (1, 1734.501220703125)]","[(0, 3200.151123046875), (1, 3088.375244140625)]","[(0, 3734.721923828125), (1, 3325.308837890625)]","[(0, 7255.82421875), (1, 6694.8857421875)]","[(0, 4125.3193359375), (1, 4936.43310546875)]","[(0, 2280.36767578125), (1, 1657.67822265625)]","[(0, 1727.494140625), (1, 1770.10400390625)]","[(0, 1627.0069580078125), (1, 2121.21484375)]","[(0, 4067.963623046875), (1, 3333.624755859375)]"
74,"[(0, 1373.48974609375), (1, 1769.8052978515625)]","[(0, 1619.0587158203125), (1, 2178.65673828125)]","[(0, 4733.7138671875), (1, 4101.03857421875)]","[(0, 2201.041259765625), (1, 2120.951904296875)]","[(0, 3368.4873046875), (1, 2971.91455078125)]","[(0, 3917.39404296875), (1, 4081.152099609375)]","[(0, 5002.12060546875), (1, 4990.0087890625)]","[(0, 2000.3359375), (1, 1791.7877197265625)]","[(0, 2424.1337890625), (1, 2444.17431640625)]","[(0, 1707.622314453125), (1, 1933.0640869140625)]","[(0, 2109.4951171875), (1, 1986.43359375)]"
75,"[(0, 1189.277099609375), (1, 1447.766357421875)]","[(0, 1477.984619140625), (1, 1974.8388671875)]","[(0, 1785.770263671875), (1, 1730.4844970703125)]","[(0, 2807.68310546875), (1, 2820.6083984375)]","[(0, 2559.90380859375), (1, 1477.6612548828125)]","[(0, 3037.9697265625), (1, 3208.001220703125)]","[(0, 3473.03271484375), (1, 3249.85205078125)]","[(0, 1932.1822509765625), (1, 1791.286376953125)]","[(0, 1525.5445556640625), (1, 1338.4869384765625)]","[(0, 996.4890747070312), (1, 1049.302734375)]","[(0, 1224.7806396484375), (1, 1083.251953125)]"
76,"[(0, 1459.628662109375), (1, 1757.4063720703125)]","[(0, 1241.3778076171875), (1, 1369.318359375)]","[(0, 2083.911865234375), (1, 2344.715087890625)]","[(0, 1714.623046875), (1, 1722.7166748046875)]","[(0, 1283.619140625), (1, 1196.6676025390625)]","[(0, 8537.1142578125), (1, 7970.05810546875)]","[(0, 2649.269287109375), (1, 2738.634033203125)]","[(0, 2120.239990234375), (1, 1832.3599853515625)]","[(0, 1726.8922119140625), (1, 2874.881103515625)]","[(0, 1748.95458984375), (1, 2045.6829833984375)]","[(0, 4101.3984375), (1, 3381.90673828125)]"
77,"[(0, 1176.4146728515625), (1, 1466.3807373046875)]","[(0, 543.795654296875), (1, 545.8886108398438)]","[(0, 3233.004638671875), (1, 2879.682861328125)]","[(0, 2340.288330078125), (1, 2312.395751953125)]","[(0, 3448.326171875), (1, 2002.9635009765625)]","[(0, 4512.501953125), (1, 4256.4580078125)]","[(0, 7001.17431640625), (1, 8401.43359375)]","[(0, 973.5897216796875), (1, 999.8432006835938)]","[(0, 1293.38623046875), (1, 1229.823486328125)]","[(0, 2134.5087890625), (1, 2509.3076171875)]","[(0, 3545.015869140625), (1, 3124.568359375)]"
78,"[(0, 2414.587646484375), (1, 3221.19287109375)]","[(0, 2921.899169921875), (1, 2847.773681640625)]","[(0, 5095.93603515625), (1, 5167.03125)]","[(0, 2394.19140625), (1, 2565.27783203125)]","[(0, 3006.519287109375), (1, 1764.1373291015625)]","[(0, 5438.79931640625), (1, 5597.59130859375)]","[(0, 6182.1806640625), (1, 7371.2255859375)]","[(0, 1875.830078125), (1, 1852.6328125)]","[(0, 3050.703857421875), (1, 2887.486328125)]","[(0, 921.504638671875), (1, 1214.8519287109375)]","[(0, 2208.228515625), (1, 1968.703857421875)]"
79,"[(0, 1261.3770751953125), (1, 1633.235595703125)]","[(0, 3511.73681640625), (1, 3605.807373046875)]","[(0, 3374.773681640625), (1, 3509.39013671875)]","[(0, 1955.5072021484375), (1, 1905.2574462890625)]","[(0, 1437.962890625), (1, 1358.2630615234375)]","[(0, 4389.478515625), (1, 4824.7763671875)]","[(0, 2424.18017578125), (1, 2318.7001953125)]","[(0, 1025.3382568359375), (1, 1215.8631591796875)]","[(0, 1618.8873291015625), (1, 1565.451171875)]","[(0, 2990.882080078125), (1, 2584.7060546875)]","[(0, 1740.9278564453125), (1, 1569.139404296875)]"
80,"[(0, 1568.844482421875), (1, 2043.903564453125)]","[(0, 3252.45654296875), (1, 3356.036865234375)]","[(0, 5562.96240234375), (1, 5206.8515625)]","[(0, 4590.2080078125), (1, 4580.97216796875)]","[(0, 4147.87255859375), (1, 2574.151611328125)]","[(0, 4642.41650390625), (1, 4232.47021484375)]","[(0, 5012.92333984375), (1, 5423.70068359375)]","[(0, 1422.2642822265625), (1, 1557.94189453125)]","[(0, 1287.23291015625), (1, 969.0484008789062)]","[(0, 1899.39306640625), (1, 1986.8173828125)]","[(0, 2045.6126708984375), (1, 2000.2261962890625)]"
81,"[(0, 1858.7178955078125), (1, 2194.068603515625)]","[(0, 1999.9962158203125), (1, 1954.0679931640625)]","[(0, 8505.55078125), (1, 8587.775390625)]","[(0, 1551.14599609375), (1, 1475.2139892578125)]","[(0, 3785.93798828125), (1, 2351.373779296875)]","[(0, 5537.90478515625), (1, 5271.0126953125)]","[(0, 4866.95068359375), (1, 5201.60595703125)]","[(0, 1159.719482421875), (1, 970.6051025390625)]","[(0, 1500.4608154296875), (1, 1702.685302734375)]","[(0, 1563.4735107421875), (1, 1646.512939453125)]","[(0, 2741.41845703125), (1, 2181.184814453125)]"
82,"[(0, 1357.9173583984375), (1, 1630.25537109375)]","[(0, 536.0716552734375), (1, 457.4004821777344)]","[(0, 3054.0107421875), (1, 3403.984375)]","[(0, 5410.1865234375), (1, 5548.736328125)]","[(0, 1933.6375732421875), (1, 1731.4989013671875)]","[(0, 4858.0380859375), (1, 5230.212890625)]","[(0, 6754.35400390625), (1, 6931.49072265625)]","[(0, 2112.45556640625), (1, 2321.838134765625)]","[(0, 1841.8602294921875), (1, 1795.3302001953125)]","[(0, 2091.478515625), (1, 2029.88232421875)]","[(0, 2242.563720703125), (1, 2131.40869140625)]"
83,"[(0, 1672.2264404296875), (1, 2210.0361328125)]","[(0, 1333.88671875), (1, 1162.39306640625)]","[(0, 2672.69970703125), (1, 2658.70849609375)]","[(0, 2630.13818359375), (1, 2497.694580078125)]","[(0, 2821.97509765625), (1, 1649.7587890625)]","[(0, 5305.240234375), (1, 5903.56396484375)]","[(0, 3391.819580078125), (1, 3184.6669921875)]","[(0, 1432.236572265625), (1, 1642.7080078125)]","[(0, 1615.1038818359375), (1, 2170.885498046875)]","[(0, 1169.4212646484375), (1, 957.81494140625)]","[(0, 1649.348876953125), (1, 1549.112548828125)]"
84,"[(0, 2198.551025390625), (1, 2896.17333984375)]","[(0, 1833.6246337890625), (1, 1688.7470703125)]","[(0, 5785.48193359375), (1, 5629.626953125)]","[(0, 2828.7666015625), (1, 2900.261474609375)]","[(0, 2590.463134765625), (1, 1522.0364990234375)]","[(0, 4944.3818359375), (1, 4682.1708984375)]","[(0, 2920.417236328125), (1, 3107.217529296875)]","[(0, 2650.45947265625), (1, 2324.049072265625)]","[(0, 1533.0950927734375), (1, 1945.79833984375)]","[(0, 2174.968994140625), (1, 2317.74951171875)]","[(0, 2361.955810546875), (1, 2257.993408203125)]"
85,"[(0, 1223.4422607421875), (1, 1634.1531982421875)]","[(0, 1504.914794921875), (1, 1386.1353759765625)]","[(0, 3935.3603515625), (1, 4175.78662109375)]","[(0, 7017.525390625), (1, 6949.91162109375)]","[(0, 1014.3626098632812), (1, 885.9437866210938)]","[(0, 3149.06884765625), (1, 2871.709228515625)]","[(0, 8497.8408203125), (1, 9114.548828125)]","[(0, 2319.153564453125), (1, 2481.830078125)]","[(0, 1303.9332275390625), (1, 1297.662353515625)]","[(0, 1725.367919921875), (1, 1779.278076171875)]","[(0, 2994.375), (1, 2418.813232421875)]"
86,"[(0, 1536.0206298828125), (1, 1976.9322509765625)]","[(0, 1151.484375), (1, 1042.1875)]","[(0, 2032.0894775390625), (1, 1906.5125732421875)]","[(0, 1721.7320556640625), (1, 1890.1053466796875)]","[(0, 987.6878051757812), (1, 892.9494018554688)]","[(0, 4982.91845703125), (1, 5417.0634765625)]","[(0, 6431.5107421875), (1, 6849.97802734375)]","[(0, 1239.8995361328125), (1, 1206.1331787109375)]","[(0, 2108.574951171875), (1, 2455.98681640625)]","[(0, 1726.7513427734375), (1, 1760.770751953125)]","[(0, 4688.29248046875), (1, 4258.658203125)]"
87,"[(0, 1873.7454833984375), (1, 2453.332275390625)]","[(0, 1836.8450927734375), (1, 1907.642822265625)]","[(0, 3898.353515625), (1, 3918.231201171875)]","[(0, 1716.698486328125), (1, 1866.1983642578125)]","[(0, 2839.270751953125), (1, 1717.9432373046875)]","[(0, 2660.7568359375), (1, 2891.5908203125)]","[(0, 6817.65869140625), (1, 6086.9736328125)]","[(0, 2030.0555419921875), (1, 1869.6025390625)]","[(0, 1492.24609375), (1, 1837.8482666015625)]","[(0, 1427.0509033203125), (1, 1240.2293701171875)]","[(0, 2973.444091796875), (1, 2466.16259765625)]"
88,"[(0, 1956.1348876953125), (1, 2518.025146484375)]","[(0, 2270.816650390625), (1, 2480.472900390625)]","[(0, 3478.38916015625), (1, 3230.637939453125)]","[(0, 2452.759033203125), (1, 2720.11669921875)]","[(0, 4126.62158203125), (1, 2414.5)]","[(0, 2099.76953125), (1, 1956.976318359375)]","[(0, 5341.6923828125), (1, 5134.27783203125)]","[(0, 1975.572509765625), (1, 2574.516357421875)]","[(0, 2490.126708984375), (1, 2519.139404296875)]","[(0, 2675.8046875), (1, 2422.816650390625)]","[(0, 1878.787841796875), (1, 1678.0557861328125)]"
89,"[(0, 1609.695068359375), (1, 2104.5126953125)]","[(0, 2053.900146484375), (1, 2183.148193359375)]","[(0, 4805.9755859375), (1, 4811.71728515625)]","[(0, 7179.13330078125), (1, 7266.501953125)]","[(0, 4142.24365234375), (1, 2384.79248046875)]","[(0, 3730.880615234375), (1, 4046.902099609375)]","[(0, 4498.71728515625), (1, 4291.42529296875)]","[(0, 2321.182861328125), (1, 2154.268798828125)]","[(0, 2272.291748046875), (1, 2769.4697265625)]","[(0, 1544.76708984375), (1, 1335.9752197265625)]","[(0, 2010.9351806640625), (1, 1923.7235107421875)]"
90,"[(0, 1884.67578125), (1, 2396.352294921875)]","[(0, 1960.9827880859375), (1, 1946.03125)]","[(0, 6600.50146484375), (1, 6436.505859375)]","[(0, 2985.06884765625), (1, 3291.13134765625)]","[(0, 1288.2135009765625), (1, 1295.7220458984375)]","[(0, 2265.245849609375), (1, 2139.24365234375)]","[(0, 8739.400390625), (1, 7752.9423828125)]","[(0, 1263.076171875), (1, 1063.62890625)]","[(0, 2518.268798828125), (1, 2587.225341796875)]","[(0, 992.1891479492188), (1, 880.864013671875)]","[(0, 3779.729248046875), (1, 3121.006591796875)]"
91,"[(0, 1859.904296875), (1, 2420.9248046875)]","[(0, 882.305908203125), (1, 758.2324829101562)]","[(0, 8260.5869140625), (1, 8300.005859375)]","[(0, 3384.658935546875), (1, 3380.378662109375)]","[(0, 7683.09228515625), (1, 4663.623046875)]","[(0, 1668.04931640625), (1, 1492.48388671875)]","[(0, 3301.423583984375), (1, 3028.8427734375)]","[(0, 1457.6484375), (1, 1192.13134765625)]","[(0, 1627.669677734375), (1, 1180.4217529296875)]","[(0, 1803.330078125), (1, 1615.77783203125)]","[(0, 4407.701171875), (1, 3703.923095703125)]"
92,"[(0, 1998.827392578125), (1, 2690.382080078125)]","[(0, 2193.209716796875), (1, 2161.838623046875)]","[(0, 3482.634521484375), (1, 3306.956787109375)]","[(0, 1664.7352294921875), (1, 1962.6685791015625)]","[(0, 6431.05078125), (1, 3877.663818359375)]","[(0, 2476.23974609375), (1, 2791.904296875)]","[(0, 2623.547119140625), (1, 2822.4287109375)]","[(0, 1709.2825927734375), (1, 1763.6546630859375)]","[(0, 1513.9837646484375), (1, 1781.6383056640625)]","[(0, 1481.31982421875), (1, 1582.8486328125)]","[(0, 1874.8929443359375), (1, 1730.9490966796875)]"
93,"[(0, 1139.381591796875), (1, 1463.573974609375)]","[(0, 2612.05419921875), (1, 2733.85595703125)]","[(0, 1802.33544921875), (1, 1458.7491455078125)]","[(0, 1605.1536865234375), (1, 1661.316650390625)]","[(0, 2075.73193359375), (1, 1965.4285888671875)]","[(0, 4915.91748046875), (1, 5259.53857421875)]","[(0, 4970.611328125), (1, 5293.15234375)]","[(0, 2716.124755859375), (1, 2133.72509765625)]","[(0, 1111.17529296875), (1, 1291.6143798828125)]","[(0, 844.7532958984375), (1, 882.0809326171875)]","[(0, 3297.376953125), (1, 2716.20263671875)]"
94,"[(0, 2081.084716796875), (1, 2712.467041015625)]","[(0, 2363.12841796875), (1, 2333.3486328125)]","[(0, 5827.46728515625), (1, 5268.4345703125)]","[(0, 3426.4970703125), (1, 3488.18212890625)]","[(0, 2933.80517578125), (1, 1748.7852783203125)]","[(0, 4130.46484375), (1, 3892.6474609375)]","[(0, 2304.44189453125), (1, 2622.21240234375)]","[(0, 1968.559326171875), (1, 1762.2860107421875)]","[(0, 2528.0537109375), (1, 2687.115234375)]","[(0, 1347.143798828125), (1, 1728.6553955078125)]","[(0, 1551.4876708984375), (1, 1408.304931640625)]"
95,"[(0, 2035.328369140625), (1, 2565.589599609375)]","[(0, 1544.07421875), (1, 1469.2518310546875)]","[(0, 1632.2288818359375), (1, 1637.3277587890625)]","[(0, 3484.544677734375), (1, 3907.1748046875)]","[(0, 3000.1748046875), (1, 1739.4847412109375)]","[(0, 3491.197021484375), (1, 3308.089111328125)]","[(0, 2623.141845703125), (1, 2936.916748046875)]","[(0, 1573.2554931640625), (1, 1749.072998046875)]","[(0, 4317.1875), (1, 4537.1982421875)]","[(0, 1264.825927734375), (1, 1029.6444091796875)]","[(0, 1655.54541015625), (1, 1511.2567138671875)]"
96,"[(0, 1966.7269287109375), (1, 2600.1357421875)]","[(0, 694.6763305664062), (1, 589.2171020507812)]","[(0, 5099.22216796875), (1, 5250.90869140625)]","[(0, 1565.6766357421875), (1, 1525.008544921875)]","[(0, 1897.0859375), (1, 1691.7501220703125)]","[(0, 5371.1923828125), (1, 5698.4755859375)]","[(0, 2742.789794921875), (1, 2912.009765625)]","[(0, 1116.71337890625), (1, 1239.33740234375)]","[(0, 1430.0555419921875), (1, 1298.7177734375)]","[(0, 1903.4005126953125), (1, 1839.0299072265625)]","[(0, 1985.23291015625), (1, 1916.559814453125)]"
97,"[(0, 1428.93017578125), (1, 1902.6744384765625)]","[(0, 2121.244140625), (1, 1987.411376953125)]","[(0, 2718.37158203125), (1, 2465.556884765625)]","[(0, 2063.162353515625), (1, 2099.625244140625)]","[(0, 1293.5343017578125), (1, 1163.3834228515625)]","[(0, 1979.36767578125), (1, 2126.29150390625)]","[(0, 1827.1929931640625), (1, 1742.612060546875)]","[(0, 2098.78662109375), (1, 1901.0784912109375)]","[(0, 1850.777587890625), (1, 1923.936279296875)]","[(0, 2292.842041015625), (1, 1808.9046630859375)]","[(0, 2697.853759765625), (1, 2017.6259765625)]"
98,"[(0, 2592.39453125), (1, 3423.46240234375)]","[(0, 2683.12841796875), (1, 2628.359130859375)]","[(0, 8020.80224609375), (1, 8447.96875)]","[(0, 2829.686767578125), (1, 2975.730224609375)]","[(0, 2921.6318359375), (1, 1607.0675048828125)]","[(0, 2398.72216796875), (1, 2265.50830078125)]","[(0, 1348.9384765625), (1, 1566.3143310546875)]","[(0, 1421.3665771484375), (1, 1460.1500244140625)]","[(0, 2884.142333984375), (1, 3357.0224609375)]","[(0, 1799.770263671875), (1, 1721.5604248046875)]","[(0, 3479.915283203125), (1, 2847.120361328125)]"
99,"[(0, 1664.5311279296875), (1, 2206.620361328125)]","[(0, 2329.288818359375), (1, 2231.338134765625)]","[(0, 5862.24365234375), (1, 6062.12109375)]","[(0, 4979.607421875), (1, 4946.900390625)]","[(0, 2368.1416015625), (1, 1324.7513427734375)]","[(0, 3593.462646484375), (1, 3380.97802734375)]","[(0, 4786.1708984375), (1, 5331.71630859375)]","[(0, 904.2820434570312), (1, 781.2903442382812)]","[(0, 2008.8497314453125), (1, 2124.432861328125)]","[(0, 1412.9725341796875), (1, 1325.384521484375)]","[(0, 1944.33935546875), (1, 1826.796630859375)]"
100,"[(0, 1358.2288818359375), (1, 1690.248779296875)]","[(0, 3634.333984375), (1, 3798.50927734375)]","[(0, 3831.468017578125), (1, 3661.3056640625)]","[(0, 2630.99853515625), (1, 2807.040771484375)]","[(0, 3837.875), (1, 2279.751220703125)]","[(0, 2989.838134765625), (1, 3259.6884765625)]","[(0, 2171.529541015625), (1, 2380.971435546875)]","[(0, 1825.68798828125), (1, 2352.959716796875)]","[(0, 992.584716796875), (1, 1326.8585205078125)]","[(0, 1852.22998046875), (1, 1418.1131591796875)]","[(0, 3046.665283203125), (1, 2517.551025390625)]"
101,"[(0, 1407.407470703125), (1, 1799.5513916015625)]","[(0, 2452.494873046875), (1, 2331.636962890625)]","[(0, 3864.04931640625), (1, 4053.02783203125)]","[(0, 4496.0498046875), (1, 4890.7783203125)]","[(0, 3026.27880859375), (1, 1792.490234375)]","[(0, 4225.66650390625), (1, 4407.755859375)]","[(0, 5171.734375), (1, 5680.19091796875)]","[(0, 1649.0665283203125), (1, 2133.84521484375)]","[(0, 1809.2877197265625), (1, 1330.5579833984375)]","[(0, 2252.494873046875), (1, 1711.010498046875)]","[(0, 2040.8212890625), (1, 1828.6871337890625)]"
102,"[(0, 1536.09228515625), (1, 1900.322509765625)]","[(0, 809.3394775390625), (1, 713.7200927734375)]","[(0, 1976.8485107421875), (1, 1877.767578125)]","[(0, 3346.687744140625), (1, 3356.558349609375)]","[(0, 901.6942138671875), (1, 862.0432739257812)]","[(0, 3923.282470703125), (1, 3723.441162109375)]","[(0, 3023.008056640625), (1, 3125.098876953125)]","[(0, 1029.693115234375), (1, 1009.2325439453125)]","[(0, 2107.270263671875), (1, 2406.166259765625)]","[(0, 1835.9072265625), (1, 1890.1475830078125)]","[(0, 2493.218017578125), (1, 2225.311279296875)]"
103,"[(0, 1830.3070068359375), (1, 2435.218994140625)]","[(0, 677.66552734375), (1, 563.6921997070312)]","[(0, 2133.814697265625), (1, 2035.0218505859375)]","[(0, 4181.01513671875), (1, 4307.39990234375)]","[(0, 1123.1669921875), (1, 1063.0650634765625)]","[(0, 2762.1318359375), (1, 2658.262451171875)]","[(0, 3009.70068359375), (1, 2805.472412109375)]","[(0, 2020.5921630859375), (1, 1764.2821044921875)]","[(0, 1373.824462890625), (1, 1317.4578857421875)]","[(0, 959.9304809570312), (1, 1273.6322021484375)]","[(0, 3501.28662109375), (1, 2988.84033203125)]"
104,"[(0, 1485.3741455078125), (1, 1787.9642333984375)]","[(0, 1828.8841552734375), (1, 1810.6297607421875)]","[(0, 7026.86083984375), (1, 7371.79443359375)]","[(0, 2852.932861328125), (1, 3230.234375)]","[(0, 2204.24658203125), (1, 1527.0001220703125)]","[(0, 4203.78857421875), (1, 4498.92333984375)]","[(0, 2864.22998046875), (1, 3009.353515625)]","[(0, 1938.182861328125), (1, 1755.5025634765625)]","[(0, 2923.531005859375), (1, 2904.723388671875)]","[(0, 1341.580810546875), (1, 1560.6915283203125)]","[(0, 3646.214111328125), (1, 3095.956787109375)]"
105,"[(0, 1572.3472900390625), (1, 2062.580078125)]","[(0, 1201.513916015625), (1, 1190.2296142578125)]","[(0, 2918.849609375), (1, 3331.797119140625)]","[(0, 2971.230224609375), (1, 3369.71826171875)]","[(0, 6067.5234375), (1, 3711.450927734375)]","[(0, 2293.933349609375), (1, 2777.078857421875)]","[(0, 4999.57421875), (1, 5739.791015625)]","[(0, 1881.90087890625), (1, 1840.3221435546875)]","[(0, 704.212890625), (1, 988.510009765625)]","[(0, 1377.261474609375), (1, 1592.457275390625)]","[(0, 2332.746826171875), (1, 2230.1201171875)]"
106,"[(0, 2109.21142578125), (1, 2689.915283203125)]","[(0, 971.8447875976562), (1, 944.751220703125)]","[(0, 4467.4052734375), (1, 3779.113037109375)]","[(0, 2497.07421875), (1, 2697.330078125)]","[(0, 3979.353515625), (1, 2552.5693359375)]","[(0, 2524.732421875), (1, 2150.800537109375)]","[(0, 2332.974853515625), (1, 2869.06494140625)]","[(0, 1703.9173583984375), (1, 1497.5302734375)]","[(0, 1253.0234375), (1, 1739.7784423828125)]","[(0, 2168.07177734375), (1, 1839.0361328125)]","[(0, 1874.4505615234375), (1, 1840.067626953125)]"
107,"[(0, 2309.5947265625), (1, 2966.695556640625)]","[(0, 1160.5609130859375), (1, 1180.8067626953125)]","[(0, 10660.509765625), (1, 10475.6845703125)]","[(0, 1873.531005859375), (1, 2100.7177734375)]","[(0, 2518.470458984375), (1, 2370.246337890625)]","[(0, 3901.823974609375), (1, 3709.35986328125)]","[(0, 3783.841064453125), (1, 3887.1162109375)]","[(0, 1952.4241943359375), (1, 1495.1585693359375)]","[(0, 2270.19189453125), (1, 1817.1868896484375)]","[(0, 1008.8731079101562), (1, 1105.33642578125)]","[(0, 2029.0975341796875), (1, 1772.40478515625)]"
108,"[(0, 2037.191650390625), (1, 2746.7216796875)]","[(0, 1161.8848876953125), (1, 1126.7342529296875)]","[(0, 2834.955078125), (1, 2685.8740234375)]","[(0, 2481.919921875), (1, 2816.149169921875)]","[(0, 3398.074951171875), (1, 2331.877197265625)]","[(0, 5970.4365234375), (1, 6276.49462890625)]","[(0, 2960.853271484375), (1, 2751.646484375)]","[(0, 1261.460693359375), (1, 1650.1710205078125)]","[(0, 1409.270263671875), (1, 1955.955810546875)]","[(0, 2535.197998046875), (1, 3094.20947265625)]","[(0, 1509.998291015625), (1, 1417.801513671875)]"
109,"[(0, 1203.4652099609375), (1, 1389.0054931640625)]","[(0, 979.297607421875), (1, 851.9810791015625)]","[(0, 6185.890625), (1, 6213.28857421875)]","[(0, 3690.084716796875), (1, 3992.205078125)]","[(0, 2693.134033203125), (1, 1811.1072998046875)]","[(0, 1959.49755859375), (1, 2115.7568359375)]","[(0, 2712.71923828125), (1, 2488.57177734375)]","[(0, 1633.2144775390625), (1, 2310.575927734375)]","[(0, 1272.5814208984375), (1, 792.8192749023438)]","[(0, 2750.437255859375), (1, 2551.081298828125)]","[(0, 3194.312255859375), (1, 2688.8251953125)]"
110,"[(0, 1307.24267578125), (1, 1624.1112060546875)]","[(0, 1689.633056640625), (1, 1780.435791015625)]","[(0, 2199.43701171875), (1, 2030.2288818359375)]","[(0, 3368.74462890625), (1, 2979.213134765625)]","[(0, 1651.168212890625), (1, 1531.5030517578125)]","[(0, 2071.172119140625), (1, 1946.3885498046875)]","[(0, 1799.444091796875), (1, 2136.777587890625)]","[(0, 1153.720703125), (1, 1251.140869140625)]","[(0, 1739.376953125), (1, 1866.778564453125)]","[(0, 2590.017333984375), (1, 2002.7447509765625)]","[(0, 2535.116943359375), (1, 2214.685302734375)]"
111,"[(0, 1530.0146484375), (1, 1843.65185546875)]","[(0, 2143.4873046875), (1, 2452.29833984375)]","[(0, 2729.185302734375), (1, 2814.425537109375)]","[(0, 2644.894287109375), (1, 2813.704833984375)]","[(0, 1124.876708984375), (1, 1086.9732666015625)]","[(0, 6812.92138671875), (1, 6638.44140625)]","[(0, 3427.912109375), (1, 2876.538818359375)]","[(0, 1017.4696044921875), (1, 962.6114501953125)]","[(0, 1334.2066650390625), (1, 1611.0465087890625)]","[(0, 1775.0791015625), (1, 2098.86767578125)]","[(0, 2636.665283203125), (1, 2124.57861328125)]"
112,"[(0, 1862.0179443359375), (1, 2404.34130859375)]","[(0, 1866.316650390625), (1, 2029.432373046875)]","[(0, 2621.691162109375), (1, 2654.951171875)]","[(0, 1715.4195556640625), (1, 1817.46240234375)]","[(0, 1558.2962646484375), (1, 1437.126708984375)]","[(0, 5793.6259765625), (1, 5994.88427734375)]","[(0, 2914.67578125), (1, 2504.22265625)]","[(0, 2008.68017578125), (1, 2079.1962890625)]","[(0, 1611.28857421875), (1, 1316.181884765625)]","[(0, 2657.80615234375), (1, 2822.404296875)]","[(0, 3707.34765625), (1, 3028.455810546875)]"
113,"[(0, 1764.92919921875), (1, 2369.41552734375)]","[(0, 1132.7342529296875), (1, 1154.5726318359375)]","[(0, 2936.517822265625), (1, 2890.3017578125)]","[(0, 4349.82421875), (1, 4111.7138671875)]","[(0, 5194.9130859375), (1, 3228.74658203125)]","[(0, 4919.60791015625), (1, 5192.5654296875)]","[(0, 3059.955078125), (1, 2848.789306640625)]","[(0, 1558.3245849609375), (1, 1438.5582275390625)]","[(0, 1164.0155029296875), (1, 1299.3558349609375)]","[(0, 2148.692138671875), (1, 2496.77197265625)]","[(0, 1374.7203369140625), (1, 1345.763916015625)]"
114,"[(0, 1519.7593994140625), (1, 1945.053466796875)]","[(0, 1750.11572265625), (1, 1727.735595703125)]","[(0, 3451.738037109375), (1, 3539.151611328125)]","[(0, 4013.326416015625), (1, 4067.70751953125)]","[(0, 4592.21826171875), (1, 2809.973388671875)]","[(0, 5615.390625), (1, 5366.90673828125)]","[(0, 4389.18994140625), (1, 4798.44189453125)]","[(0, 1304.626708984375), (1, 1511.54638671875)]","[(0, 1233.888916015625), (1, 1170.742431640625)]","[(0, 2399.50927734375), (1, 2389.7509765625)]","[(0, 3543.60302734375), (1, 3177.216552734375)]"
115,"[(0, 2479.898193359375), (1, 3382.41650390625)]","[(0, 2075.131103515625), (1, 2239.293701171875)]","[(0, 4216.62890625), (1, 4372.72412109375)]","[(0, 2375.42822265625), (1, 2584.168701171875)]","[(0, 2822.159423828125), (1, 2705.371826171875)]","[(0, 8543.7373046875), (1, 8001.38916015625)]","[(0, 6942.39306640625), (1, 7145.24755859375)]","[(0, 1550.1160888671875), (1, 1293.8580322265625)]","[(0, 1359.2823486328125), (1, 1515.5079345703125)]","[(0, 2528.4892578125), (1, 2845.037353515625)]","[(0, 1891.726318359375), (1, 1798.354736328125)]"
116,"[(0, 1893.6822509765625), (1, 2469.018310546875)]","[(0, 1816.330078125), (1, 1967.0814208984375)]","[(0, 3384.40087890625), (1, 3884.388916015625)]","[(0, 1324.666748046875), (1, 1264.5556640625)]","[(0, 2338.20458984375), (1, 2190.35546875)]","[(0, 6559.3681640625), (1, 6756.31884765625)]","[(0, 5887.17529296875), (1, 5739.18896484375)]","[(0, 1766.9913330078125), (1, 1942.3453369140625)]","[(0, 2097.1328125), (1, 1869.0123291015625)]","[(0, 2018.013671875), (1, 3070.630859375)]","[(0, 1736.2073974609375), (1, 1529.57763671875)]"
117,"[(0, 1825.62890625), (1, 2171.244873046875)]","[(0, 1788.6507568359375), (1, 1757.2052001953125)]","[(0, 8319.17578125), (1, 8675.318359375)]","[(0, 3068.79833984375), (1, 3170.04638671875)]","[(0, 2398.50146484375), (1, 1431.01806640625)]","[(0, 4913.0771484375), (1, 5279.5400390625)]","[(0, 3248.1044921875), (1, 3167.8583984375)]","[(0, 1467.81640625), (1, 1256.5546875)]","[(0, 1180.1256103515625), (1, 1359.7587890625)]","[(0, 2301.822509765625), (1, 2117.6240234375)]","[(0, 1475.672119140625), (1, 1400.6795654296875)]"
118,"[(0, 1403.368408203125), (1, 1896.0576171875)]","[(0, 952.7427978515625), (1, 841.5867919921875)]","[(0, 4522.755859375), (1, 4709.99169921875)]","[(0, 4046.416015625), (1, 4002.959716796875)]","[(0, 1543.187255859375), (1, 1420.2373046875)]","[(0, 4661.951171875), (1, 4293.8447265625)]","[(0, 2314.2509765625), (1, 2503.8740234375)]","[(0, 1116.8714599609375), (1, 909.125244140625)]","[(0, 2536.07568359375), (1, 2450.7412109375)]","[(0, 1003.8828735351562), (1, 1175.5751953125)]","[(0, 1847.8641357421875), (1, 1674.3448486328125)]"
119,"[(0, 1632.5814208984375), (1, 1901.1082763671875)]","[(0, 1421.014892578125), (1, 1521.2899169921875)]","[(0, 4576.2255859375), (1, 4567.76708984375)]","[(0, 2228.41943359375), (1, 2524.837158203125)]","[(0, 1748.3699951171875), (1, 1640.3487548828125)]","[(0, 3952.1796875), (1, 3560.7919921875)]","[(0, 3913.5478515625), (1, 4444.80078125)]","[(0, 1445.1378173828125), (1, 2081.8876953125)]","[(0, 1185.99658203125), (1, 1672.938720703125)]","[(0, 3573.313720703125), (1, 3344.748046875)]","[(0, 3132.872314453125), (1, 2599.746337890625)]"
120,"[(0, 2110.961181640625), (1, 2645.28515625)]","[(0, 1652.3504638671875), (1, 1865.291748046875)]","[(0, 5819.42529296875), (1, 5420.61328125)]","[(0, 2374.737548828125), (1, 2209.289306640625)]","[(0, 4000.04443359375), (1, 2265.147705078125)]","[(0, 4404.79345703125), (1, 4632.05029296875)]","[(0, 2589.22314453125), (1, 2750.45947265625)]","[(0, 1289.7138671875), (1, 1438.24951171875)]","[(0, 1949.6981201171875), (1, 1834.59375)]","[(0, 1206.073974609375), (1, 1271.3096923828125)]","[(0, 3245.33349609375), (1, 2567.757080078125)]"
121,"[(0, 1969.4071044921875), (1, 2403.104736328125)]","[(0, 1585.447265625), (1, 1744.6756591796875)]","[(0, 2168.77587890625), (1, 2113.799560546875)]","[(0, 1951.011474609375), (1, 1801.01416015625)]","[(0, 2516.878662109375), (1, 1434.2156982421875)]","[(0, 3371.090576171875), (1, 3614.607421875)]","[(0, 3948.148681640625), (1, 3744.997314453125)]","[(0, 1238.6573486328125), (1, 1393.2523193359375)]","[(0, 823.7976684570312), (1, 1162.145751953125)]","[(0, 2669.453125), (1, 1682.213134765625)]","[(0, 1731.365234375), (1, 1550.240234375)]"
122,"[(0, 1969.8917236328125), (1, 2459.435791015625)]","[(0, 1503.0675048828125), (1, 1590.4849853515625)]","[(0, 1358.530029296875), (1, 1325.841552734375)]","[(0, 4107.21435546875), (1, 4530.56103515625)]","[(0, 5620.4052734375), (1, 3408.876708984375)]","[(0, 4708.3115234375), (1, 4293.15283203125)]","[(0, 2132.4150390625), (1, 2217.59765625)]","[(0, 2189.50048828125), (1, 2271.819580078125)]","[(0, 1439.3184814453125), (1, 976.9781494140625)]","[(0, 2414.3203125), (1, 2326.28515625)]","[(0, 3580.419189453125), (1, 3008.366455078125)]"
123,"[(0, 1146.956298828125), (1, 1342.2052001953125)]","[(0, 834.2617797851562), (1, 737.244140625)]","[(0, 2278.083984375), (1, 2473.61279296875)]","[(0, 4113.2001953125), (1, 4442.94482421875)]","[(0, 5208.177734375), (1, 3113.345703125)]","[(0, 5781.20751953125), (1, 5445.115234375)]","[(0, 6909.28173828125), (1, 8039.41943359375)]","[(0, 1464.775634765625), (1, 1084.76953125)]","[(0, 1852.984375), (1, 1447.36328125)]","[(0, 1354.32080078125), (1, 1220.230224609375)]","[(0, 2814.457763671875), (1, 2639.777587890625)]"
124,"[(0, 1610.2025146484375), (1, 2117.455322265625)]","[(0, 2170.800537109375), (1, 2280.1728515625)]","[(0, 7840.92138671875), (1, 7716.10595703125)]","[(0, 2871.725830078125), (1, 2558.296630859375)]","[(0, 2192.67431640625), (1, 1987.8634033203125)]","[(0, 3087.85693359375), (1, 3222.24072265625)]","[(0, 3974.980224609375), (1, 4806.93359375)]","[(0, 1903.4666748046875), (1, 1741.2109375)]","[(0, 1535.2618408203125), (1, 1541.8551025390625)]","[(0, 1744.6915283203125), (1, 1692.3529052734375)]","[(0, 3065.0107421875), (1, 2587.1474609375)]"
125,"[(0, 1175.2412109375), (1, 1378.696533203125)]","[(0, 2681.544921875), (1, 2951.4990234375)]","[(0, 5756.79638671875), (1, 5732.58642578125)]","[(0, 5750.4423828125), (1, 5585.22607421875)]","[(0, 2036.44775390625), (1, 1896.2755126953125)]","[(0, 1895.8885498046875), (1, 1972.1173095703125)]","[(0, 7535.70947265625), (1, 7009.5390625)]","[(0, 1867.0528564453125), (1, 1911.7825927734375)]","[(0, 1177.9273681640625), (1, 841.7099609375)]","[(0, 2885.146484375), (1, 2289.833984375)]","[(0, 1963.432373046875), (1, 1837.3646240234375)]"
126,"[(0, 1583.6883544921875), (1, 2047.51171875)]","[(0, 2350.149658203125), (1, 2510.80615234375)]","[(0, 1161.62109375), (1, 1094.1610107421875)]","[(0, 3393.92919921875), (1, 3731.578369140625)]","[(0, 2931.4462890625), (1, 1737.0802001953125)]","[(0, 2892.328369140625), (1, 2749.061767578125)]","[(0, 5017.82080078125), (1, 5256.06884765625)]","[(0, 1670.1329345703125), (1, 1661.324462890625)]","[(0, 1177.557373046875), (1, 958.1528930664062)]","[(0, 2358.78857421875), (1, 2376.00927734375)]","[(0, 2146.487060546875), (1, 1928.900390625)]"
127,"[(0, 1874.009033203125), (1, 2475.165771484375)]","[(0, 2133.677490234375), (1, 2144.43310546875)]","[(0, 2211.61865234375), (1, 2251.787353515625)]","[(0, 4182.8857421875), (1, 4362.06591796875)]","[(0, 1840.5362548828125), (1, 1742.5023193359375)]","[(0, 4373.43310546875), (1, 3916.426513671875)]","[(0, 4035.709716796875), (1, 3782.04052734375)]","[(0, 2887.432373046875), (1, 2315.890380859375)]","[(0, 1305.5888671875), (1, 1651.6170654296875)]","[(0, 1572.33984375), (1, 1398.828125)]","[(0, 3735.484130859375), (1, 3047.5224609375)]"
128,"[(0, 1717.25439453125), (1, 2109.922607421875)]","[(0, 806.173095703125), (1, 704.8388061523438)]","[(0, 7527.6787109375), (1, 7624.05810546875)]","[(0, 4591.74951171875), (1, 4585.47412109375)]","[(0, 4837.93994140625), (1, 2894.9638671875)]","[(0, 2686.248046875), (1, 3149.675537109375)]","[(0, 2077.823486328125), (1, 2222.00732421875)]","[(0, 1217.9364013671875), (1, 1342.1873779296875)]","[(0, 1222.19384765625), (1, 1359.8431396484375)]","[(0, 1910.202392578125), (1, 1657.7935791015625)]","[(0, 1965.08837890625), (1, 1787.0582275390625)]"
129,"[(0, 2036.9837646484375), (1, 2648.1552734375)]","[(0, 1634.647216796875), (1, 1583.7916259765625)]","[(0, 4123.447265625), (1, 4287.73486328125)]","[(0, 2266.858154296875), (1, 2496.852783203125)]","[(0, 4182.9853515625), (1, 2451.16650390625)]","[(0, 3565.675048828125), (1, 3869.8134765625)]","[(0, 6626.6640625), (1, 6842.4697265625)]","[(0, 1524.1812744140625), (1, 1859.428955078125)]","[(0, 1469.819580078125), (1, 1735.75537109375)]","[(0, 2302.585693359375), (1, 1828.26416015625)]","[(0, 3294.881103515625), (1, 2829.67724609375)]"
130,"[(0, 2154.6796875), (1, 2847.101318359375)]","[(0, 2324.97998046875), (1, 2447.82373046875)]","[(0, 2528.208251953125), (1, 2626.1142578125)]","[(0, 3817.760986328125), (1, 4172.59033203125)]","[(0, 1145.7318115234375), (1, 1114.385498046875)]","[(0, 5073.533203125), (1, 4795.578125)]","[(0, 3349.596923828125), (1, 3423.67138671875)]","[(0, 1165.301025390625), (1, 1160.3656005859375)]","[(0, 1801.2030029296875), (1, 2292.35107421875)]","[(0, 1287.76513671875), (1, 1187.741943359375)]","[(0, 2452.618896484375), (1, 2448.239501953125)]"
131,"[(0, 1153.726318359375), (1, 1357.6077880859375)]","[(0, 1838.939697265625), (1, 1907.3363037109375)]","[(0, 3964.376220703125), (1, 3718.998046875)]","[(0, 5620.25), (1, 5598.72314453125)]","[(0, 1593.3565673828125), (1, 1051.7371826171875)]","[(0, 4838.138671875), (1, 4537.22412109375)]","[(0, 2628.953125), (1, 3029.931884765625)]","[(0, 1643.755615234375), (1, 1536.3984375)]","[(0, 1093.1123046875), (1, 1138.5615234375)]","[(0, 2242.27490234375), (1, 1753.4102783203125)]","[(0, 3424.063232421875), (1, 3002.94873046875)]"
132,"[(0, 1824.061767578125), (1, 2439.1982421875)]","[(0, 1740.30029296875), (1, 1766.7967529296875)]","[(0, 3683.882080078125), (1, 3218.515380859375)]","[(0, 1997.546875), (1, 2005.9122314453125)]","[(0, 1700.2464599609375), (1, 1067.7791748046875)]","[(0, 4347.66748046875), (1, 4691.42333984375)]","[(0, 2629.2578125), (1, 2803.3798828125)]","[(0, 3080.377197265625), (1, 2333.889404296875)]","[(0, 2775.189697265625), (1, 2548.09912109375)]","[(0, 1920.0823974609375), (1, 2152.594970703125)]","[(0, 4459.640625), (1, 3676.06298828125)]"
133,"[(0, 2393.620361328125), (1, 3129.885986328125)]","[(0, 2230.933837890625), (1, 2467.2529296875)]","[(0, 8332.9931640625), (1, 8246.890625)]","[(0, 3171.343505859375), (1, 3107.86962890625)]","[(0, 613.3295288085938), (1, 601.9056396484375)]","[(0, 2197.40234375), (1, 2222.53515625)]","[(0, 5524.78564453125), (1, 5101.119140625)]","[(0, 1793.2391357421875), (1, 1365.8907470703125)]","[(0, 1212.096923828125), (1, 1421.7591552734375)]","[(0, 2086.355712890625), (1, 1853.6649169921875)]","[(0, 1772.591552734375), (1, 1368.495849609375)]"
134,"[(0, 1708.4815673828125), (1, 2269.611572265625)]","[(0, 3013.18994140625), (1, 3375.430419921875)]","[(0, 1956.720703125), (1, 1894.2393798828125)]","[(0, 1267.4805908203125), (1, 1299.8465576171875)]","[(0, 825.549072265625), (1, 811.7740478515625)]","[(0, 3678.324951171875), (1, 3477.4140625)]","[(0, 3375.291748046875), (1, 3760.88818359375)]","[(0, 1310.47314453125), (1, 1532.63232421875)]","[(0, 1268.7110595703125), (1, 1490.17919921875)]","[(0, 1455.54736328125), (1, 1810.6859130859375)]","[(0, 1104.042724609375), (1, 1028.840576171875)]"
135,"[(0, 1587.450439453125), (1, 2185.97216796875)]","[(0, 2619.69189453125), (1, 2786.965576171875)]","[(0, 2431.639404296875), (1, 2426.50244140625)]","[(0, 3437.83837890625), (1, 3324.890380859375)]","[(0, 3243.823486328125), (1, 1832.426513671875)]","[(0, 2830.40576171875), (1, 2935.793701171875)]","[(0, 4652.521484375), (1, 4508.99609375)]","[(0, 1584.588623046875), (1, 1487.886474609375)]","[(0, 1564.5028076171875), (1, 1717.08251953125)]","[(0, 2178.575927734375), (1, 2376.4716796875)]","[(0, 3393.9326171875), (1, 2871.603759765625)]"
136,"[(0, 1259.384765625), (1, 1480.9991455078125)]","[(0, 1485.55615234375), (1, 1431.11083984375)]","[(0, 7713.51611328125), (1, 7771.3671875)]","[(0, 2777.15283203125), (1, 2780.306396484375)]","[(0, 2976.74365234375), (1, 1672.04541015625)]","[(0, 5671.91455078125), (1, 6308.18505859375)]","[(0, 5823.60009765625), (1, 5588.82763671875)]","[(0, 1110.02197265625), (1, 998.9834594726562)]","[(0, 1470.910400390625), (1, 1652.487548828125)]","[(0, 1858.1763916015625), (1, 1546.9637451171875)]","[(0, 1759.278564453125), (1, 1632.0614013671875)]"
137,"[(0, 2121.95654296875), (1, 2788.784423828125)]","[(0, 679.1953735351562), (1, 598.9755249023438)]","[(0, 3501.988037109375), (1, 3823.35009765625)]","[(0, 4395.71240234375), (1, 4329.12353515625)]","[(0, 1191.3994140625), (1, 1139.019775390625)]","[(0, 3190.041015625), (1, 2951.732666015625)]","[(0, 4562.27734375), (1, 4457.646484375)]","[(0, 1263.2183837890625), (1, 1138.840576171875)]","[(0, 2347.47265625), (1, 2540.562744140625)]","[(0, 1724.8134765625), (1, 1771.178955078125)]","[(0, 1753.293212890625), (1, 1585.72998046875)]"
138,"[(0, 1396.8184814453125), (1, 1629.4036865234375)]","[(0, 1626.44140625), (1, 1580.6456298828125)]","[(0, 5645.9609375), (1, 6027.9697265625)]","[(0, 2322.887939453125), (1, 2684.891845703125)]","[(0, 3430.577392578125), (1, 2063.081787109375)]","[(0, 4646.45166015625), (1, 4885.7900390625)]","[(0, 3558.021728515625), (1, 3219.64501953125)]","[(0, 2992.822021484375), (1, 2944.135009765625)]","[(0, 1879.1021728515625), (1, 1976.0587158203125)]","[(0, 1762.2987060546875), (1, 1689.7218017578125)]","[(0, 2147.7568359375), (1, 2066.551513671875)]"
139,"[(0, 1741.350341796875), (1, 2064.796142578125)]","[(0, 2284.893310546875), (1, 2441.079833984375)]","[(0, 3987.1142578125), (1, 3920.84375)]","[(0, 2552.82861328125), (1, 2652.672119140625)]","[(0, 2698.654052734375), (1, 1590.015625)]","[(0, 3812.034423828125), (1, 3596.232666015625)]","[(0, 3202.337158203125), (1, 3059.11181640625)]","[(0, 1096.7921142578125), (1, 1249.0867919921875)]","[(0, 2966.193359375), (1, 2701.07568359375)]","[(0, 1657.4268798828125), (1, 1679.447998046875)]","[(0, 1724.67529296875), (1, 1633.1917724609375)]"
140,"[(0, 1591.014404296875), (1, 2074.824462890625)]","[(0, 1726.265625), (1, 1804.1995849609375)]","[(0, 2252.41650390625), (1, 2348.501708984375)]","[(0, 4510.4755859375), (1, 4410.1943359375)]","[(0, 1951.511962890625), (1, 1750.08740234375)]","[(0, 3855.528076171875), (1, 3684.37744140625)]","[(0, 3919.097900390625), (1, 4291.42529296875)]","[(0, 1165.4583740234375), (1, 1026.5716552734375)]","[(0, 1054.235595703125), (1, 1146.316650390625)]","[(0, 2622.8291015625), (1, 2618.12841796875)]","[(0, 1323.0899658203125), (1, 1223.2987060546875)]"
141,"[(0, 1185.214111328125), (1, 1496.336181640625)]","[(0, 1147.9259033203125), (1, 1132.81201171875)]","[(0, 2039.2393798828125), (1, 1992.356689453125)]","[(0, 1689.967529296875), (1, 1862.2496337890625)]","[(0, 2167.8857421875), (1, 1917.205078125)]","[(0, 3928.475341796875), (1, 4072.388671875)]","[(0, 3809.737548828125), (1, 5130.34765625)]","[(0, 1676.333251953125), (1, 1588.0174560546875)]","[(0, 1169.5087890625), (1, 1336.7315673828125)]","[(0, 1405.1998291015625), (1, 1661.115478515625)]","[(0, 2247.283203125), (1, 2183.785400390625)]"
142,"[(0, 1420.0496826171875), (1, 1685.6343994140625)]","[(0, 571.398193359375), (1, 508.7164001464844)]","[(0, 2765.0244140625), (1, 2681.056396484375)]","[(0, 3190.068603515625), (1, 3053.1923828125)]","[(0, 3601.394775390625), (1, 2158.33544921875)]","[(0, 4353.919921875), (1, 4627.12744140625)]","[(0, 2742.29931640625), (1, 3433.133544921875)]","[(0, 1001.47314453125), (1, 1175.9072265625)]","[(0, 1590.69580078125), (1, 1586.703369140625)]","[(0, 891.3604736328125), (1, 995.7186889648438)]","[(0, 3190.57666015625), (1, 2632.135498046875)]"
143,"[(0, 1970.25439453125), (1, 2367.46630859375)]","[(0, 2121.1845703125), (1, 2284.90087890625)]","[(0, 1531.59130859375), (1, 1418.6392822265625)]","[(0, 2905.35498046875), (1, 3348.584228515625)]","[(0, 3206.517822265625), (1, 1860.975830078125)]","[(0, 5233.9501953125), (1, 4874.88037109375)]","[(0, 2118.250244140625), (1, 2083.75390625)]","[(0, 1519.5166015625), (1, 1590.416748046875)]","[(0, 1881.0645751953125), (1, 1969.5311279296875)]","[(0, 1623.8377685546875), (1, 1546.6334228515625)]","[(0, 1928.1151123046875), (1, 1793.539306640625)]"
144,"[(0, 1605.7813720703125), (1, 2101.307861328125)]","[(0, 2546.48486328125), (1, 2893.583740234375)]","[(0, 6448.5419921875), (1, 6754.41845703125)]","[(0, 3054.39794921875), (1, 3288.427001953125)]","[(0, 2042.4012451171875), (1, 1942.4990234375)]","[(0, 4341.7255859375), (1, 4867.099609375)]","[(0, 2719.902587890625), (1, 2815.87646484375)]","[(0, 1467.2313232421875), (1, 1514.3245849609375)]","[(0, 1264.775146484375), (1, 1075.693115234375)]","[(0, 1010.8917236328125), (1, 1057.252685546875)]","[(0, 2427.64697265625), (1, 1976.9002685546875)]"
145,"[(0, 1034.9759521484375), (1, 1297.9730224609375)]","[(0, 2193.627197265625), (1, 2525.509033203125)]","[(0, 3594.233642578125), (1, 2980.35986328125)]","[(0, 1852.4110107421875), (1, 2000.5697021484375)]","[(0, 3132.857421875), (1, 1911.018798828125)]","[(0, 2348.06494140625), (1, 2826.560791015625)]","[(0, 3111.336181640625), (1, 3109.60986328125)]","[(0, 1534.06689453125), (1, 1466.8585205078125)]","[(0, 1611.8687744140625), (1, 1470.35791015625)]","[(0, 1207.12451171875), (1, 971.4445190429688)]","[(0, 2160.11962890625), (1, 2062.827880859375)]"
146,"[(0, 1404.1737060546875), (1, 1661.5479736328125)]","[(0, 1442.7802734375), (1, 1517.8408203125)]","[(0, 3694.679931640625), (1, 3402.867919921875)]","[(0, 3433.618408203125), (1, 3383.01318359375)]","[(0, 960.5549926757812), (1, 928.025146484375)]","[(0, 2350.032958984375), (1, 2001.867431640625)]","[(0, 3254.358642578125), (1, 3492.685791015625)]","[(0, 2629.75439453125), (1, 3126.115234375)]","[(0, 840.3316040039062), (1, 1093.524658203125)]","[(0, 1540.654296875), (1, 1563.2998046875)]","[(0, 2756.83056640625), (1, 2225.480224609375)]"
147,"[(0, 1879.656982421875), (1, 2424.07958984375)]","[(0, 583.2899169921875), (1, 537.3262329101562)]","[(0, 5668.18896484375), (1, 5975.2041015625)]","[(0, 3381.494140625), (1, 3509.001953125)]","[(0, 4255.18359375), (1, 2495.947021484375)]","[(0, 2351.790771484375), (1, 2184.4677734375)]","[(0, 5141.45654296875), (1, 7197.5537109375)]","[(0, 1741.1717529296875), (1, 2157.6767578125)]","[(0, 711.2945556640625), (1, 1076.7646484375)]","[(0, 931.1248168945312), (1, 995.2559204101562)]","[(0, 2310.605712890625), (1, 2254.25830078125)]"
148,"[(0, 1186.797607421875), (1, 1385.1707763671875)]","[(0, 1050.37548828125), (1, 1404.2071533203125)]","[(0, 3019.011962890625), (1, 3101.592529296875)]","[(0, 5105.32861328125), (1, 5218.783203125)]","[(0, 3377.139892578125), (1, 1951.5081787109375)]","[(0, 4432.15771484375), (1, 4659.2265625)]","[(0, 2135.987060546875), (1, 2815.30615234375)]","[(0, 1388.3341064453125), (1, 1626.1103515625)]","[(0, 1019.3052368164062), (1, 1159.58837890625)]","[(0, 1095.839111328125), (1, 1645.124755859375)]","[(0, 2502.951171875), (1, 1886.5819091796875)]"
149,"[(0, 1217.44580078125), (1, 1457.1356201171875)]","[(0, 1224.2276611328125), (1, 1765.7744140625)]","[(0, 2411.255615234375), (1, 2411.383056640625)]","[(0, 3065.20068359375), (1, 2901.84521484375)]","[(0, 1687.67236328125), (1, 1528.0008544921875)]","[(0, 4658.64013671875), (1, 4872.35693359375)]","[(0, 6239.5048828125), (1, 5660.0966796875)]","[(0, 1852.7247314453125), (1, 1597.2003173828125)]","[(0, 1522.2230224609375), (1, 1464.519287109375)]","[(0, 2216.915771484375), (1, 1850.12646484375)]","[(0, 2684.63818359375), (1, 2308.683837890625)]"
150,"[(0, 1331.322021484375), (1, 1672.1060791015625)]","[(0, 1098.0072021484375), (1, 1485.951416015625)]","[(0, 3298.56884765625), (1, 3752.236572265625)]","[(0, 1457.41845703125), (1, 1525.760009765625)]","[(0, 1848.3365478515625), (1, 1733.3046875)]","[(0, 5414.30517578125), (1, 5021.78466796875)]","[(0, 3256.640380859375), (1, 3579.86962890625)]","[(0, 1994.072265625), (1, 2174.648681640625)]","[(0, 1854.211181640625), (1, 1659.801025390625)]","[(0, 1945.945068359375), (1, 1962.7349853515625)]","[(0, 1648.9541015625), (1, 1612.579833984375)]"
151,"[(0, 2404.481201171875), (1, 3276.015625)]","[(0, 1122.52294921875), (1, 1223.64404296875)]","[(0, 4645.29052734375), (1, 4442.02099609375)]","[(0, 3255.888916015625), (1, 3333.31640625)]","[(0, 4335.93701171875), (1, 2534.964599609375)]","[(0, 5311.41650390625), (1, 4908.08935546875)]","[(0, 5038.81494140625), (1, 5511.93896484375)]","[(0, 1107.1336669921875), (1, 1156.9356689453125)]","[(0, 1013.2569580078125), (1, 1175.436767578125)]","[(0, 1254.019775390625), (1, 1587.6796875)]","[(0, 1365.8009033203125), (1, 1297.468017578125)]"
152,"[(0, 1569.64306640625), (1, 1991.9549560546875)]","[(0, 1099.128173828125), (1, 1448.1370849609375)]","[(0, 3436.936767578125), (1, 3613.05322265625)]","[(0, 3116.56005859375), (1, 3258.9892578125)]","[(0, 4916.28271484375), (1, 2835.9990234375)]","[(0, 4675.4150390625), (1, 5055.806640625)]","[(0, 2975.58544921875), (1, 3487.337158203125)]","[(0, 1488.021240234375), (1, 1190.5684814453125)]","[(0, 2252.676513671875), (1, 1881.2037353515625)]","[(0, 1639.873291015625), (1, 1648.2325439453125)]","[(0, 1045.2193603515625), (1, 945.0404663085938)]"
153,"[(0, 1508.8056640625), (1, 1773.0396728515625)]","[(0, 1363.6689453125), (1, 1972.919677734375)]","[(0, 2372.692138671875), (1, 2331.9794921875)]","[(0, 6518.22412109375), (1, 6518.78955078125)]","[(0, 4004.9990234375), (1, 3681.184814453125)]","[(0, 6386.7998046875), (1, 6796.60009765625)]","[(0, 2504.244140625), (1, 2556.78076171875)]","[(0, 2749.63330078125), (1, 2110.358154296875)]","[(0, 1175.2535400390625), (1, 1252.2744140625)]","[(0, 1242.0794677734375), (1, 1095.0791015625)]","[(0, 2895.64453125), (1, 2460.11865234375)]"
154,"[(0, 1221.924072265625), (1, 1433.837646484375)]","[(0, 1152.4049072265625), (1, 1583.4376220703125)]","[(0, 911.5947875976562), (1, 788.4757690429688)]","[(0, 4131.5283203125), (1, 4333.77880859375)]","[(0, 5752.060546875), (1, 3445.420166015625)]","[(0, 6505.4990234375), (1, 6256.31298828125)]","[(0, 3207.8359375), (1, 3386.283203125)]","[(0, 1947.1322021484375), (1, 1760.3350830078125)]","[(0, 1287.8763427734375), (1, 1393.2781982421875)]","[(0, 1543.89306640625), (1, 1849.4835205078125)]","[(0, 2167.926025390625), (1, 2038.500732421875)]"
155,"[(0, 2002.292236328125), (1, 2582.469970703125)]","[(0, 967.4837646484375), (1, 1111.0751953125)]","[(0, 9348.623046875), (1, 9854.810546875)]","[(0, 2286.761474609375), (1, 2285.575439453125)]","[(0, 4583.65966796875), (1, 2746.285400390625)]","[(0, 6616.59765625), (1, 6338.0400390625)]","[(0, 3730.14794921875), (1, 3550.0400390625)]","[(0, 932.2732543945312), (1, 1022.8507690429688)]","[(0, 2130.24951171875), (1, 2307.611083984375)]","[(0, 2903.893798828125), (1, 2954.499755859375)]","[(0, 1694.9598388671875), (1, 1661.9781494140625)]"
156,"[(0, 1648.336181640625), (1, 2028.01904296875)]","[(0, 667.0972900390625), (1, 577.95947265625)]","[(0, 3316.87109375), (1, 3493.115478515625)]","[(0, 3543.072509765625), (1, 3844.333251953125)]","[(0, 3235.290283203125), (1, 2719.872802734375)]","[(0, 6243.5458984375), (1, 6467.2587890625)]","[(0, 4340.46728515625), (1, 4628.36328125)]","[(0, 1508.0518798828125), (1, 1598.02294921875)]","[(0, 783.8255615234375), (1, 741.7081298828125)]","[(0, 1280.9593505859375), (1, 1703.515380859375)]","[(0, 1843.684326171875), (1, 1474.62890625)]"
157,"[(0, 1513.9454345703125), (1, 1973.4588623046875)]","[(0, 2697.829345703125), (1, 2920.546630859375)]","[(0, 5055.6279296875), (1, 4666.77783203125)]","[(0, 4270.65234375), (1, 4109.5849609375)]","[(0, 1765.61767578125), (1, 1532.7252197265625)]","[(0, 4944.35791015625), (1, 5146.03759765625)]","[(0, 2512.165283203125), (1, 2679.97509765625)]","[(0, 2524.14990234375), (1, 2104.8037109375)]","[(0, 1484.5335693359375), (1, 1061.6224365234375)]","[(0, 1354.0198974609375), (1, 1556.732177734375)]","[(0, 1933.366455078125), (1, 1820.583251953125)]"
158,"[(0, 1909.9830322265625), (1, 2524.077880859375)]","[(0, 3737.30859375), (1, 4260.0966796875)]","[(0, 5295.10107421875), (1, 5665.556640625)]","[(0, 2230.148681640625), (1, 2211.058837890625)]","[(0, 3147.8046875), (1, 1874.0706787109375)]","[(0, 5335.66357421875), (1, 5041.08349609375)]","[(0, 1750.065673828125), (1, 1810.444091796875)]","[(0, 1280.735107421875), (1, 1393.327392578125)]","[(0, 1567.14501953125), (1, 1360.97314453125)]","[(0, 3034.77880859375), (1, 2527.40185546875)]","[(0, 3471.459716796875), (1, 3025.690185546875)]"
159,"[(0, 2057.67236328125), (1, 2680.518310546875)]","[(0, 2949.245361328125), (1, 3316.140625)]","[(0, 2573.047119140625), (1, 2629.94873046875)]","[(0, 1512.8927001953125), (1, 1587.722900390625)]","[(0, 2591.35888671875), (1, 1534.052978515625)]","[(0, 7033.6728515625), (1, 6623.11962890625)]","[(0, 3905.211669921875), (1, 3622.627685546875)]","[(0, 2358.263427734375), (1, 2495.480224609375)]","[(0, 1205.504150390625), (1, 929.2105102539062)]","[(0, 1884.5966796875), (1, 2111.7333984375)]","[(0, 2315.140869140625), (1, 2293.6787109375)]"
160,"[(0, 1998.2366943359375), (1, 2550.830810546875)]","[(0, 2598.089599609375), (1, 2713.747802734375)]","[(0, 8655.2705078125), (1, 8736.2919921875)]","[(0, 6392.11962890625), (1, 6466.04931640625)]","[(0, 1324.001220703125), (1, 1231.445556640625)]","[(0, 5801.8037109375), (1, 6025.3544921875)]","[(0, 2651.572998046875), (1, 3023.117431640625)]","[(0, 2029.427490234375), (1, 1614.4571533203125)]","[(0, 2480.639892578125), (1, 2229.5439453125)]","[(0, 1673.04638671875), (1, 1379.3883056640625)]","[(0, 3882.922119140625), (1, 3166.571533203125)]"
161,"[(0, 1976.540283203125), (1, 2539.09716796875)]","[(0, 1015.1343383789062), (1, 1390.840087890625)]","[(0, 3530.285888671875), (1, 3536.287109375)]","[(0, 1373.2462158203125), (1, 1403.31494140625)]","[(0, 5562.80322265625), (1, 3335.5771484375)]","[(0, 5380.26123046875), (1, 5617.8544921875)]","[(0, 2780.2998046875), (1, 4117.3798828125)]","[(0, 1462.9732666015625), (1, 1588.1968994140625)]","[(0, 1262.826904296875), (1, 1114.035888671875)]","[(0, 1580.1046142578125), (1, 1701.7803955078125)]","[(0, 1392.30859375), (1, 1291.4677734375)]"
162,"[(0, 1360.1497802734375), (1, 1751.70458984375)]","[(0, 1173.4425048828125), (1, 1752.1357421875)]","[(0, 6997.25634765625), (1, 7602.79833984375)]","[(0, 4318.37744140625), (1, 4318.703125)]","[(0, 4716.5673828125), (1, 2787.914794921875)]","[(0, 5566.57666015625), (1, 5326.8427734375)]","[(0, 2397.85302734375), (1, 3294.990966796875)]","[(0, 1610.6201171875), (1, 1738.9954833984375)]","[(0, 2608.251953125), (1, 1668.709716796875)]","[(0, 1964.4476318359375), (1, 2285.2724609375)]","[(0, 1682.707275390625), (1, 1545.545166015625)]"
163,"[(0, 2227.335693359375), (1, 2950.071044921875)]","[(0, 1096.624755859375), (1, 1499.84716796875)]","[(0, 2231.707275390625), (1, 2210.510498046875)]","[(0, 2959.83984375), (1, 3041.33837890625)]","[(0, 2244.090087890625), (1, 1954.9898681640625)]","[(0, 4451.6943359375), (1, 4297.12158203125)]","[(0, 4122.6845703125), (1, 3882.914794921875)]","[(0, 2743.74609375), (1, 2914.39208984375)]","[(0, 1773.1107177734375), (1, 1425.493408203125)]","[(0, 1316.2064208984375), (1, 1477.9656982421875)]","[(0, 3174.51171875), (1, 2636.481689453125)]"
164,"[(0, 1512.0906982421875), (1, 1892.760498046875)]","[(0, 1025.169677734375), (1, 1113.665771484375)]","[(0, 1707.272216796875), (1, 1404.7642822265625)]","[(0, 2168.219482421875), (1, 2366.8251953125)]","[(0, 1010.329833984375), (1, 899.0928955078125)]","[(0, 6202.43017578125), (1, 6710.521484375)]","[(0, 3229.103759765625), (1, 3396.45166015625)]","[(0, 1136.3404541015625), (1, 1224.55517578125)]","[(0, 1971.2119140625), (1, 1754.2908935546875)]","[(0, 1503.572021484375), (1, 1977.7772216796875)]","[(0, 2254.296875), (1, 2213.610595703125)]"
165,"[(0, 1702.1585693359375), (1, 2176.342529296875)]","[(0, 1815.663330078125), (1, 1931.4617919921875)]","[(0, 3644.0830078125), (1, 3705.70751953125)]","[(0, 1844.6385498046875), (1, 1933.07421875)]","[(0, 2533.984619140625), (1, 1548.6339111328125)]","[(0, 3264.00927734375), (1, 3514.40380859375)]","[(0, 3302.2578125), (1, 3095.570068359375)]","[(0, 1057.808837890625), (1, 1040.446533203125)]","[(0, 1615.21875), (1, 1275.0621337890625)]","[(0, 2673.107666015625), (1, 3106.035400390625)]","[(0, 1745.0101318359375), (1, 1662.906494140625)]"
166,"[(0, 1455.3079833984375), (1, 1890.052001953125)]","[(0, 2322.18017578125), (1, 2647.578369140625)]","[(0, 1344.92041015625), (1, 1223.879150390625)]","[(0, 2011.0645751953125), (1, 2179.662841796875)]","[(0, 1900.850830078125), (1, 1247.842529296875)]","[(0, 4326.5478515625), (1, 4113.58056640625)]","[(0, 2936.598876953125), (1, 3169.529541015625)]","[(0, 1334.4324951171875), (1, 1623.10302734375)]","[(0, 1529.60693359375), (1, 1104.1279296875)]","[(0, 2697.31982421875), (1, 2366.721435546875)]","[(0, 1275.443359375), (1, 1098.4600830078125)]"
167,"[(0, 1267.3790283203125), (1, 1612.2138671875)]","[(0, 2000.3607177734375), (1, 2201.38330078125)]","[(0, 5800.890625), (1, 5469.76416015625)]","[(0, 4944.99951171875), (1, 5348.17626953125)]","[(0, 2658.765625), (1, 2384.807373046875)]","[(0, 4760.1787109375), (1, 4516.84619140625)]","[(0, 3595.71826171875), (1, 3958.7734375)]","[(0, 1138.8297119140625), (1, 1276.4727783203125)]","[(0, 1588.46728515625), (1, 1376.40869140625)]","[(0, 747.54931640625), (1, 893.6045532226562)]","[(0, 1523.20263671875), (1, 1326.3809814453125)]"
168,"[(0, 1530.9019775390625), (1, 1992.7064208984375)]","[(0, 1231.27880859375), (1, 1250.3382568359375)]","[(0, 6493.18310546875), (1, 6059.52001953125)]","[(0, 2194.564453125), (1, 2190.16455078125)]","[(0, 2691.24951171875), (1, 2499.85009765625)]","[(0, 2736.212646484375), (1, 2951.2021484375)]","[(0, 4015.51220703125), (1, 4346.65576171875)]","[(0, 1526.110595703125), (1, 2116.9306640625)]","[(0, 1912.7791748046875), (1, 1955.5753173828125)]","[(0, 3062.030517578125), (1, 3423.171875)]","[(0, 2036.8682861328125), (1, 1671.7855224609375)]"
169,"[(0, 1875.119140625), (1, 2515.572021484375)]","[(0, 1193.832763671875), (1, 1155.1419677734375)]","[(0, 7435.4814453125), (1, 7148.4921875)]","[(0, 3574.073974609375), (1, 3588.1513671875)]","[(0, 4067.03271484375), (1, 2515.44970703125)]","[(0, 3921.25146484375), (1, 4111.93310546875)]","[(0, 3322.291259765625), (1, 3151.986083984375)]","[(0, 1948.3275146484375), (1, 2094.03515625)]","[(0, 1598.5283203125), (1, 1727.5511474609375)]","[(0, 1512.992919921875), (1, 1386.6324462890625)]","[(0, 1461.6846923828125), (1, 1329.9395751953125)]"
170,"[(0, 2054.2958984375), (1, 2711.212646484375)]","[(0, 1703.1131591796875), (1, 1778.7886962890625)]","[(0, 8361.0048828125), (1, 8500.5322265625)]","[(0, 4063.496826171875), (1, 4121.21044921875)]","[(0, 3547.81640625), (1, 2176.099609375)]","[(0, 3166.56884765625), (1, 2972.396240234375)]","[(0, 4090.156494140625), (1, 4413.13525390625)]","[(0, 1475.191650390625), (1, 1254.450439453125)]","[(0, 1322.249755859375), (1, 1475.4666748046875)]","[(0, 2002.7850341796875), (1, 2112.316650390625)]","[(0, 2197.59521484375), (1, 2063.16748046875)]"
171,"[(0, 1462.0548095703125), (1, 1880.922119140625)]","[(0, 1342.6136474609375), (1, 1348.2099609375)]","[(0, 5205.79443359375), (1, 4943.45263671875)]","[(0, 2367.304931640625), (1, 2498.871826171875)]","[(0, 1318.1458740234375), (1, 1294.7764892578125)]","[(0, 2205.0361328125), (1, 2094.9970703125)]","[(0, 5199.53759765625), (1, 5443.89013671875)]","[(0, 1737.76953125), (1, 1957.8743896484375)]","[(0, 2069.92626953125), (1, 2282.481201171875)]","[(0, 1177.1705322265625), (1, 1414.25244140625)]","[(0, 3176.901611328125), (1, 2615.44677734375)]"
172,"[(0, 1575.6187744140625), (1, 1946.7794189453125)]","[(0, 1473.063232421875), (1, 1468.9962158203125)]","[(0, 4114.291015625), (1, 3961.500244140625)]","[(0, 1352.6878662109375), (1, 1331.476318359375)]","[(0, 1211.4752197265625), (1, 1190.868896484375)]","[(0, 5806.23681640625), (1, 6282.80712890625)]","[(0, 4137.111328125), (1, 4176.2607421875)]","[(0, 1210.3822021484375), (1, 1078.7021484375)]","[(0, 2022.0235595703125), (1, 2208.880615234375)]","[(0, 1795.3558349609375), (1, 2247.11376953125)]","[(0, 3713.8232421875), (1, 2984.0869140625)]"
173,"[(0, 1233.3883056640625), (1, 1623.690673828125)]","[(0, 581.9119873046875), (1, 496.288330078125)]","[(0, 4169.22900390625), (1, 4022.8447265625)]","[(0, 4478.60693359375), (1, 4221.8798828125)]","[(0, 4413.287109375), (1, 2811.24658203125)]","[(0, 4153.4697265625), (1, 4322.08154296875)]","[(0, 2133.67333984375), (1, 2088.852294921875)]","[(0, 1749.5576171875), (1, 1863.9154052734375)]","[(0, 1626.399658203125), (1, 1877.6009521484375)]","[(0, 1668.008056640625), (1, 1633.859375)]","[(0, 1983.6790771484375), (1, 1906.7862548828125)]"
174,"[(0, 1513.749267578125), (1, 1875.3087158203125)]","[(0, 1028.7110595703125), (1, 1389.807861328125)]","[(0, 2909.96923828125), (1, 2520.773681640625)]","[(0, 1231.2406005859375), (1, 1279.834716796875)]","[(0, 4003.10107421875), (1, 2524.016357421875)]","[(0, 5516.33544921875), (1, 5239.92333984375)]","[(0, 2193.4033203125), (1, 2301.555908203125)]","[(0, 1903.595703125), (1, 2009.6842041015625)]","[(0, 1809.9849853515625), (1, 2066.09716796875)]","[(0, 1312.8704833984375), (1, 1611.867919921875)]","[(0, 682.066650390625), (1, 648.3465576171875)]"
175,"[(0, 968.9661865234375), (1, 1121.520263671875)]","[(0, 1263.5225830078125), (1, 1819.1375732421875)]","[(0, 2917.609619140625), (1, 3093.598876953125)]","[(0, 1881.1571044921875), (1, 2011.3524169921875)]","[(0, 2804.865234375), (1, 2384.496826171875)]","[(0, 5316.00244140625), (1, 5081.173828125)]","[(0, 5208.97216796875), (1, 5355.03515625)]","[(0, 3199.0009765625), (1, 2262.21923828125)]","[(0, 1906.7635498046875), (1, 2203.42822265625)]","[(0, 2451.3583984375), (1, 2267.506591796875)]","[(0, 3739.205078125), (1, 3302.648193359375)]"
176,"[(0, 1391.3515625), (1, 1841.42724609375)]","[(0, 1167.26025390625), (1, 1600.9859619140625)]","[(0, 2668.17919921875), (1, 2974.515869140625)]","[(0, 2041.4937744140625), (1, 2245.500732421875)]","[(0, 2640.655029296875), (1, 2263.794677734375)]","[(0, 4510.97021484375), (1, 4750.7275390625)]","[(0, 4225.779296875), (1, 4235.595703125)]","[(0, 1307.9859619140625), (1, 1158.69970703125)]","[(0, 1358.4898681640625), (1, 1382.068603515625)]","[(0, 1014.5115356445312), (1, 886.9159545898438)]","[(0, 1437.256103515625), (1, 1302.55859375)]"
177,"[(0, 1847.287109375), (1, 2407.474365234375)]","[(0, 1065.013427734375), (1, 1217.4661865234375)]","[(0, 2382.625), (1, 2314.338134765625)]","[(0, 6583.75390625), (1, 6895.92529296875)]","[(0, 4110.0634765625), (1, 2481.8974609375)]","[(0, 4765.65185546875), (1, 5105.80126953125)]","[(0, 2714.703125), (1, 2478.510498046875)]","[(0, 1816.7960205078125), (1, 1493.8487548828125)]","[(0, 1728.2943115234375), (1, 1436.15380859375)]","[(0, 1325.129150390625), (1, 1157.703369140625)]","[(0, 1417.5540771484375), (1, 1315.3870849609375)]"
178,"[(0, 1878.825439453125), (1, 2466.673095703125)]","[(0, 1734.8568115234375), (1, 1693.8231201171875)]","[(0, 7209.1630859375), (1, 7142.69287109375)]","[(0, 2000.8358154296875), (1, 2167.63232421875)]","[(0, 3884.429443359375), (1, 2310.222412109375)]","[(0, 4145.7724609375), (1, 3828.542236328125)]","[(0, 4341.705078125), (1, 4683.43896484375)]","[(0, 1450.278564453125), (1, 1306.8643798828125)]","[(0, 1089.7197265625), (1, 978.7966918945312)]","[(0, 1361.695556640625), (1, 1472.40869140625)]","[(0, 1804.6641845703125), (1, 1683.8944091796875)]"
179,"[(0, 1355.8843994140625), (1, 1706.460693359375)]","[(0, 2346.8974609375), (1, 2562.391357421875)]","[(0, 3412.3896484375), (1, 2649.213623046875)]","[(0, 3115.87060546875), (1, 3227.742919921875)]","[(0, 5783.583984375), (1, 3301.0390625)]","[(0, 2118.66943359375), (1, 2038.54345703125)]","[(0, 2311.952392578125), (1, 2281.908935546875)]","[(0, 1920.8690185546875), (1, 1791.9049072265625)]","[(0, 1871.248046875), (1, 1913.9835205078125)]","[(0, 983.1318359375), (1, 1024.9892578125)]","[(0, 3335.84765625), (1, 2969.32373046875)]"
180,"[(0, 1889.5816650390625), (1, 2411.39697265625)]","[(0, 1770.30078125), (1, 1878.095458984375)]","[(0, 2867.047607421875), (1, 2512.40966796875)]","[(0, 7061.72021484375), (1, 6882.81787109375)]","[(0, 3160.18505859375), (1, 1861.6512451171875)]","[(0, 2219.959228515625), (1, 2565.8955078125)]","[(0, 3135.984130859375), (1, 3295.2958984375)]","[(0, 1102.0556640625), (1, 1265.8062744140625)]","[(0, 894.858154296875), (1, 1017.8587646484375)]","[(0, 1649.462158203125), (1, 1369.2216796875)]","[(0, 1887.8236083984375), (1, 1729.30322265625)]"
181,"[(0, 2337.970703125), (1, 2990.174560546875)]","[(0, 1258.5299072265625), (1, 1189.6259765625)]","[(0, 1611.8026123046875), (1, 1204.2969970703125)]","[(0, 3869.651123046875), (1, 4009.137451171875)]","[(0, 2383.730712890625), (1, 2307.234619140625)]","[(0, 2017.78955078125), (1, 1758.975830078125)]","[(0, 3643.9892578125), (1, 3688.705322265625)]","[(0, 1046.9122314453125), (1, 1038.17138671875)]","[(0, 1947.321533203125), (1, 1775.1917724609375)]","[(0, 939.19189453125), (1, 1080.572998046875)]","[(0, 1720.553466796875), (1, 1626.6485595703125)]"
182,"[(0, 1388.6632080078125), (1, 1699.553466796875)]","[(0, 850.9189453125), (1, 735.0330810546875)]","[(0, 5973.22119140625), (1, 5406.5400390625)]","[(0, 1579.1614990234375), (1, 1483.5174560546875)]","[(0, 2143.99658203125), (1, 1982.522705078125)]","[(0, 3862.42822265625), (1, 4163.38818359375)]","[(0, 3838.98046875), (1, 4059.5576171875)]","[(0, 831.7724609375), (1, 618.6415405273438)]","[(0, 2102.674072265625), (1, 1968.1256103515625)]","[(0, 1923.529052734375), (1, 2458.558837890625)]","[(0, 2570.21337890625), (1, 2435.0634765625)]"
183,"[(0, 1297.369140625), (1, 1746.355224609375)]","[(0, 718.0111694335938), (1, 582.8561401367188)]","[(0, 1881.0736083984375), (1, 1977.1142578125)]","[(0, 2802.58056640625), (1, 2743.596923828125)]","[(0, 4239.41845703125), (1, 2478.791748046875)]","[(0, 6557.92333984375), (1, 7174.10302734375)]","[(0, 5130.337890625), (1, 4858.85400390625)]","[(0, 2190.153076171875), (1, 1923.4730224609375)]","[(0, 1178.162841796875), (1, 906.8720703125)]","[(0, 1424.384521484375), (1, 1644.4117431640625)]","[(0, 4263.2705078125), (1, 3732.863037109375)]"
184,"[(0, 1070.171875), (1, 1245.3310546875)]","[(0, 1755.8182373046875), (1, 1588.647705078125)]","[(0, 4021.690185546875), (1, 4098.8134765625)]","[(0, 5222.58203125), (1, 5176.3681640625)]","[(0, 3323.2451171875), (1, 1901.9381103515625)]","[(0, 7169.240234375), (1, 6631.12060546875)]","[(0, 6659.29638671875), (1, 6223.88037109375)]","[(0, 3551.81787109375), (1, 3749.818359375)]","[(0, 1309.4468994140625), (1, 1487.0125732421875)]","[(0, 1328.74658203125), (1, 1717.897216796875)]","[(0, 3173.12255859375), (1, 2573.7255859375)]"
185,"[(0, 1330.7242431640625), (1, 1702.7802734375)]","[(0, 2502.1767578125), (1, 2435.236572265625)]","[(0, 6566.89794921875), (1, 6043.72998046875)]","[(0, 2329.226806640625), (1, 2283.874755859375)]","[(0, 2068.739013671875), (1, 1801.1231689453125)]","[(0, 6459.85498046875), (1, 6217.6865234375)]","[(0, 3091.230712890625), (1, 3294.645263671875)]","[(0, 1222.4713134765625), (1, 1223.9720458984375)]","[(0, 970.8092041015625), (1, 1490.194091796875)]","[(0, 2210.58544921875), (1, 2107.734375)]","[(0, 2587.471923828125), (1, 2012.0977783203125)]"
186,"[(0, 1865.8316650390625), (1, 2205.69775390625)]","[(0, 1978.4591064453125), (1, 1843.07958984375)]","[(0, 3346.35595703125), (1, 3886.641845703125)]","[(0, 3563.04736328125), (1, 3445.699462890625)]","[(0, 1167.8531494140625), (1, 1026.5994873046875)]","[(0, 6567.48681640625), (1, 6973.79931640625)]","[(0, 4759.74267578125), (1, 4842.2236328125)]","[(0, 1176.04345703125), (1, 1080.807373046875)]","[(0, 1924.27490234375), (1, 1811.209228515625)]","[(0, 1799.317138671875), (1, 1725.1431884765625)]","[(0, 1537.662841796875), (1, 1388.8076171875)]"
187,"[(0, 1877.734375), (1, 2328.72802734375)]","[(0, 1398.8067626953125), (1, 1320.002685546875)]","[(0, 2389.13134765625), (1, 2580.91015625)]","[(0, 3751.58154296875), (1, 4256.0556640625)]","[(0, 1787.0640869140625), (1, 1248.0716552734375)]","[(0, 4839.82763671875), (1, 5134.08251953125)]","[(0, 2805.412109375), (1, 2496.689697265625)]","[(0, 1704.6009521484375), (1, 1179.712158203125)]","[(0, 1103.3311767578125), (1, 1168.0943603515625)]","[(0, 1275.9647216796875), (1, 1321.6837158203125)]","[(0, 1007.06298828125), (1, 885.56494140625)]"
188,"[(0, 2423.77783203125), (1, 3129.47998046875)]","[(0, 2249.21826171875), (1, 2130.274658203125)]","[(0, 3670.608642578125), (1, 2557.002685546875)]","[(0, 3341.08154296875), (1, 3583.93798828125)]","[(0, 2834.50927734375), (1, 1649.160888671875)]","[(0, 4303.23193359375), (1, 4110.22802734375)]","[(0, 3000.40966796875), (1, 3117.64794921875)]","[(0, 680.9783325195312), (1, 868.2257690429688)]","[(0, 879.5868530273438), (1, 741.9310302734375)]","[(0, 1353.155029296875), (1, 1091.8162841796875)]","[(0, 1966.53662109375), (1, 1776.402587890625)]"
189,"[(0, 1724.62109375), (1, 2289.016357421875)]","[(0, 2848.982421875), (1, 2888.20654296875)]","[(0, 2276.2392578125), (1, 2402.983154296875)]","[(0, 2306.73828125), (1, 2261.6376953125)]","[(0, 2353.4296875), (1, 2128.61865234375)]","[(0, 3697.90185546875), (1, 3402.501220703125)]","[(0, 4157.353515625), (1, 5681.83740234375)]","[(0, 1174.314697265625), (1, 1143.68115234375)]","[(0, 1586.385009765625), (1, 1179.662109375)]","[(0, 1283.3277587890625), (1, 1063.3018798828125)]","[(0, 2988.66650390625), (1, 2477.61572265625)]"
190,"[(0, 1575.6256103515625), (1, 1985.57763671875)]","[(0, 2510.76416015625), (1, 2445.0927734375)]","[(0, 2669.874267578125), (1, 2577.506103515625)]","[(0, 3255.9169921875), (1, 3071.491943359375)]","[(0, 1621.2242431640625), (1, 1439.01513671875)]","[(0, 3571.576171875), (1, 3710.895263671875)]","[(0, 3244.176025390625), (1, 3994.132080078125)]","[(0, 1082.8919677734375), (1, 1406.9080810546875)]","[(0, 994.67138671875), (1, 651.2174682617188)]","[(0, 3793.220458984375), (1, 3671.021484375)]","[(0, 3369.904541015625), (1, 2753.171630859375)]"
191,"[(0, 2426.539306640625), (1, 2959.61962890625)]","[(0, 1808.7745361328125), (1, 1673.5506591796875)]","[(0, 3653.86181640625), (1, 3422.228515625)]","[(0, 2874.2421875), (1, 3050.334228515625)]","[(0, 6536.556640625), (1, 3955.512939453125)]","[(0, 5519.9716796875), (1, 6062.15576171875)]","[(0, 2780.855224609375), (1, 2686.405517578125)]","[(0, 1647.4671630859375), (1, 1452.737060546875)]","[(0, 2917.730712890625), (1, 3428.32080078125)]","[(0, 2366.2158203125), (1, 2097.931884765625)]","[(0, 1711.2642822265625), (1, 1538.082275390625)]"
192,"[(0, 1881.44140625), (1, 2441.105224609375)]","[(0, 890.2225341796875), (1, 1153.15966796875)]","[(0, 3990.457763671875), (1, 3931.811279296875)]","[(0, 4413.4931640625), (1, 4619.97998046875)]","[(0, 4783.06298828125), (1, 2839.72314453125)]","[(0, 4050.821533203125), (1, 3926.86865234375)]","[(0, 5845.947265625), (1, 6205.90966796875)]","[(0, 1473.2528076171875), (1, 1347.2882080078125)]","[(0, 1102.6053466796875), (1, 806.7506103515625)]","[(0, 2712.7490234375), (1, 3750.208251953125)]","[(0, 4899.0361328125), (1, 4220.65234375)]"
193,"[(0, 2002.396240234375), (1, 2614.91552734375)]","[(0, 1062.490966796875), (1, 1481.8475341796875)]","[(0, 6449.35986328125), (1, 6431.47998046875)]","[(0, 3680.63037109375), (1, 3859.328125)]","[(0, 1652.44189453125), (1, 1554.781982421875)]","[(0, 5335.66357421875), (1, 5155.60693359375)]","[(0, 3800.020263671875), (1, 3743.63671875)]","[(0, 2421.961669921875), (1, 2116.324951171875)]","[(0, 1121.030517578125), (1, 1725.9512939453125)]","[(0, 1207.688720703125), (1, 1237.3255615234375)]","[(0, 4049.975341796875), (1, 3456.3759765625)]"
194,"[(0, 1336.5206298828125), (1, 1700.2562255859375)]","[(0, 1044.8515625), (1, 1392.2249755859375)]","[(0, 2086.79443359375), (1, 1887.0181884765625)]","[(0, 5098.48779296875), (1, 5361.84716796875)]","[(0, 2971.30078125), (1, 1698.184326171875)]","[(0, 5042.02099609375), (1, 5246.93896484375)]","[(0, 4997.29052734375), (1, 5021.6171875)]","[(0, 1541.0950927734375), (1, 1562.5269775390625)]","[(0, 561.1707153320312), (1, 656.990478515625)]","[(0, 2488.182373046875), (1, 3062.477294921875)]","[(0, 1335.035888671875), (1, 1203.6551513671875)]"
195,"[(0, 1675.6810302734375), (1, 2182.741455078125)]","[(0, 1094.626953125), (1, 1217.8609619140625)]","[(0, 3136.87548828125), (1, 2715.083740234375)]","[(0, 4856.6025390625), (1, 4978.880859375)]","[(0, 2186.361083984375), (1, 1247.0020751953125)]","[(0, 4526.2509765625), (1, 4803.931640625)]","[(0, 2872.917236328125), (1, 2614.97802734375)]","[(0, 2102.894775390625), (1, 1870.9447021484375)]","[(0, 2704.072998046875), (1, 2882.080078125)]","[(0, 2695.55712890625), (1, 2904.273193359375)]","[(0, 1566.906005859375), (1, 1453.490234375)]"
196,"[(0, 1242.6351318359375), (1, 1653.777099609375)]","[(0, 752.9581298828125), (1, 653.937744140625)]","[(0, 2159.96826171875), (1, 2361.360107421875)]","[(0, 5631.18408203125), (1, 6031.828125)]","[(0, 2182.807861328125), (1, 1841.4737548828125)]","[(0, 3813.874267578125), (1, 3598.8642578125)]","[(0, 1868.2052001953125), (1, 1951.01611328125)]","[(0, 2487.31884765625), (1, 2093.117919921875)]","[(0, 1304.7685546875), (1, 1175.992431640625)]","[(0, 3177.88330078125), (1, 2483.126220703125)]","[(0, 2033.4163818359375), (1, 1816.5224609375)]"
197,"[(0, 1732.1884765625), (1, 2344.919677734375)]","[(0, 565.7408447265625), (1, 495.6275939941406)]","[(0, 3932.681396484375), (1, 3504.0390625)]","[(0, 2183.13916015625), (1, 2558.737060546875)]","[(0, 1844.76953125), (1, 1663.305419921875)]","[(0, 3024.317138671875), (1, 2721.728271484375)]","[(0, 8681.4677734375), (1, 10033.42578125)]","[(0, 2902.5498046875), (1, 2463.1669921875)]","[(0, 1485.3521728515625), (1, 1258.1495361328125)]","[(0, 1399.205078125), (1, 1454.716796875)]","[(0, 1741.6385498046875), (1, 1400.620849609375)]"
198,"[(0, 1458.43408203125), (1, 1845.5931396484375)]","[(0, 689.37060546875), (1, 740.6917114257812)]","[(0, 2528.221435546875), (1, 2098.614501953125)]","[(0, 2348.326904296875), (1, 2499.6640625)]","[(0, 4447.794921875), (1, 2521.504638671875)]","[(0, 5114.8466796875), (1, 5516.603515625)]","[(0, 3301.993408203125), (1, 3587.799072265625)]","[(0, 933.9021606445312), (1, 862.6197509765625)]","[(0, 2089.9033203125), (1, 2042.51708984375)]","[(0, 1554.154052734375), (1, 1920.7216796875)]","[(0, 2798.83837890625), (1, 2138.2646484375)]"
199,"[(0, 2097.490966796875), (1, 2629.980224609375)]","[(0, 909.4014282226562), (1, 1091.92919921875)]","[(0, 7158.27490234375), (1, 7391.759765625)]","[(0, 2579.6318359375), (1, 2828.661376953125)]","[(0, 2000.0498046875), (1, 1149.9918212890625)]","[(0, 4433.72998046875), (1, 4630.13330078125)]","[(0, 2618.0234375), (1, 2364.277099609375)]","[(0, 882.7764282226562), (1, 715.04443359375)]","[(0, 1434.15625), (1, 1255.2940673828125)]","[(0, 1435.705322265625), (1, 1261.857177734375)]","[(0, 4987.7158203125), (1, 4322.5185546875)]"
200,"[(0, 1637.188720703125), (1, 2067.27978515625)]","[(0, 714.5114135742188), (1, 839.042724609375)]","[(0, 2285.285400390625), (1, 2056.15087890625)]","[(0, 4295.38037109375), (1, 4449.49609375)]","[(0, 2060.15625), (1, 1865.49267578125)]","[(0, 3601.119873046875), (1, 3373.82421875)]","[(0, 2455.655517578125), (1, 2656.502197265625)]","[(0, 1393.9215087890625), (1, 1251.5615234375)]","[(0, 1694.1396484375), (1, 1628.448974609375)]","[(0, 1890.927490234375), (1, 1867.3323974609375)]","[(0, 3079.70166015625), (1, 2551.785888671875)]"
201,"[(0, 1662.60205078125), (1, 2225.5078125)]","[(0, 939.216552734375), (1, 1023.5723876953125)]","[(0, 3625.350830078125), (1, 3640.63720703125)]","[(0, 3040.969970703125), (1, 2916.672119140625)]","[(0, 1546.98583984375), (1, 1409.8355712890625)]","[(0, 2016.330322265625), (1, 1872.120849609375)]","[(0, 4287.66552734375), (1, 4818.02197265625)]","[(0, 1285.1839599609375), (1, 1263.5694580078125)]","[(0, 1805.1005859375), (1, 2155.9140625)]","[(0, 1017.7084350585938), (1, 1106.7783203125)]","[(0, 2102.294189453125), (1, 1930.6201171875)]"
202,"[(0, 1826.75830078125), (1, 2420.53125)]","[(0, 927.9082641601562), (1, 820.9562377929688)]","[(0, 1317.783935546875), (1, 1472.144775390625)]","[(0, 2852.64453125), (1, 3201.235107421875)]","[(0, 6169.98876953125), (1, 3801.07861328125)]","[(0, 5045.10888671875), (1, 5194.07080078125)]","[(0, 2861.282958984375), (1, 3147.45068359375)]","[(0, 2294.587646484375), (1, 2198.072998046875)]","[(0, 1669.929931640625), (1, 2253.700439453125)]","[(0, 1209.9990234375), (1, 1193.461669921875)]","[(0, 1830.2398681640625), (1, 1762.898681640625)]"
203,"[(0, 2376.330078125), (1, 3220.10546875)]","[(0, 1741.060546875), (1, 1833.3529052734375)]","[(0, 2663.431396484375), (1, 2799.31103515625)]","[(0, 3568.226318359375), (1, 3798.8896484375)]","[(0, 4850.67724609375), (1, 2970.89990234375)]","[(0, 3232.3388671875), (1, 3386.244384765625)]","[(0, 4044.9150390625), (1, 3771.8037109375)]","[(0, 1384.4852294921875), (1, 1496.64501953125)]","[(0, 1695.781982421875), (1, 1715.056396484375)]","[(0, 1078.3426513671875), (1, 1010.921630859375)]","[(0, 2111.39501953125), (1, 1970.5654296875)]"
204,"[(0, 1501.437744140625), (1, 1925.2100830078125)]","[(0, 2468.385986328125), (1, 2773.538818359375)]","[(0, 3553.149169921875), (1, 3686.69384765625)]","[(0, 3723.7998046875), (1, 3541.035400390625)]","[(0, 2870.4990234375), (1, 2650.79931640625)]","[(0, 3254.8427734375), (1, 3020.0888671875)]","[(0, 2276.60302734375), (1, 2550.4111328125)]","[(0, 1990.0562744140625), (1, 2120.29150390625)]","[(0, 1233.0589599609375), (1, 1406.0865478515625)]","[(0, 2186.1630859375), (1, 2424.0576171875)]","[(0, 2247.777099609375), (1, 1880.597412109375)]"
205,"[(0, 1976.6976318359375), (1, 2571.621826171875)]","[(0, 1926.21923828125), (1, 2122.35400390625)]","[(0, 2024.5126953125), (1, 2204.61572265625)]","[(0, 2554.160888671875), (1, 2606.489013671875)]","[(0, 2282.323486328125), (1, 2095.9013671875)]","[(0, 3783.678466796875), (1, 4133.0380859375)]","[(0, 5210.98974609375), (1, 6635.97900390625)]","[(0, 1257.8046875), (1, 1128.2578125)]","[(0, 992.2767333984375), (1, 654.138671875)]","[(0, 1789.907470703125), (1, 1473.498046875)]","[(0, 3994.4482421875), (1, 3418.94677734375)]"
206,"[(0, 1575.2545166015625), (1, 2065.41845703125)]","[(0, 1144.669189453125), (1, 1157.978271484375)]","[(0, 3495.934814453125), (1, 3078.00732421875)]","[(0, 3326.98681640625), (1, 3257.30517578125)]","[(0, 5442.9345703125), (1, 3340.170654296875)]","[(0, 3832.089111328125), (1, 4116.65380859375)]","[(0, 4118.4716796875), (1, 4849.20654296875)]","[(0, 1191.5902099609375), (1, 1410.1859130859375)]","[(0, 1151.450927734375), (1, 1077.441650390625)]","[(0, 3541.7685546875), (1, 3130.118896484375)]","[(0, 1913.674072265625), (1, 1705.4586181640625)]"
207,"[(0, 1391.9647216796875), (1, 1762.6700439453125)]","[(0, 799.0717163085938), (1, 708.5022583007812)]","[(0, 2007.1512451171875), (1, 1757.6385498046875)]","[(0, 2534.509033203125), (1, 2506.385009765625)]","[(0, 4818.41259765625), (1, 2960.906982421875)]","[(0, 6486.1591796875), (1, 6166.83544921875)]","[(0, 3191.136474609375), (1, 3004.83935546875)]","[(0, 1410.7850341796875), (1, 1396.7745361328125)]","[(0, 1360.2666015625), (1, 860.7843017578125)]","[(0, 1217.195068359375), (1, 1084.05810546875)]","[(0, 3715.5947265625), (1, 3152.593505859375)]"
208,"[(0, 2353.05712890625), (1, 3133.374267578125)]","[(0, 1107.5687255859375), (1, 1068.7454833984375)]","[(0, 2101.240966796875), (1, 2068.911865234375)]","[(0, 1430.477783203125), (1, 1553.533203125)]","[(0, 2585.57275390625), (1, 1520.0093994140625)]","[(0, 5994.2841796875), (1, 5707.5966796875)]","[(0, 4214.42578125), (1, 4324.72021484375)]","[(0, 971.6826171875), (1, 928.9234619140625)]","[(0, 1172.1719970703125), (1, 874.6815795898438)]","[(0, 1696.869140625), (1, 2019.87744140625)]","[(0, 1584.4578857421875), (1, 1493.731201171875)]"
209,"[(0, 1076.6754150390625), (1, 1263.6268310546875)]","[(0, 1428.9178466796875), (1, 1482.377685546875)]","[(0, 4689.70947265625), (1, 4876.65673828125)]","[(0, 1576.3681640625), (1, 1507.6082763671875)]","[(0, 870.7000732421875), (1, 857.9613037109375)]","[(0, 3237.688720703125), (1, 3437.89404296875)]","[(0, 4449.0166015625), (1, 4920.85205078125)]","[(0, 1143.319580078125), (1, 1031.917724609375)]","[(0, 1375.025146484375), (1, 1215.3206787109375)]","[(0, 1917.9869384765625), (1, 2543.23388671875)]","[(0, 1462.2305908203125), (1, 1274.896728515625)]"
210,"[(0, 2082.730712890625), (1, 2503.827392578125)]","[(0, 1315.4403076171875), (1, 1268.814453125)]","[(0, 2458.4228515625), (1, 1815.3707275390625)]","[(0, 3818.64208984375), (1, 3601.198974609375)]","[(0, 757.1550903320312), (1, 723.212158203125)]","[(0, 4179.001953125), (1, 4628.50439453125)]","[(0, 2177.646240234375), (1, 2409.25341796875)]","[(0, 2432.209716796875), (1, 1611.4998779296875)]","[(0, 3048.4033203125), (1, 1895.2567138671875)]","[(0, 1735.5220947265625), (1, 1310.79931640625)]","[(0, 3003.157958984375), (1, 2453.167236328125)]"
211,"[(0, 1164.307373046875), (1, 1372.897216796875)]","[(0, 1590.17626953125), (1, 1560.636474609375)]","[(0, 2956.818115234375), (1, 2701.816162109375)]","[(0, 3240.66943359375), (1, 3175.550537109375)]","[(0, 3563.78125), (1, 2070.447509765625)]","[(0, 3198.021728515625), (1, 2924.10009765625)]","[(0, 4375.16455078125), (1, 4123.0458984375)]","[(0, 1886.7725830078125), (1, 1599.926025390625)]","[(0, 1385.8895263671875), (1, 1485.8424072265625)]","[(0, 1562.8787841796875), (1, 1732.7344970703125)]","[(0, 1306.53173828125), (1, 1202.699951171875)]"
212,"[(0, 1863.50927734375), (1, 2389.475341796875)]","[(0, 912.644775390625), (1, 810.11328125)]","[(0, 2367.503662109375), (1, 2068.264892578125)]","[(0, 2684.040771484375), (1, 2577.353515625)]","[(0, 2877.578857421875), (1, 1669.12353515625)]","[(0, 1775.9105224609375), (1, 1684.7144775390625)]","[(0, 3349.849365234375), (1, 3434.610595703125)]","[(0, 1351.3817138671875), (1, 1495.7896728515625)]","[(0, 3022.85205078125), (1, 2834.632080078125)]","[(0, 1310.326904296875), (1, 1073.1080322265625)]","[(0, 3663.757568359375), (1, 3203.51318359375)]"
213,"[(0, 2166.04931640625), (1, 2747.13818359375)]","[(0, 1798.8419189453125), (1, 1707.233154296875)]","[(0, 1404.48583984375), (1, 1345.7191162109375)]","[(0, 4440.2763671875), (1, 4690.40283203125)]","[(0, 5613.48974609375), (1, 3402.686279296875)]","[(0, 1755.010498046875), (1, 1853.865478515625)]","[(0, 4352.2763671875), (1, 4776.11181640625)]","[(0, 1227.6966552734375), (1, 1485.629150390625)]","[(0, 779.0534057617188), (1, 777.0807495117188)]","[(0, 1772.00341796875), (1, 2058.368896484375)]","[(0, 2085.252685546875), (1, 1876.00732421875)]"
214,"[(0, 1745.8392333984375), (1, 2094.964111328125)]","[(0, 2270.494140625), (1, 2344.719482421875)]","[(0, 4784.6552734375), (1, 5112.85693359375)]","[(0, 3846.299072265625), (1, 3712.453125)]","[(0, 4500.36962890625), (1, 2729.971435546875)]","[(0, 4121.4853515625), (1, 4408.1884765625)]","[(0, 4347.65087890625), (1, 4536.11669921875)]","[(0, 1708.83935546875), (1, 1508.0611572265625)]","[(0, 1456.966064453125), (1, 1378.835205078125)]","[(0, 1034.971923828125), (1, 864.3531494140625)]","[(0, 930.0567626953125), (1, 889.9742431640625)]"
215,"[(0, 1857.7554931640625), (1, 2393.0078125)]","[(0, 1901.86181640625), (1, 1967.6995849609375)]","[(0, 2027.9136962890625), (1, 2168.72216796875)]","[(0, 2693.080078125), (1, 3056.72900390625)]","[(0, 2535.103759765625), (1, 2350.579833984375)]","[(0, 3533.25), (1, 3415.296875)]","[(0, 2746.79736328125), (1, 2638.999755859375)]","[(0, 2379.41748046875), (1, 2299.283203125)]","[(0, 1140.786376953125), (1, 1039.6025390625)]","[(0, 1993.5369873046875), (1, 1813.4794921875)]","[(0, 3082.193359375), (1, 2510.087890625)]"
216,"[(0, 1143.3861083984375), (1, 1339.3878173828125)]","[(0, 1130.515380859375), (1, 1086.9556884765625)]","[(0, 3973.698974609375), (1, 4040.562255859375)]","[(0, 3697.390625), (1, 4300.96728515625)]","[(0, 2447.857666015625), (1, 2216.81005859375)]","[(0, 2967.939208984375), (1, 2804.86376953125)]","[(0, 1970.1961669921875), (1, 2115.421875)]","[(0, 2861.41650390625), (1, 2399.80322265625)]","[(0, 1654.5596923828125), (1, 1384.3929443359375)]","[(0, 2102.369384765625), (1, 2394.842041015625)]","[(0, 1898.0712890625), (1, 1843.2607421875)]"
217,"[(0, 2149.33544921875), (1, 2932.9521484375)]","[(0, 2731.444091796875), (1, 2612.29345703125)]","[(0, 2562.62353515625), (1, 2657.40185546875)]","[(0, 2437.412353515625), (1, 2465.607666015625)]","[(0, 6387.275390625), (1, 3910.81689453125)]","[(0, 2667.521484375), (1, 2847.506103515625)]","[(0, 7277.029296875), (1, 7760.7021484375)]","[(0, 1581.9945068359375), (1, 1654.9683837890625)]","[(0, 1791.6153564453125), (1, 1945.5599365234375)]","[(0, 1137.2120361328125), (1, 1065.2979736328125)]","[(0, 3096.57421875), (1, 2601.214599609375)]"
218,"[(0, 1169.1944580078125), (1, 1540.1893310546875)]","[(0, 3454.9951171875), (1, 3548.72998046875)]","[(0, 10654.3505859375), (1, 10888.32421875)]","[(0, 3480.32373046875), (1, 3898.77001953125)]","[(0, 6114.53369140625), (1, 3740.42138671875)]","[(0, 4055.8466796875), (1, 4292.33349609375)]","[(0, 2825.4033203125), (1, 3072.716552734375)]","[(0, 1478.6719970703125), (1, 1128.98876953125)]","[(0, 1424.546142578125), (1, 1455.561279296875)]","[(0, 1728.2711181640625), (1, 1743.1148681640625)]","[(0, 2656.9482421875), (1, 2395.0146484375)]"
219,"[(0, 1340.8076171875), (1, 1604.39453125)]","[(0, 3077.6376953125), (1, 3099.11767578125)]","[(0, 5121.123046875), (1, 4962.36083984375)]","[(0, 3978.34423828125), (1, 3762.351806640625)]","[(0, 2504.866455078125), (1, 1525.324951171875)]","[(0, 4070.330810546875), (1, 3815.195068359375)]","[(0, 7964.4580078125), (1, 8192.16015625)]","[(0, 1598.9788818359375), (1, 1443.341064453125)]","[(0, 1466.4766845703125), (1, 1229.356201171875)]","[(0, 2779.765625), (1, 2489.538818359375)]","[(0, 2658.758056640625), (1, 2191.570556640625)]"
220,"[(0, 2089.62451171875), (1, 2809.31298828125)]","[(0, 2375.3466796875), (1, 2239.55419921875)]","[(0, 1842.3275146484375), (1, 1885.3507080078125)]","[(0, 2294.599609375), (1, 2448.610595703125)]","[(0, 2186.906494140625), (1, 1319.2532958984375)]","[(0, 2904.357666015625), (1, 2654.37646484375)]","[(0, 4486.99462890625), (1, 4637.6064453125)]","[(0, 1373.34375), (1, 1065.08154296875)]","[(0, 744.0886840820312), (1, 863.8460083007812)]","[(0, 997.6843872070312), (1, 995.5339965820312)]","[(0, 3075.18798828125), (1, 2482.78515625)]"
221,"[(0, 1149.9776611328125), (1, 1325.558349609375)]","[(0, 804.0139770507812), (1, 676.3116455078125)]","[(0, 7259.98388671875), (1, 7387.6865234375)]","[(0, 2491.812255859375), (1, 2507.97998046875)]","[(0, 1168.1895751953125), (1, 1115.1248779296875)]","[(0, 2703.597412109375), (1, 2875.637939453125)]","[(0, 2813.087890625), (1, 2678.079345703125)]","[(0, 812.9268798828125), (1, 829.2893676757812)]","[(0, 1074.708740234375), (1, 754.4982299804688)]","[(0, 1374.8514404296875), (1, 1389.575927734375)]","[(0, 1423.7122802734375), (1, 1372.40234375)]"
222,"[(0, 1784.5750732421875), (1, 2372.988525390625)]","[(0, 1048.43701171875), (1, 1006.38134765625)]","[(0, 3484.9169921875), (1, 3735.690673828125)]","[(0, 2063.033447265625), (1, 2064.72314453125)]","[(0, 1086.716796875), (1, 1035.44091796875)]","[(0, 4414.376953125), (1, 4852.47705078125)]","[(0, 3745.272216796875), (1, 4010.231201171875)]","[(0, 1224.919677734375), (1, 1392.50439453125)]","[(0, 1829.8819580078125), (1, 1599.0123291015625)]","[(0, 1098.6461181640625), (1, 1128.403076171875)]","[(0, 2673.152099609375), (1, 2124.122802734375)]"
223,"[(0, 1101.86376953125), (1, 1262.1285400390625)]","[(0, 1429.400390625), (1, 1471.6478271484375)]","[(0, 4616.45654296875), (1, 4441.1611328125)]","[(0, 2756.8369140625), (1, 2769.044677734375)]","[(0, 5390.98046875), (1, 3219.055419921875)]","[(0, 3503.26416015625), (1, 3243.891357421875)]","[(0, 2522.182861328125), (1, 2393.77685546875)]","[(0, 2147.24365234375), (1, 2222.134521484375)]","[(0, 1522.0721435546875), (1, 1320.35205078125)]","[(0, 1595.2958984375), (1, 1639.8099365234375)]","[(0, 2715.978271484375), (1, 2350.591064453125)]"
224,"[(0, 1800.858642578125), (1, 2267.08935546875)]","[(0, 1229.2384033203125), (1, 1190.4356689453125)]","[(0, 1889.7060546875), (1, 1615.915771484375)]","[(0, 1934.9305419921875), (1, 2042.9554443359375)]","[(0, 3387.888671875), (1, 2003.18115234375)]","[(0, 3547.1533203125), (1, 3781.229248046875)]","[(0, 3205.019775390625), (1, 2953.108154296875)]","[(0, 927.4221801757812), (1, 984.2224731445312)]","[(0, 1196.7144775390625), (1, 1064.5377197265625)]","[(0, 1266.1986083984375), (1, 1731.056396484375)]","[(0, 1531.288330078125), (1, 1482.2666015625)]"
225,"[(0, 1430.01123046875), (1, 1837.0325927734375)]","[(0, 1405.6898193359375), (1, 1416.4945068359375)]","[(0, 3795.525146484375), (1, 3764.634521484375)]","[(0, 2807.0458984375), (1, 2775.310302734375)]","[(0, 2561.720703125), (1, 2379.695556640625)]","[(0, 4307.98681640625), (1, 4566.19873046875)]","[(0, 4883.99169921875), (1, 5561.25439453125)]","[(0, 989.25830078125), (1, 1415.8402099609375)]","[(0, 1857.542236328125), (1, 2019.0185546875)]","[(0, 2106.680419921875), (1, 2520.05615234375)]","[(0, 895.6043701171875), (1, 722.442138671875)]"
226,"[(0, 2050.213134765625), (1, 2701.732421875)]","[(0, 584.4697875976562), (1, 509.2498474121094)]","[(0, 1561.859619140625), (1, 1673.97998046875)]","[(0, 2579.922119140625), (1, 2424.596435546875)]","[(0, 3605.13330078125), (1, 3355.201416015625)]","[(0, 3530.3466796875), (1, 3568.447265625)]","[(0, 5334.4375), (1, 6241.837890625)]","[(0, 1611.213134765625), (1, 1931.657958984375)]","[(0, 2717.562744140625), (1, 1980.85205078125)]","[(0, 1501.56591796875), (1, 1772.3194580078125)]","[(0, 3610.142578125), (1, 2983.67138671875)]"
227,"[(0, 2030.45166015625), (1, 2628.372802734375)]","[(0, 1004.3199462890625), (1, 1371.8651123046875)]","[(0, 5714.0556640625), (1, 5208.8232421875)]","[(0, 2523.47607421875), (1, 2778.237548828125)]","[(0, 2902.357421875), (1, 1773.7364501953125)]","[(0, 3352.1435546875), (1, 3160.04052734375)]","[(0, 2580.593994140625), (1, 3564.916748046875)]","[(0, 2616.268798828125), (1, 2058.67041015625)]","[(0, 1251.672607421875), (1, 1483.6009521484375)]","[(0, 1718.2830810546875), (1, 1841.824951171875)]","[(0, 3428.938720703125), (1, 2902.87646484375)]"
228,"[(0, 1936.8341064453125), (1, 2484.34130859375)]","[(0, 1303.91015625), (1, 1871.738037109375)]","[(0, 4167.27734375), (1, 3786.6962890625)]","[(0, 3872.33837890625), (1, 4177.91796875)]","[(0, 2798.053955078125), (1, 1764.3485107421875)]","[(0, 5687.90966796875), (1, 6275.32177734375)]","[(0, 2037.025634765625), (1, 3074.994140625)]","[(0, 1765.4249267578125), (1, 2032.3966064453125)]","[(0, 1774.40380859375), (1, 1613.6689453125)]","[(0, 1110.11083984375), (1, 1217.201416015625)]","[(0, 2524.975830078125), (1, 1940.3975830078125)]"
229,"[(0, 1825.9527587890625), (1, 2197.78369140625)]","[(0, 1125.7998046875), (1, 1560.05908203125)]","[(0, 3176.426025390625), (1, 3035.98583984375)]","[(0, 5450.26904296875), (1, 5618.46044921875)]","[(0, 2113.3955078125), (1, 1429.8509521484375)]","[(0, 5834.8740234375), (1, 6224.0166015625)]","[(0, 7546.70556640625), (1, 7884.68994140625)]","[(0, 1211.340576171875), (1, 1231.376220703125)]","[(0, 1509.1502685546875), (1, 1446.286376953125)]","[(0, 1701.2626953125), (1, 1248.044921875)]","[(0, 3891.448486328125), (1, 3270.0849609375)]"
230,"[(0, 2820.966064453125), (1, 3831.708984375)]","[(0, 1271.79833984375), (1, 1485.530029296875)]","[(0, 4738.89892578125), (1, 4018.553955078125)]","[(0, 4469.2373046875), (1, 4651.962890625)]","[(0, 1845.389892578125), (1, 1715.0220947265625)]","[(0, 5368.693359375), (1, 5138.72607421875)]","[(0, 8513.08203125), (1, 8929.779296875)]","[(0, 1647.6297607421875), (1, 2081.13720703125)]","[(0, 1459.900146484375), (1, 1510.4173583984375)]","[(0, 1279.4466552734375), (1, 1391.903076171875)]","[(0, 2719.853515625), (1, 2173.960205078125)]"
231,"[(0, 1382.09228515625), (1, 1746.728515625)]","[(0, 2137.515380859375), (1, 2042.450927734375)]","[(0, 4975.0458984375), (1, 4674.7822265625)]","[(0, 2254.5302734375), (1, 2617.625244140625)]","[(0, 1377.8223876953125), (1, 912.5067749023438)]","[(0, 6476.94873046875), (1, 6755.72021484375)]","[(0, 3870.263671875), (1, 3530.54541015625)]","[(0, 3097.669677734375), (1, 2323.81640625)]","[(0, 478.6042785644531), (1, 604.5081787109375)]","[(0, 1509.67431640625), (1, 1451.604248046875)]","[(0, 2356.1357421875), (1, 2298.727294921875)]"
232,"[(0, 1420.9925537109375), (1, 1815.91357421875)]","[(0, 2543.337158203125), (1, 2535.3369140625)]","[(0, 3822.5771484375), (1, 3822.197998046875)]","[(0, 2247.05078125), (1, 2229.320556640625)]","[(0, 2204.125732421875), (1, 1261.236328125)]","[(0, 2998.959228515625), (1, 3224.8076171875)]","[(0, 3604.59375), (1, 4089.8369140625)]","[(0, 2107.654052734375), (1, 1885.6617431640625)]","[(0, 2759.962158203125), (1, 1883.6900634765625)]","[(0, 1667.1318359375), (1, 1392.2281494140625)]","[(0, 2081.86376953125), (1, 2014.6331787109375)]"
233,"[(0, 1281.1431884765625), (1, 1492.78271484375)]","[(0, 2323.313232421875), (1, 2307.685791015625)]","[(0, 888.8016357421875), (1, 750.4168701171875)]","[(0, 3573.242431640625), (1, 3623.688232421875)]","[(0, 3196.12841796875), (1, 1987.861572265625)]","[(0, 2352.486083984375), (1, 2226.856689453125)]","[(0, 1325.1905517578125), (1, 1169.0299072265625)]","[(0, 1027.5830078125), (1, 1004.3607177734375)]","[(0, 1603.5279541015625), (1, 1916.7481689453125)]","[(0, 2642.2041015625), (1, 3241.12060546875)]","[(0, 1577.0245361328125), (1, 1485.7850341796875)]"
234,"[(0, 2009.0643310546875), (1, 2751.13232421875)]","[(0, 1878.901611328125), (1, 1815.34912109375)]","[(0, 5653.12158203125), (1, 3671.91796875)]","[(0, 4162.0302734375), (1, 4310.01318359375)]","[(0, 2793.96728515625), (1, 1713.2459716796875)]","[(0, 3117.44287109375), (1, 2964.869873046875)]","[(0, 2602.353515625), (1, 2994.09814453125)]","[(0, 2327.02197265625), (1, 2975.958740234375)]","[(0, 1764.2845458984375), (1, 1832.027099609375)]","[(0, 1789.3348388671875), (1, 1496.804931640625)]","[(0, 1532.4862060546875), (1, 1427.8662109375)]"
235,"[(0, 2571.0517578125), (1, 3385.23388671875)]","[(0, 2282.784912109375), (1, 2473.079833984375)]","[(0, 5446.943359375), (1, 5518.73974609375)]","[(0, 3736.20751953125), (1, 3756.23583984375)]","[(0, 1483.8436279296875), (1, 1424.40966796875)]","[(0, 4209.24462890625), (1, 4465.7177734375)]","[(0, 3777.279052734375), (1, 5203.76416015625)]","[(0, 1419.152099609375), (1, 1639.9835205078125)]","[(0, 2442.718994140625), (1, 2837.45166015625)]","[(0, 2693.41650390625), (1, 2371.867431640625)]","[(0, 1735.568359375), (1, 1466.8507080078125)]"
236,"[(0, 1834.7705078125), (1, 2432.684326171875)]","[(0, 2417.581787109375), (1, 2763.337158203125)]","[(0, 5298.52587890625), (1, 5090.9326171875)]","[(0, 1536.939208984375), (1, 1411.6282958984375)]","[(0, 1638.82421875), (1, 1630.17529296875)]","[(0, 8834.990234375), (1, 9496.0693359375)]","[(0, 4978.0595703125), (1, 7162.5498046875)]","[(0, 1294.6771240234375), (1, 1187.334228515625)]","[(0, 1601.34716796875), (1, 1308.6666259765625)]","[(0, 1575.6842041015625), (1, 1586.1829833984375)]","[(0, 2163.63916015625), (1, 1754.3812255859375)]"
237,"[(0, 1649.8720703125), (1, 2096.003173828125)]","[(0, 2462.020751953125), (1, 2641.48876953125)]","[(0, 2865.287353515625), (1, 2625.605712890625)]","[(0, 2315.683837890625), (1, 2044.9564208984375)]","[(0, 3085.17822265625), (1, 1905.0185546875)]","[(0, 7178.7841796875), (1, 6783.13818359375)]","[(0, 2891.48876953125), (1, 2715.565185546875)]","[(0, 2942.216552734375), (1, 2903.087890625)]","[(0, 1511.541259765625), (1, 1772.5848388671875)]","[(0, 978.0231323242188), (1, 836.0035400390625)]","[(0, 800.105712890625), (1, 654.15576171875)]"
238,"[(0, 2694.547119140625), (1, 3504.066162109375)]","[(0, 2328.6748046875), (1, 2303.187255859375)]","[(0, 2134.0283203125), (1, 2185.07080078125)]","[(0, 1143.0455322265625), (1, 1187.4903564453125)]","[(0, 3157.19970703125), (1, 1968.7716064453125)]","[(0, 9368.3828125), (1, 8659.869140625)]","[(0, 2195.59130859375), (1, 2305.242919921875)]","[(0, 1855.161865234375), (1, 2136.330322265625)]","[(0, 723.8320922851562), (1, 639.9578857421875)]","[(0, 1340.213134765625), (1, 1355.115966796875)]","[(0, 2284.6328125), (1, 1740.5667724609375)]"
239,"[(0, 1328.6591796875), (1, 1560.545654296875)]","[(0, 1674.8814697265625), (1, 1605.3680419921875)]","[(0, 7121.4990234375), (1, 6295.17431640625)]","[(0, 3371.26416015625), (1, 3296.593994140625)]","[(0, 2853.1123046875), (1, 1755.31103515625)]","[(0, 9975.75), (1, 10398.494140625)]","[(0, 4254.16064453125), (1, 4092.384765625)]","[(0, 928.96728515625), (1, 1195.18603515625)]","[(0, 1058.3804931640625), (1, 1075.743408203125)]","[(0, 1148.9697265625), (1, 1127.5576171875)]","[(0, 1727.9423828125), (1, 1616.9232177734375)]"
240,"[(0, 1406.555419921875), (1, 1776.2958984375)]","[(0, 2570.56640625), (1, 2680.169189453125)]","[(0, 3089.951416015625), (1, 3264.641357421875)]","[(0, 7262.62939453125), (1, 7279.02099609375)]","[(0, 2283.279052734375), (1, 1369.3236083984375)]","[(0, 3284.700439453125), (1, 3510.03271484375)]","[(0, 3368.92138671875), (1, 3192.749755859375)]","[(0, 1593.025390625), (1, 1880.3848876953125)]","[(0, 1704.345703125), (1, 1217.7261962890625)]","[(0, 1637.3931884765625), (1, 1420.0130615234375)]","[(0, 2047.7784423828125), (1, 1869.9930419921875)]"
241,"[(0, 1218.00732421875), (1, 1418.80029296875)]","[(0, 1794.34423828125), (1, 1894.4508056640625)]","[(0, 5788.07568359375), (1, 5453.34716796875)]","[(0, 2871.36572265625), (1, 3157.0400390625)]","[(0, 1282.108154296875), (1, 1237.2110595703125)]","[(0, 3698.226318359375), (1, 3488.238525390625)]","[(0, 7598.3984375), (1, 8013.990234375)]","[(0, 1527.770751953125), (1, 1538.6954345703125)]","[(0, 3112.9091796875), (1, 3788.02197265625)]","[(0, 1568.762939453125), (1, 1477.955078125)]","[(0, 2218.789794921875), (1, 2179.7646484375)]"
242,"[(0, 2148.786376953125), (1, 2723.09765625)]","[(0, 1300.6575927734375), (1, 1260.6885986328125)]","[(0, 3164.2080078125), (1, 3214.705322265625)]","[(0, 2005.342041015625), (1, 2060.0341796875)]","[(0, 1477.330810546875), (1, 1449.029541015625)]","[(0, 2974.5615234375), (1, 2604.378173828125)]","[(0, 7981.71923828125), (1, 8533.4765625)]","[(0, 1048.759521484375), (1, 1210.2962646484375)]","[(0, 1280.7161865234375), (1, 1151.75732421875)]","[(0, 3218.71484375), (1, 3320.6787109375)]","[(0, 2961.639892578125), (1, 2520.427734375)]"
243,"[(0, 1608.481201171875), (1, 1975.894775390625)]","[(0, 641.2879638671875), (1, 560.2373657226562)]","[(0, 2057.3671875), (1, 1936.636474609375)]","[(0, 3279.7607421875), (1, 3230.39111328125)]","[(0, 6295.92431640625), (1, 3927.71484375)]","[(0, 1564.0328369140625), (1, 1769.630615234375)]","[(0, 2351.6416015625), (1, 2111.025634765625)]","[(0, 1634.0806884765625), (1, 1679.4407958984375)]","[(0, 2144.7060546875), (1, 2465.640380859375)]","[(0, 1868.4224853515625), (1, 2184.8583984375)]","[(0, 2853.8076171875), (1, 2337.353271484375)]"
244,"[(0, 2147.21923828125), (1, 2808.371337890625)]","[(0, 788.2957153320312), (1, 648.7052612304688)]","[(0, 4872.99755859375), (1, 4623.6337890625)]","[(0, 1349.800048828125), (1, 1368.195068359375)]","[(0, 4256.693359375), (1, 2613.346435546875)]","[(0, 4203.09521484375), (1, 4529.6318359375)]","[(0, 1960.986572265625), (1, 2161.96826171875)]","[(0, 1893.6767578125), (1, 1942.52490234375)]","[(0, 883.8463134765625), (1, 1213.9149169921875)]","[(0, 1393.4482421875), (1, 1252.66259765625)]","[(0, 1670.480224609375), (1, 1544.040283203125)]"
245,"[(0, 1430.4620361328125), (1, 1861.9263916015625)]","[(0, 1291.8699951171875), (1, 1288.7628173828125)]","[(0, 2008.57763671875), (1, 1598.174560546875)]","[(0, 5054.6591796875), (1, 5084.60107421875)]","[(0, 2758.450439453125), (1, 1594.3909912109375)]","[(0, 3916.942138671875), (1, 3598.28076171875)]","[(0, 2999.711669921875), (1, 3974.41552734375)]","[(0, 1428.90087890625), (1, 1287.5699462890625)]","[(0, 1371.6722412109375), (1, 962.023193359375)]","[(0, 1428.9554443359375), (1, 1457.806884765625)]","[(0, 2377.112060546875), (1, 1746.172119140625)]"
246,"[(0, 1866.41552734375), (1, 2487.95703125)]","[(0, 1881.49609375), (1, 2048.688720703125)]","[(0, 5557.35791015625), (1, 5579.94384765625)]","[(0, 2546.805419921875), (1, 2731.615966796875)]","[(0, 2072.122314453125), (1, 1170.90380859375)]","[(0, 1784.4576416015625), (1, 1680.767333984375)]","[(0, 2799.39501953125), (1, 3786.59521484375)]","[(0, 2168.675537109375), (1, 2310.9990234375)]","[(0, 2426.983642578125), (1, 2498.69775390625)]","[(0, 2086.400634765625), (1, 2155.527587890625)]","[(0, 2239.310791015625), (1, 2134.647216796875)]"
247,"[(0, 1377.6529541015625), (1, 1733.0865478515625)]","[(0, 1512.040283203125), (1, 1510.5052490234375)]","[(0, 4456.92822265625), (1, 4818.79443359375)]","[(0, 3923.095458984375), (1, 3303.168212890625)]","[(0, 1385.1885986328125), (1, 1302.54248046875)]","[(0, 3973.20263671875), (1, 4263.52294921875)]","[(0, 2319.478759765625), (1, 2205.2392578125)]","[(0, 885.469970703125), (1, 951.1735229492188)]","[(0, 2326.57470703125), (1, 1825.5245361328125)]","[(0, 1401.513427734375), (1, 1797.0089111328125)]","[(0, 3028.4990234375), (1, 2469.8837890625)]"
248,"[(0, 1381.7470703125), (1, 1761.151123046875)]","[(0, 1104.19384765625), (1, 1107.496337890625)]","[(0, 1813.49755859375), (1, 1778.116943359375)]","[(0, 2003.162109375), (1, 2197.205322265625)]","[(0, 1752.0462646484375), (1, 1565.7012939453125)]","[(0, 3756.62646484375), (1, 3539.198974609375)]","[(0, 4126.55908203125), (1, 4483.88037109375)]","[(0, 1637.90478515625), (1, 1885.1304931640625)]","[(0, 1934.4471435546875), (1, 2170.439453125)]","[(0, 2549.370361328125), (1, 3013.517578125)]","[(0, 2539.552490234375), (1, 2375.89501953125)]"
249,"[(0, 1241.683837890625), (1, 1475.579833984375)]","[(0, 573.6091918945312), (1, 523.9495849609375)]","[(0, 2526.46923828125), (1, 2410.532470703125)]","[(0, 2959.048095703125), (1, 3253.9365234375)]","[(0, 3384.888427734375), (1, 2032.4024658203125)]","[(0, 5399.04833984375), (1, 5596.98291015625)]","[(0, 2965.330810546875), (1, 3434.171630859375)]","[(0, 1107.19384765625), (1, 1096.771728515625)]","[(0, 1824.66552734375), (1, 1630.6021728515625)]","[(0, 3006.229736328125), (1, 3328.4560546875)]","[(0, 1619.3035888671875), (1, 1451.8624267578125)]"
250,"[(0, 1672.62353515625), (1, 2081.37744140625)]","[(0, 1078.5302734375), (1, 1516.8076171875)]","[(0, 8620.6796875), (1, 8933.646484375)]","[(0, 2265.534423828125), (1, 2495.651611328125)]","[(0, 1357.535400390625), (1, 1215.7020263671875)]","[(0, 4349.56689453125), (1, 4720.7119140625)]","[(0, 3335.631103515625), (1, 3609.6298828125)]","[(0, 1177.9527587890625), (1, 1594.334716796875)]","[(0, 2677.936279296875), (1, 2521.445556640625)]","[(0, 3754.015380859375), (1, 4058.18359375)]","[(0, 3301.2470703125), (1, 2830.88916015625)]"
251,"[(0, 1536.5860595703125), (1, 2030.6326904296875)]","[(0, 1379.0955810546875), (1, 2128.781005859375)]","[(0, 2741.50439453125), (1, 2741.7958984375)]","[(0, 4566.09912109375), (1, 4552.984375)]","[(0, 2508.184326171875), (1, 1505.37060546875)]","[(0, 2967.397216796875), (1, 2781.845947265625)]","[(0, 2333.394287109375), (1, 3114.09716796875)]","[(0, 3417.46044921875), (1, 2977.6181640625)]","[(0, 1911.0023193359375), (1, 2401.605224609375)]","[(0, 1935.976318359375), (1, 2106.685546875)]","[(0, 1064.167724609375), (1, 845.8972778320312)]"
252,"[(0, 1349.518798828125), (1, 1802.6241455078125)]","[(0, 1172.6806640625), (1, 1647.144287109375)]","[(0, 2731.125), (1, 3328.849853515625)]","[(0, 5893.837890625), (1, 5876.64599609375)]","[(0, 3175.553466796875), (1, 1861.1710205078125)]","[(0, 3265.149169921875), (1, 2924.713623046875)]","[(0, 3221.623046875), (1, 4213.244140625)]","[(0, 2987.17041015625), (1, 2409.391357421875)]","[(0, 1064.2813720703125), (1, 900.7303466796875)]","[(0, 2165.8046875), (1, 2153.381591796875)]","[(0, 3182.981689453125), (1, 2633.28271484375)]"
253,"[(0, 1751.4615478515625), (1, 2295.10205078125)]","[(0, 965.1361083984375), (1, 1070.595458984375)]","[(0, 4839.38916015625), (1, 4865.1689453125)]","[(0, 2633.08056640625), (1, 2569.385009765625)]","[(0, 3239.470703125), (1, 2838.741455078125)]","[(0, 4842.431640625), (1, 5224.185546875)]","[(0, 5130.2890625), (1, 4711.9189453125)]","[(0, 3440.2490234375), (1, 3131.09228515625)]","[(0, 1169.4725341796875), (1, 1158.0230712890625)]","[(0, 1926.208251953125), (1, 1989.25341796875)]","[(0, 1924.7071533203125), (1, 1752.687255859375)]"
254,"[(0, 1678.3863525390625), (1, 2023.5079345703125)]","[(0, 1973.3909912109375), (1, 2109.587646484375)]","[(0, 1821.40478515625), (1, 1819.628662109375)]","[(0, 5104.11181640625), (1, 4883.921875)]","[(0, 3533.76904296875), (1, 3191.20947265625)]","[(0, 5764.1025390625), (1, 6182.55859375)]","[(0, 1953.6180419921875), (1, 2027.6903076171875)]","[(0, 1016.7935791015625), (1, 1218.667236328125)]","[(0, 2551.5205078125), (1, 3271.797607421875)]","[(0, 2339.353271484375), (1, 2147.353271484375)]","[(0, 2216.277587890625), (1, 2112.804931640625)]"
255,"[(0, 1174.368408203125), (1, 1508.5050048828125)]","[(0, 2094.0732421875), (1, 2318.52001953125)]","[(0, 7043.97021484375), (1, 6810.939453125)]","[(0, 3581.952880859375), (1, 3867.640380859375)]","[(0, 800.2109985351562), (1, 720.591552734375)]","[(0, 3326.56494140625), (1, 3230.055419921875)]","[(0, 4498.99609375), (1, 4001.715576171875)]","[(0, 1689.9530029296875), (1, 1556.0079345703125)]","[(0, 2738.2607421875), (1, 2465.150390625)]","[(0, 1925.9217529296875), (1, 1807.6182861328125)]","[(0, 3370.254638671875), (1, 2798.720947265625)]"
256,"[(0, 1304.7822265625), (1, 1528.0250244140625)]","[(0, 2252.627197265625), (1, 2388.29052734375)]","[(0, 1278.5068359375), (1, 1270.198974609375)]","[(0, 3385.64697265625), (1, 3415.8798828125)]","[(0, 3089.568115234375), (1, 1999.18017578125)]","[(0, 4914.5341796875), (1, 4697.49853515625)]","[(0, 2048.354736328125), (1, 1801.7098388671875)]","[(0, 2230.963623046875), (1, 2163.51220703125)]","[(0, 2367.312744140625), (1, 2165.322509765625)]","[(0, 1534.4422607421875), (1, 1984.0443115234375)]","[(0, 1588.9422607421875), (1, 1477.5238037109375)]"
257,"[(0, 1553.1236572265625), (1, 1956.665771484375)]","[(0, 1453.3349609375), (1, 1471.9046630859375)]","[(0, 1649.195556640625), (1, 1761.438232421875)]","[(0, 7036.181640625), (1, 6883.59228515625)]","[(0, 3276.80322265625), (1, 2074.223876953125)]","[(0, 5328.53955078125), (1, 5608.26220703125)]","[(0, 5039.78076171875), (1, 4769.48046875)]","[(0, 1097.69775390625), (1, 1161.036376953125)]","[(0, 801.8194580078125), (1, 954.2681884765625)]","[(0, 1246.85107421875), (1, 1214.8739013671875)]","[(0, 3350.54248046875), (1, 2840.428466796875)]"
258,"[(0, 1997.002197265625), (1, 2626.88818359375)]","[(0, 1242.9349365234375), (1, 1176.0120849609375)]","[(0, 2777.56591796875), (1, 2653.911865234375)]","[(0, 3798.288330078125), (1, 3869.62158203125)]","[(0, 1249.35595703125), (1, 1179.59228515625)]","[(0, 5425.6455078125), (1, 5723.310546875)]","[(0, 4547.6943359375), (1, 4897.1767578125)]","[(0, 2518.880126953125), (1, 1748.394287109375)]","[(0, 1198.55908203125), (1, 1337.447021484375)]","[(0, 1559.5079345703125), (1, 1671.5718994140625)]","[(0, 3216.84912109375), (1, 2767.304931640625)]"
259,"[(0, 1044.0184326171875), (1, 1195.8017578125)]","[(0, 1493.282470703125), (1, 1457.5386962890625)]","[(0, 8559.0361328125), (1, 8987.7138671875)]","[(0, 2714.187744140625), (1, 2837.990234375)]","[(0, 1304.9327392578125), (1, 1246.2340087890625)]","[(0, 6718.685546875), (1, 6342.66650390625)]","[(0, 4322.93896484375), (1, 5281.55419921875)]","[(0, 2226.616943359375), (1, 2337.581787109375)]","[(0, 1462.2103271484375), (1, 1381.229248046875)]","[(0, 3040.46826171875), (1, 3261.30859375)]","[(0, 2653.834716796875), (1, 2209.930908203125)]"
260,"[(0, 1495.5921630859375), (1, 1971.6170654296875)]","[(0, 1421.7218017578125), (1, 1372.0574951171875)]","[(0, 2072.05126953125), (1, 1791.5733642578125)]","[(0, 2202.078369140625), (1, 2260.703125)]","[(0, 3387.258544921875), (1, 2206.953857421875)]","[(0, 3692.876220703125), (1, 3543.836181640625)]","[(0, 4536.748046875), (1, 5765.48828125)]","[(0, 1014.2425537109375), (1, 1047.7122802734375)]","[(0, 1750.786865234375), (1, 1551.4906005859375)]","[(0, 1069.3643798828125), (1, 1178.68701171875)]","[(0, 3459.92138671875), (1, 3009.56884765625)]"
261,"[(0, 1250.130126953125), (1, 1667.0802001953125)]","[(0, 1189.45751953125), (1, 1133.0015869140625)]","[(0, 3958.1015625), (1, 3869.75048828125)]","[(0, 2185.125), (1, 2352.86865234375)]","[(0, 5171.99072265625), (1, 3155.189208984375)]","[(0, 5462.7373046875), (1, 5708.630859375)]","[(0, 3379.33056640625), (1, 3244.578369140625)]","[(0, 1755.6842041015625), (1, 1552.5963134765625)]","[(0, 1231.5546875), (1, 1140.2957763671875)]","[(0, 2850.62646484375), (1, 2689.827880859375)]","[(0, 1460.1925048828125), (1, 1358.0565185546875)]"
262,"[(0, 1786.11083984375), (1, 2246.155029296875)]","[(0, 650.2930908203125), (1, 573.973876953125)]","[(0, 1869.6292724609375), (1, 1972.7427978515625)]","[(0, 3394.37939453125), (1, 3549.81982421875)]","[(0, 2672.488037109375), (1, 2537.441650390625)]","[(0, 2647.850830078125), (1, 2791.644775390625)]","[(0, 2740.912353515625), (1, 2864.227294921875)]","[(0, 748.3771362304688), (1, 771.1827392578125)]","[(0, 1359.78466796875), (1, 2174.695068359375)]","[(0, 1375.1353759765625), (1, 1209.0335693359375)]","[(0, 2286.129150390625), (1, 2222.562744140625)]"
263,"[(0, 2006.5482177734375), (1, 2670.098388671875)]","[(0, 999.62109375), (1, 856.8926391601562)]","[(0, 6274.029296875), (1, 5523.47900390625)]","[(0, 4626.2490234375), (1, 4910.96875)]","[(0, 2372.84375), (1, 2230.193603515625)]","[(0, 5173.25390625), (1, 4882.02685546875)]","[(0, 6655.56982421875), (1, 7089.90673828125)]","[(0, 628.1845092773438), (1, 638.2221069335938)]","[(0, 964.6221923828125), (1, 1154.6739501953125)]","[(0, 1547.891357421875), (1, 1582.3076171875)]","[(0, 3615.1796875), (1, 3177.628662109375)]"
264,"[(0, 1507.064208984375), (1, 1903.1436767578125)]","[(0, 616.7882080078125), (1, 521.9696044921875)]","[(0, 6222.09423828125), (1, 5926.6357421875)]","[(0, 4150.8642578125), (1, 4238.4970703125)]","[(0, 2861.281494140625), (1, 1619.807861328125)]","[(0, 5478.8955078125), (1, 5312.39404296875)]","[(0, 4980.2578125), (1, 5413.8046875)]","[(0, 1364.9161376953125), (1, 1110.8018798828125)]","[(0, 2125.743896484375), (1, 1561.6651611328125)]","[(0, 1601.906982421875), (1, 1374.31787109375)]","[(0, 1429.9737548828125), (1, 1268.52294921875)]"
265,"[(0, 1442.9248046875), (1, 1694.340087890625)]","[(0, 939.2039794921875), (1, 1274.38134765625)]","[(0, 4487.44384765625), (1, 4123.9267578125)]","[(0, 3634.53173828125), (1, 3838.109130859375)]","[(0, 2056.38720703125), (1, 1166.084228515625)]","[(0, 4219.2275390625), (1, 4456.294921875)]","[(0, 5284.05322265625), (1, 4798.58837890625)]","[(0, 1621.847412109375), (1, 1306.620849609375)]","[(0, 2265.6357421875), (1, 1634.213134765625)]","[(0, 1990.109375), (1, 1683.7410888671875)]","[(0, 3034.278076171875), (1, 2712.309326171875)]"
266,"[(0, 1297.831298828125), (1, 1647.5693359375)]","[(0, 1199.214111328125), (1, 1727.080810546875)]","[(0, 2786.455322265625), (1, 2889.2822265625)]","[(0, 4142.32275390625), (1, 4063.52783203125)]","[(0, 703.5634155273438), (1, 672.4855346679688)]","[(0, 4040.16943359375), (1, 4242.998046875)]","[(0, 2298.562744140625), (1, 2468.40380859375)]","[(0, 1184.2091064453125), (1, 1257.188232421875)]","[(0, 1893.9775390625), (1, 1427.3482666015625)]","[(0, 2390.970703125), (1, 2710.025146484375)]","[(0, 1956.5472412109375), (1, 1804.909423828125)]"
267,"[(0, 1588.1083984375), (1, 2077.858154296875)]","[(0, 1091.0694580078125), (1, 1513.4071044921875)]","[(0, 8001.58056640625), (1, 7594.31298828125)]","[(0, 1543.64794921875), (1, 1660.30859375)]","[(0, 810.6538696289062), (1, 754.4291381835938)]","[(0, 5801.14501953125), (1, 5421.84423828125)]","[(0, 5518.92431640625), (1, 7180.76953125)]","[(0, 1816.1595458984375), (1, 1900.36962890625)]","[(0, 930.3051147460938), (1, 698.366943359375)]","[(0, 1822.0267333984375), (1, 2070.239013671875)]","[(0, 2118.011962890625), (1, 1797.7467041015625)]"
268,"[(0, 1264.1878662109375), (1, 1679.36865234375)]","[(0, 1026.2001953125), (1, 1174.2642822265625)]","[(0, 5679.5458984375), (1, 5710.60205078125)]","[(0, 4148.7783203125), (1, 4201.1953125)]","[(0, 5720.953125), (1, 3572.5166015625)]","[(0, 2916.855712890625), (1, 3035.132080078125)]","[(0, 3151.4873046875), (1, 3927.91357421875)]","[(0, 1429.0513916015625), (1, 1551.6614990234375)]","[(0, 1746.839111328125), (1, 1300.802001953125)]","[(0, 2951.686279296875), (1, 2456.400390625)]","[(0, 3967.80322265625), (1, 3377.046875)]"
269,"[(0, 1894.9549560546875), (1, 2468.81005859375)]","[(0, 1369.797607421875), (1, 1309.203369140625)]","[(0, 2427.33203125), (1, 2850.042236328125)]","[(0, 1536.24169921875), (1, 1597.8714599609375)]","[(0, 4233.79833984375), (1, 2583.648681640625)]","[(0, 3085.537353515625), (1, 3288.618408203125)]","[(0, 3583.9619140625), (1, 3467.48583984375)]","[(0, 1456.8577880859375), (1, 1458.857666015625)]","[(0, 1566.8492431640625), (1, 1106.716064453125)]","[(0, 1249.9686279296875), (1, 1225.098876953125)]","[(0, 3084.869384765625), (1, 2519.754638671875)]"
270,"[(0, 2191.025146484375), (1, 2884.2978515625)]","[(0, 1715.121826171875), (1, 1692.682861328125)]","[(0, 2461.398681640625), (1, 2328.564697265625)]","[(0, 1717.92529296875), (1, 1802.6636962890625)]","[(0, 6206.20556640625), (1, 3661.80810546875)]","[(0, 4006.771484375), (1, 3767.306640625)]","[(0, 2784.34765625), (1, 2997.8583984375)]","[(0, 1947.112548828125), (1, 2860.9404296875)]","[(0, 1535.3416748046875), (1, 1462.406982421875)]","[(0, 1426.4561767578125), (1, 1187.935546875)]","[(0, 3018.4677734375), (1, 2629.205078125)]"
271,"[(0, 1889.971923828125), (1, 2524.331787109375)]","[(0, 1567.6121826171875), (1, 1529.047607421875)]","[(0, 5602.46728515625), (1, 6131.87744140625)]","[(0, 2414.9111328125), (1, 2254.74853515625)]","[(0, 5342.56298828125), (1, 3085.490234375)]","[(0, 2347.327392578125), (1, 2555.87255859375)]","[(0, 6631.2216796875), (1, 6910.27685546875)]","[(0, 1136.6661376953125), (1, 1323.2457275390625)]","[(0, 3131.333984375), (1, 2693.824951171875)]","[(0, 2237.525146484375), (1, 1862.1253662109375)]","[(0, 3353.726806640625), (1, 2865.287353515625)]"
272,"[(0, 1890.779541015625), (1, 2435.1318359375)]","[(0, 1229.4798583984375), (1, 1176.1292724609375)]","[(0, 2946.670166015625), (1, 2483.2197265625)]","[(0, 3304.62060546875), (1, 3361.421142578125)]","[(0, 5519.4609375), (1, 3311.77587890625)]","[(0, 4699.765625), (1, 5059.81494140625)]","[(0, 4898.83984375), (1, 5142.525390625)]","[(0, 1402.8392333984375), (1, 1555.1904296875)]","[(0, 3572.056884765625), (1, 3998.232666015625)]","[(0, 1996.64599609375), (1, 2052.146728515625)]","[(0, 1557.8951416015625), (1, 1431.8602294921875)]"
273,"[(0, 1360.241943359375), (1, 1689.84912109375)]","[(0, 1717.3919677734375), (1, 1799.337646484375)]","[(0, 8351.314453125), (1, 8035.44140625)]","[(0, 2389.741943359375), (1, 2655.94873046875)]","[(0, 4499.0263671875), (1, 2660.637451171875)]","[(0, 4249.283203125), (1, 3995.564453125)]","[(0, 3599.777099609375), (1, 3213.20947265625)]","[(0, 1625.712646484375), (1, 1630.9388427734375)]","[(0, 797.2615966796875), (1, 1294.5654296875)]","[(0, 811.5128784179688), (1, 858.5203247070312)]","[(0, 2868.2099609375), (1, 2284.1796875)]"
274,"[(0, 1736.472412109375), (1, 2276.514892578125)]","[(0, 2377.528076171875), (1, 2665.416015625)]","[(0, 3092.368896484375), (1, 3147.13818359375)]","[(0, 2958.69677734375), (1, 2844.913818359375)]","[(0, 2540.608642578125), (1, 1430.73486328125)]","[(0, 3322.589111328125), (1, 3019.751953125)]","[(0, 4008.74755859375), (1, 4426.3662109375)]","[(0, 1950.061767578125), (1, 1808.5218505859375)]","[(0, 2208.82763671875), (1, 2636.969482421875)]","[(0, 3793.849853515625), (1, 2877.264404296875)]","[(0, 2397.100830078125), (1, 2179.817626953125)]"
275,"[(0, 1953.9049072265625), (1, 2470.04150390625)]","[(0, 1957.579345703125), (1, 2131.8671875)]","[(0, 4976.0615234375), (1, 5028.1201171875)]","[(0, 2920.2431640625), (1, 3029.073974609375)]","[(0, 1060.02099609375), (1, 985.3292236328125)]","[(0, 4218.24169921875), (1, 4443.52978515625)]","[(0, 5536.74267578125), (1, 5127.08056640625)]","[(0, 994.8990478515625), (1, 995.9143676757812)]","[(0, 1228.972900390625), (1, 928.0065307617188)]","[(0, 1038.2916259765625), (1, 1118.2783203125)]","[(0, 2051.332763671875), (1, 1994.1597900390625)]"
276,"[(0, 1732.3983154296875), (1, 2274.941650390625)]","[(0, 1159.32080078125), (1, 1505.2177734375)]","[(0, 1900.1505126953125), (1, 1712.3719482421875)]","[(0, 4537.79541015625), (1, 4194.15380859375)]","[(0, 4915.8095703125), (1, 2842.016357421875)]","[(0, 2970.065673828125), (1, 3307.533935546875)]","[(0, 4381.90380859375), (1, 4611.5283203125)]","[(0, 983.7269897460938), (1, 1031.723876953125)]","[(0, 1834.6025390625), (1, 1318.3470458984375)]","[(0, 1823.6495361328125), (1, 2036.231201171875)]","[(0, 1873.4317626953125), (1, 1695.3397216796875)]"
277,"[(0, 1678.0078125), (1, 2272.48583984375)]","[(0, 1287.0709228515625), (1, 1796.2242431640625)]","[(0, 4407.7470703125), (1, 4576.05126953125)]","[(0, 3772.814697265625), (1, 3653.290283203125)]","[(0, 3654.58642578125), (1, 3314.689453125)]","[(0, 3268.744384765625), (1, 2988.572509765625)]","[(0, 11187.6748046875), (1, 8947.80078125)]","[(0, 960.3654174804688), (1, 1234.4384765625)]","[(0, 2128.266357421875), (1, 1913.1468505859375)]","[(0, 3304.03466796875), (1, 2658.9267578125)]","[(0, 3956.686279296875), (1, 3417.545166015625)]"
278,"[(0, 1742.0487060546875), (1, 2408.629638671875)]","[(0, 1217.398681640625), (1, 1655.0361328125)]","[(0, 2513.546875), (1, 2349.927490234375)]","[(0, 1274.362548828125), (1, 1272.0936279296875)]","[(0, 4343.18701171875), (1, 3993.93408203125)]","[(0, 2828.01025390625), (1, 2687.40478515625)]","[(0, 6655.86181640625), (1, 5047.25537109375)]","[(0, 854.83203125), (1, 1167.7857666015625)]","[(0, 2653.9169921875), (1, 2841.81982421875)]","[(0, 1465.1185302734375), (1, 906.8724975585938)]","[(0, 4238.1533203125), (1, 3534.97216796875)]"
279,"[(0, 1615.414306640625), (1, 1893.2830810546875)]","[(0, 1119.502197265625), (1, 1281.939453125)]","[(0, 3960.97509765625), (1, 3694.17236328125)]","[(0, 2024.80615234375), (1, 2083.67919921875)]","[(0, 3717.203857421875), (1, 2163.12939453125)]","[(0, 2327.06396484375), (1, 2501.858154296875)]","[(0, 4639.1103515625), (1, 4322.81103515625)]","[(0, 2139.51025390625), (1, 2083.579833984375)]","[(0, 982.4158325195312), (1, 915.373046875)]","[(0, 1935.9522705078125), (1, 2056.482421875)]","[(0, 1477.0963134765625), (1, 1318.59033203125)]"
280,"[(0, 1536.9151611328125), (1, 1950.9332275390625)]","[(0, 599.6768188476562), (1, 515.6012573242188)]","[(0, 2630.915771484375), (1, 2334.772216796875)]","[(0, 1896.309814453125), (1, 2101.31494140625)]","[(0, 1511.6573486328125), (1, 1385.21826171875)]","[(0, 4452.84521484375), (1, 4866.51953125)]","[(0, 4213.60986328125), (1, 4475.68212890625)]","[(0, 2845.464599609375), (1, 2234.81787109375)]","[(0, 2029.4661865234375), (1, 2024.4141845703125)]","[(0, 3442.0078125), (1, 2888.037109375)]","[(0, 2977.398193359375), (1, 2700.333740234375)]"
281,"[(0, 1574.914306640625), (1, 1869.3253173828125)]","[(0, 1220.011474609375), (1, 1548.7757568359375)]","[(0, 3457.582763671875), (1, 3519.2333984375)]","[(0, 2023.898681640625), (1, 1945.7047119140625)]","[(0, 3479.746337890625), (1, 2079.865478515625)]","[(0, 5273.4814453125), (1, 5064.85986328125)]","[(0, 5586.759765625), (1, 5129.892578125)]","[(0, 574.05517578125), (1, 656.3143920898438)]","[(0, 1498.364501953125), (1, 1205.760009765625)]","[(0, 1786.5615234375), (1, 1683.497802734375)]","[(0, 2659.956298828125), (1, 2249.698974609375)]"
282,"[(0, 2001.530517578125), (1, 2656.552978515625)]","[(0, 1372.5784912109375), (1, 1884.4520263671875)]","[(0, 1748.4166259765625), (1, 1856.02099609375)]","[(0, 2037.108154296875), (1, 2041.007080078125)]","[(0, 2268.987548828125), (1, 1327.71044921875)]","[(0, 5877.26806640625), (1, 5671.43310546875)]","[(0, 3090.098876953125), (1, 3354.57763671875)]","[(0, 2385.1279296875), (1, 2683.20263671875)]","[(0, 2363.110595703125), (1, 1807.9931640625)]","[(0, 1682.531494140625), (1, 1620.9969482421875)]","[(0, 3183.255126953125), (1, 2677.867431640625)]"
283,"[(0, 1453.1298828125), (1, 1875.333740234375)]","[(0, 1214.110107421875), (1, 1618.8126220703125)]","[(0, 5181.044921875), (1, 5231.2705078125)]","[(0, 2399.377685546875), (1, 2552.266357421875)]","[(0, 855.7562255859375), (1, 770.3929443359375)]","[(0, 6414.3046875), (1, 6909.400390625)]","[(0, 7517.033203125), (1, 7591.30078125)]","[(0, 1872.1181640625), (1, 1571.756591796875)]","[(0, 761.4942016601562), (1, 1029.250244140625)]","[(0, 1604.09765625), (1, 1768.553466796875)]","[(0, 2321.071044921875), (1, 2273.411376953125)]"
284,"[(0, 1724.4952392578125), (1, 2109.7939453125)]","[(0, 1284.7574462890625), (1, 1478.5380859375)]","[(0, 5270.8017578125), (1, 4972.80712890625)]","[(0, 4517.423828125), (1, 4449.38134765625)]","[(0, 3934.249267578125), (1, 2312.549072265625)]","[(0, 3444.138916015625), (1, 3657.731689453125)]","[(0, 3017.780029296875), (1, 3069.181640625)]","[(0, 2466.5517578125), (1, 2066.20654296875)]","[(0, 1973.4005126953125), (1, 2150.2890625)]","[(0, 1452.4398193359375), (1, 1248.33056640625)]","[(0, 1605.45068359375), (1, 1493.15576171875)]"
285,"[(0, 1386.946044921875), (1, 1754.2900390625)]","[(0, 1157.08740234375), (1, 1464.715576171875)]","[(0, 1635.9417724609375), (1, 1550.0841064453125)]","[(0, 5239.07373046875), (1, 4606.46044921875)]","[(0, 3297.968017578125), (1, 1910.6771240234375)]","[(0, 4137.703125), (1, 3933.04150390625)]","[(0, 5911.8232421875), (1, 6354.49658203125)]","[(0, 1416.737060546875), (1, 1181.7130126953125)]","[(0, 1575.31298828125), (1, 1781.027587890625)]","[(0, 782.2793579101562), (1, 726.503662109375)]","[(0, 2152.625), (1, 2044.9388427734375)]"
286,"[(0, 1453.48876953125), (1, 1864.2647705078125)]","[(0, 1477.9776611328125), (1, 2016.9246826171875)]","[(0, 4400.64501953125), (1, 4439.3701171875)]","[(0, 2377.99169921875), (1, 2465.559326171875)]","[(0, 4984.96728515625), (1, 2809.54345703125)]","[(0, 3510.350830078125), (1, 3413.5126953125)]","[(0, 4662.64013671875), (1, 4884.0244140625)]","[(0, 1672.988037109375), (1, 1656.706298828125)]","[(0, 1339.0677490234375), (1, 960.8912963867188)]","[(0, 1404.167724609375), (1, 1344.9659423828125)]","[(0, 2344.072265625), (1, 1802.654296875)]"
287,"[(0, 1997.534423828125), (1, 2703.259765625)]","[(0, 1264.3482666015625), (1, 1709.9241943359375)]","[(0, 2663.43896484375), (1, 3219.841552734375)]","[(0, 1780.943603515625), (1, 1927.1866455078125)]","[(0, 767.7857666015625), (1, 711.235595703125)]","[(0, 3203.149658203125), (1, 3506.817138671875)]","[(0, 3967.17138671875), (1, 4108.09228515625)]","[(0, 1753.840087890625), (1, 2109.724365234375)]","[(0, 1020.1396484375), (1, 1228.4080810546875)]","[(0, 1148.82177734375), (1, 928.999267578125)]","[(0, 2460.642822265625), (1, 2042.1898193359375)]"
288,"[(0, 1567.260986328125), (1, 1844.2120361328125)]","[(0, 1032.67236328125), (1, 1196.642578125)]","[(0, 5344.458984375), (1, 5379.96875)]","[(0, 2911.533447265625), (1, 3252.12158203125)]","[(0, 1718.5831298828125), (1, 1228.29736328125)]","[(0, 4301.39404296875), (1, 4559.2587890625)]","[(0, 3402.30322265625), (1, 3704.880615234375)]","[(0, 1561.455322265625), (1, 1659.1719970703125)]","[(0, 2125.642578125), (1, 1919.456298828125)]","[(0, 1495.2967529296875), (1, 1385.291015625)]","[(0, 3078.6123046875), (1, 2589.275146484375)]"
289,"[(0, 1831.95458984375), (1, 2487.317626953125)]","[(0, 588.5819091796875), (1, 506.3321533203125)]","[(0, 2688.57275390625), (1, 3260.717529296875)]","[(0, 2669.8603515625), (1, 2838.457275390625)]","[(0, 4185.28759765625), (1, 2656.926513671875)]","[(0, 4049.716796875), (1, 3914.67138671875)]","[(0, 5657.80322265625), (1, 5295.009765625)]","[(0, 1267.29736328125), (1, 1804.7122802734375)]","[(0, 1207.2252197265625), (1, 741.2552490234375)]","[(0, 1164.193603515625), (1, 1353.967529296875)]","[(0, 3525.90185546875), (1, 2983.47509765625)]"
290,"[(0, 1900.2210693359375), (1, 2421.499755859375)]","[(0, 1220.3907470703125), (1, 1134.9271240234375)]","[(0, 3469.43408203125), (1, 2972.302734375)]","[(0, 1905.1575927734375), (1, 2182.267822265625)]","[(0, 4542.7314453125), (1, 2830.244140625)]","[(0, 2060.993408203125), (1, 1870.4290771484375)]","[(0, 5262.95068359375), (1, 6011.26416015625)]","[(0, 1189.9566650390625), (1, 1453.5546875)]","[(0, 1625.6142578125), (1, 1925.0916748046875)]","[(0, 1794.408447265625), (1, 2380.645263671875)]","[(0, 3593.472900390625), (1, 3029.931884765625)]"
291,"[(0, 1610.308349609375), (1, 2116.5791015625)]","[(0, 1835.5703125), (1, 1893.892578125)]","[(0, 4278.046875), (1, 4143.40478515625)]","[(0, 3460.142333984375), (1, 3632.355712890625)]","[(0, 1527.2994384765625), (1, 1387.5306396484375)]","[(0, 2510.443359375), (1, 2810.462646484375)]","[(0, 2552.61572265625), (1, 2390.604736328125)]","[(0, 833.0509643554688), (1, 982.7109375)]","[(0, 1593.0989990234375), (1, 1571.178955078125)]","[(0, 2545.27685546875), (1, 2358.9404296875)]","[(0, 1569.21337890625), (1, 1389.1685791015625)]"
292,"[(0, 1460.444580078125), (1, 1853.16552734375)]","[(0, 1228.6968994140625), (1, 1193.9158935546875)]","[(0, 1980.7103271484375), (1, 1751.1075439453125)]","[(0, 3356.13916015625), (1, 3293.005859375)]","[(0, 2325.669677734375), (1, 1352.037841796875)]","[(0, 5200.26611328125), (1, 5540.71484375)]","[(0, 6047.2470703125), (1, 6443.34716796875)]","[(0, 1268.1624755859375), (1, 1547.62548828125)]","[(0, 1576.6943359375), (1, 1366.4986572265625)]","[(0, 769.48974609375), (1, 738.9821166992188)]","[(0, 1388.7724609375), (1, 1287.7227783203125)]"
293,"[(0, 1515.8135986328125), (1, 2060.029296875)]","[(0, 901.357666015625), (1, 889.7884521484375)]","[(0, 2667.066162109375), (1, 2731.08203125)]","[(0, 5461.96630859375), (1, 5523.9423828125)]","[(0, 3084.995849609375), (1, 1856.2254638671875)]","[(0, 6814.87060546875), (1, 6420.84130859375)]","[(0, 3950.559326171875), (1, 4254.501953125)]","[(0, 1567.4141845703125), (1, 1450.3221435546875)]","[(0, 2454.4755859375), (1, 2349.1904296875)]","[(0, 1439.240966796875), (1, 1452.7025146484375)]","[(0, 1630.0712890625), (1, 1510.850341796875)]"
294,"[(0, 1777.4422607421875), (1, 2173.642822265625)]","[(0, 1224.41748046875), (1, 1148.484375)]","[(0, 1439.072021484375), (1, 1142.233642578125)]","[(0, 3775.248046875), (1, 3953.951416015625)]","[(0, 1892.528564453125), (1, 1624.5487060546875)]","[(0, 7829.95166015625), (1, 7225.98583984375)]","[(0, 5733.87109375), (1, 6026.4921875)]","[(0, 3202.551025390625), (1, 4517.90625)]","[(0, 1013.2613525390625), (1, 1214.394287109375)]","[(0, 1254.713134765625), (1, 1188.572998046875)]","[(0, 3524.7119140625), (1, 2873.32958984375)]"
295,"[(0, 1616.127685546875), (1, 2154.849365234375)]","[(0, 1778.0330810546875), (1, 1772.4521484375)]","[(0, 5908.48681640625), (1, 5890.80859375)]","[(0, 3499.97802734375), (1, 3437.44189453125)]","[(0, 5295.13623046875), (1, 3177.010498046875)]","[(0, 7429.109375), (1, 7760.76904296875)]","[(0, 6927.58447265625), (1, 7599.26123046875)]","[(0, 2608.1474609375), (1, 2177.382568359375)]","[(0, 2080.364501953125), (1, 2331.552490234375)]","[(0, 2794.971923828125), (1, 2440.7177734375)]","[(0, 1491.8193359375), (1, 1360.542236328125)]"
296,"[(0, 2219.10302734375), (1, 2987.993896484375)]","[(0, 1323.5985107421875), (1, 1276.12109375)]","[(0, 1481.5), (1, 1760.2158203125)]","[(0, 1718.5765380859375), (1, 1704.5479736328125)]","[(0, 4390.8310546875), (1, 2626.83935546875)]","[(0, 8305.8896484375), (1, 8911.8544921875)]","[(0, 2777.053466796875), (1, 3018.22314453125)]","[(0, 868.9962158203125), (1, 712.8283081054688)]","[(0, 1345.6953125), (1, 932.123046875)]","[(0, 1736.7928466796875), (1, 1941.77392578125)]","[(0, 3591.256591796875), (1, 3027.450927734375)]"
297,"[(0, 1684.7113037109375), (1, 2148.807861328125)]","[(0, 862.6197509765625), (1, 756.0020751953125)]","[(0, 5469.388671875), (1, 5590.73046875)]","[(0, 3795.68115234375), (1, 3910.7646484375)]","[(0, 2425.373291015625), (1, 2311.385986328125)]","[(0, 4498.4814453125), (1, 4243.76318359375)]","[(0, 3464.735595703125), (1, 3279.0947265625)]","[(0, 1392.9620361328125), (1, 1816.8619384765625)]","[(0, 812.8311767578125), (1, 998.1521606445312)]","[(0, 2548.19140625), (1, 2121.930908203125)]","[(0, 1111.75146484375), (1, 1047.7032470703125)]"
298,"[(0, 1564.3079833984375), (1, 2030.9793701171875)]","[(0, 1947.62158203125), (1, 2105.013427734375)]","[(0, 5735.94970703125), (1, 5413.8564453125)]","[(0, 3751.113037109375), (1, 3754.5703125)]","[(0, 1918.481689453125), (1, 1831.32568359375)]","[(0, 7383.23486328125), (1, 7750.87255859375)]","[(0, 1730.340087890625), (1, 1787.3658447265625)]","[(0, 1824.188720703125), (1, 1868.8441162109375)]","[(0, 1624.35498046875), (1, 1325.9447021484375)]","[(0, 1178.755615234375), (1, 1084.8616943359375)]","[(0, 2695.59814453125), (1, 2185.017822265625)]"
299,"[(0, 2156.40771484375), (1, 2828.107177734375)]","[(0, 2622.428955078125), (1, 3036.857421875)]","[(0, 3390.70703125), (1, 3466.913818359375)]","[(0, 6262.40234375), (1, 6504.01025390625)]","[(0, 3136.271240234375), (1, 1762.9609375)]","[(0, 4581.89404296875), (1, 4736.59033203125)]","[(0, 3256.51953125), (1, 3919.916748046875)]","[(0, 1528.093505859375), (1, 1277.86376953125)]","[(0, 1384.3189697265625), (1, 1107.0850830078125)]","[(0, 1417.6121826171875), (1, 1472.9830322265625)]","[(0, 2560.47998046875), (1, 1990.653076171875)]"
300,"[(0, 1534.818359375), (1, 2006.512939453125)]","[(0, 2014.359375), (1, 2289.7685546875)]","[(0, 4071.751708984375), (1, 4218.24609375)]","[(0, 2561.256591796875), (1, 2640.76953125)]","[(0, 2606.523681640625), (1, 1440.384033203125)]","[(0, 3876.77978515625), (1, 3673.343505859375)]","[(0, 1714.32958984375), (1, 2065.899169921875)]","[(0, 2332.574462890625), (1, 2088.421142578125)]","[(0, 1304.917236328125), (1, 1466.6612548828125)]","[(0, 1738.416015625), (1, 1747.4290771484375)]","[(0, 1647.37841796875), (1, 1484.452880859375)]"
301,"[(0, 1315.990478515625), (1, 1650.251220703125)]","[(0, 1858.0718994140625), (1, 1939.3662109375)]","[(0, 3454.57666015625), (1, 3335.290771484375)]","[(0, 2643.32568359375), (1, 2890.468505859375)]","[(0, 1512.24560546875), (1, 1327.880615234375)]","[(0, 3129.30712890625), (1, 3007.402587890625)]","[(0, 2542.42041015625), (1, 2368.42724609375)]","[(0, 1614.548095703125), (1, 1670.28125)]","[(0, 910.17578125), (1, 1043.9716796875)]","[(0, 2021.8009033203125), (1, 1887.8505859375)]","[(0, 2559.382568359375), (1, 2327.492431640625)]"
302,"[(0, 1648.69384765625), (1, 2246.706787109375)]","[(0, 838.3297119140625), (1, 744.9168701171875)]","[(0, 6740.04345703125), (1, 6468.763671875)]","[(0, 2138.478759765625), (1, 2223.726806640625)]","[(0, 1414.4346923828125), (1, 1233.7835693359375)]","[(0, 2210.62841796875), (1, 2350.662841796875)]","[(0, 2735.049072265625), (1, 2914.390869140625)]","[(0, 2142.783203125), (1, 2091.088623046875)]","[(0, 1328.488037109375), (1, 1232.340087890625)]","[(0, 1610.7047119140625), (1, 1659.1278076171875)]","[(0, 1319.2772216796875), (1, 1250.4962158203125)]"
303,"[(0, 1219.6729736328125), (1, 1426.3590087890625)]","[(0, 1737.5533447265625), (1, 1550.6505126953125)]","[(0, 5824.9443359375), (1, 5426.83056640625)]","[(0, 1196.7064208984375), (1, 1256.2911376953125)]","[(0, 4773.09326171875), (1, 2746.726806640625)]","[(0, 4367.8857421875), (1, 4694.34521484375)]","[(0, 4721.18017578125), (1, 5073.00048828125)]","[(0, 1421.318603515625), (1, 1515.985595703125)]","[(0, 599.019775390625), (1, 843.6632080078125)]","[(0, 1703.1514892578125), (1, 1912.9771728515625)]","[(0, 1811.6712646484375), (1, 1740.7550048828125)]"
304,"[(0, 1854.0609130859375), (1, 2595.879150390625)]","[(0, 2204.316162109375), (1, 2085.335205078125)]","[(0, 2378.79248046875), (1, 2886.70556640625)]","[(0, 2448.085205078125), (1, 2501.334716796875)]","[(0, 3214.11669921875), (1, 1961.2662353515625)]","[(0, 2976.166015625), (1, 2806.54931640625)]","[(0, 3489.1201171875), (1, 3696.84765625)]","[(0, 2262.14697265625), (1, 3187.1796875)]","[(0, 1890.2647705078125), (1, 1960.927734375)]","[(0, 1756.5533447265625), (1, 1425.51513671875)]","[(0, 4160.1455078125), (1, 3510.310791015625)]"
305,"[(0, 1293.9735107421875), (1, 1510.60693359375)]","[(0, 1999.02001953125), (1, 1876.6290283203125)]","[(0, 3787.317626953125), (1, 3867.872802734375)]","[(0, 1815.0556640625), (1, 1920.187744140625)]","[(0, 4971.7685546875), (1, 2864.74365234375)]","[(0, 3282.7021484375), (1, 3011.431884765625)]","[(0, 3671.154541015625), (1, 3478.428955078125)]","[(0, 1662.371337890625), (1, 2191.6396484375)]","[(0, 1564.0626220703125), (1, 1503.498291015625)]","[(0, 883.3861694335938), (1, 892.49267578125)]","[(0, 2455.259765625), (1, 2053.498779296875)]"
306,"[(0, 1414.37451171875), (1, 1782.5255126953125)]","[(0, 1930.216064453125), (1, 1871.373046875)]","[(0, 5389.7314453125), (1, 5665.2109375)]","[(0, 1667.2000732421875), (1, 1676.5474853515625)]","[(0, 3780.486328125), (1, 2131.553955078125)]","[(0, 5556.02783203125), (1, 5727.1328125)]","[(0, 3511.6298828125), (1, 3723.973876953125)]","[(0, 1381.57373046875), (1, 1076.7955322265625)]","[(0, 925.5362548828125), (1, 1098.741455078125)]","[(0, 1911.237548828125), (1, 2150.54736328125)]","[(0, 2969.26708984375), (1, 2508.1220703125)]"
307,"[(0, 2188.0234375), (1, 2835.815185546875)]","[(0, 1340.705322265625), (1, 1361.9515380859375)]","[(0, 3966.2861328125), (1, 3754.9892578125)]","[(0, 6361.615234375), (1, 6755.49462890625)]","[(0, 3346.2412109375), (1, 3067.440673828125)]","[(0, 4194.68994140625), (1, 4354.2275390625)]","[(0, 1886.36767578125), (1, 1789.35791015625)]","[(0, 1153.6365966796875), (1, 1328.7718505859375)]","[(0, 1921.05419921875), (1, 2173.7060546875)]","[(0, 1216.56201171875), (1, 1199.290771484375)]","[(0, 1773.1107177734375), (1, 1653.4324951171875)]"
308,"[(0, 2070.93017578125), (1, 2715.443603515625)]","[(0, 1983.2384033203125), (1, 2189.074462890625)]","[(0, 4166.61328125), (1, 4655.96630859375)]","[(0, 7010.16064453125), (1, 6794.4677734375)]","[(0, 5631.37744140625), (1, 3519.072265625)]","[(0, 5802.7216796875), (1, 5521.54052734375)]","[(0, 1509.66357421875), (1, 1744.0335693359375)]","[(0, 1251.5323486328125), (1, 1047.7142333984375)]","[(0, 2207.15380859375), (1, 2168.9951171875)]","[(0, 2979.771484375), (1, 2632.16552734375)]","[(0, 2922.364501953125), (1, 2442.751708984375)]"
309,"[(0, 956.4544067382812), (1, 1143.136962890625)]","[(0, 1627.93115234375), (1, 1639.33154296875)]","[(0, 2321.306640625), (1, 2322.855712890625)]","[(0, 2131.68408203125), (1, 2187.03466796875)]","[(0, 3741.27392578125), (1, 2418.1318359375)]","[(0, 4155.99365234375), (1, 3823.127685546875)]","[(0, 3045.17529296875), (1, 3425.046142578125)]","[(0, 1672.8253173828125), (1, 1695.960693359375)]","[(0, 1566.531005859375), (1, 1675.248779296875)]","[(0, 2552.93359375), (1, 2337.337646484375)]","[(0, 4639.53515625), (1, 3880.996826171875)]"
310,"[(0, 2720.43212890625), (1, 3542.697509765625)]","[(0, 1630.948974609375), (1, 1650.804443359375)]","[(0, 2505.313232421875), (1, 2653.45654296875)]","[(0, 2990.7333984375), (1, 3031.20947265625)]","[(0, 1231.6580810546875), (1, 1136.8660888671875)]","[(0, 2792.853759765625), (1, 3172.6142578125)]","[(0, 3122.25390625), (1, 3087.936279296875)]","[(0, 2945.7880859375), (1, 2749.61376953125)]","[(0, 1997.746826171875), (1, 2372.124267578125)]","[(0, 1322.25927734375), (1, 1833.3536376953125)]","[(0, 1948.1156005859375), (1, 1782.937744140625)]"
311,"[(0, 1497.9366455078125), (1, 1939.3302001953125)]","[(0, 1798.315185546875), (1, 1926.502197265625)]","[(0, 2402.582275390625), (1, 2463.742431640625)]","[(0, 4286.50048828125), (1, 4589.75732421875)]","[(0, 1883.598388671875), (1, 1287.822265625)]","[(0, 4179.09375), (1, 4499.34375)]","[(0, 5063.77294921875), (1, 4701.9267578125)]","[(0, 1358.2119140625), (1, 1387.765625)]","[(0, 2502.411865234375), (1, 3098.833984375)]","[(0, 2288.1357421875), (1, 1865.8521728515625)]","[(0, 1619.0958251953125), (1, 1332.01611328125)]"
312,"[(0, 1934.7626953125), (1, 2549.715576171875)]","[(0, 2073.494384765625), (1, 2331.427978515625)]","[(0, 5596.32666015625), (1, 6098.48974609375)]","[(0, 2948.452392578125), (1, 3201.518798828125)]","[(0, 2958.78271484375), (1, 1683.4248046875)]","[(0, 4495.423828125), (1, 4185.65478515625)]","[(0, 3385.123779296875), (1, 3607.12451171875)]","[(0, 1655.811279296875), (1, 1434.76025390625)]","[(0, 1257.6204833984375), (1, 1151.974853515625)]","[(0, 1134.92822265625), (1, 1157.694580078125)]","[(0, 2185.154296875), (1, 1891.3369140625)]"
313,"[(0, 1211.7445068359375), (1, 1507.65576171875)]","[(0, 2114.81884765625), (1, 2240.024169921875)]","[(0, 2416.55712890625), (1, 2449.600830078125)]","[(0, 6130.7666015625), (1, 6267.80322265625)]","[(0, 1261.82470703125), (1, 1039.60498046875)]","[(0, 5234.708984375), (1, 5464.46728515625)]","[(0, 6909.1962890625), (1, 6980.80615234375)]","[(0, 793.116455078125), (1, 887.66357421875)]","[(0, 2033.55322265625), (1, 1507.3330078125)]","[(0, 2321.55908203125), (1, 2102.60498046875)]","[(0, 3005.745361328125), (1, 2434.72216796875)]"
314,"[(0, 1245.56689453125), (1, 1620.395751953125)]","[(0, 1609.3204345703125), (1, 1649.195556640625)]","[(0, 2151.447998046875), (1, 2259.59521484375)]","[(0, 2700.189697265625), (1, 2794.67626953125)]","[(0, 1403.6937255859375), (1, 1230.6102294921875)]","[(0, 2941.30615234375), (1, 3074.29052734375)]","[(0, 3828.655517578125), (1, 3990.712890625)]","[(0, 2371.59716796875), (1, 2333.701416015625)]","[(0, 1193.832763671875), (1, 1499.8577880859375)]","[(0, 1378.9324951171875), (1, 1660.7867431640625)]","[(0, 1828.7078857421875), (1, 1624.48828125)]"
315,"[(0, 2121.7216796875), (1, 2788.475830078125)]","[(0, 675.4369506835938), (1, 604.9839477539062)]","[(0, 2234.60498046875), (1, 2186.32568359375)]","[(0, 1324.2020263671875), (1, 1365.5462646484375)]","[(0, 3247.169189453125), (1, 1834.2369384765625)]","[(0, 2312.095703125), (1, 2241.83984375)]","[(0, 5383.02294921875), (1, 6461.37060546875)]","[(0, 1634.80078125), (1, 1231.25)]","[(0, 1408.1094970703125), (1, 2056.11474609375)]","[(0, 1367.7371826171875), (1, 1372.7845458984375)]","[(0, 2013.736083984375), (1, 1882.2911376953125)]"
316,"[(0, 951.2620239257812), (1, 1106.349365234375)]","[(0, 1063.8333740234375), (1, 1341.6185302734375)]","[(0, 4566.04638671875), (1, 4548.9697265625)]","[(0, 4029.16845703125), (1, 4258.41064453125)]","[(0, 2155.651123046875), (1, 1377.0526123046875)]","[(0, 4473.53564453125), (1, 4269.60205078125)]","[(0, 2620.967529296875), (1, 3461.87548828125)]","[(0, 1980.2664794921875), (1, 1764.643798828125)]","[(0, 1321.64404296875), (1, 902.160888671875)]","[(0, 3006.89501953125), (1, 4423.64453125)]","[(0, 1746.147216796875), (1, 1555.3016357421875)]"
317,"[(0, 1628.490966796875), (1, 1903.7091064453125)]","[(0, 1378.816162109375), (1, 1914.7730712890625)]","[(0, 3162.219970703125), (1, 3049.453125)]","[(0, 1099.6341552734375), (1, 1111.8648681640625)]","[(0, 733.5659790039062), (1, 712.7548217773438)]","[(0, 5957.74169921875), (1, 6301.13232421875)]","[(0, 2289.015380859375), (1, 3420.15673828125)]","[(0, 1405.9364013671875), (1, 1564.1431884765625)]","[(0, 1909.505859375), (1, 2248.191162109375)]","[(0, 901.239501953125), (1, 1047.5399169921875)]","[(0, 1690.91943359375), (1, 1628.51123046875)]"
318,"[(0, 1996.617431640625), (1, 2612.597412109375)]","[(0, 1151.5738525390625), (1, 1539.427978515625)]","[(0, 5860.5107421875), (1, 6174.5390625)]","[(0, 3254.197265625), (1, 3122.855712890625)]","[(0, 715.8090209960938), (1, 703.0225219726562)]","[(0, 4004.15087890625), (1, 4228.984375)]","[(0, 3813.165283203125), (1, 4540.912109375)]","[(0, 2148.788330078125), (1, 2042.021484375)]","[(0, 890.4314575195312), (1, 1441.4359130859375)]","[(0, 2703.06494140625), (1, 2610.201416015625)]","[(0, 3309.086181640625), (1, 2693.383056640625)]"
319,"[(0, 2502.525146484375), (1, 3255.507080078125)]","[(0, 1061.287353515625), (1, 1149.116455078125)]","[(0, 2713.96142578125), (1, 2804.491943359375)]","[(0, 1979.7283935546875), (1, 1975.91357421875)]","[(0, 3692.3623046875), (1, 2290.11474609375)]","[(0, 3521.78173828125), (1, 3277.134521484375)]","[(0, 4171.830078125), (1, 3897.21630859375)]","[(0, 2498.8310546875), (1, 2505.78271484375)]","[(0, 2068.955078125), (1, 2135.727294921875)]","[(0, 983.9859008789062), (1, 780.4176025390625)]","[(0, 3180.0146484375), (1, 2742.346435546875)]"
320,"[(0, 1831.2969970703125), (1, 2371.233154296875)]","[(0, 1138.3572998046875), (1, 1112.8822021484375)]","[(0, 2781.845947265625), (1, 2784.654296875)]","[(0, 3516.4658203125), (1, 3735.067138671875)]","[(0, 3747.28369140625), (1, 2134.975830078125)]","[(0, 2516.052001953125), (1, 2491.384521484375)]","[(0, 4428.8408203125), (1, 4834.48095703125)]","[(0, 1699.12646484375), (1, 1884.326904296875)]","[(0, 1596.90478515625), (1, 1580.7489013671875)]","[(0, 1491.169921875), (1, 1602.7413330078125)]","[(0, 3331.412841796875), (1, 2860.94873046875)]"
321,"[(0, 1637.2159423828125), (1, 2068.806396484375)]","[(0, 1563.1358642578125), (1, 1635.53759765625)]","[(0, 7907.81591796875), (1, 8635.2197265625)]","[(0, 3109.224365234375), (1, 3245.3056640625)]","[(0, 3382.381103515625), (1, 2165.9130859375)]","[(0, 5818.95361328125), (1, 6245.67822265625)]","[(0, 2957.496337890625), (1, 3179.653564453125)]","[(0, 1317.0615234375), (1, 1535.89453125)]","[(0, 1550.142578125), (1, 1958.8753662109375)]","[(0, 1260.7091064453125), (1, 1035.7352294921875)]","[(0, 2532.484375), (1, 2165.59912109375)]"
322,"[(0, 1520.3609619140625), (1, 1931.68017578125)]","[(0, 1319.5496826171875), (1, 1292.892333984375)]","[(0, 5147.25), (1, 5006.6787109375)]","[(0, 1999.689208984375), (1, 2021.8067626953125)]","[(0, 3020.535400390625), (1, 1884.020751953125)]","[(0, 3332.677490234375), (1, 3627.564453125)]","[(0, 4130.14208984375), (1, 4368.09814453125)]","[(0, 2263.989990234375), (1, 3086.48193359375)]","[(0, 1049.775634765625), (1, 1065.97412109375)]","[(0, 2099.161865234375), (1, 2818.8994140625)]","[(0, 1036.97802734375), (1, 966.5181884765625)]"
323,"[(0, 2000.4932861328125), (1, 2633.78125)]","[(0, 1481.360107421875), (1, 1441.2572021484375)]","[(0, 2034.6180419921875), (1, 2336.8193359375)]","[(0, 3496.81201171875), (1, 3436.576416015625)]","[(0, 1266.6878662109375), (1, 1197.607177734375)]","[(0, 3230.16943359375), (1, 3009.47412109375)]","[(0, 3467.555419921875), (1, 3354.48486328125)]","[(0, 917.0428466796875), (1, 1054.8289794921875)]","[(0, 775.6913452148438), (1, 663.8827514648438)]","[(0, 1845.6671142578125), (1, 1836.0560302734375)]","[(0, 2916.232666015625), (1, 2339.3388671875)]"
324,"[(0, 1633.350830078125), (1, 2102.171875)]","[(0, 901.035400390625), (1, 803.3223266601562)]","[(0, 2272.02197265625), (1, 2220.17724609375)]","[(0, 5602.94873046875), (1, 5909.8955078125)]","[(0, 1300.817626953125), (1, 1254.6107177734375)]","[(0, 3371.180419921875), (1, 3590.619384765625)]","[(0, 3485.77783203125), (1, 3850.1669921875)]","[(0, 1579.7000732421875), (1, 1449.784912109375)]","[(0, 1767.458251953125), (1, 1583.3975830078125)]","[(0, 1093.117431640625), (1, 1228.92431640625)]","[(0, 2292.83447265625), (1, 2257.071044921875)]"
325,"[(0, 1618.8673095703125), (1, 2093.4501953125)]","[(0, 1028.7659912109375), (1, 1274.451171875)]","[(0, 5891.94921875), (1, 6006.478515625)]","[(0, 1652.6396484375), (1, 1788.1739501953125)]","[(0, 5905.61328125), (1, 3473.983154296875)]","[(0, 4247.001953125), (1, 4582.798828125)]","[(0, 3170.66015625), (1, 3823.507080078125)]","[(0, 1389.2950439453125), (1, 1723.24658203125)]","[(0, 1358.309814453125), (1, 1313.306884765625)]","[(0, 2543.869384765625), (1, 2787.312744140625)]","[(0, 2259.535888671875), (1, 2014.8377685546875)]"
326,"[(0, 1967.0814208984375), (1, 2662.414306640625)]","[(0, 1214.5673828125), (1, 1622.0238037109375)]","[(0, 2821.49609375), (1, 2725.368408203125)]","[(0, 2895.4814453125), (1, 3196.17724609375)]","[(0, 5088.666015625), (1, 2919.140625)]","[(0, 4034.8671875), (1, 3750.007568359375)]","[(0, 2547.35205078125), (1, 3214.68994140625)]","[(0, 3058.341796875), (1, 3669.89453125)]","[(0, 1015.7864990234375), (1, 1037.3201904296875)]","[(0, 2172.5322265625), (1, 2005.1805419921875)]","[(0, 1615.3179931640625), (1, 1426.02099609375)]"
327,"[(0, 1418.5330810546875), (1, 1786.4720458984375)]","[(0, 1072.822998046875), (1, 1400.3189697265625)]","[(0, 3822.234619140625), (1, 3724.556396484375)]","[(0, 2266.529541015625), (1, 2404.59814453125)]","[(0, 3607.88134765625), (1, 2182.051513671875)]","[(0, 3233.029541015625), (1, 2919.86865234375)]","[(0, 2758.080810546875), (1, 2674.4677734375)]","[(0, 977.4641723632812), (1, 1284.753173828125)]","[(0, 1730.2674560546875), (1, 1307.3648681640625)]","[(0, 1013.3275146484375), (1, 995.2022094726562)]","[(0, 3255.74609375), (1, 2730.09130859375)]"
328,"[(0, 1766.6123046875), (1, 2210.77490234375)]","[(0, 1259.9434814453125), (1, 1438.6322021484375)]","[(0, 2291.058349609375), (1, 2265.012451171875)]","[(0, 2641.457275390625), (1, 2570.057861328125)]","[(0, 2718.05908203125), (1, 1650.117431640625)]","[(0, 4534.6025390625), (1, 4895.97216796875)]","[(0, 2695.73046875), (1, 2776.01953125)]","[(0, 1868.8653564453125), (1, 1788.7862548828125)]","[(0, 697.0358276367188), (1, 924.1603393554688)]","[(0, 717.1065063476562), (1, 764.780517578125)]","[(0, 1635.46435546875), (1, 1535.051025390625)]"
329,"[(0, 1482.4560546875), (1, 1909.085205078125)]","[(0, 436.28375244140625), (1, 388.39312744140625)]","[(0, 4195.337890625), (1, 4115.88818359375)]","[(0, 4749.31884765625), (1, 4564.56640625)]","[(0, 3011.894287109375), (1, 1766.4573974609375)]","[(0, 4651.56787109375), (1, 4955.1298828125)]","[(0, 4850.1220703125), (1, 4692.3623046875)]","[(0, 2137.99267578125), (1, 1826.627685546875)]","[(0, 1901.084716796875), (1, 1757.189208984375)]","[(0, 2336.197509765625), (1, 2289.604736328125)]","[(0, 2085.707275390625), (1, 1905.799072265625)]"
330,"[(0, 1231.4296875), (1, 1441.5775146484375)]","[(0, 1227.5894775390625), (1, 1754.396240234375)]","[(0, 2382.339599609375), (1, 2549.75341796875)]","[(0, 2072.990966796875), (1, 2050.566162109375)]","[(0, 2539.23046875), (1, 1607.7281494140625)]","[(0, 3494.814697265625), (1, 3426.1474609375)]","[(0, 4514.58935546875), (1, 4359.39208984375)]","[(0, 1768.6141357421875), (1, 2436.602294921875)]","[(0, 2304.447265625), (1, 1640.52490234375)]","[(0, 1486.6829833984375), (1, 1793.279296875)]","[(0, 1457.34326171875), (1, 1348.87158203125)]"
331,"[(0, 1399.387939453125), (1, 1742.122802734375)]","[(0, 1019.0078125), (1, 1148.5982666015625)]","[(0, 8456.9970703125), (1, 8470.34765625)]","[(0, 3890.005126953125), (1, 3992.3193359375)]","[(0, 1266.2119140625), (1, 1248.72119140625)]","[(0, 4347.376953125), (1, 4051.1728515625)]","[(0, 6287.21875), (1, 6633.9990234375)]","[(0, 895.7119750976562), (1, 813.387939453125)]","[(0, 1819.19482421875), (1, 1665.5751953125)]","[(0, 1893.0484619140625), (1, 1862.3331298828125)]","[(0, 3404.370849609375), (1, 2948.099365234375)]"
332,"[(0, 1711.557373046875), (1, 2136.023681640625)]","[(0, 620.1643676757812), (1, 532.5770263671875)]","[(0, 3736.520751953125), (1, 3391.72265625)]","[(0, 2917.004638671875), (1, 2897.10986328125)]","[(0, 5538.158203125), (1, 3355.172607421875)]","[(0, 4612.43896484375), (1, 4997.97705078125)]","[(0, 4164.0986328125), (1, 4370.78564453125)]","[(0, 2788.96533203125), (1, 1902.3770751953125)]","[(0, 795.9978637695312), (1, 1094.644775390625)]","[(0, 1847.6368408203125), (1, 1967.301025390625)]","[(0, 1882.69873046875), (1, 1734.783935546875)]"
333,"[(0, 1228.2335205078125), (1, 1519.49560546875)]","[(0, 928.119384765625), (1, 1132.33837890625)]","[(0, 2112.23583984375), (1, 2155.507080078125)]","[(0, 2840.195556640625), (1, 2926.174072265625)]","[(0, 4754.0224609375), (1, 2851.71142578125)]","[(0, 5302.2109375), (1, 5653.2724609375)]","[(0, 3013.368408203125), (1, 2930.1884765625)]","[(0, 1450.589111328125), (1, 1684.1929931640625)]","[(0, 1527.49609375), (1, 2102.44140625)]","[(0, 1310.8936767578125), (1, 1104.0452880859375)]","[(0, 2483.643798828125), (1, 2533.821533203125)]"
334,"[(0, 2099.71435546875), (1, 2641.48876953125)]","[(0, 1100.4576416015625), (1, 1462.496826171875)]","[(0, 7887.0595703125), (1, 7914.4404296875)]","[(0, 3924.165771484375), (1, 3955.26025390625)]","[(0, 3609.209716796875), (1, 3371.30908203125)]","[(0, 3569.022705078125), (1, 3354.4814453125)]","[(0, 3653.391357421875), (1, 3848.70947265625)]","[(0, 1570.9083251953125), (1, 1646.99267578125)]","[(0, 2292.17529296875), (1, 2941.06640625)]","[(0, 1431.0467529296875), (1, 1435.2509765625)]","[(0, 4185.55517578125), (1, 3418.529541015625)]"
335,"[(0, 1916.0975341796875), (1, 2359.57177734375)]","[(0, 978.6100463867188), (1, 1276.090576171875)]","[(0, 3453.03857421875), (1, 3265.382568359375)]","[(0, 2725.415283203125), (1, 2892.60986328125)]","[(0, 1727.4432373046875), (1, 1630.815185546875)]","[(0, 3895.25048828125), (1, 3528.737548828125)]","[(0, 3158.19970703125), (1, 4092.119384765625)]","[(0, 1590.4993896484375), (1, 1497.9630126953125)]","[(0, 2112.895751953125), (1, 2091.93359375)]","[(0, 1326.1400146484375), (1, 1180.800537109375)]","[(0, 3380.08837890625), (1, 2800.62451171875)]"
336,"[(0, 2063.240234375), (1, 2600.289306640625)]","[(0, 940.9678955078125), (1, 1001.3599853515625)]","[(0, 5402.50439453125), (1, 6202.25927734375)]","[(0, 3740.221435546875), (1, 3672.646484375)]","[(0, 1820.5728759765625), (1, 1230.853759765625)]","[(0, 4018.052001953125), (1, 4276.3134765625)]","[(0, 1837.3602294921875), (1, 2329.62548828125)]","[(0, 896.4080200195312), (1, 797.4969482421875)]","[(0, 2365.44189453125), (1, 2512.818359375)]","[(0, 1721.3240966796875), (1, 2364.670654296875)]","[(0, 4039.24853515625), (1, 3552.73583984375)]"
337,"[(0, 1986.9698486328125), (1, 2539.22314453125)]","[(0, 696.4573974609375), (1, 588.205078125)]","[(0, 2320.21240234375), (1, 1880.4736328125)]","[(0, 4171.484375), (1, 4196.31005859375)]","[(0, 3412.695556640625), (1, 1972.510498046875)]","[(0, 3080.342041015625), (1, 3280.893310546875)]","[(0, 2898.715576171875), (1, 2600.337646484375)]","[(0, 1753.4320068359375), (1, 1325.246826171875)]","[(0, 1536.82568359375), (1, 1499.19140625)]","[(0, 2464.567138671875), (1, 2328.0673828125)]","[(0, 2442.473388671875), (1, 2038.833984375)]"
338,"[(0, 1705.560302734375), (1, 2259.576904296875)]","[(0, 911.1080932617188), (1, 1223.5140380859375)]","[(0, 7918.35888671875), (1, 8398.1650390625)]","[(0, 1487.455810546875), (1, 1541.99853515625)]","[(0, 2379.7158203125), (1, 1398.4893798828125)]","[(0, 6233.69384765625), (1, 5888.62353515625)]","[(0, 1934.62890625), (1, 2283.1591796875)]","[(0, 1043.394775390625), (1, 1056.8619384765625)]","[(0, 1482.8746337890625), (1, 1269.661865234375)]","[(0, 1909.0814208984375), (1, 1909.93017578125)]","[(0, 3154.12109375), (1, 2634.8291015625)]"
339,"[(0, 1420.894287109375), (1, 1798.6292724609375)]","[(0, 1119.51611328125), (1, 1614.611083984375)]","[(0, 5220.60498046875), (1, 5456.4580078125)]","[(0, 3267.67529296875), (1, 3253.1826171875)]","[(0, 5540.73583984375), (1, 3379.636962890625)]","[(0, 4297.318359375), (1, 3875.9111328125)]","[(0, 5265.36572265625), (1, 5568.48291015625)]","[(0, 1389.0274658203125), (1, 1156.66162109375)]","[(0, 1266.868408203125), (1, 1806.8133544921875)]","[(0, 1152.0604248046875), (1, 1319.5784912109375)]","[(0, 1738.696044921875), (1, 1558.24365234375)]"
340,"[(0, 2624.519287109375), (1, 3447.08984375)]","[(0, 1019.9114990234375), (1, 1377.3665771484375)]","[(0, 4175.0224609375), (1, 3920.275634765625)]","[(0, 2095.5634765625), (1, 2098.619384765625)]","[(0, 5196.9248046875), (1, 3127.5078125)]","[(0, 1540.6881103515625), (1, 1753.270751953125)]","[(0, 3006.562255859375), (1, 3128.256591796875)]","[(0, 1670.20556640625), (1, 1802.59228515625)]","[(0, 1710.2821044921875), (1, 2002.5948486328125)]","[(0, 1808.323486328125), (1, 1541.816162109375)]","[(0, 3254.445556640625), (1, 2720.14404296875)]"
341,"[(0, 1506.2056884765625), (1, 1940.3521728515625)]","[(0, 1346.80908203125), (1, 1509.561279296875)]","[(0, 2572.701171875), (1, 2250.0625)]","[(0, 1945.0386962890625), (1, 2056.855224609375)]","[(0, 2309.027587890625), (1, 2109.62890625)]","[(0, 4251.44384765625), (1, 4561.876953125)]","[(0, 5120.25927734375), (1, 5323.7548828125)]","[(0, 1565.938720703125), (1, 1399.357177734375)]","[(0, 866.2598876953125), (1, 639.5253295898438)]","[(0, 727.4871215820312), (1, 922.9536743164062)]","[(0, 1599.7283935546875), (1, 1372.3330078125)]"
342,"[(0, 1494.5804443359375), (1, 1763.4073486328125)]","[(0, 915.2748413085938), (1, 802.22900390625)]","[(0, 888.5117797851562), (1, 907.7225952148438)]","[(0, 5132.099609375), (1, 5178.3427734375)]","[(0, 1732.8494873046875), (1, 1564.108154296875)]","[(0, 5912.16162109375), (1, 5601.94921875)]","[(0, 5167.115234375), (1, 5340.9736328125)]","[(0, 970.0239868164062), (1, 958.945068359375)]","[(0, 1210.78857421875), (1, 1344.6966552734375)]","[(0, 1857.435791015625), (1, 2152.03369140625)]","[(0, 2977.0771484375), (1, 2408.4619140625)]"
343,"[(0, 2572.16650390625), (1, 3511.338623046875)]","[(0, 1618.151123046875), (1, 1635.4915771484375)]","[(0, 3637.576171875), (1, 3719.990966796875)]","[(0, 5833.67236328125), (1, 6058.11572265625)]","[(0, 5505.06787109375), (1, 3222.335693359375)]","[(0, 4497.97119140625), (1, 4700.85498046875)]","[(0, 6856.53369140625), (1, 7229.15625)]","[(0, 1599.0123291015625), (1, 1414.4447021484375)]","[(0, 3565.46435546875), (1, 3301.083251953125)]","[(0, 3164.452392578125), (1, 2376.995361328125)]","[(0, 1663.34814453125), (1, 1522.241943359375)]"
344,"[(0, 1711.815185546875), (1, 2308.47265625)]","[(0, 2048.451416015625), (1, 2145.147705078125)]","[(0, 2180.237548828125), (1, 1993.153076171875)]","[(0, 2387.34912109375), (1, 2443.30517578125)]","[(0, 5201.95263671875), (1, 2931.17236328125)]","[(0, 2346.599853515625), (1, 2479.89599609375)]","[(0, 9548.2578125), (1, 9649.134765625)]","[(0, 2063.482177734375), (1, 1949.0679931640625)]","[(0, 995.90576171875), (1, 824.22314453125)]","[(0, 1177.04931640625), (1, 1055.8984375)]","[(0, 1387.427490234375), (1, 1268.9034423828125)]"
345,"[(0, 1711.443115234375), (1, 2240.26123046875)]","[(0, 1873.4979248046875), (1, 1901.846435546875)]","[(0, 2472.198974609375), (1, 2332.618896484375)]","[(0, 2730.592529296875), (1, 3098.5029296875)]","[(0, 1492.024169921875), (1, 1371.55908203125)]","[(0, 1948.3580322265625), (1, 1838.0025634765625)]","[(0, 3551.624755859375), (1, 3264.398681640625)]","[(0, 653.3378295898438), (1, 788.33740234375)]","[(0, 1698.77734375), (1, 1237.192138671875)]","[(0, 1322.3021240234375), (1, 1579.2760009765625)]","[(0, 1405.60595703125), (1, 1333.5960693359375)]"
346,"[(0, 1059.0059814453125), (1, 1236.0323486328125)]","[(0, 1307.8057861328125), (1, 1277.6005859375)]","[(0, 3623.15625), (1, 3346.2412109375)]","[(0, 3192.89599609375), (1, 3429.4716796875)]","[(0, 1795.4757080078125), (1, 1623.600830078125)]","[(0, 4540.48779296875), (1, 4373.466796875)]","[(0, 3973.77880859375), (1, 4270.32275390625)]","[(0, 1742.539794921875), (1, 1711.41455078125)]","[(0, 1464.371826171875), (1, 1416.3939208984375)]","[(0, 1563.75244140625), (1, 1496.6693115234375)]","[(0, 4034.009033203125), (1, 3538.854736328125)]"
347,"[(0, 2066.4716796875), (1, 2763.188232421875)]","[(0, 460.7545166015625), (1, 409.2618713378906)]","[(0, 2937.4306640625), (1, 2744.738037109375)]","[(0, 2330.439697265625), (1, 2488.93603515625)]","[(0, 4973.96923828125), (1, 3190.537353515625)]","[(0, 4126.8857421875), (1, 4508.18359375)]","[(0, 5140.86328125), (1, 5222.51708984375)]","[(0, 1450.1168212890625), (1, 1279.155029296875)]","[(0, 1774.823486328125), (1, 1688.9525146484375)]","[(0, 2458.161376953125), (1, 3065.7119140625)]","[(0, 1441.6104736328125), (1, 1322.3419189453125)]"
348,"[(0, 1474.1529541015625), (1, 1925.5048828125)]","[(0, 431.0956115722656), (1, 368.5621337890625)]","[(0, 1750.362060546875), (1, 1550.964111328125)]","[(0, 3354.110595703125), (1, 3557.909912109375)]","[(0, 4564.8623046875), (1, 2876.864013671875)]","[(0, 6071.60400390625), (1, 6541.9326171875)]","[(0, 2707.19775390625), (1, 2593.715087890625)]","[(0, 1426.18896484375), (1, 1333.15478515625)]","[(0, 604.2288818359375), (1, 686.7930297851562)]","[(0, 1514.3013916015625), (1, 1446.6732177734375)]","[(0, 2149.35400390625), (1, 1877.28857421875)]"
349,"[(0, 1268.4805908203125), (1, 1505.0333251953125)]","[(0, 1971.810791015625), (1, 2144.65185546875)]","[(0, 2701.492919921875), (1, 2800.978515625)]","[(0, 3076.08544921875), (1, 3363.01806640625)]","[(0, 2346.852783203125), (1, 2189.81884765625)]","[(0, 4739.2607421875), (1, 4494.56640625)]","[(0, 3357.02587890625), (1, 4016.58837890625)]","[(0, 1045.3873291015625), (1, 1140.87548828125)]","[(0, 1306.92919921875), (1, 1444.732666015625)]","[(0, 3149.642333984375), (1, 2372.3076171875)]","[(0, 999.2855224609375), (1, 953.7723388671875)]"
350,"[(0, 1510.2315673828125), (1, 1950.6915283203125)]","[(0, 2182.8955078125), (1, 2456.73779296875)]","[(0, 2264.969482421875), (1, 2203.5615234375)]","[(0, 2630.52685546875), (1, 2819.0810546875)]","[(0, 2914.847900390625), (1, 2667.251953125)]","[(0, 3435.95703125), (1, 3057.4462890625)]","[(0, 5459.82080078125), (1, 6477.6220703125)]","[(0, 1268.1256103515625), (1, 1443.5950927734375)]","[(0, 1281.328857421875), (1, 1116.440185546875)]","[(0, 1238.8876953125), (1, 1234.182373046875)]","[(0, 1300.341796875), (1, 1211.1517333984375)]"
351,"[(0, 1709.315185546875), (1, 2222.431396484375)]","[(0, 2308.498046875), (1, 2487.352294921875)]","[(0, 3706.951416015625), (1, 3202.44091796875)]","[(0, 3720.87451171875), (1, 3709.607421875)]","[(0, 5844.35302734375), (1, 3567.46044921875)]","[(0, 4583.9306640625), (1, 5074.994140625)]","[(0, 2958.983154296875), (1, 2814.633544921875)]","[(0, 1982.256103515625), (1, 1507.1561279296875)]","[(0, 2502.56103515625), (1, 2167.79150390625)]","[(0, 1396.8485107421875), (1, 1860.67138671875)]","[(0, 1189.234619140625), (1, 1195.8895263671875)]"
352,"[(0, 1463.3646240234375), (1, 1872.9727783203125)]","[(0, 2068.232177734375), (1, 2133.058837890625)]","[(0, 2313.109375), (1, 2667.4921875)]","[(0, 2937.68994140625), (1, 2873.0048828125)]","[(0, 3653.7607421875), (1, 2163.774169921875)]","[(0, 3487.410400390625), (1, 3660.771240234375)]","[(0, 2793.960693359375), (1, 3005.59326171875)]","[(0, 2338.802490234375), (1, 2249.189208984375)]","[(0, 3204.976806640625), (1, 3122.021728515625)]","[(0, 1648.78271484375), (1, 1887.1190185546875)]","[(0, 3990.785400390625), (1, 3173.9306640625)]"
353,"[(0, 1686.48828125), (1, 2109.820068359375)]","[(0, 1365.836669921875), (1, 1863.3848876953125)]","[(0, 9500.607421875), (1, 9445.3818359375)]","[(0, 2911.434814453125), (1, 3067.51953125)]","[(0, 3082.966552734375), (1, 1793.240966796875)]","[(0, 5390.2919921875), (1, 5230.3525390625)]","[(0, 5455.5732421875), (1, 5706.2197265625)]","[(0, 1814.825439453125), (1, 1772.59326171875)]","[(0, 1944.7984619140625), (1, 2150.55126953125)]","[(0, 893.5648803710938), (1, 1031.7032470703125)]","[(0, 1553.41015625), (1, 1406.8270263671875)]"
354,"[(0, 1527.3525390625), (1, 2072.22021484375)]","[(0, 1844.8671875), (1, 2717.285400390625)]","[(0, 5494.09033203125), (1, 5677.64013671875)]","[(0, 1884.4375), (1, 2091.2470703125)]","[(0, 1323.8433837890625), (1, 1265.3343505859375)]","[(0, 5443.44873046875), (1, 5170.4521484375)]","[(0, 5328.65625), (1, 5465.4365234375)]","[(0, 1655.201904296875), (1, 1310.5643310546875)]","[(0, 1894.9161376953125), (1, 2034.3726806640625)]","[(0, 1954.2059326171875), (1, 1931.8624267578125)]","[(0, 2272.68408203125), (1, 2092.529052734375)]"
355,"[(0, 1537.978759765625), (1, 1979.3931884765625)]","[(0, 1579.0748291015625), (1, 2186.661376953125)]","[(0, 7640.47802734375), (1, 7142.78125)]","[(0, 3232.067626953125), (1, 3174.21826171875)]","[(0, 1450.889404296875), (1, 1339.7052001953125)]","[(0, 4647.90087890625), (1, 4861.03662109375)]","[(0, 6068.107421875), (1, 5990.20947265625)]","[(0, 1901.1282958984375), (1, 2663.501220703125)]","[(0, 2718.944580078125), (1, 2095.374755859375)]","[(0, 3324.243408203125), (1, 3993.743408203125)]","[(0, 1903.225341796875), (1, 1489.7364501953125)]"
356,"[(0, 2133.78515625), (1, 2866.83984375)]","[(0, 1306.8780517578125), (1, 1339.8138427734375)]","[(0, 2978.05419921875), (1, 3063.6982421875)]","[(0, 2045.4176025390625), (1, 2273.65625)]","[(0, 4635.4130859375), (1, 2871.046630859375)]","[(0, 3101.190185546875), (1, 3695.709228515625)]","[(0, 5418.05029296875), (1, 5510.509765625)]","[(0, 1615.48974609375), (1, 1281.10595703125)]","[(0, 1289.2698974609375), (1, 1303.1357421875)]","[(0, 2987.44677734375), (1, 3637.82958984375)]","[(0, 1564.58251953125), (1, 1492.7913818359375)]"
357,"[(0, 1332.63232421875), (1, 1577.025146484375)]","[(0, 1799.8800048828125), (1, 1956.1739501953125)]","[(0, 2641.89306640625), (1, 2597.79345703125)]","[(0, 1474.7540283203125), (1, 1542.65673828125)]","[(0, 2080.802734375), (1, 1462.104248046875)]","[(0, 3279.222900390625), (1, 2763.808837890625)]","[(0, 2911.251953125), (1, 2724.408203125)]","[(0, 2169.693359375), (1, 2134.047607421875)]","[(0, 1612.4530029296875), (1, 1286.89111328125)]","[(0, 1337.6962890625), (1, 1224.1279296875)]","[(0, 2052.17529296875), (1, 1956.8372802734375)]"
358,"[(0, 1106.2802734375), (1, 1455.2808837890625)]","[(0, 1543.4815673828125), (1, 1643.3927001953125)]","[(0, 2165.7705078125), (1, 2216.145263671875)]","[(0, 7544.9208984375), (1, 7516.94677734375)]","[(0, 1069.0435791015625), (1, 952.046142578125)]","[(0, 3738.766357421875), (1, 3425.872802734375)]","[(0, 3874.698974609375), (1, 4216.154296875)]","[(0, 2345.9619140625), (1, 2204.049072265625)]","[(0, 2871.058837890625), (1, 2490.99853515625)]","[(0, 2357.6044921875), (1, 2999.63427734375)]","[(0, 2661.64892578125), (1, 2211.958251953125)]"
359,"[(0, 2055.193359375), (1, 2739.96484375)]","[(0, 1702.443359375), (1, 1747.2239990234375)]","[(0, 3490.308349609375), (1, 3399.072998046875)]","[(0, 1920.370849609375), (1, 2096.377197265625)]","[(0, 5042.15576171875), (1, 3158.585205078125)]","[(0, 3934.909912109375), (1, 4210.18798828125)]","[(0, 5853.91943359375), (1, 7446.03369140625)]","[(0, 1604.38916015625), (1, 1977.627197265625)]","[(0, 2167.069091796875), (1, 2130.371337890625)]","[(0, 2086.821533203125), (1, 2319.60498046875)]","[(0, 3478.359130859375), (1, 2853.945068359375)]"
360,"[(0, 1391.51416015625), (1, 1663.81787109375)]","[(0, 1415.88818359375), (1, 1298.2930908203125)]","[(0, 2147.7978515625), (1, 2386.37255859375)]","[(0, 2618.32666015625), (1, 2651.1611328125)]","[(0, 4266.59765625), (1, 2661.135009765625)]","[(0, 2575.783447265625), (1, 2763.1962890625)]","[(0, 5899.35400390625), (1, 7677.50390625)]","[(0, 1890.0494384765625), (1, 1600.5792236328125)]","[(0, 1565.8953857421875), (1, 1493.487548828125)]","[(0, 1152.005615234375), (1, 1289.2484130859375)]","[(0, 2652.40380859375), (1, 2523.332763671875)]"
361,"[(0, 1258.845703125), (1, 1532.991943359375)]","[(0, 2135.534912109375), (1, 2123.918212890625)]","[(0, 2866.74169921875), (1, 2839.0986328125)]","[(0, 3034.084228515625), (1, 3140.362548828125)]","[(0, 3182.468994140625), (1, 2859.822021484375)]","[(0, 3702.206787109375), (1, 3440.51123046875)]","[(0, 2979.448974609375), (1, 2905.86767578125)]","[(0, 2298.9638671875), (1, 1628.2525634765625)]","[(0, 2956.805419921875), (1, 2936.821533203125)]","[(0, 1683.353271484375), (1, 1346.74169921875)]","[(0, 3544.95166015625), (1, 2926.637451171875)]"
362,"[(0, 1258.2960205078125), (1, 1665.8675537109375)]","[(0, 1504.2275390625), (1, 1513.4676513671875)]","[(0, 7074.8984375), (1, 6436.73876953125)]","[(0, 3404.812255859375), (1, 3508.19873046875)]","[(0, 2487.74609375), (1, 2200.556396484375)]","[(0, 6731.38427734375), (1, 6532.044921875)]","[(0, 4395.3681640625), (1, 4617.88330078125)]","[(0, 1738.0701904296875), (1, 1434.377197265625)]","[(0, 1290.838623046875), (1, 1489.94677734375)]","[(0, 1638.7288818359375), (1, 1452.011962890625)]","[(0, 2931.099365234375), (1, 2505.438720703125)]"
363,"[(0, 1041.019775390625), (1, 1231.770263671875)]","[(0, 1562.83251953125), (1, 1542.9678955078125)]","[(0, 2737.167724609375), (1, 2640.04443359375)]","[(0, 2932.51416015625), (1, 3008.750732421875)]","[(0, 4684.4306640625), (1, 2798.1484375)]","[(0, 2378.499755859375), (1, 2583.21630859375)]","[(0, 3532.18212890625), (1, 4085.9267578125)]","[(0, 1575.592529296875), (1, 1647.7838134765625)]","[(0, 1063.0595703125), (1, 1387.462646484375)]","[(0, 1870.522705078125), (1, 1830.9337158203125)]","[(0, 3118.09716796875), (1, 2624.946044921875)]"
364,"[(0, 1441.46337890625), (1, 1730.5035400390625)]","[(0, 2317.14404296875), (1, 2255.888427734375)]","[(0, 5466.4111328125), (1, 5596.28369140625)]","[(0, 4566.68212890625), (1, 4144.16357421875)]","[(0, 3203.827880859375), (1, 1894.6160888671875)]","[(0, 1699.5574951171875), (1, 2018.548828125)]","[(0, 2399.397216796875), (1, 3028.542236328125)]","[(0, 2856.5810546875), (1, 3224.4169921875)]","[(0, 1087.403076171875), (1, 945.6453857421875)]","[(0, 1949.86376953125), (1, 2547.418701171875)]","[(0, 2119.131103515625), (1, 2008.9254150390625)]"
365,"[(0, 1555.1571044921875), (1, 2024.3814697265625)]","[(0, 2738.27880859375), (1, 2789.83642578125)]","[(0, 4199.1484375), (1, 4025.830810546875)]","[(0, 2372.279296875), (1, 2565.862548828125)]","[(0, 741.4217529296875), (1, 734.4087524414062)]","[(0, 2954.141845703125), (1, 2532.46142578125)]","[(0, 3159.136474609375), (1, 2843.404296875)]","[(0, 2026.5313720703125), (1, 1723.8720703125)]","[(0, 1594.67529296875), (1, 1487.5927734375)]","[(0, 1354.4215087890625), (1, 1742.2523193359375)]","[(0, 2209.568359375), (1, 1976.2396240234375)]"
366,"[(0, 2251.96337890625), (1, 2972.01513671875)]","[(0, 2585.98681640625), (1, 2559.056640625)]","[(0, 5619.91796875), (1, 5462.36767578125)]","[(0, 2516.692626953125), (1, 2509.60205078125)]","[(0, 2292.623291015625), (1, 1340.2080078125)]","[(0, 4024.86328125), (1, 3812.4560546875)]","[(0, 2987.090576171875), (1, 3161.978759765625)]","[(0, 2686.524658203125), (1, 4021.567626953125)]","[(0, 1407.2476806640625), (1, 975.5354614257812)]","[(0, 1584.2509765625), (1, 1697.0616455078125)]","[(0, 2105.1279296875), (1, 1798.5357666015625)]"
367,"[(0, 2387.6474609375), (1, 3304.129150390625)]","[(0, 2415.497314453125), (1, 2403.40966796875)]","[(0, 3471.260986328125), (1, 3027.53759765625)]","[(0, 2638.33056640625), (1, 2997.472412109375)]","[(0, 1997.228759765625), (1, 1174.4417724609375)]","[(0, 1758.432373046875), (1, 1906.3416748046875)]","[(0, 8056.72705078125), (1, 8133.890625)]","[(0, 1243.580078125), (1, 1069.732666015625)]","[(0, 1975.7269287109375), (1, 1963.4285888671875)]","[(0, 2270.259033203125), (1, 1779.640380859375)]","[(0, 2592.9794921875), (1, 2112.516845703125)]"
368,"[(0, 1231.41552734375), (1, 1536.205078125)]","[(0, 2215.24951171875), (1, 2117.894775390625)]","[(0, 2758.1767578125), (1, 2690.347412109375)]","[(0, 3403.6337890625), (1, 3503.203857421875)]","[(0, 3095.812255859375), (1, 1994.92919921875)]","[(0, 4011.5087890625), (1, 4200.11376953125)]","[(0, 6082.046875), (1, 6549.4609375)]","[(0, 1756.44873046875), (1, 1521.699951171875)]","[(0, 4260.4130859375), (1, 3926.243408203125)]","[(0, 1176.185302734375), (1, 1071.1724853515625)]","[(0, 2560.396728515625), (1, 2187.53955078125)]"
369,"[(0, 1445.752685546875), (1, 1959.587158203125)]","[(0, 3268.544921875), (1, 3443.232421875)]","[(0, 2472.154296875), (1, 2672.8525390625)]","[(0, 2052.562744140625), (1, 2214.426513671875)]","[(0, 2358.4873046875), (1, 1626.171630859375)]","[(0, 2819.480224609375), (1, 2666.607177734375)]","[(0, 4020.578125), (1, 3724.38916015625)]","[(0, 1477.4927978515625), (1, 1229.1082763671875)]","[(0, 1810.5201416015625), (1, 1353.8609619140625)]","[(0, 2063.04638671875), (1, 1721.92236328125)]","[(0, 3934.22314453125), (1, 3235.08349609375)]"
370,"[(0, 1442.5972900390625), (1, 1859.827880859375)]","[(0, 2470.9072265625), (1, 2445.302734375)]","[(0, 4071.775146484375), (1, 4007.474609375)]","[(0, 3875.5673828125), (1, 4197.0185546875)]","[(0, 1471.1517333984375), (1, 1361.445556640625)]","[(0, 3009.537109375), (1, 2713.55908203125)]","[(0, 3276.30322265625), (1, 3432.99609375)]","[(0, 751.4520263671875), (1, 833.0728149414062)]","[(0, 1736.1279296875), (1, 1371.920166015625)]","[(0, 1300.61474609375), (1, 1852.97119140625)]","[(0, 1624.182373046875), (1, 1561.567626953125)]"
371,"[(0, 1618.5733642578125), (1, 1907.7847900390625)]","[(0, 2229.46533203125), (1, 2168.05322265625)]","[(0, 3001.837890625), (1, 2948.417236328125)]","[(0, 4172.4306640625), (1, 3971.38427734375)]","[(0, 5486.66015625), (1, 3330.67236328125)]","[(0, 4638.83154296875), (1, 5015.0029296875)]","[(0, 5791.0625), (1, 6532.40625)]","[(0, 1042.5860595703125), (1, 815.1817626953125)]","[(0, 2031.7125244140625), (1, 1860.2864990234375)]","[(0, 894.0196533203125), (1, 910.9212646484375)]","[(0, 3261.51708984375), (1, 2736.267578125)]"
372,"[(0, 1738.3504638671875), (1, 2313.398193359375)]","[(0, 1059.582275390625), (1, 1190.8955078125)]","[(0, 2790.33251953125), (1, 2992.1943359375)]","[(0, 3002.3017578125), (1, 3172.992431640625)]","[(0, 3617.642333984375), (1, 2363.9140625)]","[(0, 4788.31640625), (1, 5165.5087890625)]","[(0, 5019.2421875), (1, 5405.88525390625)]","[(0, 1598.4512939453125), (1, 1477.89306640625)]","[(0, 1629.8675537109375), (1, 1734.900634765625)]","[(0, 1460.5135498046875), (1, 1450.0213623046875)]","[(0, 2728.70654296875), (1, 2313.367431640625)]"
373,"[(0, 1572.6884765625), (1, 1887.8912353515625)]","[(0, 2244.189453125), (1, 2379.078369140625)]","[(0, 3540.14404296875), (1, 2753.064208984375)]","[(0, 2193.69189453125), (1, 2429.784912109375)]","[(0, 2036.2545166015625), (1, 1820.247314453125)]","[(0, 3682.78271484375), (1, 3455.347900390625)]","[(0, 3131.56396484375), (1, 2969.10693359375)]","[(0, 937.6051635742188), (1, 866.8912963867188)]","[(0, 766.5010986328125), (1, 776.927734375)]","[(0, 1632.4381103515625), (1, 1372.1968994140625)]","[(0, 3322.0849609375), (1, 2567.893310546875)]"
374,"[(0, 1630.8580322265625), (1, 2122.026123046875)]","[(0, 1115.7525634765625), (1, 1030.9384765625)]","[(0, 5809.865234375), (1, 5492.66552734375)]","[(0, 3111.83203125), (1, 3220.584716796875)]","[(0, 3736.57421875), (1, 2325.190673828125)]","[(0, 4111.66259765625), (1, 3775.248046875)]","[(0, 2217.10302734375), (1, 2204.529296875)]","[(0, 2268.482177734375), (1, 1813.9654541015625)]","[(0, 650.7164916992188), (1, 652.360595703125)]","[(0, 1080.396728515625), (1, 1092.488525390625)]","[(0, 3440.07177734375), (1, 2773.5068359375)]"
375,"[(0, 1984.25634765625), (1, 2722.55517578125)]","[(0, 1585.439697265625), (1, 1551.220703125)]","[(0, 5713.06396484375), (1, 4931.58642578125)]","[(0, 3581.925537109375), (1, 3642.634033203125)]","[(0, 2213.547119140625), (1, 1952.867431640625)]","[(0, 5492.48193359375), (1, 6044.513671875)]","[(0, 5618.1171875), (1, 6721.51220703125)]","[(0, 1062.771728515625), (1, 1125.553955078125)]","[(0, 1402.2493896484375), (1, 1649.42919921875)]","[(0, 1379.2738037109375), (1, 1457.716552734375)]","[(0, 3767.62646484375), (1, 3094.552001953125)]"
376,"[(0, 1357.905029296875), (1, 1720.9554443359375)]","[(0, 1225.7265625), (1, 1170.344482421875)]","[(0, 7775.34814453125), (1, 8068.98388671875)]","[(0, 2549.1005859375), (1, 2845.692626953125)]","[(0, 1862.5906982421875), (1, 1637.8843994140625)]","[(0, 3374.194580078125), (1, 3613.92138671875)]","[(0, 3665.02587890625), (1, 4370.50244140625)]","[(0, 1227.4718017578125), (1, 992.5454711914062)]","[(0, 2069.66455078125), (1, 1860.6031494140625)]","[(0, 1623.9454345703125), (1, 2126.50341796875)]","[(0, 2746.87353515625), (1, 2228.874267578125)]"
377,"[(0, 2267.6689453125), (1, 3005.126220703125)]","[(0, 1553.1353759765625), (1, 1458.26171875)]","[(0, 4357.64208984375), (1, 4326.865234375)]","[(0, 5593.22119140625), (1, 5542.564453125)]","[(0, 3637.843505859375), (1, 2194.874267578125)]","[(0, 3716.363525390625), (1, 3568.774169921875)]","[(0, 3776.101318359375), (1, 3572.0771484375)]","[(0, 1538.906005859375), (1, 1540.309814453125)]","[(0, 1893.3814697265625), (1, 2439.060791015625)]","[(0, 916.0075073242188), (1, 975.4624633789062)]","[(0, 1288.171142578125), (1, 1151.1280517578125)]"
378,"[(0, 1313.951416015625), (1, 1659.436279296875)]","[(0, 2182.409423828125), (1, 2304.934326171875)]","[(0, 4627.1630859375), (1, 4920.96435546875)]","[(0, 3063.61083984375), (1, 3268.713134765625)]","[(0, 3088.988037109375), (1, 1731.7252197265625)]","[(0, 4597.69580078125), (1, 4438.12109375)]","[(0, 6794.4287109375), (1, 7206.29638671875)]","[(0, 2348.407470703125), (1, 2413.23388671875)]","[(0, 1321.4071044921875), (1, 1153.20263671875)]","[(0, 1678.7850341796875), (1, 1513.515380859375)]","[(0, 1682.5234375), (1, 1570.6507568359375)]"
379,"[(0, 1264.11376953125), (1, 1691.5806884765625)]","[(0, 2983.267333984375), (1, 3368.587158203125)]","[(0, 5057.267578125), (1, 4898.494140625)]","[(0, 1971.057861328125), (1, 1791.302734375)]","[(0, 3110.88232421875), (1, 1756.6297607421875)]","[(0, 2466.562255859375), (1, 2618.803955078125)]","[(0, 3921.042236328125), (1, 4215.2255859375)]","[(0, 2287.760498046875), (1, 2107.272216796875)]","[(0, 1199.33984375), (1, 1333.8936767578125)]","[(0, 1107.03173828125), (1, 1412.9569091796875)]","[(0, 2268.698486328125), (1, 1914.9110107421875)]"
380,"[(0, 1837.2593994140625), (1, 2275.222412109375)]","[(0, 2405.187744140625), (1, 2558.235595703125)]","[(0, 3337.024658203125), (1, 2695.1357421875)]","[(0, 2436.30712890625), (1, 2531.425537109375)]","[(0, 1085.1580810546875), (1, 1024.3551025390625)]","[(0, 4798.50146484375), (1, 4862.71044921875)]","[(0, 5277.00341796875), (1, 5681.50732421875)]","[(0, 1529.776123046875), (1, 1741.0596923828125)]","[(0, 1485.40380859375), (1, 1763.906005859375)]","[(0, 1119.279052734375), (1, 1058.9302978515625)]","[(0, 1975.612060546875), (1, 1934.724853515625)]"
381,"[(0, 1719.2733154296875), (1, 2057.510498046875)]","[(0, 1355.2833251953125), (1, 1305.7003173828125)]","[(0, 3221.27587890625), (1, 3307.69482421875)]","[(0, 3624.396728515625), (1, 3828.5751953125)]","[(0, 1173.1951904296875), (1, 1122.8670654296875)]","[(0, 5429.66748046875), (1, 5162.31298828125)]","[(0, 6025.14794921875), (1, 5598.9052734375)]","[(0, 1906.7744140625), (1, 1499.1793212890625)]","[(0, 1931.1385498046875), (1, 2191.548583984375)]","[(0, 1254.7962646484375), (1, 1247.2327880859375)]","[(0, 3168.976318359375), (1, 2622.696533203125)]"
382,"[(0, 1764.298828125), (1, 2121.107666015625)]","[(0, 1832.7794189453125), (1, 1834.6846923828125)]","[(0, 2713.482666015625), (1, 2738.3115234375)]","[(0, 2855.02197265625), (1, 2943.302734375)]","[(0, 5722.33349609375), (1, 3440.219482421875)]","[(0, 3875.02783203125), (1, 3652.8583984375)]","[(0, 5571.197265625), (1, 5744.08447265625)]","[(0, 1843.58056640625), (1, 2063.722412109375)]","[(0, 1682.9271240234375), (1, 1431.3046875)]","[(0, 1775.5947265625), (1, 1808.9227294921875)]","[(0, 3428.690185546875), (1, 2862.66796875)]"
383,"[(0, 2013.2117919921875), (1, 2629.578857421875)]","[(0, 2775.4345703125), (1, 3018.6953125)]","[(0, 3156.113037109375), (1, 3130.100830078125)]","[(0, 3423.98828125), (1, 3404.562255859375)]","[(0, 3699.951416015625), (1, 2231.6689453125)]","[(0, 3901.712158203125), (1, 4027.539794921875)]","[(0, 3999.994873046875), (1, 4452.314453125)]","[(0, 1798.604248046875), (1, 1304.1639404296875)]","[(0, 1052.05615234375), (1, 1108.442626953125)]","[(0, 2288.310302734375), (1, 2089.670166015625)]","[(0, 3246.19091796875), (1, 2840.4921875)]"
384,"[(0, 1254.6932373046875), (1, 1583.5733642578125)]","[(0, 1903.3660888671875), (1, 2082.417724609375)]","[(0, 3301.259521484375), (1, 3120.631591796875)]","[(0, 2879.305419921875), (1, 2913.041748046875)]","[(0, 1718.610107421875), (1, 1503.6689453125)]","[(0, 5058.23193359375), (1, 5454.27294921875)]","[(0, 4398.634765625), (1, 5016.7060546875)]","[(0, 1575.0592041015625), (1, 1963.4117431640625)]","[(0, 2770.51708984375), (1, 2378.75732421875)]","[(0, 1103.597900390625), (1, 1712.178466796875)]","[(0, 3165.8349609375), (1, 2654.22705078125)]"
385,"[(0, 1542.289794921875), (1, 2003.904541015625)]","[(0, 1247.5694580078125), (1, 1204.824951171875)]","[(0, 2123.689208984375), (1, 1907.97216796875)]","[(0, 3863.511474609375), (1, 4352.9736328125)]","[(0, 2013.86767578125), (1, 1829.4501953125)]","[(0, 3608.125732421875), (1, 3368.326904296875)]","[(0, 1988.1734619140625), (1, 1826.0650634765625)]","[(0, 1119.5262451171875), (1, 1005.6651611328125)]","[(0, 1306.224609375), (1, 1182.478515625)]","[(0, 2341.330810546875), (1, 3277.5126953125)]","[(0, 1912.4837646484375), (1, 1882.8253173828125)]"
386,"[(0, 1326.18115234375), (1, 1642.6461181640625)]","[(0, 471.1150207519531), (1, 393.9623718261719)]","[(0, 3498.1259765625), (1, 3650.260498046875)]","[(0, 2284.67529296875), (1, 2322.493408203125)]","[(0, 4343.36962890625), (1, 2576.443115234375)]","[(0, 2810.656982421875), (1, 2572.325927734375)]","[(0, 3207.2119140625), (1, 3474.80517578125)]","[(0, 1809.4024658203125), (1, 1908.8658447265625)]","[(0, 1677.185546875), (1, 1627.046630859375)]","[(0, 1301.61865234375), (1, 1446.1456298828125)]","[(0, 1689.18359375), (1, 1553.62939453125)]"
387,"[(0, 1129.4415283203125), (1, 1407.8812255859375)]","[(0, 1049.5413818359375), (1, 1309.7559814453125)]","[(0, 2300.943603515625), (1, 1806.3084716796875)]","[(0, 4428.0126953125), (1, 4404.26416015625)]","[(0, 3523.5419921875), (1, 1978.9337158203125)]","[(0, 4426.72509765625), (1, 4709.2998046875)]","[(0, 4027.754638671875), (1, 4648.9736328125)]","[(0, 1347.7850341796875), (1, 1166.3740234375)]","[(0, 1007.15087890625), (1, 839.0343627929688)]","[(0, 1405.1160888671875), (1, 1709.288330078125)]","[(0, 3406.130859375), (1, 3001.10498046875)]"
388,"[(0, 1407.6201171875), (1, 1793.31787109375)]","[(0, 1212.0733642578125), (1, 1602.4990234375)]","[(0, 6430.7138671875), (1, 6524.06396484375)]","[(0, 5344.4638671875), (1, 5246.00341796875)]","[(0, 1223.573486328125), (1, 1156.154296875)]","[(0, 4899.58740234375), (1, 5126.64501953125)]","[(0, 3107.53466796875), (1, 3388.140625)]","[(0, 1586.163330078125), (1, 1923.8153076171875)]","[(0, 1249.0582275390625), (1, 1200.1998291015625)]","[(0, 3674.96240234375), (1, 3035.044921875)]","[(0, 3107.92578125), (1, 2509.232421875)]"
389,"[(0, 1553.7191162109375), (1, 2023.6015625)]","[(0, 1089.854248046875), (1, 1433.58740234375)]","[(0, 2594.031982421875), (1, 2592.200439453125)]","[(0, 6349.98388671875), (1, 6504.7734375)]","[(0, 1031.01611328125), (1, 1004.5264282226562)]","[(0, 4528.21533203125), (1, 4248.36328125)]","[(0, 3338.450927734375), (1, 3378.193359375)]","[(0, 1301.542236328125), (1, 1226.115234375)]","[(0, 1186.4659423828125), (1, 925.383544921875)]","[(0, 1697.621826171875), (1, 1543.1298828125)]","[(0, 1782.681884765625), (1, 1693.1318359375)]"
390,"[(0, 1815.55419921875), (1, 2392.2353515625)]","[(0, 840.3003540039062), (1, 916.7376708984375)]","[(0, 5045.73486328125), (1, 4734.56689453125)]","[(0, 5624.732421875), (1, 5797.96484375)]","[(0, 7399.263671875), (1, 4455.0283203125)]","[(0, 3930.502685546875), (1, 3798.704833984375)]","[(0, 3543.01513671875), (1, 3495.544921875)]","[(0, 1552.717041015625), (1, 1587.1785888671875)]","[(0, 1254.58984375), (1, 1438.9444580078125)]","[(0, 1095.6912841796875), (1, 1099.80712890625)]","[(0, 2337.876953125), (1, 2000.0660400390625)]"
391,"[(0, 2212.5185546875), (1, 2634.45458984375)]","[(0, 750.2461547851562), (1, 958.464599609375)]","[(0, 1782.098876953125), (1, 1586.0869140625)]","[(0, 2349.8603515625), (1, 2555.83837890625)]","[(0, 6262.9755859375), (1, 3707.923828125)]","[(0, 4297.54833984375), (1, 4439.6962890625)]","[(0, 3553.40673828125), (1, 3282.984130859375)]","[(0, 2818.384521484375), (1, 2369.955810546875)]","[(0, 2585.715576171875), (1, 2353.487060546875)]","[(0, 972.0204467773438), (1, 1166.3038330078125)]","[(0, 3441.82080078125), (1, 3001.044921875)]"
392,"[(0, 1775.249267578125), (1, 2130.994140625)]","[(0, 858.5952758789062), (1, 1136.369140625)]","[(0, 4180.951171875), (1, 3984.72314453125)]","[(0, 4885.32861328125), (1, 4753.5283203125)]","[(0, 6018.21630859375), (1, 3705.668701171875)]","[(0, 5355.82177734375), (1, 5668.51318359375)]","[(0, 1660.8936767578125), (1, 1783.8416748046875)]","[(0, 1292.6204833984375), (1, 1157.4588623046875)]","[(0, 771.2529907226562), (1, 763.3591918945312)]","[(0, 1171.23046875), (1, 1351.880615234375)]","[(0, 2591.509521484375), (1, 2458.97021484375)]"
393,"[(0, 1201.434814453125), (1, 1409.509521484375)]","[(0, 896.8560791015625), (1, 1158.89306640625)]","[(0, 3433.297119140625), (1, 3494.6015625)]","[(0, 3899.658935546875), (1, 3652.008544921875)]","[(0, 5583.65478515625), (1, 3363.720458984375)]","[(0, 6503.1669921875), (1, 6148.5078125)]","[(0, 2496.064697265625), (1, 2288.413818359375)]","[(0, 2155.3857421875), (1, 2352.805908203125)]","[(0, 1556.23876953125), (1, 1516.641357421875)]","[(0, 1801.0244140625), (1, 1908.07763671875)]","[(0, 3722.447021484375), (1, 3093.887939453125)]"
394,"[(0, 2006.0928955078125), (1, 2714.25)]","[(0, 968.7869262695312), (1, 972.7461547851562)]","[(0, 3592.09912109375), (1, 3713.575439453125)]","[(0, 3061.11962890625), (1, 3108.251953125)]","[(0, 3356.644775390625), (1, 3014.653076171875)]","[(0, 7944.09033203125), (1, 7616.00634765625)]","[(0, 3668.935791015625), (1, 3872.20556640625)]","[(0, 1933.9324951171875), (1, 1786.923583984375)]","[(0, 2511.80224609375), (1, 3006.226806640625)]","[(0, 1110.822998046875), (1, 1292.02587890625)]","[(0, 1727.2611083984375), (1, 1617.653564453125)]"
395,"[(0, 1694.6494140625), (1, 2331.640380859375)]","[(0, 1529.82861328125), (1, 1324.77099609375)]","[(0, 2761.599853515625), (1, 2777.837646484375)]","[(0, 2097.806884765625), (1, 2063.746826171875)]","[(0, 2956.080810546875), (1, 2018.14453125)]","[(0, 6142.0439453125), (1, 6407.3837890625)]","[(0, 3559.668212890625), (1, 3307.5244140625)]","[(0, 1098.19091796875), (1, 1268.05419921875)]","[(0, 2560.54345703125), (1, 2345.7451171875)]","[(0, 1879.56640625), (1, 2171.60107421875)]","[(0, 3607.093505859375), (1, 2940.014892578125)]"
396,"[(0, 1682.916748046875), (1, 1992.5885009765625)]","[(0, 2099.94677734375), (1, 1978.110107421875)]","[(0, 1798.234619140625), (1, 1797.179443359375)]","[(0, 3817.2802734375), (1, 3805.681396484375)]","[(0, 3027.86376953125), (1, 1970.3914794921875)]","[(0, 4431.1005859375), (1, 4746.67431640625)]","[(0, 4129.70458984375), (1, 4204.66259765625)]","[(0, 935.3849487304688), (1, 875.2741088867188)]","[(0, 1321.1513671875), (1, 1144.42529296875)]","[(0, 3340.259765625), (1, 2363.497314453125)]","[(0, 2552.62548828125), (1, 2470.987548828125)]"
397,"[(0, 1466.6563720703125), (1, 1872.887939453125)]","[(0, 1656.56005859375), (1, 1480.751220703125)]","[(0, 1315.038330078125), (1, 1089.8065185546875)]","[(0, 2506.820068359375), (1, 2935.630126953125)]","[(0, 1745.4769287109375), (1, 1561.33984375)]","[(0, 4199.80126953125), (1, 3924.835693359375)]","[(0, 3374.490478515625), (1, 3521.8857421875)]","[(0, 682.6262817382812), (1, 611.0543823242188)]","[(0, 1742.61962890625), (1, 1618.499267578125)]","[(0, 1965.97119140625), (1, 1989.9337158203125)]","[(0, 3887.72412109375), (1, 3399.715087890625)]"
398,"[(0, 1802.58544921875), (1, 2343.1591796875)]","[(0, 1521.12890625), (1, 1384.3863525390625)]","[(0, 3494.30517578125), (1, 3654.99072265625)]","[(0, 3608.0810546875), (1, 3722.954833984375)]","[(0, 2477.126708984375), (1, 2162.3427734375)]","[(0, 3480.476318359375), (1, 3260.839111328125)]","[(0, 2634.64306640625), (1, 2659.138427734375)]","[(0, 1181.0313720703125), (1, 1347.5594482421875)]","[(0, 3052.33349609375), (1, 2352.459228515625)]","[(0, 2097.616943359375), (1, 1827.7071533203125)]","[(0, 1400.626220703125), (1, 1301.0328369140625)]"
399,"[(0, 2156.224609375), (1, 2762.26220703125)]","[(0, 625.9329833984375), (1, 652.36962890625)]","[(0, 3421.752197265625), (1, 3479.022705078125)]","[(0, 2275.18896484375), (1, 2205.666259765625)]","[(0, 5246.16357421875), (1, 3348.606689453125)]","[(0, 3941.49365234375), (1, 4111.97265625)]","[(0, 4294.0576171875), (1, 4293.49658203125)]","[(0, 977.0745239257812), (1, 1006.0123901367188)]","[(0, 2428.984375), (1, 2421.685791015625)]","[(0, 2974.625244140625), (1, 2539.483642578125)]","[(0, 1422.9412841796875), (1, 1235.8502197265625)]"
400,"[(0, 1732.9228515625), (1, 2266.54248046875)]","[(0, 486.0009765625), (1, 436.2032470703125)]","[(0, 1811.9486083984375), (1, 1892.4039306640625)]","[(0, 2749.5888671875), (1, 2728.664794921875)]","[(0, 3839.92529296875), (1, 2412.182373046875)]","[(0, 1538.691162109375), (1, 1640.633544921875)]","[(0, 3186.94287109375), (1, 3802.876708984375)]","[(0, 2507.822021484375), (1, 2306.72509765625)]","[(0, 1152.7518310546875), (1, 851.8222045898438)]","[(0, 1793.5111083984375), (1, 1992.201904296875)]","[(0, 2534.590087890625), (1, 2269.23828125)]"
401,"[(0, 1173.66748046875), (1, 1484.583984375)]","[(0, 1052.5333251953125), (1, 890.5512084960938)]","[(0, 4012.88623046875), (1, 3291.213134765625)]","[(0, 2287.032958984375), (1, 2438.01220703125)]","[(0, 2987.14208984375), (1, 2498.579833984375)]","[(0, 3280.52392578125), (1, 3116.726318359375)]","[(0, 2421.4765625), (1, 2372.77587890625)]","[(0, 1624.675048828125), (1, 1249.4537353515625)]","[(0, 1546.5264892578125), (1, 1604.1365966796875)]","[(0, 1307.1336669921875), (1, 1736.2091064453125)]","[(0, 4719.181640625), (1, 4131.42236328125)]"
402,"[(0, 1148.0413818359375), (1, 1447.005126953125)]","[(0, 1327.283203125), (1, 1169.6209716796875)]","[(0, 3549.6064453125), (1, 3678.416015625)]","[(0, 3834.604248046875), (1, 4025.23583984375)]","[(0, 2471.1640625), (1, 2153.28076171875)]","[(0, 2223.26953125), (1, 2506.811767578125)]","[(0, 1992.379638671875), (1, 2065.4833984375)]","[(0, 1282.064697265625), (1, 1328.832763671875)]","[(0, 1163.8555908203125), (1, 1458.3533935546875)]","[(0, 1792.362060546875), (1, 1861.8341064453125)]","[(0, 1936.2689208984375), (1, 1863.136962890625)]"
403,"[(0, 2105.07568359375), (1, 2603.360107421875)]","[(0, 1192.0057373046875), (1, 1032.2242431640625)]","[(0, 6824.4248046875), (1, 6524.32470703125)]","[(0, 2325.247314453125), (1, 2499.5927734375)]","[(0, 5547.86328125), (1, 3268.66650390625)]","[(0, 5082.51171875), (1, 5579.31103515625)]","[(0, 4407.91552734375), (1, 4207.36572265625)]","[(0, 1472.8153076171875), (1, 1391.8214111328125)]","[(0, 880.2723999023438), (1, 727.2138061523438)]","[(0, 1298.986572265625), (1, 1276.2056884765625)]","[(0, 1667.5770263671875), (1, 1559.08935546875)]"
404,"[(0, 2015.081787109375), (1, 2660.605712890625)]","[(0, 1452.8050537109375), (1, 1248.19482421875)]","[(0, 3700.872314453125), (1, 3715.07373046875)]","[(0, 5988.9873046875), (1, 6112.43505859375)]","[(0, 4862.390625), (1, 2828.81787109375)]","[(0, 7300.7333984375), (1, 6774.0029296875)]","[(0, 6055.87451171875), (1, 6399.7197265625)]","[(0, 2166.569091796875), (1, 1648.58935546875)]","[(0, 915.6681518554688), (1, 795.4544677734375)]","[(0, 1830.274658203125), (1, 1441.6187744140625)]","[(0, 1898.6324462890625), (1, 1820.91845703125)]"
405,"[(0, 1948.3516845703125), (1, 2478.90380859375)]","[(0, 963.9779663085938), (1, 1184.4564208984375)]","[(0, 7087.43896484375), (1, 7094.3642578125)]","[(0, 4241.88525390625), (1, 4349.0400390625)]","[(0, 3923.806396484375), (1, 3359.54638671875)]","[(0, 2776.04345703125), (1, 2590.035888671875)]","[(0, 8440.0205078125), (1, 9074.3134765625)]","[(0, 1604.0526123046875), (1, 1587.51318359375)]","[(0, 2208.602294921875), (1, 2293.0224609375)]","[(0, 2071.381591796875), (1, 2209.846435546875)]","[(0, 3572.237060546875), (1, 2978.94189453125)]"
406,"[(0, 2223.969482421875), (1, 3006.424560546875)]","[(0, 1177.5848388671875), (1, 1548.030029296875)]","[(0, 3743.92236328125), (1, 3557.65869140625)]","[(0, 3470.959716796875), (1, 3640.03662109375)]","[(0, 2046.260498046875), (1, 1147.532958984375)]","[(0, 3509.306396484375), (1, 3934.21533203125)]","[(0, 10087.76953125), (1, 10761.1337890625)]","[(0, 2922.4580078125), (1, 2798.28076171875)]","[(0, 2024.4141845703125), (1, 1982.6522216796875)]","[(0, 1136.1903076171875), (1, 1091.5517578125)]","[(0, 1885.31201171875), (1, 1685.130615234375)]"
407,"[(0, 1354.0250244140625), (1, 1754.54443359375)]","[(0, 1019.3563232421875), (1, 1362.5185546875)]","[(0, 1984.1455078125), (1, 1712.789306640625)]","[(0, 6589.34423828125), (1, 6664.5126953125)]","[(0, 743.0997314453125), (1, 658.088134765625)]","[(0, 5405.7509765625), (1, 6000.87353515625)]","[(0, 3946.548828125), (1, 4580.7099609375)]","[(0, 950.2116088867188), (1, 1202.6248779296875)]","[(0, 1270.158935546875), (1, 1319.0789794921875)]","[(0, 1874.72412109375), (1, 1625.74755859375)]","[(0, 2015.8536376953125), (1, 1836.2364501953125)]"
408,"[(0, 1799.1756591796875), (1, 2448.89892578125)]","[(0, 1066.3992919921875), (1, 1296.6368408203125)]","[(0, 2069.383544921875), (1, 2031.8753662109375)]","[(0, 4378.75830078125), (1, 4259.568359375)]","[(0, 905.09130859375), (1, 780.5404052734375)]","[(0, 4834.25048828125), (1, 4509.09033203125)]","[(0, 2622.073974609375), (1, 3136.1904296875)]","[(0, 1735.8109130859375), (1, 1586.7088623046875)]","[(0, 1921.8302001953125), (1, 1485.2281494140625)]","[(0, 1513.77734375), (1, 955.2032470703125)]","[(0, 3308.947265625), (1, 2716.846435546875)]"
409,"[(0, 1133.635986328125), (1, 1361.890380859375)]","[(0, 1299.5224609375), (1, 1714.170166015625)]","[(0, 2237.25), (1, 2370.3173828125)]","[(0, 1220.315185546875), (1, 1272.4412841796875)]","[(0, 3766.412109375), (1, 2292.160888671875)]","[(0, 4014.45166015625), (1, 3942.110107421875)]","[(0, 3119.771728515625), (1, 2897.243896484375)]","[(0, 2345.01025390625), (1, 2622.07763671875)]","[(0, 1704.58544921875), (1, 2357.76416015625)]","[(0, 1452.1158447265625), (1, 1725.6253662109375)]","[(0, 1339.687255859375), (1, 1191.41357421875)]"
410,"[(0, 1222.8939208984375), (1, 1430.5595703125)]","[(0, 1117.3934326171875), (1, 1453.0426025390625)]","[(0, 3085.348876953125), (1, 2977.084228515625)]","[(0, 4090.30126953125), (1, 4139.6962890625)]","[(0, 2195.83740234375), (1, 1870.3095703125)]","[(0, 7412.0615234375), (1, 8263.455078125)]","[(0, 3723.43408203125), (1, 4093.656982421875)]","[(0, 1550.501953125), (1, 1070.45361328125)]","[(0, 848.7537841796875), (1, 1200.815673828125)]","[(0, 1595.7196044921875), (1, 1270.09716796875)]","[(0, 1749.47998046875), (1, 1602.983642578125)]"
411,"[(0, 1612.3753662109375), (1, 2054.50927734375)]","[(0, 1062.26953125), (1, 1108.81201171875)]","[(0, 2632.82958984375), (1, 2454.398193359375)]","[(0, 3761.322265625), (1, 3716.221923828125)]","[(0, 4084.20068359375), (1, 2417.125244140625)]","[(0, 2799.96630859375), (1, 3056.57177734375)]","[(0, 1880.671875), (1, 1690.4002685546875)]","[(0, 1552.0997314453125), (1, 1790.56640625)]","[(0, 1222.8023681640625), (1, 920.99951171875)]","[(0, 1432.5487060546875), (1, 1685.177978515625)]","[(0, 1411.1375732421875), (1, 1299.2919921875)]"
412,"[(0, 1586.456787109375), (1, 1915.0616455078125)]","[(0, 917.1669311523438), (1, 810.9937133789062)]","[(0, 4890.65234375), (1, 5162.29296875)]","[(0, 2517.3994140625), (1, 2552.492919921875)]","[(0, 2847.7626953125), (1, 1868.991943359375)]","[(0, 6459.06689453125), (1, 6031.396484375)]","[(0, 1810.2481689453125), (1, 2114.900634765625)]","[(0, 1897.2650146484375), (1, 1746.29541015625)]","[(0, 1687.455078125), (1, 1764.79443359375)]","[(0, 2374.1748046875), (1, 1811.223876953125)]","[(0, 4386.50341796875), (1, 3757.518310546875)]"
413,"[(0, 1537.3468017578125), (1, 1849.8856201171875)]","[(0, 1500.0323486328125), (1, 1391.06298828125)]","[(0, 3381.152099609375), (1, 3770.606201171875)]","[(0, 2666.83837890625), (1, 2696.262939453125)]","[(0, 1035.938720703125), (1, 1019.0393676757812)]","[(0, 5477.39599609375), (1, 4786.18896484375)]","[(0, 3177.895263671875), (1, 4527.53759765625)]","[(0, 1373.5552978515625), (1, 1563.1627197265625)]","[(0, 3231.623779296875), (1, 3164.796630859375)]","[(0, 1528.887939453125), (1, 1429.84765625)]","[(0, 2455.570068359375), (1, 2277.8037109375)]"
414,"[(0, 1647.5882568359375), (1, 2130.30517578125)]","[(0, 2152.09228515625), (1, 2166.339599609375)]","[(0, 3548.916259765625), (1, 3559.5390625)]","[(0, 2874.867431640625), (1, 2964.79638671875)]","[(0, 958.5326538085938), (1, 933.1864013671875)]","[(0, 1469.5560302734375), (1, 1683.2625732421875)]","[(0, 3334.64208984375), (1, 4981.169921875)]","[(0, 1985.5992431640625), (1, 1627.452392578125)]","[(0, 2321.245849609375), (1, 2065.202880859375)]","[(0, 1487.5352783203125), (1, 1598.298095703125)]","[(0, 4018.603759765625), (1, 3478.8271484375)]"
415,"[(0, 1648.2764892578125), (1, 2150.921630859375)]","[(0, 1760.5457763671875), (1, 1641.58447265625)]","[(0, 3968.718994140625), (1, 4067.33154296875)]","[(0, 2150.681640625), (1, 2108.6904296875)]","[(0, 4275.8564453125), (1, 2825.560791015625)]","[(0, 3844.34033203125), (1, 4149.2294921875)]","[(0, 2599.505859375), (1, 2416.4638671875)]","[(0, 1023.958984375), (1, 942.078125)]","[(0, 2472.77685546875), (1, 2326.853271484375)]","[(0, 1796.59423828125), (1, 2737.970703125)]","[(0, 2265.72119140625), (1, 2306.40966796875)]"
416,"[(0, 2062.93408203125), (1, 2695.653564453125)]","[(0, 1250.0579833984375), (1, 1207.23681640625)]","[(0, 2719.137451171875), (1, 2757.2509765625)]","[(0, 3451.596435546875), (1, 3683.351806640625)]","[(0, 3988.50244140625), (1, 2601.824951171875)]","[(0, 4543.1689453125), (1, 4432.63916015625)]","[(0, 2797.8564453125), (1, 3084.71923828125)]","[(0, 1279.8359375), (1, 1353.896484375)]","[(0, 2003.05224609375), (1, 1441.833984375)]","[(0, 1283.429931640625), (1, 1676.3155517578125)]","[(0, 3200.050537109375), (1, 2733.457275390625)]"
417,"[(0, 1567.921630859375), (1, 1851.012451171875)]","[(0, 1051.340087890625), (1, 1331.490966796875)]","[(0, 1814.58837890625), (1, 1373.018310546875)]","[(0, 4479.302734375), (1, 4639.43359375)]","[(0, 1823.7783203125), (1, 1709.4219970703125)]","[(0, 3484.80712890625), (1, 3750.354736328125)]","[(0, 4024.145751953125), (1, 4130.07861328125)]","[(0, 2457.151123046875), (1, 2489.5068359375)]","[(0, 2531.9638671875), (1, 2796.90380859375)]","[(0, 1372.5509033203125), (1, 1488.5009765625)]","[(0, 3287.3671875), (1, 2662.2607421875)]"
418,"[(0, 1002.5119018554688), (1, 1267.2086181640625)]","[(0, 1358.9219970703125), (1, 1923.1080322265625)]","[(0, 6077.125), (1, 6143.86572265625)]","[(0, 1499.2772216796875), (1, 1636.8773193359375)]","[(0, 1692.393310546875), (1, 1568.7257080078125)]","[(0, 4435.29931640625), (1, 4704.74365234375)]","[(0, 3729.955810546875), (1, 4034.232421875)]","[(0, 3222.695556640625), (1, 3054.482666015625)]","[(0, 2001.9552001953125), (1, 1677.443115234375)]","[(0, 1006.4111328125), (1, 1416.0771484375)]","[(0, 1500.578857421875), (1, 1437.1925048828125)]"
419,"[(0, 1540.557373046875), (1, 2060.133544921875)]","[(0, 1131.4505615234375), (1, 1521.002685546875)]","[(0, 2624.7158203125), (1, 2629.810546875)]","[(0, 2295.126953125), (1, 2207.805419921875)]","[(0, 3128.7998046875), (1, 1907.2835693359375)]","[(0, 5039.63671875), (1, 4732.60302734375)]","[(0, 4511.1123046875), (1, 5318.0966796875)]","[(0, 856.9677734375), (1, 1064.4093017578125)]","[(0, 1919.0665283203125), (1, 1469.7613525390625)]","[(0, 2057.735107421875), (1, 1627.0806884765625)]","[(0, 2892.203125), (1, 2246.06298828125)]"
420,"[(0, 2176.0986328125), (1, 2900.76611328125)]","[(0, 1134.8155517578125), (1, 1218.0606689453125)]","[(0, 2485.8994140625), (1, 2702.48388671875)]","[(0, 4566.15087890625), (1, 4543.6240234375)]","[(0, 3118.88232421875), (1, 1870.4825439453125)]","[(0, 4998.64404296875), (1, 4699.47412109375)]","[(0, 5416.443359375), (1, 6114.5693359375)]","[(0, 1737.17626953125), (1, 1952.73876953125)]","[(0, 1096.661865234375), (1, 1033.0565185546875)]","[(0, 2136.21728515625), (1, 2231.72216796875)]","[(0, 2158.217041015625), (1, 1847.172607421875)]"
421,"[(0, 1244.6104736328125), (1, 1495.9901123046875)]","[(0, 644.96484375), (1, 552.7849731445312)]","[(0, 2311.3232421875), (1, 2213.5966796875)]","[(0, 2320.689208984375), (1, 2600.996337890625)]","[(0, 1766.8043212890625), (1, 1717.1766357421875)]","[(0, 4595.1884765625), (1, 4887.798828125)]","[(0, 3649.637451171875), (1, 3498.4462890625)]","[(0, 1604.7640380859375), (1, 1978.844970703125)]","[(0, 1493.2276611328125), (1, 1151.336669921875)]","[(0, 1225.8043212890625), (1, 1202.7039794921875)]","[(0, 3216.609619140625), (1, 2651.55029296875)]"
422,"[(0, 1504.216796875), (1, 2029.270751953125)]","[(0, 1993.2803955078125), (1, 1942.5341796875)]","[(0, 2095.62841796875), (1, 1981.8865966796875)]","[(0, 1598.1883544921875), (1, 1475.7698974609375)]","[(0, 6423.0400390625), (1, 3816.2646484375)]","[(0, 7046.34814453125), (1, 7520.6826171875)]","[(0, 3401.5341796875), (1, 3626.5126953125)]","[(0, 1404.4034423828125), (1, 1763.0164794921875)]","[(0, 1079.5047607421875), (1, 862.3783569335938)]","[(0, 2391.170166015625), (1, 1955.6070556640625)]","[(0, 1296.5682373046875), (1, 1298.4149169921875)]"
423,"[(0, 1257.0970458984375), (1, 1485.3048095703125)]","[(0, 2730.905029296875), (1, 2854.80126953125)]","[(0, 2612.346923828125), (1, 2528.667724609375)]","[(0, 1855.567138671875), (1, 1833.277587890625)]","[(0, 4594.224609375), (1, 2696.089111328125)]","[(0, 4882.93017578125), (1, 4620.24853515625)]","[(0, 7006.9326171875), (1, 6821.2685546875)]","[(0, 1857.679443359375), (1, 1830.0487060546875)]","[(0, 3084.48095703125), (1, 2979.230224609375)]","[(0, 2146.568115234375), (1, 2035.253662109375)]","[(0, 2879.658203125), (1, 2452.874755859375)]"
424,"[(0, 1420.16015625), (1, 1771.559814453125)]","[(0, 2266.217041015625), (1, 2211.531005859375)]","[(0, 5169.6142578125), (1, 5217.50439453125)]","[(0, 3546.737060546875), (1, 3810.55859375)]","[(0, 2777.631103515625), (1, 2535.711669921875)]","[(0, 4946.24462890625), (1, 4629.30810546875)]","[(0, 5419.43994140625), (1, 5171.15234375)]","[(0, 1188.0443115234375), (1, 982.02001953125)]","[(0, 1118.57958984375), (1, 983.957763671875)]","[(0, 3025.6787109375), (1, 3716.190185546875)]","[(0, 2956.101806640625), (1, 2534.437744140625)]"
425,"[(0, 1014.1985473632812), (1, 1224.7835693359375)]","[(0, 2192.312744140625), (1, 2142.156005859375)]","[(0, 5418.685546875), (1, 5047.0869140625)]","[(0, 3143.505859375), (1, 3206.93994140625)]","[(0, 2298.91796875), (1, 2126.5439453125)]","[(0, 6254.43408203125), (1, 6623.921875)]","[(0, 4613.3271484375), (1, 5467.74072265625)]","[(0, 1887.275634765625), (1, 1936.3731689453125)]","[(0, 1242.119140625), (1, 1444.059814453125)]","[(0, 1551.5025634765625), (1, 1152.466552734375)]","[(0, 2383.265869140625), (1, 2135.05126953125)]"
426,"[(0, 1071.318115234375), (1, 1252.91943359375)]","[(0, 1866.8231201171875), (1, 1706.3599853515625)]","[(0, 4133.64892578125), (1, 3711.78369140625)]","[(0, 2812.288330078125), (1, 3205.38037109375)]","[(0, 4308.09814453125), (1, 2594.85693359375)]","[(0, 6794.4228515625), (1, 7248.63818359375)]","[(0, 1607.224609375), (1, 2119.721435546875)]","[(0, 954.4788818359375), (1, 827.2644653320312)]","[(0, 1017.3517456054688), (1, 939.3876342773438)]","[(0, 929.9539184570312), (1, 1229.7801513671875)]","[(0, 2553.654296875), (1, 2383.841064453125)]"
427,"[(0, 1625.38623046875), (1, 2065.82421875)]","[(0, 2500.585693359375), (1, 2396.966064453125)]","[(0, 3455.753173828125), (1, 3395.0009765625)]","[(0, 3737.64697265625), (1, 3837.1357421875)]","[(0, 3022.342041015625), (1, 1818.669189453125)]","[(0, 6239.451171875), (1, 5894.58544921875)]","[(0, 3852.59130859375), (1, 3590.427734375)]","[(0, 1055.039306640625), (1, 867.6554565429688)]","[(0, 1357.66162109375), (1, 1642.130126953125)]","[(0, 1449.706787109375), (1, 1778.20263671875)]","[(0, 2634.891845703125), (1, 2513.485595703125)]"
428,"[(0, 1334.0806884765625), (1, 1652.1676025390625)]","[(0, 2088.011962890625), (1, 1975.268310546875)]","[(0, 3421.10595703125), (1, 3296.034423828125)]","[(0, 3689.75732421875), (1, 3913.5556640625)]","[(0, 5130.3623046875), (1, 2989.6640625)]","[(0, 5750.33251953125), (1, 5628.12353515625)]","[(0, 2236.2666015625), (1, 2481.685546875)]","[(0, 2352.47509765625), (1, 1665.221923828125)]","[(0, 980.23291015625), (1, 811.03466796875)]","[(0, 2121.008544921875), (1, 2043.4532470703125)]","[(0, 3093.1591796875), (1, 2601.44140625)]"
429,"[(0, 1135.3720703125), (1, 1350.3021240234375)]","[(0, 1872.8931884765625), (1, 1810.5478515625)]","[(0, 4655.2958984375), (1, 4282.2021484375)]","[(0, 5800.5029296875), (1, 5676.5517578125)]","[(0, 4268.18505859375), (1, 2493.98388671875)]","[(0, 6967.384765625), (1, 7177.5791015625)]","[(0, 3698.191162109375), (1, 5020.482421875)]","[(0, 2256.52099609375), (1, 1868.6497802734375)]","[(0, 3298.200927734375), (1, 3245.358154296875)]","[(0, 2194.39404296875), (1, 1625.2972412109375)]","[(0, 2067.005615234375), (1, 1974.3887939453125)]"
430,"[(0, 1108.341552734375), (1, 1445.74365234375)]","[(0, 2361.67431640625), (1, 2627.044677734375)]","[(0, 2709.04296875), (1, 2112.676025390625)]","[(0, 2161.488037109375), (1, 2091.4345703125)]","[(0, 1855.98486328125), (1, 1556.1636962890625)]","[(0, 4708.98974609375), (1, 4928.69482421875)]","[(0, 2882.58056640625), (1, 3982.736083984375)]","[(0, 1141.661376953125), (1, 1186.330810546875)]","[(0, 1314.3663330078125), (1, 1423.2120361328125)]","[(0, 2659.72802734375), (1, 3405.7021484375)]","[(0, 3093.250732421875), (1, 2426.213134765625)]"
431,"[(0, 1729.9539794921875), (1, 2343.717041015625)]","[(0, 3304.012451171875), (1, 3782.365234375)]","[(0, 6513.271484375), (1, 6181.74462890625)]","[(0, 2282.027587890625), (1, 2529.991943359375)]","[(0, 1102.6768798828125), (1, 965.994873046875)]","[(0, 5164.7998046875), (1, 5252.025390625)]","[(0, 3300.759033203125), (1, 3098.931640625)]","[(0, 1958.01904296875), (1, 2237.67041015625)]","[(0, 2395.407470703125), (1, 2381.791015625)]","[(0, 1775.1214599609375), (1, 1551.1837158203125)]","[(0, 2715.328369140625), (1, 2284.521728515625)]"
432,"[(0, 1566.533203125), (1, 1969.0877685546875)]","[(0, 2778.635009765625), (1, 2975.27783203125)]","[(0, 3785.18017578125), (1, 3669.89453125)]","[(0, 2371.0712890625), (1, 2283.073486328125)]","[(0, 3435.986572265625), (1, 2087.1318359375)]","[(0, 3763.62939453125), (1, 3881.611328125)]","[(0, 2020.37451171875), (1, 2221.4609375)]","[(0, 1445.740234375), (1, 1232.9224853515625)]","[(0, 1695.7003173828125), (1, 1512.9287109375)]","[(0, 1883.084716796875), (1, 1809.28857421875)]","[(0, 2749.02099609375), (1, 2354.883544921875)]"
433,"[(0, 1939.99609375), (1, 2694.7822265625)]","[(0, 1590.131591796875), (1, 1559.9423828125)]","[(0, 2239.680419921875), (1, 2072.611572265625)]","[(0, 2868.955322265625), (1, 2796.29833984375)]","[(0, 3563.118896484375), (1, 2206.8212890625)]","[(0, 5784.11376953125), (1, 6221.91015625)]","[(0, 2945.5), (1, 3719.5869140625)]","[(0, 1956.8056640625), (1, 1789.68896484375)]","[(0, 1776.096923828125), (1, 1801.4547119140625)]","[(0, 2931.632080078125), (1, 3209.9873046875)]","[(0, 1870.7091064453125), (1, 1803.259521484375)]"
434,"[(0, 1663.0421142578125), (1, 2249.49072265625)]","[(0, 1149.3575439453125), (1, 1408.70654296875)]","[(0, 7142.2568359375), (1, 7039.6181640625)]","[(0, 2119.74560546875), (1, 2353.6708984375)]","[(0, 1188.8013916015625), (1, 1116.2506103515625)]","[(0, 4055.11181640625), (1, 3777.7041015625)]","[(0, 2258.80224609375), (1, 2964.166015625)]","[(0, 2279.892333984375), (1, 3208.521484375)]","[(0, 1195.942626953125), (1, 1116.558837890625)]","[(0, 1516.5220947265625), (1, 1489.1065673828125)]","[(0, 3515.365966796875), (1, 2806.094482421875)]"
435,"[(0, 1335.443359375), (1, 1776.5584716796875)]","[(0, 1371.4622802734375), (1, 1809.1971435546875)]","[(0, 6087.6181640625), (1, 5538.8232421875)]","[(0, 3654.09521484375), (1, 3828.136962890625)]","[(0, 3946.97412109375), (1, 2355.2236328125)]","[(0, 2575.41748046875), (1, 2208.4453125)]","[(0, 5243.91259765625), (1, 5606.75390625)]","[(0, 1726.7974853515625), (1, 1525.871337890625)]","[(0, 1696.5924072265625), (1, 1430.7281494140625)]","[(0, 943.8920288085938), (1, 960.0078125)]","[(0, 5647.43701171875), (1, 4918.01806640625)]"
436,"[(0, 2744.599365234375), (1, 3607.551025390625)]","[(0, 1259.4766845703125), (1, 1638.1358642578125)]","[(0, 1530.81298828125), (1, 1355.4920654296875)]","[(0, 1948.279052734375), (1, 1834.4791259765625)]","[(0, 2505.587890625), (1, 1466.933349609375)]","[(0, 3958.124267578125), (1, 4652.43310546875)]","[(0, 3584.67626953125), (1, 3743.740234375)]","[(0, 1605.6741943359375), (1, 1656.7086181640625)]","[(0, 1888.951904296875), (1, 1974.48486328125)]","[(0, 1684.7962646484375), (1, 2098.87060546875)]","[(0, 1654.2376708984375), (1, 1536.1678466796875)]"
437,"[(0, 1913.53369140625), (1, 2465.91796875)]","[(0, 1387.3050537109375), (1, 1527.1414794921875)]","[(0, 2985.957275390625), (1, 2822.901123046875)]","[(0, 2487.5859375), (1, 2587.28076171875)]","[(0, 5247.89501953125), (1, 3107.36279296875)]","[(0, 5985.6298828125), (1, 6331.48583984375)]","[(0, 2089.663330078125), (1, 2016.863037109375)]","[(0, 1822.19873046875), (1, 1978.454345703125)]","[(0, 2986.016845703125), (1, 4114.04736328125)]","[(0, 2069.65576171875), (1, 2424.126953125)]","[(0, 3237.92333984375), (1, 2689.697265625)]"
438,"[(0, 2177.0908203125), (1, 2779.580078125)]","[(0, 765.2229614257812), (1, 789.1395874023438)]","[(0, 2792.57275390625), (1, 2971.65234375)]","[(0, 3927.46044921875), (1, 3937.8603515625)]","[(0, 4164.158203125), (1, 2415.735595703125)]","[(0, 6843.5986328125), (1, 6426.16455078125)]","[(0, 3414.5673828125), (1, 3601.5732421875)]","[(0, 1125.3831787109375), (1, 1201.95458984375)]","[(0, 1298.961181640625), (1, 1233.2564697265625)]","[(0, 1368.691650390625), (1, 1401.732666015625)]","[(0, 939.1587524414062), (1, 838.8903198242188)]"
439,"[(0, 2305.0078125), (1, 3182.0654296875)]","[(0, 2547.366455078125), (1, 2686.163330078125)]","[(0, 6554.27197265625), (1, 7047.53759765625)]","[(0, 2408.96728515625), (1, 2433.026611328125)]","[(0, 1846.410888671875), (1, 1669.1163330078125)]","[(0, 4200.91064453125), (1, 4029.176025390625)]","[(0, 3678.94580078125), (1, 4023.991943359375)]","[(0, 3567.416259765625), (1, 2885.749267578125)]","[(0, 1078.821533203125), (1, 1104.265380859375)]","[(0, 1834.43798828125), (1, 1990.3409423828125)]","[(0, 4166.40283203125), (1, 3306.87451171875)]"
440,"[(0, 1504.800048828125), (1, 1955.1668701171875)]","[(0, 3155.748779296875), (1, 3485.62158203125)]","[(0, 3905.583984375), (1, 3733.79931640625)]","[(0, 3233.137451171875), (1, 3288.665283203125)]","[(0, 2300.6572265625), (1, 2036.3447265625)]","[(0, 5290.70947265625), (1, 5519.6083984375)]","[(0, 3882.888671875), (1, 3652.433349609375)]","[(0, 1681.10009765625), (1, 1751.960205078125)]","[(0, 2190.4912109375), (1, 1846.8316650390625)]","[(0, 1438.78125), (1, 1041.0013427734375)]","[(0, 3263.446044921875), (1, 2793.667724609375)]"
441,"[(0, 1233.041259765625), (1, 1474.6339111328125)]","[(0, 2806.9189453125), (1, 3069.512451171875)]","[(0, 3836.9599609375), (1, 3879.942138671875)]","[(0, 2068.389892578125), (1, 2024.572509765625)]","[(0, 2832.527099609375), (1, 1727.4456787109375)]","[(0, 3177.77099609375), (1, 3384.5849609375)]","[(0, 4080.46337890625), (1, 4365.7119140625)]","[(0, 1845.366943359375), (1, 1707.9342041015625)]","[(0, 1569.7740478515625), (1, 2219.440673828125)]","[(0, 602.9397583007812), (1, 584.8770751953125)]","[(0, 1965.7152099609375), (1, 1869.5650634765625)]"
442,"[(0, 2352.195556640625), (1, 3262.444091796875)]","[(0, 1483.5733642578125), (1, 1462.7850341796875)]","[(0, 2898.7861328125), (1, 2776.1533203125)]","[(0, 2339.072265625), (1, 2391.1484375)]","[(0, 3020.541015625), (1, 1809.927001953125)]","[(0, 3919.258544921875), (1, 3774.9130859375)]","[(0, 6160.56982421875), (1, 6132.55615234375)]","[(0, 1044.9083251953125), (1, 708.8483276367188)]","[(0, 2141.158203125), (1, 1811.280029296875)]","[(0, 991.4765014648438), (1, 897.7866821289062)]","[(0, 2098.34423828125), (1, 1932.8797607421875)]"
443,"[(0, 1858.0267333984375), (1, 2401.4013671875)]","[(0, 516.6356201171875), (1, 461.63330078125)]","[(0, 3585.045654296875), (1, 3594.970947265625)]","[(0, 5439.8623046875), (1, 5274.40673828125)]","[(0, 1994.98828125), (1, 1687.934814453125)]","[(0, 5503.30419921875), (1, 5374.54345703125)]","[(0, 4988.0439453125), (1, 4713.95458984375)]","[(0, 1931.0704345703125), (1, 2035.8321533203125)]","[(0, 851.239990234375), (1, 1005.6757202148438)]","[(0, 1226.54736328125), (1, 1515.6495361328125)]","[(0, 3478.279541015625), (1, 2873.7763671875)]"
444,"[(0, 1146.0296630859375), (1, 1342.2039794921875)]","[(0, 1299.9971923828125), (1, 1246.724365234375)]","[(0, 5835.8369140625), (1, 6065.68310546875)]","[(0, 4611.796875), (1, 4626.66845703125)]","[(0, 1904.9395751953125), (1, 1649.341796875)]","[(0, 4155.625), (1, 4421.37548828125)]","[(0, 2136.5615234375), (1, 2291.623291015625)]","[(0, 3394.758056640625), (1, 2541.42529296875)]","[(0, 820.2295532226562), (1, 1385.578369140625)]","[(0, 2212.300048828125), (1, 2202.5078125)]","[(0, 3196.9150390625), (1, 2679.06787109375)]"
445,"[(0, 1850.8597412109375), (1, 2445.940673828125)]","[(0, 1466.287109375), (1, 1545.5570068359375)]","[(0, 3427.127685546875), (1, 3005.28955078125)]","[(0, 6325.4140625), (1, 6355.2841796875)]","[(0, 3707.27685546875), (1, 2259.635986328125)]","[(0, 5332.64697265625), (1, 6041.22900390625)]","[(0, 5154.36279296875), (1, 6460.04638671875)]","[(0, 1213.84375), (1, 1146.1104736328125)]","[(0, 1666.7542724609375), (1, 1619.447998046875)]","[(0, 1325.1475830078125), (1, 1406.8524169921875)]","[(0, 2198.886474609375), (1, 2012.6024169921875)]"
446,"[(0, 2007.971435546875), (1, 2454.336181640625)]","[(0, 1285.3236083984375), (1, 1373.000732421875)]","[(0, 3452.52490234375), (1, 3490.801025390625)]","[(0, 2656.740478515625), (1, 2732.0966796875)]","[(0, 4001.604736328125), (1, 2341.5263671875)]","[(0, 3710.959228515625), (1, 3410.275146484375)]","[(0, 3379.143798828125), (1, 4065.927490234375)]","[(0, 1069.1385498046875), (1, 883.7068481445312)]","[(0, 1769.7235107421875), (1, 2037.1441650390625)]","[(0, 1388.0501708984375), (1, 1666.0709228515625)]","[(0, 3495.66162109375), (1, 2907.19140625)]"
447,"[(0, 1833.996337890625), (1, 2483.748046875)]","[(0, 1406.0872802734375), (1, 1382.605224609375)]","[(0, 4759.82421875), (1, 4579.4169921875)]","[(0, 4477.72705078125), (1, 4692.8369140625)]","[(0, 2621.044921875), (1, 2428.357666015625)]","[(0, 7350.8251953125), (1, 7802.95947265625)]","[(0, 2396.904052734375), (1, 2262.462890625)]","[(0, 1341.4912109375), (1, 1176.57177734375)]","[(0, 2024.662353515625), (1, 2139.438720703125)]","[(0, 1391.6429443359375), (1, 1444.1678466796875)]","[(0, 3248.57861328125), (1, 2739.6513671875)]"
448,"[(0, 1505.1768798828125), (1, 1926.1595458984375)]","[(0, 854.9697875976562), (1, 718.1707153320312)]","[(0, 2785.19482421875), (1, 3019.27392578125)]","[(0, 2758.003173828125), (1, 2814.617431640625)]","[(0, 2522.092529296875), (1, 2343.548095703125)]","[(0, 6451.1806640625), (1, 6831.91259765625)]","[(0, 3109.470703125), (1, 3254.41748046875)]","[(0, 746.9446411132812), (1, 873.7265625)]","[(0, 1044.2408447265625), (1, 1312.94873046875)]","[(0, 918.775146484375), (1, 1398.826171875)]","[(0, 1694.5225830078125), (1, 1631.02197265625)]"
449,"[(0, 1405.3961181640625), (1, 1809.902099609375)]","[(0, 1625.09814453125), (1, 1629.5621337890625)]","[(0, 6021.3505859375), (1, 6167.97119140625)]","[(0, 2402.302734375), (1, 2705.55615234375)]","[(0, 3628.249267578125), (1, 2187.066162109375)]","[(0, 4422.4716796875), (1, 4213.4697265625)]","[(0, 2791.853759765625), (1, 3068.68115234375)]","[(0, 2041.7342529296875), (1, 2332.722412109375)]","[(0, 861.7745361328125), (1, 877.4227905273438)]","[(0, 1245.775390625), (1, 1179.427978515625)]","[(0, 1476.7891845703125), (1, 1319.8648681640625)]"
450,"[(0, 1932.6871337890625), (1, 2619.944091796875)]","[(0, 2170.8203125), (1, 2330.1552734375)]","[(0, 4038.60546875), (1, 3962.67138671875)]","[(0, 2319.189208984375), (1, 2423.602294921875)]","[(0, 2406.47705078125), (1, 1393.51416015625)]","[(0, 6005.0986328125), (1, 6282.0341796875)]","[(0, 2853.1259765625), (1, 2889.123779296875)]","[(0, 892.4441528320312), (1, 983.3330078125)]","[(0, 862.3840942382812), (1, 721.9692993164062)]","[(0, 1750.094970703125), (1, 2556.873291015625)]","[(0, 1378.643310546875), (1, 1258.576171875)]"
451,"[(0, 1957.399169921875), (1, 2564.624755859375)]","[(0, 1947.643798828125), (1, 1972.5809326171875)]","[(0, 4678.21142578125), (1, 4408.529296875)]","[(0, 1877.24560546875), (1, 2036.98779296875)]","[(0, 1004.2620239257812), (1, 985.1920166015625)]","[(0, 3426.594970703125), (1, 3697.464599609375)]","[(0, 8576.21875), (1, 9214.4013671875)]","[(0, 1857.65283203125), (1, 2131.437255859375)]","[(0, 2201.62158203125), (1, 3023.09130859375)]","[(0, 1503.429443359375), (1, 1504.876220703125)]","[(0, 3028.19287109375), (1, 2670.88671875)]"
452,"[(0, 2042.990478515625), (1, 2686.53369140625)]","[(0, 2091.256103515625), (1, 2096.377197265625)]","[(0, 4468.29150390625), (1, 4453.99609375)]","[(0, 2900.7607421875), (1, 3272.131591796875)]","[(0, 978.6347045898438), (1, 901.3460693359375)]","[(0, 2615.025390625), (1, 2477.889892578125)]","[(0, 3456.929931640625), (1, 3978.48828125)]","[(0, 2479.7255859375), (1, 2331.583740234375)]","[(0, 1670.4659423828125), (1, 1575.821044921875)]","[(0, 1869.1728515625), (1, 1938.1201171875)]","[(0, 1945.3057861328125), (1, 1768.2515869140625)]"
453,"[(0, 1547.1009521484375), (1, 2002.135498046875)]","[(0, 1153.630615234375), (1, 1451.339111328125)]","[(0, 4453.5546875), (1, 4242.083984375)]","[(0, 3539.84716796875), (1, 3660.579345703125)]","[(0, 2843.75146484375), (1, 1873.5775146484375)]","[(0, 2471.867919921875), (1, 2273.961181640625)]","[(0, 3420.9560546875), (1, 3235.018798828125)]","[(0, 1518.1796875), (1, 1319.6414794921875)]","[(0, 956.2660522460938), (1, 973.45556640625)]","[(0, 1674.4996337890625), (1, 1883.704345703125)]","[(0, 1844.966552734375), (1, 1719.9078369140625)]"
454,"[(0, 1800.2001953125), (1, 2339.98486328125)]","[(0, 1510.8099365234375), (1, 2039.949462890625)]","[(0, 2178.55712890625), (1, 1923.1492919921875)]","[(0, 1713.55712890625), (1, 1656.06005859375)]","[(0, 4298.5888671875), (1, 2884.034912109375)]","[(0, 4881.0625), (1, 5377.1171875)]","[(0, 4135.6123046875), (1, 4402.26904296875)]","[(0, 1219.7415771484375), (1, 1257.2972412109375)]","[(0, 1200.97265625), (1, 1232.316650390625)]","[(0, 1157.4207763671875), (1, 1307.570068359375)]","[(0, 1420.564453125), (1, 1372.170654296875)]"
455,"[(0, 1238.5054931640625), (1, 1518.3375244140625)]","[(0, 1211.352294921875), (1, 1595.04638671875)]","[(0, 2155.306640625), (1, 2033.8353271484375)]","[(0, 3486.246337890625), (1, 3495.1181640625)]","[(0, 5182.63134765625), (1, 3165.3095703125)]","[(0, 4982.41943359375), (1, 5316.70703125)]","[(0, 2818.291748046875), (1, 2697.941162109375)]","[(0, 1038.9810791015625), (1, 1244.4632568359375)]","[(0, 862.160400390625), (1, 853.3118286132812)]","[(0, 1483.55078125), (1, 1332.802001953125)]","[(0, 2339.849853515625), (1, 2295.9404296875)]"
456,"[(0, 1934.624267578125), (1, 2461.906982421875)]","[(0, 1971.4036865234375), (1, 1870.8804931640625)]","[(0, 1807.5028076171875), (1, 1724.2764892578125)]","[(0, 1543.1563720703125), (1, 1714.7972412109375)]","[(0, 3109.35791015625), (1, 2746.12158203125)]","[(0, 6055.1416015625), (1, 5768.47998046875)]","[(0, 2928.3544921875), (1, 2725.7998046875)]","[(0, 1078.360107421875), (1, 1331.6217041015625)]","[(0, 2133.156494140625), (1, 2692.6845703125)]","[(0, 1315.0439453125), (1, 1105.345947265625)]","[(0, 4295.396484375), (1, 3783.844482421875)]"
457,"[(0, 1804.637451171875), (1, 2318.391845703125)]","[(0, 2653.911865234375), (1, 2721.083251953125)]","[(0, 4567.453125), (1, 4153.64404296875)]","[(0, 2311.377197265625), (1, 2307.29296875)]","[(0, 2569.671630859375), (1, 2245.54248046875)]","[(0, 7557.42236328125), (1, 6921.7998046875)]","[(0, 5848.3671875), (1, 5271.6962890625)]","[(0, 1231.7255859375), (1, 1364.3687744140625)]","[(0, 726.7333374023438), (1, 859.7100219726562)]","[(0, 2540.364013671875), (1, 1974.527099609375)]","[(0, 1123.456787109375), (1, 923.1288452148438)]"
458,"[(0, 1131.7440185546875), (1, 1408.3848876953125)]","[(0, 2269.185546875), (1, 2213.885986328125)]","[(0, 2896.81298828125), (1, 2432.642578125)]","[(0, 1307.527099609375), (1, 1233.026611328125)]","[(0, 4679.80029296875), (1, 2776.926513671875)]","[(0, 4009.11474609375), (1, 4157.51611328125)]","[(0, 3968.446533203125), (1, 3646.97216796875)]","[(0, 1064.5325927734375), (1, 1113.1396484375)]","[(0, 819.493408203125), (1, 791.4096069335938)]","[(0, 1583.461669921875), (1, 1521.7476806640625)]","[(0, 2730.94140625), (1, 2291.1044921875)]"
459,"[(0, 1920.8856201171875), (1, 2451.781494140625)]","[(0, 1233.167724609375), (1, 1186.5994873046875)]","[(0, 3269.009521484375), (1, 2811.414306640625)]","[(0, 2296.326904296875), (1, 2218.9208984375)]","[(0, 1881.372314453125), (1, 1718.4232177734375)]","[(0, 5978.95458984375), (1, 6415.88916015625)]","[(0, 2451.360595703125), (1, 2729.2529296875)]","[(0, 1467.54052734375), (1, 1392.3184814453125)]","[(0, 1708.47998046875), (1, 1443.0225830078125)]","[(0, 2801.659912109375), (1, 3291.75927734375)]","[(0, 3925.288330078125), (1, 3254.743408203125)]"
460,"[(0, 1288.204345703125), (1, 1717.267578125)]","[(0, 487.98876953125), (1, 441.7192077636719)]","[(0, 2145.85986328125), (1, 1805.1883544921875)]","[(0, 3185.402099609375), (1, 3165.696044921875)]","[(0, 6779.71630859375), (1, 4272.81982421875)]","[(0, 3908.974853515625), (1, 3875.0908203125)]","[(0, 3174.926513671875), (1, 3518.7470703125)]","[(0, 2425.685791015625), (1, 1723.2613525390625)]","[(0, 987.1629028320312), (1, 1039.6258544921875)]","[(0, 1742.7342529296875), (1, 1374.441162109375)]","[(0, 3054.91650390625), (1, 2595.543701171875)]"
461,"[(0, 1272.83154296875), (1, 1599.251708984375)]","[(0, 1388.9903564453125), (1, 1353.9681396484375)]","[(0, 4382.63525390625), (1, 4080.517822265625)]","[(0, 2962.528076171875), (1, 2953.202392578125)]","[(0, 6095.42578125), (1, 3807.935791015625)]","[(0, 3456.94970703125), (1, 3256.72119140625)]","[(0, 3196.7685546875), (1, 3624.524658203125)]","[(0, 1611.125732421875), (1, 1562.10546875)]","[(0, 3016.594482421875), (1, 3067.633544921875)]","[(0, 2272.119384765625), (1, 2059.4921875)]","[(0, 1505.0491943359375), (1, 1366.859619140625)]"
462,"[(0, 1777.3243408203125), (1, 2335.71630859375)]","[(0, 1944.2486572265625), (1, 2028.091552734375)]","[(0, 5573.74267578125), (1, 4753.9267578125)]","[(0, 1928.5582275390625), (1, 1911.04150390625)]","[(0, 2844.106689453125), (1, 2466.34716796875)]","[(0, 8880.455078125), (1, 9217.7939453125)]","[(0, 3422.1533203125), (1, 3380.201171875)]","[(0, 803.6234130859375), (1, 820.79296875)]","[(0, 2148.08447265625), (1, 2118.423095703125)]","[(0, 2290.654296875), (1, 1270.0032958984375)]","[(0, 3547.169921875), (1, 3004.246337890625)]"
463,"[(0, 1778.271240234375), (1, 2304.473876953125)]","[(0, 1666.191650390625), (1, 1637.39794921875)]","[(0, 3616.197021484375), (1, 3282.163818359375)]","[(0, 3470.330810546875), (1, 3352.02880859375)]","[(0, 3060.1650390625), (1, 2636.51318359375)]","[(0, 4236.783203125), (1, 4438.87890625)]","[(0, 3540.65380859375), (1, 3694.116455078125)]","[(0, 1441.83251953125), (1, 1278.9227294921875)]","[(0, 1385.0604248046875), (1, 1097.7130126953125)]","[(0, 1698.168212890625), (1, 1469.3570556640625)]","[(0, 1198.669921875), (1, 1181.9931640625)]"
464,"[(0, 1660.2332763671875), (1, 1954.4052734375)]","[(0, 1871.2880859375), (1, 1796.5797119140625)]","[(0, 3879.409423828125), (1, 3580.33056640625)]","[(0, 1656.66357421875), (1, 1715.07763671875)]","[(0, 3606.36083984375), (1, 2158.39208984375)]","[(0, 3433.660888671875), (1, 3288.991455078125)]","[(0, 2353.329833984375), (1, 2064.81591796875)]","[(0, 1987.8359375), (1, 1876.20751953125)]","[(0, 1207.2921142578125), (1, 1915.327392578125)]","[(0, 1881.5535888671875), (1, 1858.0877685546875)]","[(0, 1807.7777099609375), (1, 1669.7667236328125)]"
465,"[(0, 1499.8077392578125), (1, 1869.558837890625)]","[(0, 979.7146606445312), (1, 1359.8359375)]","[(0, 5295.25244140625), (1, 5736.42041015625)]","[(0, 1927.8106689453125), (1, 2063.331787109375)]","[(0, 3539.36767578125), (1, 3033.456298828125)]","[(0, 3816.9345703125), (1, 3670.92724609375)]","[(0, 2259.618896484375), (1, 2404.453857421875)]","[(0, 1429.59814453125), (1, 1353.677734375)]","[(0, 2250.059326171875), (1, 2163.715576171875)]","[(0, 1763.0164794921875), (1, 1792.48095703125)]","[(0, 1205.9163818359375), (1, 1109.9351806640625)]"
466,"[(0, 1672.9522705078125), (1, 2183.303466796875)]","[(0, 1315.281005859375), (1, 2040.9671630859375)]","[(0, 2484.762939453125), (1, 2378.063232421875)]","[(0, 4738.80419921875), (1, 4605.2392578125)]","[(0, 6182.17529296875), (1, 3730.10498046875)]","[(0, 4684.18505859375), (1, 4794.974609375)]","[(0, 2808.399658203125), (1, 2981.660400390625)]","[(0, 1465.4420166015625), (1, 1250.281494140625)]","[(0, 825.57470703125), (1, 921.9551391601562)]","[(0, 2526.16455078125), (1, 2115.74267578125)]","[(0, 2775.73486328125), (1, 2357.224609375)]"
467,"[(0, 1445.6444091796875), (1, 1867.6494140625)]","[(0, 1082.39697265625), (1, 1505.3038330078125)]","[(0, 1984.3934326171875), (1, 1656.304931640625)]","[(0, 3381.619873046875), (1, 3209.7548828125)]","[(0, 3912.861328125), (1, 2361.760986328125)]","[(0, 3169.786376953125), (1, 3219.777099609375)]","[(0, 2137.583740234375), (1, 2270.033935546875)]","[(0, 893.6906127929688), (1, 997.5440673828125)]","[(0, 2067.38330078125), (1, 2695.4453125)]","[(0, 2468.82275390625), (1, 2142.63623046875)]","[(0, 2723.118408203125), (1, 2206.126708984375)]"
468,"[(0, 2105.7998046875), (1, 2755.845947265625)]","[(0, 1284.4591064453125), (1, 1509.83349609375)]","[(0, 2187.21630859375), (1, 2303.086181640625)]","[(0, 6252.29296875), (1, 5942.4599609375)]","[(0, 3249.244873046875), (1, 1973.787353515625)]","[(0, 4509.29296875), (1, 4251.3623046875)]","[(0, 3108.821044921875), (1, 2934.404052734375)]","[(0, 1043.8028564453125), (1, 1211.6138916015625)]","[(0, 2167.04736328125), (1, 1810.2568359375)]","[(0, 1048.8599853515625), (1, 855.7247924804688)]","[(0, 1767.7928466796875), (1, 1534.8095703125)]"
469,"[(0, 849.9368286132812), (1, 1038.4090576171875)]","[(0, 564.9049682617188), (1, 492.4457092285156)]","[(0, 1808.86767578125), (1, 1665.1654052734375)]","[(0, 3814.536376953125), (1, 3681.820556640625)]","[(0, 4661.82666015625), (1, 2847.378173828125)]","[(0, 3741.3525390625), (1, 3546.642578125)]","[(0, 3476.767333984375), (1, 3670.265625)]","[(0, 1234.193603515625), (1, 1706.9547119140625)]","[(0, 840.3933715820312), (1, 772.6981811523438)]","[(0, 3780.226806640625), (1, 3485.186279296875)]","[(0, 3329.694580078125), (1, 2925.159912109375)]"
470,"[(0, 2122.943115234375), (1, 2864.135986328125)]","[(0, 864.0779418945312), (1, 1163.15380859375)]","[(0, 3763.7587890625), (1, 3473.69189453125)]","[(0, 2048.19140625), (1, 2021.303466796875)]","[(0, 2388.209716796875), (1, 1602.4364013671875)]","[(0, 3148.639404296875), (1, 3377.70361328125)]","[(0, 2902.45556640625), (1, 3720.945556640625)]","[(0, 1371.7265625), (1, 1375.229736328125)]","[(0, 1205.6622314453125), (1, 933.6123046875)]","[(0, 2478.295166015625), (1, 2256.406005859375)]","[(0, 3015.512939453125), (1, 2496.357421875)]"
471,"[(0, 1804.3148193359375), (1, 2240.233642578125)]","[(0, 1126.175537109375), (1, 1599.6544189453125)]","[(0, 2259.617919921875), (1, 1906.6015625)]","[(0, 4294.0859375), (1, 4676.4453125)]","[(0, 1690.2237548828125), (1, 1446.4339599609375)]","[(0, 3454.01025390625), (1, 3624.49365234375)]","[(0, 4649.34130859375), (1, 5867.64111328125)]","[(0, 2005.93701171875), (1, 2500.898193359375)]","[(0, 2748.065673828125), (1, 3093.168212890625)]","[(0, 1065.9503173828125), (1, 1096.0810546875)]","[(0, 3863.93896484375), (1, 3377.9453125)]"
472,"[(0, 1611.976318359375), (1, 2098.302001953125)]","[(0, 976.401611328125), (1, 1306.3179931640625)]","[(0, 2537.123291015625), (1, 2426.304443359375)]","[(0, 2507.239501953125), (1, 2497.965087890625)]","[(0, 3069.58837890625), (1, 2901.0537109375)]","[(0, 5659.2119140625), (1, 5342.67529296875)]","[(0, 4073.798828125), (1, 3801.582275390625)]","[(0, 1066.728271484375), (1, 884.9115600585938)]","[(0, 1807.6259765625), (1, 2126.736572265625)]","[(0, 2353.831298828125), (1, 2300.756103515625)]","[(0, 2981.705810546875), (1, 2315.03564453125)]"
473,"[(0, 1442.6151123046875), (1, 1777.8575439453125)]","[(0, 1043.6307373046875), (1, 1292.1890869140625)]","[(0, 2199.455810546875), (1, 1653.1488037109375)]","[(0, 2360.00390625), (1, 2438.313232421875)]","[(0, 4628.5751953125), (1, 2830.594970703125)]","[(0, 5381.33935546875), (1, 4690.5908203125)]","[(0, 4523.24755859375), (1, 4769.689453125)]","[(0, 1410.2335205078125), (1, 1159.8831787109375)]","[(0, 930.7901611328125), (1, 1084.0421142578125)]","[(0, 1491.1373291015625), (1, 1498.3594970703125)]","[(0, 1908.2969970703125), (1, 1805.64892578125)]"
474,"[(0, 1794.7490234375), (1, 2165.38330078125)]","[(0, 1087.35693359375), (1, 1314.20458984375)]","[(0, 1965.751953125), (1, 1754.6356201171875)]","[(0, 3626.785888671875), (1, 3805.278564453125)]","[(0, 3830.437744140625), (1, 2302.317626953125)]","[(0, 3728.66845703125), (1, 4490.9501953125)]","[(0, 2223.461669921875), (1, 2833.093017578125)]","[(0, 2437.307861328125), (1, 2386.518310546875)]","[(0, 1055.779052734375), (1, 1191.689208984375)]","[(0, 1580.790283203125), (1, 1827.5799560546875)]","[(0, 1415.6815185546875), (1, 1270.158935546875)]"
475,"[(0, 1728.099853515625), (1, 2252.771240234375)]","[(0, 1639.2509765625), (1, 2140.428466796875)]","[(0, 3343.383056640625), (1, 3402.114990234375)]","[(0, 3289.40869140625), (1, 3649.052734375)]","[(0, 5372.06298828125), (1, 3082.10791015625)]","[(0, 4688.68115234375), (1, 5122.4375)]","[(0, 1980.231689453125), (1, 2524.549560546875)]","[(0, 2047.7216796875), (1, 2095.553466796875)]","[(0, 1317.932861328125), (1, 1587.7955322265625)]","[(0, 2173.1455078125), (1, 1897.3057861328125)]","[(0, 2939.9599609375), (1, 2467.83984375)]"
476,"[(0, 1234.78173828125), (1, 1553.6058349609375)]","[(0, 1211.668212890625), (1, 1501.5279541015625)]","[(0, 4067.816162109375), (1, 3993.126708984375)]","[(0, 1415.1395263671875), (1, 1666.767822265625)]","[(0, 2386.59912109375), (1, 2162.967529296875)]","[(0, 5884.77783203125), (1, 5614.68408203125)]","[(0, 1505.4222412109375), (1, 1385.709716796875)]","[(0, 1050.093505859375), (1, 1120.919921875)]","[(0, 1000.3253173828125), (1, 1521.5467529296875)]","[(0, 1962.51220703125), (1, 1639.525390625)]","[(0, 1703.9239501953125), (1, 1628.6221923828125)]"
477,"[(0, 2270.642333984375), (1, 2921.570556640625)]","[(0, 1187.153564453125), (1, 1238.8941650390625)]","[(0, 1957.7296142578125), (1, 2005.5477294921875)]","[(0, 2969.1650390625), (1, 3018.105224609375)]","[(0, 2965.794677734375), (1, 2668.364990234375)]","[(0, 5522.24658203125), (1, 5318.44189453125)]","[(0, 1249.7200927734375), (1, 1362.615966796875)]","[(0, 1052.3135986328125), (1, 820.9052734375)]","[(0, 1728.8729248046875), (1, 1681.4439697265625)]","[(0, 1371.5289306640625), (1, 1420.51708984375)]","[(0, 1926.563720703125), (1, 1861.18701171875)]"
478,"[(0, 1371.2733154296875), (1, 1689.51708984375)]","[(0, 930.8606567382812), (1, 1256.9862060546875)]","[(0, 2924.713623046875), (1, 2950.33251953125)]","[(0, 2397.9501953125), (1, 2375.305908203125)]","[(0, 2387.158935546875), (1, 1391.5950927734375)]","[(0, 4657.98681640625), (1, 5003.92919921875)]","[(0, 3970.104248046875), (1, 4614.708984375)]","[(0, 622.842529296875), (1, 675.7962036132812)]","[(0, 2357.360595703125), (1, 2199.604736328125)]","[(0, 1812.145751953125), (1, 1844.7950439453125)]","[(0, 1364.826904296875), (1, 1268.4359130859375)]"
479,"[(0, 1687.0367431640625), (1, 2096.763916015625)]","[(0, 1166.833984375), (1, 1729.1243896484375)]","[(0, 6347.51318359375), (1, 5565.8017578125)]","[(0, 1795.450927734375), (1, 1918.064697265625)]","[(0, 908.9617309570312), (1, 845.1759643554688)]","[(0, 1778.5010986328125), (1, 2027.1131591796875)]","[(0, 3107.8369140625), (1, 3645.615966796875)]","[(0, 1162.0023193359375), (1, 1128.8406982421875)]","[(0, 1459.0816650390625), (1, 1026.80810546875)]","[(0, 2621.955078125), (1, 2642.024169921875)]","[(0, 1925.241455078125), (1, 1713.9395751953125)]"
480,"[(0, 1370.396728515625), (1, 1726.9605712890625)]","[(0, 1036.5093994140625), (1, 1425.1148681640625)]","[(0, 3682.40673828125), (1, 3351.251953125)]","[(0, 3764.218017578125), (1, 4132.67529296875)]","[(0, 1269.58251953125), (1, 1167.675048828125)]","[(0, 2155.762939453125), (1, 1865.172607421875)]","[(0, 6645.966796875), (1, 7268.4912109375)]","[(0, 1454.696044921875), (1, 1385.6087646484375)]","[(0, 1732.7791748046875), (1, 1751.518310546875)]","[(0, 1869.3616943359375), (1, 1749.654296875)]","[(0, 2093.114013671875), (1, 1954.6514892578125)]"
481,"[(0, 1950.344482421875), (1, 2676.313720703125)]","[(0, 832.0545043945312), (1, 935.8975219726562)]","[(0, 7264.55517578125), (1, 7093.8427734375)]","[(0, 2219.443603515625), (1, 2319.614990234375)]","[(0, 1180.354736328125), (1, 995.0930786132812)]","[(0, 2732.93994140625), (1, 2521.246337890625)]","[(0, 4700.96240234375), (1, 4747.75146484375)]","[(0, 2933.761962890625), (1, 3709.112060546875)]","[(0, 888.3965454101562), (1, 1231.8436279296875)]","[(0, 854.803955078125), (1, 1171.375732421875)]","[(0, 3499.934814453125), (1, 2857.466552734375)]"
482,"[(0, 2004.6480712890625), (1, 2594.81982421875)]","[(0, 2361.972900390625), (1, 2379.83837890625)]","[(0, 3487.972412109375), (1, 3932.5576171875)]","[(0, 3571.92041015625), (1, 3535.130859375)]","[(0, 1265.17578125), (1, 1127.11572265625)]","[(0, 3255.28955078125), (1, 3438.421875)]","[(0, 3733.674560546875), (1, 3566.120361328125)]","[(0, 1329.749267578125), (1, 1276.8057861328125)]","[(0, 2487.56201171875), (1, 2514.749267578125)]","[(0, 3217.042236328125), (1, 3375.70068359375)]","[(0, 1686.2493896484375), (1, 1563.2701416015625)]"
483,"[(0, 2272.05029296875), (1, 2920.3515625)]","[(0, 2921.957763671875), (1, 3064.084228515625)]","[(0, 1498.8818359375), (1, 1508.5035400390625)]","[(0, 2929.920166015625), (1, 2790.91552734375)]","[(0, 1853.302490234375), (1, 1755.6357421875)]","[(0, 3362.8896484375), (1, 3652.973388671875)]","[(0, 2039.18505859375), (1, 2258.919677734375)]","[(0, 1591.9075927734375), (1, 1419.309814453125)]","[(0, 2653.558837890625), (1, 2913.181884765625)]","[(0, 1570.985595703125), (1, 1261.771728515625)]","[(0, 2070.67041015625), (1, 1995.049072265625)]"
484,"[(0, 1918.48828125), (1, 2420.689453125)]","[(0, 2703.047119140625), (1, 2699.619140625)]","[(0, 4128.97998046875), (1, 3896.855712890625)]","[(0, 3886.4638671875), (1, 3824.608154296875)]","[(0, 1364.9864501953125), (1, 1265.02001953125)]","[(0, 3876.09228515625), (1, 3586.37255859375)]","[(0, 6168.388671875), (1, 7085.24267578125)]","[(0, 1374.4986572265625), (1, 1523.347900390625)]","[(0, 1662.5941162109375), (1, 2177.47412109375)]","[(0, 1915.7996826171875), (1, 1959.419921875)]","[(0, 2698.032470703125), (1, 2353.95166015625)]"
485,"[(0, 1240.3831787109375), (1, 1476.7525634765625)]","[(0, 1710.1517333984375), (1, 1704.598388671875)]","[(0, 7518.45263671875), (1, 7291.1240234375)]","[(0, 4290.91796875), (1, 4270.126953125)]","[(0, 1420.6680908203125), (1, 984.041259765625)]","[(0, 3802.8515625), (1, 3620.3828125)]","[(0, 5320.46044921875), (1, 6525.0341796875)]","[(0, 955.2683715820312), (1, 1013.9989013671875)]","[(0, 1402.576416015625), (1, 1621.560546875)]","[(0, 1144.01123046875), (1, 1482.986328125)]","[(0, 3081.8876953125), (1, 2720.208740234375)]"
486,"[(0, 1379.6864013671875), (1, 1767.7337646484375)]","[(0, 997.3713989257812), (1, 1286.494140625)]","[(0, 3422.182861328125), (1, 3511.264892578125)]","[(0, 6444.0791015625), (1, 6268.162109375)]","[(0, 1784.834716796875), (1, 1583.45263671875)]","[(0, 3330.361083984375), (1, 3588.544921875)]","[(0, 1949.6806640625), (1, 2257.781494140625)]","[(0, 1527.06494140625), (1, 1363.189208984375)]","[(0, 2104.172607421875), (1, 1874.6015625)]","[(0, 912.7691650390625), (1, 1023.5537719726562)]","[(0, 1846.7603759765625), (1, 1721.133544921875)]"
487,"[(0, 2153.37939453125), (1, 2893.543701171875)]","[(0, 1365.3333740234375), (1, 1902.170166015625)]","[(0, 5361.74462890625), (1, 5082.0751953125)]","[(0, 2566.382568359375), (1, 2839.598388671875)]","[(0, 1639.1705322265625), (1, 1463.0478515625)]","[(0, 5398.96044921875), (1, 5937.3505859375)]","[(0, 1609.1063232421875), (1, 1901.5780029296875)]","[(0, 2581.5341796875), (1, 2350.829833984375)]","[(0, 1163.6280517578125), (1, 1303.0040283203125)]","[(0, 1214.260009765625), (1, 1249.0408935546875)]","[(0, 2028.839111328125), (1, 1883.190673828125)]"
488,"[(0, 1383.0687255859375), (1, 1771.58935546875)]","[(0, 1154.6348876953125), (1, 1517.322021484375)]","[(0, 1138.0067138671875), (1, 942.9176635742188)]","[(0, 2953.23486328125), (1, 3278.7255859375)]","[(0, 1598.0283203125), (1, 1429.2354736328125)]","[(0, 4212.54541015625), (1, 3830.664306640625)]","[(0, 1738.8345947265625), (1, 1607.0177001953125)]","[(0, 1688.511962890625), (1, 1413.5399169921875)]","[(0, 2289.537109375), (1, 2704.909912109375)]","[(0, 2308.0126953125), (1, 2197.586669921875)]","[(0, 3392.08154296875), (1, 2743.187255859375)]"
489,"[(0, 1164.4073486328125), (1, 1415.514892578125)]","[(0, 954.4647827148438), (1, 1036.1446533203125)]","[(0, 2493.805419921875), (1, 2043.3597412109375)]","[(0, 6160.810546875), (1, 5885.7490234375)]","[(0, 1661.6058349609375), (1, 1505.7015380859375)]","[(0, 5579.80078125), (1, 5166.31201171875)]","[(0, 2327.007568359375), (1, 2598.89990234375)]","[(0, 1559.3792724609375), (1, 1624.6834716796875)]","[(0, 2552.57568359375), (1, 1361.6806640625)]","[(0, 677.8310546875), (1, 688.4478759765625)]","[(0, 2788.23779296875), (1, 2294.9443359375)]"
490,"[(0, 1874.404052734375), (1, 2473.787353515625)]","[(0, 736.861083984375), (1, 860.6053466796875)]","[(0, 5020.29541015625), (1, 4899.0361328125)]","[(0, 2380.657958984375), (1, 2469.453857421875)]","[(0, 5161.75634765625), (1, 3305.7080078125)]","[(0, 7318.41845703125), (1, 7764.359375)]","[(0, 6515.35302734375), (1, 7667.66162109375)]","[(0, 1509.7880859375), (1, 1282.6444091796875)]","[(0, 1507.61328125), (1, 1431.0733642578125)]","[(0, 1216.094482421875), (1, 1490.375244140625)]","[(0, 2842.178955078125), (1, 2404.981201171875)]"
491,"[(0, 1735.2059326171875), (1, 2309.427001953125)]","[(0, 866.7052612304688), (1, 1060.56494140625)]","[(0, 1939.4927978515625), (1, 1796.5213623046875)]","[(0, 4501.8076171875), (1, 4723.04443359375)]","[(0, 3038.8681640625), (1, 2079.031494140625)]","[(0, 2417.754638671875), (1, 2557.5341796875)]","[(0, 5271.5), (1, 4922.2265625)]","[(0, 926.9963989257812), (1, 1152.0972900390625)]","[(0, 1276.17578125), (1, 1138.0333251953125)]","[(0, 5935.26123046875), (1, 4530.08544921875)]","[(0, 2178.16259765625), (1, 1709.2711181640625)]"
492,"[(0, 1803.76611328125), (1, 2516.08544921875)]","[(0, 824.7518920898438), (1, 992.6405639648438)]","[(0, 2994.829345703125), (1, 2663.779296875)]","[(0, 1423.2730712890625), (1, 1608.8133544921875)]","[(0, 1921.700927734375), (1, 1361.630615234375)]","[(0, 2350.869140625), (1, 2358.1240234375)]","[(0, 3999.418701171875), (1, 4225.08642578125)]","[(0, 1484.155029296875), (1, 1287.3544921875)]","[(0, 1077.8070068359375), (1, 829.7893676757812)]","[(0, 1819.0733642578125), (1, 1577.2816162109375)]","[(0, 2363.232177734375), (1, 2013.8341064453125)]"
493,"[(0, 1650.2080078125), (1, 2147.77001953125)]","[(0, 1058.0384521484375), (1, 1209.2025146484375)]","[(0, 8499.6162109375), (1, 9252.8291015625)]","[(0, 2679.53173828125), (1, 2630.4365234375)]","[(0, 1365.299560546875), (1, 1308.858154296875)]","[(0, 3157.63330078125), (1, 3004.827880859375)]","[(0, 5369.8916015625), (1, 5264.4267578125)]","[(0, 2975.203857421875), (1, 2322.64306640625)]","[(0, 1634.0152587890625), (1, 1473.0244140625)]","[(0, 2720.173828125), (1, 2999.71435546875)]","[(0, 1947.5267333984375), (1, 1824.207763671875)]"
494,"[(0, 1532.6068115234375), (1, 2062.136474609375)]","[(0, 1076.09375), (1, 1373.7039794921875)]","[(0, 4346.2744140625), (1, 4047.122314453125)]","[(0, 2821.252685546875), (1, 2945.94384765625)]","[(0, 2306.3369140625), (1, 1980.1031494140625)]","[(0, 3970.89208984375), (1, 4177.017578125)]","[(0, 3863.478271484375), (1, 3645.612548828125)]","[(0, 1470.1826171875), (1, 1275.397705078125)]","[(0, 1594.6357421875), (1, 1417.3424072265625)]","[(0, 1807.1572265625), (1, 1626.9503173828125)]","[(0, 2504.6513671875), (1, 2394.4150390625)]"
495,"[(0, 1451.2449951171875), (1, 1920.4468994140625)]","[(0, 1422.825927734375), (1, 1926.61328125)]","[(0, 1882.6627197265625), (1, 1762.3414306640625)]","[(0, 4057.59912109375), (1, 4232.37353515625)]","[(0, 1029.4705810546875), (1, 939.8450927734375)]","[(0, 6137.47607421875), (1, 6620.8583984375)]","[(0, 7926.10986328125), (1, 7904.890625)]","[(0, 1598.5167236328125), (1, 1339.0447998046875)]","[(0, 2388.580078125), (1, 2095.92529296875)]","[(0, 2683.152587890625), (1, 2235.03759765625)]","[(0, 3248.38037109375), (1, 2663.418701171875)]"
496,"[(0, 2411.984619140625), (1, 3054.700927734375)]","[(0, 1218.1240234375), (1, 1577.3756103515625)]","[(0, 3520.881591796875), (1, 3602.81005859375)]","[(0, 3137.084716796875), (1, 3189.539306640625)]","[(0, 1622.8516845703125), (1, 1378.2252197265625)]","[(0, 5285.7314453125), (1, 5123.68310546875)]","[(0, 11093.8271484375), (1, 10544.36328125)]","[(0, 2290.78759765625), (1, 2093.949462890625)]","[(0, 1055.5289306640625), (1, 767.8792114257812)]","[(0, 2370.572998046875), (1, 2195.93359375)]","[(0, 1050.6881103515625), (1, 976.61572265625)]"
497,"[(0, 1742.009765625), (1, 2185.887939453125)]","[(0, 1000.8372802734375), (1, 1068.9937744140625)]","[(0, 2954.71240234375), (1, 2745.693359375)]","[(0, 3467.79345703125), (1, 3431.519775390625)]","[(0, 736.890625), (1, 704.21630859375)]","[(0, 5726.73388671875), (1, 5368.87255859375)]","[(0, 2673.092041015625), (1, 2451.158447265625)]","[(0, 1688.2640380859375), (1, 1804.8544921875)]","[(0, 1979.6556396484375), (1, 1958.2076416015625)]","[(0, 1454.0419921875), (1, 1366.649658203125)]","[(0, 3171.449462890625), (1, 2419.510009765625)]"
498,"[(0, 2065.093505859375), (1, 2709.49658203125)]","[(0, 789.21826171875), (1, 850.814697265625)]","[(0, 1961.86572265625), (1, 1812.8931884765625)]","[(0, 2689.036865234375), (1, 2896.564208984375)]","[(0, 870.3680419921875), (1, 824.4302978515625)]","[(0, 5651.64990234375), (1, 5927.2744140625)]","[(0, 3764.221923828125), (1, 4149.3046875)]","[(0, 1734.0992431640625), (1, 1401.526123046875)]","[(0, 712.0191040039062), (1, 1120.0623779296875)]","[(0, 1520.8896484375), (1, 2280.898193359375)]","[(0, 3566.783935546875), (1, 2996.54052734375)]"
499,"[(0, 2340.83203125), (1, 2665.48583984375)]","[(0, 891.1934204101562), (1, 1013.9432373046875)]","[(0, 8585.4091796875), (1, 8532.6220703125)]","[(0, 2584.28076171875), (1, 2537.75)]","[(0, 3040.903076171875), (1, 1886.9390869140625)]","[(0, 2011.2803955078125), (1, 2315.501708984375)]","[(0, 3539.3408203125), (1, 4549.3818359375)]","[(0, 1990.2032470703125), (1, 2195.3359375)]","[(0, 876.4389038085938), (1, 835.7489013671875)]","[(0, 1091.1864013671875), (1, 1389.2957763671875)]","[(0, 2023.132568359375), (1, 1977.835693359375)]"
