,anaphoric-one-semantics,anaphoric-one-syntax,island-adjunct,island-complex-np,island-wh,principle_a_command,principle_a_locality,question-formation_or,question-formation_or_strict,question-formation_rr,question-formation_rr_strict,question-formation_sr,question-formation_sr_strict,wanna
0,"[(0, 910.1610717773438), (1, 906.646728515625)]","[(0, 626.7070922851562), (1, 664.265869140625)]","[(0, 5478.78564453125), (1, 5633.6875)]","[(0, 3747.2265625), (1, 3385.37890625)]","[(0, 11326.5703125), (1, 7283.53466796875)]","[(0, 17157.2890625), (1, 15891.3095703125)]","[(0, 38705.49609375), (1, 57623.359375)]","[(0, 730.3796997070312), (1, 829.2648315429688)]","[(4, 42.08587646484375), (3, 46.53213882446289), (5, 73.119580078125), (1, 86.81368001302083), (0, 110.97591727120536), (2, 180.44510591947116)]","[(0, 11023.2314453125), (1, 10105.1591796875)]","[(4, 43.937841796875), (3, 48.11161150251116), (5, 77.73743614783653), (0, 78.23199971516927), (2, 133.03981711647728), (1, 136.49781212439905)]","[(0, 5959.96337890625), (1, 3393.168701171875)]","[(4, 755.5613458806819), (1, 915.5494495738636), (5, 1006.14248046875), (3, 1069.321484375), (2, 1222.65439453125), (0, 1292.152734375)]","[(0, 14661.333984375), (1, 10344.7861328125)]"
1,"[(0, 1094.114501953125), (1, 1106.0518798828125)]","[(0, 1035.8897705078125), (1, 1238.21728515625)]","[(0, 1375.715087890625), (1, 945.0237426757812)]","[(0, 7019.0849609375), (1, 7445.77099609375)]","[(0, 10961.349609375), (1, 6621.306640625)]","[(0, 12442.140625), (1, 11739.6083984375)]","[(0, 32340.732421875), (1, 48355.02734375)]","[(0, 1458.987060546875), (1, 866.4234619140625)]","[(4, 139.7092950994318), (5, 157.26951904296874), (3, 213.2657958984375), (1, 261.47685102982956), (2, 301.65166015625), (0, 411.937939453125)]","[(0, 3663.170654296875), (1, 3248.851318359375)]","[(4, 730.7469075520834), (1, 1017.0127766927084), (5, 1047.644442471591), (3, 1122.7328657670455), (2, 1353.16015625), (0, 1419.5325816761363)]","[(0, 2567.070556640625), (1, 2194.05908203125)]","[(4, 108.49542236328125), (5, 130.5002179827009), (3, 164.10506184895834), (1, 173.61326381138392), (2, 250.70294189453125), (0, 270.86055814302887)]","[(0, 3040.129150390625), (1, 2705.02734375)]"
2,"[(0, 1107.0533447265625), (1, 1046.462646484375)]","[(0, 534.1325073242188), (1, 587.6012573242188)]","[(0, 2110.83740234375), (1, 2717.3994140625)]","[(0, 4038.98291015625), (1, 3908.557373046875)]","[(0, 4054.941650390625), (1, 3653.73291015625)]","[(0, 12832.138671875), (1, 13683.052734375)]","[(0, 4854.13427734375), (1, 4278.3408203125)]","[(0, 779.3302001953125), (1, 574.4262084960938)]","[(1, 97.44280598958333), (2, 119.20111083984375), (0, 212.91214693509616), (4, 275.61709359975964), (5, 387.4706217447917), (3, 748.6534090909091)]","[(0, 3753.388916015625), (1, 2816.780517578125)]","[(4, 237.84575544084822), (3, 327.3464543269231), (5, 400.6908772786458), (1, 460.771728515625), (0, 757.3194247159091), (2, 1011.9654296875)]","[(0, 12373.544921875), (1, 10559.80078125)]","[(1, 221.8824795809659), (2, 291.7014404296875), (4, 291.77836470170456), (0, 393.3326416015625), (5, 395.1542724609375), (3, 503.434326171875)]","[(0, 3136.4775390625), (1, 2595.40380859375)]"
3,"[(0, 1312.369140625), (1, 1384.03857421875)]","[(0, 440.6482238769531), (1, 465.36444091796875)]","[(0, 20813.86328125), (1, 22051.162109375)]","[(0, 9229.1591796875), (1, 10167.490234375)]","[(0, 4285.17626953125), (1, 3711.6494140625)]","[(0, 5692.82080078125), (1, 5727.482421875)]","[(0, 14243.94140625), (1, 15590.88671875)]","[(0, 9075.646484375), (1, 2711.54638671875)]","[(4, 354.21533203125), (1, 370.68916459517044), (3, 479.46357421875), (0, 512.363916015625), (5, 518.377294921875), (2, 553.77568359375)]","[(0, 2994.780517578125), (1, 1825.466064453125)]","[(0, 311.48097737630206), (1, 384.33364633413464), (4, 413.95984825721155), (2, 418.4070231119792), (3, 446.3435872395833), (5, 653.8663736979166)]","[(0, 3003.615966796875), (1, 1520.1478271484375)]","[(4, 469.83811257102275), (1, 472.97607421875), (2, 580.880126953125), (5, 597.265185546875), (0, 662.881298828125), (3, 667.954833984375)]","[(0, 8234.35546875), (1, 5882.2138671875)]"
4,"[(0, 1399.4031982421875), (1, 1718.310302734375)]","[(0, 487.9778137207031), (1, 339.8277282714844)]","[(0, 30834.73828125), (1, 22607.720703125)]","[(0, 14132.1640625), (1, 14975.017578125)]","[(0, 10587.37890625), (1, 7566.44384765625)]","[(0, 15299.6884765625), (1, 14960.615234375)]","[(0, 25157.052734375), (1, 23265.25)]","[(0, 2375.4169921875), (1, 4763.29833984375)]","[(4, 87.11451067243304), (1, 88.4744873046875), (3, 134.6920166015625), (0, 138.3270545372596), (2, 198.47675030048077), (5, 205.2698771158854)]","[(0, 11288.53515625), (1, 6996.2822265625)]","[(2, 129.85637019230768), (1, 172.03996930803572), (4, 229.49261944110577), (5, 239.79034423828125), (0, 330.1051839192708), (3, 718.7573686079545)]","[(0, 731.4542236328125), (1, 522.4779052734375)]","[(4, 61.52557373046875), (1, 71.83584594726562), (5, 119.96412004743304), (3, 122.17455182756696), (2, 142.27774483816964), (0, 146.17645263671875)]","[(0, 10635.0322265625), (1, 7325.32421875)]"
5,"[(0, 1146.2745361328125), (1, 1248.2384033203125)]","[(0, 283.1646423339844), (1, 212.03785705566406)]","[(0, 7844.16015625), (1, 6269.16015625)]","[(0, 4888.70751953125), (1, 6594.80126953125)]","[(0, 10960.5556640625), (1, 8480.3369140625)]","[(0, 23747.11328125), (1, 23960.083984375)]","[(0, 7403.880859375), (1, 7655.919921875)]","[(0, 2866.865966796875), (1, 1656.7054443359375)]","[(4, 173.5895330255682), (3, 176.97183837890626), (5, 191.76595458984374), (1, 219.81789328835228), (2, 237.0560546875), (0, 245.247119140625)]","[(0, 2709.41259765625), (1, 2378.80615234375)]","[(2, 77.53652719350961), (1, 94.02891322544643), (4, 96.69779146634616), (5, 114.71204630533855), (0, 157.43675740559897), (3, 227.88643022017047)]","[(0, 897.6099243164062), (1, 1361.9918212890625)]","[(4, 579.4067789713541), (1, 603.247802734375), (5, 753.4307528409091), (3, 754.8389559659091), (2, 776.6647727272727), (0, 795.0199751420455)]","[(0, 4041.568115234375), (1, 3462.28125)]"
6,"[(0, 852.1517333984375), (1, 840.8134155273438)]","[(0, 1894.8040771484375), (1, 2012.2886962890625)]","[(0, 3942.865966796875), (1, 3245.90283203125)]","[(0, 2916.790283203125), (1, 3285.446044921875)]","[(0, 5998.44775390625), (1, 4124.1943359375)]","[(0, 18814.5234375), (1, 19430.947265625)]","[(0, 43508.8359375), (1, 49582.37890625)]","[(0, 2080.966552734375), (1, 1411.8126220703125)]","[(4, 279.4505615234375), (1, 306.33742268880206), (5, 354.10862038352275), (2, 382.15602805397725), (3, 390.83225319602275), (0, 446.43172940340907)]","[(0, 2416.741455078125), (1, 1416.1163330078125)]","[(4, 117.53009033203125), (3, 161.75604717548077), (1, 228.5467529296875), (5, 265.6193440755208), (0, 331.90578391335225), (2, 629.44052734375)]","[(0, 2633.162353515625), (1, 3028.5078125)]","[(3, 111.53567708333334), (1, 125.3070068359375), (0, 146.23717389787947), (4, 150.72238159179688), (5, 165.53349958147322), (2, 227.55449969951923)]","[(0, 18254.365234375), (1, 12239.0029296875)]"
7,"[(0, 997.6329956054688), (1, 1024.8074951171875)]","[(0, 2521.948486328125), (1, 3205.72265625)]","[(0, 5400.1396484375), (1, 4848.78076171875)]","[(0, 26305.873046875), (1, 19932.529296875)]","[(0, 13372.7412109375), (1, 7255.0146484375)]","[(0, 6582.73046875), (1, 6592.3046875)]","[(0, 14241.6728515625), (1, 17908.55078125)]","[(0, 3081.364501953125), (1, 2178.149169921875)]","[(2, 141.979052734375), (1, 145.63790893554688), (4, 160.82261439732142), (5, 163.2295860877404), (0, 224.74951171875), (3, 306.5410970052083)]","[(0, 1499.0477294921875), (1, 1595.5963134765625)]","[(1, 510.5402166193182), (0, 775.054736328125), (2, 852.45458984375), (4, 1057.5542436079545), (3, 1582.227734375), (5, 1839.323828125)]","[(0, 2344.263427734375), (1, 2487.06396484375)]","[(4, 133.1980242047991), (1, 136.71565464564733), (5, 158.99998121995193), (3, 160.7840294471154), (2, 168.11067082331732), (0, 170.45002629206732)]","[(0, 14467.8232421875), (1, 10886.5078125)]"
8,"[(0, 1588.67724609375), (1, 1852.48876953125)]","[(0, 1199.7225341796875), (1, 1371.1124267578125)]","[(0, 12448.7041015625), (1, 11480.408203125)]","[(0, 11750.49609375), (1, 11646.439453125)]","[(0, 14916.876953125), (1, 9460.3564453125)]","[(0, 9755.6806640625), (1, 9584.3759765625)]","[(0, 10593.580078125), (1, 10370.0830078125)]","[(0, 803.424560546875), (1, 909.0736083984375)]","[(5, 66.18241373697917), (4, 68.96207427978516), (2, 80.07186686197916), (1, 83.65950012207031), (3, 84.90298665364584), (0, 104.28556315104167)]","[(0, 3753.066650390625), (1, 4903.43896484375)]","[(4, 61.3948974609375), (1, 94.61416015625), (5, 102.45390101841518), (3, 121.66098458426339), (2, 122.41683255709134), (0, 167.04144756610577)]","[(0, 7312.9208984375), (1, 6016.8271484375)]","[(1, 46.01784133911133), (2, 55.357442220052086), (4, 74.18143717447917), (5, 75.29131208147321), (0, 103.41463797433036), (3, 127.27576622596153)]","[(0, 1563.4251708984375), (1, 1375.2657470703125)]"
9,"[(0, 969.3729248046875), (1, 994.7890014648438)]","[(0, 735.2118530273438), (1, 677.724365234375)]","[(0, 6044.1279296875), (1, 5859.1640625)]","[(0, 15366.77734375), (1, 16246.470703125)]","[(0, 8035.10400390625), (1, 4285.66259765625)]","[(0, 3910.1123046875), (1, 3690.74267578125)]","[(0, 11529.607421875), (1, 12563.9296875)]","[(0, 1276.3370361328125), (1, 1507.0806884765625)]","[(1, 87.85577799479167), (2, 93.58197021484375), (4, 125.33966064453125), (5, 130.46336951622595), (0, 186.42951847956732), (3, 312.07476806640625)]","[(0, 3124.3896484375), (1, 3581.89453125)]","[(4, 72.42989095052083), (3, 77.80918974034927), (0, 112.84078216552734), (5, 113.20996856689453), (1, 141.54324161305146), (2, 179.36778971354167)]","[(0, 3199.416015625), (1, 2892.4111328125)]","[(1, 64.85869489397321), (2, 88.3011474609375), (4, 129.98275052584134), (5, 190.0517374674479), (0, 229.0154012044271), (3, 418.2614080255682)]","[(0, 2717.32958984375), (1, 2531.221435546875)]"
10,"[(0, 1173.1756591796875), (1, 1190.963623046875)]","[(0, 412.79302978515625), (1, 316.0067138671875)]","[(0, 18483.0390625), (1, 17433.361328125)]","[(0, 4330.45703125), (1, 4020.1142578125)]","[(0, 5668.458984375), (1, 3111.101806640625)]","[(0, 2304.31640625), (1, 2465.555908203125)]","[(0, 32882.43359375), (1, 33166.44921875)]","[(0, 5113.095703125), (1, 3178.113525390625)]","[(4, 59.653682454427084), (3, 72.64844185965401), (5, 129.12824894831732), (1, 172.57061298076923), (0, 246.23978678385416), (2, 440.3533380681818)]","[(0, 3563.275146484375), (1, 3476.6845703125)]","[(2, 14.406903435202207), (0, 20.006399715647976), (4, 20.131397448087995), (5, 22.723394057329962), (1, 23.285824424342106), (3, 30.96136474609375)]","[(0, 3296.531005859375), (1, 2196.364013671875)]","[(1, 33.29859040912829), (2, 38.715128580729164), (5, 40.292144775390625), (0, 51.58006376378677), (4, 54.63698084214155), (3, 63.74733072916667)]","[(0, 9002.7607421875), (1, 6572.1669921875)]"
11,"[(0, 1185.52783203125), (1, 1209.020263671875)]","[(0, 516.7060546875), (1, 393.4868469238281)]","[(0, 3830.8798828125), (1, 2552.501220703125)]","[(0, 2610.59130859375), (1, 2734.55078125)]","[(0, 6003.7470703125), (1, 2778.90673828125)]","[(0, 7087.72314453125), (1, 7564.95068359375)]","[(0, 18379.96484375), (1, 23843.60546875)]","[(0, 1345.581787109375), (1, 1682.0599365234375)]","[(1, 118.209716796875), (2, 136.7172569861779), (0, 268.64967854817706), (4, 277.7522723858173), (5, 361.3456217447917), (3, 776.7077414772727)]","[(0, 3239.19580078125), (1, 1964.453125)]","[(2, 151.80681966145832), (1, 182.74012756347656), (0, 297.2799595424107), (4, 345.58035714285717), (5, 457.6876878004808), (3, 1005.0779622395834)]","[(0, 3308.209228515625), (1, 2655.8828125)]","[(4, 166.74859149639423), (1, 201.9315467247596), (5, 211.31585693359375), (3, 220.97833251953125), (0, 265.7189127604167), (2, 267.0393880208333)]","[(0, 13542.716796875), (1, 9737.9736328125)]"
12,"[(0, 1754.440673828125), (1, 1790.173828125)]","[(0, 585.8822631835938), (1, 954.2846069335938)]","[(0, 22930.607421875), (1, 14531.4736328125)]","[(0, 10322.0810546875), (1, 9115.03515625)]","[(0, 5007.9013671875), (1, 3854.307373046875)]","[(0, 5962.908203125), (1, 5860.94140625)]","[(0, 8928.0166015625), (1, 7937.07861328125)]","[(0, 2039.8385009765625), (1, 1770.3909912109375)]","[(1, 408.6732991536458), (4, 438.4842936197917), (0, 600.4446022727273), (3, 626.3537375710227), (2, 664.7691317471591), (5, 742.5681374289773)]","[(0, 978.8359375), (1, 1153.7108154296875)]","[(1, 119.8470967610677), (2, 136.83027787642047), (4, 195.8121004971591), (5, 266.4837646484375), (0, 273.1678466796875), (3, 619.5398763020834)]","[(0, 1844.7906494140625), (1, 1923.33642578125)]","[(1, 128.5768710049716), (2, 154.68701171875), (4, 181.3129216974432), (5, 225.4730224609375), (0, 274.35380859375), (3, 382.135986328125)]","[(0, 16737.98828125), (1, 11016.201171875)]"
13,"[(0, 1670.39501953125), (1, 1711.976806640625)]","[(0, 912.105712890625), (1, 1799.3326416015625)]","[(0, 4582.6015625), (1, 3293.590087890625)]","[(0, 27162.97265625), (1, 21653.318359375)]","[(0, 5284.0888671875), (1, 4120.54638671875)]","[(0, 1942.872314453125), (1, 1789.690673828125)]","[(0, 25299.796875), (1, 25607.302734375)]","[(0, 416.7336730957031), (1, 331.6572265625)]","[(1, 77.27394612630208), (4, 84.7762810202206), (0, 123.31977081298828), (3, 129.13858235677083), (2, 140.54531860351562), (5, 152.29977213541667)]","[(0, 4965.97314453125), (1, 6404.57373046875)]","[(1, 34.843226841517854), (4, 47.626294817243306), (2, 48.86702982584635), (0, 61.38626607259115), (5, 69.82480367024739), (3, 88.27473958333333)]","[(0, 5796.31689453125), (1, 5760.2724609375)]","[(2, 130.378173828125), (1, 134.52613176618303), (4, 275.90185546875), (5, 283.596923828125), (0, 317.3872884114583), (3, 782.981005859375)]","[(0, 4501.60986328125), (1, 4154.6142578125)]"
14,"[(0, 1506.0419921875), (1, 1554.3453369140625)]","[(0, 491.714111328125), (1, 805.7176513671875)]","[(0, 2628.74755859375), (1, 3228.460205078125)]","[(0, 20430.763671875), (1, 21776.8671875)]","[(0, 9753.6630859375), (1, 5042.0693359375)]","[(0, 3199.928466796875), (1, 3491.833251953125)]","[(0, 20445.830078125), (1, 19816.001953125)]","[(0, 3269.55810546875), (1, 2014.8089599609375)]","[(4, 75.32346478630515), (3, 96.23007202148438), (5, 134.30292154947918), (1, 154.04861653645833), (0, 216.1405029296875), (2, 357.8903996394231)]","[(0, 4094.961181640625), (1, 2981.478271484375)]","[(4, 844.6906072443181), (1, 997.1879438920455), (3, 1238.82216796875), (5, 1320.04931640625), (0, 1498.3302734375), (2, 1563.2962890625)]","[(0, 5644.49658203125), (1, 6475.31201171875)]","[(4, 70.46242414202008), (5, 114.64149983723958), (3, 122.27215106670673), (1, 129.90218098958334), (0, 247.2163751775568), (2, 250.3539794921875)]","[(0, 22344.822265625), (1, 16376.736328125)]"
15,"[(0, 747.8876953125), (1, 732.5823364257812)]","[(0, 348.6249694824219), (1, 498.53021240234375)]","[(0, 2441.034423828125), (1, 2643.8779296875)]","[(0, 5798.23046875), (1, 6042.4794921875)]","[(0, 3260.266845703125), (1, 2050.869384765625)]","[(0, 33871.6953125), (1, 35090.00390625)]","[(0, 5512.4384765625), (1, 6309.244140625)]","[(0, 3166.18798828125), (1, 2696.352783203125)]","[(4, 137.09209187825522), (5, 164.07954545454547), (3, 206.778564453125), (1, 211.28011067708334), (2, 269.57950106534093), (0, 334.00943270596593)]","[(0, 6255.919921875), (1, 7185.77734375)]","[(1, 138.91978102463943), (2, 146.8484903971354), (0, 332.87863991477275), (4, 628.95751953125), (5, 760.20302734375), (3, 2963.2458767361113)]","[(0, 1205.7823486328125), (1, 838.3364868164062)]","[(1, 162.92557198660714), (2, 190.687744140625), (4, 277.8810221354167), (0, 297.2061767578125), (5, 359.4830433238636), (3, 601.584033203125)]","[(0, 1322.7177734375), (1, 1107.204833984375)]"
16,"[(0, 1026.1781005859375), (1, 1206.233154296875)]","[(0, 547.5849609375), (1, 374.5220031738281)]","[(0, 4360.7685546875), (1, 3262.406494140625)]","[(0, 3569.015869140625), (1, 3234.833740234375)]","[(0, 4520.60400390625), (1, 3742.17333984375)]","[(0, 14448.1328125), (1, 15282.90234375)]","[(0, 33505.73046875), (1, 31779.150390625)]","[(0, 2310.61669921875), (1, 2013.029541015625)]","[(4, 182.98375355113637), (5, 229.0633544921875), (3, 237.0928955078125), (1, 275.17793412642044), (2, 342.97236328125), (0, 383.0569091796875)]","[(0, 2230.7783203125), (1, 877.4688110351562)]","[(4, 67.27366009880515), (5, 79.14093424479167), (3, 86.70723724365234), (2, 166.12028620793268), (0, 171.24002511160714), (1, 171.476953125)]","[(0, 1699.4910888671875), (1, 1555.8973388671875)]","[(5, 97.39813701923077), (4, 100.21804373604911), (1, 107.29471261160714), (3, 138.86917818509616), (2, 139.52469576322116), (0, 201.96360426682693)]","[(0, 4330.69677734375), (1, 3453.430419921875)]"
17,"[(0, 1260.5394287109375), (1, 1322.2939453125)]","[(0, 501.01220703125), (1, 394.6755676269531)]","[(0, 6958.24755859375), (1, 9022.822265625)]","[(0, 2690.78369140625), (1, 2547.658203125)]","[(0, 2825.29541015625), (1, 2761.019287109375)]","[(0, 5774.248046875), (1, 5556.5419921875)]","[(0, 11953.150390625), (1, 11584.6826171875)]","[(0, 2225.972412109375), (1, 1762.6474609375)]","[(4, 125.23844088040866), (1, 208.60184733072916), (3, 209.10428873697916), (5, 276.2199041193182), (0, 416.55886008522725), (2, 584.317724609375)]","[(0, 3494.44482421875), (1, 5513.33740234375)]","[(4, 350.5633544921875), (5, 424.45161576704544), (2, 454.501953125), (3, 592.5115855823864), (0, 604.3297674005681), (1, 639.00048828125)]","[(0, 5125.0810546875), (1, 6194.1015625)]","[(4, 80.33334147135416), (3, 92.93954903738839), (5, 148.6366248497596), (1, 168.80665806361608), (0, 201.19454251802884), (2, 363.2008870442708)]","[(0, 19250.55859375), (1, 13904.2314453125)]"
18,"[(0, 1660.95849609375), (1, 1980.0672607421875)]","[(0, 939.6312866210938), (1, 1681.1859130859375)]","[(0, 9068.3447265625), (1, 7286.02197265625)]","[(0, 3774.114013671875), (1, 4315.34326171875)]","[(0, 9058.05859375), (1, 7447.17724609375)]","[(0, 14995.296875), (1, 14801.626953125)]","[(0, 19085.892578125), (1, 27265.408203125)]","[(0, 4672.62890625), (1, 5311.39111328125)]","[(2, 57.718119303385414), (1, 65.42106628417969), (0, 120.84914725167411), (5, 125.04444298377403), (4, 128.96527099609375), (3, 295.2028401692708)]","[(0, 5674.154296875), (1, 4671.248046875)]","[(2, 65.90899149576823), (1, 82.7830810546875), (5, 91.76175944010417), (4, 112.56126051682692), (0, 128.41351318359375), (3, 176.2407023111979)]","[(0, 2684.685791015625), (1, 2364.867919921875)]","[(1, 142.102099609375), (2, 152.17721121651786), (5, 234.48231724330358), (4, 275.09186197916665), (0, 400.8996394230769), (3, 681.9233774038462)]","[(0, 3378.837890625), (1, 2629.038330078125)]"
19,"[(0, 1319.12939453125), (1, 1328.1314697265625)]","[(0, 1261.691162109375), (1, 2695.791259765625)]","[(0, 5124.0791015625), (1, 7962.27880859375)]","[(0, 7226.6884765625), (1, 5781.31201171875)]","[(0, 8092.7041015625), (1, 5320.19677734375)]","[(0, 5867.17138671875), (1, 5475.14013671875)]","[(0, 19744.6796875), (1, 26098.470703125)]","[(0, 2521.082763671875), (1, 1640.9176025390625)]","[(4, 59.688419342041016), (1, 67.94826372931985), (3, 100.00876290457589), (0, 103.7431640625), (5, 109.24429757254464), (2, 116.61959635416666)]","[(0, 1579.6947021484375), (1, 1095.9625244140625)]","[(4, 104.44428362165179), (3, 139.19762244591345), (5, 237.73238118489584), (0, 382.2099609375), (1, 493.5732421875), (2, 692.9950284090909)]","[(0, 1150.6917724609375), (1, 1116.3671875)]","[(1, 171.82316080729166), (2, 196.70352608816964), (4, 203.10753580729167), (5, 217.74787248883928), (0, 269.5595179966518), (3, 282.25333077566967)]","[(0, 14440.4736328125), (1, 9770.0849609375)]"
20,"[(0, 2089.76416015625), (1, 2328.3984375)]","[(0, 838.2872924804688), (1, 1422.82177734375)]","[(0, 38516.9296875), (1, 20319.888671875)]","[(0, 6254.2431640625), (1, 7593.4072265625)]","[(0, 9002.873046875), (1, 5968.330078125)]","[(0, 18320.25390625), (1, 19547.41015625)]","[(0, 16678.41015625), (1, 15190.3857421875)]","[(0, 5404.576171875), (1, 4418.8583984375)]","[(1, 31.203812448601973), (4, 32.73876274956597), (2, 40.51137767118566), (5, 42.179039001464844), (0, 62.8914005055147), (3, 66.54109954833984)]","[(0, 3095.02978515625), (1, 2583.323486328125)]","[(1, 281.4283203125), (2, 306.32514105902777), (4, 483.468896484375), (5, 552.2433268229166), (0, 563.6753472222222), (3, 1019.3767361111111)]","[(0, 1775.9613037109375), (1, 2841.16552734375)]","[(1, 152.9226962002841), (4, 153.96754039417613), (5, 188.7263916015625), (2, 193.3384033203125), (3, 279.6814697265625), (0, 279.7531982421875)]","[(0, 14257.75), (1, 9616.541015625)]"
21,"[(0, 1138.4105224609375), (1, 1141.62109375)]","[(0, 581.5604858398438), (1, 804.1232299804688)]","[(0, 2220.683349609375), (1, 1934.760009765625)]","[(0, 5373.99462890625), (1, 8120.08740234375)]","[(0, 4390.72607421875), (1, 2721.75927734375)]","[(0, 21542.07421875), (1, 23724.20703125)]","[(0, 9858.4013671875), (1, 11020.6669921875)]","[(0, 4371.20654296875), (1, 3668.330322265625)]","[(4, 31.18515968322754), (1, 35.37850413602941), (3, 35.434313092912944), (0, 43.9232177734375), (5, 56.338793073381694), (2, 63.43476155598958)]","[(0, 6129.0478515625), (1, 2989.15380859375)]","[(5, 85.4653564453125), (4, 95.92870330810547), (2, 102.25570242745536), (3, 114.8391845703125), (0, 126.8099365234375), (1, 183.6400390625)]","[(0, 722.38671875), (1, 909.3984375)]","[(1, 135.49046912560095), (2, 139.60753377278647), (4, 211.21334134615384), (5, 229.6356404622396), (0, 363.3935546875), (3, 675.6796431107955)]","[(0, 19579.705078125), (1, 13173.857421875)]"
22,"[(0, 1404.133544921875), (1, 1678.43359375)]","[(0, 382.815673828125), (1, 292.99267578125)]","[(0, 5388.25634765625), (1, 5576.16162109375)]","[(0, 15490.3134765625), (1, 18299.353515625)]","[(0, 5404.00390625), (1, 3601.511474609375)]","[(0, 8402.234375), (1, 7588.4560546875)]","[(0, 27859.04296875), (1, 40881.54296875)]","[(0, 2804.44775390625), (1, 2726.383544921875)]","[(4, 100.54844563802084), (3, 117.20057024274554), (5, 188.22967998798077), (1, 223.52775691105768), (0, 291.5477701822917), (2, 544.6247780539773)]","[(0, 2470.177001953125), (1, 2678.786865234375)]","[(4, 202.04508463541666), (5, 257.18008700284093), (1, 261.47412109375), (3, 342.18696732954544), (2, 356.6287286931818), (0, 493.7294921875)]","[(0, 4980.18212890625), (1, 4972.8974609375)]","[(4, 418.26260653409093), (5, 484.1203125), (1, 495.05721768465907), (2, 581.313525390625), (3, 664.141796875), (0, 805.844873046875)]","[(0, 1544.40771484375), (1, 1348.2259521484375)]"
23,"[(0, 1503.8359375), (1, 1781.2967529296875)]","[(0, 1729.649658203125), (1, 1485.09375)]","[(0, 2063.57568359375), (1, 2159.34228515625)]","[(0, 6970.40185546875), (1, 7997.07177734375)]","[(0, 2704.69580078125), (1, 2568.5849609375)]","[(0, 5495.58349609375), (1, 5343.84228515625)]","[(0, 15942.3291015625), (1, 19919.5703125)]","[(0, 2924.72607421875), (1, 5413.01953125)]","[(2, 67.41982327974759), (1, 70.53917585100446), (0, 174.70491536458334), (4, 226.17110188802084), (5, 233.67502663352272), (3, 683.2388671875)]","[(0, 2391.822509765625), (1, 3331.66357421875)]","[(4, 214.2763006036932), (1, 215.65814208984375), (2, 234.30588600852272), (5, 239.8671875), (0, 680.797216796875), (3, 778.4403754340278)]","[(0, 1391.677978515625), (1, 861.947509765625)]","[(1, 65.24268341064453), (2, 74.09386393229167), (5, 132.69853864397322), (0, 161.9156494140625), (4, 173.745556640625), (3, 292.21837439903845)]","[(0, 21961.736328125), (1, 15003.72265625)]"
24,"[(0, 1297.3641357421875), (1, 1301.0513916015625)]","[(0, 2562.02587890625), (1, 2351.177490234375)]","[(0, 34355.296875), (1, 24980.2578125)]","[(0, 2066.85693359375), (1, 1861.0201416015625)]","[(0, 7608.927734375), (1, 4365.9326171875)]","[(0, 5582.70166015625), (1, 6293.541015625)]","[(0, 4203.62841796875), (1, 3766.9794921875)]","[(0, 3427.8662109375), (1, 5458.09765625)]","[(1, 27.688941107855904), (4, 33.258555692784924), (0, 42.68982696533203), (2, 47.722965240478516), (3, 51.660335286458334), (5, 58.298848470052086)]","[(0, 2963.12158203125), (1, 2556.249267578125)]","[(4, 115.1173095703125), (3, 145.60767473493303), (5, 237.15217472956732), (0, 306.4888258713942), (1, 345.101806640625), (2, 559.4741617838541)]","[(0, 2677.105224609375), (1, 2441.591796875)]","[(2, 102.96705040564903), (1, 117.19240897042411), (5, 215.93575032552084), (4, 220.30521334134616), (0, 351.3589680989583), (3, 702.2667347301136)]","[(0, 11003.7998046875), (1, 6570.31201171875)]"
25,"[(0, 1892.7451171875), (1, 2201.968017578125)]","[(0, 1411.0797119140625), (1, 1303.2724609375)]","[(0, 33581.73828125), (1, 33113.515625)]","[(0, 12162.89453125), (1, 14036.783203125)]","[(0, 2565.871337890625), (1, 1704.53173828125)]","[(0, 7356.31640625), (1, 7767.96630859375)]","[(0, 3272.81201171875), (1, 3613.159912109375)]","[(0, 1385.3385009765625), (1, 1408.0538330078125)]","[(4, 70.80065104166667), (1, 103.122265625), (3, 108.40809044471153), (5, 134.96893780048077), (0, 165.66115159254807), (2, 208.93885216346155)]","[(0, 5812.22607421875), (1, 6579.07763671875)]","[(1, 47.67595291137695), (4, 70.84269205729167), (0, 87.98157610212054), (2, 91.96608189174107), (3, 139.52982271634616), (5, 160.05130709134616)]","[(0, 908.9678344726562), (1, 893.1831665039062)]","[(1, 316.91556222098217), (2, 336.7938701923077), (4, 643.7880452473959), (0, 691.9951171875), (5, 740.0626331676136), (3, 1613.78525390625)]","[(0, 11703.8701171875), (1, 9025.8173828125)]"
26,"[(0, 1480.298095703125), (1, 1480.698974609375)]","[(0, 730.7266845703125), (1, 632.9707641601562)]","[(0, 7520.49609375), (1, 7182.53662109375)]","[(0, 15688.4609375), (1, 16006.43359375)]","[(0, 7170.416015625), (1, 4856.810546875)]","[(0, 8093.58447265625), (1, 7769.0185546875)]","[(0, 8644.33984375), (1, 8591.9609375)]","[(0, 2920.6748046875), (1, 3454.273681640625)]","[(4, 55.94519401999081), (1, 60.589161592371326), (3, 99.76058756510416), (5, 100.34440104166667), (2, 109.02601725260416), (0, 109.71729329427083)]","[(0, 1834.8203125), (1, 1507.8814697265625)]","[(1, 105.8733771829044), (4, 111.44046020507812), (2, 123.03526204427084), (0, 157.1244140625), (5, 205.37400599888392), (3, 249.10027204241072)]","[(0, 1642.7174072265625), (1, 1086.2520751953125)]","[(1, 108.1858139038086), (2, 126.3564208984375), (4, 183.73935546875), (5, 215.74696568080358), (0, 281.63460867745533), (3, 482.8975360576923)]","[(0, 21752.271484375), (1, 15504.8125)]"
27,"[(0, 880.050048828125), (1, 1065.226318359375)]","[(0, 415.1016540527344), (1, 288.32305908203125)]","[(0, 3691.080810546875), (1, 3570.24462890625)]","[(0, 16674.1328125), (1, 11134.31640625)]","[(0, 2861.30322265625), (1, 2266.697021484375)]","[(0, 22686.29296875), (1, 25197.990234375)]","[(0, 3515.570556640625), (1, 3284.612548828125)]","[(0, 5916.20556640625), (1, 5795.6923828125)]","[(4, 75.52734375), (3, 79.50363393930289), (5, 139.55162556966147), (1, 188.2783203125), (0, 232.43769975142047), (2, 410.44033203125)]","[(0, 2309.1826171875), (1, 3469.18603515625)]","[(4, 42.3813720703125), (1, 55.4191162109375), (3, 66.01002385066106), (5, 77.29271052433894), (0, 87.80071551983173), (2, 101.3029033954327)]","[(0, 3693.89453125), (1, 4184.0263671875)]","[(1, 101.06060321514423), (4, 122.02647047776442), (0, 145.75177001953125), (2, 155.6634318033854), (3, 159.08482869466147), (5, 180.495849609375)]","[(0, 2549.926025390625), (1, 2025.688720703125)]"
28,"[(0, 1259.009521484375), (1, 1312.3109130859375)]","[(0, 748.292236328125), (1, 691.853271484375)]","[(0, 2965.291015625), (1, 2520.32177734375)]","[(0, 4605.91552734375), (1, 5790.427734375)]","[(0, 2869.831298828125), (1, 1898.494873046875)]","[(0, 7527.77197265625), (1, 6802.650390625)]","[(0, 30864.24609375), (1, 36631.12890625)]","[(0, 2408.480224609375), (1, 1446.7484130859375)]","[(4, 92.40976388113839), (3, 125.64092548076923), (1, 169.047607421875), (5, 200.96219889322916), (0, 273.97758345170456), (2, 404.625390625)]","[(0, 773.4572143554688), (1, 928.54833984375)]","[(4, 69.63292643229167), (3, 95.87656075613839), (5, 127.82326096754808), (1, 171.50950270432693), (0, 175.5549519856771), (2, 238.19218306107953)]","[(0, 2854.69091796875), (1, 2781.908203125)]","[(1, 38.77577863420759), (2, 41.39295842097356), (0, 61.04914738581731), (4, 81.18134416852679), (5, 91.74907977764423), (3, 133.06342022235577)]","[(0, 14565.7021484375), (1, 10465.4599609375)]"
29,"[(0, 1975.4273681640625), (1, 2381.542236328125)]","[(0, 362.4693908691406), (1, 254.49359130859375)]","[(0, 4263.08349609375), (1, 3446.8564453125)]","[(0, 7049.6484375), (1, 5203.5654296875)]","[(0, 8651.474609375), (1, 4700.8193359375)]","[(0, 2386.952880859375), (1, 2373.126708984375)]","[(0, 16496.982421875), (1, 15735.0908203125)]","[(0, 1955.66943359375), (1, 2524.40625)]","[(1, 184.70603724888392), (4, 203.27984149639423), (2, 214.99806565504807), (0, 231.69191331129807), (5, 242.52970377604166), (3, 274.90248616536456)]","[(0, 25203.279296875), (1, 16351.361328125)]","[(1, 1155.036328125), (4, 1440.6759765625), (2, 2059.431206597222), (0, 2396.2337239583335), (5, 2706.2918836805557), (3, 2907.578125)]","[(0, 10188.7666015625), (1, 6752.16455078125)]","[(1, 44.74275207519531), (2, 55.2063720703125), (4, 97.18144880022321), (0, 117.29506138392857), (5, 127.67487041766827), (3, 277.9976399739583)]","[(0, 3614.466064453125), (1, 3136.953369140625)]"
30,"[(0, 898.1600341796875), (1, 935.7877807617188)]","[(0, 296.461669921875), (1, 209.59591674804688)]","[(0, 26015.521484375), (1, 28112.53515625)]","[(0, 11486.3544921875), (1, 13835.02734375)]","[(0, 8168.716796875), (1, 4552.27685546875)]","[(0, 5561.7587890625), (1, 5302.4736328125)]","[(0, 2697.5732421875), (1, 2584.747802734375)]","[(0, 1541.01953125), (1, 2714.040283203125)]","[(1, 58.40953911675347), (4, 65.75627983940973), (2, 97.36510467529297), (5, 111.74712371826172), (0, 113.51461791992188), (3, 128.12977600097656)]","[(0, 4792.734375), (1, 2718.152587890625)]","[(1, 153.62759835379464), (2, 198.14890700120193), (0, 322.32578531901044), (4, 355.8001708984375), (5, 540.5003551136364), (3, 969.3775390625)]","[(0, 5027.34326171875), (1, 1700.3966064453125)]","[(1, 51.227473958333334), (4, 59.58511149088542), (2, 86.5794208233173), (5, 102.45843036358173), (0, 106.16808143028847), (3, 124.95068359375)]","[(0, 11354.7431640625), (1, 9710.310546875)]"
31,"[(0, 1478.4639892578125), (1, 1683.2225341796875)]","[(0, 2205.278076171875), (1, 2151.453125)]","[(0, 5736.33251953125), (1, 4111.10205078125)]","[(0, 2463.87158203125), (1, 2370.7041015625)]","[(0, 2935.124755859375), (1, 2895.277099609375)]","[(0, 10319.3544921875), (1, 9698.7314453125)]","[(0, 2167.8203125), (1, 2417.11376953125)]","[(0, 580.4473266601562), (1, 590.2252197265625)]","[(4, 63.298465983072916), (1, 67.78658854166666), (5, 121.17833533653847), (3, 125.01743727463942), (2, 131.62762920673077), (0, 137.7752967247596)]","[(0, 2061.821044921875), (1, 1392.8265380859375)]","[(1, 557.22919921875), (4, 861.4400390625), (2, 1002.431640625), (0, 1324.7830946180557), (5, 1634.2794053819443), (3, 2009.410373263889)]","[(0, 5014.15185546875), (1, 6674.36474609375)]","[(1, 46.87412806919643), (2, 64.76390193058894), (4, 85.28509990985577), (5, 131.66118367513022), (0, 154.2136027018229), (3, 259.99087801846593)]","[(0, 3998.62939453125), (1, 3391.806640625)]"
32,"[(0, 1504.54833984375), (1, 1601.6365966796875)]","[(0, 2282.63671875), (1, 2735.383056640625)]","[(0, 5288.39404296875), (1, 3713.518798828125)]","[(0, 16373.45703125), (1, 14538.6806640625)]","[(0, 2897.5078125), (1, 3558.120361328125)]","[(0, 5290.41162109375), (1, 5505.986328125)]","[(0, 13853.16796875), (1, 21474.56640625)]","[(0, 2342.781494140625), (1, 925.4422607421875)]","[(4, 189.85674579326923), (3, 238.6967569986979), (1, 260.34622896634613), (5, 296.12176513671875), (0, 330.51218668619794), (2, 413.7533365885417)]","[(0, 2179.80322265625), (1, 2863.4365234375)]","[(1, 121.08045305524554), (4, 154.31736537388392), (2, 167.197998046875), (5, 227.1785888671875), (0, 255.24173990885416), (3, 341.2933349609375)]","[(0, 1658.557373046875), (1, 936.4283447265625)]","[(4, 131.01444498697916), (5, 144.42749895368303), (3, 211.74370465959822), (1, 249.68956705729167), (2, 270.82754952566967), (0, 415.9881068638393)]","[(0, 18091.3515625), (1, 12716.3818359375)]"
33,"[(0, 1779.2391357421875), (1, 1851.4459228515625)]","[(0, 1586.123291015625), (1, 1634.0081787109375)]","[(0, 19668.244140625), (1, 28132.275390625)]","[(0, 8315.0205078125), (1, 7348.58203125)]","[(0, 12696.20703125), (1, 8248.7939453125)]","[(0, 19495.0234375), (1, 20839.2890625)]","[(0, 9529.099609375), (1, 17111.69921875)]","[(0, 1730.8419189453125), (1, 1032.84814453125)]","[(2, 23.309154934353298), (1, 25.127438193873356), (0, 36.048422420726105), (5, 45.5851936340332), (4, 46.98100370519302), (3, 78.3370849609375)]","[(0, 1215.4637451171875), (1, 1393.40576171875)]","[(4, 132.9849853515625), (1, 160.43449519230768), (3, 167.2240271935096), (5, 180.57609049479166), (0, 221.21394856770834), (2, 243.73774857954547)]","[(0, 6032.81201171875), (1, 4777.45166015625)]","[(4, 89.24929373604911), (3, 128.95509690504807), (1, 168.53325946514423), (5, 215.39453125), (0, 247.8730265299479), (2, 451.1985529119318)]","[(0, 1840.938232421875), (1, 1521.4371337890625)]"
34,"[(0, 1159.11474609375), (1, 1187.044921875)]","[(0, 905.1262817382812), (1, 807.4857788085938)]","[(0, 7317.685546875), (1, 6566.24658203125)]","[(0, 11321.2236328125), (1, 10672.87890625)]","[(0, 1792.0142822265625), (1, 1231.9652099609375)]","[(0, 25261.126953125), (1, 25536.703125)]","[(0, 9668.4873046875), (1, 9068.3876953125)]","[(0, 5277.9697265625), (1, 5441.580078125)]","[(4, 30.403363037109376), (3, 40.42160906110491), (1, 52.41163853236607), (5, 61.72964242788461), (0, 76.54405329777644), (2, 114.62253824869792)]","[(0, 2918.924560546875), (1, 3804.93359375)]","[(2, 116.50513567243304), (1, 127.6552001953125), (4, 169.98456682477678), (5, 189.75574669471155), (0, 284.42225060096155), (3, 603.3006998697916)]","[(0, 1226.9346923828125), (1, 1206.348876953125)]","[(4, 287.2413219105114), (1, 371.56551846590907), (3, 535.7333984375), (5, 537.551220703125), (2, 707.854296875), (0, 720.492919921875)]","[(0, 4384.64208984375), (1, 3349.83642578125)]"
35,"[(0, 1274.556396484375), (1, 1357.8428955078125)]","[(0, 1813.2874755859375), (1, 1951.15087890625)]","[(0, 23010.654296875), (1, 22440.1953125)]","[(0, 9151.5224609375), (1, 6379.841796875)]","[(0, 872.7809448242188), (1, 716.013427734375)]","[(0, 12654.3095703125), (1, 12376.849609375)]","[(0, 17728.326171875), (1, 19793.734375)]","[(0, 7863.24365234375), (1, 13997.3623046875)]","[(2, 113.34459510216347), (1, 128.94423130580358), (0, 263.32012939453125), (5, 366.7700861150568), (4, 375.6597086588542), (3, 1160.340234375)]","[(0, 27234.537109375), (1, 16733.583984375)]","[(1, 590.8036221590909), (4, 685.7887369791666), (2, 686.09091796875), (5, 722.4359907670455), (0, 1106.89931640625), (3, 1206.5318714488637)]","[(0, 2727.383544921875), (1, 2733.46630859375)]","[(4, 250.8239542643229), (1, 319.49184163411456), (3, 397.04452237215907), (5, 478.10342684659093), (0, 511.1808416193182), (2, 624.5023082386364)]","[(0, 3749.006591796875), (1, 3364.23681640625)]"
36,"[(0, 921.045166015625), (1, 969.0927734375)]","[(0, 2985.80615234375), (1, 3309.505859375)]","[(0, 5890.39306640625), (1, 5257.13134765625)]","[(0, 8920.390625), (1, 7291.58349609375)]","[(0, 3917.4013671875), (1, 2860.060546875)]","[(0, 5712.7861328125), (1, 6336.40869140625)]","[(0, 20329.462890625), (1, 29200.314453125)]","[(0, 5749.73486328125), (1, 6488.75732421875)]","[(4, 38.86152267456055), (3, 47.62853190104167), (5, 56.8372802734375), (1, 68.45721435546875), (0, 91.12645545372597), (2, 121.050048828125)]","[(0, 10610.22265625), (1, 9592.267578125)]","[(2, 58.793749128069194), (1, 72.7313720703125), (0, 120.63777982271634), (4, 124.550048828125), (5, 136.36709594726562), (3, 296.190673828125)]","[(0, 601.7288818359375), (1, 474.8799743652344)]","[(1, 61.02277425130208), (2, 83.59914725167411), (4, 142.88995830829327), (0, 177.42390324519232), (5, 217.94091796875), (3, 503.15451882102275)]","[(0, 11167.7939453125), (1, 7812.9375)]"
37,"[(0, 1342.5106201171875), (1, 1669.5716552734375)]","[(0, 1488.5982666015625), (1, 1664.366943359375)]","[(0, 11991.9814453125), (1, 13833.7734375)]","[(0, 3501.8779296875), (1, 3125.33740234375)]","[(0, 4216.830078125), (1, 2806.98974609375)]","[(0, 17420.8125), (1, 18771.759765625)]","[(0, 43414.12890625), (1, 57307.14453125)]","[(0, 2713.729736328125), (1, 1839.4122314453125)]","[(2, 77.1512680053711), (1, 87.30077406939338), (0, 142.53011067708334), (5, 169.14280482700892), (4, 169.185107421875), (3, 299.30166391225964)]","[(0, 4728.53857421875), (1, 5795.79736328125)]","[(5, 259.7532489483173), (2, 310.8418156550481), (4, 317.5708705357143), (1, 471.30796595982144), (3, 523.9214618389423), (0, 624.0945387620193)]","[(0, 4067.6689453125), (1, 4927.482421875)]","[(1, 110.93335774739583), (4, 124.73558134191177), (5, 157.078125), (3, 167.8007049560547), (2, 182.75182166466345), (0, 190.36441476004464)]","[(0, 3989.44970703125), (1, 3532.562744140625)]"
38,"[(0, 934.6323852539062), (1, 909.9774780273438)]","[(0, 1021.4943237304688), (1, 1001.9274291992188)]","[(0, 2047.2657470703125), (1, 2911.972412109375)]","[(0, 8025.28662109375), (1, 8780.8623046875)]","[(0, 11506.55078125), (1, 5491.32421875)]","[(0, 15888.7333984375), (1, 14323.958984375)]","[(0, 5767.16552734375), (1, 5973.90478515625)]","[(0, 4463.57177734375), (1, 4876.94970703125)]","[(1, 185.71636090959822), (2, 196.1283240685096), (4, 259.0871988932292), (5, 265.830810546875), (0, 292.84857177734375), (3, 429.16748046875)]","[(0, 2758.3359375), (1, 1753.81494140625)]","[(4, 41.01103108723958), (5, 51.48873666616586), (3, 54.36972917829241), (1, 65.98240879603794), (2, 87.35549926757812), (0, 96.00743689903847)]","[(0, 3138.4794921875), (1, 2451.779052734375)]","[(2, 42.77640880237926), (1, 46.19444274902344), (0, 69.58124889026989), (4, 101.5406494140625), (5, 102.25376198508523), (3, 153.11452414772728)]","[(0, 13496.6484375), (1, 9843.56640625)]"
39,"[(0, 1430.6005859375), (1, 1568.451171875)]","[(0, 411.35491943359375), (1, 314.326416015625)]","[(0, 16505.43359375), (1, 19043.583984375)]","[(0, 10071.2353515625), (1, 13307.9345703125)]","[(0, 9381.240234375), (1, 4444.62744140625)]","[(0, 2678.80224609375), (1, 2567.142578125)]","[(0, 5573.7958984375), (1, 8873.7080078125)]","[(0, 2541.230224609375), (1, 1192.2802734375)]","[(1, 66.2443603515625), (2, 74.26320103236607), (4, 103.84439522879464), (0, 117.7123553936298), (5, 118.97934194711539), (3, 246.336181640625)]","[(0, 3626.6650390625), (1, 5487.74853515625)]","[(1, 203.07859108664772), (2, 257.0142333984375), (0, 292.5916015625), (4, 344.137451171875), (5, 435.512890625), (3, 478.51025390625)]","[(0, 2666.285400390625), (1, 2442.7529296875)]","[(4, 29.66003199986049), (3, 38.09276404747596), (5, 57.46163431803385), (1, 75.77484639485677), (0, 122.49214311079545), (2, 159.532177734375)]","[(0, 21054.373046875), (1, 15941.552734375)]"
40,"[(0, 1574.429931640625), (1, 1618.366455078125)]","[(0, 527.85400390625), (1, 359.21142578125)]","[(0, 3647.967041015625), (1, 4086.12939453125)]","[(0, 4719.478515625), (1, 7574.8408203125)]","[(0, 4215.29833984375), (1, 3436.232421875)]","[(0, 6469.49755859375), (1, 7138.74951171875)]","[(0, 15298.796875), (1, 14418.0029296875)]","[(0, 2231.0166015625), (1, 5707.4658203125)]","[(2, 123.9299560546875), (1, 129.52456665039062), (5, 153.17486102764423), (4, 161.95418875558036), (0, 190.31495884486608), (3, 279.69187418619794)]","[(0, 4620.1298828125), (1, 7306.3330078125)]","[(1, 27.43033006456163), (2, 33.739994049072266), (4, 36.61575496897978), (5, 47.93125), (0, 50.957603454589844), (3, 65.48342692057291)]","[(0, 3369.171875), (1, 2047.361572265625)]","[(1, 173.36458914620536), (5, 210.59605994591345), (3, 213.08165564903845), (4, 220.34823172433036), (0, 234.16539588341345), (2, 235.82130784254807)]","[(0, 12669.4638671875), (1, 8640.3515625)]"
41,"[(0, 1016.7120361328125), (1, 1054.78271484375)]","[(0, 617.3405151367188), (1, 478.5458679199219)]","[(0, 17990.78515625), (1, 16830.587890625)]","[(0, 5022.8046875), (1, 5908.65576171875)]","[(0, 1597.7265625), (1, 1760.8211669921875)]","[(0, 4052.027099609375), (1, 4006.080078125)]","[(0, 4676.58349609375), (1, 5092.62744140625)]","[(0, 1750.15576171875), (1, 1913.9661865234375)]","[(4, 113.44461263020834), (3, 157.19480678013392), (5, 264.1630108173077), (1, 300.4862717848558), (0, 454.8466389973958), (2, 842.0861150568181)]","[(0, 2938.973388671875), (1, 3240.298583984375)]","[(3, 62.10643310546875), (4, 74.267822265625), (0, 118.14990234375), (5, 129.97818429129464), (1, 264.88706752232144), (2, 281.19386800130206)]","[(0, 2400.6318359375), (1, 1953.1131591796875)]","[(1, 56.08751220703125), (2, 72.58025184044472), (4, 81.18701171875), (5, 111.46321927584134), (0, 113.6522686298077), (3, 173.95612980769232)]","[(0, 1484.76513671875), (1, 1184.596435546875)]"
42,"[(0, 1203.9461669921875), (1, 1374.7413330078125)]","[(0, 1965.654296875), (1, 2145.629638671875)]","[(0, 5589.49365234375), (1, 6134.11181640625)]","[(0, 8264.2275390625), (1, 11129.31640625)]","[(0, 7091.80712890625), (1, 4209.533203125)]","[(0, 7429.20849609375), (1, 7080.109375)]","[(0, 6973.57373046875), (1, 7505.65771484375)]","[(0, 1217.422607421875), (1, 1690.7703857421875)]","[(4, 82.26898193359375), (1, 94.6991455078125), (5, 144.89829799107142), (2, 172.05143855168268), (3, 202.76375906808036), (0, 263.8757136418269)]","[(0, 1358.8377685546875), (1, 1375.1595458984375)]","[(2, 48.07910625751202), (1, 81.31492396763393), (4, 108.51087297712054), (5, 109.01220703125), (0, 163.54619344075522), (3, 391.4492594401042)]","[(0, 1225.92529296875), (1, 1430.1666259765625)]","[(3, 61.43969290597098), (4, 64.59349772135417), (1, 90.95425851004464), (5, 110.94140625), (0, 143.8505577674279), (2, 262.381591796875)]","[(0, 22475.576171875), (1, 17064.69921875)]"
43,"[(0, 1354.929931640625), (1, 1351.4158935546875)]","[(0, 2236.443603515625), (1, 2909.318603515625)]","[(0, 18166.904296875), (1, 13874.00390625)]","[(0, 7011.52490234375), (1, 8725.583984375)]","[(0, 6890.92236328125), (1, 4488.779296875)]","[(0, 13652.5126953125), (1, 14329.068359375)]","[(0, 12348.189453125), (1, 19965.765625)]","[(0, 3456.296875), (1, 3587.025634765625)]","[(2, 180.06330754206732), (5, 218.29890950520834), (1, 253.28932407924108), (4, 301.5754957932692), (0, 328.9201847956731), (3, 382.2577311197917)]","[(0, 848.863525390625), (1, 607.1739501953125)]","[(1, 64.86879069010416), (4, 89.82277018229166), (2, 116.19027944711539), (0, 147.1739783653846), (5, 166.28662109375), (3, 215.14152644230768)]","[(0, 2727.977783203125), (1, 4120.5029296875)]","[(4, 211.57530628551137), (5, 286.4693115234375), (1, 299.45010653409093), (3, 325.277294921875), (2, 409.79541015625), (0, 473.0716796875)]","[(0, 5614.169921875), (1, 4204.2578125)]"
44,"[(0, 1086.8515625), (1, 1139.1849365234375)]","[(0, 1227.351806640625), (1, 1415.003173828125)]","[(0, 4667.55224609375), (1, 3295.889892578125)]","[(0, 2384.712890625), (1, 2248.082763671875)]","[(0, 10670.751953125), (1, 6807.7578125)]","[(0, 16796.353515625), (1, 15703.0712890625)]","[(0, 4569.39208984375), (1, 4065.10546875)]","[(0, 3866.14306640625), (1, 2096.848876953125)]","[(1, 46.715152994791666), (2, 48.115491594587056), (4, 68.5142342703683), (5, 71.78158334585336), (0, 106.42952786959134), (3, 197.9698282877604)]","[(0, 2107.080322265625), (1, 2922.25732421875)]","[(2, 98.46973528180804), (1, 111.50904134114583), (4, 162.58682686941964), (5, 190.15763972355768), (0, 201.67615685096155), (3, 479.6575520833333)]","[(0, 2478.328369140625), (1, 2467.294189453125)]","[(1, 160.36171177455358), (2, 172.77835787259616), (0, 276.360107421875), (5, 355.01183143028845), (4, 365.08077566964283), (3, 555.0536733774038)]","[(0, 2140.69384765625), (1, 1812.2933349609375)]"
45,"[(0, 2024.9229736328125), (1, 2006.33203125)]","[(0, 481.0733337402344), (1, 481.203857421875)]","[(0, 12187.6142578125), (1, 11283.6064453125)]","[(0, 1849.09912109375), (1, 1786.009521484375)]","[(0, 9382.796875), (1, 8854.763671875)]","[(0, 7479.68310546875), (1, 7154.15966796875)]","[(0, 7660.791015625), (1, 8139.67236328125)]","[(0, 2674.46533203125), (1, 6142.33056640625)]","[(1, 72.70999908447266), (4, 85.94607747395834), (0, 124.69767543247768), (2, 142.47761753627233), (3, 156.87100923978366), (5, 184.6661095252404)]","[(0, 712.4273071289062), (1, 1075.294677734375)]","[(1, 861.076171875), (4, 1099.60576171875), (2, 1240.929904513889), (5, 1652.5584852430557), (0, 1971.1219618055557), (3, 2540.437934027778)]","[(0, 1647.9237060546875), (1, 1160.8265380859375)]","[(1, 49.928507486979164), (2, 52.619232177734375), (4, 72.60936560997597), (5, 81.74592590332031), (0, 109.70208270733173), (3, 169.5980890447443)]","[(0, 15946.11328125), (1, 12152.029296875)]"
46,"[(0, 1401.2762451171875), (1, 1544.501220703125)]","[(0, 245.42037963867188), (1, 170.83984375)]","[(0, 5505.68701171875), (1, 6896.57666015625)]","[(0, 5305.427734375), (1, 3658.4677734375)]","[(0, 7407.828125), (1, 6948.69189453125)]","[(0, 9774.9208984375), (1, 10994.55859375)]","[(0, 7453.7421875), (1, 6887.7294921875)]","[(0, 3330.307373046875), (1, 3302.45947265625)]","[(4, 96.13009643554688), (3, 107.67816569010417), (5, 189.83530970982142), (1, 191.42747395833334), (0, 229.0452880859375), (2, 449.73501352163464)]","[(0, 8054.51416015625), (1, 5491.6806640625)]","[(1, 180.88212076822916), (2, 221.9927423650568), (4, 238.4690144856771), (0, 246.0743963068182), (5, 353.2279607599432), (3, 380.2786310369318)]","[(0, 4201.90478515625), (1, 3927.041015625)]","[(2, 121.59286295572916), (1, 139.4593505859375), (4, 145.0593000139509), (5, 163.46403620793268), (0, 254.22562081473214), (3, 455.8832600911458)]","[(0, 4714.04931640625), (1, 3970.812255859375)]"
47,"[(0, 1069.3184814453125), (1, 1145.0545654296875)]","[(0, 414.24371337890625), (1, 282.34625244140625)]","[(0, 22725.74609375), (1, 16810.6640625)]","[(0, 5619.72998046875), (1, 11333.3125)]","[(0, 8115.9375), (1, 5782.98876953125)]","[(0, 13597.3935546875), (1, 13584.8212890625)]","[(0, 6209.9296875), (1, 6864.6005859375)]","[(0, 958.4083862304688), (1, 1464.800048828125)]","[(4, 15.729426066080729), (5, 17.10967254638672), (1, 20.71892053940717), (2, 22.743611653645832), (3, 29.13311004638672), (0, 38.34339192708333)]","[(0, 1555.7030029296875), (1, 1113.7030029296875)]","[(4, 58.082804361979164), (3, 78.37020438058036), (5, 107.43902118389423), (1, 138.47535118689905), (0, 169.8288777669271), (2, 281.133544921875)]","[(0, 3160.57080078125), (1, 2136.319091796875)]","[(4, 151.24025181361608), (3, 171.69696514423077), (1, 196.53526893028845), (0, 242.1021931966146), (5, 299.2305501302083), (2, 442.84481534090907)]","[(0, 4570.27197265625), (1, 3431.788330078125)]"
48,"[(0, 1736.4085693359375), (1, 1960.9678955078125)]","[(0, 495.7261657714844), (1, 355.8761291503906)]","[(0, 3113.722900390625), (1, 3168.4384765625)]","[(0, 3653.02880859375), (1, 4455.4150390625)]","[(0, 6977.67138671875), (1, 4684.58251953125)]","[(0, 21267.5390625), (1, 19892.328125)]","[(0, 12878.1376953125), (1, 11575.03125)]","[(0, 1355.7615966796875), (1, 1441.5596923828125)]","[(1, 47.7555419921875), (2, 69.5177471454327), (4, 81.48246256510417), (0, 91.16440054086539), (5, 129.74384953425482), (3, 167.73968975360577)]","[(0, 949.672119140625), (1, 901.156982421875)]","[(1, 85.28181675502232), (4, 107.43860802283653), (2, 155.38636271158853), (0, 189.33353678385416), (5, 218.9602716619318), (3, 257.6182750355114)]","[(0, 642.8034057617188), (1, 732.94677734375)]","[(1, 58.723124186197914), (2, 66.08146013532367), (4, 92.07620004507211), (5, 104.65737915039062), (0, 148.40525465745193), (3, 247.40221058238637)]","[(0, 3385.659912109375), (1, 2964.467041015625)]"
49,"[(0, 1964.457763671875), (1, 2144.518798828125)]","[(0, 1159.5166015625), (1, 1029.8310546875)]","[(0, 15444.291015625), (1, 20340.052734375)]","[(0, 2566.004638671875), (1, 2387.47998046875)]","[(0, 6554.291015625), (1, 7970.962890625)]","[(0, 17546.765625), (1, 17451.076171875)]","[(0, 21585.3203125), (1, 24830.291015625)]","[(0, 8152.20263671875), (1, 6247.2333984375)]","[(4, 76.5223388671875), (3, 88.69022042410714), (5, 156.67215670072116), (1, 253.41687950721155), (0, 305.28224690755206), (2, 657.0023970170455)]","[(0, 2052.965087890625), (1, 954.132080078125)]","[(4, 570.93115234375), (3, 722.182470703125), (5, 887.57138671875), (1, 900.5500710227273), (0, 1221.30478515625), (2, 1348.7474609375)]","[(0, 3113.74365234375), (1, 5110.1318359375)]","[(4, 167.94309779575892), (3, 185.3411583533654), (1, 246.19623272235577), (5, 260.22381591796875), (0, 274.0311279296875), (2, 425.66770241477275)]","[(0, 2784.41943359375), (1, 2050.658935546875)]"
50,"[(0, 1666.8607177734375), (1, 1992.197265625)]","[(0, 1640.0234375), (1, 1591.3126220703125)]","[(0, 4958.869140625), (1, 4742.93212890625)]","[(0, 5537.3291015625), (1, 6270.517578125)]","[(0, 6475.6083984375), (1, 7069.806640625)]","[(0, 7861.8642578125), (1, 7905.3955078125)]","[(0, 15772.1103515625), (1, 18064.369140625)]","[(0, 3633.61669921875), (1, 2145.376953125)]","[(4, 60.478233337402344), (3, 85.14998372395833), (1, 85.76251627604167), (5, 113.05851527622768), (0, 137.9946550641741), (2, 176.519287109375)]","[(0, 2942.12255859375), (1, 1682.40478515625)]","[(1, 682.2544389204545), (2, 870.631640625), (0, 1006.5158203125), (4, 1034.0997869318182), (5, 1382.12587890625), (3, 1605.6291015625)]","[(0, 4181.4736328125), (1, 2354.374755859375)]","[(2, 57.92603556315104), (1, 66.79405329777644), (5, 147.92847789417613), (4, 153.01488240559897), (0, 166.6607333096591), (3, 519.149609375)]","[(0, 1670.630859375), (1, 1264.030517578125)]"
51,"[(0, 1402.427978515625), (1, 1379.6494140625)]","[(0, 1080.807861328125), (1, 943.4569091796875)]","[(0, 4474.546875), (1, 5060.654296875)]","[(0, 6681.88623046875), (1, 7082.29052734375)]","[(0, 8096.41796875), (1, 4803.52392578125)]","[(0, 5556.6904296875), (1, 5630.099609375)]","[(0, 18328.099609375), (1, 23231.0625)]","[(0, 1511.7503662109375), (1, 2007.1693115234375)]","[(1, 16.50225257873535), (4, 17.854890823364258), (2, 28.007066999162948), (5, 31.54103742327009), (0, 31.706322806222097), (3, 34.59542628696987)]","[(0, 1735.6676025390625), (1, 1845.5948486328125)]","[(4, 297.4129169170673), (3, 356.0082194010417), (5, 569.5498934659091), (1, 892.3207563920455), (0, 1133.76796875), (2, 2104.2078993055557)]","[(0, 1041.9022216796875), (1, 1460.22314453125)]","[(1, 85.11237444196429), (4, 89.00677020733173), (2, 91.6904296875), (5, 96.76678466796875), (3, 174.6559503728693), (0, 175.0057373046875)]","[(0, 4151.8896484375), (1, 4139.27001953125)]"
52,"[(0, 1349.0826416015625), (1, 1376.7393798828125)]","[(0, 2527.994873046875), (1, 2142.94677734375)]","[(0, 3099.2890625), (1, 2665.06005859375)]","[(0, 9890.267578125), (1, 12486.7529296875)]","[(0, 6734.40234375), (1, 4049.546875)]","[(0, 6572.091796875), (1, 6690.61572265625)]","[(0, 8940.0224609375), (1, 8525.6103515625)]","[(0, 3424.59228515625), (1, 3357.41650390625)]","[(1, 41.462738037109375), (4, 46.43524605887277), (2, 87.28963216145833), (0, 91.87650553385417), (5, 99.7818094889323), (3, 101.64255777994792)]","[(0, 2587.81982421875), (1, 1310.878173828125)]","[(4, 466.6474609375), (5, 604.6716530539773), (3, 627.2174627130681), (0, 786.7271839488636), (2, 793.9281782670455), (1, 883.7982584635416)]","[(0, 4474.41064453125), (1, 6377.08642578125)]","[(4, 148.84361049107142), (3, 186.09068885216345), (1, 296.5018780048077), (5, 331.58022054036456), (0, 448.8175862630208), (2, 865.5593039772727)]","[(0, 3645.91162109375), (1, 3497.27880859375)]"
53,"[(0, 2421.794189453125), (1, 2906.413818359375)]","[(0, 3899.75927734375), (1, 3658.08740234375)]","[(0, 46933.31640625), (1, 36568.08984375)]","[(0, 9717.119140625), (1, 11918.943359375)]","[(0, 8369.9326171875), (1, 7093.33544921875)]","[(0, 3891.938232421875), (1, 3479.102294921875)]","[(0, 9165.7158203125), (1, 10245.1240234375)]","[(0, 1612.912841796875), (1, 1050.866943359375)]","[(1, 33.991783142089844), (4, 37.73851013183594), (2, 61.67677961077009), (0, 65.3800789969308), (5, 69.54660034179688), (3, 73.18217250279018)]","[(0, 1126.50634765625), (1, 1174.0391845703125)]","[(4, 32.748722330729166), (0, 51.156136648995535), (1, 55.78390121459961), (2, 56.11767578125), (5, 61.4036630483774), (3, 62.76219764122596)]","[(0, 1494.634521484375), (1, 880.492431640625)]","[(4, 51.06610543387277), (3, 69.23698073167067), (5, 96.40078735351562), (1, 96.60642496744792), (0, 138.8058194247159), (2, 200.6322509765625)]","[(0, 1692.0809326171875), (1, 1605.3992919921875)]"
54,"[(0, 1696.0528564453125), (1, 2032.7581787109375)]","[(0, 2168.981689453125), (1, 1736.3299560546875)]","[(0, 4889.31396484375), (1, 4176.10546875)]","[(0, 9492.048828125), (1, 13550.93359375)]","[(0, 9239.576171875), (1, 7702.328125)]","[(0, 4077.642822265625), (1, 4490.2646484375)]","[(0, 22210.84765625), (1, 49056.76953125)]","[(0, 7018.9169921875), (1, 7438.0771484375)]","[(4, 403.29052734375), (1, 446.75923295454544), (5, 460.26748046875), (2, 497.949853515625), (3, 568.128515625), (0, 660.001708984375)]","[(0, 4429.5673828125), (1, 6391.150390625)]","[(4, 340.7862659801136), (1, 355.58578213778407), (5, 382.9509765625), (2, 406.7505859375), (3, 637.371240234375), (0, 693.53583984375)]","[(0, 545.2569580078125), (1, 486.13818359375)]","[(1, 30.575469970703125), (4, 40.67996419270833), (2, 49.08230356069711), (5, 68.48571307842548), (0, 77.98578350360577), (3, 107.98458158052884)]","[(0, 3516.784423828125), (1, 2661.923095703125)]"
55,"[(0, 1265.81591796875), (1, 1253.172119140625)]","[(0, 1794.1988525390625), (1, 1623.998046875)]","[(0, 30535.578125), (1, 32211.759765625)]","[(0, 7556.2119140625), (1, 6557.2294921875)]","[(0, 7959.8115234375), (1, 4949.00927734375)]","[(0, 43146.99609375), (1, 45775.72265625)]","[(0, 44506.3125), (1, 108447.234375)]","[(0, 4510.5830078125), (1, 4552.39404296875)]","[(4, 92.91543344350961), (3, 123.06160481770833), (1, 164.01493326822916), (5, 210.48288796164772), (0, 232.658935546875), (2, 419.106689453125)]","[(0, 1980.3609619140625), (1, 2181.47802734375)]","[(1, 165.9419884314904), (2, 214.2157185872396), (4, 298.2360026041667), (5, 413.15403053977275), (0, 472.6500355113636), (3, 1002.536328125)]","[(0, 1221.837158203125), (1, 783.77880859375)]","[(4, 179.59613506610577), (1, 201.5008263221154), (5, 273.33371988932294), (3, 289.88291422526044), (2, 302.7904052734375), (0, 328.87530517578125)]","[(0, 4591.556640625), (1, 3831.913818359375)]"
56,"[(0, 1081.490478515625), (1, 1049.345703125)]","[(0, 2136.2265625), (1, 2123.147705078125)]","[(0, 8015.3125), (1, 5411.8740234375)]","[(0, 6102.876953125), (1, 3739.436767578125)]","[(0, 6824.37890625), (1, 3996.9404296875)]","[(0, 34363.65234375), (1, 29853.06640625)]","[(0, 1875.1378173828125), (1, 1748.0140380859375)]","[(0, 954.8926391601562), (1, 629.7169799804688)]","[(4, 43.67733226102941), (1, 46.16986443014706), (5, 63.672505696614586), (2, 68.17444661458333), (3, 72.83045247395833), (0, 79.19340006510417)]","[(0, 3798.68310546875), (1, 2835.375732421875)]","[(4, 80.92503255208334), (3, 106.36424037388393), (5, 180.22772686298077), (1, 192.31223842075892), (0, 210.64759239783655), (2, 343.8638509114583)]","[(0, 2657.978515625), (1, 2822.2578125)]","[(1, 85.67861502511161), (2, 118.26048865685097), (4, 124.19510591947116), (5, 191.8135986328125), (0, 203.93212890625), (3, 307.378662109375)]","[(0, 14286.958984375), (1, 10604.55859375)]"
57,"[(0, 1225.383544921875), (1, 1447.8111572265625)]","[(0, 1221.145263671875), (1, 1147.3873291015625)]","[(0, 20140.65625), (1, 17904.77734375)]","[(0, 19319.2890625), (1, 14131.328125)]","[(0, 2656.6884765625), (1, 1958.2235107421875)]","[(0, 10534.6630859375), (1, 10017.2685546875)]","[(0, 1458.2476806640625), (1, 1542.700927734375)]","[(0, 972.7910766601562), (1, 533.5872192382812)]","[(1, 111.55020141601562), (2, 121.52997233072917), (4, 141.52910505022322), (0, 151.52640206473214), (5, 163.90690730168268), (3, 254.3851521809896)]","[(0, 13873.7529296875), (1, 23933.25)]","[(2, 278.8265935724432), (0, 330.2276722301136), (1, 339.87554931640625), (4, 350.5101725260417), (5, 468.55166903409093), (3, 523.9253817471591)]","[(0, 9904.3505859375), (1, 5439.3076171875)]","[(5, 121.56203049879808), (4, 126.47073800223214), (3, 128.91200608473557), (1, 155.96355329241072), (2, 214.73670372596155), (0, 241.13042743389423)]","[(0, 3290.9306640625), (1, 2965.091796875)]"
58,"[(0, 1527.23095703125), (1, 1487.690673828125)]","[(0, 729.7297973632812), (1, 621.23876953125)]","[(0, 6524.85986328125), (1, 5395.29052734375)]","[(0, 9977.244140625), (1, 7951.8525390625)]","[(0, 3267.410400390625), (1, 2292.9853515625)]","[(0, 13369.4130859375), (1, 14000.4990234375)]","[(0, 14812.82421875), (1, 19502.458984375)]","[(0, 2125.186767578125), (1, 1390.8016357421875)]","[(5, 50.08578872680664), (4, 59.95221306295956), (2, 69.65962982177734), (3, 77.97970581054688), (1, 82.8976189108456), (0, 110.38020324707031)]","[(0, 1807.562255859375), (1, 1962.7154541015625)]","[(4, 314.3244873046875), (3, 396.29267035590277), (1, 458.9052734375), (5, 576.3703884548611), (0, 662.7444661458334), (2, 911.8370225694445)]","[(0, 5090.29150390625), (1, 4407.759765625)]","[(4, 68.26761067708334), (3, 89.30147879464286), (5, 162.2085899939904), (1, 241.07063176081732), (0, 324.7580973307292), (2, 725.7616743607955)]","[(0, 2439.905517578125), (1, 1954.99169921875)]"
59,"[(0, 1259.3992919921875), (1, 1227.024658203125)]","[(0, 2840.783447265625), (1, 2683.894775390625)]","[(0, 15801.6044921875), (1, 12269.50390625)]","[(0, 13716.853515625), (1, 11658.9306640625)]","[(0, 8904.4794921875), (1, 4068.697021484375)]","[(0, 19919.3984375), (1, 20558.0390625)]","[(0, 19413.908203125), (1, 29933.318359375)]","[(0, 2365.77587890625), (1, 2159.43701171875)]","[(4, 187.71992631392047), (1, 190.9920321377841), (2, 252.77705078125), (5, 257.700341796875), (3, 340.210205078125), (0, 350.4871337890625)]","[(0, 1181.697265625), (1, 1047.84521484375)]","[(4, 149.80775803786057), (3, 172.0661824544271), (1, 274.1866861979167), (0, 358.25883345170456), (5, 389.97221235795456), (2, 872.33291015625)]","[(0, 5232.20849609375), (1, 2574.35791015625)]","[(2, 38.73130915715144), (1, 46.34422084263393), (5, 76.52693314985795), (4, 87.20733642578125), (0, 99.55059814453125), (3, 207.9163330078125)]","[(0, 3355.351806640625), (1, 3209.49755859375)]"
60,"[(0, 677.836181640625), (1, 709.88671875)]","[(0, 4538.47021484375), (1, 4727.185546875)]","[(0, 39792.984375), (1, 34996.6953125)]","[(0, 2782.879638671875), (1, 2617.4765625)]","[(0, 7123.203125), (1, 3448.60888671875)]","[(0, 10822.4013671875), (1, 11094.525390625)]","[(0, 8509.2919921875), (1, 8270.021484375)]","[(0, 1859.4200439453125), (1, 1398.9935302734375)]","[(4, 418.2877604166667), (1, 442.3171793619792), (3, 534.5529563210227), (0, 567.3348277698864), (5, 664.0056374289773), (2, 715.6097301136364)]","[(0, 2646.823486328125), (1, 3044.466552734375)]","[(2, 478.02153862847223), (1, 495.334423828125), (4, 718.911572265625), (5, 750.2641059027778), (0, 1108.408203125), (3, 1618.0733506944443)]","[(0, 2824.17333984375), (1, 2629.099609375)]","[(4, 49.14347487229567), (1, 65.72696431477864), (3, 79.4407450358073), (5, 107.84589177911931), (0, 122.9739102450284), (2, 146.66871337890626)]","[(0, 18149.5546875), (1, 12765.6904296875)]"
61,"[(0, 1155.9713134765625), (1, 1178.70166015625)]","[(0, 2314.549072265625), (1, 2091.508544921875)]","[(0, 22697.2421875), (1, 19162.802734375)]","[(0, 10537.17578125), (1, 11059.8125)]","[(0, 4803.1484375), (1, 3203.626220703125)]","[(0, 3562.697509765625), (1, 3533.7890625)]","[(0, 10902.96484375), (1, 12131.1298828125)]","[(0, 1500.2584228515625), (1, 1451.088623046875)]","[(4, 227.83375901442307), (1, 300.40293666294644), (3, 304.27598063151044), (5, 325.7109375), (0, 344.8484450120192), (2, 385.46056189903845)]","[(0, 9776.8330078125), (1, 11265.1767578125)]","[(1, 60.10933837890625), (2, 86.73305100661058), (4, 103.80150553385417), (0, 140.2961144080529), (5, 166.61005108173077), (3, 263.395263671875)]","[(0, 7068.64013671875), (1, 7632.61328125)]","[(3, 123.4757588704427), (1, 126.39234337439903), (5, 130.91796875), (0, 168.59583536783853), (4, 172.11510291466345), (2, 185.66292317708334)]","[(0, 941.8805541992188), (1, 776.6165771484375)]"
62,"[(0, 973.41015625), (1, 958.4407348632812)]","[(0, 1177.5467529296875), (1, 983.1177978515625)]","[(0, 12131.2099609375), (1, 14423.05078125)]","[(0, 25180.0703125), (1, 23184.98046875)]","[(0, 7222.38916015625), (1, 5402.236328125)]","[(0, 10529.8525390625), (1, 10330.7373046875)]","[(0, 11610.5634765625), (1, 10595.37890625)]","[(0, 744.69140625), (1, 399.6741943359375)]","[(4, 88.14421844482422), (3, 95.1653076171875), (1, 146.7115478515625), (5, 158.05224609375), (0, 175.07496995192307), (2, 298.5979817708333)]","[(0, 1618.72216796875), (1, 1938.4527587890625)]","[(2, 421.546728515625), (1, 430.31010298295456), (4, 587.4914772727273), (5, 596.899658203125), (0, 849.5044921875), (3, 1200.65830078125)]","[(0, 2937.4306640625), (1, 2784.1923828125)]","[(3, 54.50843505859375), (4, 94.00942993164062), (1, 100.8895751953125), (5, 113.36800711495536), (0, 119.61384800502232), (2, 296.08451021634613)]","[(0, 12204.3740234375), (1, 8877.626953125)]"
63,"[(0, 1204.6531982421875), (1, 1167.84765625)]","[(0, 491.6292419433594), (1, 355.105712890625)]","[(0, 10281.8681640625), (1, 9764.0859375)]","[(0, 3823.5908203125), (1, 4430.93212890625)]","[(0, 12751.2236328125), (1, 7374.734375)]","[(0, 13333.9765625), (1, 12495.080078125)]","[(0, 19398.97265625), (1, 20819.1640625)]","[(0, 2002.6512451171875), (1, 1570.7398681640625)]","[(4, 96.08890787760417), (1, 101.32599283854167), (3, 202.525146484375), (5, 204.40578049879807), (2, 216.85402268629807), (0, 220.61470853365384)]","[(0, 713.4722900390625), (1, 542.1515502929688)]","[(5, 301.3543812144886), (4, 322.9919840494792), (2, 367.54354580965907), (3, 489.9470880681818), (1, 513.2970784505209), (0, 628.8135653409091)]","[(0, 7381.974609375), (1, 5060.0029296875)]","[(4, 90.46024816176471), (3, 107.99594116210938), (5, 168.92610677083334), (1, 220.25950520833334), (0, 302.85777064732144), (2, 552.6351036658654)]","[(0, 13225.87109375), (1, 10446.4638671875)]"
64,"[(0, 757.1771240234375), (1, 744.4503173828125)]","[(0, 509.9046936035156), (1, 738.24853515625)]","[(0, 9975.90234375), (1, 9841.7177734375)]","[(0, 9203.0810546875), (1, 7899.2685546875)]","[(0, 10964.4755859375), (1, 6759.8701171875)]","[(0, 6690.20751953125), (1, 6711.41064453125)]","[(0, 66122.609375), (1, 97167.9921875)]","[(0, 852.6683349609375), (1, 1278.2745361328125)]","[(5, 67.19317157451923), (4, 77.38178362165179), (2, 86.6356201171875), (3, 96.57728928786058), (1, 98.8873291015625), (0, 126.10236065204327)]","[(0, 3550.578369140625), (1, 2633.03662109375)]","[(4, 34.04508590698242), (2, 41.98501790364583), (0, 46.72998860677083), (5, 49.783861432756694), (1, 53.13723575367647), (3, 56.11505562918527)]","[(0, 6554.1845703125), (1, 4371.677734375)]","[(1, 88.77188546316964), (2, 102.06005859375), (4, 157.8819861778846), (0, 190.5623575846354), (5, 195.06282552083334), (3, 347.6830388849432)]","[(0, 11671.078125), (1, 8471.0576171875)]"
65,"[(0, 1105.13037109375), (1, 1132.5823974609375)]","[(0, 718.6599731445312), (1, 1156.64501953125)]","[(0, 7694.14990234375), (1, 6778.740234375)]","[(0, 6278.10498046875), (1, 6047.2353515625)]","[(0, 5670.29150390625), (1, 4287.68212890625)]","[(0, 3171.927490234375), (1, 2736.860107421875)]","[(0, 18716.98828125), (1, 30640.970703125)]","[(0, 3064.598388671875), (1, 2251.2548828125)]","[(1, 29.50921630859375), (2, 30.812703450520832), (0, 48.930677141462056), (4, 53.928636823381694), (5, 62.95934119591346), (3, 117.20546468098958)]","[(0, 6746.017578125), (1, 2950.6435546875)]","[(4, 69.05466134207589), (3, 110.38332895132211), (5, 130.71000162760416), (1, 135.55126953125), (0, 260.05362215909093), (2, 317.7225830078125)]","[(0, 1833.6763916015625), (1, 1208.553955078125)]","[(1, 88.31620788574219), (2, 96.453662109375), (0, 134.94437081473214), (5, 147.88146033653845), (4, 173.21873256138392), (3, 227.39654541015625)]","[(0, 8727.6396484375), (1, 5855.169921875)]"
66,"[(0, 1195.9813232421875), (1, 1132.2784423828125)]","[(0, 477.1195373535156), (1, 651.6638793945312)]","[(0, 20177.1640625), (1, 18850.982421875)]","[(0, 8402.38671875), (1, 8559.01171875)]","[(0, 2656.985107421875), (1, 2291.970947265625)]","[(0, 11014.142578125), (1, 11999.3154296875)]","[(0, 6001.32568359375), (1, 5656.1630859375)]","[(0, 12839.8388671875), (1, 10185.98828125)]","[(4, 115.90247521033653), (5, 132.47772216796875), (3, 143.0301717122396), (1, 235.3362755408654), (2, 277.53857421875), (0, 304.3627522786458)]","[(0, 13269.9775390625), (1, 7150.6328125)]","[(1, 130.05859375), (2, 140.04393592247595), (4, 180.62424879807693), (5, 241.8513387044271), (0, 326.9919840494792), (3, 566.04638671875)]","[(0, 1798.5863037109375), (1, 1594.3065185546875)]","[(2, 18.728279622395835), (1, 20.875019073486328), (5, 31.96254403250558), (0, 38.378208705357146), (4, 62.914469401041664), (3, 86.48525766225961)]","[(0, 14918.314453125), (1, 10380.4326171875)]"
67,"[(0, 1434.5235595703125), (1, 1550.3953857421875)]","[(0, 301.2756042480469), (1, 368.6938171386719)]","[(0, 10441.5234375), (1, 10232.3515625)]","[(0, 6147.75732421875), (1, 4987.10205078125)]","[(0, 3664.56103515625), (1, 2749.076171875)]","[(0, 2479.92529296875), (1, 2683.90380859375)]","[(0, 26838.423828125), (1, 27710.365234375)]","[(0, 1767.4498291015625), (1, 1311.42333984375)]","[(2, 52.02379557291667), (1, 59.74354553222656), (5, 61.429158528645836), (4, 69.97203063964844), (0, 80.67652994791666), (3, 93.42798665364583)]","[(0, 2809.081298828125), (1, 2217.572509765625)]","[(1, 256.93100992838544), (4, 276.82913643973217), (3, 422.33946814903845), (0, 436.74564985795456), (2, 505.73642578125), (5, 546.4607747395834)]","[(0, 1642.349365234375), (1, 1259.9801025390625)]","[(1, 36.52377139820772), (4, 56.44499206542969), (5, 68.00491333007812), (2, 68.790478515625), (0, 72.10125325520833), (3, 75.61944580078125)]","[(0, 4240.31201171875), (1, 3236.30859375)]"
68,"[(0, 1875.069091796875), (1, 2115.67919921875)]","[(0, 310.17327880859375), (1, 226.89581298828125)]","[(0, 4481.802734375), (1, 6212.70166015625)]","[(0, 3365.64892578125), (1, 2679.265869140625)]","[(0, 10822.30859375), (1, 7663.96240234375)]","[(0, 1818.0753173828125), (1, 1740.902099609375)]","[(0, 2944.56201171875), (1, 4054.272705078125)]","[(0, 889.902099609375), (1, 926.5067749023438)]","[(1, 367.3357599431818), (2, 432.22216796875), (4, 471.57626065340907), (5, 569.561181640625), (0, 598.746826171875), (3, 797.449072265625)]","[(0, 1223.5321044921875), (1, 1468.987060546875)]","[(2, 46.49759783063616), (5, 59.75598580496652), (1, 61.717891438802084), (4, 72.4937744140625), (0, 81.03692626953125), (3, 103.22492327008929)]","[(0, 2279.155517578125), (1, 2959.530517578125)]","[(1, 180.64494977678572), (2, 246.96544471153845), (0, 301.52054537259613), (5, 468.7116887019231), (3, 562.8489708533654), (4, 597.6379743303571)]","[(0, 20961.1328125), (1, 15054.8330078125)]"
69,"[(0, 1839.0615234375), (1, 2164.155029296875)]","[(0, 527.2666625976562), (1, 784.5808715820312)]","[(0, 7988.02392578125), (1, 7258.599609375)]","[(0, 4023.055908203125), (1, 3932.058837890625)]","[(0, 9701.470703125), (1, 6440.15283203125)]","[(0, 3497.775634765625), (1, 3350.29345703125)]","[(0, 19403.24609375), (1, 23418.513671875)]","[(0, 2325.251708984375), (1, 2355.019287109375)]","[(1, 22.010987854003908), (2, 29.89675564236111), (4, 30.05733128597862), (0, 34.015357123480904), (5, 40.791554170496326), (3, 43.52032829733456)]","[(0, 4983.22265625), (1, 4042.975341796875)]","[(1, 209.51904296875), (2, 259.36660531850964), (0, 502.4586995442708), (4, 597.8755696614584), (5, 839.3561789772727), (3, 1801.2708984375)]","[(0, 3411.010009765625), (1, 3939.261474609375)]","[(2, 45.63465763972356), (1, 51.590362548828125), (5, 133.7630060369318), (4, 135.20527140299478), (0, 141.72830200195312), (3, 438.8541015625)]","[(0, 4941.03466796875), (1, 4030.344482421875)]"
70,"[(0, 1401.1766357421875), (1, 1702.9200439453125)]","[(0, 564.4951171875), (1, 773.0479125976562)]","[(0, 23447.05078125), (1, 25098.75)]","[(0, 24275.416015625), (1, 27678.58984375)]","[(0, 7548.8720703125), (1, 4726.74853515625)]","[(0, 5999.912109375), (1, 5789.0087890625)]","[(0, 8850.55859375), (1, 8377.3671875)]","[(0, 544.301025390625), (1, 648.2581176757812)]","[(2, 54.0348014831543), (1, 63.465382295496326), (5, 73.82010091145834), (4, 75.64466857910156), (0, 99.4399169921875), (3, 146.00863211495536)]","[(0, 4440.22119140625), (1, 3172.21484375)]","[(4, 139.94718424479166), (3, 225.1978426846591), (5, 318.7815185546875), (1, 394.24338600852275), (0, 707.288818359375), (2, 1219.6409505208333)]","[(0, 2138.62451171875), (1, 1118.1470947265625)]","[(4, 438.1398518880208), (3, 510.4686168323864), (5, 570.5305841619319), (1, 661.768310546875), (0, 794.0773259943181), (2, 889.1438210227273)]","[(0, 3749.58935546875), (1, 2745.332275390625)]"
71,"[(0, 1896.3052978515625), (1, 1855.162841796875)]","[(0, 442.18304443359375), (1, 565.471435546875)]","[(0, 3310.24755859375), (1, 3064.5283203125)]","[(0, 4992.8125), (1, 5315.9873046875)]","[(0, 8073.63330078125), (1, 4926.9326171875)]","[(0, 10371.9423828125), (1, 11311.42578125)]","[(0, 4318.0810546875), (1, 4379.138671875)]","[(0, 5360.16015625), (1, 5035.5146484375)]","[(4, 117.20807647705078), (1, 140.97452218191964), (3, 147.74246419270833), (5, 183.19447544642858), (0, 213.71893780048077), (2, 275.51377360026044)]","[(0, 4829.71630859375), (1, 5985.2587890625)]","[(4, 116.26676119290866), (3, 158.0477498372396), (1, 204.19571940104166), (5, 321.61376953125), (0, 389.2933238636364), (2, 713.810302734375)]","[(0, 1830.8072509765625), (1, 1987.2947998046875)]","[(4, 175.2275187174479), (3, 228.02001953125), (5, 237.88902698863637), (1, 248.60443115234375), (0, 339.13862748579544), (2, 352.29574307528407)]","[(0, 12649.9658203125), (1, 8697.65234375)]"
72,"[(0, 1075.6654052734375), (1, 1082.2529296875)]","[(0, 430.1756896972656), (1, 315.7384948730469)]","[(0, 10554.3232421875), (1, 9187.7255859375)]","[(0, 14435.310546875), (1, 13086.0048828125)]","[(0, 9676.890625), (1, 6421.5517578125)]","[(0, 6513.84912109375), (1, 5901.09326171875)]","[(0, 15873.755859375), (1, 17672.90625)]","[(0, 6925.9130859375), (1, 5885.31689453125)]","[(4, 79.6031982421875), (1, 82.73760986328125), (3, 125.92708646334134), (0, 139.09260777064733), (5, 153.02680851862982), (2, 167.4090576171875)]","[(0, 2172.677978515625), (1, 1897.40966796875)]","[(4, 176.81691331129807), (3, 214.03120930989584), (1, 378.3858642578125), (5, 533.9191672585227), (0, 547.9627574573864), (2, 1398.9794921875)]","[(0, 2087.51318359375), (1, 3022.4228515625)]","[(1, 22.352644178602432), (2, 27.54459571838379), (4, 31.55377197265625), (0, 39.24704360961914), (5, 40.70899200439453), (3, 57.08892059326172)]","[(0, 1124.0628662109375), (1, 1025.610107421875)]"
73,"[(0, 794.6507568359375), (1, 802.7769775390625)]","[(0, 1310.561279296875), (1, 2375.66845703125)]","[(0, 3759.42529296875), (1, 2809.373291015625)]","[(0, 6083.265625), (1, 6672.7548828125)]","[(0, 10575.6533203125), (1, 7976.01171875)]","[(0, 3612.32958984375), (1, 3507.001220703125)]","[(0, 9667.251953125), (1, 11377.59375)]","[(0, 4708.25341796875), (1, 3233.513671875)]","[(1, 275.833984375), (4, 278.29445393880206), (2, 296.6913396661932), (5, 298.92112038352275), (0, 546.4013671875), (3, 552.8126775568181)]","[(0, 10392.408203125), (1, 10297.8349609375)]","[(1, 768.1341441761364), (4, 835.3393998579545), (2, 961.8310546875), (0, 1041.9619140625), (5, 1066.44248046875), (3, 1120.1607421875)]","[(0, 1699.51953125), (1, 1457.9320068359375)]","[(4, 70.10585123697916), (1, 92.64005824497768), (5, 140.1240234375), (3, 151.12518780048077), (2, 202.39066569010416), (0, 227.0596720377604)]","[(0, 24424.220703125), (1, 17181.47265625)]"
74,"[(0, 753.7998657226562), (1, 759.8492431640625)]","[(0, 2533.81787109375), (1, 5535.77099609375)]","[(0, 12578.8330078125), (1, 9721.7353515625)]","[(0, 3058.709228515625), (1, 3652.61083984375)]","[(0, 9423.94140625), (1, 6168.85888671875)]","[(0, 7160.1455078125), (1, 7427.44482421875)]","[(0, 20234.83984375), (1, 26326.099609375)]","[(0, 9915.3603515625), (1, 3738.762939453125)]","[(4, 74.29790320763222), (3, 80.26369222005208), (1, 112.13641357421875), (0, 138.9125421697443), (5, 149.7968084161932), (2, 273.42001953125)]","[(0, 11936.826171875), (1, 7083.84423828125)]","[(2, 59.87476806640625), (1, 64.26927185058594), (0, 109.43433489118304), (4, 131.0071759905134), (5, 151.41045673076923), (3, 331.21169026692706)]","[(0, 2294.863525390625), (1, 2828.4482421875)]","[(4, 74.12804361979167), (3, 79.65288434709821), (1, 92.02205984933036), (5, 100.32996544471153), (0, 167.66669170673077), (2, 205.58736165364584)]","[(0, 3184.618408203125), (1, 2907.228759765625)]"
75,"[(0, 779.5164184570312), (1, 752.3024291992188)]","[(0, 1113.1688232421875), (1, 1899.3685302734375)]","[(0, 3552.149658203125), (1, 3146.18408203125)]","[(0, 4178.8583984375), (1, 4614.30419921875)]","[(0, 7321.19677734375), (1, 4560.4765625)]","[(0, 14015.888671875), (1, 13687.974609375)]","[(0, 4195.63427734375), (1, 3764.0458984375)]","[(0, 6609.1435546875), (1, 6992.7333984375)]","[(4, 96.66934908353366), (1, 97.4866943359375), (2, 135.63143920898438), (5, 140.57199096679688), (3, 147.85993448893228), (0, 151.39823404947916)]","[(0, 3125.832275390625), (1, 2386.49658203125)]","[(4, 77.58226725260417), (3, 96.58785574776786), (0, 141.1670860877404), (1, 152.88197544642858), (5, 164.57275390625), (2, 241.4307861328125)]","[(0, 1422.454833984375), (1, 887.0145263671875)]","[(4, 296.3867853338068), (5, 377.003076171875), (1, 383.4395862926136), (2, 477.055859375), (3, 647.071337890625), (0, 853.80185546875)]","[(0, 3078.37158203125), (1, 2746.864501953125)]"
76,"[(0, 1285.636962890625), (1, 1307.7989501953125)]","[(0, 650.8359985351562), (1, 944.5205688476562)]","[(0, 4246.93701171875), (1, 2987.23046875)]","[(0, 3814.49267578125), (1, 4662.50244140625)]","[(0, 1824.1851806640625), (1, 1201.9093017578125)]","[(0, 9274.3681640625), (1, 8755.0830078125)]","[(0, 5643.09228515625), (1, 5804.908203125)]","[(0, 3113.07861328125), (1, 2741.118896484375)]","[(1, 113.52606670673077), (2, 116.60464477539062), (4, 142.87422062800482), (5, 150.32222493489584), (0, 163.740966796875), (3, 205.2452189127604)]","[(0, 3331.93359375), (1, 3948.544189453125)]","[(4, 229.8656005859375), (3, 311.4910999644886), (5, 607.955322265625), (1, 696.9597833806819), (0, 1127.098046875), (2, 2711.7845052083335)]","[(0, 2188.42626953125), (1, 2101.60546875)]","[(2, 29.626220703125), (1, 32.00061238606771), (5, 47.05320387620192), (4, 58.971727643694194), (0, 72.37241774338942), (3, 134.72645060221353)]","[(0, 30094.466796875), (1, 20051.595703125)]"
77,"[(0, 806.5609741210938), (1, 804.8551635742188)]","[(0, 184.283447265625), (1, 211.88685607910156)]","[(0, 4292.759765625), (1, 3462.30126953125)]","[(0, 3248.14501953125), (1, 4366.05322265625)]","[(0, 9546.74609375), (1, 5970.49365234375)]","[(0, 10353.244140625), (1, 9955.345703125)]","[(0, 14913.6630859375), (1, 19581.01171875)]","[(0, 2221.40771484375), (1, 1769.0037841796875)]","[(1, 133.77948869977678), (4, 145.9087931315104), (2, 160.3893103966346), (5, 195.08347389914772), (0, 217.00885009765625), (3, 251.9569580078125)]","[(0, 2033.249755859375), (1, 3535.46435546875)]","[(4, 173.48123873197116), (3, 184.1719767252604), (1, 328.0689697265625), (0, 402.7393909801136), (5, 483.04305752840907), (2, 1188.2466796875)]","[(0, 2640.891845703125), (1, 2959.414794921875)]","[(4, 100.30045259915866), (3, 139.27123006184897), (1, 182.69978841145834), (5, 257.0123845880682), (0, 283.35984108664775), (2, 518.3541015625)]","[(0, 19143.001953125), (1, 13501.7470703125)]"
78,"[(0, 1387.4659423828125), (1, 1447.92578125)]","[(0, 3270.3564453125), (1, 3101.077880859375)]","[(0, 12652.66796875), (1, 12619.095703125)]","[(0, 6935.93359375), (1, 6741.271484375)]","[(0, 9731.5771484375), (1, 5824.3720703125)]","[(0, 10876.34765625), (1, 11293.5966796875)]","[(0, 31729.759765625), (1, 38143.453125)]","[(0, 3142.435791015625), (1, 2523.7333984375)]","[(1, 82.3543231670673), (2, 85.25593566894531), (4, 171.16701096754807), (0, 174.6748601740057), (5, 185.79248046875), (3, 395.39137961647725)]","[(0, 7941.6435546875), (1, 9371.4306640625)]","[(1, 811.9150390625), (4, 836.8408203125), (2, 1146.1346571180557), (5, 1183.3008897569443), (0, 1388.7606336805557), (3, 1406.5615234375)]","[(0, 2002.7467041015625), (1, 1664.2509765625)]","[(5, 190.45445667613637), (4, 194.3349609375), (2, 283.88809481534093), (1, 291.52801513671875), (3, 343.8379572088068), (0, 552.5839399857955)]","[(0, 6215.47509765625), (1, 6101.45703125)]"
79,"[(0, 953.3030395507812), (1, 1064.5367431640625)]","[(0, 5349.10400390625), (1, 5478.14306640625)]","[(0, 8136.66015625), (1, 10800.357421875)]","[(0, 3008.9775390625), (1, 2972.095703125)]","[(0, 5509.51611328125), (1, 3667.80224609375)]","[(0, 24493.03125), (1, 24924.623046875)]","[(0, 9751.0673828125), (1, 8635.9931640625)]","[(0, 1066.3992919921875), (1, 1019.4364624023438)]","[(1, 70.53181966145833), (4, 76.82871907552084), (0, 132.75711763822116), (3, 146.35979755108173), (2, 162.1900353064904), (5, 180.55543870192307)]","[(0, 5968.3759765625), (1, 6533.45947265625)]","[(1, 425.58815696022725), (2, 496.242236328125), (4, 562.6406693892045), (0, 661.803662109375), (5, 681.9349609375), (3, 913.60693359375)]","[(0, 3051.410888671875), (1, 1821.7581787109375)]","[(4, 143.4056678185096), (5, 188.19242350260416), (1, 222.29571063701923), (3, 239.65934244791666), (2, 288.6608072916667), (0, 363.2511393229167)]","[(0, 2994.412109375), (1, 2624.427734375)]"
80,"[(0, 1340.89892578125), (1, 1276.3310546875)]","[(0, 2563.389892578125), (1, 2359.655029296875)]","[(0, 22180.365234375), (1, 16477.40625)]","[(0, 16476.919921875), (1, 14500.7119140625)]","[(0, 7522.48291015625), (1, 5287.3349609375)]","[(0, 31028.83984375), (1, 31141.1015625)]","[(0, 6103.98291015625), (1, 6558.96826171875)]","[(0, 1382.044189453125), (1, 2263.9619140625)]","[(2, 102.56468709309895), (1, 118.49847881610577), (5, 195.4286092122396), (4, 218.32953350360577), (0, 278.9476207386364), (3, 552.9460671164773)]","[(0, 3355.809326171875), (1, 1820.98876953125)]","[(4, 456.95143821022725), (3, 664.19306640625), (5, 669.160498046875), (1, 723.1197620738636), (2, 1092.34267578125), (0, 1168.5791015625)]","[(0, 2475.718017578125), (1, 3137.8330078125)]","[(1, 58.654466901506694), (2, 61.19752854567308), (4, 154.26554987980768), (0, 166.12847900390625), (5, 171.81341552734375), (3, 450.80326704545456)]","[(0, 3028.375), (1, 2824.810546875)]"
81,"[(0, 1078.0321044921875), (1, 1083.3577880859375)]","[(0, 1336.26513671875), (1, 1106.5155029296875)]","[(0, 28115.404296875), (1, 25087.93359375)]","[(0, 2074.890869140625), (1, 1789.1990966796875)]","[(0, 5481.53466796875), (1, 4043.5341796875)]","[(0, 14198.208984375), (1, 13364.8115234375)]","[(0, 25714.759765625), (1, 29963.734375)]","[(0, 1797.2127685546875), (1, 816.1475219726562)]","[(2, 105.09004720052083), (1, 106.18569711538461), (0, 144.167236328125), (5, 164.29510967548077), (4, 167.25197056361608), (3, 188.23875075120193)]","[(0, 2898.929931640625), (1, 4580.18603515625)]","[(4, 54.12683919270833), (3, 58.485748291015625), (5, 87.63332895132211), (0, 107.48892211914062), (2, 133.15514026988637), (1, 138.75176532451923)]","[(0, 2205.442138671875), (1, 3045.09375)]","[(4, 170.43511090959822), (3, 234.70421424278845), (1, 265.754638671875), (5, 311.6729329427083), (0, 430.6060901988636), (2, 576.203076171875)]","[(0, 12354.326171875), (1, 8188.8486328125)]"
82,"[(0, 1200.9022216796875), (1, 1177.9420166015625)]","[(0, 465.8000183105469), (1, 333.8963317871094)]","[(0, 8473.9912109375), (1, 4508.3037109375)]","[(0, 14670.5517578125), (1, 14834.6513671875)]","[(0, 2107.204833984375), (1, 1702.2867431640625)]","[(0, 13865.009765625), (1, 14066.171875)]","[(0, 21692.423828125), (1, 26699.69921875)]","[(0, 3796.05029296875), (1, 6151.82177734375)]","[(4, 159.09323299632354), (3, 181.99696350097656), (1, 212.70958658854167), (0, 266.2364501953125), (5, 272.366796875), (2, 420.77798227163464)]","[(0, 7265.82958984375), (1, 3955.392333984375)]","[(4, 41.704081217447914), (3, 64.5028076171875), (5, 82.36021071213942), (0, 140.06234741210938), (1, 160.93207256610577), (2, 182.78779740767047)]","[(0, 2339.70703125), (1, 2556.512451171875)]","[(1, 108.42000034877232), (2, 125.14840932992789), (4, 215.84818209134616), (0, 246.7992960611979), (5, 255.3783162434896), (3, 578.4775834517045)]","[(0, 3246.970947265625), (1, 2526.592041015625)]"
83,"[(0, 898.1104125976562), (1, 963.3057861328125)]","[(0, 1468.7601318359375), (1, 1339.498291015625)]","[(0, 2594.834716796875), (1, 3183.4736328125)]","[(0, 4236.90869140625), (1, 5284.07861328125)]","[(0, 6523.83349609375), (1, 3195.34814453125)]","[(0, 9902.98046875), (1, 10383.91796875)]","[(0, 7624.50830078125), (1, 6763.41064453125)]","[(0, 2378.407958984375), (1, 4353.953125)]","[(4, 245.68191964285714), (1, 251.94140625), (3, 288.0783503605769), (5, 291.67489858774036), (0, 293.72684420072113), (2, 298.46933218149036)]","[(0, 2340.30859375), (1, 3349.849365234375)]","[(4, 477.613037109375), (3, 583.1144205729166), (1, 676.568115234375), (0, 872.4989149305555), (5, 894.9989691840278), (2, 1331.8935546875)]","[(0, 2613.003662109375), (1, 1448.4713134765625)]","[(1, 94.58072916666667), (2, 108.70372663225446), (4, 180.4950232872596), (5, 223.7920939127604), (0, 229.47554837740384), (3, 609.17822265625)]","[(0, 2402.893798828125), (1, 1946.467529296875)]"
84,"[(0, 1650.771484375), (1, 1598.8941650390625)]","[(0, 2031.2930908203125), (1, 2072.5068359375)]","[(0, 22065.06640625), (1, 24270.5546875)]","[(0, 3442.43798828125), (1, 6999.17822265625)]","[(0, 5679.11279296875), (1, 2721.9345703125)]","[(0, 17873.166015625), (1, 17591.369140625)]","[(0, 4735.28955078125), (1, 5104.5791015625)]","[(0, 5952.6416015625), (1, 5514.9833984375)]","[(2, 74.12196568080357), (1, 97.77998046875), (5, 167.13243689903845), (4, 219.06633649553572), (0, 287.53380408653845), (3, 768.50341796875)]","[(0, 9412.3896484375), (1, 6250.587890625)]","[(4, 298.0662434895833), (3, 300.14113547585225), (5, 333.12986061789775), (0, 432.45387961647725), (2, 461.90065696022725), (1, 673.4286702473959)]","[(0, 8660.984375), (1, 6862.5517578125)]","[(1, 53.0805419921875), (4, 61.76099446614583), (2, 109.69821401742789), (5, 131.27454552283655), (0, 166.90012770432693), (3, 195.66015625)]","[(0, 2455.470458984375), (1, 2292.236328125)]"
85,"[(0, 682.8356323242188), (1, 784.3755493164062)]","[(0, 1416.587158203125), (1, 1376.8648681640625)]","[(0, 13588.7998046875), (1, 12619.90234375)]","[(0, 31277.330078125), (1, 27641.607421875)]","[(0, 2947.22802734375), (1, 1759.7332763671875)]","[(0, 7042.5595703125), (1, 6349.1416015625)]","[(0, 31950.115234375), (1, 32666.392578125)]","[(0, 8381.7705078125), (1, 6937.62744140625)]","[(5, 186.6658935546875), (2, 191.07695661272322), (4, 207.95364583333333), (1, 211.50096028645834), (3, 358.2459193638393), (0, 360.71187918526783)]","[(0, 1983.086181640625), (1, 2104.194580078125)]","[(4, 80.91374860491071), (3, 97.5762188251202), (0, 225.909423828125), (5, 250.5332234700521), (1, 324.01168118990387), (2, 582.3316761363636)]","[(0, 2141.30517578125), (1, 1881.918701171875)]","[(4, 233.49169921875), (1, 273.6590021306818), (5, 339.00185546875), (2, 396.8783203125), (3, 501.792578125), (0, 589.003369140625)]","[(0, 10191.109375), (1, 6403.43115234375)]"
86,"[(0, 617.792236328125), (1, 598.3557739257812)]","[(0, 760.7984008789062), (1, 709.31689453125)]","[(0, 2893.673583984375), (1, 2612.238525390625)]","[(0, 2684.15576171875), (1, 3004.3955078125)]","[(0, 2260.52099609375), (1, 1485.6561279296875)]","[(0, 6655.2841796875), (1, 7564.21484375)]","[(0, 13782.9287109375), (1, 15547.6484375)]","[(0, 2601.811279296875), (1, 1282.43212890625)]","[(1, 124.29537527901786), (2, 150.75723970853366), (4, 245.6723836263021), (0, 297.8431803385417), (5, 316.27419211647725), (3, 752.37099609375)]","[(0, 11303.5966796875), (1, 17816.392578125)]","[(4, 44.57673746744792), (3, 50.82773699079241), (0, 81.88340250651042), (1, 84.75075120192308), (5, 90.34270770733173), (2, 148.80808327414772)]","[(0, 3137.019287109375), (1, 2573.385986328125)]","[(1, 75.46160016741071), (2, 78.90508563701923), (4, 168.53547159830728), (5, 193.14774946732953), (0, 193.60860188802084), (3, 565.728515625)]","[(0, 14121.1171875), (1, 10192.96484375)]"
87,"[(0, 926.950927734375), (1, 963.1468505859375)]","[(0, 5831.125), (1, 5937.5146484375)]","[(0, 13303.328125), (1, 10035.072265625)]","[(0, 4186.904296875), (1, 3059.955078125)]","[(0, 6971.71142578125), (1, 4551.5732421875)]","[(0, 16301.349609375), (1, 15305.93359375)]","[(0, 10418.1689453125), (1, 10840.9951171875)]","[(0, 5500.8642578125), (1, 3687.973876953125)]","[(1, 42.793728298611114), (4, 49.83298268037684), (0, 65.2215347290039), (2, 73.15968322753906), (3, 75.12932942708333), (5, 86.97996419270834)]","[(0, 8882.7841796875), (1, 8734.2431640625)]","[(4, 223.27826397235577), (3, 280.93198649088544), (1, 554.4219156901041), (5, 573.6994850852273), (0, 705.8831676136364), (2, 1993.37265625)]","[(0, 1421.6229248046875), (1, 1007.9186401367188)]","[(4, 76.27186802455357), (1, 112.21938852163461), (3, 126.98194298377403), (5, 139.66612752278647), (0, 198.21370442708334), (2, 263.59286221590907)]","[(0, 8821.50390625), (1, 6103.0576171875)]"
88,"[(0, 1849.01171875), (1, 2156.41357421875)]","[(0, 6866.17822265625), (1, 7438.06298828125)]","[(0, 5498.17333984375), (1, 4535.16455078125)]","[(0, 5806.1708984375), (1, 7378.46923828125)]","[(0, 7330.111328125), (1, 4722.265625)]","[(0, 6096.74560546875), (1, 6274.9208984375)]","[(0, 42017.265625), (1, 38299.7578125)]","[(0, 5321.05419921875), (1, 7107.84033203125)]","[(4, 204.37586388221155), (1, 213.08550555889423), (3, 271.39422607421875), (0, 286.03363037109375), (5, 301.62546793619794), (2, 321.46840413411456)]","[(0, 10971.6611328125), (1, 8112.3857421875)]","[(4, 712.9639485677084), (2, 820.0602805397727), (5, 847.0832741477273), (0, 999.3385120738636), (3, 1017.9044744318181), (1, 1025.9242350260417)]","[(0, 3788.567626953125), (1, 4395.58642578125)]","[(1, 76.69648155799278), (2, 101.45237223307292), (4, 134.88773600260416), (0, 171.9697265625), (5, 198.78331409801137), (3, 391.406298828125)]","[(0, 2969.605224609375), (1, 2312.503662109375)]"
89,"[(0, 1178.1151123046875), (1, 1150.861328125)]","[(0, 4587.92822265625), (1, 4774.7548828125)]","[(0, 9617.9345703125), (1, 6788.38623046875)]","[(0, 33382.93359375), (1, 22482.201171875)]","[(0, 6289.6474609375), (1, 4358.29443359375)]","[(0, 19156.9921875), (1, 20515.931640625)]","[(0, 27087.43359375), (1, 29968.25)]","[(0, 3763.6796875), (1, 2540.59423828125)]","[(2, 61.630611165364584), (1, 66.32714080810547), (0, 107.55421665736607), (4, 123.74075520833334), (5, 139.53716169084822), (3, 224.78312800480768)]","[(0, 6028.65966796875), (1, 5191.53076171875)]","[(4, 77.20002746582031), (3, 103.44135076349431), (1, 122.1347323330966), (0, 188.516552734375), (5, 189.4335205078125), (2, 328.52861870659723)]","[(0, 2809.73779296875), (1, 2389.8525390625)]","[(1, 63.6843147277832), (2, 84.63798828125), (0, 111.36809430803571), (5, 123.14496319110577), (4, 149.48531668526786), (3, 204.3323771158854)]","[(0, 3193.4931640625), (1, 2498.483154296875)]"
90,"[(0, 1338.146728515625), (1, 1405.2139892578125)]","[(0, 2242.340087890625), (1, 2330.398681640625)]","[(0, 29242.673828125), (1, 20576.8515625)]","[(0, 7754.55419921875), (1, 7346.92138671875)]","[(0, 2233.115478515625), (1, 2305.429931640625)]","[(0, 10385.8984375), (1, 10293.740234375)]","[(0, 54470.40234375), (1, 71583.875)]","[(0, 2791.08984375), (1, 1215.5582275390625)]","[(2, 36.73367919921875), (1, 37.11762619018555), (4, 45.17979329427083), (5, 47.013196672712056), (0, 77.69283621651786), (3, 97.73958646334134)]","[(0, 13490.83203125), (1, 11349.1357421875)]","[(1, 47.27712833180147), (4, 55.73301315307617), (2, 64.4000244140625), (0, 64.58275146484375), (3, 104.44797188895089), (5, 104.93800571986607)]","[(0, 1336.0496826171875), (1, 999.1106567382812)]","[(1, 13.46158644732307), (3, 17.45998965992647), (0, 19.34610366821289), (4, 21.819566514756943), (5, 22.31218719482422), (2, 23.38321736653646)]","[(0, 18323.64453125), (1, 14468.416015625)]"
91,"[(0, 809.6463623046875), (1, 854.463623046875)]","[(0, 418.6908264160156), (1, 351.2314453125)]","[(0, 18385.64453125), (1, 16610.50390625)]","[(0, 6882.5419921875), (1, 11168.23046875)]","[(0, 11858.8515625), (1, 8033.9931640625)]","[(0, 2559.8486328125), (1, 2633.92333984375)]","[(0, 6964.18310546875), (1, 6915.53173828125)]","[(0, 1806.6065673828125), (1, 2001.330078125)]","[(1, 67.89453938802083), (4, 73.0676498413086), (2, 97.71832744891827), (5, 109.01314871651786), (0, 134.55216158353366), (3, 161.07244001116072)]","[(0, 1904.936767578125), (1, 2300.512451171875)]","[(2, 107.79905348557692), (1, 151.6973876953125), (4, 226.62629582331732), (5, 273.79420979817706), (0, 301.77797444661456), (3, 757.6936257102273)]","[(0, 3724.005859375), (1, 3073.2763671875)]","[(1, 91.00479561941964), (2, 96.02386944110577), (0, 263.64501953125), (4, 300.7035319010417), (5, 364.59326171875), (3, 1181.75087890625)]","[(0, 16477.83203125), (1, 11998.4111328125)]"
92,"[(0, 1629.1527099609375), (1, 1598.689208984375)]","[(0, 4820.9775390625), (1, 4284.3916015625)]","[(0, 7089.2578125), (1, 4913.03466796875)]","[(0, 2167.627197265625), (1, 1887.572509765625)]","[(0, 9803.3857421875), (1, 6674.45361328125)]","[(0, 5708.71240234375), (1, 5663.4765625)]","[(0, 13892.52734375), (1, 15507.7548828125)]","[(0, 1491.5069580078125), (1, 2918.0869140625)]","[(2, 39.67588975694444), (1, 43.453886333264805), (5, 66.14356904871323), (4, 70.76362440321181), (0, 73.28691549862133), (3, 116.10098266601562)]","[(0, 2297.017822265625), (1, 1912.9935302734375)]","[(2, 702.5101996527778), (1, 722.37529296875), (4, 991.90390625), (5, 1052.0843098958333), (0, 1289.853515625), (3, 1757.294921875)]","[(0, 2330.203125), (1, 1789.6778564453125)]","[(4, 148.802978515625), (1, 168.12772993607953), (5, 230.5075927734375), (2, 253.622314453125), (3, 278.9259033203125), (0, 324.17080078125)]","[(0, 3902.806396484375), (1, 3304.29296875)]"
93,"[(0, 982.185302734375), (1, 1086.9541015625)]","[(0, 6650.11962890625), (1, 6919.1201171875)]","[(0, 1613.8114013671875), (1, 1623.2254638671875)]","[(0, 3498.396240234375), (1, 2972.3369140625)]","[(0, 3103.210693359375), (1, 3652.586669921875)]","[(0, 10393.1513671875), (1, 10576.671875)]","[(0, 9009.07421875), (1, 13385.69140625)]","[(0, 3499.877685546875), (1, 3529.212158203125)]","[(2, 69.92028372628349), (1, 79.25259602864584), (5, 121.14333670479911), (4, 130.16874186197916), (0, 161.8622107872596), (3, 281.69339693509613)]","[(0, 1190.8978271484375), (1, 861.116455078125)]","[(4, 65.51068929036458), (3, 96.54922921316964), (5, 105.58868877704327), (0, 161.1051307091346), (1, 198.77739606584822), (2, 226.0870157877604)]","[(0, 755.97900390625), (1, 642.6875610351562)]","[(4, 499.61283735795456), (5, 670.398388671875), (3, 750.721826171875), (1, 770.3238636363636), (2, 1079.419921875), (0, 1177.0560546875)]","[(0, 22541.08984375), (1, 15285.482421875)]"
94,"[(0, 1633.348388671875), (1, 1575.491943359375)]","[(0, 3734.88916015625), (1, 3331.77490234375)]","[(0, 15920.328125), (1, 13081.4130859375)]","[(0, 6001.634765625), (1, 5333.232421875)]","[(0, 10196.3193359375), (1, 4973.92626953125)]","[(0, 12403.9326171875), (1, 11940.7998046875)]","[(0, 10027.849609375), (1, 14832.1904296875)]","[(0, 2804.14990234375), (1, 2772.837890625)]","[(2, 57.62723482572115), (5, 69.96906456580528), (1, 71.89809308733258), (4, 85.19423130580357), (0, 105.6793682391827), (3, 125.3012225811298)]","[(0, 13554.888671875), (1, 16826.798828125)]","[(4, 392.3814227764423), (2, 454.2198486328125), (0, 468.7277018229167), (5, 492.388427734375), (3, 494.77587890625), (1, 644.8481069711538)]","[(0, 4265.3935546875), (1, 3974.096923828125)]","[(1, 48.98489200367647), (3, 49.98825276692708), (5, 52.18812662760417), (0, 54.96267318725586), (2, 57.324825286865234), (4, 90.09661865234375)]","[(0, 1650.8052978515625), (1, 1531.3408203125)]"
95,"[(0, 1206.8673095703125), (1, 1274.636474609375)]","[(0, 1430.486572265625), (1, 1287.0072021484375)]","[(0, 1788.4912109375), (1, 1960.73974609375)]","[(0, 7423.82568359375), (1, 9394.59765625)]","[(0, 9592.9072265625), (1, 4881.072265625)]","[(0, 5860.443359375), (1, 5119.20947265625)]","[(0, 5281.48876953125), (1, 5439.75390625)]","[(0, 2519.337890625), (1, 2227.534423828125)]","[(4, 68.84385770909927), (1, 69.90462917751736), (3, 102.63743489583334), (0, 108.58516693115234), (5, 112.826220703125), (2, 119.87213134765625)]","[(0, 19500.58203125), (1, 19242.28125)]","[(1, 263.3143780048077), (2, 288.70538330078125), (4, 494.03564453125), (0, 513.3294122869319), (5, 581.0762606534091), (3, 1279.3294921875)]","[(0, 1278.0338134765625), (1, 1605.116943359375)]","[(1, 69.87103630514706), (2, 72.49324798583984), (5, 113.6146484375), (0, 149.435595703125), (4, 150.46974182128906), (3, 262.78184291294644)]","[(0, 1819.161865234375), (1, 1603.68701171875)]"
96,"[(0, 969.0165405273438), (1, 1103.79736328125)]","[(0, 421.3798828125), (1, 299.4039306640625)]","[(0, 12096.6796875), (1, 12790.48828125)]","[(0, 2338.74560546875), (1, 2094.3798828125)]","[(0, 2267.73046875), (1, 1946.1129150390625)]","[(0, 8470.46875), (1, 9826.54296875)]","[(0, 4934.13671875), (1, 6553.83447265625)]","[(0, 2434.6826171875), (1, 1659.04931640625)]","[(4, 144.67591203962053), (3, 172.15294471153845), (1, 315.25033804086536), (5, 344.8773193359375), (0, 390.259033203125), (2, 833.4693714488636)]","[(0, 2423.927001953125), (1, 1072.1060791015625)]","[(4, 177.0066935221354), (3, 266.2147771661932), (1, 377.17067649147725), (5, 501.26982421875), (0, 719.644873046875), (2, 1305.3043619791667)]","[(0, 2732.16455078125), (1, 1614.725830078125)]","[(1, 103.16616385323661), (2, 119.18728402944711), (4, 202.69587590144232), (5, 247.46675618489584), (0, 407.5255940755208), (3, 796.0062144886364)]","[(0, 3870.097412109375), (1, 3729.6318359375)]"
97,"[(0, 741.1177978515625), (1, 793.4300537109375)]","[(0, 3728.895751953125), (1, 3727.512939453125)]","[(0, 3153.45361328125), (1, 2441.58935546875)]","[(0, 5861.7685546875), (1, 5095.11474609375)]","[(0, 1572.309814453125), (1, 1419.167724609375)]","[(0, 2854.433837890625), (1, 3145.839111328125)]","[(0, 5020.98974609375), (1, 4944.45703125)]","[(0, 4416.2509765625), (1, 3522.154541015625)]","[(4, 66.86102653952206), (3, 75.89993286132812), (5, 115.07060546875), (1, 127.05659993489583), (0, 160.61739676339286), (2, 294.35584435096155)]","[(0, 7297.43359375), (1, 3537.21826171875)]","[(2, 110.83935546875), (4, 113.8316650390625), (5, 130.70494791666667), (0, 137.78628976004464), (1, 140.8802734375), (3, 151.40155029296875)]","[(0, 11408.537109375), (1, 3929.0224609375)]","[(4, 37.399012974330354), (3, 56.71097975510817), (1, 60.89441387469952), (5, 66.7152608235677), (0, 105.0355936686198), (2, 131.39903675426137)]","[(0, 15040.9423828125), (1, 9000.1259765625)]"
98,"[(0, 1550.476806640625), (1, 1691.2073974609375)]","[(0, 5418.93359375), (1, 6753.4326171875)]","[(0, 25395.2109375), (1, 30801.0859375)]","[(0, 2855.521484375), (1, 3251.913818359375)]","[(0, 11420.5771484375), (1, 6586.4921875)]","[(0, 1309.97900390625), (1, 1192.48828125)]","[(0, 5560.63916015625), (1, 5780.78271484375)]","[(0, 4464.98974609375), (1, 3834.794677734375)]","[(4, 59.842529296875), (3, 78.39040902944711), (5, 114.51343790690105), (1, 190.05535888671875), (0, 298.02987393465907), (2, 411.310986328125)]","[(0, 13443.697265625), (1, 11560.6337890625)]","[(2, 53.80908203125), (1, 70.12074933733258), (4, 97.0149395282452), (5, 106.07703653971355), (0, 170.50204467773438), (3, 422.35111860795456)]","[(0, 4114.25537109375), (1, 1945.6480712890625)]","[(1, 19.001912434895832), (4, 21.299334716796874), (2, 33.71553861177885), (0, 37.153735821063705), (5, 39.19116915189303), (3, 44.21038348858173)]","[(0, 21537.71875), (1, 14665.7255859375)]"
99,"[(0, 875.2198486328125), (1, 980.7523193359375)]","[(0, 2873.09521484375), (1, 2988.170654296875)]","[(0, 26220.5625), (1, 17247.173828125)]","[(0, 15683.8232421875), (1, 15560.40625)]","[(0, 5593.1357421875), (1, 3343.316162109375)]","[(0, 1655.5823974609375), (1, 1474.0306396484375)]","[(0, 13226.892578125), (1, 13288.328125)]","[(0, 997.6962280273438), (1, 1051.2423095703125)]","[(4, 741.3002115885416), (1, 764.5821126302084), (3, 954.3879616477273), (5, 983.6829723011364), (0, 983.8602627840909), (2, 1021.8046875)]","[(0, 7621.21533203125), (1, 4826.3134765625)]","[(2, 339.05018446180554), (1, 350.7974853515625), (5, 502.4191623263889), (4, 506.1533203125), (0, 513.0301106770834), (3, 734.7212456597222)]","[(0, 1646.3551025390625), (1, 1054.71484375)]","[(1, 133.92096416766827), (2, 186.3955281575521), (0, 202.42281087239584), (4, 219.57527043269232), (5, 250.79046630859375), (3, 257.07440185546875)]","[(0, 6824.56787109375), (1, 5523.96337890625)]"
100,"[(0, 1070.84765625), (1, 1038.613525390625)]","[(0, 5080.166015625), (1, 5517.87158203125)]","[(0, 5306.798828125), (1, 4711.02001953125)]","[(0, 4204.85498046875), (1, 4302.47314453125)]","[(0, 8194.1845703125), (1, 5261.640625)]","[(0, 7108.01611328125), (1, 7641.732421875)]","[(0, 17957.359375), (1, 22354.2421875)]","[(0, 5823.63916015625), (1, 5284.8798828125)]","[(4, 25.794889450073242), (3, 34.69245198567708), (5, 34.79952784946987), (1, 42.894344075520834), (2, 57.29159780649039), (0, 59.247327532087056)]","[(0, 3059.047607421875), (1, 3608.008544921875)]","[(1, 126.3871600811298), (2, 150.08887736002603), (4, 231.1909845525568), (0, 245.68468128551137), (5, 324.0681884765625), (3, 674.7655164930555)]","[(0, 6300.57958984375), (1, 2170.93310546875)]","[(1, 45.264322916666664), (4, 49.512732611762154), (3, 69.17925262451172), (5, 69.51054382324219), (2, 79.62415313720703), (0, 80.7617416381836)]","[(0, 14429.95703125), (1, 10402.501953125)]"
101,"[(0, 1077.470947265625), (1, 1152.1396484375)]","[(0, 1549.1309814453125), (1, 1483.0047607421875)]","[(0, 4278.21435546875), (1, 5238.7744140625)]","[(0, 9577.943359375), (1, 11264.4462890625)]","[(0, 5302.28125), (1, 3391.96826171875)]","[(0, 17659.595703125), (1, 17222.009765625)]","[(0, 19091.080078125), (1, 20349.59765625)]","[(0, 1198.819580078125), (1, 2191.441162109375)]","[(4, 70.74178205217633), (3, 79.86371319110577), (5, 133.29888916015625), (1, 144.84256998697916), (0, 193.53071732954547), (2, 340.655322265625)]","[(0, 8850.55078125), (1, 5492.42919921875)]","[(1, 86.48174579326923), (2, 108.11197916666667), (4, 176.50621448863637), (0, 213.6189852627841), (5, 245.1941650390625), (3, 652.8785264756945)]","[(0, 4626.80078125), (1, 3797.5205078125)]","[(1, 53.38213348388672), (4, 70.69384047564338), (2, 74.38912527901786), (5, 89.47689615885416), (0, 120.94138009207589), (3, 146.0205078125)]","[(0, 3520.40478515625), (1, 3588.401123046875)]"
102,"[(0, 1135.953125), (1, 1183.1029052734375)]","[(0, 321.93255615234375), (1, 260.6328430175781)]","[(0, 2486.7685546875), (1, 1741.4459228515625)]","[(0, 4067.816162109375), (1, 6018.06689453125)]","[(0, 1023.02734375), (1, 784.0303955078125)]","[(0, 6753.0849609375), (1, 6818.3544921875)]","[(0, 7255.201171875), (1, 9121.64453125)]","[(0, 652.7564697265625), (1, 740.3223266601562)]","[(1, 97.26927185058594), (2, 101.9824462890625), (4, 142.13557942708334), (5, 163.39899553571428), (0, 229.95731026785714), (3, 358.01806640625)]","[(0, 2906.970947265625), (1, 3273.198974609375)]","[(4, 365.13296274038464), (5, 460.9949951171875), (1, 475.4593975360577), (2, 582.3050130208334), (3, 634.3452555338541), (0, 808.4458821614584)]","[(0, 3034.9697265625), (1, 3283.8955078125)]","[(1, 28.277374267578125), (5, 41.420885358537944), (4, 42.69890213012695), (2, 45.420806884765625), (3, 57.656297956194194), (0, 63.28830827985491)]","[(0, 7508.212890625), (1, 6632.18310546875)]"
103,"[(0, 954.1339111328125), (1, 896.8782958984375)]","[(0, 408.13818359375), (1, 271.5750732421875)]","[(0, 5026.25048828125), (1, 3447.497314453125)]","[(0, 16551.5859375), (1, 11606.4453125)]","[(0, 1215.365234375), (1, 860.8590087890625)]","[(0, 2026.0946044921875), (1, 1890.3828125)]","[(0, 4286.443359375), (1, 3704.601318359375)]","[(0, 3119.310546875), (1, 3147.018310546875)]","[(4, 37.52801513671875), (3, 45.35733235677083), (1, 56.283883231026785), (5, 66.61823381696429), (0, 76.95070706881009), (2, 111.25611368815105)]","[(0, 4105.75390625), (1, 4315.73046875)]","[(4, 234.43416341145834), (3, 309.5156915838068), (5, 348.9732555042614), (0, 399.6102183948864), (2, 452.0436345880682), (1, 510.2685953776042)]","[(0, 1228.6962890625), (1, 1057.5360107421875)]","[(1, 208.52001953125), (2, 226.80810546875), (4, 229.81223366477272), (5, 249.238232421875), (0, 485.87978515625), (3, 539.614013671875)]","[(0, 16812.30078125), (1, 10761.5751953125)]"
104,"[(0, 1368.4716796875), (1, 1369.4462890625)]","[(0, 6003.74169921875), (1, 5140.03955078125)]","[(0, 26881.509765625), (1, 28794.880859375)]","[(0, 2814.902099609375), (1, 4692.20166015625)]","[(0, 2843.08984375), (1, 1888.7933349609375)]","[(0, 9892.087890625), (1, 11298.865234375)]","[(0, 6712.30029296875), (1, 7324.96826171875)]","[(0, 2078.831298828125), (1, 1137.87060546875)]","[(1, 140.85402268629807), (4, 155.36229529747595), (2, 175.99857584635416), (5, 192.07354736328125), (0, 267.5354410807292), (3, 296.27907307942706)]","[(0, 4972.67919921875), (1, 4717.4130859375)]","[(2, 36.163299560546875), (5, 43.23249816894531), (1, 44.669586181640625), (4, 53.23301344651442), (0, 114.89330037434895), (3, 129.9643221768466)]","[(0, 2406.923583984375), (1, 2634.847900390625)]","[(1, 39.964856828962056), (2, 43.02055006760817), (4, 85.48626708984375), (0, 112.00291951497395), (5, 115.06194513494319), (3, 287.925732421875)]","[(0, 15508.923828125), (1, 10679.2841796875)]"
105,"[(0, 1375.541259765625), (1, 1334.9136962890625)]","[(0, 1029.619873046875), (1, 948.1622314453125)]","[(0, 5402.1640625), (1, 4486.31396484375)]","[(0, 4818.771484375), (1, 6083.5615234375)]","[(0, 6162.14990234375), (1, 3716.927490234375)]","[(0, 6497.3583984375), (1, 6360.056640625)]","[(0, 11549.912109375), (1, 12093.830078125)]","[(0, 2473.5986328125), (1, 2096.455078125)]","[(2, 149.11180419921874), (1, 152.35549094460228), (0, 210.394677734375), (5, 264.49094460227275), (4, 267.6444091796875), (3, 316.91184303977275)]","[(0, 1206.12109375), (1, 2061.36181640625)]","[(5, 399.97469815340907), (4, 473.8948567708333), (2, 509.38272372159093), (1, 585.0688069661459), (3, 839.2944779829545), (0, 1068.080166903409)]","[(0, 1743.1954345703125), (1, 1853.4810791015625)]","[(1, 47.447967529296875), (2, 48.09930889423077), (4, 128.56055704752603), (0, 130.55694580078125), (5, 150.78627707741478), (3, 424.50458984375)]","[(0, 5065.12548828125), (1, 3917.252197265625)]"
106,"[(0, 1037.3558349609375), (1, 1051.658935546875)]","[(0, 1346.4276123046875), (1, 1260.82861328125)]","[(0, 4222.84228515625), (1, 3327.919921875)]","[(0, 3822.107177734375), (1, 4152.73681640625)]","[(0, 4834.0751953125), (1, 2927.376953125)]","[(0, 7162.5634765625), (1, 7108.99951171875)]","[(0, 28736.01171875), (1, 31825.40234375)]","[(0, 4999.8505859375), (1, 2428.3798828125)]","[(1, 50.052259172712056), (4, 56.347347005208334), (2, 66.58044942220052), (5, 75.74610783503606), (0, 100.92936197916667), (3, 115.92889873798077)]","[(0, 1888.911376953125), (1, 3522.436767578125)]","[(4, 144.4262977013221), (3, 171.59513346354166), (1, 250.01695667613637), (5, 319.4720569957386), (0, 369.1404541015625), (2, 712.5768229166666)]","[(0, 3979.968017578125), (1, 3456.45166015625)]","[(4, 48.24969482421875), (1, 52.8602294921875), (5, 87.13539475661058), (2, 90.31224568684895), (3, 114.26647010216347), (0, 123.44532267252605)]","[(0, 2061.903564453125), (1, 1547.1304931640625)]"
107,"[(0, 2126.019775390625), (1, 2222.1123046875)]","[(0, 2079.50537109375), (1, 2210.888916015625)]","[(0, 28676.4140625), (1, 24782.59765625)]","[(0, 3524.96728515625), (1, 4336.4453125)]","[(0, 2310.140869140625), (1, 2191.829833984375)]","[(0, 5436.5380859375), (1, 5157.09716796875)]","[(0, 19447.763671875), (1, 23948.45703125)]","[(0, 1633.4925537109375), (1, 1928.517822265625)]","[(4, 59.32966965895433), (3, 66.27415466308594), (5, 115.05190207741477), (1, 141.88571166992188), (0, 184.3772305575284), (2, 371.9097412109375)]","[(0, 2302.737060546875), (1, 2335.11279296875)]","[(2, 116.57809884207589), (1, 126.04139811197916), (4, 243.25071364182693), (0, 254.1041541466346), (5, 264.3560384114583), (3, 734.4525479403409)]","[(0, 517.657470703125), (1, 554.7977294921875)]","[(2, 207.94439697265625), (1, 231.60730919471155), (5, 318.21592203776044), (4, 337.96920072115387), (0, 465.8559977213542), (3, 685.5323893229166)]","[(0, 8163.40576171875), (1, 5739.654296875)]"
108,"[(0, 1202.748046875), (1, 1337.23974609375)]","[(0, 1126.5638427734375), (1, 1054.2818603515625)]","[(0, 2785.064697265625), (1, 2523.2919921875)]","[(0, 3024.69775390625), (1, 2878.125)]","[(0, 2838.817138671875), (1, 1985.3143310546875)]","[(0, 9484.8740234375), (1, 9728.0048828125)]","[(0, 27774.5234375), (1, 39891.69921875)]","[(0, 1402.07958984375), (1, 2058.034423828125)]","[(4, 130.69806780133928), (3, 189.16319861778845), (5, 199.12618001302084), (1, 215.18745930989584), (0, 330.3234197443182), (2, 352.63759765625)]","[(0, 16118.041015625), (1, 16485.421875)]","[(1, 86.16707938058036), (2, 98.82655686598558), (4, 215.2537638346354), (0, 226.0516560872396), (5, 278.64688387784093), (3, 656.146435546875)]","[(0, 5189.90185546875), (1, 5248.86083984375)]","[(1, 66.87725830078125), (3, 76.69884490966797), (5, 98.25423177083333), (0, 102.84621756417411), (4, 115.61520565257354), (2, 136.21478740985577)]","[(0, 2163.58740234375), (1, 2013.542236328125)]"
109,"[(0, 1608.4949951171875), (1, 1644.0064697265625)]","[(0, 661.5975952148438), (1, 587.7937622070312)]","[(0, 23668.138671875), (1, 17943.990234375)]","[(0, 8912.423828125), (1, 9361.9345703125)]","[(0, 1886.3551025390625), (1, 1368.8985595703125)]","[(0, 5347.80859375), (1, 5948.9755859375)]","[(0, 6238.7548828125), (1, 6031.96630859375)]","[(0, 2459.1953125), (1, 3249.76220703125)]","[(1, 211.142822265625), (2, 234.671044921875), (4, 283.6475275213068), (5, 326.0173828125), (0, 333.0713623046875), (3, 447.021337890625)]","[(0, 4630.53515625), (1, 2046.312255859375)]","[(4, 150.38308715820312), (3, 180.16188742897728), (5, 201.90735973011363), (0, 267.1027166193182), (2, 282.23923561789775), (1, 389.7141927083333)]","[(0, 6462.3076171875), (1, 4176.6787109375)]","[(1, 68.07433319091797), (4, 89.64634704589844), (2, 112.047607421875), (5, 121.38006591796875), (0, 133.12100655691964), (3, 144.40167236328125)]","[(0, 15154.630859375), (1, 10655.275390625)]"
110,"[(0, 1092.7740478515625), (1, 1097.04736328125)]","[(0, 2455.347412109375), (1, 2872.263916015625)]","[(0, 5348.03271484375), (1, 3344.26318359375)]","[(0, 6857.67138671875), (1, 5849.2763671875)]","[(0, 2669.7138671875), (1, 2487.754150390625)]","[(0, 4838.5078125), (1, 4522.38037109375)]","[(0, 27504.765625), (1, 28292.416015625)]","[(0, 1391.2447509765625), (1, 1227.859375)]","[(4, 155.7350792518029), (1, 170.76585036057693), (3, 191.5012410481771), (0, 216.28365071614584), (5, 236.44877115885416), (2, 257.30299886067706)]","[(0, 5009.23828125), (1, 4660.7685546875)]","[(2, 79.28624549278847), (1, 88.24244907924107), (0, 206.4145304361979), (5, 292.3019612630208), (4, 299.6878192608173), (3, 807.1508345170455)]","[(0, 5054.1962890625), (1, 2271.746826171875)]","[(1, 142.5872136896307), (4, 234.73215553977272), (2, 305.1809326171875), (0, 325.4411376953125), (5, 527.18623046875), (3, 563.4375)]","[(0, 4172.34375), (1, 3523.62939453125)]"
111,"[(0, 1343.8145751953125), (1, 1685.838623046875)]","[(0, 4232.68408203125), (1, 5001.01416015625)]","[(0, 10587.681640625), (1, 11108.8818359375)]","[(0, 2522.716796875), (1, 4835.970703125)]","[(0, 1500.3756103515625), (1, 1351.8785400390625)]","[(0, 12314.9892578125), (1, 12023.7138671875)]","[(0, 8310.873046875), (1, 13872.4970703125)]","[(0, 1094.6400146484375), (1, 915.1714477539062)]","[(4, 156.81546456473214), (1, 158.52633231026786), (3, 199.20778245192307), (0, 206.41515174278845), (2, 255.13176081730768), (5, 262.9224196213942)]","[(0, 3612.112548828125), (1, 5730.06640625)]","[(4, 314.18701171875), (2, 329.2585042317708), (5, 337.22032752403845), (1, 464.3776667668269), (0, 523.6226806640625), (3, 546.6146334134615)]","[(0, 4460.666015625), (1, 3776.238037109375)]","[(1, 34.16508573644302), (2, 47.19186019897461), (0, 82.65440266927084), (5, 106.38011823381696), (4, 127.1889892578125), (3, 182.67482346754807)]","[(0, 15270.62109375), (1, 9389.33984375)]"
112,"[(0, 1322.995849609375), (1, 1282.0157470703125)]","[(0, 1535.647705078125), (1, 1806.778076171875)]","[(0, 4443.97021484375), (1, 5100.94873046875)]","[(0, 4046.46630859375), (1, 4293.958984375)]","[(0, 2878.263427734375), (1, 2434.46435546875)]","[(0, 9756.28515625), (1, 10170.875)]","[(0, 22142.240234375), (1, 41684.67578125)]","[(0, 2940.803955078125), (1, 2502.1005859375)]","[(1, 115.417626953125), (2, 128.58143833705358), (4, 205.27199009486608), (0, 220.85931865985577), (5, 266.6353102463942), (3, 477.8900553385417)]","[(0, 2318.446044921875), (1, 1862.755859375)]","[(2, 150.75310407366072), (5, 160.09751674107142), (4, 172.89300130208332), (1, 205.826318359375), (0, 281.2330845424107), (3, 300.7606724330357)]","[(0, 6714.35546875), (1, 5484.123046875)]","[(4, 31.58264629657452), (3, 47.42802937825521), (1, 50.7248280843099), (5, 73.68519176136364), (0, 83.6877108487216), (2, 128.08817138671876)]","[(0, 20777.552734375), (1, 15832.07421875)]"
113,"[(0, 1206.4173583984375), (1, 1202.929931640625)]","[(0, 868.287109375), (1, 843.5164184570312)]","[(0, 3228.26318359375), (1, 3617.801025390625)]","[(0, 9441.05078125), (1, 10241.197265625)]","[(0, 9259.8388671875), (1, 6960.77685546875)]","[(0, 14536.212890625), (1, 14417.9609375)]","[(0, 6607.59326171875), (1, 5931.09130859375)]","[(0, 3427.7421875), (1, 3015.65673828125)]","[(5, 109.6650390625), (4, 119.57488544170673), (3, 143.18807983398438), (2, 147.76985677083334), (1, 160.94412935697116), (0, 203.5765177408854)]","[(0, 1854.58447265625), (1, 959.2847900390625)]","[(2, 248.89483173076923), (1, 258.409912109375), (5, 479.1322021484375), (0, 489.1561686197917), (4, 496.47855318509613), (3, 998.9402521306819)]","[(0, 5094.88134765625), (1, 3920.06982421875)]","[(1, 72.08401925223214), (2, 86.49441293569711), (4, 127.0515645345052), (5, 161.9298983487216), (0, 163.44243367513022), (3, 337.4899169921875)]","[(0, 2237.102783203125), (1, 2127.131103515625)]"
114,"[(0, 895.6470336914062), (1, 971.4176635742188)]","[(0, 2534.9150390625), (1, 2820.780517578125)]","[(0, 11985.5908203125), (1, 8810.7666015625)]","[(0, 9249.70703125), (1, 10485.91015625)]","[(0, 9575.2490234375), (1, 6391.52197265625)]","[(0, 24585.330078125), (1, 23887.349609375)]","[(0, 18209.40234375), (1, 19456.16796875)]","[(0, 3940.422607421875), (1, 4243.107421875)]","[(1, 521.3400656960227), (2, 637.601611328125), (4, 738.0208185369319), (0, 887.53330078125), (5, 938.5857421875), (3, 1262.49453125)]","[(0, 1623.0450439453125), (1, 1589.8896484375)]","[(2, 74.09316781850961), (1, 82.88286481584821), (4, 119.1057598407452), (5, 127.0087381998698), (0, 192.1635945638021), (3, 346.69107333096593)]","[(0, 6541.74560546875), (1, 4134.669921875)]","[(1, 76.67043169806985), (2, 79.6821060180664), (5, 155.55262974330358), (0, 162.46316731770833), (4, 183.93614908854167), (3, 334.59288611778845)]","[(0, 17793.146484375), (1, 12670.1279296875)]"
115,"[(0, 1082.952880859375), (1, 1173.34912109375)]","[(0, 2657.22705078125), (1, 3444.815673828125)]","[(0, 23300.732421875), (1, 18582.26171875)]","[(0, 5204.25537109375), (1, 4386.31103515625)]","[(0, 7798.9267578125), (1, 5840.9091796875)]","[(0, 11616.2890625), (1, 11325.7490234375)]","[(0, 13394.6435546875), (1, 18852.384765625)]","[(0, 2447.169189453125), (1, 2256.93115234375)]","[(1, 347.810791015625), (2, 389.90121694711536), (4, 422.17483956473217), (5, 478.3365009014423), (0, 511.83315805288464), (3, 619.1704852764423)]","[(0, 2091.994384765625), (1, 1543.6162109375)]","[(1, 272.87796724759613), (0, 324.73394775390625), (2, 349.8042805989583), (4, 417.03707181490387), (3, 572.24267578125), (5, 653.898193359375)]","[(0, 4531.85302734375), (1, 4292.423828125)]","[(1, 16.99695332845052), (4, 23.519846598307293), (2, 24.498775482177734), (5, 25.382219314575195), (3, 36.7789306640625), (0, 36.797542572021484)]","[(0, 3352.24609375), (1, 3372.75)]"
116,"[(0, 1740.7642822265625), (1, 1674.8726806640625)]","[(0, 1971.4854736328125), (1, 2339.084716796875)]","[(0, 4713.08740234375), (1, 2741.75146484375)]","[(0, 1980.3353271484375), (1, 2119.154541015625)]","[(0, 2713.247314453125), (1, 2141.09912109375)]","[(0, 8640.095703125), (1, 9361.5693359375)]","[(0, 29622.837890625), (1, 43612.984375)]","[(0, 2826.9248046875), (1, 3161.62890625)]","[(1, 509.7510986328125), (2, 645.3814364346591), (4, 664.7950439453125), (0, 806.6206498579545), (5, 845.0893998579545), (3, 1060.374911221591)]","[(0, 2370.885986328125), (1, 3707.3935546875)]","[(4, 410.7042893629808), (5, 609.9339192708334), (2, 620.0343017578125), (0, 641.1149495442709), (3, 648.8862711588541), (1, 660.8791316105769)]","[(0, 3450.87890625), (1, 3541.988037109375)]","[(1, 37.08945846557617), (4, 48.884998994715076), (5, 52.83982747395833), (3, 55.77172037760417), (2, 63.2169189453125), (0, 64.33978271484375)]","[(0, 2141.32568359375), (1, 1847.78662109375)]"
117,"[(0, 1280.3260498046875), (1, 1259.286865234375)]","[(0, 1416.45263671875), (1, 1399.9998779296875)]","[(0, 28264.583984375), (1, 28341.673828125)]","[(0, 9854.98828125), (1, 8289.7548828125)]","[(0, 6192.7138671875), (1, 3457.111328125)]","[(0, 33860.90625), (1, 38137.52734375)]","[(0, 14439.5791015625), (1, 12528.0126953125)]","[(0, 1883.452880859375), (1, 2507.54931640625)]","[(4, 264.69539969308033), (1, 278.23006766183033), (5, 305.4951923076923), (2, 312.0453350360577), (3, 341.4759990985577), (0, 374.94681490384613)]","[(0, 1991.1741943359375), (1, 1755.30078125)]","[(2, 720.3171164772727), (4, 737.1900227864584), (5, 918.0613458806819), (1, 1026.2491048177083), (0, 1042.1656605113637), (3, 1290.0620561079545)]","[(0, 5601.93310546875), (1, 4110.1064453125)]","[(1, 105.00210336538461), (2, 138.13866170247397), (4, 208.53145345052084), (5, 298.85127397017044), (0, 348.25048828125), (3, 750.806298828125)]","[(0, 2614.105224609375), (1, 2125.316162109375)]"
118,"[(0, 1140.371826171875), (1, 1187.6834716796875)]","[(0, 428.7833251953125), (1, 321.2936706542969)]","[(0, 6908.44482421875), (1, 6941.42626953125)]","[(0, 7441.08544921875), (1, 8503.4912109375)]","[(0, 3794.3310546875), (1, 3126.186767578125)]","[(0, 34691.64453125), (1, 32292.162109375)]","[(0, 10363.9423828125), (1, 11738.0859375)]","[(0, 931.2296142578125), (1, 1292.1341552734375)]","[(4, 39.85410970052083), (3, 57.174368722098215), (1, 58.22746058872768), (5, 75.14026817908653), (0, 94.37256798377403), (2, 131.69088745117188)]","[(0, 6423.05224609375), (1, 6035.240234375)]","[(4, 1009.4351917613636), (1, 1169.0740411931818), (5, 1210.52890625), (3, 1307.07265625), (2, 1419.59755859375), (0, 1578.176953125)]","[(0, 1523.7205810546875), (1, 1761.151123046875)]","[(4, 232.45454915364584), (1, 279.90504964192706), (5, 335.44529030539775), (3, 339.6707652698864), (0, 418.5582830255682), (2, 431.8212890625)]","[(0, 2824.51953125), (1, 2480.452880859375)]"
119,"[(0, 1250.599365234375), (1, 1290.9586181640625)]","[(0, 1724.5074462890625), (1, 1890.5848388671875)]","[(0, 14636.5224609375), (1, 15144.0263671875)]","[(0, 5980.43212890625), (1, 5645.4873046875)]","[(0, 4420.12744140625), (1, 3541.984619140625)]","[(0, 19472.46484375), (1, 18182.9375)]","[(0, 15261.5361328125), (1, 16934.208984375)]","[(0, 1990.86376953125), (1, 3507.031494140625)]","[(4, 43.762264251708984), (3, 50.736124674479164), (5, 70.71877615792411), (1, 105.62703159877232), (0, 130.46660907451923), (2, 217.10054524739584)]","[(0, 2453.10302734375), (1, 2700.331298828125)]","[(1, 92.07281901041667), (4, 105.6603515625), (2, 187.70203575721155), (0, 199.24938025841345), (5, 219.11224834735577), (3, 228.56715745192307)]","[(0, 6214.80517578125), (1, 6048.75830078125)]","[(4, 230.27250162760416), (5, 242.21073774857953), (3, 291.9681951349432), (1, 505.0977376302083), (2, 566.9610706676136), (0, 700.2236772017045)]","[(0, 15089.560546875), (1, 11114.40234375)]"
120,"[(0, 2583.22119140625), (1, 2975.35009765625)]","[(0, 1710.31396484375), (1, 2157.166748046875)]","[(0, 14556.841796875), (1, 14032.5810546875)]","[(0, 6549.1484375), (1, 6223.150390625)]","[(0, 16354.65234375), (1, 9121.478515625)]","[(0, 16170.4208984375), (1, 18700.0546875)]","[(0, 11509.580078125), (1, 13698.43359375)]","[(0, 1458.94873046875), (1, 1284.0537109375)]","[(4, 61.529659016927084), (1, 78.2859619140625), (3, 93.8328106219952), (5, 115.76990685096153), (0, 123.82860389122597), (2, 154.52402907151443)]","[(0, 4816.01904296875), (1, 1868.9608154296875)]","[(1, 151.9773152669271), (2, 167.5704345703125), (4, 248.90855823863637), (5, 303.7796142578125), (0, 423.596337890625), (3, 858.5445963541666)]","[(0, 1066.310302734375), (1, 856.8121337890625)]","[(1, 203.00315755208334), (0, 233.88331821986608), (2, 257.6581333705357), (3, 296.96059945913464), (5, 376.7292668269231), (4, 397.73399135044644)]","[(0, 16774.47265625), (1, 10844.107421875)]"
121,"[(0, 1254.989501953125), (1, 1286.3187255859375)]","[(0, 1317.402587890625), (1, 1500.4200439453125)]","[(0, 3821.49462890625), (1, 1831.196533203125)]","[(0, 3464.88427734375), (1, 2442.88916015625)]","[(0, 10981.15625), (1, 5400.33544921875)]","[(0, 15389.509765625), (1, 16669.6015625)]","[(0, 4685.08740234375), (1, 4043.623046875)]","[(0, 1989.881591796875), (1, 2004.9739990234375)]","[(4, 69.40699550083706), (1, 72.8479248046875), (3, 94.25594075520833), (0, 105.32846304086539), (5, 126.6575419108073), (2, 141.63433368389423)]","[(0, 2527.330810546875), (1, 1168.9490966796875)]","[(4, 198.07483849158655), (3, 279.3503824869792), (1, 454.0877685546875), (5, 562.7195490056819), (0, 633.4046519886364), (2, 1560.50185546875)]","[(0, 1935.5543212890625), (1, 1527.65771484375)]","[(1, 53.56398391723633), (2, 58.819584147135416), (0, 109.55881173270089), (5, 168.92362154447116), (4, 175.35027204241072), (3, 384.5895182291667)]","[(0, 3221.97314453125), (1, 2703.668212890625)]"
122,"[(0, 1886.0745849609375), (1, 2170.782958984375)]","[(0, 953.8678588867188), (1, 965.4868774414062)]","[(0, 2216.223388671875), (1, 2118.11181640625)]","[(0, 4980.09228515625), (1, 6185.38916015625)]","[(0, 12092.8037109375), (1, 7232.521484375)]","[(0, 28221.21875), (1, 24903.26171875)]","[(0, 8863.744140625), (1, 9112.48828125)]","[(0, 2157.541015625), (1, 3564.86572265625)]","[(2, 26.620954513549805), (1, 30.628435920266543), (5, 43.70177408854167), (0, 44.85804850260417), (4, 48.85151290893555), (3, 76.20315987723214)]","[(0, 1556.492431640625), (1, 2011.520263671875)]","[(4, 64.66451590401786), (5, 73.93678166316106), (1, 80.90202985491071), (3, 91.43728402944711), (2, 100.7925555889423), (0, 134.034423828125)]","[(0, 5756.63671875), (1, 2349.530029296875)]","[(1, 186.45586286272322), (5, 208.17848557692307), (2, 213.83077298677884), (3, 215.44048602764423), (0, 222.38816481370193), (4, 296.71316964285717)]","[(0, 20063.302734375), (1, 13831.689453125)]"
123,"[(0, 1152.4814453125), (1, 1059.54443359375)]","[(0, 531.8312377929688), (1, 402.1527099609375)]","[(0, 5521.39306640625), (1, 5661.86181640625)]","[(0, 7767.58837890625), (1, 7639.85205078125)]","[(0, 8755.408203125), (1, 4648.83154296875)]","[(0, 11641.8203125), (1, 11048.72265625)]","[(0, 9530.408203125), (1, 15883.189453125)]","[(0, 2243.001953125), (1, 1328.15234375)]","[(1, 86.8170674641927), (4, 101.03937639508929), (0, 124.26914284446023), (3, 126.34347768930289), (2, 139.200390625), (5, 168.00053914388022)]","[(0, 1960.6536865234375), (1, 2618.8173828125)]","[(4, 417.2220052083333), (1, 550.8496907552084), (5, 588.9331498579545), (3, 663.3492986505681), (2, 801.0673828125), (0, 901.2950106534091)]","[(0, 2580.681396484375), (1, 1907.03173828125)]","[(4, 65.19806847205528), (1, 94.6441141764323), (3, 111.22896321614583), (5, 151.1793767755682), (0, 198.57375266335228), (2, 259.90732421875)]","[(0, 6254.3330078125), (1, 5657.66259765625)]"
124,"[(0, 1468.3658447265625), (1, 1472.4283447265625)]","[(0, 5579.83251953125), (1, 5708.90283203125)]","[(0, 21300.419921875), (1, 34688.8671875)]","[(0, 7250.947265625), (1, 5419.27490234375)]","[(0, 4805.453125), (1, 4119.92919921875)]","[(0, 7879.71435546875), (1, 7760.732421875)]","[(0, 19041.875), (1, 36607.58984375)]","[(0, 4518.927734375), (1, 3733.966796875)]","[(4, 75.08761831430289), (3, 75.30694071451823), (1, 154.7293497721354), (5, 162.25675825639203), (0, 186.3863858309659), (2, 391.01123046875)]","[(0, 7043.5869140625), (1, 4114.318359375)]","[(4, 48.344189453125), (3, 55.057094029017854), (0, 75.49808443509616), (5, 118.43210073617789), (1, 132.8648681640625), (2, 171.50286865234375)]","[(0, 1178.8101806640625), (1, 1795.3798828125)]","[(4, 189.58986594460228), (1, 212.97536399147728), (5, 321.4236083984375), (3, 331.1839111328125), (2, 353.3765380859375), (0, 379.6408935546875)]","[(0, 7274.0107421875), (1, 5532.0771484375)]"
125,"[(0, 1032.4808349609375), (1, 992.8038940429688)]","[(0, 9429.3349609375), (1, 10336.482421875)]","[(0, 12967.6240234375), (1, 17699.033203125)]","[(0, 17181.373046875), (1, 20224.267578125)]","[(0, 4309.0634765625), (1, 4094.04736328125)]","[(0, 5080.96533203125), (1, 4941.689453125)]","[(0, 31936.072265625), (1, 30369.48828125)]","[(0, 1835.6832275390625), (1, 1523.7838134765625)]","[(5, 653.1404030539773), (2, 669.0252130681819), (4, 678.9123942057291), (1, 693.7210286458334), (3, 809.4479758522727), (0, 819.7912819602273)]","[(0, 1481.886474609375), (1, 1112.273681640625)]","[(1, 643.1652166193181), (0, 692.00966796875), (2, 918.18134765625), (4, 990.5918856534091), (3, 1074.05361328125), (5, 1575.908984375)]","[(0, 1826.9464111328125), (1, 1781.735107421875)]","[(1, 22.17080508961397), (2, 41.76451822916667), (5, 46.50264078776042), (4, 48.752265481387866), (0, 52.99351806640625), (3, 56.85645751953125)]","[(0, 2236.92041015625), (1, 2133.763671875)]"
126,"[(0, 1665.9835205078125), (1, 1706.98974609375)]","[(0, 3806.87548828125), (1, 3861.216796875)]","[(0, 1629.7183837890625), (1, 1565.0758056640625)]","[(0, 4807.7177734375), (1, 5089.3115234375)]","[(0, 9241.7529296875), (1, 5076.64990234375)]","[(0, 15215.177734375), (1, 14522.828125)]","[(0, 5846.37109375), (1, 5978.55029296875)]","[(0, 3993.202880859375), (1, 4329.775390625)]","[(1, 105.58494657628677), (2, 106.83760070800781), (4, 168.05381774902344), (5, 179.77819010416667), (0, 192.218505859375), (3, 326.90286690848217)]","[(0, 1425.477783203125), (1, 1048.6279296875)]","[(2, 625.08984375), (1, 655.7035688920455), (4, 1042.7025035511363), (5, 1061.26318359375), (0, 1134.5716796875), (3, 1891.7798828125)]","[(0, 4624.4892578125), (1, 2513.43896484375)]","[(4, 145.70748465401786), (5, 160.16047551081732), (1, 166.76841517857142), (3, 195.91680438701923), (2, 201.2333984375), (0, 255.5359825721154)]","[(0, 2974.61376953125), (1, 2831.198486328125)]"
127,"[(0, 1172.599609375), (1, 1114.835205078125)]","[(0, 2643.530029296875), (1, 2819.333740234375)]","[(0, 6384.333984375), (1, 6904.6708984375)]","[(0, 11550.7265625), (1, 7549.95947265625)]","[(0, 6872.23193359375), (1, 6301.79931640625)]","[(0, 5833.939453125), (1, 5991.8837890625)]","[(0, 5177.6318359375), (1, 4775.71142578125)]","[(0, 5063.28564453125), (1, 5242.29248046875)]","[(1, 35.747651752672695), (2, 36.168830422794116), (4, 38.31407470703125), (5, 42.93328857421875), (0, 66.74211569393383), (3, 76.95265028211806)]","[(0, 3705.43896484375), (1, 1932.5001220703125)]","[(2, 79.96280343191964), (1, 103.57588704427083), (0, 144.50615046574518), (4, 155.53559758112982), (5, 195.91642252604166), (3, 398.81565163352275)]","[(0, 4532.0302734375), (1, 2708.55859375)]","[(1, 31.733039407169116), (2, 56.418705240885416), (4, 60.9538459777832), (0, 72.166162109375), (5, 72.61387852260044), (3, 86.62993512834821)]","[(0, 24999.275390625), (1, 15377.1572265625)]"
128,"[(0, 1124.57373046875), (1, 1144.0941162109375)]","[(0, 376.4769287109375), (1, 274.6820983886719)]","[(0, 30045.0546875), (1, 19280.21484375)]","[(0, 14686.201171875), (1, 13277.8017578125)]","[(0, 9123.123046875), (1, 5131.39501953125)]","[(0, 2734.930419921875), (1, 2620.444091796875)]","[(0, 4665.0908203125), (1, 5437.626953125)]","[(0, 1882.2032470703125), (1, 1434.22119140625)]","[(1, 110.45777180989583), (2, 126.63941301618304), (0, 268.5933368389423), (4, 377.35385366586536), (5, 517.1576334635416), (3, 1142.8107244318182)]","[(0, 2564.685791015625), (1, 2243.88134765625)]","[(4, 408.43212890625), (5, 488.02206143465907), (3, 548.4437144886364), (1, 675.9354654947916), (2, 723.9166814630681), (0, 813.2959872159091)]","[(0, 3486.9345703125), (1, 3249.988525390625)]","[(4, 392.10493607954544), (1, 428.5633951822917), (0, 513.5424360795455), (2, 525.9368341619319), (5, 556.193310546875), (3, 588.255029296875)]","[(0, 2523.171630859375), (1, 2073.568359375)]"
129,"[(0, 1473.8134765625), (1, 1715.3255615234375)]","[(0, 2328.855712890625), (1, 2112.468505859375)]","[(0, 16994.212890625), (1, 12035.783203125)]","[(0, 2905.122314453125), (1, 3171.625)]","[(0, 8253.9404296875), (1, 4726.66748046875)]","[(0, 6135.896484375), (1, 6399.68310546875)]","[(0, 6684.63330078125), (1, 10665.5234375)]","[(0, 5115.63720703125), (1, 3615.251953125)]","[(5, 50.346598307291664), (3, 57.40173848470052), (4, 57.79455096905048), (2, 58.948150634765625), (1, 68.68019925631009), (0, 73.61319478352864)]","[(0, 6801.46923828125), (1, 2595.043701171875)]","[(2, 167.4161173502604), (4, 201.33928034855768), (5, 211.7681884765625), (0, 228.4998982747396), (1, 274.36927208533655), (3, 294.73614501953125)]","[(0, 4082.549560546875), (1, 1378.4276123046875)]","[(1, 73.9508056640625), (4, 95.30126235064338), (2, 141.235205078125), (5, 155.75794270833333), (0, 158.70242513020833), (3, 173.62802734375)]","[(0, 12135.1455078125), (1, 9628.130859375)]"
130,"[(0, 1651.487060546875), (1, 1827.181640625)]","[(0, 3861.80224609375), (1, 4404.14208984375)]","[(0, 3284.142578125), (1, 3334.359130859375)]","[(0, 5517.21923828125), (1, 5526.19775390625)]","[(0, 1341.7259521484375), (1, 940.6673583984375)]","[(0, 6394.10107421875), (1, 5918.15234375)]","[(0, 4931.802734375), (1, 7901.2578125)]","[(0, 1264.4237060546875), (1, 1396.4189453125)]","[(4, 46.940364583333334), (3, 55.640228271484375), (5, 98.13451209435097), (1, 116.18849534254808), (0, 163.53544108072916), (2, 307.0238591974432)]","[(0, 12304.4462890625), (1, 15360.43359375)]","[(3, 103.31914876302083), (4, 107.54325866699219), (5, 186.95460728236608), (0, 212.54598563058036), (1, 277.45068359375), (2, 438.9445612980769)]","[(0, 2236.917236328125), (1, 2090.8623046875)]","[(1, 542.9305419921875), (2, 666.7481356534091), (4, 869.0670572916666), (0, 976.5138494318181), (5, 1133.955166903409), (3, 1553.506747159091)]","[(0, 4883.65185546875), (1, 3843.787109375)]"
131,"[(0, 969.4348754882812), (1, 977.6892700195312)]","[(0, 1565.23095703125), (1, 1445.9849853515625)]","[(0, 5685.962890625), (1, 4764.52001953125)]","[(0, 21010.90625), (1, 13296.3779296875)]","[(0, 1593.109619140625), (1, 1104.3680419921875)]","[(0, 3291.800048828125), (1, 3261.0224609375)]","[(0, 7920.8583984375), (1, 12518.6962890625)]","[(0, 2497.9521484375), (1, 1969.8072509765625)]","[(1, 154.36197335379464), (2, 176.70658052884616), (0, 326.1486002604167), (4, 355.5742938701923), (5, 467.8184814453125), (3, 822.8773970170455)]","[(0, 1922.24365234375), (1, 1644.2745361328125)]","[(4, 92.22329275948661), (2, 101.251025390625), (5, 119.15750826322116), (0, 143.80256870814733), (1, 148.23663330078125), (3, 187.35335286458334)]","[(0, 2702.071533203125), (1, 2672.517578125)]","[(2, 101.22713216145833), (1, 114.4759521484375), (5, 211.49540201822916), (4, 232.07316706730768), (0, 342.4383433948864), (3, 851.8888494318181)]","[(0, 18412.806640625), (1, 12286.623046875)]"
132,"[(0, 1422.2791748046875), (1, 1375.581298828125)]","[(0, 1621.30078125), (1, 1581.5374755859375)]","[(0, 5085.49365234375), (1, 3827.311767578125)]","[(0, 2190.453857421875), (1, 2915.525146484375)]","[(0, 2707.1796875), (1, 1737.12255859375)]","[(0, 4757.2060546875), (1, 5164.380859375)]","[(0, 5264.17578125), (1, 6622.4560546875)]","[(0, 4398.8154296875), (1, 3420.9560546875)]","[(1, 71.66228485107422), (2, 82.392529296875), (4, 149.07915387834822), (0, 152.48402622767858), (5, 194.11945988581732), (3, 415.8673909505208)]","[(0, 11633.6064453125), (1, 9837.072265625)]","[(2, 127.3525390625), (1, 129.14862060546875), (4, 311.18290571732956), (5, 329.16962890625), (0, 368.109716796875), (3, 1126.060763888889)]","[(0, 3650.90087890625), (1, 4887.6962890625)]","[(4, 114.08294208233173), (3, 122.67620849609375), (1, 254.7026570638021), (5, 297.96621981534093), (0, 318.17558149857956), (2, 790.507958984375)]","[(0, 15806.185546875), (1, 11085.4833984375)]"
133,"[(0, 2336.975341796875), (1, 2267.21142578125)]","[(0, 2945.51123046875), (1, 2884.7724609375)]","[(0, 16851.275390625), (1, 17235.6953125)]","[(0, 4677.4130859375), (1, 5875.87841796875)]","[(0, 1188.04150390625), (1, 930.925048828125)]","[(0, 5692.70166015625), (1, 5442.58154296875)]","[(0, 4924.74853515625), (1, 4005.888916015625)]","[(0, 4397.53173828125), (1, 3311.69091796875)]","[(3, 33.22359008789063), (4, 36.20927810668945), (5, 57.977752685546875), (1, 63.734401157924104), (0, 66.00946044921875), (2, 120.41259765625)]","[(0, 4993.31787109375), (1, 6645.26318359375)]","[(4, 99.66796112060547), (2, 103.98597063337054), (1, 127.9151382446289), (5, 134.07427106584822), (0, 145.0770002092634), (3, 185.65093122209822)]","[(0, 1904.412841796875), (1, 2520.403564453125)]","[(1, 117.157958984375), (4, 148.58803013392858), (3, 218.56858473557693), (0, 219.04634232954547), (2, 239.4697021484375), (5, 275.96844482421875)]","[(0, 9369.9736328125), (1, 6057.046875)]"
134,"[(0, 1197.2640380859375), (1, 1169.5389404296875)]","[(0, 3703.287353515625), (1, 4016.12109375)]","[(0, 4283.3701171875), (1, 3917.11767578125)]","[(0, 3369.865966796875), (1, 2627.9267578125)]","[(0, 2144.43896484375), (1, 2059.22119140625)]","[(0, 4944.890625), (1, 4666.888671875)]","[(0, 7134.20361328125), (1, 8610.302734375)]","[(0, 1413.4293212890625), (1, 1569.9693603515625)]","[(2, 24.69244384765625), (1, 28.40402603149414), (0, 37.28052978515625), (5, 37.47628173828125), (4, 42.39944076538086), (3, 55.44803466796875)]","[(0, 2028.31396484375), (1, 2337.255126953125)]","[(4, 133.2669219970703), (3, 176.32545572916666), (5, 213.50406319754464), (0, 269.42762169471155), (2, 318.3935139973958), (1, 348.711181640625)]","[(0, 6043.36669921875), (1, 4801.66015625)]","[(1, 68.94773864746094), (4, 79.263671875), (0, 137.50038364955358), (2, 145.96602957589286), (3, 157.86673409598214), (5, 170.49525669642858)]","[(0, 1714.1708984375), (1, 1626.3895263671875)]"
135,"[(0, 1250.1890869140625), (1, 1343.4429931640625)]","[(0, 2102.15673828125), (1, 2104.351318359375)]","[(0, 4778.74560546875), (1, 4380.62548828125)]","[(0, 4858.94189453125), (1, 5047.34228515625)]","[(0, 9476.7177734375), (1, 4412.87841796875)]","[(0, 6662.04052734375), (1, 6566.0654296875)]","[(0, 30027.810546875), (1, 38895.76953125)]","[(0, 1580.6826171875), (1, 1187.6898193359375)]","[(2, 69.42925618489583), (1, 71.66392517089844), (4, 77.07418387276786), (5, 80.42203463040866), (0, 109.51828438895089), (3, 141.6668701171875)]","[(0, 3609.688232421875), (1, 2980.611328125)]","[(4, 245.884033203125), (5, 270.03932883522725), (2, 287.6538899739583), (1, 290.26939978966345), (3, 841.5482421875), (0, 983.4699928977273)]","[(0, 5378.07080078125), (1, 3456.40576171875)]","[(1, 278.47716346153845), (4, 288.427978515625), (3, 339.6888982599432), (0, 346.4451090494792), (2, 397.6512044270833), (5, 420.0799005681818)]","[(0, 22289.529296875), (1, 16099.6064453125)]"
136,"[(0, 1235.557373046875), (1, 1331.7569580078125)]","[(0, 818.2700805664062), (1, 767.7503051757812)]","[(0, 17609.71484375), (1, 18077.17578125)]","[(0, 6345.8427734375), (1, 5544.12939453125)]","[(0, 6478.09765625), (1, 2948.05712890625)]","[(0, 24547.564453125), (1, 24791.416015625)]","[(0, 49290.453125), (1, 62075.94140625)]","[(0, 1671.3399658203125), (1, 2065.952392578125)]","[(5, 171.43484700520833), (2, 176.67395833333333), (4, 192.32923889160156), (1, 197.60313415527344), (3, 310.42112630208334), (0, 316.50712890625)]","[(0, 2700.250244140625), (1, 1742.3304443359375)]","[(2, 212.7871759588068), (4, 257.13621012369794), (5, 262.7919256036932), (0, 275.39058061079544), (1, 290.17136637369794), (3, 325.2000843394886)]","[(0, 3227.004150390625), (1, 2135.024658203125)]","[(2, 66.65253155048077), (1, 73.63115583147321), (4, 139.23372708834134), (5, 149.4659627278646), (0, 183.8013916015625), (3, 419.0911310369318)]","[(0, 3883.721923828125), (1, 3719.774658203125)]"
137,"[(0, 1177.65625), (1, 1128.14697265625)]","[(0, 366.8861999511719), (1, 271.2340393066406)]","[(0, 7953.66455078125), (1, 3856.575927734375)]","[(0, 13779.2890625), (1, 13240.978515625)]","[(0, 1844.2894287109375), (1, 1341.35693359375)]","[(0, 18627.115234375), (1, 18867.294921875)]","[(0, 11542.75390625), (1, 14320.0927734375)]","[(0, 2070.6240234375), (1, 2197.544921875)]","[(4, 145.09090750558036), (3, 191.04914738581732), (1, 230.55806790865384), (0, 331.8044840494792), (5, 379.1900227864583), (2, 627.7739701704545)]","[(0, 6086.34716796875), (1, 9654.1689453125)]","[(2, 268.76548258463544), (1, 325.41015625), (4, 390.43442007211536), (5, 403.4324544270833), (0, 427.2652587890625), (3, 622.9884440104166)]","[(0, 3923.0693359375), (1, 2875.529541015625)]","[(2, 207.7952325994318), (1, 208.0282999674479), (0, 332.62986061789775), (4, 470.3720296223958), (5, 504.70632102272725), (3, 771.1669034090909)]","[(0, 1880.673583984375), (1, 1740.5716552734375)]"
138,"[(0, 1738.9473876953125), (1, 1867.813232421875)]","[(0, 1739.39599609375), (1, 1780.30419921875)]","[(0, 6584.14306640625), (1, 8340.466796875)]","[(0, 2529.0244140625), (1, 3779.60302734375)]","[(0, 10315.103515625), (1, 6961.75244140625)]","[(0, 4181.30615234375), (1, 4554.400390625)]","[(0, 23348.84765625), (1, 37859.109375)]","[(0, 7255.87939453125), (1, 5570.001953125)]","[(1, 36.49024454752604), (2, 39.14863496668198), (0, 73.2435302734375), (4, 94.21958923339844), (5, 105.09681803385416), (3, 200.56284877232142)]","[(0, 7949.66064453125), (1, 5683.19775390625)]","[(4, 128.025634765625), (3, 158.52205403645834), (5, 239.10635811941964), (0, 425.85250150240387), (1, 503.5919712611607), (2, 819.4480794270834)]","[(0, 3104.8330078125), (1, 2975.777099609375)]","[(5, 105.2425537109375), (4, 111.99918619791667), (2, 123.73697916666667), (1, 131.77318396935095), (3, 280.10732421875), (0, 280.48037997159093)]","[(0, 3020.4892578125), (1, 2713.530517578125)]"
139,"[(0, 1191.4498291015625), (1, 1227.8353271484375)]","[(0, 3336.744873046875), (1, 3708.970947265625)]","[(0, 20243.33203125), (1, 22852.4296875)]","[(0, 6453.51904296875), (1, 5426.4013671875)]","[(0, 10809.341796875), (1, 6249.4970703125)]","[(0, 12527.0205078125), (1, 12411.671875)]","[(0, 20192.140625), (1, 17514.298828125)]","[(0, 1636.3856201171875), (1, 1136.4368896484375)]","[(1, 136.38080851236978), (2, 148.9679620916193), (4, 190.3647257486979), (5, 224.7713068181818), (0, 228.39806019176137), (3, 319.02876420454544)]","[(0, 10925.521484375), (1, 6533.029296875)]","[(4, 36.868809291294646), (3, 44.38107065054086), (0, 72.22444152832031), (5, 81.05950419108073), (2, 113.0277099609375), (1, 125.03061147836539)]","[(0, 2557.40966796875), (1, 2505.733642578125)]","[(4, 39.73342023577009), (1, 43.19464925130208), (5, 77.69874064127605), (3, 79.73756917317708), (2, 81.54551344651442), (0, 84.91598745492789)]","[(0, 2781.54248046875), (1, 2149.991455078125)]"
140,"[(0, 1407.4052734375), (1, 1611.1357421875)]","[(0, 1176.73681640625), (1, 1387.481689453125)]","[(0, 4305.45703125), (1, 2546.765380859375)]","[(0, 9410.30859375), (1, 9636.857421875)]","[(0, 10482.87109375), (1, 5248.685546875)]","[(0, 8459.892578125), (1, 7948.5009765625)]","[(0, 4684.83740234375), (1, 5165.8291015625)]","[(0, 1049.819091796875), (1, 1265.2994384765625)]","[(1, 142.55301920572916), (2, 165.4584073153409), (4, 210.82271321614584), (0, 233.66845703125), (5, 267.24105557528407), (3, 350.60819868607956)]","[(0, 3526.974609375), (1, 4114.89111328125)]","[(1, 315.088916015625), (4, 396.825341796875), (2, 422.7522786458333), (5, 539.2808702256945), (0, 563.3609483506945), (3, 687.2884114583334)]","[(0, 8466.599609375), (1, 5544.20849609375)]","[(1, 83.864013671875), (2, 84.3629150390625), (4, 142.65092976888022), (5, 150.8159845525568), (0, 157.65326944986978), (3, 403.576025390625)]","[(0, 2132.446533203125), (1, 1957.7659912109375)]"
141,"[(0, 1019.2279052734375), (1, 1030.6427001953125)]","[(0, 548.9855346679688), (1, 543.573486328125)]","[(0, 2409.40283203125), (1, 2655.366455078125)]","[(0, 1822.013671875), (1, 1738.3504638671875)]","[(0, 9820.013671875), (1, 6331.69091796875)]","[(0, 2019.6934814453125), (1, 2175.529052734375)]","[(0, 21637.11328125), (1, 28710.8359375)]","[(0, 1940.8778076171875), (1, 2063.17138671875)]","[(2, 88.03019205729167), (1, 89.91327667236328), (0, 134.6407470703125), (5, 137.37702824519232), (4, 140.6875), (3, 272.92529296875)]","[(0, 965.271484375), (1, 896.6781616210938)]","[(4, 60.17507699819711), (3, 102.79691569010417), (5, 118.58042214133523), (1, 130.9163485440341), (0, 264.5808837890625), (2, 305.23174370659723)]","[(0, 2044.983642578125), (1, 2122.7255859375)]","[(4, 118.1026611328125), (3, 128.5621056189904), (1, 155.4327674278846), (0, 180.24273681640625), (5, 357.2005208333333), (2, 463.4016779119318)]","[(0, 4299.92578125), (1, 3332.87451171875)]"
142,"[(0, 1410.36474609375), (1, 1510.8704833984375)]","[(0, 269.95562744140625), (1, 196.36196899414062)]","[(0, 12042.982421875), (1, 9488.80078125)]","[(0, 3689.70458984375), (1, 4595.04833984375)]","[(0, 13799.080078125), (1, 8379.3642578125)]","[(0, 11795.4287109375), (1, 11857.3359375)]","[(0, 4440.365234375), (1, 6242.986328125)]","[(0, 1805.959716796875), (1, 1810.4200439453125)]","[(1, 106.75133514404297), (4, 114.1779541015625), (0, 177.01484026227678), (3, 194.63767653245193), (2, 213.46212332589286), (5, 247.05637770432693)]","[(0, 3580.96923828125), (1, 2725.61279296875)]","[(2, 142.3821082481971), (1, 145.3038068498884), (4, 306.7174541766827), (5, 351.0099690755208), (0, 353.5059407552083), (3, 910.3924893465909)]","[(0, 1891.054443359375), (1, 1283.584228515625)]","[(4, 88.10947265625), (3, 141.05728585379464), (5, 177.15262545072116), (1, 265.12081204927887), (0, 446.06787109375), (2, 620.7123135653409)]","[(0, 14359.9033203125), (1, 10870.873046875)]"
143,"[(0, 1677.3695068359375), (1, 1737.82666015625)]","[(0, 2455.1015625), (1, 2743.612548828125)]","[(0, 2856.602783203125), (1, 1820.611083984375)]","[(0, 6699.4716796875), (1, 7381.94677734375)]","[(0, 12807.4306640625), (1, 6851.193359375)]","[(0, 23322.052734375), (1, 23487.828125)]","[(0, 11320.123046875), (1, 10039.90625)]","[(0, 3465.647705078125), (1, 3166.517333984375)]","[(4, 49.085804658777576), (5, 66.48435465494792), (3, 70.01254272460938), (1, 70.94586181640625), (2, 97.88698032924107), (0, 104.2780029296875)]","[(0, 27250.8515625), (1, 21118.140625)]","[(5, 87.79238656850961), (4, 87.89338902064732), (2, 100.76906912667411), (1, 138.071484375), (3, 193.8009236653646), (0, 241.92508638822116)]","[(0, 2745.55224609375), (1, 1910.3983154296875)]","[(1, 90.34021868024554), (2, 103.69361290564903), (4, 205.6636681189904), (0, 223.8656209309896), (5, 263.46055094401044), (3, 602.8797496448864)]","[(0, 3434.14208984375), (1, 3107.907958984375)]"
144,"[(0, 1040.8817138671875), (1, 1037.9263916015625)]","[(0, 2785.129638671875), (1, 3577.40234375)]","[(0, 20876.107421875), (1, 15508.7900390625)]","[(0, 6320.52978515625), (1, 7344.34375)]","[(0, 6484.705078125), (1, 3649.9853515625)]","[(0, 5039.09814453125), (1, 5034.66455078125)]","[(0, 15969.8857421875), (1, 18403.451171875)]","[(0, 2957.66552734375), (1, 4335.17578125)]","[(1, 385.0963689630682), (2, 440.1291015625), (4, 548.1414683948864), (5, 672.405078125), (0, 692.294189453125), (3, 998.71826171875)]","[(0, 1398.0198974609375), (1, 1508.9366455078125)]","[(4, 88.45091145833334), (3, 106.82850864955357), (5, 172.22306941105768), (0, 181.01509915865384), (1, 188.84599958147322), (2, 312.85280354817706)]","[(0, 1665.7603759765625), (1, 805.793701171875)]","[(4, 81.57537841796875), (3, 82.94855143229167), (1, 87.09970703125), (0, 120.48481968470982), (5, 159.70157296316964), (2, 225.34256685697116)]","[(0, 10194.8896484375), (1, 7374.96630859375)]"
145,"[(0, 827.5595092773438), (1, 802.8233032226562)]","[(0, 1571.588623046875), (1, 1834.365478515625)]","[(0, 6451.50048828125), (1, 4537.59619140625)]","[(0, 2196.076171875), (1, 1902.9713134765625)]","[(0, 6071.58056640625), (1, 4456.21826171875)]","[(0, 5347.8642578125), (1, 5491.8271484375)]","[(0, 29221.8203125), (1, 24598.11328125)]","[(0, 1950.6727294921875), (1, 1956.9989013671875)]","[(4, 50.464080810546875), (1, 68.82857259114583), (3, 81.87548065185547), (5, 83.62655639648438), (0, 115.61829376220703), (2, 118.4509506225586)]","[(0, 4821.294921875), (1, 3253.9521484375)]","[(4, 113.89378943810097), (3, 146.65975952148438), (5, 242.8902254971591), (1, 346.87923916903407), (0, 580.45322265625), (2, 1144.115451388889)]","[(0, 819.8135375976562), (1, 524.5387573242188)]","[(4, 104.78826497395833), (3, 110.99026053292411), (5, 158.32029371995193), (1, 160.08949497767858), (0, 191.26117412860577), (2, 382.8271891276042)]","[(0, 4013.63232421875), (1, 3363.945068359375)]"
146,"[(0, 1311.324462890625), (1, 1381.1607666015625)]","[(0, 1012.9288940429688), (1, 1142.332275390625)]","[(0, 7346.837890625), (1, 6484.64990234375)]","[(0, 4701.78759765625), (1, 5930.95556640625)]","[(0, 557.804443359375), (1, 673.7681884765625)]","[(0, 6220.35009765625), (1, 6017.8544921875)]","[(0, 32395.27734375), (1, 27629.43359375)]","[(0, 8664.3134765625), (1, 8140.619140625)]","[(4, 65.8233413696289), (1, 93.83977508544922), (3, 111.31483677455357), (5, 121.94464111328125), (0, 165.90774972098214), (2, 183.40781947544642)]","[(0, 1977.288818359375), (1, 1800.598388671875)]","[(1, 85.87078857421875), (2, 87.78447376598011), (4, 153.9664306640625), (5, 173.16326904296875), (0, 275.551611328125), (3, 676.6801215277778)]","[(0, 1497.4996337890625), (1, 1684.0428466796875)]","[(1, 56.84283447265625), (2, 61.84823373647836), (4, 105.8557637532552), (5, 119.68930886008523), (0, 126.38616943359375), (3, 236.3794677734375)]","[(0, 9430.53125), (1, 5759.04248046875)]"
147,"[(0, 853.4879760742188), (1, 886.2479858398438)]","[(0, 379.94671630859375), (1, 307.02996826171875)]","[(0, 28357.1640625), (1, 18221.962890625)]","[(0, 4835.9794921875), (1, 6980.18701171875)]","[(0, 10262.6572265625), (1, 5952.95947265625)]","[(0, 3937.349853515625), (1, 3472.4296875)]","[(0, 22106.939453125), (1, 29375.10546875)]","[(0, 3131.1787109375), (1, 1886.9310302734375)]","[(4, 36.56662166819853), (3, 46.9366455078125), (1, 51.31876148897059), (5, 64.25524495442708), (0, 68.4244384765625), (2, 94.40032552083333)]","[(0, 1786.8076171875), (1, 1858.4281005859375)]","[(1, 59.360386439732146), (4, 65.35506967397836), (2, 116.92144775390625), (0, 138.13286336263022), (5, 139.67112038352272), (3, 174.74824662642047)]","[(0, 718.3594970703125), (1, 763.5572509765625)]","[(1, 90.59051872702206), (3, 100.50251770019531), (5, 103.84297943115234), (0, 105.08012390136719), (2, 109.12732696533203), (4, 146.5871151194853)]","[(0, 4042.335205078125), (1, 3399.5009765625)]"
148,"[(0, 937.456298828125), (1, 923.6585083007812)]","[(0, 1179.4139404296875), (1, 2093.755615234375)]","[(0, 4730.9921875), (1, 2972.512451171875)]","[(0, 10773.3115234375), (1, 8165.64013671875)]","[(0, 6543.43603515625), (1, 3632.410888671875)]","[(0, 4987.11669921875), (1, 5512.3017578125)]","[(0, 9108.2490234375), (1, 11186.7041015625)]","[(0, 1868.3262939453125), (1, 1172.2703857421875)]","[(1, 299.4824030949519), (4, 308.59525240384613), (2, 366.2953694661458), (5, 388.9033203125), (0, 440.1211344401042), (3, 441.6208902994792)]","[(0, 1578.989013671875), (1, 1401.74658203125)]","[(4, 176.08384486607142), (0, 188.0751014122596), (3, 189.97601787860577), (5, 195.49909855769232), (2, 195.53583233173077), (1, 388.1331263950893)]","[(0, 2513.073486328125), (1, 2628.364013671875)]","[(1, 155.90771484375), (0, 168.99767127403845), (3, 184.6688232421875), (4, 194.36519681490384), (2, 201.82247220552884), (5, 207.769775390625)]","[(0, 14018.84375), (1, 9480.6689453125)]"
149,"[(0, 1226.68896484375), (1, 1173.92724609375)]","[(0, 2368.91748046875), (1, 5211.25341796875)]","[(0, 3352.677734375), (1, 2535.518310546875)]","[(0, 6687.7001953125), (1, 7879.451171875)]","[(0, 3071.38037109375), (1, 2678.886474609375)]","[(0, 19212.35546875), (1, 19313.798828125)]","[(0, 23205.619140625), (1, 22341.923828125)]","[(0, 4193.841796875), (1, 3953.800537109375)]","[(1, 122.85882568359375), (2, 141.10355318509616), (0, 221.63004557291666), (4, 308.06768798828125), (5, 437.32333096590907), (3, 631.80888671875)]","[(0, 2021.140625), (1, 1801.8704833984375)]","[(4, 46.364986165364584), (1, 72.07099260602679), (5, 86.92980018028847), (3, 89.91281362680289), (2, 143.20597330729166), (0, 149.16251627604166)]","[(0, 2395.381103515625), (1, 1954.66259765625)]","[(4, 85.76125863882211), (1, 86.77525111607143), (2, 87.59280160757211), (5, 105.15165201822917), (0, 258.12290445963544), (3, 300.60202858664775)]","[(0, 10355.318359375), (1, 6694.60498046875)]"
150,"[(0, 1155.801025390625), (1, 1133.2392578125)]","[(0, 1011.5991821289062), (1, 1755.9102783203125)]","[(0, 10292.2578125), (1, 7559.96728515625)]","[(0, 3230.745361328125), (1, 3357.2626953125)]","[(0, 3819.10107421875), (1, 4143.78857421875)]","[(0, 6831.25537109375), (1, 6102.71435546875)]","[(0, 4714.55712890625), (1, 4719.5009765625)]","[(0, 3842.84130859375), (1, 4015.6005859375)]","[(2, 92.15653228759766), (4, 93.85879720052084), (1, 97.37294634650735), (5, 102.1180419921875), (3, 119.64024000901442), (0, 139.007177734375)]","[(0, 5500.73291015625), (1, 2769.42236328125)]","[(1, 157.24164287860577), (2, 162.58769734700522), (4, 163.72730509440103), (5, 183.06874778053978), (0, 393.87881747159093), (3, 437.17734375)]","[(0, 4813.54443359375), (1, 3363.51513671875)]","[(1, 67.85989379882812), (4, 80.53569793701172), (5, 81.34749930245536), (3, 87.58343912760417), (2, 113.15798950195312), (0, 129.96452448918268)]","[(0, 3299.6513671875), (1, 2647.76513671875)]"
151,"[(0, 1307.570068359375), (1, 1410.990966796875)]","[(0, 649.712890625), (1, 935.7155151367188)]","[(0, 18679.11328125), (1, 11680.2646484375)]","[(0, 3449.365478515625), (1, 6403.53515625)]","[(0, 13206.2216796875), (1, 7258.59228515625)]","[(0, 2620.060302734375), (1, 2450.99609375)]","[(0, 16500.20703125), (1, 22490.7578125)]","[(0, 1294.15673828125), (1, 1352.827880859375)]","[(1, 92.11563814603366), (2, 130.0852254231771), (0, 130.89498901367188), (4, 136.17640099158655), (3, 198.01371256510416), (5, 203.69197591145834)]","[(0, 1810.0574951171875), (1, 1454.8348388671875)]","[(4, 1183.8940873579545), (1, 1204.0191761363637), (5, 1633.07119140625), (2, 1647.9732421875), (3, 1676.6763671875), (0, 1696.2123046875)]","[(0, 2048.941650390625), (1, 1575.3604736328125)]","[(2, 77.85491943359375), (1, 96.61065673828125), (0, 267.03224690755206), (5, 311.18705610795456), (4, 349.059814453125), (3, 1243.67548828125)]","[(0, 1914.0291748046875), (1, 1811.766357421875)]"
152,"[(0, 2211.013427734375), (1, 2596.972412109375)]","[(0, 966.7975463867188), (1, 1653.8946533203125)]","[(0, 10753.798828125), (1, 7594.9716796875)]","[(0, 6496.26806640625), (1, 6042.8134765625)]","[(0, 10625.826171875), (1, 6290.7509765625)]","[(0, 7085.07421875), (1, 7377.01318359375)]","[(0, 8549.7763671875), (1, 11578.1220703125)]","[(0, 4916.4423828125), (1, 2767.8447265625)]","[(4, 198.93441336495536), (1, 261.68472726004467), (3, 267.06311974158655), (5, 286.21322866586536), (0, 361.52974759615387), (2, 383.18118990384613)]","[(0, 4318.40625), (1, 3247.717529296875)]","[(1, 476.57022372159093), (4, 593.7843572443181), (0, 635.70302734375), (3, 775.14931640625), (2, 817.670556640625), (5, 1014.303515625)]","[(0, 2242.531494140625), (1, 1180.94921875)]","[(1, 19.114670697380514), (2, 24.5502685546875), (0, 38.05492350260417), (5, 42.033915201822914), (4, 56.061573701746326), (3, 64.53709716796875)]","[(0, 1322.55810546875), (1, 1110.68115234375)]"
153,"[(0, 1004.391845703125), (1, 993.178955078125)]","[(0, 1415.31640625), (1, 2895.75341796875)]","[(0, 9285.0673828125), (1, 7387.11572265625)]","[(0, 18047.8046875), (1, 15967.1455078125)]","[(0, 10229.2880859375), (1, 8067.27587890625)]","[(0, 35580.44140625), (1, 35074.27734375)]","[(0, 8132.21533203125), (1, 8970.630859375)]","[(0, 4406.7470703125), (1, 3347.284912109375)]","[(1, 103.04055350167411), (2, 103.25325833834134), (4, 205.4218546549479), (0, 214.52982584635416), (5, 228.84141956676137), (3, 500.1162109375)]","[(0, 1796.225830078125), (1, 1351.8193359375)]","[(1, 257.9927509014423), (2, 269.96875), (4, 704.505126953125), (0, 777.1441761363636), (5, 785.4549893465909), (3, 2578.4232421875)]","[(0, 2269.68310546875), (1, 1873.960693359375)]","[(1, 96.68754069010417), (0, 116.52927468039773), (4, 140.57332356770834), (2, 144.3085049715909), (3, 169.07856889204547), (5, 218.7181951349432)]","[(0, 12933.2890625), (1, 8748.7060546875)]"
154,"[(0, 1060.9017333984375), (1, 1063.8343505859375)]","[(0, 795.7572021484375), (1, 1294.185791015625)]","[(0, 2277.17626953125), (1, 2068.60302734375)]","[(0, 10658.130859375), (1, 11213.267578125)]","[(0, 12118.779296875), (1, 8388.8798828125)]","[(0, 23165.333984375), (1, 22703.390625)]","[(0, 17614.150390625), (1, 18435.19140625)]","[(0, 2650.74755859375), (1, 2710.9248046875)]","[(4, 130.74449811662947), (3, 159.49119215745193), (1, 170.99286760602678), (5, 206.85745943509616), (0, 217.194091796875), (2, 284.8087627704327)]","[(0, 5262.84033203125), (1, 3213.26171875)]","[(4, 94.48256272536058), (3, 117.01950073242188), (5, 225.8998357599432), (1, 307.2127574573864), (0, 436.139208984375), (2, 1307.0208333333333)]","[(0, 4569.474609375), (1, 5702.30810546875)]","[(1, 190.33990009014423), (2, 258.65268961588544), (5, 269.85703531901044), (0, 278.33294677734375), (3, 295.3100992838542), (4, 468.3278620793269)]","[(0, 3442.224609375), (1, 3053.984375)]"
155,"[(0, 1463.8260498046875), (1, 1426.8529052734375)]","[(0, 656.7611694335938), (1, 951.7696533203125)]","[(0, 29010.84375), (1, 28079.578125)]","[(0, 2211.371826171875), (1, 3594.26806640625)]","[(0, 9726.6689453125), (1, 6889.29931640625)]","[(0, 13922.8740234375), (1, 13527.61328125)]","[(0, 19562.703125), (1, 18047.185546875)]","[(0, 1074.1964111328125), (1, 720.1597290039062)]","[(4, 33.23263753255208), (3, 36.00667245047433), (5, 55.53657414362981), (1, 66.60987636021206), (0, 75.66026423527644), (2, 141.42147827148438)]","[(0, 4829.2373046875), (1, 6785.54443359375)]","[(4, 45.421634674072266), (0, 59.022901262555806), (1, 60.75941848754883), (3, 63.948011125837056), (2, 64.78308977399554), (5, 71.12913731166294)]","[(0, 4702.12841796875), (1, 4289.80908203125)]","[(3, 66.80467006138393), (1, 68.118359375), (5, 80.12012590680804), (0, 83.73966761997768), (2, 101.28476388113839), (4, 126.38504231770834)]","[(0, 3771.02685546875), (1, 2977.653564453125)]"
156,"[(0, 1553.864990234375), (1, 1562.3922119140625)]","[(0, 564.319091796875), (1, 428.89886474609375)]","[(0, 8815.6923828125), (1, 5584.298828125)]","[(0, 6572.630859375), (1, 7806.2568359375)]","[(0, 6149.23486328125), (1, 4569.60107421875)]","[(0, 15736.0673828125), (1, 16736.08984375)]","[(0, 15782.19140625), (1, 16510.21875)]","[(0, 1567.375244140625), (1, 1150.32421875)]","[(4, 83.72141810825893), (3, 111.9483173076923), (5, 122.54075113932292), (1, 176.95074462890625), (0, 259.09228515625), (2, 309.9557861328125)]","[(0, 3015.461181640625), (1, 1987.8748779296875)]","[(4, 41.31862095424107), (1, 55.72284405048077), (5, 79.30790201822917), (3, 88.75272623697917), (2, 112.5336026278409), (0, 138.16679243607953)]","[(0, 1182.476806640625), (1, 1297.138916015625)]","[(4, 256.91001674107144), (1, 337.0666097005208), (3, 418.2482722355769), (5, 486.9091389973958), (0, 678.9823774857955), (2, 722.7529296875)]","[(0, 5300.34521484375), (1, 3554.403076171875)]"
157,"[(0, 767.5501098632812), (1, 737.665771484375)]","[(0, 2649.461181640625), (1, 2706.54345703125)]","[(0, 13317.990234375), (1, 8073.61767578125)]","[(0, 12238.5244140625), (1, 11535.6455078125)]","[(0, 1653.3331298828125), (1, 1274.3193359375)]","[(0, 15929.1376953125), (1, 17112.708984375)]","[(0, 17414.501953125), (1, 21996.69921875)]","[(0, 3090.75), (1, 2964.10791015625)]","[(4, 128.67901611328125), (3, 142.45551945612982), (1, 264.361328125), (5, 276.7245686848958), (0, 324.91641512784093), (2, 598.131591796875)]","[(0, 5255.57275390625), (1, 2989.51025390625)]","[(5, 66.66151936848958), (4, 76.92862173227164), (3, 98.88221232096355), (2, 113.81256103515625), (1, 129.0113243689904), (0, 170.50252278645834)]","[(0, 1279.2850341796875), (1, 1134.4373779296875)]","[(1, 68.54676055908203), (4, 83.44710047104779), (2, 84.89823695591518), (5, 106.70664876302084), (0, 166.86689104352678), (3, 205.24021809895834)]","[(0, 4024.60986328125), (1, 3075.935791015625)]"
158,"[(0, 1652.6080322265625), (1, 1867.740966796875)]","[(0, 3883.4814453125), (1, 4329.12353515625)]","[(0, 21797.623046875), (1, 23098.599609375)]","[(0, 2903.279296875), (1, 3043.34326171875)]","[(0, 9352.2255859375), (1, 6089.58642578125)]","[(0, 18059.908203125), (1, 18471.00390625)]","[(0, 18462.88671875), (1, 25211.259765625)]","[(0, 3111.95947265625), (1, 2119.91552734375)]","[(4, 174.96178260216345), (1, 210.02364408052884), (5, 229.76554361979166), (3, 255.41414388020834), (2, 280.2718098958333), (0, 305.7195638020833)]","[(0, 1792.6732177734375), (1, 1186.068359375)]","[(1, 334.05048828125), (4, 400.2154296875), (2, 479.9519856770833), (5, 622.2624782986111), (0, 790.1653645833334), (3, 948.6343315972222)]","[(0, 2229.14306640625), (1, 2721.994384765625)]","[(1, 90.45416666666667), (2, 94.83374895368304), (4, 159.49400916466345), (5, 179.49920654296875), (0, 213.21754807692307), (3, 493.74174360795456)]","[(0, 14696.9755859375), (1, 10068.3359375)]"
159,"[(0, 1676.2947998046875), (1, 1931.5595703125)]","[(0, 2247.7001953125), (1, 2269.988525390625)]","[(0, 4060.095703125), (1, 2618.537841796875)]","[(0, 1835.567626953125), (1, 1777.679443359375)]","[(0, 7708.72119140625), (1, 4932.01953125)]","[(0, 12277.41796875), (1, 12085.3447265625)]","[(0, 21715.501953125), (1, 19496.732421875)]","[(0, 4620.8876953125), (1, 3481.88720703125)]","[(4, 44.87447738647461), (1, 52.700245576746326), (3, 61.525830950055806), (0, 76.1173583984375), (5, 80.23359898158482), (2, 94.674853515625)]","[(0, 1655.0062255859375), (1, 1147.2047119140625)]","[(2, 97.60988071986607), (1, 144.07830403645832), (5, 169.91267277644232), (4, 173.72049386160714), (0, 209.69841120793268), (3, 420.3724365234375)]","[(0, 4722.60791015625), (1, 3516.4658203125)]","[(4, 251.17174183238637), (1, 323.67777876420456), (5, 376.4961181640625), (3, 415.252685546875), (2, 501.146044921875), (0, 548.64453125)]","[(0, 4418.6181640625), (1, 3672.3837890625)]"
160,"[(0, 1732.74609375), (1, 1867.0020751953125)]","[(0, 1885.35791015625), (1, 1997.8135986328125)]","[(0, 27973.494140625), (1, 18553.0078125)]","[(0, 18062.8203125), (1, 20205.6640625)]","[(0, 4389.884765625), (1, 3335.46923828125)]","[(0, 8058.58642578125), (1, 8553.5927734375)]","[(0, 19853.228515625), (1, 22675.4375)]","[(0, 2321.292236328125), (1, 1865.5301513671875)]","[(1, 201.063720703125), (2, 205.41476004464286), (4, 363.31881277901783), (5, 390.01355919471155), (0, 451.3234299879808), (3, 854.2913411458334)]","[(0, 7298.6240234375), (1, 7110.09814453125)]","[(4, 267.80453725961536), (0, 325.8734600360577), (3, 342.4860026041667), (2, 397.04871544471155), (5, 423.1909586588542), (1, 445.75327845982144)]","[(0, 7094.5263671875), (1, 4549.36474609375)]","[(1, 154.9304754083807), (2, 177.278515625), (4, 193.76163736979166), (5, 214.4610040838068), (0, 320.483935546875), (3, 400.93172940340907)]","[(0, 23343.1484375), (1, 17508.51953125)]"
161,"[(0, 1595.14990234375), (1, 1697.1021728515625)]","[(0, 1042.0601806640625), (1, 1880.1123046875)]","[(0, 6414.27392578125), (1, 5461.87255859375)]","[(0, 1692.9500732421875), (1, 2778.078857421875)]","[(0, 10565.7734375), (1, 5782.42626953125)]","[(0, 8233.609375), (1, 8369.1982421875)]","[(0, 17318.953125), (1, 28735.21484375)]","[(0, 2092.322509765625), (1, 2751.656005859375)]","[(4, 140.95501239483173), (3, 177.93452962239584), (1, 318.20530192057294), (5, 346.0548206676136), (0, 384.84707919034093), (2, 954.94970703125)]","[(0, 2666.2880859375), (1, 1664.38525390625)]","[(2, 39.50313459123884), (1, 47.90182291666667), (5, 52.83589993990385), (4, 67.72780936104911), (0, 93.07236891526442), (3, 146.22374471028647)]","[(0, 3206.979736328125), (1, 2258.388671875)]","[(4, 64.69130452473958), (1, 95.97538248697917), (5, 101.31280987079327), (3, 103.27944711538461), (0, 161.57649113581732), (2, 163.24220628004807)]","[(0, 2461.56640625), (1, 2114.218994140625)]"
162,"[(0, 1388.1832275390625), (1, 1511.8643798828125)]","[(0, 1558.3935546875), (1, 3132.146484375)]","[(0, 27540.56640625), (1, 19841.720703125)]","[(0, 9349.5947265625), (1, 11706.962890625)]","[(0, 7470.25927734375), (1, 3945.42724609375)]","[(0, 5483.66796875), (1, 5385.74462890625)]","[(0, 26196.3203125), (1, 40423.953125)]","[(0, 1807.4664306640625), (1, 1270.7442626953125)]","[(4, 98.6156982421875), (3, 144.29939488002233), (5, 201.81565504807693), (1, 206.79248046875), (0, 320.3018391927083), (2, 491.1643732244318)]","[(0, 7664.59130859375), (1, 4857.87646484375)]","[(4, 624.6482599431819), (1, 807.2895063920455), (3, 908.15517578125), (5, 946.66015625), (0, 1237.820703125), (2, 1264.67333984375)]","[(0, 5006.310546875), (1, 1979.918212890625)]","[(1, 170.40194266183036), (4, 195.94621394230768), (0, 211.6112342247596), (2, 220.0894493689904), (5, 236.01668294270834), (3, 270.77012125651044)]","[(0, 2073.04736328125), (1, 1747.8990478515625)]"
163,"[(0, 1976.0595703125), (1, 1912.470947265625)]","[(0, 900.7089233398438), (1, 1549.810791015625)]","[(0, 5598.14697265625), (1, 3812.281494140625)]","[(0, 6848.09716796875), (1, 6906.76513671875)]","[(0, 3841.95458984375), (1, 2390.723388671875)]","[(0, 3055.228271484375), (1, 2840.96484375)]","[(0, 6606.5283203125), (1, 5943.02685546875)]","[(0, 7738.9365234375), (1, 13196.7548828125)]","[(1, 100.88161795479911), (2, 102.52386944110577), (4, 118.57933553059895), (5, 128.34281782670453), (0, 202.33748372395834), (3, 231.27001953125)]","[(0, 6488.7080078125), (1, 3553.65087890625)]","[(2, 257.75221761067706), (0, 286.92071533203125), (4, 299.64237154447113), (5, 378.4522705078125), (3, 419.4781901041667), (1, 429.76059194711536)]","[(0, 1823.71044921875), (1, 856.464111328125)]","[(1, 233.6962890625), (2, 246.5164462002841), (4, 247.35248272235577), (5, 261.5269775390625), (0, 471.7561700994318), (3, 474.4908854166667)]","[(0, 12009.7099609375), (1, 8232.1572265625)]"
164,"[(0, 1283.39697265625), (1, 1336.2095947265625)]","[(0, 565.277587890625), (1, 826.3825073242188)]","[(0, 3285.605712890625), (1, 3294.06103515625)]","[(0, 3428.88623046875), (1, 4520.60400390625)]","[(0, 928.71435546875), (1, 613.4152221679688)]","[(0, 6007.40673828125), (1, 6654.68115234375)]","[(0, 16303.123046875), (1, 17161.853515625)]","[(0, 1826.4560546875), (1, 1254.2344970703125)]","[(2, 74.59996744791667), (5, 82.12837437220982), (1, 95.10823059082031), (4, 101.68895670572917), (0, 222.78302873883928), (3, 235.72733248197116)]","[(0, 13168.3544921875), (1, 5643.44677734375)]","[(4, 147.7579549153646), (3, 210.15806995738637), (1, 259.29447798295456), (0, 443.21064453125), (5, 446.005322265625), (2, 1031.4292534722222)]","[(0, 1285.958740234375), (1, 1915.943115234375)]","[(2, 27.910762532552084), (1, 28.79890251159668), (5, 46.501207624162944), (0, 55.147007533482146), (4, 103.25220540364583), (3, 105.15387432391827)]","[(0, 4246.92529296875), (1, 3571.177978515625)]"
165,"[(0, 1247.6331787109375), (1, 1438.6700439453125)]","[(0, 2115.76806640625), (1, 2321.70068359375)]","[(0, 12397.841796875), (1, 14350.703125)]","[(0, 2420.336181640625), (1, 2427.35986328125)]","[(0, 7951.80615234375), (1, 4059.63525390625)]","[(0, 16457.146484375), (1, 16979.001953125)]","[(0, 6764.33251953125), (1, 6171.201171875)]","[(0, 1855.5069580078125), (1, 1335.6630859375)]","[(2, 56.39753214518229), (1, 57.42187030498798), (5, 75.10512601412259), (4, 82.73502894810268), (0, 101.35972086588542), (3, 130.95143479567307)]","[(0, 1814.844482421875), (1, 1610.596435546875)]","[(4, 218.67916870117188), (3, 285.0818359375), (5, 330.18429129464283), (1, 506.98148018973217), (0, 549.7109750600962), (2, 654.7268473307291)]","[(0, 4362.8232421875), (1, 4234.109375)]","[(2, 30.406013039981616), (1, 31.171512179904514), (0, 57.615135192871094), (4, 60.09483427159927), (5, 64.68090057373047), (3, 120.51288248697917)]","[(0, 3500.77587890625), (1, 2652.1787109375)]"
166,"[(0, 1130.976318359375), (1, 1130.3460693359375)]","[(0, 3555.810302734375), (1, 4508.57470703125)]","[(0, 1796.5343017578125), (1, 1657.2008056640625)]","[(0, 4243.06689453125), (1, 4340.52099609375)]","[(0, 2305.648681640625), (1, 1603.9287109375)]","[(0, 31547.603515625), (1, 32676.486328125)]","[(0, 18766.91015625), (1, 19733.271484375)]","[(0, 1971.762939453125), (1, 1233.1312255859375)]","[(4, 90.45299530029297), (3, 105.69995930989583), (1, 128.50209147135416), (0, 162.35665457589286), (5, 206.79092843191964), (2, 332.33559945913464)]","[(0, 2804.69677734375), (1, 3573.34814453125)]","[(5, 131.58894486860797), (4, 137.00445556640625), (3, 174.9647882634943), (2, 218.99265358664772), (0, 290.3322088068182), (1, 310.42942301432294)]","[(0, 5562.03955078125), (1, 4699.994140625)]","[(1, 246.2505770596591), (4, 291.7488458806818), (2, 359.049267578125), (5, 440.451171875), (0, 541.51005859375), (3, 604.63876953125)]","[(0, 1494.249755859375), (1, 1301.779296875)]"
167,"[(0, 1493.7098388671875), (1, 1547.416748046875)]","[(0, 1478.8052978515625), (1, 1723.876953125)]","[(0, 19052.0859375), (1, 16275.888671875)]","[(0, 18903.875), (1, 15903.2119140625)]","[(0, 6303.783203125), (1, 4969.42236328125)]","[(0, 17822.22265625), (1, 16519.0703125)]","[(0, 14930.697265625), (1, 20346.998046875)]","[(0, 1356.18701171875), (1, 1541.062744140625)]","[(1, 517.4339599609375), (2, 613.9209428267045), (0, 692.6560724431819), (4, 761.4168294270834), (5, 966.0302734375), (3, 1009.0656072443181)]","[(0, 1337.232666015625), (1, 1055.361328125)]","[(3, 48.348584856305806), (0, 52.50623497596154), (4, 52.91935628255208), (2, 79.25977579752605), (5, 91.64889761117789), (1, 92.24774169921875)]","[(0, 700.2125854492188), (1, 763.2550659179688)]","[(4, 120.12281901041666), (1, 123.31349534254808), (3, 200.34988839285714), (5, 227.4500450721154), (0, 228.38444010416666), (2, 245.54261363636363)]","[(0, 2609.755859375), (1, 2403.207763671875)]"
168,"[(0, 864.628173828125), (1, 902.9484252929688)]","[(0, 799.3213500976562), (1, 727.8760986328125)]","[(0, 13687.9091796875), (1, 9330.7822265625)]","[(0, 5996.765625), (1, 4725.0361328125)]","[(0, 3816.348388671875), (1, 3361.635986328125)]","[(0, 1757.6058349609375), (1, 1980.4610595703125)]","[(0, 38966.94140625), (1, 50200.77734375)]","[(0, 2337.250732421875), (1, 5624.400390625)]","[(4, 134.27494929387018), (5, 193.59309895833334), (1, 197.32134540264423), (3, 213.78853352864584), (2, 290.3792724609375), (0, 326.111572265625)]","[(0, 5722.97265625), (1, 5122.3349609375)]","[(2, 149.399169921875), (4, 214.68763146033655), (0, 232.92125525841345), (5, 242.60687255859375), (1, 259.29609375), (3, 426.20796342329544)]","[(0, 2616.56201171875), (1, 3005.06884765625)]","[(1, 35.47074979894302), (4, 41.71917365579044), (3, 62.83834228515625), (5, 66.52104899088542), (0, 73.17179361979167), (2, 77.22417805989583)]","[(0, 9636.84765625), (1, 6629.4326171875)]"
169,"[(0, 1068.0123291015625), (1, 1094.86865234375)]","[(0, 1722.5860595703125), (1, 1749.4725341796875)]","[(0, 35641.3671875), (1, 23463.37890625)]","[(0, 4432.93115234375), (1, 7473.2451171875)]","[(0, 10065.494140625), (1, 5634.48779296875)]","[(0, 6422.84375), (1, 6614.97607421875)]","[(0, 11935.482421875), (1, 11995.4814453125)]","[(0, 4219.130859375), (1, 3483.88330078125)]","[(1, 13.50982208251953), (2, 14.970904880099827), (0, 18.656875610351562), (4, 19.903504943847658), (5, 23.20618353949653), (3, 28.601576063368057)]","[(0, 3966.06298828125), (1, 4015.313232421875)]","[(2, 133.0538068498884), (1, 158.92705078125), (4, 183.95356096540178), (5, 208.86683067908655), (0, 320.1067082331731), (3, 579.0753173828125)]","[(0, 1410.1434326171875), (1, 1540.4404296875)]","[(1, 114.9901123046875), (4, 115.96560434194711), (2, 130.13184532752405), (5, 136.42972819010416), (3, 247.2858220880682), (0, 254.0251261393229)]","[(0, 2572.220458984375), (1, 2285.830322265625)]"
170,"[(0, 816.4043579101562), (1, 913.1475219726562)]","[(0, 2590.019775390625), (1, 3113.0517578125)]","[(0, 22088.81640625), (1, 20258.705078125)]","[(0, 6424.4609375), (1, 7339.62451171875)]","[(0, 7715.7890625), (1, 4498.89306640625)]","[(0, 10087.2978515625), (1, 10252.2294921875)]","[(0, 6735.93115234375), (1, 6680.08984375)]","[(0, 6436.35205078125), (1, 3324.01220703125)]","[(1, 61.456852213541666), (4, 66.95561981201172), (0, 86.15117536272321), (3, 88.60206705729166), (2, 128.09906475360577), (5, 132.4230695452009)]","[(0, 3037.07470703125), (1, 3301.965087890625)]","[(1, 138.58815696022728), (4, 139.68852351262018), (3, 171.59039306640625), (0, 255.4025634765625), (5, 305.97946999289775), (2, 395.6284450954861)]","[(0, 5584.7724609375), (1, 3783.37890625)]","[(1, 140.95552201704547), (4, 148.87026145241478), (2, 193.00108642578124), (5, 218.9401123046875), (0, 327.2699462890625), (3, 333.040576171875)]","[(0, 3583.897216796875), (1, 3138.46435546875)]"
171,"[(0, 1119.966796875), (1, 1129.40283203125)]","[(0, 1161.787353515625), (1, 1231.8319091796875)]","[(0, 13265.2197265625), (1, 8523.48828125)]","[(0, 4367.0107421875), (1, 5499.57861328125)]","[(0, 1692.5142822265625), (1, 1395.312744140625)]","[(0, 3383.577880859375), (1, 3078.321533203125)]","[(0, 11956.1025390625), (1, 14792.5234375)]","[(0, 2008.167724609375), (1, 2039.5050048828125)]","[(2, 53.682468959263396), (1, 58.967411295572916), (5, 110.8089130108173), (4, 111.51082066127232), (0, 137.57140174278845), (3, 315.35015869140625)]","[(0, 3901.65625), (1, 2806.739501953125)]","[(2, 272.03453650841345), (1, 277.4888916015625), (0, 520.9354654947916), (4, 536.09326171875), (5, 558.8470458984375), (3, 1065.7104936079545)]","[(0, 4067.238525390625), (1, 3010.45263671875)]","[(1, 83.98691231863839), (2, 88.4131328876202), (4, 114.995849609375), (5, 128.21602006392047), (0, 204.24373372395834), (3, 318.1510009765625)]","[(0, 12734.00390625), (1, 9130.5390625)]"
172,"[(0, 1843.2484130859375), (1, 1888.3350830078125)]","[(0, 1409.2164306640625), (1, 1510.328857421875)]","[(0, 6414.5556640625), (1, 7315.48095703125)]","[(0, 1576.4034423828125), (1, 1795.912353515625)]","[(0, 1670.1409912109375), (1, 1437.7298583984375)]","[(0, 7782.046875), (1, 8373.97265625)]","[(0, 14493.259765625), (1, 18084.2265625)]","[(0, 1417.829833984375), (1, 969.9531860351562)]","[(1, 53.59378923688616), (4, 54.528050013950896), (2, 95.10325113932292), (5, 98.89748128255208), (3, 105.98708089192708), (0, 110.67989095052083)]","[(0, 4192.87841796875), (1, 3004.0888671875)]","[(1, 107.75641741071429), (4, 108.5126201923077), (3, 151.70573286576703), (0, 163.94636027018228), (2, 247.9658406575521), (5, 273.8900701349432)]","[(0, 1477.887451171875), (1, 1674.609130859375)]","[(1, 163.2334650213068), (2, 197.29554443359376), (4, 226.6017400568182), (0, 286.5158935546875), (5, 291.371826171875), (3, 382.867724609375)]","[(0, 16317.19921875), (1, 12359.74609375)]"
173,"[(0, 1064.14794921875), (1, 1155.463134765625)]","[(0, 247.2068328857422), (1, 185.11880493164062)]","[(0, 19530.62109375), (1, 13981.232421875)]","[(0, 9743.724609375), (1, 9087.5029296875)]","[(0, 11055.509765625), (1, 6150.818359375)]","[(0, 17686.08984375), (1, 18890.970703125)]","[(0, 7145.20703125), (1, 6447.3984375)]","[(0, 1597.3868408203125), (1, 1203.4027099609375)]","[(4, 78.28958834134616), (3, 81.67104085286458), (1, 161.92127403846155), (5, 163.14609596946022), (0, 182.853271484375), (2, 371.9782049005682)]","[(0, 7234.21826171875), (1, 3844.425048828125)]","[(4, 184.99496023995536), (3, 284.9217998798077), (1, 426.0600179036458), (5, 490.9405110677083), (0, 828.8679865056819), (2, 1317.67841796875)]","[(0, 3830.075927734375), (1, 2090.3349609375)]","[(4, 78.97317504882812), (3, 93.76458333333333), (1, 114.53396809895834), (5, 115.26542445591518), (0, 181.09177943638392), (2, 219.1585411658654)]","[(0, 2527.65478515625), (1, 2374.13720703125)]"
174,"[(0, 1243.9849853515625), (1, 1234.124755859375)]","[(0, 1239.330810546875), (1, 2063.44775390625)]","[(0, 4305.58447265625), (1, 4394.39599609375)]","[(0, 1456.49853515625), (1, 1474.75830078125)]","[(0, 8770.77734375), (1, 5143.369140625)]","[(0, 37132.0859375), (1, 33984.0703125)]","[(0, 8405.16796875), (1, 9284.4384765625)]","[(0, 5817.6162109375), (1, 4593.86083984375)]","[(4, 143.92316545758928), (5, 167.55414287860577), (1, 171.98378208705358), (3, 182.45535982572116), (2, 197.12019230769232), (0, 226.18840144230768)]","[(0, 4030.648193359375), (1, 4625.80810546875)]","[(4, 43.80641392299107), (1, 60.76113656850961), (3, 89.5877685546875), (5, 91.0485331217448), (2, 138.8229647549716), (0, 142.37978293678978)]","[(0, 1119.8096923828125), (1, 1944.2615966796875)]","[(4, 39.71283772786458), (1, 43.025960286458336), (5, 68.40431096003606), (2, 76.72848745492789), (3, 85.2743671123798), (0, 97.87511268028847)]","[(0, 838.8046875), (1, 753.5094604492188)]"
175,"[(0, 797.3163452148438), (1, 800.7388916015625)]","[(0, 1797.52734375), (1, 3691.42578125)]","[(0, 5247.689453125), (1, 3583.046142578125)]","[(0, 1750.7501220703125), (1, 1429.1925048828125)]","[(0, 5383.2587890625), (1, 4368.7685546875)]","[(0, 10652.6533203125), (1, 9364.158203125)]","[(0, 18064.04296875), (1, 27242.693359375)]","[(0, 4427.70849609375), (1, 2811.486572265625)]","[(4, 403.94722123579544), (3, 489.118408203125), (1, 591.9456232244319), (5, 665.1287109375), (0, 729.717626953125), (2, 1013.94384765625)]","[(0, 2533.6015625), (1, 2396.05078125)]","[(2, 130.15415852864584), (1, 204.1157989501953), (0, 277.96299525669644), (5, 341.54927884615387), (4, 346.3382045200893), (3, 921.6158854166666)]","[(0, 3818.29248046875), (1, 3220.4375)]","[(1, 227.9681599934896), (4, 253.623779296875), (2, 318.6508123224432), (5, 347.63993696732956), (0, 433.6788884943182), (3, 480.82270951704544)]","[(0, 6613.76513671875), (1, 5287.86962890625)]"
176,"[(0, 706.0672607421875), (1, 682.2800903320312)]","[(0, 1157.03173828125), (1, 1731.5914306640625)]","[(0, 7918.99267578125), (1, 6253.6767578125)]","[(0, 3156.8564453125), (1, 3412.04150390625)]","[(0, 5739.5283203125), (1, 3983.78076171875)]","[(0, 11898.296875), (1, 13205.3154296875)]","[(0, 26312.646484375), (1, 43318.18359375)]","[(0, 1822.8843994140625), (1, 2103.42236328125)]","[(4, 168.9757361778846), (1, 180.30327899639423), (5, 230.1434122721354), (2, 248.6437784830729), (3, 296.23586018880206), (0, 323.8661295572917)]","[(0, 9735.0859375), (1, 4678.443359375)]","[(1, 40.19262259347098), (2, 42.02852689302885), (4, 78.51976521809895), (0, 89.6921895345052), (5, 92.30768931995739), (3, 287.3034912109375)]","[(0, 1445.925048828125), (1, 1206.0699462890625)]","[(4, 56.51790677584135), (3, 82.64320882161458), (1, 99.56982421875), (5, 117.89771617542614), (0, 155.04967151988637), (2, 231.0854736328125)]","[(0, 1284.53515625), (1, 1131.0545654296875)]"
177,"[(0, 1071.18115234375), (1, 1052.011962890625)]","[(0, 667.4154663085938), (1, 834.652099609375)]","[(0, 3143.125244140625), (1, 2875.234619140625)]","[(0, 27807.97265625), (1, 23874.34375)]","[(0, 7330.376953125), (1, 4917.33349609375)]","[(0, 5861.953125), (1, 6369.4404296875)]","[(0, 3098.482177734375), (1, 2635.610595703125)]","[(0, 2328.12744140625), (1, 2502.16845703125)]","[(4, 166.52888371394232), (1, 177.41805013020834), (5, 193.6482137044271), (2, 194.07488141741072), (3, 218.57106711647728), (0, 268.26053560697113)]","[(0, 5136.3154296875), (1, 2283.529541015625)]","[(2, 131.08457253196022), (4, 138.2039591471354), (1, 155.22454833984375), (5, 164.1880215731534), (0, 184.65922407670453), (3, 218.39968039772728)]","[(0, 1043.9451904296875), (1, 1089.6005859375)]","[(2, 21.33515625), (1, 25.97638511657715), (5, 37.95722249348958), (4, 47.17226028442383), (0, 57.95359584263393), (3, 113.98818533761161)]","[(0, 1925.42041015625), (1, 1549.3682861328125)]"
178,"[(0, 1086.92919921875), (1, 1263.7926025390625)]","[(0, 2214.991455078125), (1, 2487.47900390625)]","[(0, 26884.970703125), (1, 14952.3994140625)]","[(0, 1889.53662109375), (1, 1765.0865478515625)]","[(0, 6386.20947265625), (1, 4526.15576171875)]","[(0, 18161.484375), (1, 17061.216796875)]","[(0, 13630.462890625), (1, 15861.1044921875)]","[(0, 2256.21875), (1, 2836.116455078125)]","[(4, 60.4636116027832), (3, 60.668115234375), (5, 106.35450962611607), (1, 185.38528878348214), (0, 197.95607346754807), (2, 407.7802327473958)]","[(0, 2102.22900390625), (1, 738.7489013671875)]","[(4, 216.92585100446428), (3, 303.4376878004808), (5, 379.769775390625), (1, 500.4000651041667), (0, 916.4745205965909), (2, 1260.0072265625)]","[(0, 1409.6533203125), (1, 1898.055908203125)]","[(1, 55.952587890625), (4, 74.75285121372768), (2, 91.8253643329327), (5, 123.4773457845052), (0, 135.47129469651443), (3, 181.63346354166666)]","[(0, 3215.855224609375), (1, 2595.21826171875)]"
179,"[(0, 1208.6485595703125), (1, 1191.8687744140625)]","[(0, 3725.526123046875), (1, 4725.29296875)]","[(0, 3445.374267578125), (1, 3105.2861328125)]","[(0, 3398.85595703125), (1, 5455.07373046875)]","[(0, 12435.7587890625), (1, 8515.4609375)]","[(0, 3172.320556640625), (1, 2833.357666015625)]","[(0, 14695.8125), (1, 12654.7802734375)]","[(0, 5574.35400390625), (1, 4727.767578125)]","[(4, 281.3990885416667), (3, 323.7562144886364), (1, 341.7955729166667), (5, 358.31178977272725), (0, 401.0724431818182), (2, 450.39204545454544)]","[(0, 4029.318359375), (1, 3455.5322265625)]","[(2, 138.8241228376116), (1, 169.87547200520834), (4, 224.44981971153845), (0, 264.626708984375), (5, 304.58837890625), (3, 703.0815873579545)]","[(0, 1210.7164306640625), (1, 559.9556274414062)]","[(1, 48.64686686197917), (4, 66.67773844401042), (2, 81.5043475811298), (5, 116.4757831280048), (0, 130.8468299278846), (3, 186.23467548076923)]","[(0, 5047.43798828125), (1, 3931.327392578125)]"
180,"[(0, 1565.0758056640625), (1, 1698.5010986328125)]","[(0, 1683.1317138671875), (1, 2043.98828125)]","[(0, 7008.26904296875), (1, 6254.6787109375)]","[(0, 17457.28515625), (1, 20924.083984375)]","[(0, 4645.2021484375), (1, 3042.202880859375)]","[(0, 6670.6484375), (1, 6995.56103515625)]","[(0, 7644.47998046875), (1, 9050.390625)]","[(0, 1753.0625), (1, 1661.1866455078125)]","[(1, 80.98673793247768), (2, 102.87253981370192), (0, 191.15765380859375), (4, 200.9690958658854), (5, 291.4051624644886), (3, 574.462646484375)]","[(0, 1528.8995361328125), (1, 1832.00341796875)]","[(1, 103.26138070913461), (2, 118.62159220377605), (0, 253.60151811079547), (4, 296.61441317471593), (5, 403.399755859375), (3, 1346.5581597222222)]","[(0, 2281.934814453125), (1, 1526.862548828125)]","[(3, 99.13369954427084), (4, 119.15351104736328), (1, 136.48412272135417), (5, 160.50408063616072), (0, 173.53050013950892), (2, 281.03866811899036)]","[(0, 5584.57568359375), (1, 4474.244140625)]"
181,"[(0, 1492.295166015625), (1, 1435.7169189453125)]","[(0, 1009.3056640625), (1, 997.0128784179688)]","[(0, 2543.29833984375), (1, 1716.12158203125)]","[(0, 7314.7763671875), (1, 5979.2001953125)]","[(0, 4014.18359375), (1, 2786.37841796875)]","[(0, 4746.61083984375), (1, 4772.14697265625)]","[(0, 25421.404296875), (1, 31050.150390625)]","[(0, 1826.449951171875), (1, 1481.923095703125)]","[(4, 62.267093912760416), (3, 81.39188929966518), (1, 102.28704833984375), (5, 116.82838792067308), (0, 140.34288611778845), (2, 218.3070271809896)]","[(0, 2776.403564453125), (1, 2311.0927734375)]","[(2, 397.93612393465907), (0, 449.96528764204544), (1, 492.3123779296875), (4, 509.3448486328125), (5, 629.4303977272727), (3, 672.0961026278409)]","[(0, 1340.5167236328125), (1, 1592.8392333984375)]","[(1, 126.81219889322917), (2, 194.89338030133928), (0, 207.958740234375), (5, 221.37568010602678), (3, 230.54471261160714), (4, 308.91468098958336)]","[(0, 4026.445068359375), (1, 3804.320556640625)]"
182,"[(0, 1087.5087890625), (1, 1129.1103515625)]","[(0, 370.8226013183594), (1, 279.0059814453125)]","[(0, 12354.0302734375), (1, 13003.5498046875)]","[(0, 1746.92578125), (1, 1412.819580078125)]","[(0, 2137.131103515625), (1, 1629.2769775390625)]","[(0, 7172.5908203125), (1, 7445.77783203125)]","[(0, 16724.1875), (1, 16096.6279296875)]","[(0, 1321.42724609375), (1, 1003.7717895507812)]","[(1, 120.6661376953125), (2, 141.13953653971353), (4, 144.9337419782366), (5, 161.32183368389423), (0, 176.0905965169271), (3, 205.73016826923077)]","[(0, 6524.03271484375), (1, 4826.29052734375)]","[(2, 131.07219050480768), (1, 172.71240234375), (4, 301.3173076923077), (0, 317.30649820963544), (5, 322.57948811848956), (3, 861.8205788352273)]","[(0, 1806.069091796875), (1, 2431.337890625)]","[(1, 75.98809814453125), (4, 95.30326334635417), (2, 108.08290608723958), (5, 147.48653470552884), (0, 171.5539754231771), (3, 240.32048152043268)]","[(0, 4667.16015625), (1, 4454.82421875)]"
183,"[(0, 693.3443603515625), (1, 779.8048706054688)]","[(0, 360.3919677734375), (1, 275.30810546875)]","[(0, 2302.46044921875), (1, 1922.9659423828125)]","[(0, 4037.68115234375), (1, 4224.380859375)]","[(0, 11250.9404296875), (1, 6332.5302734375)]","[(0, 31666.912109375), (1, 35380.2265625)]","[(0, 26346.19140625), (1, 31105.72265625)]","[(0, 3979.672119140625), (1, 2564.564697265625)]","[(1, 144.84694010416666), (2, 155.69004603794642), (0, 291.68408203125), (4, 350.82260366586536), (5, 436.7115071614583), (3, 957.6071555397727)]","[(0, 1577.23876953125), (1, 1876.0931396484375)]","[(4, 51.703770228794646), (1, 58.83107648577009), (5, 90.1137186686198), (3, 92.9994608561198), (2, 102.3081563313802), (0, 108.88402303059895)]","[(0, 1682.6085205078125), (1, 1663.6011962890625)]","[(4, 19.13176066080729), (1, 22.34432169596354), (3, 29.218186598557693), (5, 34.48027155949519), (0, 35.098388671875), (2, 40.2882314828726)]","[(0, 21202.189453125), (1, 14806.0029296875)]"
184,"[(0, 1057.096435546875), (1, 959.2811279296875)]","[(0, 3171.4072265625), (1, 2893.31884765625)]","[(0, 10830.0), (1, 12706.9873046875)]","[(0, 16449.6484375), (1, 16954.748046875)]","[(0, 8105.982421875), (1, 4327.49658203125)]","[(0, 7939.0390625), (1, 6751.03076171875)]","[(0, 47543.1484375), (1, 63629.89453125)]","[(0, 6572.24267578125), (1, 6580.947265625)]","[(4, 359.1078287760417), (1, 393.705322265625), (5, 455.72030362215907), (3, 469.3306995738636), (2, 504.39018110795456), (0, 518.9812677556819)]","[(0, 3452.906982421875), (1, 3556.6953125)]","[(1, 108.7781231219952), (2, 119.19471232096355), (4, 149.88425514914772), (0, 167.8973943536932), (5, 183.00443115234376), (3, 327.5653483072917)]","[(0, 2260.21044921875), (1, 1895.1781005859375)]","[(4, 114.69369070870536), (1, 144.12138875325522), (5, 169.05767822265625), (3, 195.00882662259616), (2, 240.8923583984375), (0, 318.25448330965907)]","[(0, 14101.0654296875), (1, 9430.7646484375)]"
185,"[(0, 761.98486328125), (1, 811.8643188476562)]","[(0, 5396.02685546875), (1, 5799.109375)]","[(0, 21035.46484375), (1, 21431.931640625)]","[(0, 2397.95947265625), (1, 2660.3671875)]","[(0, 7219.8203125), (1, 2842.02294921875)]","[(0, 3247.169189453125), (1, 2859.710205078125)]","[(0, 9741.029296875), (1, 11068.021484375)]","[(0, 1828.1612548828125), (1, 1895.6500244140625)]","[(4, 96.99086216517857), (1, 101.12574986049107), (3, 121.6153094951923), (5, 122.95438326322116), (2, 125.87005145733173), (0, 136.6748328575721)]","[(0, 3020.24169921875), (1, 2533.101318359375)]","[(4, 366.24296431107956), (5, 433.719384765625), (1, 445.32998934659093), (2, 553.330078125), (3, 700.108056640625), (0, 907.5421875)]","[(0, 2307.702392578125), (1, 2687.260009765625)]","[(1, 76.3251201923077), (2, 101.93067423502605), (5, 115.48253377278645), (0, 138.11093139648438), (4, 142.98914513221155), (3, 150.7603963216146)]","[(0, 12706.87890625), (1, 8079.88037109375)]"
186,"[(0, 1033.850830078125), (1, 1256.4696044921875)]","[(0, 2348.349365234375), (1, 2193.4912109375)]","[(0, 10175.7353515625), (1, 8924.8671875)]","[(0, 8088.923828125), (1, 7187.82666015625)]","[(0, 1494.54833984375), (1, 954.1753540039062)]","[(0, 11321.0625), (1, 12422.423828125)]","[(0, 21619.1484375), (1, 25258.501953125)]","[(0, 2108.1025390625), (1, 1668.915771484375)]","[(2, 86.8389892578125), (1, 110.22955322265625), (5, 186.61334228515625), (4, 225.91701096754807), (0, 256.01918538411456), (3, 552.41162109375)]","[(0, 4585.36474609375), (1, 3843.36181640625)]","[(2, 328.64015891335225), (4, 379.7121988932292), (1, 429.8662923177083), (5, 433.25514914772725), (0, 531.4953835227273), (3, 690.6317915482955)]","[(0, 6487.27880859375), (1, 2714.1103515625)]","[(1, 130.55960518973214), (2, 166.00007512019232), (4, 321.1016031901042), (0, 394.8476155598958), (5, 486.6653941761364), (3, 1336.5052734375)]","[(0, 3323.57470703125), (1, 3284.40576171875)]"
187,"[(0, 1483.59814453125), (1, 1590.9097900390625)]","[(0, 1171.6270751953125), (1, 1055.006591796875)]","[(0, 4579.27734375), (1, 2673.969482421875)]","[(0, 6951.82080078125), (1, 7295.58251953125)]","[(0, 2345.827880859375), (1, 1631.5394287109375)]","[(0, 5895.2880859375), (1, 6759.689453125)]","[(0, 12252.6318359375), (1, 12199.8359375)]","[(0, 1273.4774169921875), (1, 1760.6607666015625)]","[(4, 52.11114501953125), (3, 77.2058817545573), (1, 93.59764607747395), (5, 109.75501598011364), (0, 159.60903098366478), (2, 200.68306884765624)]","[(0, 1077.39794921875), (1, 914.960205078125)]","[(1, 65.93409511021206), (4, 76.61884014423077), (0, 139.64354451497397), (2, 146.66521199544272), (5, 175.02402565696022), (3, 189.476806640625)]","[(0, 863.4259033203125), (1, 967.7098388671875)]","[(3, 43.953662109375), (1, 47.22786603655134), (4, 48.51893615722656), (5, 50.800506591796875), (0, 83.52832970252403), (2, 98.90672810872395)]","[(0, 1520.0789794921875), (1, 1497.909423828125)]"
188,"[(0, 2009.708251953125), (1, 2252.099853515625)]","[(0, 4728.38525390625), (1, 4202.56982421875)]","[(0, 3628.0107421875), (1, 2681.442626953125)]","[(0, 6586.06494140625), (1, 7376.0)]","[(0, 9041.9541015625), (1, 5279.36865234375)]","[(0, 17650.587890625), (1, 15891.0380859375)]","[(0, 14485.4521484375), (1, 14538.0146484375)]","[(0, 1578.72412109375), (1, 1921.8292236328125)]","[(5, 63.203565325055806), (4, 64.42929280598959), (2, 94.31270926339286), (3, 95.32602364676339), (1, 95.82425130208334), (0, 146.64385114397322)]","[(0, 2104.322021484375), (1, 2984.140869140625)]","[(2, 291.0516246448864), (4, 334.1480305989583), (1, 337.00811767578125), (5, 380.59139737215907), (0, 412.0172674005682), (3, 545.8045543323864)]","[(0, 1960.32275390625), (1, 1304.5272216796875)]","[(1, 244.51664225260416), (4, 244.6011962890625), (2, 324.66153231534093), (5, 324.77949662642044), (0, 378.41654829545456), (3, 384.63503196022725)]","[(0, 1760.0052490234375), (1, 1612.561279296875)]"
189,"[(0, 1104.3238525390625), (1, 1056.8675537109375)]","[(0, 6946.5185546875), (1, 7275.74560546875)]","[(0, 4819.36865234375), (1, 3898.695556640625)]","[(0, 3320.09619140625), (1, 3337.8046875)]","[(0, 8384.8642578125), (1, 6673.67138671875)]","[(0, 3931.22998046875), (1, 3761.071044921875)]","[(0, 20582.66015625), (1, 31880.71875)]","[(0, 1453.150634765625), (1, 1877.2930908203125)]","[(3, 69.5719223022461), (4, 70.34117934283088), (5, 131.44521484375), (1, 136.3188018798828), (0, 139.07877604166666), (2, 275.2850864955357)]","[(0, 3791.75927734375), (1, 2621.960205078125)]","[(1, 241.582275390625), (2, 283.1637620192308), (0, 613.8085123697916), (4, 738.5185546875), (5, 1016.5260120738636), (3, 2579.1904296875)]","[(0, 1734.55908203125), (1, 1989.7857666015625)]","[(1, 86.720703125), (3, 90.03849574497768), (4, 93.38277994791666), (0, 121.07218111478366), (5, 131.36765700120193), (2, 200.92724609375)]","[(0, 9350.201171875), (1, 6106.8359375)]"
190,"[(0, 875.3617553710938), (1, 938.8305053710938)]","[(0, 3167.589599609375), (1, 3041.37890625)]","[(0, 4669.63134765625), (1, 4511.25830078125)]","[(0, 6979.0625), (1, 6084.994140625)]","[(0, 5612.6279296875), (1, 3529.144775390625)]","[(0, 2096.172119140625), (1, 2225.933349609375)]","[(0, 22931.482421875), (1, 28310.87890625)]","[(0, 1335.2135009765625), (1, 1263.059326171875)]","[(1, 184.16966029575892), (2, 244.2642540564904), (4, 251.5473836263021), (0, 299.41640218098956), (5, 368.77909712357956), (3, 462.126220703125)]","[(0, 1994.2568359375), (1, 1334.267822265625)]","[(2, 173.4612704190341), (1, 181.3094685872396), (4, 437.8474786931818), (0, 473.177294921875), (5, 495.060009765625), (3, 1503.545681423611)]","[(0, 8233.083984375), (1, 6060.005859375)]","[(4, 150.17658879206732), (1, 162.31706355168268), (3, 185.17584228515625), (5, 217.76639811197916), (0, 248.9118855794271), (2, 292.02081298828125)]","[(0, 14320.4892578125), (1, 9994.328125)]"
191,"[(0, 2144.82373046875), (1, 2638.65869140625)]","[(0, 1622.88720703125), (1, 1435.3438720703125)]","[(0, 5723.6708984375), (1, 5089.52001953125)]","[(0, 4131.9501953125), (1, 4369.35205078125)]","[(0, 18867.853515625), (1, 11687.0390625)]","[(0, 18910.8359375), (1, 18978.44140625)]","[(0, 14767.2373046875), (1, 12848.646484375)]","[(0, 1878.7474365234375), (1, 1654.864990234375)]","[(4, 228.53910319010416), (1, 290.52052815755206), (3, 299.7532404119318), (5, 336.1325017755682), (0, 402.95956143465907), (2, 424.19588955965907)]","[(0, 18770.203125), (1, 12773.8623046875)]","[(4, 42.93203531901042), (1, 70.29762268066406), (2, 70.36213902064732), (0, 81.82210867745536), (5, 84.4786846454327), (3, 106.07421875)]","[(0, 4891.05810546875), (1, 4267.53369140625)]","[(4, 45.157727922712056), (1, 66.44039916992188), (3, 70.37464317908653), (5, 79.01207987467448), (0, 123.22807173295455), (2, 136.08271484375)]","[(0, 2945.837158203125), (1, 2632.646240234375)]"
192,"[(0, 1839.6490478515625), (1, 1808.66064453125)]","[(0, 1132.7476806640625), (1, 1815.251220703125)]","[(0, 6688.0703125), (1, 5587.46875)]","[(0, 11397.0537109375), (1, 10445.52734375)]","[(0, 12443.68359375), (1, 7651.4599609375)]","[(0, 9526.728515625), (1, 8883.2412109375)]","[(0, 15248.8203125), (1, 16494.54296875)]","[(0, 2790.646728515625), (1, 1355.17529296875)]","[(1, 367.4689127604167), (4, 493.4526774088542), (2, 498.8125), (0, 549.7528409090909), (5, 691.8737571022727), (3, 751.71484375)]","[(0, 1126.1497802734375), (1, 1343.3597412109375)]","[(4, 36.07777674057905), (3, 40.10481643676758), (5, 42.98420817057292), (1, 82.00978088378906), (0, 87.32584635416667), (2, 90.13089425223214)]","[(0, 3781.7197265625), (1, 4101.13232421875)]","[(1, 51.88016128540039), (2, 51.97174886067708), (5, 58.55246843610491), (4, 62.590283203125), (0, 128.45476422991072), (3, 129.77886493389423)]","[(0, 11999.6240234375), (1, 8753.998046875)]"
193,"[(0, 1270.31640625), (1, 1444.506103515625)]","[(0, 1661.600341796875), (1, 3038.004638671875)]","[(0, 29677.978515625), (1, 30321.33203125)]","[(0, 5488.7431640625), (1, 6783.55859375)]","[(0, 1164.720458984375), (1, 1066.1302490234375)]","[(0, 6014.1767578125), (1, 5727.52587890625)]","[(0, 24180.58984375), (1, 20959.79296875)]","[(0, 8977.7431640625), (1, 6187.38916015625)]","[(4, 66.12248399522569), (1, 66.29248046875), (2, 91.6035400390625), (5, 96.15026092529297), (0, 142.581787109375), (3, 150.31741333007812)]","[(0, 2251.80126953125), (1, 1659.9871826171875)]","[(4, 56.34406661987305), (3, 63.50685221354167), (5, 72.34730747767857), (0, 79.9373779296875), (2, 88.71140700120192), (1, 106.30240885416667)]","[(0, 1246.5799560546875), (1, 1161.55908203125)]","[(4, 69.70955548967633), (3, 84.83169320913461), (1, 144.60760967548077), (5, 173.82169596354166), (0, 221.15279134114584), (2, 443.30619673295456)]","[(0, 11128.4453125), (1, 7783.75439453125)]"
194,"[(0, 892.0680541992188), (1, 870.2140502929688)]","[(0, 1023.1864013671875), (1, 1478.9765625)]","[(0, 3193.84619140625), (1, 2924.58935546875)]","[(0, 9972.1640625), (1, 8849.5205078125)]","[(0, 10294.7705078125), (1, 6259.6796875)]","[(0, 11155.0302734375), (1, 11471.8720703125)]","[(0, 30570.6875), (1, 36417.22265625)]","[(0, 3193.438232421875), (1, 3836.75146484375)]","[(1, 105.5173568725586), (2, 105.98688151041667), (4, 164.89798409598214), (5, 167.86683067908655), (0, 168.27687290736608), (3, 354.4691162109375)]","[(0, 1244.1707763671875), (1, 1054.0321044921875)]","[(1, 204.4318644205729), (2, 204.82783647017047), (4, 276.8821614583333), (0, 287.88252397017044), (5, 315.43228426846593), (3, 453.7752130681818)]","[(0, 4153.16064453125), (1, 2623.091796875)]","[(1, 51.65304026884191), (2, 63.158836364746094), (4, 107.15985514322917), (0, 110.3522216796875), (5, 141.70372663225447), (3, 245.12605168269232)]","[(0, 2064.751953125), (1, 1702.382568359375)]"
195,"[(0, 951.5790405273438), (1, 1082.1192626953125)]","[(0, 618.1319580078125), (1, 804.8786010742188)]","[(0, 6917.80029296875), (1, 8882.2080078125)]","[(0, 13554.1767578125), (1, 9495.0830078125)]","[(0, 6780.486328125), (1, 3955.75439453125)]","[(0, 20914.2890625), (1, 20720.8203125)]","[(0, 8580.7509765625), (1, 7997.67431640625)]","[(0, 3279.310302734375), (1, 2444.875)]","[(4, 64.74245343889508), (3, 67.9287109375), (5, 140.92017618815103), (1, 179.26605694110577), (0, 228.337158203125), (2, 469.87886186079544)]","[(0, 9242.2998046875), (1, 10089.8955078125)]","[(4, 27.393756866455078), (5, 46.26056344168527), (1, 48.93234456380208), (2, 49.50839468149039), (3, 53.18998500279018), (0, 61.2955087515024)]","[(0, 4250.158203125), (1, 4874.70361328125)]","[(2, 62.806050618489586), (1, 62.95567908653846), (0, 120.63706461588542), (5, 140.53728778545673), (4, 217.33564104352678), (3, 243.96183894230768)]","[(0, 1961.5784912109375), (1, 1734.339111328125)]"
196,"[(0, 877.1810302734375), (1, 919.5430908203125)]","[(0, 480.7077941894531), (1, 334.1529541015625)]","[(0, 6535.384765625), (1, 7835.3974609375)]","[(0, 18289.9140625), (1, 14567.271484375)]","[(0, 8332.5712890625), (1, 6568.78369140625)]","[(0, 10449.9306640625), (1, 10430.2080078125)]","[(0, 4759.2255859375), (1, 4919.70703125)]","[(0, 3627.48828125), (1, 2652.548095703125)]","[(1, 58.43447265625), (2, 66.02737862723214), (4, 88.4197998046875), (5, 104.46856689453125), (0, 135.71258075420673), (3, 200.88279030539772)]","[(0, 4663.66748046875), (1, 4112.66259765625)]","[(4, 201.13264973958334), (5, 239.38889382102272), (2, 262.93544514973956), (3, 264.349365234375), (0, 267.0719807942708), (1, 368.4002028245192)]","[(0, 4629.806640625), (1, 3135.1318359375)]","[(1, 61.95087105887277), (3, 82.59833984375), (5, 94.51264299665179), (4, 99.94070434570312), (0, 100.2516338641827), (2, 123.7680155436198)]","[(0, 2681.7060546875), (1, 2562.381591796875)]"
197,"[(0, 1402.9964599609375), (1, 1630.12255859375)]","[(0, 250.87942504882812), (1, 181.9941864013672)]","[(0, 4964.765625), (1, 3559.67138671875)]","[(0, 2299.52099609375), (1, 2557.7099609375)]","[(0, 4098.1064453125), (1, 4093.8759765625)]","[(0, 4411.83056640625), (1, 4000.73095703125)]","[(0, 39528.03125), (1, 41948.59765625)]","[(0, 4483.45703125), (1, 3618.82568359375)]","[(2, 22.754776000976562), (5, 29.344638600068933), (1, 30.684817665501644), (4, 38.664211697048614), (0, 59.55144904641544), (3, 74.3990707397461)]","[(0, 6331.697265625), (1, 5064.57470703125)]","[(2, 109.16871995192308), (1, 112.57351248604911), (4, 153.36757249098557), (5, 165.52216593424478), (0, 233.5540568033854), (3, 371.053466796875)]","[(0, 1438.2269287109375), (1, 1035.1866455078125)]","[(1, 456.5446111505682), (4, 461.45902876420456), (2, 658.239794921875), (5, 714.205224609375), (3, 921.6572265625), (0, 962.691796875)]","[(0, 6910.17822265625), (1, 5136.87353515625)]"
198,"[(0, 1078.9320068359375), (1, 1106.7208251953125)]","[(0, 351.2207336425781), (1, 458.9409484863281)]","[(0, 4056.4345703125), (1, 3110.369140625)]","[(0, 3090.611572265625), (1, 5626.56201171875)]","[(0, 14239.78515625), (1, 9441.8427734375)]","[(0, 20711.98828125), (1, 22913.31640625)]","[(0, 13759.8017578125), (1, 16299.4228515625)]","[(0, 856.8333740234375), (1, 719.0397338867188)]","[(1, 165.40851702008928), (2, 186.5276817908654), (4, 250.208984375), (5, 287.05126953125), (0, 319.84885660807294), (3, 563.431591796875)]","[(0, 6492.81787109375), (1, 6081.14794921875)]","[(2, 221.7223455255682), (4, 268.64735921223956), (1, 276.38116455078125), (5, 327.86288174715907), (0, 347.427490234375), (3, 507.77104048295456)]","[(0, 1480.8170166015625), (1, 911.2649536132812)]","[(3, 42.906620279947916), (4, 50.91531753540039), (1, 51.628076171875), (5, 55.26767839704241), (0, 68.01146589006696), (2, 92.13931978665866)]","[(0, 21685.908203125), (1, 14439.83984375)]"
199,"[(0, 1677.3997802734375), (1, 1764.45703125)]","[(0, 454.11566162109375), (1, 731.8704223632812)]","[(0, 24650.080078125), (1, 23186.197265625)]","[(0, 5526.67724609375), (1, 5021.80908203125)]","[(0, 6104.4833984375), (1, 2693.7197265625)]","[(0, 25120.396484375), (1, 26379.02734375)]","[(0, 20390.140625), (1, 20179.5703125)]","[(0, 695.5318603515625), (1, 420.9486999511719)]","[(1, 144.49611118861608), (4, 165.63835797991072), (2, 168.51539963942307), (0, 184.82652869591345), (5, 196.95671198918268), (3, 208.47857196514423)]","[(0, 4357.54248046875), (1, 1250.8426513671875)]","[(4, 103.17189127604166), (3, 134.97044154575892), (5, 207.94056114783655), (0, 276.20175405649036), (1, 385.08217075892856), (2, 530.4167887369791)]","[(0, 2355.647216796875), (1, 1553.7235107421875)]","[(4, 157.14424641927084), (3, 174.86635520241478), (5, 212.13951526988637), (1, 372.2386474609375), (0, 433.7061878551136), (2, 512.0762162642045)]","[(0, 14771.279296875), (1, 10677.236328125)]"
200,"[(0, 1417.627685546875), (1, 1509.57421875)]","[(0, 331.54620361328125), (1, 440.1505126953125)]","[(0, 6235.0556640625), (1, 5400.16064453125)]","[(0, 8171.0546875), (1, 8094.271484375)]","[(0, 6376.380859375), (1, 4157.75)]","[(0, 13565.6220703125), (1, 12407.896484375)]","[(0, 10025.9658203125), (1, 10656.322265625)]","[(0, 2626.370849609375), (1, 2045.6986083984375)]","[(1, 165.1591796875), (4, 179.66396262428978), (2, 247.72626953125), (5, 262.971533203125), (0, 333.6712890625), (3, 362.7806640625)]","[(0, 4559.845703125), (1, 3671.644775390625)]","[(4, 54.03949913611779), (1, 62.75857778695914), (5, 105.54473322088069), (2, 130.1482599431818), (3, 164.25083229758522), (0, 200.8981045809659)]","[(0, 2082.7197265625), (1, 2967.34912109375)]","[(4, 67.68014761117789), (3, 89.28765869140625), (1, 125.51869710286458), (5, 152.11070667613637), (0, 212.4760076349432), (2, 379.762548828125)]","[(0, 4778.435546875), (1, 3864.904541015625)]"
201,"[(0, 685.7500610351562), (1, 760.4107055664062)]","[(0, 374.4859313964844), (1, 467.8370056152344)]","[(0, 14202.1640625), (1, 16476.400390625)]","[(0, 4621.30615234375), (1, 4294.78662109375)]","[(0, 4459.7001953125), (1, 3523.2431640625)]","[(0, 2386.794677734375), (1, 2202.168701171875)]","[(0, 18196.0703125), (1, 27094.6171875)]","[(0, 4298.76123046875), (1, 3234.392578125)]","[(4, 48.46189880371094), (3, 61.78350016276042), (5, 83.27648053850446), (1, 116.99983433314732), (0, 182.4488243689904), (2, 243.1679890950521)]","[(0, 10694.5009765625), (1, 6671.67333984375)]","[(4, 88.33204752604166), (1, 100.4953369140625), (5, 179.2787146935096), (3, 200.75371844951923), (2, 203.96277794471155), (0, 227.68312424879807)]","[(0, 915.5310668945312), (1, 449.4669189453125)]","[(1, 133.06252219460228), (2, 177.5519287109375), (0, 227.615478515625), (4, 270.21049360795456), (5, 372.345166015625), (3, 481.2947265625)]","[(0, 2523.467529296875), (1, 2486.60498046875)]"
202,"[(0, 1157.1046142578125), (1, 1198.00244140625)]","[(0, 438.444580078125), (1, 331.03692626953125)]","[(0, 3064.5048828125), (1, 3570.690673828125)]","[(0, 5110.6484375), (1, 4310.498046875)]","[(0, 9654.8603515625), (1, 7152.5224609375)]","[(0, 13026.63671875), (1, 14382.3515625)]","[(0, 11160.19140625), (1, 18799.0625)]","[(0, 1917.748291015625), (1, 1580.0306396484375)]","[(1, 121.90282264122597), (2, 146.27486165364584), (4, 147.46656212439905), (0, 173.1361083984375), (5, 182.95426432291666), (3, 212.83707682291666)]","[(0, 5925.5341796875), (1, 4896.66357421875)]","[(1, 130.81426532451923), (2, 144.07686360677084), (0, 268.55155806107956), (4, 335.01686789772725), (5, 421.887353515625), (3, 1101.8948567708333)]","[(0, 1402.2501220703125), (1, 1314.2703857421875)]","[(1, 216.73286576704547), (2, 248.3627197265625), (4, 257.63865152994794), (5, 277.829345703125), (3, 467.6566051136364), (0, 534.227783203125)]","[(0, 1856.9398193359375), (1, 1513.165283203125)]"
203,"[(0, 1451.388916015625), (1, 1431.3216552734375)]","[(0, 2686.290283203125), (1, 2324.538818359375)]","[(0, 14960.2294921875), (1, 11102.3583984375)]","[(0, 6966.587890625), (1, 9021.73828125)]","[(0, 8894.3544921875), (1, 5927.5400390625)]","[(0, 12871.6181640625), (1, 13207.8603515625)]","[(0, 14963.33984375), (1, 13476.005859375)]","[(0, 3051.617431640625), (1, 2740.193603515625)]","[(4, 13.668392944335938), (5, 14.461256239149305), (1, 17.226294266550166), (2, 18.240225399241726), (3, 23.731909857855904), (0, 30.087849336511947)]","[(0, 4557.9892578125), (1, 2226.262451171875)]","[(1, 386.2752574573864), (2, 576.0783203125), (4, 581.5830078125), (0, 630.9978515625), (5, 936.355078125), (3, 958.83076171875)]","[(0, 1317.23291015625), (1, 1139.5966796875)]","[(2, 126.89201136997768), (1, 127.65702311197917), (0, 271.47139798677887), (4, 325.11576021634613), (5, 374.7687174479167), (3, 931.7302911931819)]","[(0, 3663.19482421875), (1, 3204.188232421875)]"
204,"[(0, 1213.8135986328125), (1, 1316.6451416015625)]","[(0, 4695.40673828125), (1, 4972.7451171875)]","[(0, 8976.97265625), (1, 9628.3232421875)]","[(0, 7050.32080078125), (1, 7687.76806640625)]","[(0, 6104.943359375), (1, 3686.454833984375)]","[(0, 15740.5849609375), (1, 14724.6416015625)]","[(0, 6131.28125), (1, 6651.60986328125)]","[(0, 4672.3486328125), (1, 7049.298828125)]","[(2, 104.46389535757211), (1, 113.04951695033482), (0, 226.69283040364584), (5, 229.99759928385416), (4, 234.83743990384616), (3, 544.3703391335227)]","[(0, 1981.1373291015625), (1, 3226.739501953125)]","[(4, 418.54990234375), (3, 545.0511067708334), (1, 581.048583984375), (5, 790.9328342013889), (0, 791.2564561631945), (2, 1146.8682725694443)]","[(0, 1942.4342041015625), (1, 2863.8515625)]","[(4, 20.63674747242647), (3, 24.386409759521484), (5, 32.91090494791667), (1, 35.730615234375), (0, 47.394784109933035), (2, 63.00871394230769)]","[(0, 6311.169921875), (1, 4575.544921875)]"
205,"[(0, 809.3757934570312), (1, 869.6155395507812)]","[(0, 1958.8585205078125), (1, 1629.9500732421875)]","[(0, 1889.4393310546875), (1, 1687.7972412109375)]","[(0, 4309.77880859375), (1, 6753.7421875)]","[(0, 5363.396484375), (1, 2951.193603515625)]","[(0, 8234.4892578125), (1, 8472.140625)]","[(0, 47466.8125), (1, 60432.31640625)]","[(0, 5342.853515625), (1, 4345.47021484375)]","[(4, 116.41755894252232), (5, 118.0755615234375), (2, 124.89886944110577), (1, 126.55814906529018), (3, 151.99175555889423), (0, 171.4391150841346)]","[(0, 895.2324829101562), (1, 723.0338134765625)]","[(4, 277.14687093098956), (2, 367.2030140269886), (5, 377.40092329545456), (3, 405.27188387784093), (0, 406.7789417613636), (1, 534.9823404947916)]","[(0, 2050.8154296875), (1, 1672.2559814453125)]","[(4, 82.67531912667411), (3, 113.6532451923077), (5, 174.6880900065104), (1, 215.77447509765625), (0, 347.33340731534093), (2, 541.38564453125)]","[(0, 10788.837890625), (1, 7739.21728515625)]"
206,"[(0, 788.974853515625), (1, 839.4413452148438)]","[(0, 1000.5629272460938), (1, 899.1777954101562)]","[(0, 10612.10546875), (1, 10258.13671875)]","[(0, 4553.13232421875), (1, 5738.71826171875)]","[(0, 9179.5537109375), (1, 5582.00927734375)]","[(0, 8277.65234375), (1, 8941.6162109375)]","[(0, 52048.984375), (1, 47045.125)]","[(0, 3791.1806640625), (1, 2163.45751953125)]","[(1, 171.63456587357953), (4, 175.84853293678978), (2, 208.17587890625), (5, 220.097607421875), (0, 290.82158203125), (3, 293.7063720703125)]","[(0, 1446.2779541015625), (1, 1551.9346923828125)]","[(4, 541.5979191706731), (2, 555.5657145182291), (5, 653.2948404947916), (1, 695.1516676682693), (0, 760.6533203125), (3, 864.7440592447916)]","[(0, 5801.90869140625), (1, 3059.035888671875)]","[(1, 88.38243815104167), (2, 107.4716796875), (5, 223.13703801081732), (0, 225.5296349158654), (4, 266.3524867466518), (3, 576.8358968098959)]","[(0, 2332.505615234375), (1, 2138.306396484375)]"
207,"[(0, 1077.2874755859375), (1, 1192.0006103515625)]","[(0, 296.31695556640625), (1, 249.5958709716797)]","[(0, 3006.240966796875), (1, 2326.14990234375)]","[(0, 4669.32373046875), (1, 4582.25244140625)]","[(0, 9190.6171875), (1, 5137.515625)]","[(0, 9274.2529296875), (1, 8622.8251953125)]","[(0, 22181.021484375), (1, 22040.3359375)]","[(0, 2288.727294921875), (1, 2678.046142578125)]","[(1, 38.38524627685547), (4, 38.544246673583984), (0, 60.613743373325896), (3, 60.757960728236604), (2, 74.84337506975446), (5, 76.07975551060268)]","[(0, 2924.894775390625), (1, 2661.353271484375)]","[(2, 331.34568093039775), (4, 390.1961669921875), (5, 427.1732066761364), (1, 507.0243733723958), (0, 521.4156605113636), (3, 646.9620916193181)]","[(0, 1910.412109375), (1, 1735.173583984375)]","[(4, 139.6808122907366), (3, 165.75242262620193), (1, 191.44548152043268), (5, 298.3446858723958), (0, 299.89593505859375), (2, 516.06884765625)]","[(0, 18330.86328125), (1, 13054.46875)]"
208,"[(0, 1101.4493408203125), (1, 1165.1683349609375)]","[(0, 1880.0369873046875), (1, 1667.9571533203125)]","[(0, 2076.6923828125), (1, 2785.88037109375)]","[(0, 2023.6932373046875), (1, 2157.072021484375)]","[(0, 5548.9423828125), (1, 4197.79931640625)]","[(0, 4779.77587890625), (1, 4541.42333984375)]","[(0, 30122.806640625), (1, 29831.578125)]","[(0, 904.304443359375), (1, 794.5697021484375)]","[(1, 200.20584810697116), (2, 243.525634765625), (4, 301.241455078125), (0, 309.1398518880208), (5, 380.706787109375), (3, 474.4103190104167)]","[(0, 1504.35595703125), (1, 1523.02099609375)]","[(1, 573.719677734375), (2, 597.9060329861111), (4, 706.87275390625), (0, 770.2830946180555), (5, 778.9386935763889), (3, 954.8253038194445)]","[(0, 3800.092529296875), (1, 1926.176025390625)]","[(3, 162.50704251802884), (5, 164.7108435997596), (1, 168.99591936383928), (4, 169.90897042410714), (0, 226.58404071514423), (2, 231.9134239783654)]","[(0, 1899.5616455078125), (1, 1770.4197998046875)]"
209,"[(0, 917.4981079101562), (1, 923.7973022460938)]","[(0, 2780.83154296875), (1, 2782.62353515625)]","[(0, 28708.837890625), (1, 21168.4296875)]","[(0, 2563.380126953125), (1, 2352.697021484375)]","[(0, 1739.46728515625), (1, 1722.431640625)]","[(0, 1490.5677490234375), (1, 1559.8717041015625)]","[(0, 19244.189453125), (1, 22586.041015625)]","[(0, 1123.8349609375), (1, 1743.6044921875)]","[(1, 120.34539325420673), (2, 136.77396647135416), (4, 169.9866661658654), (5, 201.5683390299479), (0, 215.2769571940104), (3, 299.6763509114583)]","[(0, 2840.17919921875), (1, 1173.446533203125)]","[(4, 78.29599896599265), (5, 102.87218424479167), (2, 109.24435860770089), (1, 114.18627166748047), (3, 152.56355794270834), (0, 153.90386090959822)]","[(0, 3464.801513671875), (1, 3825.67333984375)]","[(1, 144.6301551231971), (2, 186.897216796875), (5, 215.70166015625), (4, 259.58984375), (0, 273.34910074869794), (3, 280.6029522235577)]","[(0, 2348.571044921875), (1, 1970.52783203125)]"
210,"[(0, 1504.7197265625), (1, 1529.5390625)]","[(0, 1273.7227783203125), (1, 1192.844970703125)]","[(0, 4770.08544921875), (1, 2749.436767578125)]","[(0, 7636.93798828125), (1, 9178.1103515625)]","[(0, 1403.2119140625), (1, 1200.82373046875)]","[(0, 21708.958984375), (1, 23380.5546875)]","[(0, 8564.220703125), (1, 15288.6025390625)]","[(0, 2683.1767578125), (1, 2021.1453857421875)]","[(1, 128.00183823529412), (2, 148.04505920410156), (0, 225.28528645833333), (4, 231.95387369791666), (5, 312.81978934151783), (3, 486.6343524639423)]","[(0, 4014.612548828125), (1, 3192.171630859375)]","[(4, 64.4431903545673), (3, 90.4657694498698), (5, 130.33848987926137), (1, 154.62263627485797), (0, 236.8592041015625), (2, 409.8127712673611)]","[(0, 1996.5784912109375), (1, 990.0601196289062)]","[(1, 515.2770774147727), (4, 572.06591796875), (2, 579.630615234375), (5, 595.0955699573864), (0, 1090.76044921875), (3, 1138.726651278409)]","[(0, 18221.701171875), (1, 12225.796875)]"
211,"[(0, 1633.3350830078125), (1, 1662.8248291015625)]","[(0, 1239.25927734375), (1, 1333.4249267578125)]","[(0, 3426.150390625), (1, 3099.513671875)]","[(0, 8898.0029296875), (1, 7000.5869140625)]","[(0, 6668.08544921875), (1, 3868.400146484375)]","[(0, 15689.044921875), (1, 13997.85546875)]","[(0, 15038.2890625), (1, 15426.083984375)]","[(0, 1076.2333984375), (1, 1129.4727783203125)]","[(4, 101.5711898803711), (3, 124.5990478515625), (1, 145.75734049479166), (5, 189.32296316964286), (0, 202.27687290736608), (2, 327.5803786057692)]","[(0, 2568.11865234375), (1, 2285.020751953125)]","[(4, 84.48582106370192), (1, 98.9864501953125), (3, 126.3756436434659), (0, 155.7107950846354), (5, 200.362548828125), (2, 229.9357706705729)]","[(0, 3567.40966796875), (1, 2521.19091796875)]","[(4, 110.3106689453125), (1, 146.01618448893228), (3, 224.57930501302084), (5, 269.7007501775568), (0, 305.82133345170456), (2, 382.9064208984375)]","[(0, 1959.4114990234375), (1, 1662.9373779296875)]"
212,"[(0, 1107.82861328125), (1, 1301.5025634765625)]","[(0, 651.0631713867188), (1, 559.863525390625)]","[(0, 4428.1435546875), (1, 3717.919921875)]","[(0, 8099.5146484375), (1, 6727.8994140625)]","[(0, 4843.33203125), (1, 2956.04833984375)]","[(0, 1529.155517578125), (1, 1374.5001220703125)]","[(0, 5008.04443359375), (1, 6203.4423828125)]","[(0, 3502.72607421875), (1, 3108.071044921875)]","[(4, 51.632773006663605), (1, 63.15841136259191), (5, 69.17530110677083), (3, 70.2319580078125), (2, 87.32294108072917), (0, 87.6190673828125)]","[(0, 13747.314453125), (1, 6121.78662109375)]","[(1, 181.96051432291668), (2, 182.36342075892858), (0, 269.63583608774036), (4, 286.0639460637019), (5, 344.5814615885417), (3, 676.3997691761364)]","[(0, 714.2916870117188), (1, 682.7513427734375)]","[(4, 275.29050699869794), (1, 306.35378011067706), (5, 422.6331676136364), (2, 479.9847301136364), (3, 563.4235174005681), (0, 629.4489968039773)]","[(0, 12377.982421875), (1, 9118.4609375)]"
213,"[(0, 1441.769287109375), (1, 1581.9937744140625)]","[(0, 1382.2373046875), (1, 1394.455322265625)]","[(0, 2563.812744140625), (1, 2310.5166015625)]","[(0, 5861.791015625), (1, 7970.9931640625)]","[(0, 11226.181640625), (1, 7112.376953125)]","[(0, 1503.438720703125), (1, 1613.2119140625)]","[(0, 12697.587890625), (1, 16789.1640625)]","[(0, 2891.330078125), (1, 1805.5335693359375)]","[(4, 92.83695220947266), (3, 103.39247233072916), (5, 156.28798130580358), (1, 179.69334309895834), (0, 210.81884765625), (2, 339.4124098557692)]","[(0, 410.4610900878906), (1, 310.53839111328125)]","[(4, 237.0532023111979), (5, 293.83860085227275), (3, 368.1609996448864), (2, 426.49831321022725), (0, 539.7025035511364), (1, 622.3197835286459)]","[(0, 6235.99462890625), (1, 4882.4921875)]","[(4, 89.20122884114583), (3, 141.59046282087053), (5, 188.60011643629807), (1, 196.01641376201923), (0, 325.69976806640625), (2, 477.7237659801136)]","[(0, 4374.04638671875), (1, 3884.440673828125)]"
214,"[(0, 1477.2991943359375), (1, 1751.3004150390625)]","[(0, 2281.080810546875), (1, 2518.86328125)]","[(0, 26119.41015625), (1, 16468.04296875)]","[(0, 7007.3330078125), (1, 7005.9970703125)]","[(0, 7763.3818359375), (1, 4610.99169921875)]","[(0, 20486.703125), (1, 22770.044921875)]","[(0, 8527.123046875), (1, 9210.3076171875)]","[(0, 2285.64404296875), (1, 2659.06103515625)]","[(1, 364.51364968039775), (4, 392.9423828125), (2, 542.947607421875), (0, 556.89287109375), (3, 580.84580078125), (5, 604.208740234375)]","[(0, 7644.66943359375), (1, 3260.279296875)]","[(4, 291.1676432291667), (5, 357.2843572443182), (3, 360.5563299005682), (2, 526.3437943892045), (1, 534.1559244791666), (0, 553.7856889204545)]","[(0, 1098.98046875), (1, 1115.111572265625)]","[(5, 63.6220957438151), (4, 66.86648794320914), (3, 73.3648173014323), (1, 107.42006272536058), (2, 133.58267211914062), (0, 155.02668253580728)]","[(0, 1623.12939453125), (1, 1239.369140625)]"
215,"[(0, 1538.669189453125), (1, 1472.008544921875)]","[(0, 967.1830444335938), (1, 1120.1290283203125)]","[(0, 4106.18896484375), (1, 4350.9150390625)]","[(0, 9767.857421875), (1, 9543.998046875)]","[(0, 12612.958984375), (1, 8106.03662109375)]","[(0, 14636.3134765625), (1, 13643.8447265625)]","[(0, 33912.390625), (1, 31791.42578125)]","[(0, 10016.71484375), (1, 4499.5712890625)]","[(1, 68.15972493489583), (4, 72.72554016113281), (2, 110.16305776742789), (5, 123.40509033203125), (0, 183.53718449519232), (3, 201.25406319754464)]","[(0, 6275.8603515625), (1, 1426.5460205078125)]","[(4, 239.81229654947916), (2, 246.1356534090909), (5, 288.03848544034093), (0, 311.57131125710225), (1, 322.28184000651044), (3, 362.0693359375)]","[(0, 2790.3046875), (1, 1336.251708984375)]","[(2, 302.9322398792614), (1, 325.1603597005208), (5, 391.2353515625), (4, 435.38003305288464), (0, 604.0727982954545), (3, 746.3707682291666)]","[(0, 21354.30078125), (1, 15233.8056640625)]"
216,"[(0, 1643.439697265625), (1, 1680.6776123046875)]","[(0, 415.759521484375), (1, 420.9290466308594)]","[(0, 11599.4189453125), (1, 11609.578125)]","[(0, 6688.2294921875), (1, 7409.34033203125)]","[(0, 11172.470703125), (1, 7391.9287109375)]","[(0, 5442.9814453125), (1, 4992.11328125)]","[(0, 8766.302734375), (1, 9269.982421875)]","[(0, 5392.2607421875), (1, 3832.52783203125)]","[(1, 72.98851231166294), (2, 78.83081993689903), (0, 123.72081502278645), (4, 128.88292439778647), (5, 152.8006036931818), (3, 277.455712890625)]","[(0, 5065.724609375), (1, 3102.97412109375)]","[(1, 109.3440673828125), (2, 110.23033796037946), (4, 166.71257136418268), (5, 181.38350423177084), (0, 202.90891676682693), (3, 409.14204545454544)]","[(0, 5416.6552734375), (1, 3157.96484375)]","[(4, 72.99223981584821), (3, 112.57820951021634), (1, 167.35896809895834), (5, 194.55961100260416), (0, 340.8990589488636), (2, 523.96787109375)]","[(0, 5160.2109375), (1, 4842.93505859375)]"
217,"[(0, 1325.206298828125), (1, 1391.0206298828125)]","[(0, 2777.698486328125), (1, 2623.30419921875)]","[(0, 4364.333984375), (1, 4020.44775390625)]","[(0, 3681.20947265625), (1, 3104.149169921875)]","[(0, 11768.966796875), (1, 6136.4580078125)]","[(0, 4242.47216796875), (1, 4803.890625)]","[(0, 48692.00390625), (1, 67504.6796875)]","[(0, 2103.9677734375), (1, 2890.649169921875)]","[(2, 117.3821551983173), (1, 128.34033203125), (5, 168.2022423377404), (4, 173.546875), (0, 195.85477388822116), (3, 269.84292367788464)]","[(0, 7303.25390625), (1, 16515.2109375)]","[(4, 91.95618393841912), (5, 105.34813639322917), (3, 118.41130828857422), (1, 152.41658528645834), (2, 187.70759465144232), (0, 226.14658900669642)]","[(0, 2760.878173828125), (1, 1483.658935546875)]","[(4, 321.66074916294644), (5, 333.31734525240387), (1, 336.3669245793269), (2, 364.9828694661458), (3, 532.3755634014423), (0, 558.0784912109375)]","[(0, 10326.6494140625), (1, 7738.54541015625)]"
218,"[(0, 949.428955078125), (1, 981.0469970703125)]","[(0, 4275.966796875), (1, 4643.5673828125)]","[(0, 44623.359375), (1, 35107.609375)]","[(0, 7349.74560546875), (1, 10122.7333984375)]","[(0, 11829.1103515625), (1, 6395.814453125)]","[(0, 24998.96484375), (1, 26259.701171875)]","[(0, 12198.1611328125), (1, 18763.365234375)]","[(0, 2049.496826171875), (1, 1450.712890625)]","[(4, 115.28352355957031), (5, 143.13337053571428), (3, 149.758740234375), (1, 175.38506208147322), (0, 240.60161884014423), (2, 256.23583984375)]","[(0, 8178.9755859375), (1, 8218.5791015625)]","[(2, 131.3904767717634), (1, 143.60724283854168), (0, 326.29112830528845), (4, 380.41068209134613), (5, 418.4022623697917), (3, 1356.2582563920455)]","[(0, 1794.26806640625), (1, 2234.296875)]","[(4, 123.25954764229911), (1, 130.90379920372595), (3, 177.3685021033654), (0, 213.2776082356771), (5, 295.0159505208333), (2, 329.06889204545456)]","[(0, 5271.58056640625), (1, 4103.29541015625)]"
219,"[(0, 752.2379150390625), (1, 722.4252319335938)]","[(0, 2275.406005859375), (1, 2068.062744140625)]","[(0, 8256.1845703125), (1, 8599.9453125)]","[(0, 7966.5087890625), (1, 7100.55712890625)]","[(0, 7075.2900390625), (1, 3868.931396484375)]","[(0, 23982.03125), (1, 21893.333984375)]","[(0, 36756.265625), (1, 52775.08984375)]","[(0, 2127.47509765625), (1, 1629.6297607421875)]","[(4, 154.24211774553572), (3, 172.4759239783654), (1, 238.0538048377404), (0, 272.98386637369794), (5, 344.2106526692708), (2, 565.4550337357955)]","[(0, 1170.056640625), (1, 885.9412841796875)]","[(1, 900.5861150568181), (2, 1124.103125), (4, 1371.9575639204545), (0, 1556.4591796875), (5, 1785.265234375), (3, 2396.3330078125)]","[(0, 8657.1025390625), (1, 4106.35693359375)]","[(1, 35.46773910522461), (2, 40.25871175130208), (0, 70.83848789760044), (5, 117.95041128305289), (4, 141.10996791294642), (3, 215.57218424479166)]","[(0, 11548.578125), (1, 7794.1015625)]"
220,"[(0, 1335.071533203125), (1, 1447.7152099609375)]","[(0, 1386.2127685546875), (1, 1308.0465087890625)]","[(0, 2603.0908203125), (1, 3539.870849609375)]","[(0, 4965.859375), (1, 5048.26171875)]","[(0, 8065.93701171875), (1, 4336.375)]","[(0, 5426.82568359375), (1, 4806.6083984375)]","[(0, 29319.99609375), (1, 41711.8359375)]","[(0, 1872.480712890625), (1, 1861.8465576171875)]","[(4, 101.46651785714286), (1, 149.24840369591345), (3, 152.90717022235577), (0, 257.9769694010417), (5, 263.8978271484375), (2, 485.57084517045456)]","[(0, 516.254150390625), (1, 351.9036865234375)]","[(4, 426.0084885817308), (5, 562.5161946614584), (3, 669.3462320963541), (1, 671.2633463541666), (2, 681.2174183238636), (0, 977.9564985795455)]","[(0, 946.3310546875), (1, 501.2774658203125)]","[(1, 78.73418782552083), (2, 109.77132742745536), (4, 139.84440730168268), (0, 184.92119891826923), (5, 203.23492431640625), (3, 348.89872602982956)]","[(0, 15637.2119140625), (1, 9746.400390625)]"
221,"[(0, 1038.364013671875), (1, 1161.9464111328125)]","[(0, 542.1978149414062), (1, 415.5867004394531)]","[(0, 17122.701171875), (1, 13315.716796875)]","[(0, 2928.9365234375), (1, 2990.43115234375)]","[(0, 6367.07763671875), (1, 5548.8896484375)]","[(0, 5336.04052734375), (1, 5848.333984375)]","[(0, 10141.8271484375), (1, 9960.2841796875)]","[(0, 1553.510986328125), (1, 1785.73193359375)]","[(4, 135.68400355747767), (3, 162.73773662860577), (5, 273.20212809244794), (1, 320.0508563701923), (0, 394.7723388671875), (2, 725.1327681107955)]","[(0, 2168.43359375), (1, 1197.97509765625)]","[(1, 63.277547200520836), (2, 69.1809561593192), (0, 131.01420710637018), (4, 137.42386568509616), (5, 152.42560831705728), (3, 385.5355113636364)]","[(0, 2072.677734375), (1, 3317.301513671875)]","[(3, 14.48214382595486), (4, 16.631474545127467), (1, 20.36683744542739), (5, 20.606314266429226), (0, 25.529891967773438), (2, 35.71087646484375)]","[(0, 3132.197265625), (1, 2566.19677734375)]"
222,"[(0, 1496.7164306640625), (1, 1477.594970703125)]","[(0, 2754.656982421875), (1, 2474.44091796875)]","[(0, 3895.986083984375), (1, 3767.874267578125)]","[(0, 4289.232421875), (1, 5429.4140625)]","[(0, 5513.18505859375), (1, 4638.11962890625)]","[(0, 33754.15625), (1, 35359.95703125)]","[(0, 7344.11279296875), (1, 7206.3173828125)]","[(0, 3329.446533203125), (1, 2997.074951171875)]","[(2, 37.40819373497596), (1, 44.10616193498884), (0, 61.13616473858173), (5, 61.89688345102164), (4, 71.08692278180804), (3, 98.83852914663461)]","[(0, 3563.30908203125), (1, 2172.027587890625)]","[(2, 72.37146432059151), (1, 83.97572428385416), (4, 92.2838885967548), (5, 102.0547383626302), (0, 108.03725961538461), (3, 185.64469770951703)]","[(0, 660.80810546875), (1, 624.4424438476562)]","[(4, 56.41243674538352), (5, 71.56727905273438), (1, 78.84490966796875), (3, 96.715673828125), (2, 99.11327514648437), (0, 147.3281005859375)]","[(0, 16410.552734375), (1, 10791.923828125)]"
223,"[(0, 1420.8604736328125), (1, 1336.359375)]","[(0, 4361.77490234375), (1, 4214.86376953125)]","[(0, 15147.998046875), (1, 14675.57421875)]","[(0, 5014.86474609375), (1, 5075.5703125)]","[(0, 10085.4990234375), (1, 7347.3701171875)]","[(0, 19700.158203125), (1, 19281.6484375)]","[(0, 7050.05224609375), (1, 7586.646484375)]","[(0, 3501.20654296875), (1, 3840.551513671875)]","[(2, 45.9931640625), (1, 50.54750442504883), (0, 89.64120919363839), (5, 115.19332181490384), (4, 123.87833949497768), (3, 278.4580078125)]","[(0, 5549.91162109375), (1, 3526.765869140625)]","[(1, 698.9533203125), (2, 723.54638671875), (0, 1064.2515190972222), (4, 1177.3244140625), (5, 1353.7506510416667), (3, 1848.595703125)]","[(0, 1493.706298828125), (1, 1087.929443359375)]","[(1, 71.82012176513672), (2, 81.67832845052084), (4, 110.28328159877232), (5, 139.90223106971155), (0, 146.5552978515625), (3, 238.0588582356771)]","[(0, 9785.0126953125), (1, 6321.548828125)]"
224,"[(0, 1171.52099609375), (1, 1226.2906494140625)]","[(0, 2077.71240234375), (1, 1936.8201904296875)]","[(0, 2309.934814453125), (1, 2033.939208984375)]","[(0, 2685.356689453125), (1, 2548.23388671875)]","[(0, 7157.755859375), (1, 4443.20751953125)]","[(0, 9305.4833984375), (1, 9527.455078125)]","[(0, 4810.80908203125), (1, 5714.3935546875)]","[(0, 793.4285278320312), (1, 465.82159423828125)]","[(4, 51.127735811121326), (3, 56.4828987121582), (5, 81.49583333333334), (1, 92.72470703125), (0, 114.16741071428571), (2, 171.65979942908655)]","[(0, 3376.6279296875), (1, 3192.293212890625)]","[(4, 256.6445500300481), (2, 263.0252278645833), (1, 300.09536508413464), (0, 319.5207926432292), (5, 349.503173828125), (3, 417.4027099609375)]","[(0, 1970.265625), (1, 1985.5120849609375)]","[(4, 121.73912760416667), (1, 164.29172926682693), (3, 206.21627371651786), (5, 215.30789888822116), (0, 276.8314615885417), (2, 322.84756747159093)]","[(0, 3815.36572265625), (1, 2916.195068359375)]"
225,"[(0, 654.5145874023438), (1, 729.8689575195312)]","[(0, 1687.6458740234375), (1, 1764.52685546875)]","[(0, 10801.779296875), (1, 7098.96630859375)]","[(0, 4712.66943359375), (1, 4559.89794921875)]","[(0, 6028.55615234375), (1, 3513.57275390625)]","[(0, 9269.6103515625), (1, 10267.93359375)]","[(0, 38095.8671875), (1, 46818.47265625)]","[(0, 1113.417236328125), (1, 1405.259521484375)]","[(4, 60.62429630055147), (3, 62.208030700683594), (5, 88.95567220052084), (1, 109.74754231770834), (0, 136.37297712053572), (2, 207.34104567307693)]","[(0, 8692.859375), (1, 8399.88671875)]","[(4, 425.3450816761364), (3, 604.671044921875), (1, 631.20068359375), (5, 731.33876953125), (0, 937.84130859375), (2, 1111.5134765625)]","[(0, 2146.060546875), (1, 2541.496826171875)]","[(4, 31.415755208333334), (1, 31.93024151141827), (3, 40.326446533203125), (0, 46.19488525390625), (5, 53.35674579326923), (2, 59.93929776278409)]","[(0, 3435.950439453125), (1, 2148.184814453125)]"
226,"[(0, 1826.681640625), (1, 2106.943603515625)]","[(0, 620.6030883789062), (1, 469.095947265625)]","[(0, 2023.4771728515625), (1, 1572.5849609375)]","[(0, 3307.786376953125), (1, 3753.120361328125)]","[(0, 6919.02099609375), (1, 3766.4697265625)]","[(0, 10203.12890625), (1, 9573.9443359375)]","[(0, 31502.146484375), (1, 38991.921875)]","[(0, 4469.42919921875), (1, 3635.627197265625)]","[(4, 45.726680501302084), (1, 58.74308122907366), (5, 83.0511944110577), (3, 107.16824106069711), (2, 109.23457845052083), (0, 148.85265096028647)]","[(0, 2374.857421875), (1, 3520.029052734375)]","[(4, 351.94722806490387), (3, 561.6478271484375), (5, 638.7391246448864), (1, 748.3514737215909), (0, 1360.37626953125), (2, 1546.7515190972222)]","[(0, 1928.40283203125), (1, 1110.50048828125)]","[(1, 230.69132486979166), (4, 293.77724202473956), (2, 360.0584161931818), (0, 396.32350852272725), (5, 483.05544211647725), (3, 491.41415127840907)]","[(0, 18621.875), (1, 12384.3828125)]"
227,"[(0, 2007.1865234375), (1, 1977.723388671875)]","[(0, 1102.315185546875), (1, 2062.812255859375)]","[(0, 13918.533203125), (1, 9712.8203125)]","[(0, 4224.28857421875), (1, 6042.98681640625)]","[(0, 9000.0048828125), (1, 5628.7197265625)]","[(0, 11223.462890625), (1, 10663.845703125)]","[(0, 9699.47265625), (1, 15089.6474609375)]","[(0, 4154.07177734375), (1, 1939.4429931640625)]","[(2, 263.66446358816967), (1, 310.23792317708336), (5, 336.14986478365387), (0, 394.78560965401783), (4, 396.765625), (3, 520.2593900240385)]","[(0, 4136.6259765625), (1, 2449.102294921875)]","[(4, 65.23487854003906), (3, 80.93707682291667), (5, 130.4085954938616), (0, 248.07774939903845), (1, 271.1699741908482), (2, 523.2687174479166)]","[(0, 1866.442138671875), (1, 2768.927001953125)]","[(4, 48.84767252604167), (1, 65.634765625), (3, 80.67891751802884), (5, 82.32774000901442), (0, 110.57767427884616), (2, 112.88553560697116)]","[(0, 16107.869140625), (1, 11380.3720703125)]"
228,"[(0, 1855.7396240234375), (1, 1795.2977294921875)]","[(0, 1297.182861328125), (1, 2705.0791015625)]","[(0, 5275.39794921875), (1, 4546.6494140625)]","[(0, 6116.67431640625), (1, 6804.3955078125)]","[(0, 7400.5556640625), (1, 4007.35986328125)]","[(0, 9596.650390625), (1, 10273.2822265625)]","[(0, 10331.2685546875), (1, 16494.41796875)]","[(0, 3255.463623046875), (1, 3814.914794921875)]","[(4, 52.74336344401042), (5, 70.68188946063702), (1, 81.67040143694196), (3, 81.91122872488839), (2, 112.8642069498698), (0, 130.57558030348557)]","[(0, 1748.724365234375), (1, 1750.646728515625)]","[(1, 154.28724083533655), (2, 164.3134969075521), (0, 370.9522816051136), (4, 377.16166548295456), (5, 506.69619140625), (3, 1364.650607638889)]","[(0, 1776.3035888671875), (1, 3071.61767578125)]","[(4, 59.764962332589285), (3, 80.51424466646634), (1, 130.2110799153646), (5, 134.87248738606772), (0, 223.2830255681818), (2, 368.8722900390625)]","[(0, 8723.828125), (1, 5708.38623046875)]"
229,"[(0, 1380.45947265625), (1, 1370.4647216796875)]","[(0, 910.6345825195312), (1, 1598.211181640625)]","[(0, 3510.203369140625), (1, 3644.9033203125)]","[(0, 13566.5283203125), (1, 15436.22265625)]","[(0, 4162.97509765625), (1, 2646.42724609375)]","[(0, 23473.609375), (1, 24258.19921875)]","[(0, 55974.0703125), (1, 71216.1796875)]","[(0, 2218.283203125), (1, 2166.113525390625)]","[(1, 254.7610751065341), (4, 298.04437255859375), (2, 302.2246826171875), (5, 327.800048828125), (0, 402.7869873046875), (3, 457.31325461647725)]","[(0, 4448.54150390625), (1, 7710.39013671875)]","[(2, 118.42035466974431), (1, 135.79107666015625), (5, 200.53985595703125), (4, 212.39599609375), (0, 291.159326171875), (3, 539.7897677951389)]","[(0, 1221.2232666015625), (1, 1200.676025390625)]","[(1, 40.038720703125), (4, 47.991956438337056), (2, 79.21127554086539), (0, 94.4419414813702), (5, 103.53920491536458), (3, 116.33184814453125)]","[(0, 17576.326171875), (1, 13297.4169921875)]"
230,"[(0, 1378.15625), (1, 1499.49951171875)]","[(0, 848.0236206054688), (1, 1430.5233154296875)]","[(0, 10392.1005859375), (1, 7678.337890625)]","[(0, 8091.32275390625), (1, 6870.97998046875)]","[(0, 7312.45361328125), (1, 5653.64990234375)]","[(0, 14259.177734375), (1, 14229.0341796875)]","[(0, 75906.09375), (1, 106901.6171875)]","[(0, 1845.3282470703125), (1, 1405.3458251953125)]","[(1, 252.38605608258928), (4, 286.3142787388393), (2, 312.7418682391827), (5, 361.25161508413464), (0, 364.8430363581731), (3, 428.99278846153845)]","[(0, 2466.93408203125), (1, 1932.8917236328125)]","[(4, 376.0770152698864), (1, 469.0233043323864), (3, 541.64228515625), (5, 566.5189453125), (0, 675.24609375), (2, 691.315087890625)]","[(0, 1117.6727294921875), (1, 1404.021728515625)]","[(4, 167.24077899639423), (5, 195.1954142252604), (1, 238.32316080729166), (3, 244.03348795572916), (2, 273.02188387784093), (0, 377.43301669034093)]","[(0, 21396.416015625), (1, 14106.3916015625)]"
231,"[(0, 1168.3790283203125), (1, 1207.300048828125)]","[(0, 3708.63134765625), (1, 3566.484375)]","[(0, 15610.18359375), (1, 9904.529296875)]","[(0, 2436.82421875), (1, 1676.4202880859375)]","[(0, 2594.16162109375), (1, 1696.8828125)]","[(0, 17601.017578125), (1, 18762.935546875)]","[(0, 18100.376953125), (1, 15020.099609375)]","[(0, 5014.97412109375), (1, 3519.612548828125)]","[(1, 190.38301908052884), (4, 193.77694266183036), (3, 215.01652644230768), (0, 233.352783203125), (5, 366.1368001302083), (2, 391.20925071022725)]","[(0, 721.31787109375), (1, 546.02734375)]","[(1, 196.8282470703125), (2, 234.80078125), (0, 351.47642686631946), (4, 602.01103515625), (5, 819.8455946180555), (3, 1189.66796875)]","[(0, 3248.832763671875), (1, 1934.17236328125)]","[(1, 166.34913853236608), (2, 179.42469200721155), (4, 261.55865478515625), (5, 296.56205610795456), (0, 372.1527506510417), (3, 703.667822265625)]","[(0, 4333.572265625), (1, 3414.7236328125)]"
232,"[(0, 1000.2886352539062), (1, 1125.2373046875)]","[(0, 4974.2490234375), (1, 5146.34716796875)]","[(0, 17218.625), (1, 9192.5986328125)]","[(0, 3321.32177734375), (1, 2947.094482421875)]","[(0, 8536.9111328125), (1, 5383.392578125)]","[(0, 11851.8310546875), (1, 11658.2080078125)]","[(0, 9542.5048828125), (1, 11836.05078125)]","[(0, 1926.05029296875), (1, 1274.196533203125)]","[(1, 78.54637799944196), (2, 89.58196551983173), (0, 160.06037394205728), (4, 190.5794474283854), (5, 245.4353915127841), (3, 501.162744140625)]","[(0, 7935.572265625), (1, 7289.3857421875)]","[(4, 268.7742106119792), (3, 320.2337535511364), (5, 346.3473455255682), (0, 351.1562906901042), (2, 400.1387125651042), (1, 478.0373347355769)]","[(0, 2111.78564453125), (1, 1948.5791015625)]","[(5, 310.50406161221593), (4, 332.49501546223956), (2, 357.05171342329544), (1, 394.5577799479167), (3, 579.2399680397727), (0, 736.1299272017045)]","[(0, 3647.493896484375), (1, 3331.669921875)]"
233,"[(0, 1375.9833984375), (1, 1355.287841796875)]","[(0, 2958.178955078125), (1, 2902.557861328125)]","[(0, 1946.185302734375), (1, 1129.3736572265625)]","[(0, 5836.1435546875), (1, 6426.69140625)]","[(0, 11413.7177734375), (1, 6083.45703125)]","[(0, 10578.0634765625), (1, 10619.6982421875)]","[(0, 4158.5908203125), (1, 4181.7646484375)]","[(0, 1427.21142578125), (1, 1652.9075927734375)]","[(1, 81.2145004272461), (2, 91.7144775390625), (4, 113.341796875), (0, 132.113525390625), (5, 132.50004695012018), (3, 217.0154825846354)]","[(0, 2803.805908203125), (1, 1856.3697509765625)]","[(4, 22.72947540283203), (5, 26.665028889973957), (2, 26.712558521943933), (0, 38.91838163488052), (1, 39.84830836245888), (3, 40.32683987087674)]","[(0, 3584.573974609375), (1, 3088.8408203125)]","[(3, 121.50535481770834), (4, 123.3419418334961), (5, 214.819580078125), (1, 234.55746023995536), (0, 338.11429537259613), (2, 631.986083984375)]","[(0, 2620.34765625), (1, 2612.40185546875)]"
234,"[(0, 1282.3997802734375), (1, 1472.6368408203125)]","[(0, 1377.139404296875), (1, 1290.96533203125)]","[(0, 20049.970703125), (1, 14390.076171875)]","[(0, 5927.0537109375), (1, 4407.36474609375)]","[(0, 8555.16796875), (1, 4665.1044921875)]","[(0, 7381.3271484375), (1, 7659.87060546875)]","[(0, 8563.5830078125), (1, 8841.2197265625)]","[(0, 5735.763671875), (1, 7669.30712890625)]","[(1, 74.22470797025241), (4, 90.63387357271634), (2, 102.11918131510417), (0, 110.2688496907552), (5, 129.50320434570312), (3, 135.43445841471353)]","[(0, 5973.66015625), (1, 4651.8564453125)]","[(1, 84.08738490513393), (4, 87.41756766183036), (2, 199.7669677734375), (5, 208.4710896809896), (0, 249.20308430989584), (3, 255.15655517578125)]","[(0, 4610.3369140625), (1, 2577.453125)]","[(4, 145.33759765625), (3, 222.62311662946428), (1, 227.21253380408655), (5, 266.20592322716345), (0, 397.738037109375), (2, 549.8991477272727)]","[(0, 1628.42431640625), (1, 1302.3338623046875)]"
235,"[(0, 1279.2020263671875), (1, 1331.4725341796875)]","[(0, 2959.07470703125), (1, 2878.948486328125)]","[(0, 17379.26171875), (1, 12873.9130859375)]","[(0, 7217.720703125), (1, 8985.6748046875)]","[(0, 4733.7001953125), (1, 4219.07861328125)]","[(0, 6824.4248046875), (1, 7337.56005859375)]","[(0, 16232.9814453125), (1, 27432.359375)]","[(0, 7724.455078125), (1, 7260.82861328125)]","[(4, 401.80561967329544), (5, 409.024658203125), (1, 418.9532581676136), (2, 421.974658203125), (3, 604.7564453125), (0, 621.266650390625)]","[(0, 29812.408203125), (1, 17851.12109375)]","[(1, 154.8205848106971), (2, 164.62067667643228), (0, 380.79794034090907), (4, 475.703369140625), (5, 537.3564897017045), (3, 1441.56513671875)]","[(0, 5660.18896484375), (1, 2859.43212890625)]","[(4, 121.48330252511161), (3, 144.85529972956732), (1, 215.14244666466345), (5, 272.62847900390625), (0, 303.2609049479167), (2, 596.6076882102273)]","[(0, 3820.980712890625), (1, 3496.51171875)]"
236,"[(0, 1286.440185546875), (1, 1305.64794921875)]","[(0, 3359.5654296875), (1, 3715.10546875)]","[(0, 20390.353515625), (1, 20642.8125)]","[(0, 2535.929443359375), (1, 2238.708740234375)]","[(0, 6515.9306640625), (1, 5560.08251953125)]","[(0, 50140.82421875), (1, 51253.8671875)]","[(0, 37895.08984375), (1, 54842.35546875)]","[(0, 937.2493286132812), (1, 923.0509033203125)]","[(4, 81.02848307291667), (1, 82.0349982766544), (3, 84.48801556755515), (0, 90.2287368774414), (5, 150.82144165039062), (2, 164.01603190104166)]","[(0, 2869.635498046875), (1, 2922.011962890625)]","[(4, 121.20944649832589), (3, 164.02873347355768), (5, 342.0068359375), (0, 480.1023763020833), (1, 534.5280198317307), (2, 907.0056818181819)]","[(0, 2907.210693359375), (1, 2485.433837890625)]","[(1, 268.1341552734375), (2, 322.56352095170456), (4, 352.6527099609375), (0, 435.7911931818182), (5, 447.58056640625), (3, 569.4846857244319)]","[(0, 5663.27685546875), (1, 3844.59716796875)]"
237,"[(0, 2692.534423828125), (1, 3165.81689453125)]","[(0, 2045.275390625), (1, 2009.552001953125)]","[(0, 6450.18408203125), (1, 4738.7001953125)]","[(0, 5719.2841796875), (1, 5579.93359375)]","[(0, 10525.9658203125), (1, 6104.8037109375)]","[(0, 40111.43359375), (1, 39193.69140625)]","[(0, 10230.380859375), (1, 9353.26953125)]","[(0, 4203.27099609375), (1, 3687.23876953125)]","[(1, 234.68837193080358), (4, 262.52255483774036), (2, 272.74814077524036), (0, 302.683349609375), (5, 330.6521402994792), (3, 367.0976155598958)]","[(0, 3001.3310546875), (1, 4017.79541015625)]","[(1, 461.2751652644231), (2, 466.6492919921875), (4, 772.4050071022727), (5, 825.5837890625), (0, 912.4968039772727), (3, 1906.416232638889)]","[(0, 1157.9368896484375), (1, 427.89404296875)]","[(1, 40.01845169067383), (4, 47.12183380126953), (5, 71.43664986746651), (2, 72.56729125976562), (3, 72.94151088169643), (0, 76.95982142857143)]","[(0, 2828.9716796875), (1, 1853.0479736328125)]"
238,"[(0, 1806.1251220703125), (1, 1803.22607421875)]","[(0, 1406.5955810546875), (1, 1400.2542724609375)]","[(0, 6303.65673828125), (1, 5565.7802734375)]","[(0, 1521.13330078125), (1, 1257.6451416015625)]","[(0, 7853.8681640625), (1, 5485.310546875)]","[(0, 17626.416015625), (1, 16777.830078125)]","[(0, 4412.9375), (1, 4820.62353515625)]","[(0, 3608.559326171875), (1, 3945.84521484375)]","[(3, 63.157694498697914), (4, 79.54359788161058), (0, 157.94386985085228), (5, 158.76366077769887), (1, 170.1495564778646), (2, 415.365185546875)]","[(0, 1873.8365478515625), (1, 1961.64501953125)]","[(4, 299.49005126953125), (5, 319.89706143465907), (2, 343.534423828125), (1, 364.9720458984375), (3, 455.87331321022725), (0, 521.4410067471591)]","[(0, 4617.1787109375), (1, 2144.251953125)]","[(2, 143.14045597956732), (1, 148.90614536830358), (4, 246.80628380408655), (5, 247.36128743489584), (0, 408.9485677083333), (3, 641.5816317471591)]","[(0, 13639.1484375), (1, 9731.3544921875)]"
239,"[(0, 1799.391845703125), (1, 1966.18310546875)]","[(0, 2575.68017578125), (1, 2731.13037109375)]","[(0, 16003.7939453125), (1, 9268.3818359375)]","[(0, 3825.03857421875), (1, 6432.6884765625)]","[(0, 6978.65673828125), (1, 3606.2783203125)]","[(0, 28892.0078125), (1, 28814.220703125)]","[(0, 24073.828125), (1, 21937.474609375)]","[(0, 1062.50927734375), (1, 1141.558349609375)]","[(3, 54.96186065673828), (4, 55.348388671875), (5, 92.86793619791666), (1, 94.30440521240234), (0, 101.3862060546875), (2, 178.90016392299108)]","[(0, 2366.455078125), (1, 1828.2623291015625)]","[(1, 131.63484074519232), (2, 156.83060709635416), (0, 374.42795632102275), (4, 593.5810546875), (5, 844.08251953125), (3, 3083.739800347222)]","[(0, 1806.5048828125), (1, 1137.990478515625)]","[(1, 52.869791666666664), (4, 61.912906646728516), (2, 87.73597130408653), (5, 105.08101981026786), (0, 134.53599196213943), (3, 158.61373465401786)]","[(0, 1506.052001953125), (1, 1355.9412841796875)]"
240,"[(0, 1032.3060302734375), (1, 1045.4864501953125)]","[(0, 3910.380615234375), (1, 4957.87158203125)]","[(0, 3855.024169921875), (1, 3268.4794921875)]","[(0, 23823.240234375), (1, 28053.8828125)]","[(0, 5393.458984375), (1, 2703.04296875)]","[(0, 11774.9287109375), (1, 12439.458984375)]","[(0, 8916.640625), (1, 6939.95703125)]","[(0, 3215.030029296875), (1, 4785.33056640625)]","[(5, 30.218937174479166), (4, 37.998497009277344), (2, 45.027286783854166), (3, 48.505061848958334), (1, 56.7835693359375), (0, 74.89776204427083)]","[(0, 5706.2138671875), (1, 2234.3427734375)]","[(2, 146.673681640625), (1, 190.00209045410156), (0, 299.5501185825893), (4, 331.54300362723217), (5, 360.76273287259613), (3, 805.2679036458334)]","[(0, 2912.140380859375), (1, 1283.968017578125)]","[(1, 72.34741973876953), (2, 79.74186197916667), (4, 145.79542643229166), (5, 157.09552873883928), (0, 213.7640380859375), (3, 345.51502403846155)]","[(0, 8528.9287109375), (1, 6466.88818359375)]"
241,"[(0, 1013.84130859375), (1, 969.5758666992188)]","[(0, 1739.4591064453125), (1, 1926.3304443359375)]","[(0, 22834.544921875), (1, 14257.015625)]","[(0, 5594.77880859375), (1, 5184.84619140625)]","[(0, 1539.305419921875), (1, 1594.9832763671875)]","[(0, 20254.5703125), (1, 18645.1015625)]","[(0, 50129.921875), (1, 70194.5)]","[(0, 6309.63525390625), (1, 4529.59765625)]","[(1, 48.37552490234375), (2, 55.241385323660715), (4, 65.53095354352679), (5, 81.11203237680289), (0, 86.95181978665866), (3, 135.06536865234375)]","[(0, 4311.439453125), (1, 7957.2080078125)]","[(1, 225.87151692708332), (2, 227.10447474888392), (4, 324.91954627403845), (0, 356.38904747596155), (5, 374.47900390625), (3, 688.1629971590909)]","[(0, 2895.245361328125), (1, 2444.26171875)]","[(1, 277.91446358816967), (4, 322.75711495535717), (3, 361.51904296875), (5, 399.74060997596155), (0, 405.36583533653845), (2, 436.9802433894231)]","[(0, 3908.997314453125), (1, 2900.06494140625)]"
242,"[(0, 1794.895263671875), (1, 1960.1021728515625)]","[(0, 972.6129760742188), (1, 1043.7451171875)]","[(0, 11620.30078125), (1, 7781.35693359375)]","[(0, 3593.2880859375), (1, 2841.215576171875)]","[(0, 1933.3304443359375), (1, 2370.224609375)]","[(0, 3606.2919921875), (1, 3440.970703125)]","[(0, 72149.8515625), (1, 121597.453125)]","[(0, 1142.4498291015625), (1, 1765.28857421875)]","[(4, 51.05194450827206), (3, 56.975677490234375), (5, 80.6433349609375), (1, 129.1419189453125), (0, 155.25191824776786), (2, 248.4541954627404)]","[(0, 2472.77197265625), (1, 1383.2415771484375)]","[(4, 54.92772623697917), (3, 81.81895228794643), (5, 94.78702486478366), (0, 159.81875610351562), (2, 187.22414328835228), (1, 197.00150240384616)]","[(0, 8589.6591796875), (1, 7850.87255859375)]","[(1, 65.66478553185097), (2, 80.82476806640625), (0, 104.35386149088542), (5, 147.02245076497397), (4, 159.62950721153845), (3, 190.96014404296875)]","[(0, 11796.8583984375), (1, 7882.56982421875)]"
243,"[(0, 1394.6395263671875), (1, 1468.3455810546875)]","[(0, 495.42559814453125), (1, 388.9535827636719)]","[(0, 2367.876220703125), (1, 1833.70166015625)]","[(0, 6081.0673828125), (1, 6422.85595703125)]","[(0, 10547.93359375), (1, 6626.10107421875)]","[(0, 1650.792724609375), (1, 1644.576416015625)]","[(0, 2933.96630859375), (1, 2504.232177734375)]","[(0, 3291.26318359375), (1, 3215.953125)]","[(4, 77.77298736572266), (3, 84.37947591145833), (5, 164.99897112165178), (1, 169.53813825334822), (0, 221.393798828125), (2, 431.3240966796875)]","[(0, 6496.8876953125), (1, 5914.90234375)]","[(3, 311.56032492897725), (4, 321.2103678385417), (5, 343.2518199573864), (1, 472.5500081380208), (2, 519.4640447443181), (0, 523.5417702414773)]","[(0, 4989.14306640625), (1, 4902.07373046875)]","[(1, 40.781715393066406), (4, 58.631395612444194), (0, 69.0047440962358), (2, 71.63792114257812), (3, 79.68732158954327), (5, 88.8347880045573)]","[(0, 15090.064453125), (1, 9206.021484375)]"
244,"[(0, 1415.3258056640625), (1, 1666.735107421875)]","[(0, 363.5906066894531), (1, 288.71624755859375)]","[(0, 6311.74755859375), (1, 4705.97314453125)]","[(0, 1736.5128173828125), (1, 1545.96240234375)]","[(0, 9259.1669921875), (1, 5808.57958984375)]","[(0, 4341.58056640625), (1, 4558.8544921875)]","[(0, 1645.4683837890625), (1, 1919.5946044921875)]","[(0, 2539.357666015625), (1, 2067.376220703125)]","[(1, 80.06090590533088), (4, 86.59022432215073), (0, 95.16422271728516), (3, 100.29971313476562), (2, 110.5582046508789), (5, 123.2348861694336)]","[(0, 1613.2274169921875), (1, 1741.317138671875)]","[(4, 513.2447102864584), (1, 680.1282301682693), (2, 682.24853515625), (0, 705.101318359375), (5, 784.6277521306819), (3, 805.2003728693181)]","[(0, 3321.518310546875), (1, 2424.310791015625)]","[(1, 41.060554055606616), (2, 61.99515380859375), (4, 75.90416762408088), (0, 85.16984049479167), (5, 88.2794189453125), (3, 120.24580078125)]","[(0, 1353.6583251953125), (1, 1237.4022216796875)]"
245,"[(0, 1549.3282470703125), (1, 1844.66845703125)]","[(0, 1878.1474609375), (1, 1749.2623291015625)]","[(0, 2056.288330078125), (1, 1290.1031494140625)]","[(0, 11569.65625), (1, 14645.0947265625)]","[(0, 9657.5029296875), (1, 4602.34130859375)]","[(0, 19511.037109375), (1, 18494.783203125)]","[(0, 16896.33203125), (1, 22186.140625)]","[(0, 7625.19970703125), (1, 4243.96923828125)]","[(1, 80.70029122488839), (4, 83.08503723144531), (2, 84.22897573617789), (5, 91.30996426669034), (0, 136.38224283854166), (3, 152.35389404296876)]","[(0, 1981.7259521484375), (1, 1273.474365234375)]","[(4, 145.2741417518029), (3, 188.8263956705729), (5, 199.4837849934896), (1, 228.59343073918268), (0, 290.25689697265625), (2, 303.8699951171875)]","[(0, 2082.28271484375), (1, 1299.6376953125)]","[(2, 57.961194719587056), (1, 59.47659098307292), (0, 116.12646484375), (5, 124.44722806490384), (4, 205.15682547433036), (3, 292.897705078125)]","[(0, 12717.595703125), (1, 8193.9658203125)]"
246,"[(0, 1047.93115234375), (1, 1079.3663330078125)]","[(0, 2500.93505859375), (1, 2683.354736328125)]","[(0, 19779.9609375), (1, 10897.6748046875)]","[(0, 5716.6611328125), (1, 5554.39599609375)]","[(0, 6704.18798828125), (1, 3028.403564453125)]","[(0, 1780.2498779296875), (1, 1635.4627685546875)]","[(0, 10919.5419921875), (1, 12615.3779296875)]","[(0, 4265.6455078125), (1, 4101.59765625)]","[(1, 94.56037248883929), (2, 111.31615271935097), (4, 159.60621995192307), (5, 191.92293294270834), (0, 227.25227864583334), (3, 473.71506569602275)]","[(0, 6415.74853515625), (1, 5949.0888671875)]","[(2, 264.126708984375), (1, 266.3501727764423), (4, 273.51680814302887), (0, 292.47902425130206), (5, 401.0472005208333), (3, 419.6478678385417)]","[(0, 3062.26123046875), (1, 2364.436279296875)]","[(2, 280.5667835582386), (5, 289.81378173828125), (1, 291.97096761067706), (4, 312.021240234375), (0, 608.2848011363636), (3, 638.3256022135416)]","[(0, 2539.436279296875), (1, 2059.347900390625)]"
247,"[(0, 855.1055908203125), (1, 846.8848876953125)]","[(0, 1342.6495361328125), (1, 1284.55712890625)]","[(0, 9150.8759765625), (1, 6217.4912109375)]","[(0, 5163.794921875), (1, 3859.2802734375)]","[(0, 3484.26220703125), (1, 2862.805908203125)]","[(0, 12283.4833984375), (1, 12746.21484375)]","[(0, 10813.6728515625), (1, 10587.177734375)]","[(0, 817.4927978515625), (1, 468.3829650878906)]","[(2, 70.09575946514423), (1, 82.26602608816964), (0, 162.4013468424479), (5, 187.8029119318182), (4, 192.3825480143229), (3, 469.9232421875)]","[(0, 3954.950927734375), (1, 3025.519775390625)]","[(4, 55.41277262369792), (3, 75.10122445913461), (1, 75.9756851196289), (0, 91.81679861886161), (5, 95.5123291015625), (2, 111.90814208984375)]","[(0, 1569.7537841796875), (1, 2457.216796875)]","[(4, 490.3822835286458), (5, 572.8684747869319), (3, 626.2802734375), (1, 760.7860514322916), (2, 927.3802379261364), (0, 999.3976384943181)]","[(0, 14164.01953125), (1, 9700.0185546875)]"
248,"[(0, 1278.46044921875), (1, 1446.427001953125)]","[(0, 954.3414306640625), (1, 916.27392578125)]","[(0, 2788.68603515625), (1, 4033.728515625)]","[(0, 2278.5078125), (1, 2126.44970703125)]","[(0, 3876.192138671875), (1, 3196.637451171875)]","[(0, 10178.083984375), (1, 10335.220703125)]","[(0, 4150.662109375), (1, 4563.4697265625)]","[(0, 2023.8148193359375), (1, 1828.966064453125)]","[(1, 51.4259147644043), (2, 54.57644449869792), (0, 103.65822928292411), (4, 138.65555245535714), (5, 159.11390099158655), (3, 433.260498046875)]","[(0, 2872.40771484375), (1, 2313.458984375)]","[(4, 68.93962097167969), (2, 81.41112342247597), (5, 92.96038818359375), (1, 97.1245361328125), (0, 133.21000788762018), (3, 142.20401436941964)]","[(0, 4837.00341796875), (1, 4274.111328125)]","[(4, 153.98435280539772), (1, 179.3548787434896), (0, 240.4849520596591), (3, 240.51669921875), (5, 256.765673828125), (2, 297.9815562855114)]","[(0, 4141.54443359375), (1, 3711.146728515625)]"
249,"[(0, 1914.1441650390625), (1, 2077.15673828125)]","[(0, 564.565673828125), (1, 420.6672058105469)]","[(0, 1928.905029296875), (1, 1228.9505615234375)]","[(0, 4434.8974609375), (1, 4544.2392578125)]","[(0, 9008.0087890625), (1, 5042.3623046875)]","[(0, 6242.77783203125), (1, 6678.94970703125)]","[(0, 12503.8291015625), (1, 16808.611328125)]","[(0, 1790.739013671875), (1, 1497.4388427734375)]","[(4, 76.09413248697916), (3, 85.837890625), (1, 124.71653529575893), (5, 125.43764085036058), (0, 177.31971153846155), (2, 264.42462158203125)]","[(0, 18414.7578125), (1, 13273.0791015625)]","[(4, 53.510501861572266), (3, 76.65819498697917), (5, 84.59903390066964), (1, 150.11961146763392), (0, 164.49295748197116), (2, 174.7614949544271)]","[(0, 13219.9951171875), (1, 11521.7255859375)]","[(1, 38.829052734375), (4, 56.52997639973958), (2, 64.79661207932692), (0, 90.0010516826923), (5, 99.6755840594952), (3, 137.02355018028845)]","[(0, 2321.853515625), (1, 2063.1328125)]"
250,"[(0, 1082.0062255859375), (1, 1163.018310546875)]","[(0, 1087.8729248046875), (1, 2017.36328125)]","[(0, 44747.87890625), (1, 41739.57421875)]","[(0, 3176.716796875), (1, 3566.470947265625)]","[(0, 2559.486083984375), (1, 1511.3121337890625)]","[(0, 23670.125), (1, 24453.634765625)]","[(0, 5598.7548828125), (1, 6492.8984375)]","[(0, 1644.2337646484375), (1, 2031.3482666015625)]","[(4, 30.736454264322916), (1, 43.98592267717634), (5, 57.61876971905048), (3, 69.0999755859375), (2, 81.24246724446614), (0, 111.1225077311198)]","[(0, 7835.71142578125), (1, 9503.6884765625)]","[(2, 89.0662090594952), (1, 95.61454554966518), (0, 207.98822021484375), (4, 235.5633544921875), (5, 241.24378551136363), (3, 701.151123046875)]","[(0, 6090.58544921875), (1, 4800.5703125)]","[(4, 142.07188831676137), (1, 153.44181685014203), (5, 212.1787353515625), (2, 225.7740478515625), (3, 297.1684814453125), (0, 329.4607666015625)]","[(0, 4281.005859375), (1, 3488.5146484375)]"
251,"[(0, 988.32763671875), (1, 1060.4658203125)]","[(0, 1759.948974609375), (1, 3750.176025390625)]","[(0, 6037.421875), (1, 4904.79541015625)]","[(0, 20768.26171875), (1, 14903.1416015625)]","[(0, 6920.24169921875), (1, 3657.9375)]","[(0, 9474.4140625), (1, 9667.72265625)]","[(0, 7690.2763671875), (1, 12847.97265625)]","[(0, 7181.2900390625), (1, 6210.6640625)]","[(2, 87.4343505859375), (1, 100.07843017578125), (4, 183.53353445870536), (5, 185.65240009014423), (0, 192.5572509765625), (3, 458.9197591145833)]","[(0, 5913.791015625), (1, 6179.056640625)]","[(1, 194.35064227764423), (2, 246.3856404622396), (4, 296.40824751420456), (0, 366.34743430397725), (5, 407.0055419921875), (3, 783.79345703125)]","[(0, 1967.741943359375), (1, 1748.4833984375)]","[(1, 33.90538787841797), (4, 40.66927562040441), (2, 44.83150373186384), (5, 52.85622965494792), (0, 84.59620884486607), (3, 93.58247884114583)]","[(0, 3219.17529296875), (1, 2075.28857421875)]"
252,"[(0, 1209.0975341796875), (1, 1346.5091552734375)]","[(0, 969.4847412109375), (1, 1673.7318115234375)]","[(0, 4665.15771484375), (1, 6060.07470703125)]","[(0, 9978.6044921875), (1, 12217.0673828125)]","[(0, 7069.81982421875), (1, 4110.97265625)]","[(0, 3592.270263671875), (1, 3239.0380859375)]","[(0, 12490.6240234375), (1, 18592.134765625)]","[(0, 4828.9794921875), (1, 3873.298828125)]","[(4, 166.92640099158655), (1, 168.28268229166667), (5, 180.1269327799479), (2, 181.51194545200892), (3, 215.43110795454547), (0, 261.5529597355769)]","[(0, 1835.7357177734375), (1, 1198.454345703125)]","[(4, 53.92628831129808), (1, 59.89101938100961), (5, 108.1684903231534), (2, 119.49467329545455), (3, 146.72621848366478), (0, 166.6199618252841)]","[(0, 9707.1337890625), (1, 7626.05029296875)]","[(1, 75.6653076171875), (4, 78.53362630208333), (5, 85.42467389787946), (2, 95.97751290457589), (3, 111.03561837332589), (0, 129.42804827008928)]","[(0, 16128.8984375), (1, 11848.677734375)]"
253,"[(0, 1109.1527099609375), (1, 1164.2308349609375)]","[(0, 547.8931884765625), (1, 763.432373046875)]","[(0, 12547.287109375), (1, 8946.546875)]","[(0, 3478.90673828125), (1, 4156.13232421875)]","[(0, 9480.3701171875), (1, 5582.669921875)]","[(0, 9629.7470703125), (1, 10509.10546875)]","[(0, 21560.26171875), (1, 20807.83203125)]","[(0, 10521.4306640625), (1, 7495.0)]","[(1, 540.6931966145834), (4, 626.9722493489584), (2, 672.2531516335227), (5, 809.3422407670455), (0, 862.8979936079545), (3, 1039.8772194602273)]","[(0, 3319.804931640625), (1, 1985.3360595703125)]","[(1, 43.22722103721217), (4, 43.43665568033854), (2, 58.50885368795956), (5, 64.4350357055664), (0, 74.17979520909927), (3, 78.22935485839844)]","[(0, 1721.02197265625), (1, 1712.6488037109375)]","[(4, 113.71596116286058), (3, 148.71253458658853), (5, 223.91965553977272), (1, 240.87776692708334), (0, 405.02729936079544), (2, 626.95849609375)]","[(0, 3248.2470703125), (1, 2825.822265625)]"
254,"[(0, 1393.1353759765625), (1, 1411.4647216796875)]","[(0, 3105.97607421875), (1, 3049.62744140625)]","[(0, 2684.642333984375), (1, 2529.94482421875)]","[(0, 14458.7060546875), (1, 13619.4951171875)]","[(0, 10179.423828125), (1, 7247.5322265625)]","[(0, 16929.05859375), (1, 16977.951171875)]","[(0, 8281.5517578125), (1, 8152.48291015625)]","[(0, 1225.3934326171875), (1, 1478.8651123046875)]","[(1, 57.55217742919922), (2, 69.00681966145834), (4, 77.12509591238839), (0, 86.78887067522321), (5, 92.11322490985577), (3, 128.81509399414062)]","[(0, 6965.55810546875), (1, 7203.47265625)]","[(4, 24.602651596069336), (1, 35.395076751708984), (2, 36.99946812220982), (0, 44.24598911830357), (5, 44.537000383649556), (3, 54.03147234235491)]","[(0, 4888.25048828125), (1, 3551.411376953125)]","[(4, 274.99953206380206), (5, 280.97836026278407), (1, 363.2722981770833), (2, 371.04037198153407), (3, 409.46608664772725), (0, 562.7657137784091)]","[(0, 2399.16845703125), (1, 2026.49267578125)]"
255,"[(0, 818.8320922851562), (1, 859.2259521484375)]","[(0, 4752.96630859375), (1, 5261.61572265625)]","[(0, 15025.888671875), (1, 12333.171875)]","[(0, 3879.87939453125), (1, 4227.931640625)]","[(0, 1657.48291015625), (1, 1014.055419921875)]","[(0, 29496.0390625), (1, 28011.85546875)]","[(0, 23778.681640625), (1, 31390.646484375)]","[(0, 2596.77294921875), (1, 2488.353271484375)]","[(5, 25.610980694110577), (4, 31.32163565499442), (3, 39.66380896935096), (2, 40.39728722205529), (1, 49.652967180524556), (0, 65.48549241286058)]","[(0, 18979.328125), (1, 15447.267578125)]","[(2, 105.66149030412946), (1, 134.54951985677084), (0, 216.22789588341345), (4, 349.92074819711536), (5, 422.0925699869792), (3, 1318.9708806818182)]","[(0, 2196.542236328125), (1, 1989.4765625)]","[(4, 144.94307163783483), (5, 160.65084134615384), (3, 176.01750300480768), (1, 193.31623186383928), (2, 251.71153846153845), (0, 279.18714317908655)]","[(0, 4688.51123046875), (1, 3959.970458984375)]"
256,"[(0, 1874.611328125), (1, 1993.58740234375)]","[(0, 2249.132568359375), (1, 2242.765625)]","[(0, 1647.1114501953125), (1, 1640.37158203125)]","[(0, 5475.0458984375), (1, 6092.15380859375)]","[(0, 10926.7197265625), (1, 5377.8349609375)]","[(0, 15959.076171875), (1, 15899.2685546875)]","[(0, 10138.490234375), (1, 14214.7919921875)]","[(0, 3716.328369140625), (1, 3007.359619140625)]","[(4, 25.51205123098273), (3, 27.323169284396702), (5, 27.822001737706803), (1, 43.93890739889706), (2, 49.82509765625), (0, 53.32112503051758)]","[(0, 12410.5107421875), (1, 6974.61083984375)]","[(4, 61.86846110026042), (3, 77.4110107421875), (5, 125.63977989783653), (1, 190.39464393028845), (0, 222.9843546549479), (2, 439.0240589488636)]","[(0, 2453.773193359375), (1, 1577.6787109375)]","[(1, 9.048396060341283), (5, 10.749204747817096), (2, 10.761070700252757), (3, 15.032236435834099), (0, 15.353012982536764), (4, 15.85032091642681)]","[(0, 5701.900390625), (1, 4613.8466796875)]"
257,"[(0, 1445.5245361328125), (1, 1456.7117919921875)]","[(0, 1311.749755859375), (1, 1257.24462890625)]","[(0, 3280.511474609375), (1, 2979.934814453125)]","[(0, 19532.8359375), (1, 21215.115234375)]","[(0, 9608.931640625), (1, 5522.82568359375)]","[(0, 11225.2607421875), (1, 11589.3349609375)]","[(0, 17182.48828125), (1, 17345.615234375)]","[(0, 1976.74853515625), (1, 1656.9677734375)]","[(1, 137.19532121930803), (2, 152.05062161959134), (0, 236.19356282552084), (4, 255.9920654296875), (5, 295.0750621448864), (3, 558.68662109375)]","[(0, 2077.65283203125), (1, 1026.6685791015625)]","[(4, 169.94578857421874), (5, 224.91657172309027), (1, 283.7109375), (3, 301.04771592881946), (2, 366.3626302083333), (0, 549.3301866319445)]","[(0, 2917.73486328125), (1, 4092.872314453125)]","[(1, 103.15621243990384), (2, 126.84025065104167), (5, 180.6712646484375), (0, 188.4914754231771), (4, 213.113037109375), (3, 257.16855875651044)]","[(0, 13698.251953125), (1, 9719.083984375)]"
258,"[(0, 1625.192626953125), (1, 1897.0369873046875)]","[(0, 1983.125), (1, 1532.3057861328125)]","[(0, 10020.2109375), (1, 5335.92333984375)]","[(0, 6343.7734375), (1, 7029.3876953125)]","[(0, 2134.396728515625), (1, 1521.95166015625)]","[(0, 38960.921875), (1, 41920.8046875)]","[(0, 15830.1708984375), (1, 16027.544921875)]","[(0, 4893.33447265625), (1, 3772.940673828125)]","[(2, 29.38740348815918), (5, 36.85922037760417), (1, 41.67974494485294), (4, 51.472965240478516), (0, 85.29676920572916), (3, 112.17597307477679)]","[(0, 1048.39892578125), (1, 1362.853759765625)]","[(2, 26.959446498325892), (1, 52.28360188802083), (0, 62.59244009164664), (5, 73.53076641376202), (4, 88.55795724051339), (3, 201.7245076497396)]","[(0, 2864.708251953125), (1, 2706.669921875)]","[(1, 127.11622529871323), (2, 154.20542907714844), (0, 223.36930338541666), (5, 259.218017578125), (4, 287.5439127604167), (3, 374.33695162259613)]","[(0, 14970.1064453125), (1, 10466.9267578125)]"
259,"[(0, 1342.069580078125), (1, 1344.0537109375)]","[(0, 2937.684326171875), (1, 2452.133544921875)]","[(0, 24559.2734375), (1, 29635.412109375)]","[(0, 4397.07470703125), (1, 3631.59326171875)]","[(0, 2159.974365234375), (1, 1532.8289794921875)]","[(0, 8200.1494140625), (1, 7698.0244140625)]","[(0, 18533.46875), (1, 26431.986328125)]","[(0, 4027.01318359375), (1, 3209.099853515625)]","[(4, 306.44145063920456), (3, 384.055517578125), (1, 399.107421875), (0, 466.63773970170456), (5, 577.771826171875), (2, 715.7633167613636)]","[(0, 1672.574951171875), (1, 1506.7637939453125)]","[(2, 147.40450613839286), (1, 196.21017252604167), (4, 213.51792689732142), (5, 216.35143103966345), (0, 263.10501802884613), (3, 493.8260498046875)]","[(0, 12200.9638671875), (1, 13473.3076171875)]","[(1, 66.07241821289062), (2, 75.98323411207933), (4, 120.36974225725446), (5, 144.8549522986779), (0, 216.5362752278646), (3, 455.8519694010417)]","[(0, 11122.5361328125), (1, 7808.83251953125)]"
260,"[(0, 1184.5531005859375), (1, 1125.4364013671875)]","[(0, 1759.20556640625), (1, 1417.458740234375)]","[(0, 3950.0244140625), (1, 2824.683837890625)]","[(0, 7259.27099609375), (1, 3846.460205078125)]","[(0, 5443.744140625), (1, 3472.76416015625)]","[(0, 2624.787109375), (1, 2364.39892578125)]","[(0, 13099.3525390625), (1, 19082.65234375)]","[(0, 2132.79541015625), (1, 1527.1319580078125)]","[(1, 124.43348039899554), (2, 156.5347618689904), (4, 220.4510779747596), (0, 231.60970052083334), (5, 328.99859619140625), (3, 394.0418590198864)]","[(0, 5823.87255859375), (1, 2932.18994140625)]","[(4, 197.42347130408655), (3, 208.6381632486979), (5, 410.59028764204544), (1, 698.4416281960227), (0, 893.40302734375), (2, 1829.5104166666667)]","[(0, 872.5054931640625), (1, 775.9351196289062)]","[(1, 148.09686638327207), (2, 202.95213317871094), (0, 243.71765950520833), (4, 267.579345703125), (5, 282.8129359654018), (3, 356.373046875)]","[(0, 5524.3642578125), (1, 4593.30859375)]"
261,"[(0, 881.5822143554688), (1, 904.92041015625)]","[(0, 1062.0015869140625), (1, 927.9158325195312)]","[(0, 17114.162109375), (1, 12926.7783203125)]","[(0, 4880.7138671875), (1, 3801.39013671875)]","[(0, 7873.7119140625), (1, 5259.3583984375)]","[(0, 15456.537109375), (1, 16982.744140625)]","[(0, 5124.4501953125), (1, 4643.17333984375)]","[(0, 4902.611328125), (1, 2780.310546875)]","[(4, 213.44888741629464), (1, 214.82123674665178), (0, 234.76622596153845), (3, 236.80096905048077), (2, 238.22821514423077), (5, 239.62291541466345)]","[(0, 2978.275634765625), (1, 2107.53564453125)]","[(1, 643.6720525568181), (4, 653.2966796875), (0, 768.14951171875), (3, 867.0972222222222), (2, 1331.1615234375), (5, 1338.1895616319443)]","[(0, 4712.14794921875), (1, 2267.914306640625)]","[(3, 52.68409016927083), (4, 61.36083221435547), (1, 64.24363199869792), (5, 80.48799351283482), (0, 88.96405901227679), (2, 137.35175030048077)]","[(0, 1969.8438720703125), (1, 1736.693359375)]"
262,"[(0, 907.613525390625), (1, 947.9473876953125)]","[(0, 565.1981201171875), (1, 416.5356140136719)]","[(0, 5111.42822265625), (1, 5868.1669921875)]","[(0, 6789.19580078125), (1, 9091.568359375)]","[(0, 5462.79443359375), (1, 4375.76953125)]","[(0, 3491.820068359375), (1, 3502.82958984375)]","[(0, 4895.0380859375), (1, 5449.4580078125)]","[(0, 951.249267578125), (1, 678.772216796875)]","[(1, 61.45318244485294), (4, 77.87551879882812), (2, 93.15148111979167), (0, 118.15840657552083), (5, 131.04422433035714), (3, 160.55690220424108)]","[(0, 3020.7109375), (1, 3412.2626953125)]","[(2, 161.76761568509616), (1, 167.41960797991072), (4, 299.37130033052887), (0, 386.445068359375), (5, 391.3331298828125), (3, 890.8243075284091)]","[(0, 2349.52880859375), (1, 1540.9173583984375)]","[(4, 213.0572306315104), (1, 297.314208984375), (3, 314.806884765625), (5, 351.65798117897725), (0, 461.57834694602275), (2, 497.70534446022725)]","[(0, 4339.142578125), (1, 3445.515625)]"
263,"[(0, 1171.2857666015625), (1, 1119.6292724609375)]","[(0, 575.5546875), (1, 453.367919921875)]","[(0, 17541.01171875), (1, 17922.783203125)]","[(0, 9624.072265625), (1, 8628.8310546875)]","[(0, 4198.263671875), (1, 3360.08154296875)]","[(0, 7893.15380859375), (1, 7692.9169921875)]","[(0, 11562.51953125), (1, 17474.375)]","[(0, 613.4193115234375), (1, 439.11346435546875)]","[(2, 79.19483439127605), (1, 91.39761117788461), (5, 116.0777920809659), (4, 116.37295532226562), (0, 173.88975941051137), (3, 264.7490966796875)]","[(0, 1646.964599609375), (1, 918.2079467773438)]","[(2, 61.928213936941965), (1, 108.99452311197916), (0, 120.47490985576923), (4, 124.78440638950893), (5, 127.68662672776442), (3, 283.8106689453125)]","[(0, 2327.01513671875), (1, 1944.98486328125)]","[(1, 48.197541889391445), (4, 51.25251939561632), (5, 59.514286041259766), (2, 71.18109489889706), (3, 73.40362548828125), (0, 85.19147805606617)]","[(0, 4721.810546875), (1, 3736.467529296875)]"
264,"[(0, 1171.958984375), (1, 1275.7802734375)]","[(0, 376.3439025878906), (1, 260.8475646972656)]","[(0, 22220.40234375), (1, 13017.123046875)]","[(0, 6700.66015625), (1, 5854.3046875)]","[(0, 10206.1650390625), (1, 5579.93359375)]","[(0, 4346.18310546875), (1, 4143.7724609375)]","[(0, 9779.2568359375), (1, 12900.4482421875)]","[(0, 1053.0831298828125), (1, 935.3671264648438)]","[(1, 120.769287109375), (2, 163.15493774414062), (4, 212.4493611653646), (0, 245.2635165127841), (5, 275.8355823863636), (3, 546.519140625)]","[(0, 5011.00146484375), (1, 6320.2705078125)]","[(2, 73.82279750279018), (1, 100.87095540364584), (4, 103.89040701729911), (5, 117.61427659254808), (0, 134.08607835036057), (3, 241.14900716145834)]","[(0, 1447.522705078125), (1, 938.644775390625)]","[(4, 104.33858235677083), (1, 173.06174879807693), (5, 182.80438701923077), (3, 187.56464494977678), (0, 327.15915934244794), (2, 359.1715642755682)]","[(0, 3104.12255859375), (1, 2481.225341796875)]"
265,"[(0, 1463.97607421875), (1, 1573.74462890625)]","[(0, 978.5302124023438), (1, 1763.742919921875)]","[(0, 12238.67578125), (1, 8121.845703125)]","[(0, 4953.60400390625), (1, 6781.13916015625)]","[(0, 6999.74560546875), (1, 3191.240234375)]","[(0, 4655.31787109375), (1, 5019.02685546875)]","[(0, 24481.775390625), (1, 21955.55859375)]","[(0, 1634.5101318359375), (1, 1483.6279296875)]","[(3, 47.0354736328125), (4, 47.77592849731445), (5, 78.97342354910714), (1, 100.16334751674107), (0, 115.83120492788461), (2, 195.33050537109375)]","[(0, 5895.962890625), (1, 3686.75)]","[(4, 162.713427734375), (1, 177.1614013671875), (5, 210.66182454427084), (2, 221.93897840711804), (3, 315.55742730034723), (0, 397.0981174045139)]","[(0, 3039.595703125), (1, 2154.128173828125)]","[(4, 370.8369547526042), (5, 441.52317116477275), (1, 552.8738458806819), (3, 583.1747602982955), (2, 741.644580078125), (0, 880.9556640625)]","[(0, 13486.4326171875), (1, 8896.0009765625)]"
266,"[(0, 896.3358154296875), (1, 899.01953125)]","[(0, 1315.9390869140625), (1, 2514.586181640625)]","[(0, 4867.65673828125), (1, 3710.704345703125)]","[(0, 18135.2109375), (1, 11532.3125)]","[(0, 1933.235595703125), (1, 1489.9404296875)]","[(0, 14089.048828125), (1, 14372.3837890625)]","[(0, 9982.1923828125), (1, 11003.2958984375)]","[(0, 2124.150146484375), (1, 2021.32666015625)]","[(1, 77.39305284288194), (4, 80.04529526654412), (5, 129.21527506510418), (3, 132.34892578125), (2, 144.7167205810547), (0, 146.49913024902344)]","[(0, 10602.3740234375), (1, 6719.46728515625)]","[(4, 29.548051834106445), (3, 32.9972904750279), (5, 53.20763724190848), (0, 56.022474016462056), (1, 73.52879333496094), (2, 93.0572509765625)]","[(0, 6349.29345703125), (1, 7260.39208984375)]","[(1, 53.76217886117789), (4, 55.274617513020836), (2, 56.6190185546875), (5, 59.9564208984375), (0, 128.56491921164772), (3, 144.4601806640625)]","[(0, 7353.25146484375), (1, 5390.2353515625)]"
267,"[(0, 959.75244140625), (1, 1006.0910034179688)]","[(0, 806.8125610351562), (1, 1393.393798828125)]","[(0, 14172.5869140625), (1, 16138.005859375)]","[(0, 3448.66162109375), (1, 3415.30029296875)]","[(0, 2210.94921875), (1, 1562.882568359375)]","[(0, 6373.66357421875), (1, 6054.22314453125)]","[(0, 20700.595703125), (1, 25583.455078125)]","[(0, 2825.341064453125), (1, 2197.94189453125)]","[(4, 52.42466517857143), (1, 61.70836181640625), (3, 85.26577758789062), (5, 102.78269449869792), (0, 104.5422832782452), (2, 126.83893291766827)]","[(0, 1288.5372314453125), (1, 638.3681640625)]","[(4, 148.08036295572916), (3, 216.26746715198863), (1, 247.17924360795453), (0, 395.4758544921875), (5, 460.86708984375), (2, 1005.9798177083334)]","[(0, 3083.0224609375), (1, 2853.4892578125)]","[(1, 64.8276846749442), (2, 90.8097675030048), (4, 99.99847412109375), (5, 143.03174937855113), (0, 151.70515950520834), (3, 246.7124755859375)]","[(0, 3508.125244140625), (1, 3002.69384765625)]"
268,"[(0, 1310.7880859375), (1, 1436.6107177734375)]","[(0, 856.8341674804688), (1, 1414.7955322265625)]","[(0, 11595.171875), (1, 9304.400390625)]","[(0, 16152.294921875), (1, 18923.716796875)]","[(0, 9061.6708984375), (1, 5958.4287109375)]","[(0, 2507.124755859375), (1, 2870.28564453125)]","[(0, 10382.1552734375), (1, 13199.24609375)]","[(0, 2065.28369140625), (1, 1906.9444580078125)]","[(1, 210.7964806189904), (2, 242.41756184895834), (4, 287.31424654447113), (0, 325.1104329427083), (5, 357.8674723307292), (3, 447.4854329427083)]","[(0, 10411.751953125), (1, 6873.712890625)]","[(4, 115.01470184326172), (3, 137.74939778645833), (5, 205.36322893415178), (1, 332.89585658482144), (0, 348.3103215144231), (2, 530.7583821614584)]","[(0, 8236.7353515625), (1, 5121.48486328125)]","[(1, 114.55764334542411), (2, 165.20417668269232), (4, 198.55720402644232), (5, 296.40541585286456), (0, 297.0120849609375), (3, 548.2293146306819)]","[(0, 11823.798828125), (1, 8294.8310546875)]"
269,"[(0, 1385.8565673828125), (1, 1270.0106201171875)]","[(0, 2260.154541015625), (1, 1831.388671875)]","[(0, 4216.42431640625), (1, 3769.696533203125)]","[(0, 1947.11083984375), (1, 2098.1201171875)]","[(0, 6672.7802734375), (1, 4151.69970703125)]","[(0, 9272.5458984375), (1, 9756.87109375)]","[(0, 24549.15625), (1, 21559.0078125)]","[(0, 1790.8798828125), (1, 1212.778076171875)]","[(1, 44.8870849609375), (2, 46.57418212890625), (4, 70.17593819754464), (5, 75.69357065054086), (0, 76.50947788783482), (3, 147.42625935872397)]","[(0, 4039.198486328125), (1, 6462.03662109375)]","[(4, 70.76803152901786), (3, 97.81847205528847), (5, 153.80162556966147), (1, 202.82639723557693), (0, 224.4214070638021), (2, 315.08891157670456)]","[(0, 1178.20556640625), (1, 961.4568481445312)]","[(1, 149.93763950892858), (2, 183.86136568509616), (5, 212.6810021033654), (0, 218.42762169471155), (3, 240.10836087740384), (4, 244.28595842633928)]","[(0, 12070.796875), (1, 7989.4638671875)]"
270,"[(0, 1183.19873046875), (1, 1218.0404052734375)]","[(0, 2886.015869140625), (1, 2662.5615234375)]","[(0, 5738.20361328125), (1, 4759.052734375)]","[(0, 1832.8546142578125), (1, 2461.49951171875)]","[(0, 9334.654296875), (1, 5201.7744140625)]","[(0, 22747.626953125), (1, 21494.60546875)]","[(0, 4440.1787109375), (1, 5175.755859375)]","[(0, 2517.394775390625), (1, 3016.945556640625)]","[(1, 363.0399169921875), (4, 369.645263671875), (3, 483.8544921875), (0, 492.6829723011364), (2, 590.9241832386364), (5, 617.5628995028409)]","[(0, 3317.01025390625), (1, 2588.286376953125)]","[(1, 37.545030866350444), (4, 44.71787806919643), (2, 76.75687662760417), (0, 93.52279663085938), (5, 95.61050415039062), (3, 118.71687825520833)]","[(0, 1677.6007080078125), (1, 1480.80859375)]","[(1, 70.42510986328125), (2, 76.33075890174278), (0, 174.05460611979166), (4, 228.23124186197916), (5, 291.3023570667614), (3, 781.658203125)]","[(0, 18908.869140625), (1, 14048.2333984375)]"
271,"[(0, 1009.0963745117188), (1, 1089.4962158203125)]","[(0, 1998.87890625), (1, 1663.932861328125)]","[(0, 13508.67578125), (1, 13342.1181640625)]","[(0, 4191.134765625), (1, 4575.396484375)]","[(0, 8959.7041015625), (1, 4772.2783203125)]","[(0, 2625.1201171875), (1, 2976.12353515625)]","[(0, 33213.0078125), (1, 53806.90234375)]","[(0, 1041.8238525390625), (1, 1672.572509765625)]","[(4, 89.35508626302084), (3, 105.83741978236607), (1, 170.64287458147322), (5, 180.62633338341345), (0, 190.86604191706732), (2, 454.2098795572917)]","[(0, 20345.328125), (1, 8645.1982421875)]","[(4, 491.833740234375), (1, 641.272021484375), (5, 827.73876953125), (3, 857.5691731770834), (2, 1105.7918836805557), (0, 1176.7737630208333)]","[(0, 8176.22265625), (1, 2812.744384765625)]","[(1, 364.11410757211536), (2, 441.6141764322917), (4, 483.9204508463542), (0, 545.4111328125), (5, 548.4468661221591), (3, 608.8587535511364)]","[(0, 17235.974609375), (1, 13910.5712890625)]"
272,"[(0, 1548.8902587890625), (1, 1779.283203125)]","[(0, 1046.3936767578125), (1, 938.9111328125)]","[(0, 6964.84716796875), (1, 2917.64453125)]","[(0, 4900.447265625), (1, 5136.58447265625)]","[(0, 8246.8046875), (1, 4976.6123046875)]","[(0, 18647.9453125), (1, 19130.90234375)]","[(0, 10698.1220703125), (1, 16735.642578125)]","[(0, 1096.1861572265625), (1, 1435.8348388671875)]","[(2, 43.38448224748884), (1, 53.4210693359375), (5, 59.28091665414664), (4, 71.62551007952008), (0, 109.9093768780048), (3, 173.51751708984375)]","[(0, 17282.45703125), (1, 15958.4228515625)]","[(2, 278.16552734375), (4, 282.98876953125), (1, 308.58286539713544), (5, 320.24258700284093), (0, 343.81465287642044), (3, 356.03981711647725)]","[(0, 3742.28369140625), (1, 4345.619140625)]","[(3, 67.6244888305664), (4, 78.92328957950367), (1, 90.90272623697916), (5, 91.46941731770833), (0, 125.72250802176339), (2, 188.0982384314904)]","[(0, 2622.90283203125), (1, 2434.564208984375)]"
273,"[(0, 890.93212890625), (1, 955.1558837890625)]","[(0, 2324.90478515625), (1, 2603.50390625)]","[(0, 22796.640625), (1, 21416.75)]","[(0, 2186.694580078125), (1, 4470.8701171875)]","[(0, 7429.20849609375), (1, 4208.5498046875)]","[(0, 12570.0546875), (1, 11925.298828125)]","[(0, 13460.9658203125), (1, 12029.861328125)]","[(0, 1777.2286376953125), (1, 3268.10546875)]","[(4, 54.357188505284924), (1, 54.656524658203125), (3, 64.67880859375), (0, 69.23723602294922), (5, 81.79275716145834), (2, 86.75839233398438)]","[(0, 2169.63232421875), (1, 3786.28466796875)]","[(2, 145.14749348958333), (5, 149.943798828125), (4, 183.0530548095703), (1, 199.87408447265625), (0, 221.838037109375), (3, 229.99322916666668)]","[(0, 1048.093994140625), (1, 1043.8128662109375)]","[(4, 151.77896822415866), (1, 166.1856407752404), (3, 168.2081502278646), (5, 187.3543497721354), (0, 237.93107096354166), (2, 263.86435953776044)]","[(0, 9723.8310546875), (1, 6269.36376953125)]"
274,"[(0, 1446.1781005859375), (1, 1690.01513671875)]","[(0, 3915.42578125), (1, 4806.21875)]","[(0, 6551.103515625), (1, 5221.77001953125)]","[(0, 3361.132568359375), (1, 3958.5546875)]","[(0, 8032.162109375), (1, 5218.130859375)]","[(0, 4124.9296875), (1, 3750.937744140625)]","[(0, 15857.490234375), (1, 17338.93359375)]","[(0, 3744.07568359375), (1, 1522.8330078125)]","[(2, 103.78694661458333), (1, 109.244384765625), (5, 172.71434437144887), (4, 176.73006184895834), (0, 299.8187144886364), (3, 557.829443359375)]","[(0, 18785.728515625), (1, 9863.2158203125)]","[(2, 90.32600620814732), (1, 117.41583658854167), (0, 168.39323542668268), (4, 193.49639423076923), (5, 262.5280354817708), (3, 677.6167879971591)]","[(0, 12540.8388671875), (1, 4463.75927734375)]","[(1, 316.8837483723958), (4, 353.9324293870192), (2, 388.90261008522725), (5, 406.2706705729167), (0, 691.0521129261364), (3, 762.8312174479166)]","[(0, 3821.709716796875), (1, 3512.5810546875)]"
275,"[(0, 1569.69091796875), (1, 1875.487548828125)]","[(0, 1650.5833740234375), (1, 1896.50244140625)]","[(0, 13695.2607421875), (1, 8078.9169921875)]","[(0, 4161.18115234375), (1, 5058.25634765625)]","[(0, 3045.140380859375), (1, 2100.821044921875)]","[(0, 7558.07080078125), (1, 8138.841796875)]","[(0, 5867.00341796875), (1, 5341.05517578125)]","[(0, 2572.139404296875), (1, 2333.0361328125)]","[(1, 89.40413172104779), (2, 89.76680755615234), (0, 152.98082682291667), (4, 169.88138020833333), (5, 206.30479213169642), (3, 380.05423677884613)]","[(0, 3290.0048828125), (1, 1283.984619140625)]","[(4, 309.9138746995192), (3, 414.8778483072917), (5, 578.3870849609375), (0, 633.8802083333334), (1, 700.1769831730769), (2, 827.2325032552084)]","[(0, 988.3526000976562), (1, 1106.1103515625)]","[(4, 82.00061753216912), (3, 94.52418518066406), (1, 99.1273681640625), (5, 121.630322265625), (0, 184.877685546875), (2, 255.13202373798077)]","[(0, 3871.865966796875), (1, 3034.498046875)]"
276,"[(0, 1366.271728515625), (1, 1346.69873046875)]","[(0, 971.0531616210938), (1, 1693.2020263671875)]","[(0, 3261.364501953125), (1, 2955.53662109375)]","[(0, 18135.3671875), (1, 14851.865234375)]","[(0, 10165.34765625), (1, 4873.904296875)]","[(0, 12820.3359375), (1, 14632.837890625)]","[(0, 9669.7041015625), (1, 10257.4912109375)]","[(0, 1362.4483642578125), (1, 1031.4774169921875)]","[(1, 80.70010375976562), (2, 87.72115071614583), (4, 148.20563616071428), (0, 165.46625627790178), (5, 176.14947040264423), (3, 416.9742024739583)]","[(0, 5776.32470703125), (1, 4823.05126953125)]","[(1, 396.18896484375), (2, 486.73642578125), (0, 633.173291015625), (4, 973.41015625), (5, 1330.1400390625), (3, 1625.54287109375)]","[(0, 3255.923095703125), (1, 3295.7548828125)]","[(1, 290.4889729817708), (2, 410.48104580965907), (0, 552.4037198153409), (4, 636.5347086588541), (5, 978.2064985795455), (3, 1232.3590198863637)]","[(0, 1807.686279296875), (1, 1843.1243896484375)]"
277,"[(0, 1086.067138671875), (1, 1259.6640625)]","[(0, 1202.256103515625), (1, 2237.5625)]","[(0, 25902.11328125), (1, 23252.294921875)]","[(0, 7680.89404296875), (1, 8420.8056640625)]","[(0, 11551.0908203125), (1, 8077.884765625)]","[(0, 16902.037109375), (1, 14665.556640625)]","[(0, 28660.63671875), (1, 19675.07421875)]","[(0, 1187.69775390625), (1, 1601.374755859375)]","[(1, 496.2682698567708), (4, 513.0147372159091), (2, 551.7550603693181), (5, 628.984521484375), (0, 651.2880859375), (3, 759.553662109375)]","[(0, 8507.5390625), (1, 3764.630859375)]","[(4, 73.2747802734375), (1, 80.69588529146634), (5, 134.56285603841147), (2, 157.38257945667613), (3, 162.46029663085938), (0, 220.313720703125)]","[(0, 8815.111328125), (1, 3574.28173828125)]","[(4, 52.05820574079241), (3, 69.28332050030048), (1, 81.86314392089844), (5, 101.28497314453125), (0, 127.4499844637784), (2, 186.0627197265625)]","[(0, 12890.671875), (1, 9268.9306640625)]"
278,"[(0, 1371.560302734375), (1, 1391.3277587890625)]","[(0, 805.74951171875), (1, 1331.740478515625)]","[(0, 3547.017822265625), (1, 2769.967529296875)]","[(0, 1637.983642578125), (1, 1911.20654296875)]","[(0, 13335.1220703125), (1, 7497.5947265625)]","[(0, 3488.24169921875), (1, 3027.38427734375)]","[(0, 32611.734375), (1, 20617.982421875)]","[(0, 1336.615478515625), (1, 2559.642578125)]","[(4, 639.0700017755681), (1, 778.1883877840909), (3, 795.2701171875), (5, 852.6423828125), (0, 986.06201171875), (2, 1056.063671875)]","[(0, 7622.42919921875), (1, 9761.990234375)]","[(4, 149.68391927083334), (3, 171.4806241122159), (5, 192.039306640625), (0, 292.3156072443182), (1, 307.82745361328125), (2, 310.80977006392044)]","[(0, 984.1605224609375), (1, 779.59375)]","[(1, 95.81301047585227), (2, 126.22784423828125), (4, 169.3461248224432), (0, 198.0630126953125), (5, 231.3015380859375), (3, 349.0521240234375)]","[(0, 29395.39453125), (1, 20889.73046875)]"
279,"[(0, 1201.517333984375), (1, 1203.123779296875)]","[(0, 600.3666381835938), (1, 838.1590576171875)]","[(0, 11037.927734375), (1, 8990.6552734375)]","[(0, 1914.3604736328125), (1, 2116.73876953125)]","[(0, 11435.6181640625), (1, 7253.375)]","[(0, 2415.9326171875), (1, 2891.280517578125)]","[(0, 4543.8798828125), (1, 4126.29541015625)]","[(0, 5220.2412109375), (1, 4609.67724609375)]","[(1, 137.97452218191964), (2, 138.97258112980768), (4, 169.02640787760416), (5, 186.34062056107953), (0, 256.80169677734375), (3, 376.228369140625)]","[(0, 1972.8529052734375), (1, 767.7001342773438)]","[(2, 72.08963012695312), (1, 95.45685173483456), (5, 112.45461600167411), (4, 127.99414876302083), (0, 153.81300455729166), (3, 272.542724609375)]","[(0, 3253.62939453125), (1, 5570.15576171875)]","[(2, 70.63397216796875), (1, 86.7045147235577), (5, 171.79006125710228), (4, 180.25089518229166), (0, 244.3477450284091), (3, 531.207470703125)]","[(0, 2496.1171875), (1, 2152.0205078125)]"
280,"[(0, 1442.9647216796875), (1, 1577.455322265625)]","[(0, 347.0871887207031), (1, 248.19105529785156)]","[(0, 3144.477294921875), (1, 2823.99169921875)]","[(0, 7962.75732421875), (1, 5430.392578125)]","[(0, 2311.228515625), (1, 1525.895263671875)]","[(0, 13540.16015625), (1, 13805.8330078125)]","[(0, 18454.611328125), (1, 19166.71484375)]","[(0, 3859.648193359375), (1, 3350.42431640625)]","[(1, 94.49881744384766), (2, 98.55533854166667), (4, 114.31143624441964), (5, 126.7148907001202), (0, 162.84075055803572), (3, 244.85746256510416)]","[(0, 3025.8603515625), (1, 5934.31640625)]","[(2, 219.61934407552084), (1, 222.59589092548077), (0, 568.6619318181819), (4, 701.8395774147727), (5, 884.803515625), (3, 3226.4563802083335)]","[(0, 10232.60546875), (1, 7046.80517578125)]","[(4, 25.420033174402572), (1, 29.73551368713379), (5, 36.02916259765625), (2, 40.758126395089285), (3, 53.97181803385417), (0, 64.68773542131696)]","[(0, 4730.60888671875), (1, 4055.115966796875)]"
281,"[(0, 946.7111206054688), (1, 949.7875366210938)]","[(0, 1089.3668212890625), (1, 1781.50830078125)]","[(0, 9920.099609375), (1, 8723.654296875)]","[(0, 5076.7421875), (1, 3556.62744140625)]","[(0, 10987.2314453125), (1, 5855.81201171875)]","[(0, 8102.12548828125), (1, 7473.42333984375)]","[(0, 8146.9951171875), (1, 7322.4189453125)]","[(0, 850.3194580078125), (1, 537.9278564453125)]","[(4, 186.8295232599432), (1, 188.7289151278409), (2, 256.6928466796875), (5, 261.1512451171875), (3, 313.6630126953125), (0, 323.05146484375)]","[(0, 2684.66015625), (1, 3860.78955078125)]","[(2, 78.00685813210227), (1, 88.26956176757812), (4, 227.39970259232953), (5, 235.841650390625), (0, 301.6482421875), (3, 1115.1612413194443)]","[(0, 2766.60302734375), (1, 2631.27197265625)]","[(1, 102.50485464242789), (2, 102.62750244140625), (4, 104.51146443684895), (5, 108.4671297940341), (0, 289.8751775568182), (3, 317.8134765625)]","[(0, 9292.86328125), (1, 7081.15576171875)]"
282,"[(0, 917.9238891601562), (1, 963.9476318359375)]","[(0, 1369.5142822265625), (1, 2552.005859375)]","[(0, 1893.80224609375), (1, 2072.8330078125)]","[(0, 4139.1123046875), (1, 3790.294921875)]","[(0, 9103.568359375), (1, 3991.907958984375)]","[(0, 4618.3896484375), (1, 4365.857421875)]","[(0, 9182.3994140625), (1, 10163.5927734375)]","[(0, 7191.98876953125), (1, 5322.61767578125)]","[(2, 76.83730643136161), (5, 89.2786376953125), (1, 104.67285970052083), (4, 118.90003967285156), (0, 180.94876534598214), (3, 196.38857421875)]","[(0, 9432.23046875), (1, 7384.89697265625)]","[(4, 300.4278094951923), (1, 360.6973407451923), (5, 385.7333577473958), (2, 448.0345458984375), (3, 552.7304280598959), (0, 671.345947265625)]","[(0, 2066.282470703125), (1, 2877.020263671875)]","[(1, 133.77909029447116), (2, 146.98727416992188), (5, 181.37235514322916), (0, 192.70928955078125), (3, 238.08597819010416), (4, 241.35747821514423)]","[(0, 12496.759765625), (1, 8457.552734375)]"
283,"[(0, 1250.453857421875), (1, 1398.661376953125)]","[(0, 905.0330810546875), (1, 1405.71923828125)]","[(0, 11161.373046875), (1, 11512.3349609375)]","[(0, 4153.14892578125), (1, 3834.852783203125)]","[(0, 3003.4873046875), (1, 1892.3092041015625)]","[(0, 5545.2978515625), (1, 5911.6318359375)]","[(0, 10979.0615234375), (1, 18619.798828125)]","[(0, 1887.425048828125), (1, 1907.0235595703125)]","[(1, 152.26514781605113), (4, 192.219970703125), (2, 201.36439208984376), (0, 246.1331787109375), (5, 265.6668212890625), (3, 310.9138427734375)]","[(0, 2128.912841796875), (1, 2160.17333984375)]","[(2, 52.92392171223958), (1, 95.80902862548828), (0, 98.9622802734375), (5, 134.67649489182693), (4, 156.51747349330358), (3, 322.90391031901044)]","[(0, 1867.236083984375), (1, 1672.440185546875)]","[(4, 62.24013137817383), (1, 75.45208333333333), (5, 125.02043805803571), (3, 152.19768415178572), (2, 172.12823016826923), (0, 213.34925255408655)]","[(0, 5214.45947265625), (1, 4307.07958984375)]"
284,"[(0, 1290.4661865234375), (1, 1387.9144287109375)]","[(0, 550.7196655273438), (1, 748.11376953125)]","[(0, 18189.859375), (1, 9977.224609375)]","[(0, 6591.13525390625), (1, 7526.25048828125)]","[(0, 11725.5771484375), (1, 7192.0087890625)]","[(0, 12609.953125), (1, 13027.81640625)]","[(0, 9842.65625), (1, 19183.1171875)]","[(0, 2623.5322265625), (1, 1931.0916748046875)]","[(2, 133.91547309027777), (1, 140.22793739720396), (5, 160.16397633272058), (0, 169.1226806640625), (4, 169.21286349826389), (3, 203.22067440257354)]","[(0, 7791.76025390625), (1, 5356.439453125)]","[(1, 1204.2327769886363), (4, 1230.0951704545455), (2, 2053.14140625), (5, 2140.95), (0, 2196.1421875), (3, 2198.7513671875)]","[(0, 1440.979736328125), (1, 801.848876953125)]","[(1, 240.35466657366072), (2, 292.12586388221155), (5, 357.72693810096155), (0, 377.62710336538464), (3, 466.12935697115387), (4, 474.82285853794644)]","[(0, 2402.668212890625), (1, 1944.6463623046875)]"
285,"[(0, 1254.155517578125), (1, 1462.3309326171875)]","[(0, 1038.330810546875), (1, 1820.2933349609375)]","[(0, 2543.663330078125), (1, 1251.7030029296875)]","[(0, 8649.2470703125), (1, 6789.89453125)]","[(0, 7958.771484375), (1, 4346.82958984375)]","[(0, 19743.3984375), (1, 18620.08203125)]","[(0, 33860.1953125), (1, 37592.40625)]","[(0, 2547.474853515625), (1, 1780.3619384765625)]","[(4, 43.94336700439453), (1, 48.14083323759191), (3, 58.69284929547991), (0, 64.12261962890625), (5, 86.60755266462054), (2, 87.45757649739583)]","[(0, 9549.44140625), (1, 8406.787109375)]","[(4, 98.46368408203125), (3, 114.16984049479167), (0, 212.73397391183036), (5, 223.33932059151786), (1, 229.12146809895833), (2, 421.9211989182692)]","[(0, 2331.475830078125), (1, 1276.2901611328125)]","[(4, 48.0821044921875), (1, 52.0135009765625), (5, 87.32589956430289), (2, 93.38711313100961), (3, 110.45150991586539), (0, 119.86522498497597)]","[(0, 2338.138916015625), (1, 2150.339111328125)]"
286,"[(0, 2150.593505859375), (1, 2465.256103515625)]","[(0, 1161.147216796875), (1, 2251.0927734375)]","[(0, 21204.837890625), (1, 13606.525390625)]","[(0, 3683.263671875), (1, 3386.544677734375)]","[(0, 19255.4609375), (1, 11201.9697265625)]","[(0, 5928.173828125), (1, 5891.96044921875)]","[(0, 18734.541015625), (1, 21050.216796875)]","[(0, 2249.956298828125), (1, 3296.29541015625)]","[(1, 36.52413760914522), (2, 39.085235595703125), (4, 49.14659016927083), (5, 57.04471697126116), (0, 72.43749186197917), (3, 105.7333984375)]","[(0, 2477.83203125), (1, 1841.37109375)]","[(2, 305.67001065340907), (4, 311.03631591796875), (1, 361.0015055338542), (5, 382.7440074573864), (0, 401.4501953125), (3, 491.5120738636364)]","[(0, 2174.266845703125), (1, 1331.044677734375)]","[(1, 111.64417613636364), (4, 131.99604936079547), (2, 163.48094482421874), (0, 169.26822509765626), (3, 196.036962890625), (5, 205.8994384765625)]","[(0, 8558.5869140625), (1, 6332.34912109375)]"
287,"[(0, 1356.791748046875), (1, 1312.681396484375)]","[(0, 837.4671020507812), (1, 1356.33837890625)]","[(0, 5950.302734375), (1, 5372.0888671875)]","[(0, 2404.233642578125), (1, 2793.71826171875)]","[(0, 2959.763427734375), (1, 2158.90673828125)]","[(0, 4969.37451171875), (1, 5029.03125)]","[(0, 10039.7333984375), (1, 10439.919921875)]","[(0, 2900.158935546875), (1, 2940.403076171875)]","[(1, 824.4476207386364), (4, 856.6867897727273), (2, 1278.29775390625), (5, 1353.68935546875), (0, 1468.17197265625), (3, 1471.6259765625)]","[(0, 1690.886474609375), (1, 1195.7042236328125)]","[(2, 73.33600323016827), (5, 97.93224158653847), (4, 146.80428641183036), (1, 187.71280343191964), (0, 202.589111328125), (3, 270.85205078125)]","[(0, 2337.996337890625), (1, 1172.736572265625)]","[(2, 180.71065579927884), (1, 182.67231096540178), (5, 246.6324462890625), (0, 301.84652944711536), (4, 320.70592447916664), (3, 367.87887137276783)]","[(0, 9140.5146484375), (1, 6164.84228515625)]"
288,"[(0, 869.7399291992188), (1, 864.31982421875)]","[(0, 530.0496215820312), (1, 789.0364990234375)]","[(0, 7585.33740234375), (1, 12523.3408203125)]","[(0, 6253.48583984375), (1, 8355.8720703125)]","[(0, 1929.1302490234375), (1, 1419.903564453125)]","[(0, 24097.486328125), (1, 26731.6484375)]","[(0, 39659.55078125), (1, 48348.15625)]","[(0, 4572.19921875), (1, 3036.229248046875)]","[(1, 232.1053263346354), (2, 264.26806640625), (4, 279.15757242838544), (0, 291.0929509943182), (5, 320.04720791903407), (3, 339.1480158025568)]","[(0, 14220.365234375), (1, 7824.8154296875)]","[(2, 118.91265869140625), (1, 131.40899251302082), (5, 183.80438701923077), (4, 205.96292550223214), (0, 318.93445763221155), (3, 505.9424235026042)]","[(0, 2718.26123046875), (1, 2039.5643310546875)]","[(1, 17.423162841796874), (4, 17.719154357910156), (3, 25.4087646484375), (0, 28.350045340401785), (5, 33.83830261230469), (2, 35.68675818810096)]","[(0, 9639.0361328125), (1, 6430.9033203125)]"
289,"[(0, 1466.4556884765625), (1, 1697.330322265625)]","[(0, 494.9493103027344), (1, 369.7818908691406)]","[(0, 7258.78662109375), (1, 5650.5400390625)]","[(0, 4471.87646484375), (1, 6493.25146484375)]","[(0, 6662.517578125), (1, 5052.64892578125)]","[(0, 22506.2265625), (1, 20849.78515625)]","[(0, 5911.71630859375), (1, 5229.48974609375)]","[(0, 1943.8416748046875), (1, 2142.45849609375)]","[(1, 175.33050130208332), (2, 208.90073939732142), (0, 347.8034480168269), (4, 381.4307391826923), (5, 514.4080403645834), (3, 870.3734019886364)]","[(0, 6022.6083984375), (1, 3395.806884765625)]","[(2, 27.905893961588543), (1, 41.266807556152344), (5, 54.69083815354567), (0, 68.14817156110492), (4, 80.93783133370536), (3, 173.06585693359375)]","[(0, 1392.23486328125), (1, 1214.5703125)]","[(3, 23.816762823807565), (4, 29.353848266601563), (5, 34.389923095703125), (1, 42.21356540256076), (0, 48.849020565257355), (2, 79.3192138671875)]","[(0, 13860.6083984375), (1, 10721.1435546875)]"
290,"[(0, 1958.460693359375), (1, 1905.3946533203125)]","[(0, 1354.0152587890625), (1, 1143.3768310546875)]","[(0, 12546.2451171875), (1, 9735.3173828125)]","[(0, 2897.20947265625), (1, 2306.6845703125)]","[(0, 10661.6689453125), (1, 7991.193359375)]","[(0, 2428.032470703125), (1, 2403.627197265625)]","[(0, 16564.62890625), (1, 21483.375)]","[(0, 1637.2020263671875), (1, 1786.24462890625)]","[(4, 247.97420247395834), (1, 266.0843098958333), (5, 313.19253817471593), (2, 316.003173828125), (3, 328.6326349431818), (0, 373.3884943181818)]","[(0, 1485.62060546875), (1, 1949.5997314453125)]","[(1, 103.59210674579327), (2, 128.31998697916666), (4, 165.99245383522728), (0, 200.26513671875), (5, 235.8228515625), (3, 476.4768337673611)]","[(0, 3377.751953125), (1, 4485.42431640625)]","[(1, 280.0885120738636), (4, 371.96757368607956), (2, 393.253515625), (0, 501.470166015625), (5, 522.189990234375), (3, 646.25478515625)]","[(0, 11842.03515625), (1, 7912.25927734375)]"
291,"[(0, 1003.3502197265625), (1, 998.4829711914062)]","[(0, 2135.226318359375), (1, 2193.7275390625)]","[(0, 21608.3671875), (1, 15205.416015625)]","[(0, 6608.9921875), (1, 8117.392578125)]","[(0, 7347.95166015625), (1, 4777.74755859375)]","[(0, 4411.86474609375), (1, 4287.060546875)]","[(0, 5880.67138671875), (1, 5293.62646484375)]","[(0, 1536.5091552734375), (1, 1331.188720703125)]","[(4, 666.8046875), (1, 838.66796875), (3, 932.8986150568181), (5, 943.0476740056819), (0, 1191.0842507102273), (2, 1218.5464311079545)]","[(0, 4698.18359375), (1, 4277.443359375)]","[(4, 134.35721261160714), (3, 145.07774000901443), (5, 346.6255696614583), (0, 375.0876871744792), (1, 382.89554537259613), (2, 790.5939275568181)]","[(0, 4235.10302734375), (1, 5029.75048828125)]","[(4, 174.54422701322116), (3, 212.2343953450521), (1, 342.7853190104167), (5, 434.5925958806818), (0, 502.3331853693182), (2, 1002.673046875)]","[(0, 1499.6331787109375), (1, 1383.2401123046875)]"
292,"[(0, 1286.9107666015625), (1, 1373.066162109375)]","[(0, 1049.3487548828125), (1, 904.1229248046875)]","[(0, 3938.46533203125), (1, 4061.702880859375)]","[(0, 5924.53369140625), (1, 8328.5751953125)]","[(0, 8776.8935546875), (1, 4285.37646484375)]","[(0, 38776.2109375), (1, 40328.1484375)]","[(0, 20743.083984375), (1, 22488.462890625)]","[(0, 1225.431396484375), (1, 1408.7576904296875)]","[(1, 109.16107647235577), (2, 140.66559855143228), (4, 189.1700439453125), (0, 214.2550381747159), (5, 280.9568980823864), (3, 409.32744140625)]","[(0, 3007.2734375), (1, 1761.5517578125)]","[(4, 253.72757975260416), (5, 329.31154563210225), (3, 341.95893998579544), (2, 362.3850504557292), (0, 364.26025390625), (1, 469.92957481971155)]","[(0, 938.4746704101562), (1, 633.4861450195312)]","[(4, 114.99446614583333), (5, 134.36720493861608), (3, 205.02019391741072), (1, 217.39112955729166), (2, 252.51630510602678), (0, 396.7421875)]","[(0, 1882.6070556640625), (1, 1452.169189453125)]"
293,"[(0, 1299.194091796875), (1, 1542.7044677734375)]","[(0, 806.0242919921875), (1, 720.684326171875)]","[(0, 5605.22509765625), (1, 3437.9072265625)]","[(0, 14748.40625), (1, 15671.7880859375)]","[(0, 7608.07177734375), (1, 5114.49072265625)]","[(0, 37341.82421875), (1, 37216.57421875)]","[(0, 15086.107421875), (1, 20554.47265625)]","[(0, 3887.39794921875), (1, 3617.03857421875)]","[(4, 91.49873046875), (1, 96.23700714111328), (3, 172.26239483173077), (0, 192.1444091796875), (5, 197.2213416466346), (2, 202.69590541294642)]","[(0, 2991.004638671875), (1, 2609.34912109375)]","[(4, 439.587548828125), (1, 506.091552734375), (5, 586.796875), (2, 647.5062391493055), (3, 757.12548828125), (0, 912.2178819444445)]","[(0, 3345.969970703125), (1, 1956.1004638671875)]","[(3, 79.01954752604166), (4, 97.4669189453125), (1, 108.07186889648438), (5, 123.84681047712054), (0, 133.7676513671875), (2, 204.83590262276786)]","[(0, 1990.2857666015625), (1, 1612.1453857421875)]"
294,"[(0, 1615.786376953125), (1, 1650.2574462890625)]","[(0, 986.6583251953125), (1, 895.6453247070312)]","[(0, 2685.981689453125), (1, 1553.91845703125)]","[(0, 6716.232421875), (1, 7072.0859375)]","[(0, 4788.27978515625), (1, 4084.89404296875)]","[(0, 20789.841796875), (1, 19423.72265625)]","[(0, 40730.23828125), (1, 52003.98046875)]","[(0, 6469.99072265625), (1, 8178.02392578125)]","[(1, 37.98125076293945), (4, 46.77239176432292), (0, 64.84483991350446), (2, 73.75186593191964), (3, 82.5472412109375), (5, 95.74620643028847)]","[(0, 2121.535400390625), (1, 2125.033447265625)]","[(1, 164.2513146033654), (2, 214.4626261393229), (4, 263.91644287109375), (5, 363.34989790482956), (0, 546.2711292613636), (3, 1133.2578125)]","[(0, 2032.4713134765625), (1, 937.6221313476562)]","[(4, 24.054395403180802), (3, 33.92607703575721), (5, 44.24298095703125), (1, 47.70130411783854), (0, 82.69268798828125), (2, 108.65577392578125)]","[(0, 21316.576171875), (1, 15153.50390625)]"
295,"[(0, 1085.3743896484375), (1, 1084.7877197265625)]","[(0, 1391.5174560546875), (1, 1407.50537109375)]","[(0, 29954.076171875), (1, 27115.32421875)]","[(0, 6571.6845703125), (1, 7371.28173828125)]","[(0, 11054.8984375), (1, 7415.9150390625)]","[(0, 18115.17578125), (1, 19736.150390625)]","[(0, 14708.5712890625), (1, 18511.12109375)]","[(0, 7478.0859375), (1, 10869.6806640625)]","[(4, 49.6888427734375), (3, 51.08237566266741), (5, 93.22169846754808), (1, 93.32706996372768), (0, 108.88617412860577), (2, 207.26729329427084)]","[(0, 3759.400146484375), (1, 4749.08740234375)]","[(4, 95.23209322415866), (3, 133.25470987955728), (5, 193.450439453125), (1, 217.35526899857953), (0, 382.645068359375), (2, 580.8084309895834)]","[(0, 6012.86376953125), (1, 2906.71728515625)]","[(1, 173.37772042410714), (2, 242.87263371394232), (0, 305.72718224158655), (5, 335.2320087139423), (4, 380.98329380580356), (3, 407.73794320913464)]","[(0, 2534.585205078125), (1, 2159.537841796875)]"
296,"[(0, 1096.6634521484375), (1, 1172.486083984375)]","[(0, 875.6105346679688), (1, 802.1903686523438)]","[(0, 7014.06640625), (1, 6166.0888671875)]","[(0, 3837.81982421875), (1, 3913.783203125)]","[(0, 9905.162109375), (1, 6621.65380859375)]","[(0, 31873.330078125), (1, 32260.763671875)]","[(0, 27119.771484375), (1, 25732.2265625)]","[(0, 596.2348022460938), (1, 790.548583984375)]","[(4, 571.0068359375), (1, 603.7784423828125), (5, 752.0933948863636), (2, 758.2444069602273), (3, 784.4025213068181), (0, 879.0288529829545)]","[(0, 3149.11083984375), (1, 1904.1422119140625)]","[(4, 104.63024088541667), (3, 146.52964564732142), (5, 153.88115985576923), (1, 240.57570237379807), (0, 361.2456868489583), (2, 465.4705255681818)]","[(0, 2841.7861328125), (1, 2061.760009765625)]","[(4, 167.914208984375), (1, 191.23358513327207), (2, 225.34425354003906), (5, 226.70176478794642), (3, 306.69174429086536), (0, 326.82705078125)]","[(0, 24521.3359375), (1, 17102.724609375)]"
297,"[(0, 1905.537353515625), (1, 2261.0146484375)]","[(0, 372.837646484375), (1, 338.8700866699219)]","[(0, 15599.7060546875), (1, 11839.177734375)]","[(0, 9222.5068359375), (1, 11387.6669921875)]","[(0, 4319.8564453125), (1, 4268.51904296875)]","[(0, 16390.361328125), (1, 15677.0498046875)]","[(0, 3884.962890625), (1, 3683.49560546875)]","[(0, 4848.869140625), (1, 3061.07275390625)]","[(1, 97.45874741498162), (2, 117.0865249633789), (0, 183.79886067708333), (4, 221.72467447916668), (5, 339.52315848214283), (3, 552.6535456730769)]","[(0, 626.4465942382812), (1, 562.180419921875)]","[(4, 336.5739182692308), (5, 461.9455973307292), (3, 468.0099283854167), (1, 745.0431189903846), (2, 975.4899088541666), (0, 985.35791015625)]","[(0, 2552.100830078125), (1, 1945.877197265625)]","[(4, 42.01557922363281), (1, 47.20507049560547), (5, 58.911834716796875), (2, 68.09246390206474), (3, 71.17371913364956), (0, 82.64701625279018)]","[(0, 1781.6170654296875), (1, 1582.14404296875)]"
298,"[(0, 884.80859375), (1, 876.7933349609375)]","[(0, 1985.6514892578125), (1, 2141.577880859375)]","[(0, 19079.431640625), (1, 13380.6767578125)]","[(0, 5705.43017578125), (1, 6333.86474609375)]","[(0, 3860.318359375), (1, 3733.336669921875)]","[(0, 15137.93359375), (1, 15788.046875)]","[(0, 8011.896484375), (1, 8279.2783203125)]","[(0, 4581.45263671875), (1, 3355.35498046875)]","[(4, 54.384373256138396), (3, 55.24706561748798), (5, 154.20028686523438), (1, 155.34637920673077), (0, 170.7627156575521), (2, 488.37215909090907)]","[(0, 4686.93310546875), (1, 1793.1844482421875)]","[(4, 180.20411900111608), (3, 189.56755183293268), (1, 426.541015625), (5, 454.4789632161458), (0, 469.69873046875), (2, 1276.3608842329545)]","[(0, 2155.8916015625), (1, 1860.2039794921875)]","[(4, 45.97104753766741), (3, 67.74229548527644), (1, 76.39571126302083), (5, 97.360595703125), (0, 135.70805220170453), (2, 202.45716552734376)]","[(0, 11196.2451171875), (1, 7622.974609375)]"
299,"[(0, 1027.1077880859375), (1, 1147.791259765625)]","[(0, 2578.257080078125), (1, 3253.35302734375)]","[(0, 7777.5283203125), (1, 5414.54296875)]","[(0, 15927.693359375), (1, 18820.1953125)]","[(0, 11560.6005859375), (1, 5661.87255859375)]","[(0, 23899.859375), (1, 24483.806640625)]","[(0, 4312.4345703125), (1, 5220.8837890625)]","[(0, 4563.0517578125), (1, 3411.280029296875)]","[(4, 64.14781901041667), (3, 66.77473667689732), (1, 121.50859375), (5, 130.33478252704327), (0, 132.85968017578125), (2, 281.17835411658655)]","[(0, 2619.25732421875), (1, 1606.1329345703125)]","[(1, 218.98878580729166), (4, 240.32506385216345), (2, 251.65494210379464), (0, 312.8770094651442), (5, 387.5622965494792), (3, 560.8679421164773)]","[(0, 1844.5145263671875), (1, 1800.247314453125)]","[(4, 319.03794642857144), (1, 431.7772686298077), (5, 765.66943359375), (3, 792.5701497395834), (2, 800.2335611979166), (0, 852.0684407552084)]","[(0, 8109.81787109375), (1, 6035.25146484375)]"
300,"[(0, 1439.884033203125), (1, 1648.872314453125)]","[(0, 1273.3955078125), (1, 1463.248779296875)]","[(0, 15747.3408203125), (1, 15199.572265625)]","[(0, 3038.62744140625), (1, 3058.910400390625)]","[(0, 10303.6494140625), (1, 4821.14794921875)]","[(0, 21770.783203125), (1, 20238.3515625)]","[(0, 5748.90673828125), (1, 8385.48828125)]","[(0, 6113.02978515625), (1, 5131.17919921875)]","[(1, 63.59103012084961), (4, 72.07217407226562), (2, 111.06633649553571), (0, 127.98899623325893), (5, 128.65705217633928), (3, 145.27617536272322)]","[(0, 3849.671142578125), (1, 4024.402587890625)]","[(2, 207.37890625), (5, 303.93898703835225), (1, 314.4159342447917), (4, 441.0341796875), (0, 679.3632368607955), (3, 1011.6199396306819)]","[(0, 2803.076416015625), (1, 1758.0081787109375)]","[(1, 33.0048828125), (2, 40.69011433919271), (0, 62.444896024816174), (4, 68.33779009650735), (5, 69.0116195678711), (3, 123.991015625)]","[(0, 2099.3701171875), (1, 1761.8038330078125)]"
301,"[(0, 1236.6907958984375), (1, 1262.7052001953125)]","[(0, 1377.750732421875), (1, 1626.7440185546875)]","[(0, 4175.197265625), (1, 5494.7607421875)]","[(0, 5894.89990234375), (1, 7154.68505859375)]","[(0, 5483.6787109375), (1, 4426.11328125)]","[(0, 3300.724365234375), (1, 3072.356201171875)]","[(0, 14576.0263671875), (1, 13756.009765625)]","[(0, 2302.921630859375), (1, 1863.68603515625)]","[(2, 108.42359212239583), (5, 126.97160121372768), (1, 149.741455078125), (4, 173.63250325520832), (0, 191.19886067708333), (3, 214.26714215959822)]","[(0, 3738.160400390625), (1, 2419.330078125)]","[(1, 354.0677490234375), (2, 539.5442165798611), (4, 630.578515625), (0, 636.5939127604166), (5, 1079.2598741319443), (3, 1167.146267361111)]","[(0, 4232.2119140625), (1, 2946.50439453125)]","[(4, 194.87038352272728), (3, 232.7566650390625), (1, 278.4683726917614), (0, 332.931982421875), (5, 368.965869140625), (2, 579.264794921875)]","[(0, 3871.05712890625), (1, 3098.154296875)]"
302,"[(0, 1129.2008056640625), (1, 1195.2635498046875)]","[(0, 600.429931640625), (1, 510.6258850097656)]","[(0, 35013.51953125), (1, 21030.130859375)]","[(0, 4931.74658203125), (1, 5715.63623046875)]","[(0, 2615.828369140625), (1, 2503.455078125)]","[(0, 3426.722412109375), (1, 3590.845458984375)]","[(0, 6561.00732421875), (1, 7711.353515625)]","[(0, 2452.9755859375), (1, 2295.087890625)]","[(1, 59.70818622295673), (2, 74.98612976074219), (4, 88.73630777994792), (0, 116.51894309303977), (5, 121.70087224786931), (3, 192.257177734375)]","[(0, 3186.927490234375), (1, 1658.7772216796875)]","[(2, 223.20361328125), (1, 288.36322021484375), (4, 310.91451590401783), (0, 314.20047433035717), (5, 361.13138521634613), (3, 585.4220784505209)]","[(0, 7557.7685546875), (1, 5637.78271484375)]","[(4, 50.552965436662944), (1, 52.587476457868306), (5, 88.068603515625), (2, 89.19222005208333), (3, 101.18668619791667), (0, 107.40207926432292)]","[(0, 1813.3929443359375), (1, 1708.4759521484375)]"
303,"[(0, 1148.7330322265625), (1, 1063.6182861328125)]","[(0, 4053.909423828125), (1, 4041.818603515625)]","[(0, 12245.541015625), (1, 7253.7138671875)]","[(0, 1895.993408203125), (1, 1980.989013671875)]","[(0, 10345.5654296875), (1, 6335.70166015625)]","[(0, 6621.49658203125), (1, 6945.65087890625)]","[(0, 21605.89453125), (1, 33248.8515625)]","[(0, 3502.849609375), (1, 3099.904052734375)]","[(1, 48.576953125), (4, 79.26059395926339), (2, 88.87669959435097), (0, 103.738037109375), (5, 153.51030476888022), (3, 161.80693562825522)]","[(0, 1155.55419921875), (1, 1390.8846435546875)]","[(4, 544.2431233723959), (2, 571.6121715198864), (1, 700.390625), (0, 702.2352627840909), (5, 732.6805752840909), (3, 845.4359907670455)]","[(0, 1525.484130859375), (1, 1619.2525634765625)]","[(1, 638.4699041193181), (2, 821.60078125), (4, 890.7622514204545), (0, 1219.101953125), (5, 1228.57451171875), (3, 1670.2908203125)]","[(0, 3199.0009765625), (1, 2767.78125)]"
304,"[(0, 1363.510986328125), (1, 1362.779052734375)]","[(0, 5387.953125), (1, 6497.5380859375)]","[(0, 4454.29345703125), (1, 4208.8828125)]","[(0, 6912.16845703125), (1, 6073.16162109375)]","[(0, 7627.068359375), (1, 4472.0341796875)]","[(0, 15400.1826171875), (1, 14441.2734375)]","[(0, 13266.5234375), (1, 18051.09375)]","[(0, 5746.17724609375), (1, 7684.18408203125)]","[(4, 50.461090087890625), (3, 65.29753699669472), (1, 89.1142069498698), (5, 91.04496256510417), (0, 128.40183327414772), (2, 174.0867919921875)]","[(0, 5042.294921875), (1, 4513.50048828125)]","[(1, 144.61283365885416), (2, 159.2183837890625), (4, 282.09554776278407), (5, 366.62705078125), (0, 607.497509765625), (3, 1900.2992621527778)]","[(0, 1626.646240234375), (1, 1008.7220458984375)]","[(2, 41.59478759765625), (1, 42.63302993774414), (0, 83.21059744698661), (5, 90.12482158954327), (4, 148.68961007254464), (3, 199.8829345703125)]","[(0, 21362.69140625), (1, 15412.5537109375)]"
305,"[(0, 1442.518310546875), (1, 1648.428955078125)]","[(0, 2692.2236328125), (1, 2748.4326171875)]","[(0, 6507.8515625), (1, 4718.27685546875)]","[(0, 4524.6884765625), (1, 5309.94775390625)]","[(0, 12510.03125), (1, 7724.72021484375)]","[(0, 4805.2421875), (1, 4769.439453125)]","[(0, 8057.9951171875), (1, 7904.99658203125)]","[(0, 2315.130859375), (1, 1977.587646484375)]","[(1, 242.2201944986979), (4, 258.97602982954544), (0, 317.1383167613636), (2, 320.0136052911932), (3, 357.7269287109375), (5, 362.221630859375)]","[(0, 6488.8193359375), (1, 3853.02099609375)]","[(4, 81.2626220703125), (5, 111.1857158954327), (3, 119.68505859375), (2, 157.4234064275568), (0, 179.0090128580729), (1, 192.79948542668268)]","[(0, 697.193115234375), (1, 650.024658203125)]","[(1, 242.41719563802084), (4, 257.35357666015625), (2, 341.89892578125), (5, 381.8336292613636), (3, 423.13485440340907), (0, 429.09916548295456)]","[(0, 13153.6572265625), (1, 9215.3681640625)]"
306,"[(0, 1174.29345703125), (1, 1155.5816650390625)]","[(0, 1960.460205078125), (1, 1911.69677734375)]","[(0, 23323.142578125), (1, 11374.859375)]","[(0, 1981.3480224609375), (1, 2160.701904296875)]","[(0, 10812.84765625), (1, 6178.07861328125)]","[(0, 4698.17919921875), (1, 4826.32763671875)]","[(0, 4664.44140625), (1, 5053.33349609375)]","[(0, 1850.7750244140625), (1, 2074.38330078125)]","[(1, 45.52117919921875), (4, 45.58482360839844), (2, 73.12559291294643), (5, 74.1793212890625), (3, 82.89345005580357), (0, 86.74046979631696)]","[(0, 2658.399169921875), (1, 1545.4398193359375)]","[(2, 31.74037798713235), (1, 39.182403564453125), (5, 60.93501663208008), (0, 63.849849700927734), (4, 69.27782485064338), (3, 136.46935221354167)]","[(0, 2929.958984375), (1, 2471.9951171875)]","[(2, 40.537632533482146), (1, 43.89405110677083), (5, 78.8279559795673), (0, 110.61516864483173), (4, 148.11288016183036), (3, 228.00630696614584)]","[(0, 17126.98046875), (1, 12100.3134765625)]"
307,"[(0, 1349.5689697265625), (1, 1489.514892578125)]","[(0, 2798.49951171875), (1, 2687.383056640625)]","[(0, 9785.9560546875), (1, 7370.3046875)]","[(0, 25100.13671875), (1, 22043.88671875)]","[(0, 11014.4462890625), (1, 9569.607421875)]","[(0, 19473.095703125), (1, 19846.583984375)]","[(0, 7265.7744140625), (1, 6836.82080078125)]","[(0, 894.4899291992188), (1, 679.0014038085938)]","[(1, 73.11685943603516), (4, 77.41840676700367), (2, 106.70806012834821), (5, 116.2103759765625), (0, 146.52097865513392), (3, 167.94832356770834)]","[(0, 2679.85888671875), (1, 2851.13232421875)]","[(1, 93.0189960186298), (2, 109.5266621907552), (4, 183.8172607421875), (0, 222.7177734375), (5, 238.6101740056818), (3, 580.699609375)]","[(0, 1421.201904296875), (1, 2086.567626953125)]","[(2, 115.64385986328125), (1, 121.598486328125), (4, 177.71132114955358), (5, 192.48615910456732), (0, 292.59705528846155), (3, 463.4825439453125)]","[(0, 3252.689208984375), (1, 2665.276123046875)]"
308,"[(0, 1319.9146728515625), (1, 1534.5745849609375)]","[(0, 5095.76611328125), (1, 6344.69287109375)]","[(0, 9979.375), (1, 7784.69677734375)]","[(0, 19317.005859375), (1, 21162.978515625)]","[(0, 9150.0205078125), (1, 6308.87646484375)]","[(0, 42940.14453125), (1, 37200.1796875)]","[(0, 8322.66796875), (1, 9044.2822265625)]","[(0, 2400.5849609375), (1, 1762.2196044921875)]","[(2, 36.72119140625), (1, 41.688987731933594), (0, 84.32842145647321), (5, 98.92244779146634), (4, 106.78375244140625), (3, 264.7698160807292)]","[(0, 5594.92822265625), (1, 8386.1201171875)]","[(4, 428.4191706730769), (5, 622.2390543619791), (3, 660.7542724609375), (2, 905.5545247395834), (1, 911.4802433894231), (0, 946.846923828125)]","[(0, 9198.185546875), (1, 7505.1279296875)]","[(4, 244.6146036783854), (3, 299.9434259588068), (1, 363.5640869140625), (5, 430.59011008522725), (0, 482.39164595170456), (2, 654.7175071022727)]","[(0, 11862.96875), (1, 8406.0419921875)]"
309,"[(0, 784.2409057617188), (1, 780.5858154296875)]","[(0, 1981.0211181640625), (1, 1913.2080078125)]","[(0, 6363.55712890625), (1, 7275.9326171875)]","[(0, 6752.3125), (1, 3527.48583984375)]","[(0, 6229.37353515625), (1, 4127.06298828125)]","[(0, 6604.14697265625), (1, 6583.2705078125)]","[(0, 9719.1025390625), (1, 14594.7216796875)]","[(0, 5642.4892578125), (1, 5308.82861328125)]","[(4, 192.57696063701923), (1, 254.01594426081732), (3, 264.06072998046875), (5, 276.03582763671875), (0, 359.6747233072917), (2, 371.9097086588542)]","[(0, 2739.8671875), (1, 2469.353759765625)]","[(1, 115.81432233537946), (4, 118.61315046037946), (2, 227.3216349283854), (5, 242.1454874674479), (0, 362.1639811197917), (3, 366.5924072265625)]","[(0, 5863.11572265625), (1, 4333.9443359375)]","[(2, 434.133203125), (4, 448.3307291666667), (1, 449.80868252840907), (5, 486.92165305397725), (0, 1001.85673828125), (3, 1029.759854403409)]","[(0, 37829.5546875), (1, 27174.96875)]"
310,"[(0, 1980.640380859375), (1, 1954.955322265625)]","[(0, 1316.54345703125), (1, 1241.3819580078125)]","[(0, 4686.65576171875), (1, 3739.561767578125)]","[(0, 5123.49267578125), (1, 5948.447265625)]","[(0, 2933.44580078125), (1, 2640.833984375)]","[(0, 6848.31884765625), (1, 6903.716796875)]","[(0, 19344.029296875), (1, 31342.6640625)]","[(0, 7992.63427734375), (1, 5265.12451171875)]","[(4, 88.46562643612133), (5, 110.19767252604167), (3, 121.62353515625), (1, 199.224658203125), (2, 289.48208383413464), (0, 325.744873046875)]","[(0, 4830.29638671875), (1, 4176.83056640625)]","[(4, 126.50093900240384), (3, 181.7772013346354), (1, 226.01371256510416), (5, 296.07657137784093), (0, 398.2645152698864), (2, 605.610595703125)]","[(0, 2991.9375), (1, 2709.5185546875)]","[(4, 223.1659490411932), (5, 238.078515625), (3, 285.1576904296875), (1, 347.6939808238636), (2, 380.4132080078125), (0, 488.629345703125)]","[(0, 3005.81396484375), (1, 2877.781982421875)]"
311,"[(0, 1250.1593017578125), (1, 1202.22509765625)]","[(0, 3783.42236328125), (1, 3839.50439453125)]","[(0, 7289.11474609375), (1, 4664.490234375)]","[(0, 9927.9921875), (1, 9943.8642578125)]","[(0, 1572.2235107421875), (1, 1078.968017578125)]","[(0, 26342.1484375), (1, 27251.033203125)]","[(0, 19008.80078125), (1, 17071.4375)]","[(0, 2468.802734375), (1, 2965.612060546875)]","[(1, 66.56143798828126), (4, 72.10847473144531), (2, 97.04390775240384), (5, 107.25400216238839), (0, 168.281982421875), (3, 180.00941685267858)]","[(0, 4860.67041015625), (1, 6505.96484375)]","[(4, 97.68961588541667), (3, 98.53050885881696), (0, 184.68381911057693), (5, 203.56278170072116), (1, 216.57938058035714), (2, 413.3242594401042)]","[(0, 4097.28564453125), (1, 2604.039306640625)]","[(4, 41.4979133605957), (1, 51.33166144875919), (5, 74.88038853236607), (3, 83.06073869977679), (2, 91.65387369791667), (0, 99.121923828125)]","[(0, 6365.7724609375), (1, 4691.98193359375)]"
312,"[(0, 1022.2978515625), (1, 1083.620361328125)]","[(0, 4620.08984375), (1, 5232.12841796875)]","[(0, 10339.962890625), (1, 7730.13671875)]","[(0, 7706.78076171875), (1, 7909.31689453125)]","[(0, 5995.14208984375), (1, 3664.921142578125)]","[(0, 12975.6279296875), (1, 12968.3408203125)]","[(0, 14156.6875), (1, 15071.138671875)]","[(0, 1862.488525390625), (1, 1970.5484619140625)]","[(2, 77.66756028395433), (1, 90.05446079799107), (5, 107.39946954900569), (4, 118.51145426432292), (0, 138.19927978515625), (3, 234.7326171875)]","[(0, 1980.3798828125), (1, 1758.1976318359375)]","[(2, 90.20689978966347), (1, 170.19503348214286), (5, 217.02001953125), (4, 232.35107421875), (0, 273.10158284505206), (3, 784.3254616477273)]","[(0, 1502.572265625), (1, 932.0470581054688)]","[(1, 368.94267134232956), (2, 428.75224609375), (4, 604.7004616477273), (0, 689.750390625), (5, 742.53623046875), (3, 1080.0162109375)]","[(0, 2448.346923828125), (1, 2046.279052734375)]"
313,"[(0, 1475.7283935546875), (1, 1571.6981201171875)]","[(0, 2661.0234375), (1, 2656.47314453125)]","[(0, 4844.8291015625), (1, 4681.9609375)]","[(0, 17328.65234375), (1, 17797.509765625)]","[(0, 3155.908447265625), (1, 1570.511474609375)]","[(0, 10608.1787109375), (1, 10834.689453125)]","[(0, 29536.123046875), (1, 43573.3671875)]","[(0, 875.7533569335938), (1, 859.6837768554688)]","[(4, 93.9947509765625), (1, 98.98946707589286), (5, 106.30105356069711), (2, 108.73067533052884), (3, 113.91437237079327), (0, 127.56575833834134)]","[(0, 10669.9892578125), (1, 6243.337890625)]","[(4, 706.6509602864584), (2, 748.0796342329545), (1, 830.4305826822916), (0, 950.1133700284091), (5, 954.7374822443181), (3, 1132.9174360795455)]","[(0, 6810.73828125), (1, 3034.162353515625)]","[(1, 266.473388671875), (2, 315.387744140625), (4, 342.4758966619318), (5, 422.632763671875), (0, 685.32255859375), (3, 905.04775390625)]","[(0, 12246.0546875), (1, 9320.892578125)]"
314,"[(0, 798.5479736328125), (1, 881.7406616210938)]","[(0, 1433.677001953125), (1, 1251.081298828125)]","[(0, 6773.4609375), (1, 4635.05078125)]","[(0, 5069.35400390625), (1, 4770.7587890625)]","[(0, 3886.489990234375), (1, 1904.3863525390625)]","[(0, 16076.177734375), (1, 16663.244140625)]","[(0, 16986.82421875), (1, 27427.96484375)]","[(0, 2953.9912109375), (1, 3012.891357421875)]","[(1, 200.74513462611608), (2, 209.66511418269232), (0, 346.7518717447917), (4, 423.5211995442708), (5, 465.06143465909093), (3, 824.43427734375)]","[(0, 4026.302978515625), (1, 2710.0625)]","[(4, 43.02620849609375), (2, 62.95390437199519), (1, 68.02880452473958), (5, 70.41398268479567), (0, 72.97190504807692), (3, 80.70677771935097)]","[(0, 1152.1533203125), (1, 1321.8841552734375)]","[(4, 142.33400181361608), (3, 166.77696814903845), (5, 283.40740966796875), (1, 390.7159830729167), (0, 596.0815873579545), (2, 1117.3248046875)]","[(0, 4062.5283203125), (1, 3711.284912109375)]"
315,"[(0, 1738.3546142578125), (1, 2010.4107666015625)]","[(0, 357.7947692871094), (1, 253.16123962402344)]","[(0, 5123.65380859375), (1, 3369.38720703125)]","[(0, 2452.9521484375), (1, 2110.515380859375)]","[(0, 8137.55322265625), (1, 4206.31884765625)]","[(0, 4421.39599609375), (1, 4187.791015625)]","[(0, 8169.08349609375), (1, 13833.298828125)]","[(0, 3303.558837890625), (1, 2232.909912109375)]","[(3, 52.04256028395433), (4, 57.96730695452009), (5, 90.65404256184895), (1, 110.35453287760417), (0, 114.08881170099431), (2, 214.7690185546875)]","[(0, 6129.3984375), (1, 7721.044921875)]","[(1, 495.6954900568182), (2, 657.232373046875), (4, 674.3631480823864), (0, 894.566796875), (5, 938.19287109375), (3, 1252.04150390625)]","[(0, 2154.474365234375), (1, 1699.81689453125)]","[(1, 158.09954427083332), (2, 188.92417689732142), (4, 276.1477614182692), (0, 287.22081580528845), (5, 369.0925699869792), (3, 550.5188654119319)]","[(0, 4000.643310546875), (1, 3729.57861328125)]"
316,"[(0, 1089.772216796875), (1, 1080.30712890625)]","[(0, 931.6591186523438), (1, 1557.108642578125)]","[(0, 8214.45703125), (1, 5428.80810546875)]","[(0, 7130.802734375), (1, 6629.21728515625)]","[(0, 2825.73876953125), (1, 1831.3458251953125)]","[(0, 7820.74267578125), (1, 7330.509765625)]","[(0, 11818.0048828125), (1, 24035.90625)]","[(0, 2651.166015625), (1, 2754.737060546875)]","[(1, 189.37062290736608), (2, 226.68162184495193), (4, 242.15872628348214), (0, 260.9181565504808), (5, 301.5380859375), (3, 338.93787560096155)]","[(0, 3695.166259765625), (1, 2262.173828125)]","[(2, 122.58055530894886), (5, 166.24339710582387), (4, 168.49970499674478), (0, 208.13219105113637), (1, 215.6558837890625), (3, 272.2621404474432)]","[(0, 5933.5126953125), (1, 8531.5068359375)]","[(1, 485.9697265625), (2, 502.803369140625), (4, 706.9758966619319), (5, 753.9490234375), (0, 1159.07607421875), (3, 1710.969140625)]","[(0, 4810.4736328125), (1, 3848.570068359375)]"
317,"[(0, 1211.3984375), (1, 1510.9180908203125)]","[(0, 967.3333740234375), (1, 1776.383056640625)]","[(0, 5303.0751953125), (1, 3833.017333984375)]","[(0, 1494.6988525390625), (1, 1600.399169921875)]","[(0, 2111.9599609375), (1, 2579.484375)]","[(0, 9272.3603515625), (1, 9726.3994140625)]","[(0, 2676.8154296875), (1, 22057.283203125)]","[(0, 2362.12939453125), (1, 3727.54833984375)]","[(4, 117.80152306189903), (3, 118.38985188802083), (5, 265.8697398792614), (0, 311.960205078125), (1, 314.67840576171875), (2, 764.039111328125)]","[(0, 10804.23046875), (1, 10684.44921875)]","[(4, 151.40675455729166), (3, 195.53166852678572), (5, 378.9854266826923), (0, 415.7841796875), (1, 570.0863211495536), (2, 1124.9717610677083)]","[(0, 708.5546264648438), (1, 724.71240234375)]","[(3, 112.09599609375), (4, 112.58094024658203), (5, 154.07693917410714), (1, 188.41585867745536), (0, 235.45030799278845), (2, 410.9024658203125)]","[(0, 2402.906494140625), (1, 2199.7822265625)]"
318,"[(0, 1567.5001220703125), (1, 1654.0799560546875)]","[(0, 703.6768188476562), (1, 1094.7626953125)]","[(0, 12598.5458984375), (1, 11730.611328125)]","[(0, 11417.4404296875), (1, 6679.55419921875)]","[(0, 2101.27392578125), (1, 2336.5498046875)]","[(0, 11059.04296875), (1, 10700.6005859375)]","[(0, 41668.22265625), (1, 50197.51953125)]","[(0, 4236.1044921875), (1, 3122.465576171875)]","[(4, 84.79132486979167), (3, 98.76254708426339), (1, 129.84325299944197), (0, 165.38484074519232), (5, 170.59461388221155), (2, 305.68194580078125)]","[(0, 2774.418212890625), (1, 4493.51220703125)]","[(4, 393.33004056490387), (5, 470.7095133463542), (3, 531.7442626953125), (1, 548.7723482572115), (2, 652.14697265625), (0, 811.5411783854166)]","[(0, 10765.82421875), (1, 7228.025390625)]","[(1, 74.01092122395833), (3, 75.83000183105469), (4, 96.38483025045956), (5, 101.65589192708333), (0, 110.4361572265625), (2, 145.3371863731971)]","[(0, 17121.75390625), (1, 11371.0302734375)]"
319,"[(0, 2226.4990234375), (1, 2335.37353515625)]","[(0, 452.504638671875), (1, 594.5228881835938)]","[(0, 6800.6328125), (1, 4714.6337890625)]","[(0, 2540.0478515625), (1, 2286.430908203125)]","[(0, 15152.4921875), (1, 7559.72900390625)]","[(0, 10020.201171875), (1, 10492.79296875)]","[(0, 10616.599609375), (1, 9364.98046875)]","[(0, 9884.7890625), (1, 12268.9189453125)]","[(1, 96.66877092633929), (2, 108.6181640625), (4, 121.57559908353366), (5, 165.15090942382812), (0, 216.7317097981771), (3, 305.5088556463068)]","[(0, 2941.642822265625), (1, 3452.557861328125)]","[(4, 424.65849609375), (1, 455.57426313920456), (5, 493.76177300347223), (2, 521.2669921875), (0, 571.121728515625), (3, 603.0588107638889)]","[(0, 860.5347900390625), (1, 674.4849853515625)]","[(1, 49.51769550030048), (2, 82.70699564615886), (0, 83.8360087076823), (3, 87.47325642903645), (5, 92.15187581380208), (4, 97.47242149939903)]","[(0, 13160.107421875), (1, 9389.4833984375)]"
320,"[(0, 1737.150634765625), (1, 1670.1497802734375)]","[(0, 2380.2685546875), (1, 2101.04052734375)]","[(0, 5731.23095703125), (1, 5401.83447265625)]","[(0, 10309.5380859375), (1, 10450.6982421875)]","[(0, 12462.923828125), (1, 5713.73388671875)]","[(0, 2621.454833984375), (1, 2396.752197265625)]","[(0, 5046.5380859375), (1, 5953.634765625)]","[(0, 2650.5087890625), (1, 2783.228515625)]","[(2, 74.26667131696429), (1, 75.38753255208333), (4, 119.41630045572917), (5, 121.87842668805804), (0, 143.61328125), (3, 238.12327223557693)]","[(0, 8337.197265625), (1, 3260.96044921875)]","[(2, 113.48453776041667), (1, 133.10903930664062), (0, 169.06612723214286), (4, 177.46962193080358), (5, 247.63146033653845), (3, 387.4011637369792)]","[(0, 2311.625), (1, 2621.1513671875)]","[(1, 166.53318568638392), (2, 167.44185697115384), (4, 172.5621134440104), (5, 184.11656605113637), (0, 262.48170979817706), (3, 357.48955078125)]","[(0, 15298.8857421875), (1, 10980.89453125)]"
321,"[(0, 854.65234375), (1, 860.5902099609375)]","[(0, 3565.78369140625), (1, 3516.784423828125)]","[(0, 34595.26953125), (1, 30819.802734375)]","[(0, 4196.333984375), (1, 4069.302490234375)]","[(0, 6377.1171875), (1, 4655.71337890625)]","[(0, 9124.115234375), (1, 9722.328125)]","[(0, 9293.58984375), (1, 9909.4892578125)]","[(0, 2149.3427734375), (1, 2182.662109375)]","[(4, 291.3468487079327), (1, 324.06358924278845), (5, 344.848388671875), (2, 374.5986328125), (3, 452.8949381510417), (0, 521.2157796223959)]","[(0, 11728.83203125), (1, 15017.9658203125)]","[(2, 94.55176653180804), (1, 132.24552408854166), (4, 222.6617431640625), (5, 222.8946814903846), (0, 246.72203650841345), (3, 629.090087890625)]","[(0, 1118.3717041015625), (1, 764.3397216796875)]","[(2, 48.353951590401785), (1, 52.239892578125), (5, 90.60493687220982), (4, 128.38798014322916), (0, 138.09184382512018), (3, 276.20254281850964)]","[(0, 11564.1845703125), (1, 7871.00146484375)]"
322,"[(0, 1108.4927978515625), (1, 1223.953369140625)]","[(0, 1789.111328125), (1, 1637.1597900390625)]","[(0, 27925.1953125), (1, 17206.7265625)]","[(0, 3357.736572265625), (1, 2835.12158203125)]","[(0, 6738.333984375), (1, 4740.16455078125)]","[(0, 22176.76953125), (1, 21740.201171875)]","[(0, 6801.15185546875), (1, 7011.26416015625)]","[(0, 4302.55517578125), (1, 4694.80224609375)]","[(2, 62.31515299479167), (1, 67.28485870361328), (5, 78.40831580528847), (4, 81.29538399832589), (0, 117.74717494419643), (3, 154.3035685221354)]","[(0, 1235.4896240234375), (1, 933.8175659179688)]","[(4, 140.12791090745193), (3, 168.19674682617188), (5, 303.9427379261364), (1, 436.13796164772725), (0, 666.256201171875), (2, 1648.0542534722222)]","[(0, 6932.7861328125), (1, 7411.14990234375)]","[(4, 369.6234130859375), (1, 455.0440673828125), (3, 462.17471590909093), (5, 531.4593838778409), (0, 594.2001065340909), (2, 671.5220614346591)]","[(0, 1420.8170166015625), (1, 1286.2052001953125)]"
323,"[(0, 1020.9971313476562), (1, 1060.8623046875)]","[(0, 1183.3099365234375), (1, 1061.0526123046875)]","[(0, 5290.25), (1, 4523.4375)]","[(0, 5478.5556640625), (1, 4543.52880859375)]","[(0, 2283.9150390625), (1, 1971.083251953125)]","[(0, 13839.7900390625), (1, 14696.232421875)]","[(0, 17106.4609375), (1, 15462.43359375)]","[(0, 902.8580322265625), (1, 711.9518432617188)]","[(4, 616.5712483723959), (1, 775.6632486979166), (3, 902.1755149147727), (0, 1128.7514204545455), (5, 1172.0680930397727), (2, 1519.6803977272727)]","[(0, 2213.735107421875), (1, 1342.4171142578125)]","[(1, 223.88146033653845), (2, 243.71858723958334), (0, 531.2445401278409), (4, 671.6213156960227), (5, 845.90625), (3, 2383.6091579861113)]","[(0, 2200.607666015625), (1, 2649.17822265625)]","[(4, 251.3076171875), (5, 326.955810546875), (3, 348.0838068181818), (1, 552.8575032552084), (2, 761.4749644886364), (0, 809.0567294034091)]","[(0, 25052.09375), (1, 16910.2109375)]"
324,"[(0, 1083.5340576171875), (1, 1236.4761962890625)]","[(0, 330.98358154296875), (1, 257.81207275390625)]","[(0, 2242.891845703125), (1, 1640.0313720703125)]","[(0, 10684.1943359375), (1, 9600.3857421875)]","[(0, 1475.23583984375), (1, 1366.3714599609375)]","[(0, 6095.1875), (1, 6140.4384765625)]","[(0, 7638.22705078125), (1, 8662.818359375)]","[(0, 1393.6834716796875), (1, 1698.7764892578125)]","[(4, 19.549468994140625), (5, 21.901424407958984), (3, 25.116453282973346), (1, 30.517247817095587), (2, 33.08172607421875), (0, 38.47518539428711)]","[(0, 5576.4755859375), (1, 2956.414794921875)]","[(2, 566.7821514423077), (4, 568.7927058293269), (0, 633.3225661057693), (1, 754.9097377232143), (3, 864.5428059895834), (5, 864.8314615885416)]","[(0, 2183.151611328125), (1, 1485.132568359375)]","[(1, 484.6437174479167), (2, 520.03857421875), (4, 571.7451578776041), (5, 634.2527077414773), (0, 997.4533025568181), (3, 1188.806640625)]","[(0, 3641.078369140625), (1, 3370.51513671875)]"
325,"[(0, 1362.5926513671875), (1, 1360.319091796875)]","[(0, 1077.599365234375), (1, 1765.256591796875)]","[(0, 15071.06640625), (1, 17623.76171875)]","[(0, 2438.612060546875), (1, 3751.767822265625)]","[(0, 12758.7412109375), (1, 5801.083984375)]","[(0, 4075.0888671875), (1, 4559.2373046875)]","[(0, 16382.859375), (1, 17349.634765625)]","[(0, 1467.109619140625), (1, 1631.350341796875)]","[(4, 59.993438720703125), (3, 72.4125225360577), (5, 139.13176472981772), (1, 173.4109903971354), (0, 221.9400301846591), (2, 536.56376953125)]","[(0, 5874.37109375), (1, 4861.16162109375)]","[(2, 79.813232421875), (1, 92.48237161075367), (4, 98.51797305836396), (0, 120.950927734375), (5, 137.18396809895833), (3, 202.18953450520834)]","[(0, 2845.48095703125), (1, 2000.1517333984375)]","[(2, 83.95371791294643), (1, 85.13134765625), (4, 137.66019984654017), (5, 141.21656212439905), (0, 206.37126277043268), (3, 380.4508870442708)]","[(0, 4758.84375), (1, 4223.99072265625)]"
326,"[(0, 1222.65478515625), (1, 1203.6683349609375)]","[(0, 1357.7554931640625), (1, 2484.202880859375)]","[(0, 9901.734375), (1, 7603.0888671875)]","[(0, 6777.82275390625), (1, 8113.79345703125)]","[(0, 10790.4736328125), (1, 4727.0595703125)]","[(0, 11200.0693359375), (1, 11172.33203125)]","[(0, 11376.76953125), (1, 12627.1005859375)]","[(0, 8380.603515625), (1, 8648.875)]","[(4, 32.30021286010742), (3, 37.96167805989583), (5, 70.27130562918526), (1, 76.76333182198661), (0, 99.7116229717548), (2, 196.13616943359375)]","[(0, 1814.1558837890625), (1, 1015.5216674804688)]","[(1, 490.06112393465907), (2, 636.40302734375), (4, 742.5037286931819), (5, 1021.04384765625), (0, 1028.67822265625), (3, 1623.05673828125)]","[(0, 2004.8544921875), (1, 2035.0518798828125)]","[(4, 273.2868245442708), (3, 318.82985617897725), (5, 431.0416370738636), (1, 590.6875), (0, 744.7205255681819), (2, 897.3180930397727)]","[(0, 2562.750732421875), (1, 2377.54833984375)]"
327,"[(0, 1471.1251220703125), (1, 1473.5535888671875)]","[(0, 883.2459106445312), (1, 1353.27685546875)]","[(0, 10467.49609375), (1, 6274.5615234375)]","[(0, 2793.99951171875), (1, 2646.876220703125)]","[(0, 7334.4326171875), (1, 5205.74951171875)]","[(0, 3553.3798828125), (1, 3318.03564453125)]","[(0, 12908.6318359375), (1, 12395.84375)]","[(0, 926.3888549804688), (1, 875.3312377929688)]","[(4, 371.4340413411458), (3, 511.96928267045456), (1, 532.394775390625), (5, 633.9310191761364), (0, 763.1012073863636), (2, 955.8571555397727)]","[(0, 3013.39990234375), (1, 3153.8232421875)]","[(1, 611.8781072443181), (2, 655.815478515625), (0, 1039.5580078125), (4, 1065.3324381510417), (5, 1231.7702414772727), (3, 1509.043856534091)]","[(0, 1356.38037109375), (1, 1348.3397216796875)]","[(4, 54.04815673828125), (3, 57.462921142578125), (1, 115.54576619466145), (5, 122.93210671164773), (0, 123.36452414772727), (2, 340.1239013671875)]","[(0, 14278.8818359375), (1, 10541.17578125)]"
328,"[(0, 1218.1263427734375), (1, 1271.1968994140625)]","[(0, 855.1610717773438), (1, 1326.3531494140625)]","[(0, 6844.2314453125), (1, 4452.51806640625)]","[(0, 3412.43505859375), (1, 4502.66650390625)]","[(0, 6328.50341796875), (1, 4053.38720703125)]","[(0, 2183.56494140625), (1, 2431.14208984375)]","[(0, 9653.294921875), (1, 10488.7900390625)]","[(0, 1548.12158203125), (1, 1942.844482421875)]","[(4, 64.26221575055804), (3, 79.09717735877403), (5, 117.60467529296875), (1, 180.175537109375), (0, 245.68044211647728), (2, 398.838037109375)]","[(0, 1013.0255737304688), (1, 847.3150634765625)]","[(1, 121.12303670247395), (2, 144.2944003018466), (4, 193.06773792613637), (5, 238.410009765625), (0, 328.993896484375), (3, 669.9468858506945)]","[(0, 835.7998657226562), (1, 543.0560913085938)]","[(4, 156.61844889322916), (5, 179.61814186789772), (3, 224.39757191051137), (1, 260.47804768880206), (2, 310.89042524857956), (0, 402.26762251420456)]","[(0, 2259.6328125), (1, 2048.519775390625)]"
329,"[(0, 1169.1441650390625), (1, 1392.6080322265625)]","[(0, 400.6282043457031), (1, 311.2064514160156)]","[(0, 13382.6416015625), (1, 9859.4169921875)]","[(0, 19948.046875), (1, 16740.416015625)]","[(0, 6928.19921875), (1, 3800.53466796875)]","[(0, 16991.865234375), (1, 17909.609375)]","[(0, 21057.525390625), (1, 24168.787109375)]","[(0, 2881.787353515625), (1, 2712.648193359375)]","[(2, 136.7456787109375), (1, 142.34849964488637), (5, 199.65966796875), (4, 207.61883544921875), (0, 273.021875), (3, 369.5123845880682)]","[(0, 6484.853515625), (1, 2727.066162109375)]","[(4, 30.523579915364582), (5, 35.68040466308594), (3, 37.60299862132353), (2, 57.696864536830354), (0, 62.1055419921875), (1, 74.80146026611328)]","[(0, 4048.99072265625), (1, 3796.85400390625)]","[(1, 224.65072195870536), (2, 352.58852914663464), (0, 358.24755859375), (4, 409.1058872767857), (5, 413.2541691706731), (3, 419.67386568509613)]","[(0, 1614.46337890625), (1, 1474.52978515625)]"
330,"[(0, 1260.1337890625), (1, 1272.2520751953125)]","[(0, 1179.021484375), (1, 2294.104248046875)]","[(0, 3929.325927734375), (1, 3479.825927734375)]","[(0, 3494.044921875), (1, 3983.5869140625)]","[(0, 4885.3798828125), (1, 3169.16064453125)]","[(0, 16886.875), (1, 16349.8173828125)]","[(0, 11974.3134765625), (1, 12642.7294921875)]","[(0, 1935.81103515625), (1, 1832.42724609375)]","[(4, 83.25654820033482), (1, 91.43181966145833), (3, 116.35182698567708), (0, 142.48717322716345), (5, 176.84993489583334), (2, 192.83075420673077)]","[(0, 4844.9169921875), (1, 4077.755615234375)]","[(4, 586.387060546875), (1, 610.195703125), (5, 1059.5777994791667), (2, 1093.0914713541667), (3, 1175.701388888889), (0, 1238.1188151041667)]","[(0, 2369.312744140625), (1, 3148.675537109375)]","[(3, 53.146658761160715), (4, 73.51396484375), (5, 82.91542405348558), (1, 91.72092110770089), (0, 124.18096454326923), (2, 209.9619344075521)]","[(0, 1723.6328125), (1, 1518.9102783203125)]"
331,"[(0, 1187.617919921875), (1, 1189.070068359375)]","[(0, 569.954345703125), (1, 778.6007080078125)]","[(0, 25104.3984375), (1, 23701.34375)]","[(0, 4976.046875), (1, 5078.74658203125)]","[(0, 3367.096923828125), (1, 4311.904296875)]","[(0, 10104.8701171875), (1, 10416.66796875)]","[(0, 18937.654296875), (1, 29247.91796875)]","[(0, 2233.6279296875), (1, 2372.738525390625)]","[(4, 35.22580759148849), (5, 36.06033863740809), (3, 38.161902533637154), (2, 43.53565266927083), (1, 44.34446447035845), (0, 51.58705139160156)]","[(0, 3851.397216796875), (1, 5598.728515625)]","[(1, 315.1752232142857), (2, 359.6071965144231), (4, 595.1370035807291), (0, 607.7947998046875), (5, 759.8717151988636), (3, 1375.45537109375)]","[(0, 2252.917236328125), (1, 2983.0029296875)]","[(2, 52.74128136268029), (1, 57.37113298688616), (4, 169.45177205403647), (0, 178.45452880859375), (5, 182.07152210582387), (3, 794.5423828125)]","[(0, 15952.091796875), (1, 12314.0966796875)]"
332,"[(0, 1781.656982421875), (1, 1750.23681640625)]","[(0, 347.8761901855469), (1, 230.8873291015625)]","[(0, 6420.95166015625), (1, 3743.48681640625)]","[(0, 2923.493408203125), (1, 3231.12158203125)]","[(0, 11368.677734375), (1, 6737.17724609375)]","[(0, 8372.0244140625), (1, 8915.6455078125)]","[(0, 13384.2490234375), (1, 16759.77734375)]","[(0, 3372.26416015625), (1, 2298.808349609375)]","[(4, 501.06338778409093), (1, 703.6087979403409), (5, 716.98349609375), (3, 718.28173828125), (2, 1030.48974609375), (0, 1057.89921875)]","[(0, 2403.51953125), (1, 1311.0963134765625)]","[(1, 173.82975886418268), (2, 209.9386189778646), (4, 279.9897054036458), (5, 374.2208806818182), (0, 477.20192649147725), (3, 900.65908203125)]","[(0, 7690.4814453125), (1, 6584.6767578125)]","[(4, 72.82774251302084), (3, 96.87118966238839), (5, 145.93830754206732), (1, 201.27093975360577), (0, 304.99648030598956), (2, 602.3900923295455)]","[(0, 3348.309814453125), (1, 2680.416015625)]"
333,"[(0, 970.868896484375), (1, 985.14501953125)]","[(0, 1037.4918212890625), (1, 1508.0806884765625)]","[(0, 2657.5791015625), (1, 2057.753662109375)]","[(0, 2011.69384765625), (1, 2665.433837890625)]","[(0, 10233.357421875), (1, 5872.46142578125)]","[(0, 22185.37890625), (1, 23052.27734375)]","[(0, 14316.7060546875), (1, 12838.431640625)]","[(0, 1388.4168701171875), (1, 1406.6888427734375)]","[(1, 224.69340006510416), (2, 270.4730779474432), (0, 330.5087224786932), (4, 340.1875), (5, 419.9593394886364), (3, 517.1951349431819)]","[(0, 6822.7841796875), (1, 3080.2041015625)]","[(4, 173.3883260091146), (3, 187.4122647372159), (5, 243.3347833806818), (0, 285.0171564275568), (2, 341.59550337357956), (1, 345.4612630208333)]","[(0, 1518.4178466796875), (1, 1372.728271484375)]","[(1, 79.08274623325893), (3, 126.64402669270834), (0, 131.66655085637018), (5, 143.5808367047991), (4, 155.23023986816406), (2, 157.54301961263022)]","[(0, 7512.3173828125), (1, 6224.5390625)]"
334,"[(0, 2650.8486328125), (1, 3036.00341796875)]","[(0, 1448.3228759765625), (1, 2390.34130859375)]","[(0, 27073.642578125), (1, 14962.4697265625)]","[(0, 4934.40478515625), (1, 6205.6728515625)]","[(0, 5669.41064453125), (1, 5150.55517578125)]","[(0, 8681.998046875), (1, 7971.525390625)]","[(0, 7289.40673828125), (1, 8607.85546875)]","[(0, 1654.52099609375), (1, 2849.67919921875)]","[(1, 59.3418954702524), (2, 64.71724955240886), (4, 96.99522908528645), (5, 112.17701305042614), (0, 167.85880903764203), (3, 319.2902099609375)]","[(0, 3336.8466796875), (1, 2427.604248046875)]","[(4, 236.08644321986608), (3, 372.5647160456731), (1, 403.1478678385417), (5, 415.5549723307292), (2, 740.037890625), (0, 817.4273792613636)]","[(0, 2095.22265625), (1, 1311.16943359375)]","[(1, 42.60403060913086), (4, 52.59302978515625), (2, 80.99500383649554), (0, 98.66783796037946), (5, 101.60284893329327), (3, 120.80690354567308)]","[(0, 17324.537109375), (1, 11044.013671875)]"
335,"[(0, 1520.5450439453125), (1, 1646.8489990234375)]","[(0, 858.9691772460938), (1, 1199.19873046875)]","[(0, 10139.45703125), (1, 9941.986328125)]","[(0, 7643.0439453125), (1, 7788.97412109375)]","[(0, 1512.3408203125), (1, 1563.9141845703125)]","[(0, 9890.64453125), (1, 9115.3828125)]","[(0, 14471.5068359375), (1, 17432.61328125)]","[(0, 3755.5263671875), (1, 3101.450439453125)]","[(4, 40.61675666360294), (3, 44.58232498168945), (5, 47.409419759114584), (1, 77.6537353515625), (2, 98.48394305889423), (0, 98.67203194754464)]","[(0, 7712.72900390625), (1, 6675.72705078125)]","[(4, 179.92631022135416), (3, 232.8310546875), (5, 392.6363037109375), (1, 398.59965376420456), (0, 534.59931640625), (2, 959.2775607638889)]","[(0, 1374.3624267578125), (1, 1244.6578369140625)]","[(2, 54.30543400691106), (1, 63.852940150669646), (5, 158.07399680397728), (4, 161.15259806315103), (0, 192.31026204427084), (3, 544.723974609375)]","[(0, 11495.2529296875), (1, 7145.63623046875)]"
336,"[(0, 1730.95654296875), (1, 1883.2230224609375)]","[(0, 606.970458984375), (1, 748.0574951171875)]","[(0, 20130.90234375), (1, 15633.6171875)]","[(0, 6200.06494140625), (1, 6330.56787109375)]","[(0, 1435.33154296875), (1, 894.8782348632812)]","[(0, 9517.1669921875), (1, 10594.5810546875)]","[(0, 4777.7109375), (1, 6567.35498046875)]","[(0, 679.08203125), (1, 701.1968994140625)]","[(4, 55.00192081227022), (3, 62.9868049621582), (5, 104.6647216796875), (1, 135.6554443359375), (0, 187.88975306919642), (2, 322.3762394831731)]","[(0, 9490.05859375), (1, 9038.2646484375)]","[(1, 546.53115234375), (4, 632.805078125), (0, 941.2987196180555), (2, 943.3962673611111), (3, 1061.8589409722222), (5, 1145.3828125)]","[(0, 3625.451171875), (1, 3585.462890625)]","[(1, 20.890138753255208), (2, 25.76356154221755), (4, 34.72351888020833), (0, 45.8604971078726), (5, 47.06655649038461), (3, 84.15993088942308)]","[(0, 21347.580078125), (1, 13875.037109375)]"
337,"[(0, 1678.11181640625), (1, 1792.150146484375)]","[(0, 558.2237548828125), (1, 410.45501708984375)]","[(0, 4966.69287109375), (1, 3406.338623046875)]","[(0, 6665.37060546875), (1, 7111.1962890625)]","[(0, 10163.3896484375), (1, 5820.6572265625)]","[(0, 24239.791015625), (1, 24967.087890625)]","[(0, 9639.3857421875), (1, 7609.6171875)]","[(0, 2836.77392578125), (1, 3393.285400390625)]","[(4, 125.37962928185097), (1, 130.29110013521634), (3, 171.48978678385416), (5, 179.1087443033854), (2, 182.54398600260416), (0, 189.32470703125)]","[(0, 8956.7744140625), (1, 8046.66015625)]","[(4, 34.11675262451172), (5, 52.523123604910715), (3, 53.13104684012277), (2, 56.264857700892854), (0, 57.759813581194194), (1, 59.45951461791992)]","[(0, 5839.43896484375), (1, 3042.458251953125)]","[(4, 65.94731852213542), (1, 88.99798114483173), (3, 99.11798095703125), (0, 145.13038126627603), (5, 148.68816669170673), (2, 193.7176846590909)]","[(0, 3809.090576171875), (1, 2928.51220703125)]"
338,"[(0, 1170.32666015625), (1, 1095.263427734375)]","[(0, 1034.2862548828125), (1, 1808.0604248046875)]","[(0, 18908.2578125), (1, 15392.298828125)]","[(0, 1819.697265625), (1, 2434.330810546875)]","[(0, 8447.146484375), (1, 4100.49853515625)]","[(0, 14529.5185546875), (1, 13215.1796875)]","[(0, 14390.6806640625), (1, 16606.71875)]","[(0, 729.6351318359375), (1, 580.4669799804688)]","[(4, 97.57931698069854), (1, 102.36084702435662), (5, 159.09376627604166), (2, 167.53113606770833), (3, 183.484228515625), (0, 200.23038736979166)]","[(0, 5404.67919921875), (1, 5740.240234375)]","[(2, 28.882503509521484), (5, 40.844303385416666), (4, 51.06098175048828), (1, 52.291877297794116), (0, 79.38152669270833), (3, 124.897216796875)]","[(0, 4703.63525390625), (1, 3366.438720703125)]","[(1, 251.78456333705358), (2, 299.85877403846155), (0, 382.3489332932692), (5, 383.09168419471155), (3, 488.54552283653845), (4, 606.6090262276786)]","[(0, 14794.7685546875), (1, 9568.849609375)]"
339,"[(0, 1929.0531005859375), (1, 2250.917724609375)]","[(0, 1345.3212890625), (1, 2741.551513671875)]","[(0, 13104.5634765625), (1, 11966.7568359375)]","[(0, 5026.95458984375), (1, 4583.89599609375)]","[(0, 9625.146484375), (1, 6168.935546875)]","[(0, 5604.92041015625), (1, 5596.59326171875)]","[(0, 15577.2431640625), (1, 21657.6953125)]","[(0, 1148.3167724609375), (1, 1053.884765625)]","[(2, 41.5356689453125), (1, 43.30264663696289), (4, 70.91131591796875), (0, 71.69094412667411), (5, 71.83972637469952), (3, 146.943115234375)]","[(0, 3259.25341796875), (1, 6288.8974609375)]","[(4, 87.22838338216145), (3, 108.3538818359375), (1, 128.89528586647728), (5, 187.79072265625), (0, 188.3991943359375), (2, 320.4087727864583)]","[(0, 1501.260986328125), (1, 1456.8243408203125)]","[(1, 42.871036783854166), (2, 59.02643761268029), (4, 65.90091959635417), (0, 84.72901329627403), (5, 97.46367938701923), (3, 134.85950646033655)]","[(0, 2171.907470703125), (1, 1882.767822265625)]"
340,"[(0, 2191.63525390625), (1, 2187.35791015625)]","[(0, 887.7333984375), (1, 1489.109375)]","[(0, 7973.06103515625), (1, 4939.13623046875)]","[(0, 6308.79296875), (1, 4447.76513671875)]","[(0, 8183.0556640625), (1, 5201.00537109375)]","[(0, 4570.87841796875), (1, 4661.5732421875)]","[(0, 17781.73046875), (1, 26994.830078125)]","[(0, 2106.94482421875), (1, 2483.5322265625)]","[(1, 91.92019653320312), (2, 95.61036783854166), (0, 158.18699428013392), (4, 198.78006417410714), (5, 214.08918644831732), (3, 384.8962809244792)]","[(0, 3869.80615234375), (1, 4681.072265625)]","[(2, 648.97041015625), (1, 663.4840198863636), (5, 926.23642578125), (4, 931.34375), (0, 1425.2162109375), (3, 1938.56015625)]","[(0, 2386.6455078125), (1, 3306.22509765625)]","[(1, 76.69222259521484), (2, 106.195556640625), (4, 160.16429036458334), (0, 169.45417131696428), (5, 184.72295270647322), (3, 255.048828125)]","[(0, 16254.4521484375), (1, 11747.5048828125)]"
341,"[(0, 1246.6934814453125), (1, 1215.7459716796875)]","[(0, 863.8011474609375), (1, 1267.4315185546875)]","[(0, 8095.75341796875), (1, 6207.294921875)]","[(0, 5390.28662109375), (1, 3591.982421875)]","[(0, 3548.357666015625), (1, 3718.82080078125)]","[(0, 16918.826171875), (1, 18618.71484375)]","[(0, 14873.1123046875), (1, 21066.0625)]","[(0, 1831.2724609375), (1, 944.4556884765625)]","[(1, 144.72770182291666), (2, 169.3172607421875), (0, 296.1008864182692), (4, 311.37269810267856), (5, 400.2139423076923), (3, 633.3568929036459)]","[(0, 951.6422119140625), (1, 621.0509643554688)]","[(4, 32.00440979003906), (5, 52.228424072265625), (1, 56.823445638020836), (3, 60.900033133370535), (2, 61.30237755408654), (0, 75.82333139272836)]","[(0, 1277.2412109375), (1, 1086.202880859375)]","[(1, 144.60899939903845), (5, 166.52901204427084), (4, 166.77824519230768), (2, 175.13663736979166), (3, 258.9873860677083), (0, 289.7123616536458)]","[(0, 2693.39990234375), (1, 2368.266845703125)]"
342,"[(0, 1128.0108642578125), (1, 1128.6522216796875)]","[(0, 625.177734375), (1, 487.76959228515625)]","[(0, 1180.787109375), (1, 1429.035888671875)]","[(0, 21799.892578125), (1, 15245.912109375)]","[(0, 2912.655517578125), (1, 2658.03564453125)]","[(0, 17496.15234375), (1, 17121.982421875)]","[(0, 17441.009765625), (1, 22357.462890625)]","[(0, 2065.718994140625), (1, 1843.476806640625)]","[(1, 81.00082632211539), (4, 102.41866048177083), (2, 102.71498616536458), (5, 137.75412819602272), (0, 156.77280495383522), (3, 228.4705810546875)]","[(0, 1894.2529296875), (1, 1688.2027587890625)]","[(4, 767.97294921875), (3, 777.6701388888889), (5, 1020.2218967013889), (1, 1277.76630859375), (0, 1486.0159505208333), (2, 1704.5985243055557)]","[(0, 1321.10205078125), (1, 980.1212158203125)]","[(1, 84.12441184303977), (2, 88.68876342773437), (0, 186.1904296875), (4, 223.20391845703125), (5, 236.1969549005682), (3, 451.6716974431818)]","[(0, 25247.20703125), (1, 16390.283203125)]"
343,"[(0, 1193.4678955078125), (1, 1271.0914306640625)]","[(0, 1828.5701904296875), (1, 1605.15283203125)]","[(0, 6317.85986328125), (1, 4443.474609375)]","[(0, 15995.875), (1, 11657.49609375)]","[(0, 12759.08203125), (1, 7082.8984375)]","[(0, 4971.3564453125), (1, 5464.34716796875)]","[(0, 36542.1171875), (1, 54867.625)]","[(0, 2358.444580078125), (1, 1725.0963134765625)]","[(4, 256.2775213068182), (1, 292.732421875), (3, 319.330419921875), (0, 380.1926513671875), (5, 404.9388427734375), (2, 464.4994140625)]","[(0, 21133.2109375), (1, 12465.859375)]","[(4, 64.3889389038086), (1, 79.69039154052734), (2, 105.8748779296875), (5, 107.95107596261161), (3, 153.17633928571428), (0, 154.72821916852678)]","[(0, 5594.77880859375), (1, 5039.41552734375)]","[(1, 140.43500225360577), (2, 151.7647705078125), (5, 180.74458821614584), (4, 236.82354266826923), (0, 289.0252278645833), (3, 343.1725667317708)]","[(0, 2290.7275390625), (1, 2244.52783203125)]"
344,"[(0, 1635.4549560546875), (1, 1882.1754150390625)]","[(0, 3903.8076171875), (1, 3879.74609375)]","[(0, 3009.18994140625), (1, 2781.92822265625)]","[(0, 4822.9228515625), (1, 5288.06640625)]","[(0, 14087.7041015625), (1, 8337.9208984375)]","[(0, 2346.493408203125), (1, 2526.829345703125)]","[(0, 32720.892578125), (1, 47790.71484375)]","[(0, 3831.708984375), (1, 4063.833984375)]","[(1, 95.16295447716347), (2, 97.89072672526042), (4, 188.93998209635416), (5, 218.4186345880682), (0, 232.580078125), (3, 579.954638671875)]","[(0, 1368.292236328125), (1, 931.0240478515625)]","[(4, 416.638330078125), (1, 501.51420454545456), (5, 544.8484157986111), (3, 593.4007703993055), (2, 642.4001953125), (0, 752.119873046875)]","[(0, 1018.5487670898438), (1, 776.5944213867188)]","[(1, 138.07528250558036), (3, 192.41704852764423), (4, 192.50416782924108), (0, 204.72064678485577), (5, 209.91770582932693), (2, 221.43592247596155)]","[(0, 2390.645751953125), (1, 2253.260986328125)]"
345,"[(0, 1800.808837890625), (1, 2089.79296875)]","[(0, 1515.0888671875), (1, 1416.7005615234375)]","[(0, 2794.37890625), (1, 2086.10205078125)]","[(0, 3147.903564453125), (1, 3044.080322265625)]","[(0, 1705.6571044921875), (1, 1023.7246704101562)]","[(0, 2794.035400390625), (1, 2635.55029296875)]","[(0, 21989.37890625), (1, 19729.431640625)]","[(0, 1193.6142578125), (1, 1168.6910400390625)]","[(1, 135.45404522235577), (2, 145.50871785481772), (0, 263.95951704545456), (4, 269.28065999348956), (5, 306.9099786931818), (3, 722.532421875)]","[(0, 3653.07421875), (1, 2471.418701171875)]","[(4, 279.61160982572113), (3, 391.8485107421875), (1, 620.9775797526041), (5, 639.2760120738636), (0, 977.3038884943181), (2, 1722.9994140625)]","[(0, 2027.2059326171875), (1, 1478.2088623046875)]","[(4, 76.37793646918402), (1, 98.38624572753906), (3, 103.90151798023896), (5, 114.85916137695312), (0, 147.619091796875), (2, 176.18917410714286)]","[(0, 2217.6103515625), (1, 1640.5889892578125)]"
346,"[(0, 1358.8870849609375), (1, 1373.3365478515625)]","[(0, 967.4694213867188), (1, 909.38623046875)]","[(0, 4510.93994140625), (1, 4651.78955078125)]","[(0, 3453.078125), (1, 3655.395263671875)]","[(0, 6990.97314453125), (1, 3505.96142578125)]","[(0, 9002.16796875), (1, 8702.46484375)]","[(0, 4565.92919921875), (1, 4919.23291015625)]","[(0, 1452.041748046875), (1, 2205.750244140625)]","[(1, 220.79903738839286), (2, 229.41011868990384), (4, 280.19268798828125), (5, 299.756103515625), (0, 402.8922526041667), (3, 560.550830078125)]","[(0, 3141.405029296875), (1, 3259.6171875)]","[(2, 198.3536376953125), (1, 213.1150841346154), (5, 318.6629527698864), (4, 330.4005940755208), (0, 524.5663618607955), (3, 878.168359375)]","[(0, 2559.382568359375), (1, 2499.4150390625)]","[(1, 51.5238037109375), (2, 56.68507385253906), (4, 83.4020284016927), (5, 95.64146839488636), (0, 186.2399014559659), (3, 330.7903076171875)]","[(0, 25437.43359375), (1, 17820.96484375)]"
347,"[(0, 1370.7071533203125), (1, 1360.085693359375)]","[(0, 237.586669921875), (1, 171.15335083007812)]","[(0, 8546.279296875), (1, 4968.3369140625)]","[(0, 3580.754150390625), (1, 5969.61669921875)]","[(0, 9780.0126953125), (1, 5573.556640625)]","[(0, 4495.37255859375), (1, 4616.04248046875)]","[(0, 32444.345703125), (1, 39679.375)]","[(0, 2091.68017578125), (1, 1587.43896484375)]","[(4, 80.74961224724265), (3, 105.40280151367188), (5, 131.215576171875), (1, 142.31306966145834), (0, 212.44464983258928), (2, 299.35560021033655)]","[(0, 7021.71630859375), (1, 2820.5693359375)]","[(4, 305.441259765625), (5, 397.99815538194446), (3, 401.81190321180554), (1, 420.71333451704544), (2, 538.62119140625), (0, 597.03115234375)]","[(0, 4389.99755859375), (1, 4429.10693359375)]","[(4, 96.55173903245192), (3, 130.67073567708334), (1, 166.1085205078125), (5, 214.9829767400568), (0, 253.71644176136363), (2, 507.06787109375)]","[(0, 1928.960205078125), (1, 1738.6795654296875)]"
348,"[(0, 849.496826171875), (1, 932.0145874023438)]","[(0, 239.87095642089844), (1, 165.49659729003906)]","[(0, 2010.15380859375), (1, 1588.8953857421875)]","[(0, 3734.639892578125), (1, 4594.28564453125)]","[(0, 7761.02099609375), (1, 4139.83447265625)]","[(0, 17299.42578125), (1, 19526.11328125)]","[(0, 16998.0234375), (1, 23711.109375)]","[(0, 6434.05712890625), (1, 4530.71630859375)]","[(4, 88.03338153545673), (3, 115.62430826822917), (1, 136.65630086263022), (5, 170.99080033735797), (0, 184.5233154296875), (2, 296.14716796875)]","[(0, 427.8017883300781), (1, 355.01953125)]","[(2, 212.5908203125), (0, 269.58669026692706), (4, 316.12168666294644), (1, 316.29503455528845), (5, 379.9397160456731), (3, 400.548828125)]","[(0, 2334.458251953125), (1, 1549.566162109375)]","[(1, 36.367225646972656), (4, 43.03314208984375), (5, 53.566785539899556), (2, 60.18518502371652), (3, 66.96700613839286), (0, 73.57813371930804)]","[(0, 4611.59423828125), (1, 4150.345703125)]"
349,"[(0, 1938.000732421875), (1, 2121.323974609375)]","[(0, 4347.67578125), (1, 4814.53564453125)]","[(0, 6856.12158203125), (1, 6508.626953125)]","[(0, 5621.90673828125), (1, 4602.35009765625)]","[(0, 4392.02880859375), (1, 4384.6044921875)]","[(0, 18994.8828125), (1, 16979.06640625)]","[(0, 11024.619140625), (1, 14961.0146484375)]","[(0, 1647.154541015625), (1, 1624.5533447265625)]","[(1, 56.527733696831596), (2, 71.86400604248047), (4, 85.59255642361111), (0, 89.5589370727539), (5, 115.5496826171875), (3, 145.59860229492188)]","[(0, 3925.438232421875), (1, 2445.917236328125)]","[(1, 209.4703369140625), (2, 233.2967196377841), (0, 530.64599609375), (4, 571.7850230823864), (5, 682.221826171875), (3, 2035.1820746527778)]","[(0, 5209.220703125), (1, 4499.72607421875)]","[(2, 33.6385258265904), (1, 33.708638509114586), (5, 35.715850830078125), (4, 36.07010105678013), (0, 108.21059945913461), (3, 124.17519124348958)]","[(0, 1723.664794921875), (1, 1279.7279052734375)]"
350,"[(0, 817.920166015625), (1, 862.9212646484375)]","[(0, 6349.69873046875), (1, 7677.9501953125)]","[(0, 5631.85546875), (1, 4060.61474609375)]","[(0, 2024.0010986328125), (1, 2538.714599609375)]","[(0, 6242.45654296875), (1, 5554.130859375)]","[(0, 4239.29736328125), (1, 4182.015625)]","[(0, 13955.935546875), (1, 21663.189453125)]","[(0, 3976.379150390625), (1, 4096.29296875)]","[(4, 66.46164812360492), (3, 66.85450157752403), (5, 166.85664876302084), (1, 230.20377604166666), (0, 244.1199618252841), (2, 708.06630859375)]","[(0, 1913.085693359375), (1, 1471.1510009765625)]","[(2, 136.42666829427083), (1, 143.97796630859375), (0, 265.43251255580356), (4, 286.091552734375), (5, 351.99620643028845), (3, 779.242919921875)]","[(0, 1714.1693115234375), (1, 1865.6351318359375)]","[(1, 388.4688720703125), (4, 489.8564453125), (2, 541.8375799005681), (0, 713.8505415482955), (5, 714.17529296875), (3, 888.9691051136364)]","[(0, 2200.46728515625), (1, 1796.158203125)]"
351,"[(0, 810.5703735351562), (1, 801.7578735351562)]","[(0, 3223.41455078125), (1, 3529.494873046875)]","[(0, 8413.107421875), (1, 6037.6865234375)]","[(0, 8386.0322265625), (1, 11454.76171875)]","[(0, 12442.78125), (1, 6197.806640625)]","[(0, 4949.47216796875), (1, 5156.369140625)]","[(0, 4117.25048828125), (1, 3644.0693359375)]","[(0, 2133.114990234375), (1, 2423.766357421875)]","[(1, 49.942935943603516), (2, 51.23624267578125), (4, 76.13885091145833), (5, 86.26960972377232), (0, 102.65023367745536), (3, 180.66423152043268)]","[(0, 14874.0771484375), (1, 16159.767578125)]","[(1, 1081.4146839488637), (0, 1342.92548828125), (4, 1377.3377130681818), (2, 1593.4484375), (3, 1656.323828125), (5, 2059.7033203125)]","[(0, 2989.67578125), (1, 2577.01806640625)]","[(4, 69.88139512803819), (1, 80.16000027126736), (3, 86.6957778930664), (5, 100.52394104003906), (0, 123.2442855834961), (2, 147.0814208984375)]","[(0, 2506.72802734375), (1, 1882.74365234375)]"
352,"[(0, 640.6180419921875), (1, 611.0397338867188)]","[(0, 2388.589111328125), (1, 2697.014892578125)]","[(0, 6385.3203125), (1, 4443.59716796875)]","[(0, 3798.63232421875), (1, 5713.3583984375)]","[(0, 8216.720703125), (1, 4931.953125)]","[(0, 12826.5234375), (1, 13016.1552734375)]","[(0, 19571.71484375), (1, 20952.73828125)]","[(0, 6678.18505859375), (1, 5878.26611328125)]","[(1, 144.68936593191964), (2, 179.16428786057693), (4, 243.5682654747596), (0, 332.53466796875), (5, 339.83730061848956), (3, 565.2129794034091)]","[(0, 22299.07421875), (1, 15870.9697265625)]","[(4, 57.52720811631944), (5, 78.4124984741211), (1, 91.40662299262152), (2, 102.59378814697266), (3, 113.83421325683594), (0, 146.1753692626953)]","[(0, 3161.858154296875), (1, 3091.62548828125)]","[(4, 274.6150568181818), (5, 357.0861083984375), (1, 488.47141335227275), (3, 639.02607421875), (2, 640.19658203125), (0, 1209.916015625)]","[(0, 24999.32421875), (1, 17639.34765625)]"
353,"[(0, 1147.3485107421875), (1, 1151.7474365234375)]","[(0, 1736.077392578125), (1, 3089.49169921875)]","[(0, 27940.298828125), (1, 25362.26953125)]","[(0, 6245.6962890625), (1, 7908.26123046875)]","[(0, 7961.4892578125), (1, 4491.58837890625)]","[(0, 21291.87109375), (1, 19174.55859375)]","[(0, 16533.255859375), (1, 18673.572265625)]","[(0, 1748.736083984375), (1, 2070.0703125)]","[(4, 65.32571207682291), (3, 76.18536376953125), (5, 129.5881629356971), (1, 138.81710379464286), (0, 175.90630634014423), (2, 349.6652018229167)]","[(0, 3891.993896484375), (1, 5476.96240234375)]","[(1, 202.9120154747596), (2, 255.40926106770834), (4, 386.3116861979167), (5, 497.78271484375), (0, 543.7306019176136), (3, 1387.016796875)]","[(0, 1125.5753173828125), (1, 1071.4564208984375)]","[(1, 32.35020564152644), (2, 43.342864990234375), (0, 54.088297526041664), (5, 60.304931640625), (4, 62.92569673978365), (3, 72.7583516438802)]","[(0, 1363.1131591796875), (1, 1096.365478515625)]"
354,"[(0, 1368.1162109375), (1, 1636.9942626953125)]","[(0, 3058.971923828125), (1, 5856.2705078125)]","[(0, 7977.22900390625), (1, 7979.0400390625)]","[(0, 1643.17724609375), (1, 1538.6220703125)]","[(0, 5335.75048828125), (1, 3280.90283203125)]","[(0, 10236.6953125), (1, 10465.3505859375)]","[(0, 46537.3125), (1, 66092.6015625)]","[(0, 1538.3126220703125), (1, 1796.3424072265625)]","[(2, 123.43462665264423), (1, 125.50124686104911), (4, 188.40116373697916), (5, 194.97849343039772), (0, 211.7880655924479), (3, 420.31630859375)]","[(0, 5764.25634765625), (1, 7033.52490234375)]","[(4, 74.54151204427083), (1, 100.04226684570312), (0, 121.91557965959821), (2, 129.42885044642858), (3, 136.78814227764423), (5, 153.3646521935096)]","[(0, 5368.7392578125), (1, 3581.324462890625)]","[(4, 132.79383341471353), (5, 154.69740988991478), (1, 196.9954630533854), (3, 217.58058860085228), (2, 230.0128506747159), (0, 336.16037819602275)]","[(0, 3688.49072265625), (1, 3604.56591796875)]"
355,"[(0, 1259.7451171875), (1, 1373.2232666015625)]","[(0, 1634.330078125), (1, 2691.63330078125)]","[(0, 25356.68359375), (1, 21180.32421875)]","[(0, 9080.10546875), (1, 7762.59716796875)]","[(0, 6446.24853515625), (1, 3623.2978515625)]","[(0, 15982.6845703125), (1, 15623.1552734375)]","[(0, 52464.86328125), (1, 83868.5234375)]","[(0, 1975.0450439453125), (1, 2485.555908203125)]","[(2, 134.73538208007812), (1, 143.4125037560096), (4, 303.11053466796875), (5, 306.16947798295456), (0, 387.2696644176136), (3, 1119.0341796875)]","[(0, 7280.1533203125), (1, 4960.16064453125)]","[(4, 87.3695780436198), (1, 137.2077303799716), (3, 138.32856889204547), (5, 207.062890625), (0, 254.2486083984375), (2, 393.78211805555554)]","[(0, 10164.9306640625), (1, 9481.1484375)]","[(2, 70.23062368539664), (1, 73.49919782366071), (0, 182.77644856770834), (4, 244.13671875), (5, 247.89311079545453), (3, 814.649853515625)]","[(0, 13788.109375), (1, 10089.3095703125)]"
356,"[(0, 1135.7879638671875), (1, 1212.5577392578125)]","[(0, 1624.8453369140625), (1, 1314.148193359375)]","[(0, 4310.0869140625), (1, 4788.02880859375)]","[(0, 5461.46630859375), (1, 8798.818359375)]","[(0, 11475.6787109375), (1, 7956.19140625)]","[(0, 8375.0263671875), (1, 8280.67578125)]","[(0, 14865.9931640625), (1, 18459.34765625)]","[(0, 3080.965087890625), (1, 2692.073486328125)]","[(4, 75.4280517578125), (3, 86.51698521205357), (5, 144.99067570612982), (1, 168.20087139423077), (0, 219.0445353190104), (2, 367.04545454545456)]","[(0, 2414.398681640625), (1, 1286.2745361328125)]","[(2, 49.23528616768973), (1, 65.6758056640625), (4, 89.7937481219952), (0, 105.9693603515625), (5, 116.4517313639323), (3, 357.3334295099432)]","[(0, 5778.9033203125), (1, 6397.69970703125)]","[(5, 133.42226340553978), (4, 133.46863810221353), (1, 169.04234095982142), (2, 179.80427433894232), (3, 246.8913330078125), (0, 322.3580729166667)]","[(0, 1883.921875), (1, 1478.0318603515625)]"
357,"[(0, 980.5325317382812), (1, 981.946533203125)]","[(0, 2229.7626953125), (1, 2133.33740234375)]","[(0, 9024.9482421875), (1, 4730.87939453125)]","[(0, 1429.945068359375), (1, 1791.09765625)]","[(0, 2013.099609375), (1, 1424.7989501953125)]","[(0, 7137.013671875), (1, 7428.634765625)]","[(0, 6221.27490234375), (1, 5557.61767578125)]","[(0, 3731.89501953125), (1, 2175.731201171875)]","[(4, 264.71534946986606), (1, 319.43191964285717), (3, 362.90872896634613), (5, 386.3025465745192), (0, 432.48279747596155), (2, 478.6481745793269)]","[(0, 3086.541015625), (1, 2193.11669921875)]","[(4, 101.17890276227679), (3, 114.35176908052884), (0, 188.65763346354166), (5, 220.27872721354166), (1, 245.09637920673077), (2, 328.82950106534093)]","[(0, 2128.49072265625), (1, 1327.255859375)]","[(1, 100.727294921875), (2, 121.8495849609375), (4, 133.2192049893466), (0, 140.97025146484376), (5, 171.84365234375), (3, 180.78577880859376)]","[(0, 2583.930908203125), (1, 2211.240966796875)]"
358,"[(0, 784.6205444335938), (1, 802.548095703125)]","[(0, 1212.2593994140625), (1, 935.7802124023438)]","[(0, 6009.34375), (1, 6303.9208984375)]","[(0, 19949.359375), (1, 19221.169921875)]","[(0, 1386.6259765625), (1, 1187.2078857421875)]","[(0, 6878.12646484375), (1, 6817.0087890625)]","[(0, 3829.374755859375), (1, 4166.939453125)]","[(0, 5641.07958984375), (1, 4045.75244140625)]","[(1, 79.065673828125), (2, 119.84027099609375), (4, 128.00921630859375), (0, 148.416748046875), (5, 210.61537388392858), (3, 262.17808314732144)]","[(0, 7667.35498046875), (1, 5158.3212890625)]","[(1, 947.1920276988636), (2, 1193.43779296875), (4, 1257.490966796875), (0, 1330.1298828125), (3, 1579.8034446022727), (5, 1612.6899857954545)]","[(0, 4999.001953125), (1, 4870.62841796875)]","[(1, 53.43462320963542), (2, 63.03778512137277), (0, 125.13319749098558), (4, 125.22475961538461), (5, 163.9664510091146), (3, 306.48586203835225)]","[(0, 11515.9033203125), (1, 7975.85205078125)]"
359,"[(0, 1160.7529296875), (1, 1111.259033203125)]","[(0, 1120.4095458984375), (1, 1096.136962890625)]","[(0, 14621.4970703125), (1, 10362.51953125)]","[(0, 2034.91015625), (1, 2868.0458984375)]","[(0, 11874.5703125), (1, 6584.63916015625)]","[(0, 6617.8662109375), (1, 7141.97119140625)]","[(0, 27821.341796875), (1, 39953.875)]","[(0, 3096.8310546875), (1, 3620.74853515625)]","[(1, 86.570947265625), (2, 106.77912248883929), (4, 113.30873325892857), (5, 147.6916785606971), (0, 179.09493314302884), (3, 256.8131917317708)]","[(0, 6788.48974609375), (1, 7456.5146484375)]","[(2, 134.76790677584134), (5, 155.56326998197116), (1, 193.78803362165178), (4, 197.48017229352678), (0, 291.54723182091345), (3, 339.4732196514423)]","[(0, 3039.140625), (1, 2286.84765625)]","[(1, 460.4488525390625), (4, 587.4863688151041), (2, 675.8426846590909), (0, 862.404296875), (5, 909.6538529829545), (3, 1094.3896484375)]","[(0, 17954.466796875), (1, 13091.583984375)]"
360,"[(0, 1462.342041015625), (1, 1844.2462158203125)]","[(0, 916.1463623046875), (1, 1026.1688232421875)]","[(0, 2944.383544921875), (1, 2737.289306640625)]","[(0, 3131.910400390625), (1, 3953.51806640625)]","[(0, 8239.3046875), (1, 4581.6142578125)]","[(0, 15657.23828125), (1, 17228.908203125)]","[(0, 44023.890625), (1, 60473.48046875)]","[(0, 1672.9306640625), (1, 1894.8934326171875)]","[(4, 106.97146809895834), (3, 112.56256103515625), (1, 215.05409458705358), (5, 235.9544959435096), (0, 252.82545823317307), (2, 525.9007161458334)]","[(0, 2409.925537109375), (1, 2992.76513671875)]","[(4, 68.99503580729167), (3, 81.7059326171875), (0, 123.04611206054688), (5, 126.56126990685097), (2, 152.24394087357953), (1, 158.84298001802884)]","[(0, 1449.1573486328125), (1, 996.8184204101562)]","[(2, 48.155965169270836), (1, 48.92177200317383), (5, 114.84597543569711), (0, 131.99470738002233), (4, 142.44725690569197), (3, 335.292724609375)]","[(0, 6146.44384765625), (1, 4911.4609375)]"
361,"[(0, 914.4652099609375), (1, 914.367919921875)]","[(0, 1245.7093505859375), (1, 1507.97705078125)]","[(0, 4606.7021484375), (1, 3326.533203125)]","[(0, 4368.2939453125), (1, 5973.61474609375)]","[(0, 6016.4658203125), (1, 4201.123046875)]","[(0, 34050.9296875), (1, 29959.447265625)]","[(0, 14341.4404296875), (1, 12805.5498046875)]","[(0, 2161.63427734375), (1, 2136.379150390625)]","[(4, 180.05830522017047), (5, 189.00042724609375), (3, 215.877587890625), (1, 436.4417169744318), (2, 486.322998046875), (0, 571.5162109375)]","[(0, 15486.7548828125), (1, 10172.7470703125)]","[(2, 82.73701477050781), (5, 99.47401936848958), (1, 118.30115685096153), (4, 140.84407865084134), (0, 172.1012980143229), (3, 207.7676798502604)]","[(0, 2381.513916015625), (1, 1540.14599609375)]","[(2, 83.58526141826923), (1, 87.00541469029018), (4, 192.8442179361979), (0, 207.75211588541666), (5, 213.776123046875), (3, 590.032177734375)]","[(0, 15806.185546875), (1, 11017.3564453125)]"
362,"[(0, 961.7131958007812), (1, 991.242919921875)]","[(0, 900.1078491210938), (1, 1048.1180419921875)]","[(0, 13726.30078125), (1, 12717.970703125)]","[(0, 4432.55078125), (1, 4569.93701171875)]","[(0, 4841.494140625), (1, 3368.940673828125)]","[(0, 12483.1103515625), (1, 10909.7578125)]","[(0, 8702.033203125), (1, 9393.8544921875)]","[(0, 3052.2490234375), (1, 1566.6048583984375)]","[(1, 85.64971923828125), (2, 102.51695963541667), (4, 167.32283528645834), (0, 167.70724051339286), (5, 241.36420549665178), (3, 405.4972956730769)]","[(0, 2471.101806640625), (1, 3482.26904296875)]","[(4, 346.00931490384613), (2, 399.7992350260417), (1, 430.76551231971155), (5, 458.991943359375), (0, 546.9007975260416), (3, 608.9366048177084)]","[(0, 2259.943359375), (1, 1864.4248046875)]","[(1, 91.81751598011364), (4, 99.42625843394886), (2, 161.17957763671876), (0, 168.4591552734375), (3, 175.5417236328125), (5, 184.43587646484374)]","[(0, 17105.400390625), (1, 12216.7763671875)]"
363,"[(0, 1270.9605712890625), (1, 1203.752685546875)]","[(0, 831.9993286132812), (1, 902.3407592773438)]","[(0, 4283.79931640625), (1, 5352.548828125)]","[(0, 3970.316650390625), (1, 4973.67041015625)]","[(0, 10598.41015625), (1, 7617.349609375)]","[(0, 7480.84619140625), (1, 7977.69287109375)]","[(0, 9500.4990234375), (1, 16906.326171875)]","[(0, 2751.717529296875), (1, 1757.51025390625)]","[(4, 133.0028357872596), (1, 133.22309758112982), (2, 135.3611857096354), (5, 135.40314737955728), (0, 175.57637532552084), (3, 180.18843587239584)]","[(0, 2325.216064453125), (1, 1409.73193359375)]","[(4, 245.500439453125), (5, 309.0085177951389), (3, 332.49867078993054), (1, 447.083154296875), (2, 593.1812608506945), (0, 645.7726779513889)]","[(0, 3662.150634765625), (1, 2716.478515625)]","[(4, 65.50131225585938), (3, 70.7930908203125), (5, 89.02988106863839), (1, 121.29420689174107), (0, 162.345703125), (2, 233.84322102864584)]","[(0, 17064.845703125), (1, 11997.3466796875)]"
364,"[(0, 1413.18798828125), (1, 1438.407958984375)]","[(0, 6025.498046875), (1, 5729.2412109375)]","[(0, 18130.3515625), (1, 10078.095703125)]","[(0, 9251.197265625), (1, 10528.115234375)]","[(0, 8969.70703125), (1, 5723.89453125)]","[(0, 4831.81689453125), (1, 4846.1279296875)]","[(0, 8526.830078125), (1, 16321.38671875)]","[(0, 6979.66796875), (1, 7863.0263671875)]","[(1, 125.35518704927884), (2, 136.85741170247397), (0, 188.26314290364584), (4, 202.98895733173077), (5, 238.04569498697916), (3, 309.10565185546875)]","[(0, 1835.855712890625), (1, 1872.69677734375)]","[(1, 658.3521321614584), (0, 719.9221857244319), (4, 738.2510209517045), (2, 860.2841796875), (3, 937.9673828125), (5, 1079.50947265625)]","[(0, 1835.5283203125), (1, 1320.1859130859375)]","[(4, 214.14704241071428), (3, 268.59410682091345), (1, 349.6094970703125), (5, 378.0291748046875), (0, 488.875), (2, 700.395947265625)]","[(0, 3425.219482421875), (1, 3312.291015625)]"
365,"[(0, 1275.4755859375), (1, 1270.2158203125)]","[(0, 7947.87939453125), (1, 8136.19482421875)]","[(0, 20107.51171875), (1, 12349.5078125)]","[(0, 5659.80029296875), (1, 7397.90966796875)]","[(0, 5849.533203125), (1, 5487.77978515625)]","[(0, 11950.5283203125), (1, 11768.697265625)]","[(0, 9909.3203125), (1, 9084.7998046875)]","[(0, 2792.38623046875), (1, 2476.68603515625)]","[(4, 45.02086639404297), (3, 46.00096842447917), (1, 107.27058919270833), (5, 111.41106305803571), (0, 117.29108537946429), (2, 309.4587590144231)]","[(0, 3814.82373046875), (1, 2216.964599609375)]","[(4, 314.34847745028407), (3, 391.165234375), (5, 564.472314453125), (1, 793.9077592329545), (0, 1080.95693359375), (2, 1461.865234375)]","[(0, 6379.154296875), (1, 4437.53759765625)]","[(4, 211.86989524147728), (1, 257.2236328125), (5, 296.99736328125), (2, 357.2526611328125), (3, 421.718798828125), (0, 553.185546875)]","[(0, 5399.76904296875), (1, 4710.53955078125)]"
366,"[(0, 2034.5123291015625), (1, 2415.0595703125)]","[(0, 4363.634765625), (1, 4333.16259765625)]","[(0, 38670.37109375), (1, 25488.625)]","[(0, 4210.30419921875), (1, 4094.63330078125)]","[(0, 7398.91845703125), (1, 4787.80029296875)]","[(0, 11792.0888671875), (1, 11076.3525390625)]","[(0, 16188.642578125), (1, 16657.25390625)]","[(0, 4258.10205078125), (1, 5751.76953125)]","[(4, 181.44175502232142), (3, 226.66682316706732), (1, 277.30233999399036), (0, 385.951171875), (5, 466.3654378255208), (2, 827.3240411931819)]","[(0, 2967.89111328125), (1, 2382.18505859375)]","[(2, 260.35176225142044), (5, 358.4522594105114), (4, 402.6694742838542), (1, 416.5096028645833), (0, 560.8246182528409), (3, 736.6278409090909)]","[(0, 1405.5771484375), (1, 869.6420288085938)]","[(4, 137.9208651455966), (5, 156.46630859375), (1, 170.0340576171875), (2, 184.42796630859374), (3, 290.19599609375), (0, 370.1638427734375)]","[(0, 7182.2490234375), (1, 4989.751953125)]"
367,"[(0, 1711.03173828125), (1, 1770.8714599609375)]","[(0, 2713.5849609375), (1, 3048.295654296875)]","[(0, 6250.474609375), (1, 3783.28173828125)]","[(0, 4939.998046875), (1, 6610.7255859375)]","[(0, 6003.0830078125), (1, 4094.352294921875)]","[(0, 1441.4669189453125), (1, 1544.3399658203125)]","[(0, 33328.15625), (1, 38060.7890625)]","[(0, 820.0817260742188), (1, 465.0228271484375)]","[(1, 396.52357700892856), (4, 404.80228097098217), (2, 530.3612154447115), (5, 540.1669921875), (0, 577.2833909254807), (3, 602.8240309495193)]","[(0, 7876.56591796875), (1, 3810.92578125)]","[(4, 130.88276163736978), (3, 178.2440518465909), (1, 196.13438831676137), (5, 310.3003662109375), (0, 342.013720703125), (2, 530.7155490451389)]","[(0, 4659.27099609375), (1, 2631.40380859375)]","[(4, 134.6779541015625), (1, 191.57149564302884), (3, 193.15047781808036), (5, 217.97096604567307), (0, 296.7295328776042), (2, 334.88813920454544)]","[(0, 9861.494140625), (1, 6188.427734375)]"
368,"[(0, 902.7129516601562), (1, 967.0133056640625)]","[(0, 8629.7939453125), (1, 8036.36083984375)]","[(0, 10383.21484375), (1, 8767.4658203125)]","[(0, 5366.54833984375), (1, 5568.10595703125)]","[(0, 9751.0859375), (1, 6160.8984375)]","[(0, 23927.111328125), (1, 23887.486328125)]","[(0, 36127.44921875), (1, 46425.82421875)]","[(0, 5024.87451171875), (1, 2002.313232421875)]","[(1, 144.44304011418268), (2, 148.04829915364584), (0, 332.0267223011364), (4, 401.4191487630208), (5, 447.04780717329544), (3, 1067.35712890625)]","[(0, 23051.44140625), (1, 25647.775390625)]","[(1, 253.10630580357142), (2, 282.94320913461536), (4, 283.2163899739583), (5, 352.9054066051136), (0, 547.3271077473959), (3, 705.0240234375)]","[(0, 1374.61083984375), (1, 952.2839965820312)]","[(4, 114.10098087086396), (1, 124.2320556640625), (3, 133.8699493408203), (5, 142.75919596354166), (0, 213.31032017299108), (2, 252.01802884615384)]","[(0, 15227.0380859375), (1, 10670.0400390625)]"
369,"[(0, 1066.7083740234375), (1, 1348.481201171875)]","[(0, 13068.1826171875), (1, 15157.73828125)]","[(0, 6907.015625), (1, 7571.814453125)]","[(0, 4421.349609375), (1, 4328.67333984375)]","[(0, 4125.2646484375), (1, 2832.964599609375)]","[(0, 12769.7822265625), (1, 12167.1630859375)]","[(0, 11978.7568359375), (1, 11787.1640625)]","[(0, 1548.795654296875), (1, 1851.9747314453125)]","[(1, 42.10345818014706), (4, 45.0225399241728), (2, 69.65707194010416), (0, 73.3879150390625), (5, 75.551953125), (3, 80.01556803385417)]","[(0, 5017.50537109375), (1, 3310.6171875)]","[(4, 615.1100260416666), (5, 718.6037819602273), (1, 903.4635416666666), (2, 910.2570134943181), (3, 972.2903053977273), (0, 1152.6265092329545)]","[(0, 3511.941162109375), (1, 3327.189697265625)]","[(1, 53.00471496582031), (4, 64.22265218098958), (2, 79.88057163783482), (5, 100.47268442007211), (0, 126.36313302176339), (3, 157.45059908353366)]","[(0, 23215.98046875), (1, 16176.28125)]"
370,"[(0, 1404.82861328125), (1, 1645.02587890625)]","[(0, 5945.85009765625), (1, 5663.80078125)]","[(0, 6663.85791015625), (1, 4109.58154296875)]","[(0, 8453.5380859375), (1, 9696.6328125)]","[(0, 2528.064697265625), (1, 2423.283203125)]","[(0, 4153.73486328125), (1, 3797.8935546875)]","[(0, 15858.9560546875), (1, 16786.138671875)]","[(0, 1415.3345947265625), (1, 588.5751953125)]","[(4, 179.877197265625), (1, 184.90829031808036), (3, 220.90681340144232), (0, 227.69290865384616), (5, 276.9175555889423), (2, 285.2480280949519)]","[(0, 1044.0169677734375), (1, 1119.07958984375)]","[(4, 725.6869140625), (1, 825.1807528409091), (0, 1045.0728515625), (3, 1067.7516276041667), (5, 1204.3148871527778), (2, 1334.40908203125)]","[(0, 1746.5018310546875), (1, 2265.931884765625)]","[(4, 245.34588623046875), (1, 260.88854041466345), (3, 311.89328835227275), (0, 313.96498616536456), (5, 385.0446111505682), (2, 412.1213785807292)]","[(0, 3166.15185546875), (1, 2260.040283203125)]"
371,"[(0, 1297.3671875), (1, 1288.0072021484375)]","[(0, 2376.97265625), (1, 2193.298828125)]","[(0, 5939.123046875), (1, 3672.93017578125)]","[(0, 8306.7529296875), (1, 10000.53515625)]","[(0, 13061.03125), (1, 9007.79296875)]","[(0, 10610.4345703125), (1, 10947.05859375)]","[(0, 14662.7041015625), (1, 21815.822265625)]","[(0, 858.0104370117188), (1, 753.885009765625)]","[(1, 136.8423113141741), (2, 153.71599872295673), (4, 187.8082071940104), (5, 214.12227006392047), (0, 224.6306355794271), (3, 318.7872802734375)]","[(0, 5467.56884765625), (1, 2274.9306640625)]","[(1, 1397.1449751420455), (4, 1468.174715909091), (2, 1999.8599609375), (5, 2103.09140625), (0, 2627.7490234375), (3, 2746.8537109375)]","[(0, 576.6224365234375), (1, 582.5299682617188)]","[(1, 52.09055873325893), (2, 64.01161076472356), (0, 117.32864379882812), (4, 123.1476542154948), (5, 171.5992986505682), (3, 348.87841796875)]","[(0, 16817.9609375), (1, 11772.46875)]"
372,"[(0, 1668.30712890625), (1, 1660.4351806640625)]","[(0, 464.2978515625), (1, 441.4305419921875)]","[(0, 3581.5498046875), (1, 3278.12841796875)]","[(0, 4688.64501953125), (1, 6246.1904296875)]","[(0, 4850.880859375), (1, 3356.263916015625)]","[(0, 9849.88671875), (1, 9643.578125)]","[(0, 17984.662109375), (1, 25415.490234375)]","[(0, 1161.221923828125), (1, 1702.61962890625)]","[(1, 264.0516826923077), (2, 309.91650390625), (4, 350.4203350360577), (5, 430.5793863932292), (0, 448.9246012369792), (3, 594.0369059244791)]","[(0, 4865.8603515625), (1, 7338.86181640625)]","[(2, 68.94141496930804), (1, 69.70767211914062), (4, 76.00289916992188), (5, 94.78090122767857), (0, 105.63418143136161), (3, 147.21725027901786)]","[(0, 3090.78857421875), (1, 2354.621826171875)]","[(1, 30.09876912434896), (2, 37.059234619140625), (5, 50.35921067457933), (4, 67.96316092354911), (0, 75.41130652794472), (3, 118.91375732421875)]","[(0, 14262.5234375), (1, 9942.44140625)]"
373,"[(0, 1157.2872314453125), (1, 1151.3970947265625)]","[(0, 3399.481689453125), (1, 3517.143310546875)]","[(0, 2968.526611328125), (1, 2178.054443359375)]","[(0, 3470.85400390625), (1, 3282.138916015625)]","[(0, 2396.832275390625), (1, 2195.228271484375)]","[(0, 12980.3671875), (1, 11956.53515625)]","[(0, 5788.16943359375), (1, 6033.75)]","[(0, 1902.336181640625), (1, 1552.9991455078125)]","[(1, 89.31195068359375), (2, 111.28521259014423), (4, 134.37974196213943), (5, 181.43306477864584), (0, 215.4242146809896), (3, 331.55557528409093)]","[(0, 1067.7618408203125), (1, 957.828125)]","[(1, 195.54415457589286), (4, 243.97821044921875), (2, 273.52334359975964), (5, 368.98031338778407), (0, 443.8760579427083), (3, 650.455615234375)]","[(0, 3499.68115234375), (1, 2255.188232421875)]","[(4, 65.53868103027344), (5, 101.57184709821429), (3, 105.65375162760417), (1, 123.79643903459821), (0, 197.48796198918268), (2, 248.4690958658854)]","[(0, 13674.76953125), (1, 9405.53515625)]"
374,"[(0, 889.9691772460938), (1, 952.6078491210938)]","[(0, 921.9041748046875), (1, 845.10107421875)]","[(0, 12801.935546875), (1, 10681.1376953125)]","[(0, 8419.720703125), (1, 10603.25390625)]","[(0, 6117.66064453125), (1, 4064.2333984375)]","[(0, 8168.68603515625), (1, 7518.81787109375)]","[(0, 14660.984375), (1, 14639.5380859375)]","[(0, 1773.7135009765625), (1, 1558.0325927734375)]","[(2, 70.80596923828125), (1, 77.14689127604167), (0, 190.62291541466345), (5, 205.62101862980768), (4, 211.09828404017858), (3, 601.0587158203125)]","[(0, 461.7224426269531), (1, 363.0204772949219)]","[(4, 243.957958984375), (5, 343.93682183159723), (3, 351.44056532118054), (1, 650.9651544744319), (2, 879.05654296875), (0, 961.42294921875)]","[(0, 1178.44482421875), (1, 912.1217651367188)]","[(1, 40.28004807692308), (4, 59.58891296386719), (2, 60.54130554199219), (5, 90.33214222301136), (0, 132.0911199396307), (3, 228.6495361328125)]","[(0, 19923.236328125), (1, 14553.87109375)]"
375,"[(0, 1802.3748779296875), (1, 2046.1199951171875)]","[(0, 1210.511474609375), (1, 1217.4556884765625)]","[(0, 14678.1357421875), (1, 11045.8564453125)]","[(0, 6495.64208984375), (1, 7273.08837890625)]","[(0, 6239.05224609375), (1, 3631.932861328125)]","[(0, 5904.67333984375), (1, 6625.73486328125)]","[(0, 14295.44921875), (1, 14880.5751953125)]","[(0, 878.7994995117188), (1, 817.177490234375)]","[(1, 1079.5403645833333), (4, 1116.7825520833333), (2, 1513.09765625), (5, 1566.5541548295455), (0, 1708.8263494318182), (3, 1806.9712357954545)]","[(0, 10199.451171875), (1, 10835.3310546875)]","[(4, 793.67451171875), (1, 859.2009765625), (5, 1006.9895833333334), (2, 1091.2572699652778), (3, 1666.2425130208333), (0, 1737.1714409722222)]","[(0, 4287.13818359375), (1, 3326.460205078125)]","[(1, 342.74154897836536), (2, 375.7517903645833), (4, 450.4479166666667), (0, 463.9349365234375), (5, 543.8342950994319), (3, 583.2754350142045)]","[(0, 22461.11328125), (1, 16917.212890625)]"
376,"[(0, 1112.180908203125), (1, 1113.4508056640625)]","[(0, 815.0286254882812), (1, 747.7664794921875)]","[(0, 25253.68359375), (1, 21501.865234375)]","[(0, 3752.12548828125), (1, 4745.58349609375)]","[(0, 5189.44189453125), (1, 3388.551025390625)]","[(0, 13723.5009765625), (1, 14718.3798828125)]","[(0, 34657.35546875), (1, 36560.0703125)]","[(0, 2610.39453125), (1, 1809.5638427734375)]","[(4, 31.53005027770996), (3, 38.89496663411458), (5, 46.30580793108259), (1, 48.05755615234375), (0, 65.27310616629464), (2, 73.67417086087741)]","[(0, 6774.701171875), (1, 4553.63134765625)]","[(4, 247.8543497721354), (2, 291.12655362215907), (5, 347.2267400568182), (1, 411.28271484375), (0, 437.09525923295456), (3, 484.38130326704544)]","[(0, 2387.015625), (1, 1896.910400390625)]","[(4, 131.7162628173828), (3, 145.434033203125), (1, 149.23868233816964), (5, 164.63893345424108), (0, 240.83004056490384), (2, 272.79233805338544)]","[(0, 11805.61328125), (1, 8270.2109375)]"
377,"[(0, 1051.0888671875), (1, 1088.4156494140625)]","[(0, 959.1594848632812), (1, 908.116943359375)]","[(0, 14306.5244140625), (1, 9748.80859375)]","[(0, 14772.646484375), (1, 14915.35546875)]","[(0, 9565.5205078125), (1, 5554.279296875)]","[(0, 11840.4990234375), (1, 10855.3125)]","[(0, 3474.364501953125), (1, 3261.815673828125)]","[(0, 6442.05126953125), (1, 6619.32421875)]","[(4, 575.3931107954545), (1, 706.0736860795455), (5, 789.28154296875), (3, 922.6685546875), (2, 954.6701171875), (0, 1113.774609375)]","[(0, 3890.39453125), (1, 5297.66162109375)]","[(4, 120.7362060546875), (1, 158.43814522879464), (3, 177.32991536458334), (5, 221.96065266927084), (0, 246.0394287109375), (2, 313.1560872395833)]","[(0, 1080.760986328125), (1, 944.356689453125)]","[(1, 32.25104098849826), (5, 38.80648983226103), (4, 42.39420037520559), (2, 45.23887634277344), (3, 50.814445944393384), (0, 64.67967224121094)]","[(0, 1185.644775390625), (1, 1038.65966796875)]"
378,"[(0, 965.57666015625), (1, 1054.838134765625)]","[(0, 7307.9990234375), (1, 6279.5361328125)]","[(0, 10990.6484375), (1, 9287.77734375)]","[(0, 4865.419921875), (1, 4432.13623046875)]","[(0, 9096.486328125), (1, 4312.01513671875)]","[(0, 5496.673828125), (1, 5579.32666015625)]","[(0, 17401.3359375), (1, 19051.61328125)]","[(0, 5324.572265625), (1, 4215.52734375)]","[(4, 322.53826904296875), (3, 413.08780184659093), (1, 445.6673177083333), (5, 517.5365767045455), (0, 595.31640625), (2, 747.8678089488636)]","[(0, 8845.369140625), (1, 4440.71630859375)]","[(2, 182.7538045247396), (1, 228.6162109375), (4, 238.55401141826923), (5, 244.28694661458334), (0, 313.4883626302083), (3, 415.9744873046875)]","[(0, 4670.1923828125), (1, 3077.203369140625)]","[(1, 47.7325008616728), (2, 72.63702799479167), (4, 80.28179931640625), (5, 96.23634556361607), (0, 101.59691569010417), (3, 134.19221714564733)]","[(0, 2217.57861328125), (1, 2091.45166015625)]"
379,"[(0, 985.2319946289062), (1, 1028.3878173828125)]","[(0, 9257.966796875), (1, 9442.9951171875)]","[(0, 16960.84375), (1, 9588.078125)]","[(0, 1750.6290283203125), (1, 1686.1513671875)]","[(0, 9478.9599609375), (1, 4502.43896484375)]","[(0, 3414.218994140625), (1, 3446.5244140625)]","[(0, 10225.9619140625), (1, 10347.134765625)]","[(0, 6417.06396484375), (1, 6485.99853515625)]","[(2, 38.83873697916667), (1, 45.453006744384766), (0, 71.9207284109933), (5, 107.45961350661058), (4, 115.55108642578125), (3, 251.2865193684896)]","[(0, 1341.037841796875), (1, 1839.3465576171875)]","[(4, 196.10091145833334), (5, 247.3899591619318), (3, 261.07381924715907), (2, 290.83156331380206), (0, 322.6361083984375), (1, 465.0095778245192)]","[(0, 1080.24169921875), (1, 969.2286987304688)]","[(1, 39.45458548409598), (3, 45.83573259626116), (4, 48.126627604166664), (0, 69.69913893479567), (5, 81.56297889122597), (2, 101.67519124348958)]","[(0, 13788.595703125), (1, 9223.8876953125)]"
380,"[(0, 1330.2147216796875), (1, 1460.918212890625)]","[(0, 5507.48828125), (1, 4782.90380859375)]","[(0, 5553.82421875), (1, 3284.01123046875)]","[(0, 5238.70947265625), (1, 6632.3095703125)]","[(0, 4492.34228515625), (1, 2964.5546875)]","[(0, 15563.7451171875), (1, 15798.4091796875)]","[(0, 31677.30078125), (1, 33289.33984375)]","[(0, 3999.9453125), (1, 3504.293212890625)]","[(4, 215.85270808293268), (1, 248.89244666466345), (3, 265.74477132161456), (5, 288.58701578776044), (0, 311.75705973307294), (2, 339.2003987630208)]","[(0, 3040.94091796875), (1, 2095.576416015625)]","[(1, 63.36560528094952), (2, 68.00872294108073), (4, 141.18780987079327), (5, 160.97449747721353), (0, 209.059326171875), (3, 516.5627663352273)]","[(0, 1559.4908447265625), (1, 1612.3814697265625)]","[(5, 618.162109375), (4, 629.1326497395834), (3, 746.1487038352273), (1, 777.9850260416666), (2, 804.6208274147727), (0, 934.4934303977273)]","[(0, 7473.88671875), (1, 5897.2275390625)]"
381,"[(0, 1247.7294921875), (1, 1260.86181640625)]","[(0, 1745.475341796875), (1, 1559.6097412109375)]","[(0, 5101.099609375), (1, 3318.595703125)]","[(0, 5959.24169921875), (1, 6930.2216796875)]","[(0, 6024.79736328125), (1, 3681.125244140625)]","[(0, 7824.79345703125), (1, 7636.7197265625)]","[(0, 7170.4091796875), (1, 6458.6357421875)]","[(0, 1982.0037841796875), (1, 2043.2176513671875)]","[(1, 84.1458740234375), (2, 103.9781005859375), (0, 148.14522879464286), (4, 149.316796875), (5, 221.66510881696428), (3, 261.8434495192308)]","[(0, 8642.765625), (1, 3443.84326171875)]","[(4, 30.125606536865234), (2, 30.31306893484933), (1, 33.06710433959961), (0, 35.16168212890625), (5, 41.191663469587056), (3, 47.790475027901785)]","[(0, 1717.5460205078125), (1, 2043.953369140625)]","[(4, 205.3924560546875), (5, 252.8457697088068), (1, 297.13307698567706), (3, 330.013916015625), (2, 369.09188565340907), (0, 494.90425248579544)]","[(0, 13473.076171875), (1, 10093.283203125)]"
382,"[(0, 1323.9154052734375), (1, 1638.307861328125)]","[(0, 3775.734130859375), (1, 4101.62890625)]","[(0, 4546.77490234375), (1, 5352.20166015625)]","[(0, 4570.7431640625), (1, 4778.03466796875)]","[(0, 14319.642578125), (1, 9301.224609375)]","[(0, 2487.696044921875), (1, 2344.943115234375)]","[(0, 41210.27734375), (1, 41767.046875)]","[(0, 4015.7421875), (1, 3111.820068359375)]","[(2, 83.3949725811298), (1, 92.54570661272321), (0, 189.4100341796875), (5, 259.54299094460225), (4, 269.28989664713544), (3, 689.489990234375)]","[(0, 3662.482177734375), (1, 2788.229736328125)]","[(4, 117.69246673583984), (2, 123.36650739397321), (1, 130.02444458007812), (0, 152.20071847098214), (5, 162.24853515625), (3, 203.48515973772322)]","[(0, 8780.552734375), (1, 5929.81884765625)]","[(1, 41.9041748046875), (4, 56.45927211216518), (2, 66.73439378004808), (0, 90.2900860126202), (5, 97.13625081380208), (3, 127.46761067708333)]","[(0, 14010.5712890625), (1, 9756.57421875)]"
383,"[(0, 1870.3167724609375), (1, 2209.860107421875)]","[(0, 3701.161865234375), (1, 4679.880859375)]","[(0, 9805.611328125), (1, 6255.49609375)]","[(0, 6497.17236328125), (1, 8854.1884765625)]","[(0, 10408.982421875), (1, 5828.32275390625)]","[(0, 8662.78515625), (1, 8992.9443359375)]","[(0, 10378.5419921875), (1, 10004.1884765625)]","[(0, 4242.7314453125), (1, 3375.00537109375)]","[(1, 256.91830679086536), (4, 298.32532677283655), (2, 334.71636962890625), (5, 397.7115071614583), (0, 439.2674153645833), (3, 529.8091227213541)]","[(0, 2008.028076171875), (1, 1927.9569091796875)]","[(1, 44.454759870256694), (2, 56.35291035970052), (4, 79.73104422433036), (0, 94.29226684570312), (5, 113.0807596842448), (3, 185.56742350260416)]","[(0, 3959.6455078125), (1, 3584.10888671875)]","[(1, 123.69500732421875), (2, 156.44200721153845), (4, 189.56646259014423), (5, 257.9196370442708), (0, 298.5538736979167), (3, 447.6941583806818)]","[(0, 14374.0009765625), (1, 10839.6611328125)]"
384,"[(0, 1149.8021240234375), (1, 1243.7685546875)]","[(0, 2557.890380859375), (1, 2822.285888671875)]","[(0, 5047.65966796875), (1, 3121.024658203125)]","[(0, 4671.2392578125), (1, 5438.9130859375)]","[(0, 3305.846923828125), (1, 2362.685791015625)]","[(0, 21240.541015625), (1, 22556.3359375)]","[(0, 38525.37890625), (1, 45879.65234375)]","[(0, 3121.11962890625), (1, 3611.7578125)]","[(4, 229.38478306361608), (1, 265.6807163783482), (5, 278.59989107572113), (3, 281.7487605168269), (2, 315.73448768028845), (0, 334.8757136418269)]","[(0, 4230.28759765625), (1, 2708.883056640625)]","[(4, 346.2264811197917), (3, 448.6036487926136), (5, 494.01584694602275), (1, 802.397705078125), (0, 1085.2487571022727), (2, 1183.853515625)]","[(0, 1672.6324462890625), (1, 2065.28369140625)]","[(4, 258.66162109375), (5, 276.08349609375), (1, 389.1734212239583), (2, 402.99027876420456), (3, 418.4401448567708), (0, 561.3147638494319)]","[(0, 11355.5234375), (1, 7985.0458984375)]"
385,"[(0, 1019.5921020507812), (1, 1192.7113037109375)]","[(0, 1156.7740478515625), (1, 1153.5380859375)]","[(0, 3551.428466796875), (1, 2853.343505859375)]","[(0, 8246.623046875), (1, 9924.158203125)]","[(0, 3247.943359375), (1, 3033.83837890625)]","[(0, 10785.5966796875), (1, 9939.0859375)]","[(0, 28952.302734375), (1, 29430.345703125)]","[(0, 1988.04541015625), (1, 1120.8621826171875)]","[(5, 266.0197265625), (4, 286.41361860795456), (3, 301.6847412109375), (2, 328.9198486328125), (1, 355.6016956676136), (0, 382.7968994140625)]","[(0, 2511.9150390625), (1, 1044.491943359375)]","[(2, 112.4583740234375), (1, 159.67867838541667), (0, 177.66984675480768), (4, 206.57003079927884), (5, 231.2061564127604), (3, 488.5706232244318)]","[(0, 4777.23291015625), (1, 4528.064453125)]","[(1, 65.99656023297992), (3, 72.29960123697917), (5, 82.75554547991071), (4, 86.93712615966797), (0, 115.4170391376202), (2, 129.50048828125)]","[(0, 5156.18212890625), (1, 4173.322265625)]"
386,"[(0, 900.40576171875), (1, 888.302978515625)]","[(0, 283.4586181640625), (1, 206.14837646484375)]","[(0, 8802.5615234375), (1, 6549.466796875)]","[(0, 4016.569580078125), (1, 7686.52197265625)]","[(0, 8774.341796875), (1, 6006.20361328125)]","[(0, 3046.912109375), (1, 2895.7880859375)]","[(0, 8682.7021484375), (1, 9352.2353515625)]","[(0, 1359.36328125), (1, 1044.064697265625)]","[(4, 147.193603515625), (3, 182.92087965745193), (5, 187.97154822716345), (1, 248.21923828125), (0, 276.07039969308033), (2, 293.55301339285717)]","[(0, 9525.3203125), (1, 5458.01953125)]","[(1, 142.2997765174279), (2, 185.24896240234375), (4, 228.1565144856771), (5, 320.857666015625), (0, 439.51211825284093), (3, 826.62841796875)]","[(0, 3073.959228515625), (1, 2698.0029296875)]","[(1, 29.68651123046875), (4, 32.722328694661456), (2, 74.70826134314903), (5, 86.10726224459134), (0, 95.84221942608173), (3, 106.35378793569711)]","[(0, 2770.76806640625), (1, 2331.50146484375)]"
387,"[(0, 894.237060546875), (1, 881.3038940429688)]","[(0, 1002.2843627929688), (1, 1639.4620361328125)]","[(0, 1601.59765625), (1, 1226.91943359375)]","[(0, 12939.5068359375), (1, 12304.9287109375)]","[(0, 12242.376953125), (1, 7120.23583984375)]","[(0, 10389.3056640625), (1, 11433.927734375)]","[(0, 17295.28515625), (1, 29146.78515625)]","[(0, 1210.868896484375), (1, 1125.8394775390625)]","[(4, 65.95774187360492), (1, 68.08661760602679), (3, 122.7159932454427), (0, 128.38651529947916), (5, 140.7083943684896), (2, 145.57347615559897)]","[(0, 2891.6416015625), (1, 3145.724853515625)]","[(4, 657.254345703125), (5, 830.0525173611111), (1, 839.377734375), (2, 1054.2588975694443), (3, 1100.5442708333333), (0, 1505.432400173611)]","[(0, 1455.9549560546875), (1, 1801.1669921875)]","[(1, 108.90523856026786), (5, 143.32923302283655), (4, 150.21193150111608), (2, 152.17225060096155), (3, 156.86524376502405), (0, 178.99571814903845)]","[(0, 20228.453125), (1, 13772.0361328125)]"
388,"[(0, 992.4887084960938), (1, 1049.9132080078125)]","[(0, 1455.36279296875), (1, 2673.959228515625)]","[(0, 14831.58203125), (1, 13521.1142578125)]","[(0, 12875.81640625), (1, 12224.3984375)]","[(0, 3371.830078125), (1, 2340.82861328125)]","[(0, 20890.765625), (1, 20794.818359375)]","[(0, 8264.9521484375), (1, 11244.955078125)]","[(0, 2572.2314453125), (1, 2419.5849609375)]","[(4, 29.619627111098346), (1, 36.8612060546875), (5, 47.8896728515625), (3, 57.48259684244792), (2, 61.648729596819194), (0, 76.84225899832589)]","[(0, 4792.82080078125), (1, 3715.346435546875)]","[(4, 68.17774745396206), (3, 99.31397423377403), (1, 121.95554606119792), (5, 182.79327392578125), (0, 207.50344016335228), (2, 422.283056640625)]","[(0, 9551.0087890625), (1, 6097.87353515625)]","[(3, 65.47521158854167), (1, 103.142626953125), (4, 116.19125366210938), (0, 126.90787179129464), (5, 154.60726492745536), (2, 331.3845778245192)]","[(0, 13315.9580078125), (1, 9162.69140625)]"
389,"[(0, 1010.6975708007812), (1, 1079.9053955078125)]","[(0, 852.8179931640625), (1, 1313.5712890625)]","[(0, 5850.36962890625), (1, 6508.943359375)]","[(0, 20689.087890625), (1, 20455.912109375)]","[(0, 2592.5849609375), (1, 1838.6397705078125)]","[(0, 17967.53515625), (1, 18418.3046875)]","[(0, 34623.72265625), (1, 35859.08984375)]","[(0, 3815.165771484375), (1, 2440.36279296875)]","[(2, 56.461490631103516), (1, 67.9776970358456), (5, 144.830908203125), (0, 146.29461263020832), (4, 154.2312469482422), (3, 394.166748046875)]","[(0, 1370.7947998046875), (1, 1443.7913818359375)]","[(4, 79.14493502103366), (3, 108.90853881835938), (5, 180.1576815518466), (1, 193.87098277698863), (0, 310.8145263671875), (2, 640.9960394965278)]","[(0, 5246.57861328125), (1, 3857.41455078125)]","[(1, 132.42951311383928), (2, 146.66620342548077), (5, 173.94646344866072), (0, 264.35428560697113), (4, 298.5268229166667), (3, 322.91566685267856)]","[(0, 2835.298583984375), (1, 2623.28076171875)]"
390,"[(0, 1525.0079345703125), (1, 1756.4454345703125)]","[(0, 524.8682861328125), (1, 676.5593872070312)]","[(0, 18453.220703125), (1, 8200.6337890625)]","[(0, 22388.357421875), (1, 16106.5478515625)]","[(0, 12392.404296875), (1, 8856.30859375)]","[(0, 7254.9384765625), (1, 6980.8662109375)]","[(0, 12666.1171875), (1, 12224.806640625)]","[(0, 2666.842529296875), (1, 2947.950439453125)]","[(1, 107.08311244419643), (2, 113.36400428185097), (4, 243.97859074519232), (5, 275.34698486328125), (0, 318.65171305338544), (3, 874.2934126420455)]","[(0, 2036.9837646484375), (1, 2036.3836669921875)]","[(4, 53.94240951538086), (3, 72.4510986328125), (5, 74.84136962890625), (1, 131.60272216796875), (0, 149.31096942608173), (2, 164.8402303059896)]","[(0, 1770.5582275390625), (1, 1270.26806640625)]","[(3, 40.495592389787944), (1, 41.058585030691965), (4, 41.98976236979167), (5, 52.6324697641226), (0, 61.39315091646635), (2, 85.47105916341145)]","[(0, 7721.33203125), (1, 5235.06298828125)]"
391,"[(0, 1388.1058349609375), (1, 1641.4864501953125)]","[(0, 369.6080627441406), (1, 594.2859497070312)]","[(0, 3320.81494140625), (1, 2457.58251953125)]","[(0, 4054.234130859375), (1, 4110.76904296875)]","[(0, 9765.939453125), (1, 7059.77392578125)]","[(0, 8468.755859375), (1, 9061.2041015625)]","[(0, 11609.7880859375), (1, 10660.4287109375)]","[(0, 5459.49267578125), (1, 3323.863037109375)]","[(4, 37.08017349243164), (3, 42.260493977864584), (1, 49.00222981770833), (5, 56.604056222098215), (0, 60.233995710100444), (2, 85.7155010516827)]","[(0, 4484.966796875), (1, 3682.18896484375)]","[(2, 142.36760602678572), (1, 182.42696940104167), (5, 236.9187215169271), (4, 336.75244140625), (0, 437.28207632211536), (3, 919.4239169034091)]","[(0, 1692.0697021484375), (1, 1307.3363037109375)]","[(4, 381.6129964192708), (1, 485.8126220703125), (3, 547.4221413352273), (5, 579.2073863636364), (0, 724.2039683948864), (2, 743.6056463068181)]","[(0, 16791.708984375), (1, 11822.5810546875)]"
392,"[(0, 1442.0986328125), (1, 1459.4462890625)]","[(0, 533.5719604492188), (1, 941.2210083007812)]","[(0, 10622.6044921875), (1, 8446.8251953125)]","[(0, 14042.4609375), (1, 15608.2333984375)]","[(0, 12161.4443359375), (1, 6918.25537109375)]","[(0, 11942.8486328125), (1, 12078.1669921875)]","[(0, 3296.72265625), (1, 3631.912109375)]","[(0, 3913.055419921875), (1, 2237.01318359375)]","[(4, 34.76972089494978), (1, 35.14228820800781), (2, 60.259602864583336), (5, 62.097574869791664), (3, 82.35360717773438), (0, 85.15261840820312)]","[(0, 1187.3172607421875), (1, 859.3939819335938)]","[(1, 92.06052809495192), (4, 114.96736363002232), (2, 133.3870183771307), (5, 182.9111531575521), (0, 264.74496182528407), (3, 315.0498453776042)]","[(0, 1654.5943603515625), (1, 1421.030517578125)]","[(1, 38.879021139705884), (3, 50.060372488839285), (4, 54.24737548828125), (5, 63.09281267438616), (0, 63.98319091796875), (2, 72.12532552083333)]","[(0, 4639.71630859375), (1, 4181.537109375)]"
393,"[(0, 1338.7542724609375), (1, 1328.059814453125)]","[(0, 376.132568359375), (1, 548.0841674804688)]","[(0, 4364.42138671875), (1, 2870.299072265625)]","[(0, 9830.517578125), (1, 9143.94921875)]","[(0, 10713.9169921875), (1, 6089.7431640625)]","[(0, 26464.119140625), (1, 26155.00390625)]","[(0, 12108.3017578125), (1, 11595.1162109375)]","[(0, 8913.953125), (1, 7970.76513671875)]","[(4, 234.8785067471591), (1, 252.44664417613637), (5, 394.4543212890625), (3, 430.599072265625), (2, 433.0779296875), (0, 468.547607421875)]","[(0, 5888.89306640625), (1, 4448.60498046875)]","[(4, 168.37873186383928), (3, 194.76198167067307), (5, 456.3839518229167), (1, 481.8862711588542), (0, 606.5926846590909), (2, 1642.5818359375)]","[(0, 2759.809326171875), (1, 2838.708984375)]","[(1, 30.693939208984375), (2, 47.45600891113281), (4, 58.625), (5, 58.65696614583333), (0, 59.80902099609375), (3, 68.24560953776042)]","[(0, 21122.349609375), (1, 14216.337890625)]"
394,"[(0, 1362.5244140625), (1, 1313.7684326171875)]","[(0, 374.3791809082031), (1, 307.2481994628906)]","[(0, 9810.4287109375), (1, 7282.9931640625)]","[(0, 4102.775390625), (1, 5032.994140625)]","[(0, 9221.0380859375), (1, 7259.58251953125)]","[(0, 14247.732421875), (1, 14222.4267578125)]","[(0, 6266.052734375), (1, 6713.4716796875)]","[(0, 3448.4443359375), (1, 4244.953125)]","[(1, 353.0738002232143), (2, 384.69339693509613), (4, 407.7056415264423), (0, 438.3337965745192), (5, 552.2851969401041), (3, 653.0357259114584)]","[(0, 3832.750732421875), (1, 5341.07080078125)]","[(4, 76.49763997395833), (1, 100.13077218191964), (3, 131.03513746995193), (5, 139.78553185096155), (0, 182.4317423502604), (2, 196.94925944010416)]","[(0, 1318.420654296875), (1, 1571.5946044921875)]","[(1, 45.410326276506694), (4, 50.338680013020834), (2, 55.72307840983073), (5, 67.13315993088942), (0, 94.75082397460938), (3, 108.92787522536058)]","[(0, 2769.813232421875), (1, 2770.70458984375)]"
395,"[(0, 1255.5323486328125), (1, 1259.6611328125)]","[(0, 3104.341552734375), (1, 2661.596923828125)]","[(0, 6937.79931640625), (1, 8070.30810546875)]","[(0, 6953.26611328125), (1, 4374.12548828125)]","[(0, 2804.578857421875), (1, 2016.8487548828125)]","[(0, 9242.6259765625), (1, 9239.400390625)]","[(0, 8360.1201171875), (1, 8129.16064453125)]","[(0, 4873.611328125), (1, 4418.6015625)]","[(1, 59.87910563151042), (4, 63.61827392578125), (2, 117.15423114483173), (0, 120.3014385516827), (5, 126.16009990985577), (3, 129.70716271033655)]","[(0, 16212.853515625), (1, 6730.916015625)]","[(2, 128.6022010216346), (1, 131.0216064453125), (0, 255.15462239583334), (4, 439.2301432291667), (5, 471.1806640625), (3, 1207.67490234375)]","[(0, 2243.751953125), (1, 3001.5029296875)]","[(1, 68.15366036551339), (2, 80.16880446213942), (0, 169.22632853190103), (4, 183.9083455403646), (5, 241.4545010653409), (3, 587.348046875)]","[(0, 16392.62890625), (1, 11477.1025390625)]"
396,"[(0, 1067.500244140625), (1, 1085.1177978515625)]","[(0, 4981.8349609375), (1, 5135.693359375)]","[(0, 3881.0673828125), (1, 2460.709716796875)]","[(0, 8850.09375), (1, 7376.86572265625)]","[(0, 3030.712158203125), (1, 2035.485595703125)]","[(0, 15596.298828125), (1, 17042.64453125)]","[(0, 7869.39501953125), (1, 8324.16015625)]","[(0, 904.6248779296875), (1, 686.875244140625)]","[(1, 64.3702872140067), (2, 71.81554706280048), (0, 138.0401611328125), (4, 189.2376912434896), (5, 238.91552734375), (3, 608.165869140625)]","[(0, 2640.154052734375), (1, 1517.240234375)]","[(1, 452.5068359375), (4, 555.89111328125), (0, 664.856591796875), (2, 703.03994140625), (3, 801.693310546875), (5, 878.0955078125)]","[(0, 4976.04248046875), (1, 2591.05859375)]","[(4, 306.92344156901044), (1, 343.6514078776042), (5, 376.24813565340907), (2, 423.9835316051136), (3, 667.4199662642045), (0, 764.4399857954545)]","[(0, 5140.220703125), (1, 4068.60009765625)]"
397,"[(0, 814.800537109375), (1, 997.0684814453125)]","[(0, 2293.216064453125), (1, 2015.8719482421875)]","[(0, 1401.0810546875), (1, 862.9600219726562)]","[(0, 2048.371337890625), (1, 2812.4814453125)]","[(0, 2572.4091796875), (1, 2341.7822265625)]","[(0, 16155.484375), (1, 13837.2041015625)]","[(0, 4506.70458984375), (1, 4663.396484375)]","[(0, 1397.400146484375), (1, 789.5036010742188)]","[(3, 86.53152465820312), (4, 88.64670973557692), (1, 177.61234224759616), (0, 189.01017252604166), (5, 235.2699307528409), (2, 527.0002219460227)]","[(0, 3800.0673828125), (1, 4467.11962890625)]","[(4, 185.5077185997596), (3, 242.13763427734375), (5, 272.71482340494794), (1, 293.7346942608173), (0, 350.1263427734375), (2, 390.1723225911458)]","[(0, 2317.89111328125), (1, 1580.539306640625)]","[(1, 123.8141338641827), (2, 126.8438212076823), (4, 191.0998738606771), (5, 216.4264470880682), (0, 266.31851473721593), (3, 539.87802734375)]","[(0, 15873.2099609375), (1, 12003.5146484375)]"
398,"[(0, 1082.8966064453125), (1, 1202.565673828125)]","[(0, 922.7785034179688), (1, 811.4752807617188)]","[(0, 8284.19921875), (1, 6123.5205078125)]","[(0, 6928.1396484375), (1, 9717.2578125)]","[(0, 8036.544921875), (1, 6850.27197265625)]","[(0, 4274.3154296875), (1, 3871.142333984375)]","[(0, 4956.453125), (1, 4867.37353515625)]","[(0, 1469.1573486328125), (1, 1258.0968017578125)]","[(4, 152.48533412388392), (3, 200.53605769230768), (1, 296.47952974759613), (5, 314.52508544921875), (0, 445.9891764322917), (2, 723.8041548295455)]","[(0, 6010.90283203125), (1, 4782.4794921875)]","[(2, 173.46061197916666), (1, 179.43975360576923), (4, 351.5225016276042), (5, 370.4884144176136), (0, 489.44735440340907), (3, 1189.4904296875)]","[(0, 5387.1005859375), (1, 3108.12451171875)]","[(1, 84.47769601004464), (2, 91.54015174278847), (4, 91.63583608774039), (5, 106.0796610514323), (0, 167.93085734049478), (3, 195.2171963778409)]","[(0, 3096.8310546875), (1, 2533.15087890625)]"
399,"[(0, 1501.0977783203125), (1, 1561.2958984375)]","[(0, 172.28118896484375), (1, 191.5921173095703)]","[(0, 16149.4296875), (1, 8251.2255859375)]","[(0, 5316.1240234375), (1, 5581.7431640625)]","[(0, 10458.3857421875), (1, 6541.17138671875)]","[(0, 6998.7783203125), (1, 7158.26806640625)]","[(0, 9026.841796875), (1, 7428.39404296875)]","[(0, 942.5422973632812), (1, 673.914306640625)]","[(4, 45.92983136858259), (3, 49.49080716646635), (5, 100.15591430664062), (1, 160.67694091796875), (0, 200.83738014914772), (2, 375.40869140625)]","[(0, 12911.0576171875), (1, 10586.21875)]","[(4, 184.47723858173077), (5, 264.5575358072917), (3, 281.4879150390625), (2, 319.34259033203125), (0, 346.111572265625), (1, 357.23670372596155)]","[(0, 6791.70166015625), (1, 2943.7041015625)]","[(1, 33.25909423828125), (4, 53.88914108276367), (2, 60.76997477213542), (0, 68.21931966145833), (5, 78.21184430803571), (3, 78.49646868024554)]","[(0, 1890.8282470703125), (1, 1561.46875)]"
400,"[(0, 997.9536743164062), (1, 1009.7769775390625)]","[(0, 394.5521240234375), (1, 299.75048828125)]","[(0, 2690.1806640625), (1, 2571.677001953125)]","[(0, 2869.11572265625), (1, 2612.369384765625)]","[(0, 6508.03076171875), (1, 3951.7236328125)]","[(0, 2278.075439453125), (1, 2397.699951171875)]","[(0, 17519.912109375), (1, 18571.896484375)]","[(0, 7603.392578125), (1, 5084.3681640625)]","[(4, 76.48585611979166), (3, 94.74651227678571), (5, 132.75675142728366), (1, 170.49076021634616), (0, 220.86456298828125), (2, 339.70803000710225)]","[(0, 2063.623779296875), (1, 849.2327270507812)]","[(4, 228.20263671875), (5, 241.65549538352272), (1, 255.26851399739584), (2, 267.72305575284093), (3, 409.6773792613636), (0, 482.1097301136364)]","[(0, 1805.78662109375), (1, 1596.5279541015625)]","[(2, 137.3825965294471), (1, 141.43479701450892), (4, 319.5793050130208), (0, 321.3798014322917), (5, 323.09303977272725), (3, 951.55693359375)]","[(0, 4400.19970703125), (1, 4038.570556640625)]"
401,"[(0, 674.5831298828125), (1, 652.4747924804688)]","[(0, 1004.5360107421875), (1, 757.8056030273438)]","[(0, 4262.13671875), (1, 3365.867431640625)]","[(0, 6471.8115234375), (1, 6124.7060546875)]","[(0, 4575.34423828125), (1, 4036.387451171875)]","[(0, 2090.07275390625), (1, 1919.4554443359375)]","[(0, 18577.03515625), (1, 17814.439453125)]","[(0, 1319.557861328125), (1, 1237.1993408203125)]","[(4, 52.1400936351103), (3, 58.48138427734375), (5, 95.20211588541666), (1, 99.13841959635417), (0, 132.20982142857142), (2, 227.99688251201923)]","[(0, 4255.57666015625), (1, 4158.689453125)]","[(4, 144.69149076021634), (5, 164.92891438802084), (3, 198.5641072591146), (1, 201.95119065504807), (2, 263.8127848307292), (0, 325.7910970052083)]","[(0, 2225.95751953125), (1, 2967.565673828125)]","[(4, 29.661905924479168), (1, 42.82597133091518), (5, 48.41935847355769), (3, 69.10020564152644), (2, 69.70491536458333), (0, 108.52615356445312)]","[(0, 12394.7919921875), (1, 8724.9931640625)]"
402,"[(0, 1886.2490234375), (1, 2160.009521484375)]","[(0, 1269.3779296875), (1, 1030.9788818359375)]","[(0, 7922.671875), (1, 7455.3916015625)]","[(0, 5622.30859375), (1, 6517.47216796875)]","[(0, 3709.98974609375), (1, 3243.427490234375)]","[(0, 1325.1829833984375), (1, 1351.3604736328125)]","[(0, 11515.5634765625), (1, 11583.9208984375)]","[(0, 1944.30322265625), (1, 1388.1971435546875)]","[(1, 124.98958333333333), (2, 131.20785086495536), (0, 261.6804387019231), (4, 320.20570591517856), (5, 345.6725886418269), (3, 797.5052897135416)]","[(0, 2275.2841796875), (1, 3026.5185546875)]","[(2, 139.3378624549279), (1, 142.45302036830358), (4, 149.07464130108173), (5, 152.1205851236979), (0, 396.6925048828125), (3, 406.54545454545456)]","[(0, 2659.981689453125), (1, 1969.7396240234375)]","[(1, 454.280517578125), (2, 484.86518998579544), (4, 632.8147379557291), (5, 707.4979137073864), (0, 828.6324573863636), (3, 1220.086026278409)]","[(0, 3037.694580078125), (1, 2588.468994140625)]"
403,"[(0, 1486.4595947265625), (1, 1497.5323486328125)]","[(0, 864.5819702148438), (1, 684.2694702148438)]","[(0, 28058.484375), (1, 14739.4208984375)]","[(0, 6761.12744140625), (1, 9460.90625)]","[(0, 13175.376953125), (1, 10021.5009765625)]","[(0, 28966.58203125), (1, 31835.17578125)]","[(0, 6084.40869140625), (1, 5601.44677734375)]","[(0, 2582.6005859375), (1, 1799.3720703125)]","[(1, 67.16282743566177), (4, 69.04690212673611), (2, 88.10552571614583), (5, 94.09010314941406), (0, 154.524755859375), (3, 166.7615203857422)]","[(0, 2144.23876953125), (1, 1705.5423583984375)]","[(2, 152.89921875), (1, 171.21041870117188), (4, 238.35501302083333), (0, 251.25495256696428), (5, 280.11903599330356), (3, 485.8988506610577)]","[(0, 1220.9344482421875), (1, 999.6229858398438)]","[(4, 128.57076590401786), (1, 144.2391075721154), (3, 174.38134765625), (0, 218.46415201822916), (5, 271.12156168619794), (2, 285.66372958096593)]","[(0, 1640.369140625), (1, 1608.19970703125)]"
404,"[(0, 1925.7491455078125), (1, 2142.23583984375)]","[(0, 653.7984008789062), (1, 575.4268188476562)]","[(0, 13099.9140625), (1, 15490.66796875)]","[(0, 31192.58203125), (1, 23162.197265625)]","[(0, 12219.5029296875), (1, 8218.375)]","[(0, 9369.7421875), (1, 8741.0)]","[(0, 26510.244140625), (1, 27475.927734375)]","[(0, 1628.68359375), (1, 1123.5928955078125)]","[(4, 102.42451171875), (1, 104.47438677619485), (2, 108.51576232910156), (5, 109.57693917410714), (3, 132.85191932091345), (0, 147.24669596354167)]","[(0, 1853.525146484375), (1, 701.4560546875)]","[(3, 31.0621280670166), (4, 32.540150361902576), (5, 60.151631673177086), (0, 89.40848795572917), (1, 97.66627502441406), (2, 165.98624093191964)]","[(0, 1390.2235107421875), (1, 1323.760009765625)]","[(4, 277.82726111778845), (1, 341.6700846354167), (5, 383.5262451171875), (2, 468.9987127130682), (3, 501.0141194661458), (0, 633.7001065340909)]","[(0, 3936.606201171875), (1, 3293.558349609375)]"
405,"[(0, 1398.030517578125), (1, 1440.173828125)]","[(0, 1158.62890625), (1, 1980.4052734375)]","[(0, 21437.0625), (1, 25228.3125)]","[(0, 10552.8232421875), (1, 12796.2236328125)]","[(0, 8368.599609375), (1, 6520.38134765625)]","[(0, 1937.0740966796875), (1, 1929.5811767578125)]","[(0, 11447.8388671875), (1, 14822.9140625)]","[(0, 2331.2568359375), (1, 2744.06396484375)]","[(1, 105.37657165527344), (2, 110.7360595703125), (0, 204.77701241629464), (4, 211.24654947916667), (5, 249.17984444754464), (3, 399.72498497596155)]","[(0, 11256.0068359375), (1, 8203.5595703125)]","[(2, 136.66375262920673), (1, 208.92255510602678), (4, 325.50942758413464), (5, 335.6840006510417), (0, 350.7543131510417), (3, 922.4372336647727)]","[(0, 5259.19287109375), (1, 2337.2861328125)]","[(2, 101.96275227864584), (1, 113.12627410888672), (5, 126.91371506911058), (4, 139.73944963727678), (0, 213.51607840401786), (3, 315.68324788411456)]","[(0, 17062.35546875), (1, 12695.5537109375)]"
406,"[(0, 1348.6207275390625), (1, 1469.050048828125)]","[(0, 1684.8333740234375), (1, 3383.216552734375)]","[(0, 5440.3349609375), (1, 3946.548828125)]","[(0, 10665.2685546875), (1, 11993.9267578125)]","[(0, 6004.23974609375), (1, 2305.02197265625)]","[(0, 6238.8681640625), (1, 6186.0087890625)]","[(0, 53917.2890625), (1, 56461.30859375)]","[(0, 8626.576171875), (1, 7030.85546875)]","[(4, 58.09106914813702), (3, 65.25426228841145), (5, 100.99864612926136), (1, 123.1074930826823), (0, 163.4835870916193), (2, 265.6352783203125)]","[(0, 4508.3896484375), (1, 7401.48046875)]","[(4, 39.43493293313419), (5, 63.4759765625), (2, 64.83067975725446), (1, 68.41996002197266), (3, 96.94468587239584), (0, 101.28746686662946)]","[(0, 2824.345947265625), (1, 2431.674072265625)]","[(1, 86.09740397135417), (2, 104.64379010881696), (0, 124.6289532001202), (4, 152.99805626502405), (5, 192.8521525065104), (3, 240.24986683238637)]","[(0, 2031.4132080078125), (1, 1847.3612060546875)]"
407,"[(0, 1031.972412109375), (1, 1045.28759765625)]","[(0, 1027.7789306640625), (1, 1712.6700439453125)]","[(0, 2586.658935546875), (1, 1844.669189453125)]","[(0, 23950.078125), (1, 22118.876953125)]","[(0, 1493.167236328125), (1, 676.10205078125)]","[(0, 5278.81005859375), (1, 5682.62353515625)]","[(0, 22486.0390625), (1, 29068.3359375)]","[(0, 1015.329833984375), (1, 1076.5274658203125)]","[(3, 39.061959402901785), (4, 48.76435953776042), (1, 89.41414097377232), (0, 89.46778282752403), (5, 92.76345590444711), (2, 208.72810872395834)]","[(0, 4296.015625), (1, 1583.888427734375)]","[(4, 573.54736328125), (1, 719.3628817471591), (3, 881.689453125), (5, 966.3583984375), (0, 1174.69326171875), (2, 1265.20771484375)]","[(0, 2423.196533203125), (1, 1991.953125)]","[(3, 91.459814453125), (4, 91.7090835571289), (1, 141.38800048828125), (5, 149.16425432477678), (0, 204.3484825721154), (2, 358.9256591796875)]","[(0, 3504.6474609375), (1, 2805.240966796875)]"
408,"[(0, 1490.66162109375), (1, 1472.8748779296875)]","[(0, 1141.6602783203125), (1, 1753.595947265625)]","[(0, 4012.737060546875), (1, 2819.510986328125)]","[(0, 6194.87548828125), (1, 5855.28173828125)]","[(0, 1526.5400390625), (1, 688.124267578125)]","[(0, 5382.4423828125), (1, 5033.623046875)]","[(0, 18173.00390625), (1, 25945.75)]","[(0, 3671.872314453125), (1, 2030.841796875)]","[(1, 80.45152180989584), (2, 100.43116106305804), (4, 113.32395582932692), (0, 125.49225323016827), (5, 149.63839721679688), (3, 192.900146484375)]","[(0, 2916.583251953125), (1, 2554.07666015625)]","[(1, 67.41787283761161), (4, 74.04964975210336), (0, 130.38548787434897), (2, 137.8543904622396), (3, 143.436279296875), (5, 160.30403275923297)]","[(0, 988.8414306640625), (1, 1079.9342041015625)]","[(3, 39.33330078125), (4, 39.37589645385742), (5, 66.0924551827567), (1, 66.78594534737724), (0, 107.73122934194711), (2, 181.54547119140625)]","[(0, 13295.046875), (1, 8334.12890625)]"
409,"[(0, 1271.749267578125), (1, 1310.0938720703125)]","[(0, 1565.066162109375), (1, 2784.870849609375)]","[(0, 3166.185302734375), (1, 3164.36474609375)]","[(0, 1332.23974609375), (1, 1018.18603515625)]","[(0, 9899.0615234375), (1, 5053.5166015625)]","[(0, 2195.128662109375), (1, 1989.22119140625)]","[(0, 17901.345703125), (1, 18047.6328125)]","[(0, 6479.16064453125), (1, 8057.72607421875)]","[(4, 92.519384765625), (1, 98.64202473958333), (5, 113.25238909040179), (2, 118.93698556082589), (3, 123.41734095982143), (0, 134.51875523158483)]","[(0, 4497.4052734375), (1, 3136.510498046875)]","[(4, 179.62656947544642), (3, 269.00424429086536), (5, 388.5022379557292), (1, 410.8934733072917), (0, 709.8275479403409), (2, 1181.65390625)]","[(0, 7412.84619140625), (1, 3891.767578125)]","[(4, 518.3739483173077), (5, 625.4290771484375), (3, 692.0638020833334), (1, 805.34619140625), (2, 1019.6407137784091), (0, 1081.4827769886363)]","[(0, 1784.3028564453125), (1, 1805.490478515625)]"
410,"[(0, 1492.5712890625), (1, 1495.627685546875)]","[(0, 911.5634765625), (1, 1333.5311279296875)]","[(0, 6407.07861328125), (1, 7171.2431640625)]","[(0, 10728.1279296875), (1, 12067.11328125)]","[(0, 9081.6728515625), (1, 7444.83349609375)]","[(0, 4605.4716796875), (1, 4950.845703125)]","[(0, 18463.291015625), (1, 21022.37109375)]","[(0, 1055.42822265625), (1, 1068.75830078125)]","[(1, 206.5360440340909), (2, 222.735498046875), (4, 312.92800071022725), (5, 365.645166015625), (0, 376.2122314453125), (3, 597.464013671875)]","[(0, 3761.42626953125), (1, 5318.76123046875)]","[(1, 87.94893973214286), (2, 91.70643028846153), (0, 174.80316162109375), (4, 201.861328125), (5, 234.44893022017047), (3, 576.599951171875)]","[(0, 1756.29296875), (1, 1514.7955322265625)]","[(1, 386.29807350852275), (4, 434.24129971590907), (2, 543.823388671875), (5, 636.36298828125), (0, 685.6357421875), (3, 788.253271484375)]","[(0, 2393.117431640625), (1, 1921.8870849609375)]"
411,"[(0, 1166.05029296875), (1, 1272.365478515625)]","[(0, 475.3877258300781), (1, 566.1688842773438)]","[(0, 2867.63427734375), (1, 1824.59326171875)]","[(0, 7004.38671875), (1, 7635.6708984375)]","[(0, 9485.2724609375), (1, 6673.2958984375)]","[(0, 29990.09375), (1, 29439.048828125)]","[(0, 4757.04736328125), (1, 4471.671875)]","[(0, 3891.110595703125), (1, 5066.0)]","[(2, 137.60600789388022), (5, 162.50982196514423), (1, 183.75873272235577), (4, 214.32662527901786), (0, 363.4652913411458), (3, 391.48475060096155)]","[(0, 2447.7373046875), (1, 2422.385498046875)]","[(4, 885.7998046875), (3, 1162.722439236111), (1, 1373.21416015625), (5, 1470.1216362847222), (0, 1932.5987413194443), (2, 2353.447699652778)]","[(0, 4416.01513671875), (1, 2739.87744140625)]","[(4, 109.31089564732143), (3, 174.81619966947116), (1, 215.4801307091346), (5, 274.51320393880206), (0, 370.23583984375), (2, 647.2873757102273)]","[(0, 1445.294189453125), (1, 1378.204833984375)]"
412,"[(0, 1404.7611083984375), (1, 1764.9149169921875)]","[(0, 535.23388671875), (1, 431.49871826171875)]","[(0, 8680.16796875), (1, 5219.12158203125)]","[(0, 7556.0390625), (1, 4073.16943359375)]","[(0, 5268.6806640625), (1, 3596.1298828125)]","[(0, 13322.8935546875), (1, 13693.3662109375)]","[(0, 7248.56884765625), (1, 7195.1376953125)]","[(0, 2927.881103515625), (1, 2478.901611328125)]","[(4, 85.43893868582589), (3, 94.1137225811298), (5, 146.9151611328125), (1, 215.37202962239584), (0, 260.78628817471593), (2, 484.046923828125)]","[(0, 7960.54736328125), (1, 6637.47314453125)]","[(1, 75.90894317626953), (4, 77.43719889322917), (2, 118.92706298828125), (5, 123.94479604867789), (0, 184.9322509765625), (3, 203.4895958533654)]","[(0, 3581.297119140625), (1, 2083.50634765625)]","[(4, 465.4887288411458), (1, 506.3845621744792), (3, 728.8023792613636), (5, 753.9526811079545), (0, 816.5679154829545), (2, 817.8274147727273)]","[(0, 28161.345703125), (1, 20376.958984375)]"
413,"[(0, 1205.60302734375), (1, 1511.7093505859375)]","[(0, 3440.3310546875), (1, 3008.62744140625)]","[(0, 6966.28173828125), (1, 7212.4501953125)]","[(0, 8978.48828125), (1, 4928.15478515625)]","[(0, 1808.064697265625), (1, 1853.9945068359375)]","[(0, 4405.0244140625), (1, 4274.943359375)]","[(0, 8828.48828125), (1, 14832.5302734375)]","[(0, 1034.1146240234375), (1, 1122.0899658203125)]","[(4, 85.86360386439732), (1, 87.23353576660156), (2, 105.5454345703125), (5, 117.53147536057692), (0, 119.43398611886161), (3, 140.94671630859375)]","[(0, 7350.4677734375), (1, 5606.29931640625)]","[(2, 123.19851684570312), (1, 129.07125150240384), (0, 292.90804776278407), (4, 310.7860662286932), (5, 349.6748291015625), (3, 1096.0550130208333)]","[(0, 5034.5302734375), (1, 3395.188720703125)]","[(2, 73.04152018229166), (1, 78.79236602783203), (5, 140.24916428786057), (4, 140.9653058733259), (0, 192.51565987723214), (3, 419.0643310546875)]","[(0, 6001.72021484375), (1, 4747.5341796875)]"
414,"[(0, 1417.761474609375), (1, 1418.4580078125)]","[(0, 5735.39697265625), (1, 6012.85205078125)]","[(0, 8290.9794921875), (1, 9479.1767578125)]","[(0, 3668.341064453125), (1, 2271.9873046875)]","[(0, 1373.7471923828125), (1, 1298.337646484375)]","[(0, 2977.436279296875), (1, 2987.079345703125)]","[(0, 15504.8564453125), (1, 22406.087890625)]","[(0, 2583.132568359375), (1, 1954.8284912109375)]","[(1, 78.9583740234375), (2, 83.79392903645834), (4, 129.16294642857142), (0, 135.95478166852678), (5, 168.3042931189904), (3, 298.0665283203125)]","[(0, 23677.1015625), (1, 9216.888671875)]","[(4, 169.36375075120193), (3, 190.26554361979166), (1, 221.0865681966146), (0, 272.27199485085225), (5, 590.2235440340909), (2, 910.8083984375)]","[(0, 2711.59423828125), (1, 1458.9940185546875)]","[(1, 175.4117149939904), (2, 184.03299967447916), (5, 217.00048828125), (4, 296.55276925223217), (0, 331.58559163411456), (3, 366.9846003605769)]","[(0, 7262.57373046875), (1, 6515.197265625)]"
415,"[(0, 1149.702392578125), (1, 1162.4168701171875)]","[(0, 2905.363525390625), (1, 2572.30517578125)]","[(0, 9888.7587890625), (1, 6004.55419921875)]","[(0, 6537.44189453125), (1, 4201.98876953125)]","[(0, 5478.9111328125), (1, 3517.760498046875)]","[(0, 11860.537109375), (1, 12151.751953125)]","[(0, 11579.0166015625), (1, 11723.20703125)]","[(0, 1595.2266845703125), (1, 1014.3480224609375)]","[(1, 111.81735665457589), (4, 113.59334019252232), (2, 126.54135366586539), (5, 129.43328387920673), (0, 184.30104417067307), (3, 188.83892352764423)]","[(0, 9761.236328125), (1, 6076.1162109375)]","[(4, 99.72442626953125), (3, 145.16362116887018), (1, 201.03515625), (5, 208.720947265625), (0, 252.79886881510416), (2, 327.1863458806818)]","[(0, 5106.12255859375), (1, 3529.70361328125)]","[(4, 48.427259172712056), (1, 55.62437337239583), (5, 94.69346110026042), (3, 95.60776774088542), (2, 99.14496319110577), (0, 104.41300142728366)]","[(0, 7407.1787109375), (1, 5835.2529296875)]"
416,"[(0, 1188.9527587890625), (1, 1286.5150146484375)]","[(0, 1095.6181640625), (1, 964.2842407226562)]","[(0, 3796.053955078125), (1, 3295.402587890625)]","[(0, 8938.0439453125), (1, 8350.884765625)]","[(0, 5925.40966796875), (1, 3822.6025390625)]","[(0, 18452.939453125), (1, 17545.494140625)]","[(0, 25039.314453125), (1, 25864.98828125)]","[(0, 2976.702392578125), (1, 2404.56494140625)]","[(1, 352.4012562144886), (4, 437.41011186079544), (2, 449.799267578125), (0, 541.760107421875), (5, 588.213525390625), (3, 687.5896484375)]","[(0, 3775.3125), (1, 3345.81689453125)]","[(1, 181.73842075892858), (2, 199.93156550480768), (4, 424.9348707932692), (0, 466.7311604817708), (5, 527.9726155598959), (3, 1251.743075284091)]","[(0, 1908.18408203125), (1, 1225.1053466796875)]","[(2, 118.3368671123798), (1, 142.55555943080358), (0, 241.10760498046875), (5, 248.5445889559659), (4, 268.01348876953125), (3, 636.029296875)]","[(0, 14316.255859375), (1, 10403.98046875)]"
417,"[(0, 1026.884033203125), (1, 1037.1817626953125)]","[(0, 1439.4920654296875), (1, 2155.3076171875)]","[(0, 4620.62744140625), (1, 2227.48974609375)]","[(0, 16063.2431640625), (1, 11852.259765625)]","[(0, 4225.12255859375), (1, 2715.030517578125)]","[(0, 5228.537109375), (1, 5691.4150390625)]","[(0, 14523.1884765625), (1, 22374.1015625)]","[(0, 3486.964599609375), (1, 2410.697998046875)]","[(1, 49.891499837239586), (4, 54.05260587993421), (2, 54.49094009399414), (5, 61.61934886259191), (0, 103.20889282226562), (3, 113.26374368106617)]","[(0, 9362.220703125), (1, 8169.8388671875)]","[(2, 99.08021897536058), (1, 123.78687395368304), (4, 137.1072716346154), (5, 167.06451416015625), (0, 241.87186686197916), (3, 425.52725497159093)]","[(0, 1417.6588134765625), (1, 1498.689697265625)]","[(3, 114.31468098958334), (4, 139.58969116210938), (1, 175.14817708333334), (5, 201.68300083705358), (0, 252.3333740234375), (2, 429.96927584134613)]","[(0, 23263.185546875), (1, 15956.884765625)]"
418,"[(0, 1157.6536865234375), (1, 1291.7886962890625)]","[(0, 2160.25244140625), (1, 4052.9931640625)]","[(0, 21879.787109375), (1, 12848.8798828125)]","[(0, 2990.07470703125), (1, 3496.8251953125)]","[(0, 2246.6552734375), (1, 1278.76708984375)]","[(0, 5137.8681640625), (1, 5536.2568359375)]","[(0, 30980.99609375), (1, 42051.94140625)]","[(0, 11531.30078125), (1, 8617.59765625)]","[(5, 151.9654337565104), (4, 167.7003455528846), (3, 182.9631551106771), (2, 183.9157918294271), (1, 207.21039287860577), (0, 232.2267862955729)]","[(0, 5618.06884765625), (1, 6742.74365234375)]","[(4, 94.18498883928571), (3, 120.17823204627403), (5, 204.61376953125), (1, 223.69621394230768), (0, 225.2336222330729), (2, 358.297119140625)]","[(0, 2309.09130859375), (1, 2723.68212890625)]","[(4, 166.51825823102678), (3, 204.89447490985577), (1, 254.53004807692307), (5, 365.4983723958333), (0, 379.5481770833333), (2, 771.9064275568181)]","[(0, 2040.635498046875), (1, 1932.287109375)]"
419,"[(0, 1164.0325927734375), (1, 1178.0054931640625)]","[(0, 1232.75732421875), (1, 1806.1241455078125)]","[(0, 4179.8232421875), (1, 2750.031982421875)]","[(0, 3171.573486328125), (1, 2956.685546875)]","[(0, 9142.7373046875), (1, 3912.55517578125)]","[(0, 5147.888671875), (1, 5251.83984375)]","[(0, 17288.4921875), (1, 31039.494140625)]","[(0, 1783.145263671875), (1, 1953.168212890625)]","[(4, 259.33119710286456), (5, 334.21493252840907), (3, 334.51724520596593), (1, 478.01273287259613), (0, 534.403076171875), (2, 541.1600341796875)]","[(0, 5551.45166015625), (1, 3403.96142578125)]","[(4, 38.20707600911458), (1, 57.33539254324777), (3, 86.59180626502403), (5, 86.63682204026442), (2, 141.29534912109375), (0, 153.50385538736978)]","[(0, 2700.935302734375), (1, 1775.968017578125)]","[(4, 218.81434215198863), (1, 256.4666341145833), (0, 287.95390181107956), (5, 294.753564453125), (3, 295.7561279296875), (2, 303.3291681463068)]","[(0, 9255.662109375), (1, 6512.7373046875)]"
420,"[(0, 1007.8379516601562), (1, 1055.75146484375)]","[(0, 671.5449829101562), (1, 827.3468627929688)]","[(0, 5521.919921875), (1, 4789.654296875)]","[(0, 16460.6953125), (1, 11303.85546875)]","[(0, 8227.4091796875), (1, 3976.614501953125)]","[(0, 3932.72607421875), (1, 3931.97265625)]","[(0, 16438.18359375), (1, 29094.65625)]","[(0, 3415.365478515625), (1, 4252.404296875)]","[(4, 75.92425896139706), (3, 82.52637481689453), (1, 111.71622721354167), (0, 124.17783028738839), (5, 126.591552734375), (2, 232.00146484375)]","[(0, 2053.339111328125), (1, 1612.7720947265625)]","[(4, 764.8695913461538), (2, 1108.0673828125), (5, 1144.9051106770833), (0, 1202.6167805989583), (3, 1231.949951171875), (1, 1258.5902193509614)]","[(0, 3422.93359375), (1, 4359.46240234375)]","[(4, 51.662818908691406), (1, 74.33646937779018), (5, 80.71226283482143), (3, 85.43927408854167), (2, 136.32392374674478), (0, 147.72859074519232)]","[(0, 11686.939453125), (1, 8149.35791015625)]"
421,"[(0, 1238.238037109375), (1, 1342.3385009765625)]","[(0, 426.32745361328125), (1, 299.41107177734375)]","[(0, 2094.964111328125), (1, 1875.456298828125)]","[(0, 3108.640380859375), (1, 3753.080810546875)]","[(0, 4587.5693359375), (1, 2770.099609375)]","[(0, 4162.46728515625), (1, 4156.2236328125)]","[(0, 26019.1171875), (1, 22764.357421875)]","[(0, 2075.816162109375), (1, 2902.080322265625)]","[(4, 34.009776395909924), (1, 46.57187271118164), (5, 58.76362711588542), (3, 65.29095865885417), (2, 88.03558349609375), (0, 102.7509765625)]","[(0, 3554.45068359375), (1, 2441.4453125)]","[(0, 210.6246337890625), (2, 236.6211140950521), (4, 270.7084773137019), (3, 308.54461669921875), (5, 361.2350260416667), (1, 374.3362379807692)]","[(0, 1181.4375), (1, 1282.755126953125)]","[(1, 29.680538177490234), (2, 35.13036295572917), (4, 46.352803548177086), (5, 60.53436715262277), (0, 67.99992152622768), (3, 105.25355881911058)]","[(0, 13536.73828125), (1, 9891.8896484375)]"
422,"[(0, 1164.8438720703125), (1, 1369.1119384765625)]","[(0, 4693.1591796875), (1, 3974.612548828125)]","[(0, 3169.7109375), (1, 3477.152099609375)]","[(0, 2839.7529296875), (1, 2561.87109375)]","[(0, 16750.23828125), (1, 11106.2333984375)]","[(0, 25368.9453125), (1, 27924.423828125)]","[(0, 9550.09765625), (1, 10086.5771484375)]","[(0, 1374.6075439453125), (1, 1483.0760498046875)]","[(1, 54.85498860677083), (2, 64.77178519112724), (4, 87.12772042410714), (5, 103.88312237079327), (0, 107.44557542067308), (3, 196.6272176106771)]","[(0, 1023.3406372070312), (1, 1137.93408203125)]","[(4, 121.43971761067708), (3, 176.19399192116478), (1, 229.16344105113637), (5, 285.57939453125), (0, 421.325634765625), (2, 668.1073676215278)]","[(0, 6357.61865234375), (1, 4564.18310546875)]","[(1, 48.385074869791666), (4, 62.35237775530134), (2, 92.9483642578125), (0, 123.27451735276442), (5, 142.91447957356772), (3, 155.6175537109375)]","[(0, 5100.17041015625), (1, 4040.83203125)]"
423,"[(0, 1406.1744384765625), (1, 1503.90771484375)]","[(0, 7214.1494140625), (1, 7715.25244140625)]","[(0, 6817.1845703125), (1, 6373.53564453125)]","[(0, 2627.744873046875), (1, 2655.407958984375)]","[(0, 10845.234375), (1, 7199.1328125)]","[(0, 7828.72705078125), (1, 7124.9833984375)]","[(0, 79413.6015625), (1, 70748.140625)]","[(0, 1793.2896728515625), (1, 1928.7872314453125)]","[(1, 225.89836237980768), (4, 243.98557692307693), (2, 307.530517578125), (0, 327.46071370442706), (5, 336.308837890625), (3, 342.0505777994792)]","[(0, 5837.62939453125), (1, 8581.4384765625)]","[(1, 549.3063151041666), (4, 577.9763405539773), (0, 675.3407315340909), (3, 726.65849609375), (2, 753.7153764204545), (5, 812.1791015625)]","[(0, 3568.23291015625), (1, 3355.67822265625)]","[(4, 101.1697998046875), (3, 152.30264718191964), (5, 198.29569185697116), (1, 198.43719951923077), (0, 336.48496500651044), (2, 511.14723899147725)]","[(0, 14712.3173828125), (1, 10224.158203125)]"
424,"[(0, 1170.800048828125), (1, 1282.875)]","[(0, 3430.55126953125), (1, 3040.749755859375)]","[(0, 13636.287109375), (1, 8073.61767578125)]","[(0, 4838.6923828125), (1, 7363.12451171875)]","[(0, 8708.4755859375), (1, 4432.55908203125)]","[(0, 3732.560546875), (1, 3660.561767578125)]","[(0, 23622.341796875), (1, 29063.123046875)]","[(0, 907.0108642578125), (1, 826.8460083007812)]","[(2, 54.6823299632353), (5, 60.720115661621094), (1, 67.94363742404514), (4, 72.79301901424633), (0, 144.06092834472656), (3, 144.2943359375)]","[(0, 2026.1004638671875), (1, 1096.321044921875)]","[(4, 951.1876775568181), (5, 1283.30087890625), (1, 1312.52626953125), (3, 1647.8900390625), (2, 1811.466796875), (0, 2821.0818142361113)]","[(0, 6404.45166015625), (1, 7324.97509765625)]","[(1, 26.050389906939337), (4, 37.62373262293198), (5, 44.66881103515625), (3, 47.295849609375), (2, 49.8847412109375), (0, 53.87991536458333)]","[(0, 10131.53125), (1, 6589.42626953125)]"
425,"[(0, 899.225830078125), (1, 938.4880981445312)]","[(0, 2196.93505859375), (1, 2355.086669921875)]","[(0, 13125.962890625), (1, 10157.091796875)]","[(0, 6317.0166015625), (1, 5924.380859375)]","[(0, 9024.1298828125), (1, 4354.970703125)]","[(0, 14182.064453125), (1, 15084.0068359375)]","[(0, 8637.302734375), (1, 13871.662109375)]","[(0, 8153.298828125), (1, 5564.01318359375)]","[(3, 33.909220377604164), (4, 34.92622375488281), (5, 70.42389787946429), (1, 76.9107177734375), (0, 86.76445661272321), (2, 203.96589543269232)]","[(0, 4020.5283203125), (1, 3546.35498046875)]","[(4, 89.31708170572917), (3, 120.50113351004464), (5, 176.06165489783655), (1, 218.81682477678572), (0, 228.484130859375), (2, 345.1629231770833)]","[(0, 3605.13671875), (1, 1917.107421875)]","[(4, 69.44416222205528), (3, 108.77572631835938), (1, 148.6626180013021), (5, 184.97181285511363), (0, 279.8973499644886), (2, 506.188037109375)]","[(0, 3571.940673828125), (1, 3123.400634765625)]"
426,"[(0, 1073.4161376953125), (1, 986.7039794921875)]","[(0, 3484.903564453125), (1, 3445.104736328125)]","[(0, 5998.779296875), (1, 4773.2294921875)]","[(0, 6070.21435546875), (1, 5395.65625)]","[(0, 10108.4931640625), (1, 5292.66748046875)]","[(0, 19537.98046875), (1, 19929.583984375)]","[(0, 3292.867431640625), (1, 6319.9814453125)]","[(0, 628.4784545898438), (1, 494.2557067871094)]","[(2, 47.755257742745535), (1, 52.16267496744792), (0, 82.86835186298077), (4, 142.51789738581732), (5, 149.00654093424478), (3, 300.37278053977275)]","[(0, 2060.96875), (1, 2346.693603515625)]","[(4, 487.9397536057692), (2, 489.67810997596155), (1, 493.5973423549107), (0, 494.0427809495192), (5, 585.8683268229166), (3, 631.2475992838541)]","[(0, 3737.255126953125), (1, 3723.839111328125)]","[(2, 154.6901189630682), (1, 175.9041951497396), (5, 176.77053000710228), (4, 191.88818359375), (0, 309.9017223011364), (3, 352.29640891335225)]","[(0, 5671.0), (1, 5481.6865234375)]"
427,"[(0, 795.962890625), (1, 814.1065063476562)]","[(0, 5083.49072265625), (1, 5644.06640625)]","[(0, 7233.24560546875), (1, 4184.79248046875)]","[(0, 8584.7041015625), (1, 7721.435546875)]","[(0, 9574.9208984375), (1, 4749.4228515625)]","[(0, 25417.37890625), (1, 24483.41015625)]","[(0, 4717.880859375), (1, 4695.52294921875)]","[(0, 727.330322265625), (1, 922.1051025390625)]","[(1, 214.76730143229167), (2, 237.69632393973214), (0, 249.16749790736608), (4, 276.5220249720982), (3, 339.4269456129808), (5, 343.7766676682692)]","[(0, 6773.2734375), (1, 2569.806640625)]","[(4, 92.25551194411058), (1, 101.7878887469952), (5, 181.663330078125), (3, 190.9812677556818), (2, 204.7664240056818), (0, 222.3924893465909)]","[(0, 1022.146728515625), (1, 1116.8751220703125)]","[(4, 75.55276925223214), (3, 122.81381460336539), (1, 148.86481182391827), (5, 152.03530883789062), (0, 262.23402913411456), (2, 320.99691495028407)]","[(0, 5702.03076171875), (1, 5194.18994140625)]"
428,"[(0, 1293.9580078125), (1, 1388.66455078125)]","[(0, 2686.286376953125), (1, 2783.69580078125)]","[(0, 6795.28466796875), (1, 6488.0087890625)]","[(0, 7147.97412109375), (1, 8474.9443359375)]","[(0, 14129.482421875), (1, 7985.63232421875)]","[(0, 12317.5029296875), (1, 11423.9326171875)]","[(0, 7698.80322265625), (1, 8011.12451171875)]","[(0, 3454.728271484375), (1, 3318.8330078125)]","[(0, 56.409474092371326), (1, 66.93819427490234), (2, 77.69344075520833), (4, 97.79285481770833), (5, 134.82783726283483), (3, 203.54792668269232)]","[(0, 2662.910888671875), (1, 2778.562255859375)]","[(1, 76.93766784667969), (2, 80.20756022135417), (0, 158.40618024553572), (4, 221.95682198660714), (5, 256.540283203125), (3, 543.6087239583334)]","[(0, 5526.46630859375), (1, 5632.87060546875)]","[(4, 51.814918518066406), (3, 52.7565673828125), (5, 75.14866420200893), (1, 76.84518868582589), (0, 122.86466158353366), (2, 189.15486653645834)]","[(0, 12077.15234375), (1, 8506.4267578125)]"
429,"[(0, 1553.747314453125), (1, 1485.9847412109375)]","[(0, 1526.8822021484375), (1, 1530.226318359375)]","[(0, 5271.0830078125), (1, 4894.0537109375)]","[(0, 13071.984375), (1, 17048.642578125)]","[(0, 11311.6513671875), (1, 6645.73876953125)]","[(0, 6765.6748046875), (1, 7694.046875)]","[(0, 24351.376953125), (1, 33234.5546875)]","[(0, 2801.153564453125), (1, 3085.663818359375)]","[(4, 24.4496675379136), (3, 27.807811737060547), (1, 33.587886555989584), (5, 39.21601155598958), (0, 41.880955287388396), (2, 64.3264911358173)]","[(0, 7594.6748046875), (1, 11146.609375)]","[(4, 57.45207801231971), (3, 74.83921305338542), (5, 144.35036399147728), (1, 191.149169921875), (0, 321.993359375), (2, 585.6457248263889)]","[(0, 1978.3826904296875), (1, 1463.5797119140625)]","[(1, 105.1447002704327), (5, 144.39510091145834), (4, 147.6966834435096), (2, 161.77977498372397), (3, 198.6900838216146), (0, 228.52081298828125)]","[(0, 2671.1796875), (1, 2506.34912109375)]"
430,"[(0, 784.7283325195312), (1, 820.5272827148438)]","[(0, 2663.8798828125), (1, 2524.46875)]","[(0, 4502.74365234375), (1, 2112.897705078125)]","[(0, 3286.887451171875), (1, 3618.2080078125)]","[(0, 5386.61767578125), (1, 2911.7890625)]","[(0, 5806.75732421875), (1, 6187.11181640625)]","[(0, 19256.544921875), (1, 30309.7109375)]","[(0, 963.7293701171875), (1, 1161.5286865234375)]","[(1, 178.45156028053978), (2, 213.1376220703125), (4, 290.9727894176136), (0, 296.479345703125), (5, 372.5455078125), (3, 497.41162109375)]","[(0, 5043.6513671875), (1, 3328.262451171875)]","[(1, 186.66741071428572), (2, 225.302734375), (0, 500.8751220703125), (4, 608.74267578125), (5, 835.3951526988636), (3, 2219.4013671875)]","[(0, 3490.604736328125), (1, 4292.6123046875)]","[(5, 167.57303292410714), (2, 167.60680213341345), (1, 179.39109584263392), (4, 185.47099609375), (3, 351.76876395089283), (0, 365.3356745793269)]","[(0, 16020.744140625), (1, 10446.513671875)]"
431,"[(0, 1336.969970703125), (1, 1542.873046875)]","[(0, 3747.162109375), (1, 4091.373779296875)]","[(0, 12120.67578125), (1, 9651.130859375)]","[(0, 4229.70654296875), (1, 5492.6806640625)]","[(0, 1858.1817626953125), (1, 1041.70703125)]","[(0, 15186.966796875), (1, 14160.076171875)]","[(0, 4088.97900390625), (1, 3923.832763671875)]","[(0, 3833.606201171875), (1, 2490.324951171875)]","[(1, 107.9219970703125), (2, 117.59380634014423), (4, 153.0616455078125), (5, 172.11634239783655), (0, 172.65022160456732), (3, 238.93537785456732)]","[(0, 9264.0693359375), (1, 6552.55322265625)]","[(4, 188.04559795673077), (5, 240.1956787109375), (3, 244.0223185221354), (0, 305.70208740234375), (2, 306.864013671875), (1, 457.3464543269231)]","[(0, 3191.20947265625), (1, 1630.8843994140625)]","[(4, 133.3536376953125), (1, 187.87486853966345), (5, 191.28731282552084), (3, 240.972900390625), (2, 267.5808512369792), (0, 341.6612955729167)]","[(0, 17244.88671875), (1, 12999.4697265625)]"
432,"[(0, 922.8119506835938), (1, 901.0056762695312)]","[(0, 1859.5538330078125), (1, 1818.7706298828125)]","[(0, 14690.4873046875), (1, 14565.244140625)]","[(0, 2510.839599609375), (1, 2461.94677734375)]","[(0, 7650.75244140625), (1, 4082.5263671875)]","[(0, 2364.959228515625), (1, 2560.086669921875)]","[(0, 8582.9609375), (1, 8926.697265625)]","[(0, 2087.5888671875), (1, 1419.4398193359375)]","[(4, 393.3806559244792), (3, 443.3341175426136), (1, 489.2215169270833), (5, 521.4668412642045), (0, 579.2178622159091), (2, 633.4656871448864)]","[(0, 8236.3740234375), (1, 3485.26904296875)]","[(2, 127.276953125), (1, 168.35330200195312), (0, 267.1737060546875), (4, 296.73385184151783), (5, 310.02944711538464), (3, 795.6319986979166)]","[(0, 2759.4013671875), (1, 3156.061767578125)]","[(1, 147.76311786358173), (2, 171.6573282877604), (4, 223.53511868990384), (0, 237.55902099609375), (5, 244.8017781575521), (3, 324.34954833984375)]","[(0, 10629.7900390625), (1, 6997.36962890625)]"
433,"[(0, 1446.6104736328125), (1, 1457.3232421875)]","[(0, 1219.65673828125), (1, 1152.84130859375)]","[(0, 2894.566162109375), (1, 1971.0399169921875)]","[(0, 3303.89892578125), (1, 2894.890625)]","[(0, 11759.015625), (1, 6705.9599609375)]","[(0, 33197.875), (1, 33141.47265625)]","[(0, 5804.0947265625), (1, 6017.05126953125)]","[(0, 2950.993896484375), (1, 2690.515380859375)]","[(2, 46.65789794921875), (1, 55.83746337890625), (0, 115.13219197591145), (5, 177.35350452769887), (4, 202.61602783203125), (3, 531.285009765625)]","[(0, 11092.83203125), (1, 12085.0341796875)]","[(4, 200.6480224609375), (3, 226.48796929253473), (5, 293.7745768229167), (1, 358.1156982421875), (0, 459.50678168402777), (2, 573.0943467881945)]","[(0, 7538.23193359375), (1, 6179.22216796875)]","[(3, 89.63193184988839), (4, 90.57389322916667), (1, 108.23594447544643), (5, 133.5603966346154), (0, 175.41990309495193), (2, 278.03102620442706)]","[(0, 3133.5029296875), (1, 2750.573486328125)]"
434,"[(0, 1284.3770751953125), (1, 1298.3995361328125)]","[(0, 1072.8153076171875), (1, 1771.563232421875)]","[(0, 11015.013671875), (1, 6479.48779296875)]","[(0, 2688.8994140625), (1, 2729.709716796875)]","[(0, 1568.6171875), (1, 1172.279296875)]","[(0, 17678.603515625), (1, 18297.22265625)]","[(0, 11197.3876953125), (1, 11693.8623046875)]","[(0, 3129.623291015625), (1, 3892.76611328125)]","[(4, 195.32389322916666), (1, 214.5331013997396), (5, 233.0087890625), (2, 244.6766690340909), (3, 267.42360617897725), (0, 299.23628373579544)]","[(0, 1156.8800048828125), (1, 1430.333740234375)]","[(2, 108.18877704326923), (1, 176.79316057477678), (4, 213.57209123883928), (5, 218.82001201923077), (0, 282.5182291666667), (3, 579.6234537760416)]","[(0, 2884.341796875), (1, 2255.87890625)]","[(1, 115.71055385044643), (3, 141.61163736979168), (4, 146.35252380371094), (5, 163.25669642857142), (0, 189.70951021634616), (2, 208.09330240885416)]","[(0, 19185.66015625), (1, 12999.2099609375)]"
435,"[(0, 1377.65625), (1, 1517.8118896484375)]","[(0, 1230.5462646484375), (1, 2240.700439453125)]","[(0, 21482.82421875), (1, 15430.7763671875)]","[(0, 7226.18505859375), (1, 8455.98046875)]","[(0, 13042.9453125), (1, 7427.5439453125)]","[(0, 2592.197998046875), (1, 2619.724365234375)]","[(0, 29572.875), (1, 39830.421875)]","[(0, 6769.06982421875), (1, 3499.727783203125)]","[(4, 239.7920587713068), (1, 266.5249689275568), (5, 328.2236083984375), (2, 348.2232421875), (3, 374.751953125), (0, 441.18388671875)]","[(0, 2989.247802734375), (1, 1653.810302734375)]","[(4, 64.97960989815849), (3, 77.3302753155048), (0, 122.53554280598958), (5, 125.109130859375), (1, 136.01598182091345), (2, 192.03406871448863)]","[(0, 1015.1289672851562), (1, 648.400634765625)]","[(1, 98.16924579326923), (2, 119.34098307291667), (4, 182.4907430013021), (5, 238.70714222301137), (0, 255.00816761363637), (3, 521.276416015625)]","[(0, 18233.294921875), (1, 13138.763671875)]"
436,"[(0, 1360.3721923828125), (1, 1476.9334716796875)]","[(0, 933.2268676757812), (1, 1480.177490234375)]","[(0, 1785.9498291015625), (1, 1942.6649169921875)]","[(0, 1798.9927978515625), (1, 1878.6444091796875)]","[(0, 6585.66259765625), (1, 3657.3095703125)]","[(0, 5350.92529296875), (1, 5332.5048828125)]","[(0, 8719.095703125), (1, 10521.55078125)]","[(0, 4745.11279296875), (1, 7310.02685546875)]","[(2, 64.28245544433594), (1, 75.78774844898896), (5, 134.66080729166666), (4, 165.38426208496094), (0, 174.50227864583334), (3, 432.15799386160717)]","[(0, 5882.814453125), (1, 5446.98486328125)]","[(4, 35.818307059151785), (1, 42.39279409555289), (5, 74.37289937337239), (3, 76.62862650553386), (2, 86.17905495383523), (0, 96.05921519886364)]","[(0, 2565.782958984375), (1, 2088.097412109375)]","[(4, 342.0831853693182), (5, 368.3867919921875), (1, 438.44247159090907), (2, 497.2939453125), (3, 590.539404296875), (0, 795.9302734375)]","[(0, 2149.086669921875), (1, 1833.015380859375)]"
437,"[(0, 1325.455322265625), (1, 1537.5029296875)]","[(0, 542.7808837890625), (1, 769.7543334960938)]","[(0, 2624.610595703125), (1, 2111.760498046875)]","[(0, 4148.4658203125), (1, 4517.41943359375)]","[(0, 11441.5732421875), (1, 7694.6044921875)]","[(0, 23115.48046875), (1, 23816.900390625)]","[(0, 7452.875), (1, 6782.1416015625)]","[(0, 2614.181396484375), (1, 2372.4296875)]","[(4, 120.63105991908482), (1, 141.96495564778647), (5, 156.86140950520834), (3, 163.87120643028845), (2, 187.912744140625), (0, 216.93199573863637)]","[(0, 7069.11181640625), (1, 7815.0908203125)]","[(2, 249.89776611328125), (1, 284.4729755108173), (0, 507.65625), (5, 596.06455078125), (4, 678.5007990056819), (3, 1640.747829861111)]","[(0, 5826.7060546875), (1, 6161.1982421875)]","[(4, 231.21675248579547), (5, 301.4471923828125), (1, 314.72613525390625), (3, 378.2917236328125), (2, 400.7566583806818), (0, 418.36039595170456)]","[(0, 10782.994140625), (1, 7206.17333984375)]"
438,"[(0, 1051.7447509765625), (1, 1113.6976318359375)]","[(0, 265.6723937988281), (1, 284.975830078125)]","[(0, 4278.7529296875), (1, 4235.07861328125)]","[(0, 7111.8544921875), (1, 8265.8037109375)]","[(0, 8637.4013671875), (1, 5680.86767578125)]","[(0, 17623.240234375), (1, 18550.3359375)]","[(0, 11024.125), (1, 12028.2216796875)]","[(0, 1620.635986328125), (1, 1497.2952880859375)]","[(1, 72.54476492745536), (4, 76.88192749023438), (3, 91.66690266927084), (0, 97.29156024639423), (5, 115.88199288504464), (2, 116.98011271158855)]","[(0, 1476.0303955078125), (1, 1379.7711181640625)]","[(4, 90.05509440104167), (3, 109.76797921316964), (0, 200.53395432692307), (5, 227.07585261418268), (1, 286.91697474888394), (2, 493.2456868489583)]","[(0, 1482.373291015625), (1, 1253.82080078125)]","[(1, 38.020425235523895), (4, 40.955972110523895), (3, 49.207906087239586), (5, 52.23246663411458), (0, 67.0396728515625), (2, 70.03050944010417)]","[(0, 841.8331909179688), (1, 697.2518920898438)]"
439,"[(0, 1346.712890625), (1, 1498.68896484375)]","[(0, 4176.2607421875), (1, 4390.06494140625)]","[(0, 27906.427734375), (1, 32888.17578125)]","[(0, 5446.8916015625), (1, 6466.86962890625)]","[(0, 5015.0224609375), (1, 3381.519775390625)]","[(0, 5141.53955078125), (1, 4942.44873046875)]","[(0, 42355.09375), (1, 62387.578125)]","[(0, 7762.49365234375), (1, 6202.4365234375)]","[(4, 128.0481896033654), (3, 160.0783894856771), (5, 251.38083718039772), (1, 257.80751546223956), (0, 409.42697975852275), (2, 680.108642578125)]","[(0, 4336.83837890625), (1, 2483.080078125)]","[(4, 183.1551180752841), (3, 226.5600341796875), (5, 274.7300537109375), (1, 277.70565518465907), (0, 372.298681640625), (2, 424.136767578125)]","[(0, 1803.3626708984375), (1, 1456.890380859375)]","[(1, 39.82717660757211), (2, 44.091573079427086), (4, 69.90049743652344), (0, 85.94833651455966), (5, 87.20450661399148), (3, 175.72520751953124)]","[(0, 25957.1328125), (1, 16621.4375)]"
440,"[(0, 1164.156982421875), (1, 1142.1949462890625)]","[(0, 6640.11328125), (1, 7999.86328125)]","[(0, 9375.328125), (1, 6498.994140625)]","[(0, 6352.01806640625), (1, 6327.4892578125)]","[(0, 5214.81787109375), (1, 3599.355224609375)]","[(0, 7416.876953125), (1, 8400.416015625)]","[(0, 9320.9453125), (1, 8494.3564453125)]","[(0, 4366.46923828125), (1, 3983.279541015625)]","[(1, 22.080354963030135), (4, 24.136949811662948), (2, 41.74970499674479), (0, 47.57952372233073), (5, 47.712381998697914), (3, 51.76441955566406)]","[(0, 13053.0244140625), (1, 6664.25244140625)]","[(2, 416.33127663352275), (1, 471.5406901041667), (4, 480.3015950520833), (5, 596.2027254971591), (0, 639.74072265625), (3, 875.1993963068181)]","[(0, 1459.2340087890625), (1, 1707.923583984375)]","[(4, 97.84245954241071), (1, 161.80579552283655), (3, 166.57566481370193), (5, 198.77250162760416), (0, 286.96641031901044), (2, 382.07151100852275)]","[(0, 16777.54296875), (1, 12913.384765625)]"
441,"[(0, 1502.4605712890625), (1, 1580.7752685546875)]","[(0, 3313.169189453125), (1, 3380.658935546875)]","[(0, 8713.0615234375), (1, 6502.1748046875)]","[(0, 2898.72802734375), (1, 2777.417724609375)]","[(0, 8818.6943359375), (1, 4223.9462890625)]","[(0, 5604.67431640625), (1, 6058.87841796875)]","[(0, 9036.109375), (1, 9541.3310546875)]","[(0, 1905.9344482421875), (1, 1834.11181640625)]","[(1, 105.1962890625), (2, 137.37009974888392), (4, 180.13924734933036), (0, 248.0836463341346), (5, 257.69349083533655), (3, 441.1031494140625)]","[(0, 1824.5914306640625), (1, 2183.264892578125)]","[(4, 132.71115112304688), (5, 188.48910086495536), (3, 200.78894856770833), (0, 341.57699819711536), (2, 342.2845458984375), (1, 370.73060825892856)]","[(0, 679.3660278320312), (1, 528.1531372070312)]","[(4, 153.79462541852678), (3, 210.31417142427884), (1, 301.31216195913464), (5, 387.1492513020833), (0, 447.5242513020833), (2, 860.4303089488636)]","[(0, 2660.931884765625), (1, 2120.610107421875)]"
442,"[(0, 1075.8214111328125), (1, 1200.662841796875)]","[(0, 1168.3021240234375), (1, 1172.4442138671875)]","[(0, 4425.52587890625), (1, 4218.13720703125)]","[(0, 2668.423583984375), (1, 3501.603759765625)]","[(0, 7033.390625), (1, 3274.73193359375)]","[(0, 5738.5322265625), (1, 5669.9833984375)]","[(0, 20740.353515625), (1, 19504.283203125)]","[(0, 2227.607666015625), (1, 1569.8570556640625)]","[(1, 80.86324310302734), (2, 100.02776692708333), (4, 114.456396484375), (5, 175.43340192522322), (0, 184.32524762834822), (3, 276.8702862079327)]","[(0, 4622.166015625), (1, 2620.425048828125)]","[(1, 76.40325164794922), (2, 82.9295654296875), (4, 167.43094308035714), (0, 183.80793108258928), (5, 188.07329852764423), (3, 526.8992106119791)]","[(0, 955.1827392578125), (1, 958.6990356445312)]","[(1, 46.155443464006694), (2, 58.62878887469952), (0, 91.44210815429688), (4, 94.17376708984375), (5, 133.4590398615057), (3, 220.0050537109375)]","[(0, 3364.946044921875), (1, 3080.985595703125)]"
443,"[(0, 894.1629028320312), (1, 1017.723388671875)]","[(0, 227.51670837402344), (1, 178.6625213623047)]","[(0, 8725.7587890625), (1, 5644.7607421875)]","[(0, 16357.943359375), (1, 17041.587890625)]","[(0, 6744.3193359375), (1, 5605.22509765625)]","[(0, 3842.27685546875), (1, 3632.632568359375)]","[(0, 21600.826171875), (1, 20497.529296875)]","[(0, 2749.6044921875), (1, 4220.8212890625)]","[(1, 47.859561920166016), (2, 51.875634765625), (0, 77.51939174107143), (4, 93.16171700613839), (5, 117.63485952524039), (3, 203.77823893229166)]","[(0, 721.0317993164062), (1, 989.6688232421875)]","[(1, 374.6336669921875), (2, 417.15020073784723), (0, 850.6828884548611), (4, 1012.5021484375), (5, 1271.1356336805557), (3, 2325.552300347222)]","[(0, 1690.9234619140625), (1, 2089.77392578125)]","[(4, 460.56125710227275), (1, 540.88818359375), (5, 541.89541015625), (2, 650.20380859375), (3, 735.37001953125), (0, 883.36259765625)]","[(0, 14217.896484375), (1, 8861.986328125)]"
444,"[(0, 1360.0706787109375), (1, 1290.8052978515625)]","[(0, 1221.9293212890625), (1, 1293.4232177734375)]","[(0, 11855.1767578125), (1, 11166.67578125)]","[(0, 9341.8330078125), (1, 12281.43359375)]","[(0, 5365.09033203125), (1, 4443.14794921875)]","[(0, 2462.39404296875), (1, 2623.8271484375)]","[(0, 4874.857421875), (1, 5360.2109375)]","[(0, 4022.9521484375), (1, 2968.87646484375)]","[(1, 51.603057861328125), (2, 53.86872276893029), (4, 82.31473795572917), (5, 91.56655606356534), (0, 95.435546875), (3, 177.263720703125)]","[(0, 6998.63134765625), (1, 4511.41357421875)]","[(2, 168.38828822544642), (1, 198.83328450520833), (0, 317.6311222956731), (4, 323.0934361049107), (5, 387.12830528846155), (3, 807.9586588541666)]","[(0, 4288.26708984375), (1, 3575.976318359375)]","[(2, 46.86910502115885), (1, 50.923828125), (5, 80.46725741299716), (4, 85.0952657063802), (0, 98.92206365411931), (3, 184.10408935546874)]","[(0, 13642.9736328125), (1, 10539.537109375)]"
445,"[(0, 1144.288330078125), (1, 1119.907958984375)]","[(0, 2510.31884765625), (1, 2839.509033203125)]","[(0, 3314.060302734375), (1, 2433.881591796875)]","[(0, 21712.45703125), (1, 19321.830078125)]","[(0, 6421.71728515625), (1, 4438.92529296875)]","[(0, 6271.2236328125), (1, 7019.0849609375)]","[(0, 34263.546875), (1, 39621.06640625)]","[(0, 833.9432373046875), (1, 751.0819702148438)]","[(4, 110.5268325805664), (3, 144.64637044270833), (5, 194.60030691964286), (1, 199.1986328125), (0, 277.25136021205356), (2, 361.25401893028845)]","[(0, 1742.9869384765625), (1, 1487.0189208984375)]","[(4, 135.71480887276786), (3, 181.50612229567307), (5, 364.735107421875), (1, 451.2261149088542), (0, 747.3316761363636), (2, 1790.7201171875)]","[(0, 11397.5537109375), (1, 6466.0927734375)]","[(1, 103.8531024639423), (2, 156.71316528320312), (0, 196.24393717447916), (5, 247.8541056315104), (4, 248.3092322716346), (3, 298.02134195963544)]","[(0, 3956.463623046875), (1, 3377.1142578125)]"
446,"[(0, 1261.8812255859375), (1, 1335.532470703125)]","[(0, 1234.8394775390625), (1, 1140.729736328125)]","[(0, 5030.8779296875), (1, 3713.92236328125)]","[(0, 3569.822509765625), (1, 3363.431640625)]","[(0, 10281.7314453125), (1, 7577.572265625)]","[(0, 20607.78125), (1, 19471.015625)]","[(0, 8385.3759765625), (1, 9249.9443359375)]","[(0, 1600.25341796875), (1, 1051.8204345703125)]","[(4, 23.594646453857422), (1, 24.03215789794922), (5, 33.5099857875279), (2, 33.65819658551897), (3, 45.485870361328125), (0, 47.49271937779018)]","[(0, 7614.81494140625), (1, 6483.32666015625)]","[(2, 162.16550856370193), (5, 173.39083158052884), (1, 211.70200892857142), (4, 225.45835658482142), (0, 275.0226487379808), (3, 292.6975285456731)]","[(0, 1933.046630859375), (1, 1193.5294189453125)]","[(2, 86.41241924579327), (1, 115.85055106026786), (5, 117.4847412109375), (4, 160.80728585379464), (0, 316.7767740885417), (3, 485.3148193359375)]","[(0, 12594.1728515625), (1, 9845.8759765625)]"
447,"[(0, 1221.6776123046875), (1, 1276.8648681640625)]","[(0, 819.448486328125), (1, 789.8541259765625)]","[(0, 9092.513671875), (1, 6219.19921875)]","[(0, 8081.69091796875), (1, 8636.0595703125)]","[(0, 10030.966796875), (1, 10846.3515625)]","[(0, 6697.2353515625), (1, 6596.68212890625)]","[(0, 9228.61328125), (1, 9123.3671875)]","[(0, 2762.659912109375), (1, 2220.51708984375)]","[(1, 87.91839192708333), (2, 93.20676967075893), (0, 161.11867112379807), (4, 164.99197823660714), (5, 188.47838416466345), (3, 425.4002685546875)]","[(0, 2083.6953125), (1, 1854.655029296875)]","[(4, 58.6349853515625), (3, 79.61494663783482), (5, 106.84459510216347), (0, 193.37259928385416), (1, 204.92106745793268), (2, 307.28806374289775)]","[(0, 1217.1514892578125), (1, 1466.1634521484375)]","[(1, 264.47100830078125), (2, 366.96042702414775), (0, 408.8132990056818), (4, 409.7043050130208), (5, 594.1763139204545), (3, 640.7127130681819)]","[(0, 11991.3408203125), (1, 8730.8447265625)]"
448,"[(0, 1435.33154296875), (1, 1733.1328125)]","[(0, 449.97088623046875), (1, 321.5638732910156)]","[(0, 3288.407958984375), (1, 2794.64013671875)]","[(0, 2071.02490234375), (1, 2421.18359375)]","[(0, 7113.64501953125), (1, 7920.45068359375)]","[(0, 27973.759765625), (1, 28155.8671875)]","[(0, 14038.029296875), (1, 15088.869140625)]","[(0, 494.95831298828125), (1, 580.0845947265625)]","[(1, 108.96595177283653), (2, 132.73368326822916), (4, 185.1007283528646), (5, 227.65261008522728), (0, 241.96242453835228), (3, 462.205517578125)]","[(0, 2814.88330078125), (1, 3710.9521484375)]","[(4, 78.42492206280048), (3, 94.60476684570312), (5, 199.661865234375), (1, 241.3609064275568), (0, 410.015869140625), (2, 908.3583441840278)]","[(0, 1399.9912109375), (1, 1033.8385009765625)]","[(4, 78.04208984375), (3, 92.39692905970982), (1, 104.25047889122597), (0, 144.22540283203125), (5, 156.9835486778846), (2, 264.40682705965907)]","[(0, 2916.143798828125), (1, 2205.9921875)]"
449,"[(0, 872.3482055664062), (1, 879.0887451171875)]","[(0, 1803.0643310546875), (1, 1604.9669189453125)]","[(0, 9493.9228515625), (1, 8805.3232421875)]","[(0, 3766.857421875), (1, 4636.23095703125)]","[(0, 6512.787109375), (1, 4263.78271484375)]","[(0, 10222.04296875), (1, 10459.642578125)]","[(0, 12194.439453125), (1, 13778.0537109375)]","[(0, 6078.17431640625), (1, 6013.2705078125)]","[(4, 34.403438568115234), (3, 36.55056966145833), (5, 63.981680733816965), (1, 95.47814069475446), (0, 114.4068603515625), (2, 204.83154296875)]","[(0, 2810.26025390625), (1, 3256.53173828125)]","[(2, 272.28342692057294), (0, 404.4170735677083), (1, 423.02880859375), (4, 516.1668795072115), (5, 624.8210042317709), (3, 834.63623046875)]","[(0, 1718.3265380859375), (1, 794.2401123046875)]","[(4, 261.71934000651044), (1, 324.6190592447917), (3, 330.5011541193182), (5, 340.9933416193182), (0, 411.54563210227275), (2, 439.06050248579544)]","[(0, 2952.363525390625), (1, 2453.31591796875)]"
450,"[(0, 1422.57763671875), (1, 1397.880615234375)]","[(0, 2785.162841796875), (1, 2757.03173828125)]","[(0, 7902.22216796875), (1, 6950.52783203125)]","[(0, 4839.869140625), (1, 5036.36962890625)]","[(0, 4418.787109375), (1, 2809.509765625)]","[(0, 15018.23828125), (1, 14595.6259765625)]","[(0, 15616.33203125), (1, 16789.275390625)]","[(0, 1232.565185546875), (1, 946.925048828125)]","[(1, 108.7843246459961), (2, 108.81982421875), (0, 164.86676897321428), (4, 193.955078125), (5, 205.1598182091346), (3, 347.5948079427083)]","[(0, 2441.562744140625), (1, 1887.2574462890625)]","[(4, 128.52554859834558), (2, 149.03746744791667), (1, 162.75820025275735), (5, 179.26946614583332), (0, 207.86263020833334), (3, 253.44171549479168)]","[(0, 2754.639892578125), (1, 4063.446533203125)]","[(4, 280.51247151692706), (5, 317.1597789417614), (1, 389.20871803977275), (2, 459.34140625), (3, 475.64985795454544), (0, 568.384814453125)]","[(0, 2413.0185546875), (1, 2185.49267578125)]"
451,"[(0, 1654.24169921875), (1, 1949.1962890625)]","[(0, 1269.6103515625), (1, 1144.9034423828125)]","[(0, 5829.75146484375), (1, 4583.0302734375)]","[(0, 2383.006591796875), (1, 2265.91455078125)]","[(0, 3088.1748046875), (1, 2140.208984375)]","[(0, 11992.9423828125), (1, 12091.224609375)]","[(0, 15920.1767578125), (1, 17012.619140625)]","[(0, 2108.1767578125), (1, 3284.1240234375)]","[(1, 116.17709585336539), (4, 118.65877591646634), (2, 163.15595499674478), (5, 171.20975748697916), (0, 203.79951985677084), (3, 207.7255859375)]","[(0, 5033.18115234375), (1, 6779.76171875)]","[(4, 556.7564808238636), (1, 785.8520951704545), (5, 887.03486328125), (3, 946.4994140625), (2, 1286.72109375), (0, 1357.60927734375)]","[(0, 1349.7021484375), (1, 1574.858642578125)]","[(1, 102.13207135881696), (2, 104.0494854266827), (4, 198.1119666466346), (5, 229.10235595703125), (0, 239.74015299479166), (3, 568.6185191761364)]","[(0, 16198.4345703125), (1, 11738.220703125)]"
452,"[(0, 1808.0277099609375), (1, 1857.94873046875)]","[(0, 1202.7939453125), (1, 1266.4287109375)]","[(0, 10920.4169921875), (1, 7665.61474609375)]","[(0, 6974.85693359375), (1, 8852.939453125)]","[(0, 2960.73046875), (1, 1835.956298828125)]","[(0, 7448.57568359375), (1, 6911.146484375)]","[(0, 17239.294921875), (1, 21888.177734375)]","[(0, 6671.609375), (1, 4074.8828125)]","[(4, 214.02880859375), (1, 260.853759765625), (3, 276.0284893329327), (5, 303.4958683894231), (0, 341.6681941105769), (2, 378.6830303485577)]","[(0, 7248.45849609375), (1, 1948.24658203125)]","[(1, 1276.2087890625), (4, 1309.98525390625), (2, 1509.9717881944443), (5, 1609.3858506944443), (0, 2093.7209201388887), (3, 2163.8092447916665)]","[(0, 2620.31005859375), (1, 3689.37744140625)]","[(1, 40.09435696072049), (2, 53.619772518382355), (4, 66.4180679321289), (0, 76.59622192382812), (5, 98.360595703125), (3, 147.51027134486608)]","[(0, 2227.7373046875), (1, 1933.432861328125)]"
453,"[(0, 1172.849609375), (1, 1322.83447265625)]","[(0, 984.0712890625), (1, 1790.5443115234375)]","[(0, 15339.6171875), (1, 9623.8251953125)]","[(0, 10771.462890625), (1, 7119.1357421875)]","[(0, 5805.1962890625), (1, 3472.697998046875)]","[(0, 2747.11181640625), (1, 2558.6357421875)]","[(0, 6940.2880859375), (1, 6519.02587890625)]","[(0, 1590.4425048828125), (1, 1682.244384765625)]","[(1, 89.88406808035714), (2, 108.52550330528847), (4, 171.4329630533854), (0, 185.2012736002604), (5, 234.258056640625), (3, 428.647998046875)]","[(0, 1702.3199462890625), (1, 1538.4952392578125)]","[(2, 23.398008219401042), (1, 32.40299987792969), (5, 45.941048758370535), (4, 59.14039306640625), (0, 61.68825422014509), (3, 132.53108097956732)]","[(0, 4743.56982421875), (1, 3013.09814453125)]","[(1, 80.55486382378473), (2, 115.4165267944336), (4, 139.27768283420139), (5, 164.8750457763672), (0, 181.96624755859375), (3, 256.8941650390625)]","[(0, 1964.3641357421875), (1, 1576.88232421875)]"
454,"[(0, 1086.075439453125), (1, 1261.102294921875)]","[(0, 1211.166748046875), (1, 2499.622314453125)]","[(0, 2095.916259765625), (1, 1802.5107421875)]","[(0, 2542.275146484375), (1, 2088.879150390625)]","[(0, 4516.5751953125), (1, 3006.017578125)]","[(0, 6023.34375), (1, 6495.59912109375)]","[(0, 17529.90625), (1, 19584.35546875)]","[(0, 928.6148071289062), (1, 931.1679077148438)]","[(2, 39.944832938058035), (1, 40.34315185546875), (0, 68.11264742337741), (4, 77.91861196664664), (5, 90.85007731119792), (3, 178.5020197088068)]","[(0, 1660.9459228515625), (1, 1515.1024169921875)]","[(4, 485.03357872596155), (2, 610.8792724609375), (5, 633.29833984375), (0, 760.806396484375), (3, 796.224853515625), (1, 883.611328125)]","[(0, 2459.848876953125), (1, 2312.593017578125)]","[(3, 36.059790717230904), (1, 45.786397298177086), (5, 48.23046515969669), (4, 48.37344842208059), (0, 63.935302734375), (2, 85.88700866699219)]","[(0, 3100.1669921875), (1, 2463.406494140625)]"
455,"[(0, 1206.303955078125), (1, 1220.0703125)]","[(0, 905.9229125976562), (1, 1513.093994140625)]","[(0, 3001.139404296875), (1, 2845.33154296875)]","[(0, 9432.275390625), (1, 9794.3115234375)]","[(0, 8192.59765625), (1, 4847.61572265625)]","[(0, 9023.4423828125), (1, 9773.2529296875)]","[(0, 9255.1064453125), (1, 8832.134765625)]","[(0, 891.9854736328125), (1, 778.6649780273438)]","[(2, 49.03438822428385), (1, 63.26087364783654), (5, 101.66578165690105), (4, 128.45743502103366), (0, 158.7661687677557), (3, 361.08589311079544)]","[(0, 1053.1905517578125), (1, 1052.893798828125)]","[(4, 411.101953125), (1, 503.84596946022725), (5, 543.3674587673611), (3, 594.8382161458334), (0, 647.11142578125), (2, 668.114697265625)]","[(0, 2280.83935546875), (1, 1468.7755126953125)]","[(4, 257.70310756138394), (5, 280.0089768629808), (3, 329.33169320913464), (1, 333.94388253348217), (2, 412.36087740384613), (0, 496.41225961538464)]","[(0, 4918.9794921875), (1, 3857.22705078125)]"
456,"[(0, 1527.6351318359375), (1, 1503.4818115234375)]","[(0, 3578.275634765625), (1, 3146.10595703125)]","[(0, 3840.441650390625), (1, 3609.271728515625)]","[(0, 5255.26708984375), (1, 4599.9150390625)]","[(0, 8227.1572265625), (1, 6088.39013671875)]","[(0, 9903.5751953125), (1, 9158.4541015625)]","[(0, 23588.21484375), (1, 23979.859375)]","[(0, 1460.491943359375), (1, 1768.5272216796875)]","[(1, 47.62628173828125), (4, 51.994632720947266), (2, 69.9226318359375), (5, 78.56094796316964), (0, 113.210888671875), (3, 128.0625)]","[(0, 5787.2421875), (1, 8529.7421875)]","[(4, 65.63347981770833), (3, 72.6725594656808), (5, 143.48966158353366), (0, 192.13069661458334), (1, 208.97990534855768), (2, 397.36989524147725)]","[(0, 1670.2294921875), (1, 1083.102783203125)]","[(4, 70.89060974121094), (1, 77.63033854166666), (2, 151.39984600360577), (5, 170.58548677884616), (0, 192.8108849158654), (3, 211.72701322115384)]","[(0, 14045.662109375), (1, 10128.85546875)]"
457,"[(0, 1390.4005126953125), (1, 1551.5291748046875)]","[(0, 4809.2353515625), (1, 5143.5703125)]","[(0, 17729.830078125), (1, 9864.7109375)]","[(0, 3513.15380859375), (1, 5459.24267578125)]","[(0, 6871.53076171875), (1, 5171.72998046875)]","[(0, 6441.75634765625), (1, 6238.43359375)]","[(0, 37397.453125), (1, 50798.92578125)]","[(0, 1372.5150146484375), (1, 1700.587890625)]","[(4, 56.695014504825366), (5, 60.32391357421875), (3, 63.517757415771484), (1, 76.25755208333334), (2, 78.5673076923077), (0, 97.49805559430804)]","[(0, 851.9830932617188), (1, 435.7791442871094)]","[(1, 589.93994140625), (2, 611.0106879340278), (4, 776.2626953125), (0, 820.0934787326389), (5, 840.5604926215278), (3, 1120.3256293402778)]","[(0, 2691.107177734375), (1, 2452.21875)]","[(1, 80.79289027622768), (5, 97.71320049579327), (2, 98.7613525390625), (3, 112.71615835336539), (0, 113.2714374248798), (4, 174.6546630859375)]","[(0, 3285.652587890625), (1, 2124.9921875)]"
458,"[(0, 959.818359375), (1, 963.2295532226562)]","[(0, 2685.115966796875), (1, 2571.91259765625)]","[(0, 4379.86083984375), (1, 2276.4716796875)]","[(0, 1868.318359375), (1, 1518.8082275390625)]","[(0, 8211.51171875), (1, 4616.81298828125)]","[(0, 2468.4697265625), (1, 2695.189453125)]","[(0, 20500.8515625), (1, 35386.3359375)]","[(0, 553.7695922851562), (1, 772.8909301757812)]","[(1, 62.2947998046875), (4, 64.00052083333334), (0, 108.94049944196429), (3, 111.42347130408653), (2, 111.92548479352679), (5, 119.42650428185097)]","[(0, 475.06524658203125), (1, 415.1828308105469)]","[(4, 80.16974639892578), (3, 100.9836669921875), (5, 147.3741455078125), (0, 296.48433743990387), (1, 338.222412109375), (2, 503.6533203125)]","[(0, 1775.2645263671875), (1, 1423.6138916015625)]","[(1, 33.22069091796875), (4, 43.00746808733259), (0, 65.22107872596153), (2, 68.88590651292067), (3, 81.06329854329427), (5, 92.88955688476562)]","[(0, 12312.8984375), (1, 9160.978515625)]"
459,"[(0, 1482.2108154296875), (1, 1438.71533203125)]","[(0, 1123.809326171875), (1, 1093.054931640625)]","[(0, 5062.67724609375), (1, 4165.8427734375)]","[(0, 5151.6650390625), (1, 4990.4658203125)]","[(0, 3964.22119140625), (1, 2231.03173828125)]","[(0, 36981.82421875), (1, 36350.5703125)]","[(0, 18554.654296875), (1, 19982.833984375)]","[(0, 1204.6744384765625), (1, 1546.6798095703125)]","[(4, 174.29572941706732), (1, 190.97355769230768), (5, 221.68365478515625), (2, 234.0616455078125), (3, 278.0032145182292), (0, 317.08083089192706)]","[(0, 3235.75634765625), (1, 2157.021484375)]","[(1, 209.3349405924479), (2, 212.636962890625), (4, 662.8712269176136), (0, 689.9326171875), (5, 743.117138671875), (3, 3440.4950086805557)]","[(0, 5898.22314453125), (1, 5671.47607421875)]","[(4, 183.0294855291193), (1, 185.07856889204547), (5, 226.510205078125), (2, 230.7604248046875), (3, 320.5251953125), (0, 321.4883056640625)]","[(0, 28056.69140625), (1, 19912.6171875)]"
460,"[(0, 1147.6845703125), (1, 1384.1829833984375)]","[(0, 350.98468017578125), (1, 275.17291259765625)]","[(0, 3217.020751953125), (1, 1586.92431640625)]","[(0, 6902.80810546875), (1, 6984.36865234375)]","[(0, 9993.0986328125), (1, 6571.1015625)]","[(0, 12733.056640625), (1, 12315.587890625)]","[(0, 14641.92578125), (1, 15484.87890625)]","[(0, 3513.64990234375), (1, 2695.7216796875)]","[(1, 444.97427133413464), (2, 483.9213460286458), (0, 544.80810546875), (4, 570.7422281901041), (5, 657.95166015625), (3, 724.0388849431819)]","[(0, 2499.586669921875), (1, 2221.071044921875)]","[(4, 555.1679280598959), (1, 803.5142415364584), (3, 810.2713955965909), (5, 829.06640625), (0, 1193.9410511363637), (2, 1242.2116477272727)]","[(0, 1664.510498046875), (1, 1894.05419921875)]","[(2, 76.0559833233173), (1, 82.38186209542411), (0, 239.53047688802084), (5, 310.07612748579544), (4, 313.12921142578125), (3, 962.0126953125)]","[(0, 15956.21484375), (1, 11325.1875)]"
461,"[(0, 1568.7406005859375), (1, 1582.63134765625)]","[(0, 3112.8916015625), (1, 3069.430419921875)]","[(0, 11271.4208984375), (1, 9983.40234375)]","[(0, 8026.2275390625), (1, 9737.314453125)]","[(0, 8562.873046875), (1, 5218.23046875)]","[(0, 3463.2490234375), (1, 3443.357421875)]","[(0, 15827.9521484375), (1, 17832.1328125)]","[(0, 1117.781982421875), (1, 1451.055419921875)]","[(3, 58.592603410993306), (4, 59.98066813151042), (1, 105.38099772135416), (0, 108.58628627232143), (5, 124.9117901141827), (2, 241.85357196514423)]","[(0, 16572.29296875), (1, 13451.7900390625)]","[(2, 76.74522181919643), (1, 122.89775390625), (0, 130.60975999098557), (4, 155.0606407752404), (5, 183.12200927734375), (3, 355.9135076349432)]","[(0, 2956.34033203125), (1, 4352.9775390625)]","[(4, 324.23386637369794), (1, 391.4473876953125), (5, 399.8282581676136), (3, 405.5030628551136), (2, 469.7547496448864), (0, 523.7515536221591)]","[(0, 1959.8582763671875), (1, 1798.016845703125)]"
462,"[(0, 1206.323486328125), (1, 1314.0078125)]","[(0, 4235.365234375), (1, 5125.68212890625)]","[(0, 12553.3671875), (1, 9517.1748046875)]","[(0, 2846.61669921875), (1, 2216.812255859375)]","[(0, 8174.83447265625), (1, 6638.802734375)]","[(0, 19071.71875), (1, 19584.990234375)]","[(0, 14565.8125), (1, 14014.0439453125)]","[(0, 1047.4385986328125), (1, 418.1343688964844)]","[(1, 46.24015638563368), (4, 51.279379451976105), (3, 77.71919759114583), (0, 77.73824310302734), (2, 81.04231262207031), (5, 83.11162923177083)]","[(0, 3178.634765625), (1, 4474.36328125)]","[(2, 64.5877205984933), (4, 85.89193021334134), (1, 87.27581380208333), (0, 109.43343411959134), (5, 109.49960327148438), (3, 220.05564186789772)]","[(0, 2093.150634765625), (1, 1915.56298828125)]","[(4, 108.53785705566406), (3, 118.86778157552084), (1, 126.05232747395833), (5, 179.37459891183036), (0, 189.58790806361608), (2, 273.18783804086536)]","[(0, 14628.4013671875), (1, 10610.9814453125)]"
463,"[(0, 810.4467163085938), (1, 798.6420288085938)]","[(0, 2406.8603515625), (1, 2504.50927734375)]","[(0, 5928.8798828125), (1, 5422.29931640625)]","[(0, 10545.09765625), (1, 8743.7685546875)]","[(0, 8219.60546875), (1, 7496.25048828125)]","[(0, 34319.73046875), (1, 38975.52734375)]","[(0, 16496.998046875), (1, 17303.369140625)]","[(0, 1583.52294921875), (1, 1951.3509521484375)]","[(4, 166.94130161830358), (1, 178.35531180245536), (5, 214.75972806490384), (3, 219.3017578125), (2, 232.14244666466345), (0, 235.49430964543268)]","[(0, 2603.46044921875), (1, 2733.432373046875)]","[(4, 262.3728778545673), (0, 299.65809044471155), (3, 322.680419921875), (2, 345.82192758413464), (5, 385.59912109375), (1, 490.7464076450893)]","[(0, 3519.887939453125), (1, 1195.603271484375)]","[(1, 57.39263916015625), (2, 62.82549579326923), (0, 126.1810811360677), (4, 140.81094360351562), (5, 164.90988991477272), (3, 348.391015625)]","[(0, 2292.201416015625), (1, 1826.618896484375)]"
464,"[(0, 1186.819580078125), (1, 1155.2379150390625)]","[(0, 1374.6593017578125), (1, 1368.315185546875)]","[(0, 5490.15673828125), (1, 4778.9599609375)]","[(0, 4497.22900390625), (1, 3407.797607421875)]","[(0, 16017.689453125), (1, 8242.1728515625)]","[(0, 36244.40234375), (1, 31821.546875)]","[(0, 9901.951171875), (1, 10088.9140625)]","[(0, 3671.630859375), (1, 3522.59130859375)]","[(1, 68.14402262369792), (4, 92.53362165178571), (2, 129.86528132512018), (0, 148.08836012620193), (5, 196.02545166015625), (3, 216.1937459309896)]","[(0, 7838.8798828125), (1, 4641.16796875)]","[(3, 130.7889404296875), (4, 150.13092912946428), (0, 317.62076083096593), (5, 317.7337646484375), (1, 339.6192220052083), (2, 894.14794921875)]","[(0, 1430.2178955078125), (1, 1777.2294921875)]","[(4, 62.5895761343149), (3, 97.16757202148438), (1, 97.77703857421875), (5, 152.00841175426137), (0, 181.6416681463068), (2, 285.771044921875)]","[(0, 2075.9794921875), (1, 1759.5125732421875)]"
465,"[(0, 1261.351806640625), (1, 1238.8486328125)]","[(0, 1220.560791015625), (1, 2294.215576171875)]","[(0, 11089.458984375), (1, 7729.99658203125)]","[(0, 3812.49951171875), (1, 4188.8974609375)]","[(0, 10507.6123046875), (1, 5289.3369140625)]","[(0, 20069.599609375), (1, 19426.41015625)]","[(0, 6765.2939453125), (1, 6955.42822265625)]","[(0, 1710.50732421875), (1, 1696.581787109375)]","[(2, 57.582559024586395), (1, 66.61992730034723), (5, 77.67017415364583), (4, 86.72856903076172), (0, 93.15582275390625), (3, 142.9302019391741)]","[(0, 3639.102783203125), (1, 4218.03271484375)]","[(4, 104.340087890625), (3, 141.14417521158853), (1, 184.4412508877841), (5, 217.96522105823863), (0, 326.7472900390625), (2, 425.6313747829861)]","[(0, 3033.922119140625), (1, 4072.9443359375)]","[(1, 219.6588338216146), (2, 240.44080699573863), (4, 304.58693625710225), (0, 313.98026899857956), (5, 369.8490966796875), (3, 535.84375)]","[(0, 2135.791748046875), (1, 1734.44482421875)]"
466,"[(0, 1311.634765625), (1, 1292.3431396484375)]","[(0, 1934.3770751953125), (1, 4474.56396484375)]","[(0, 2580.636962890625), (1, 1950.2821044921875)]","[(0, 7670.4990234375), (1, 9365.9443359375)]","[(0, 8502.5830078125), (1, 6502.59033203125)]","[(0, 11883.814453125), (1, 12908.55859375)]","[(0, 13046.578125), (1, 17660.26953125)]","[(0, 1262.123779296875), (1, 1329.7734375)]","[(2, 31.246771240234374), (1, 35.07355499267578), (0, 65.28789411272321), (5, 104.38682204026442), (4, 104.55081612723214), (3, 251.7758585611979)]","[(0, 1759.5328369140625), (1, 1700.2806396484375)]","[(2, 77.44444274902344), (1, 86.839111328125), (0, 220.27978515625), (5, 227.19788707386363), (4, 248.51411946614584), (3, 896.984375)]","[(0, 9573.98046875), (1, 5787.17578125)]","[(4, 48.02581317608173), (1, 65.8262939453125), (3, 68.43592325846355), (5, 106.2878085049716), (0, 110.90764825994319), (2, 177.793212890625)]","[(0, 14044.322265625), (1, 10170.904296875)]"
467,"[(0, 1066.994384765625), (1, 1045.983642578125)]","[(0, 1063.6365966796875), (1, 1878.867431640625)]","[(0, 1240.7344970703125), (1, 893.4562377929688)]","[(0, 7078.79931640625), (1, 7929.5654296875)]","[(0, 9196.8076171875), (1, 5633.55859375)]","[(0, 18614.044921875), (1, 18860.98046875)]","[(0, 6656.28076171875), (1, 9721.3173828125)]","[(0, 978.4088745117188), (1, 724.6028442382812)]","[(1, 214.4459561434659), (2, 224.826806640625), (4, 242.0597127278646), (5, 243.45387961647728), (0, 383.641845703125), (3, 386.49263139204544)]","[(0, 2938.184326171875), (1, 3773.228759765625)]","[(4, 56.54282760620117), (3, 73.01039225260416), (5, 106.23833356584821), (1, 149.02249581473214), (0, 194.26307091346155), (2, 295.6716715494792)]","[(0, 3995.39306640625), (1, 2909.83740234375)]","[(1, 879.09423828125), (4, 1001.468994140625), (2, 1086.5173117897727), (5, 1238.3212890625), (0, 1561.7672230113637), (3, 1725.717684659091)]","[(0, 12616.1474609375), (1, 8947.4169921875)]"
468,"[(0, 1412.0975341796875), (1, 1535.94873046875)]","[(0, 926.2249755859375), (1, 1426.3460693359375)]","[(0, 3525.414306640625), (1, 3720.14013671875)]","[(0, 29349.931640625), (1, 23665.861328125)]","[(0, 6127.92578125), (1, 3188.24365234375)]","[(0, 25307.736328125), (1, 24984.857421875)]","[(0, 10004.923828125), (1, 9745.5087890625)]","[(0, 1455.7216796875), (1, 1085.482666015625)]","[(1, 149.92633928571428), (2, 166.48640324519232), (0, 179.98039362980768), (4, 213.04725864955358), (5, 243.76346529447116), (3, 249.157958984375)]","[(0, 3788.91796875), (1, 3014.218994140625)]","[(1, 71.81120082310268), (4, 82.76034780649039), (2, 154.4027099609375), (0, 179.57489013671875), (5, 184.14781605113637), (3, 231.38780628551137)]","[(0, 1861.407958984375), (1, 791.0828857421875)]","[(4, 82.241943359375), (1, 125.9541015625), (3, 135.08128943810095), (5, 197.1608683268229), (0, 208.84598795572916), (2, 305.4304865056818)]","[(0, 2259.515380859375), (1, 2001.26123046875)]"
469,"[(0, 653.8720092773438), (1, 660.066162109375)]","[(0, 369.7989807128906), (1, 270.7235107421875)]","[(0, 1868.6951904296875), (1, 1872.2083740234375)]","[(0, 8773.2197265625), (1, 10027.255859375)]","[(0, 17044.9375), (1, 9509.3369140625)]","[(0, 8397.3798828125), (1, 7440.9794921875)]","[(0, 20340.16796875), (1, 21137.16015625)]","[(0, 2595.641357421875), (1, 2484.962158203125)]","[(4, 43.19371880425347), (1, 47.072761086856616), (5, 66.59956359863281), (2, 74.39396158854167), (3, 83.91151428222656), (0, 98.94092610677083)]","[(0, 2470.90380859375), (1, 1006.7523803710938)]","[(2, 64.79825063852164), (1, 98.41550990513393), (4, 134.30596923828125), (5, 135.16215632512018), (0, 211.168701171875), (3, 453.3050130208333)]","[(0, 10489.8212890625), (1, 9015.4853515625)]","[(4, 64.8408203125), (3, 76.52095383864183), (1, 99.2940673828125), (5, 133.25611368815103), (0, 147.52597878196022), (2, 247.3888916015625)]","[(0, 17350.06640625), (1, 12553.126953125)]"
470,"[(0, 1128.614501953125), (1, 1103.7574462890625)]","[(0, 714.03662109375), (1, 1416.932861328125)]","[(0, 5658.5693359375), (1, 4265.42626953125)]","[(0, 2981.1513671875), (1, 3981.270263671875)]","[(0, 4781.79541015625), (1, 2862.392333984375)]","[(0, 9347.5537109375), (1, 10461.0390625)]","[(0, 15607.0712890625), (1, 29484.169921875)]","[(0, 1480.3736572265625), (1, 1494.2127685546875)]","[(4, 23.031334771050346), (3, 27.013303868910846), (5, 30.797807693481445), (1, 33.203681497012866), (0, 42.33301544189453), (2, 45.969852701822916)]","[(0, 1391.94482421875), (1, 1603.26806640625)]","[(2, 30.90806007385254), (5, 40.85408121744792), (1, 43.19458366842831), (4, 58.79907989501953), (0, 83.21278483072916), (3, 121.49147251674107)]","[(0, 2951.649658203125), (1, 3614.572998046875)]","[(1, 44.22218322753906), (4, 45.99380258413461), (3, 68.25156148274739), (2, 79.70445556640625), (5, 82.80459317294034), (0, 84.71308482776989)]","[(0, 9947.84765625), (1, 6727.27734375)]"
471,"[(0, 1322.1810302734375), (1, 1398.1246337890625)]","[(0, 1044.417724609375), (1, 2125.255615234375)]","[(0, 7566.1552734375), (1, 4983.38427734375)]","[(0, 7397.6416015625), (1, 7966.8896484375)]","[(0, 6708.8828125), (1, 3071.72021484375)]","[(0, 15135.1328125), (1, 14842.0537109375)]","[(0, 7438.3828125), (1, 12696.2421875)]","[(0, 3632.31396484375), (1, 3452.80126953125)]","[(2, 89.89096505301339), (1, 93.13429361979166), (4, 171.37618582589286), (5, 180.202880859375), (0, 204.16761192908655), (3, 488.7728678385417)]","[(0, 11457.287109375), (1, 8109.93359375)]","[(4, 176.9612833658854), (3, 192.267822265625), (1, 320.6059163411458), (0, 395.78036221590907), (5, 431.61708984375), (2, 881.9232421875)]","[(0, 1867.0902099609375), (1, 1337.1956787109375)]","[(5, 185.92657470703125), (4, 189.22509765625), (1, 205.3544921875), (3, 211.8353271484375), (2, 271.6837158203125), (0, 310.5760091145833)]","[(0, 20131.53515625), (1, 14602.837890625)]"
472,"[(0, 1405.17578125), (1, 1676.4107666015625)]","[(0, 630.1582641601562), (1, 1070.1361083984375)]","[(0, 5047.27978515625), (1, 3446.948486328125)]","[(0, 3094.61669921875), (1, 3318.966064453125)]","[(0, 12655.3115234375), (1, 10288.705078125)]","[(0, 38994.4140625), (1, 38300.41015625)]","[(0, 3911.290771484375), (1, 3517.002197265625)]","[(0, 1829.3934326171875), (1, 1048.79052734375)]","[(2, 162.15326944986978), (1, 179.69756610576923), (5, 290.66050211588544), (4, 314.74507962740387), (0, 384.8951526988636), (3, 719.3010919744319)]","[(0, 8305.4619140625), (1, 7211.69384765625)]","[(2, 107.74659142127403), (1, 129.85292271205358), (4, 274.1312913161058), (0, 283.92380777994794), (5, 314.5667724609375), (3, 994.048828125)]","[(0, 5005.91015625), (1, 4457.44677734375)]","[(1, 53.33722941080729), (2, 94.88822174072266), (0, 97.94591522216797), (4, 100.38762071397569), (5, 111.1448745727539), (3, 112.91797637939453)]","[(0, 11107.537109375), (1, 8215.6630859375)]"
473,"[(0, 784.3527221679688), (1, 822.234130859375)]","[(0, 446.7136535644531), (1, 609.1284790039062)]","[(0, 3286.47705078125), (1, 1646.87890625)]","[(0, 3023.388427734375), (1, 3712.47412109375)]","[(0, 10010.3447265625), (1, 7074.25048828125)]","[(0, 6926.83154296875), (1, 6871.45166015625)]","[(0, 11262.01953125), (1, 12095.294921875)]","[(0, 2382.073974609375), (1, 1093.185791015625)]","[(2, 62.820556640625), (1, 63.28399658203125), (4, 77.25067138671875), (5, 86.37375895182292), (0, 142.45732625325522), (3, 179.6707430752841)]","[(0, 5881.89404296875), (1, 3347.064453125)]","[(4, 33.69074922449448), (5, 53.12941080729167), (2, 58.13766682942708), (3, 60.1217529296875), (1, 61.3436279296875), (0, 66.403466796875)]","[(0, 3900.94580078125), (1, 2363.945556640625)]","[(4, 55.85317121233259), (3, 72.32594181941106), (5, 82.02854919433594), (1, 90.16834513346355), (0, 157.26059792258522), (2, 189.802685546875)]","[(0, 3894.789794921875), (1, 3118.772216796875)]"
474,"[(0, 1487.344482421875), (1, 1506.5281982421875)]","[(0, 807.9899291992188), (1, 1424.606689453125)]","[(0, 2626.186767578125), (1, 2327.6845703125)]","[(0, 10226.6552734375), (1, 6340.7607421875)]","[(0, 8259.201171875), (1, 6081.99462890625)]","[(0, 4042.732421875), (1, 3887.6982421875)]","[(0, 8106.60107421875), (1, 10964.193359375)]","[(0, 6790.27001953125), (1, 4658.84423828125)]","[(4, 33.259267706620065), (3, 39.25099351671007), (5, 54.977244657628674), (1, 57.83934110753677), (0, 67.7019271850586), (2, 107.68617350260416)]","[(0, 1641.961669921875), (1, 781.7047729492188)]","[(2, 58.2684326171875), (4, 66.74254935128349), (5, 82.1499492938702), (1, 88.55176595052083), (0, 125.68646709735577), (3, 211.9978230794271)]","[(0, 2841.3984375), (1, 3772.75)]","[(2, 77.29491717998798), (1, 85.179931640625), (5, 95.19467163085938), (4, 101.00829139122597), (0, 207.8707478841146), (3, 256.2462269176136)]","[(0, 2357.230224609375), (1, 1994.7779541015625)]"
475,"[(0, 1304.068115234375), (1, 1547.213134765625)]","[(0, 1313.197265625), (1, 2630.09033203125)]","[(0, 11646.005859375), (1, 9711.30078125)]","[(0, 6501.7158203125), (1, 8257.515625)]","[(0, 10223.4462890625), (1, 6329.07080078125)]","[(0, 19185.93359375), (1, 18932.8515625)]","[(0, 19467.67578125), (1, 22381.271484375)]","[(0, 2957.93359375), (1, 4129.92529296875)]","[(4, 146.9591064453125), (1, 148.68816669170673), (2, 198.2559611002604), (5, 200.36053466796875), (3, 237.97713216145834), (0, 249.58243815104166)]","[(0, 3382.8681640625), (1, 2820.1591796875)]","[(4, 138.08097330729166), (3, 187.31072126116072), (5, 192.06129807692307), (1, 303.4915301983173), (0, 337.9488525390625), (2, 388.7928355823864)]","[(0, 6490.27392578125), (1, 3495.648193359375)]","[(1, 64.10476684570312), (2, 80.24065755208333), (0, 144.20811244419642), (4, 150.98324148995536), (5, 219.3680701622596), (3, 412.8353678385417)]","[(0, 10130.1298828125), (1, 7190.49365234375)]"
476,"[(0, 1987.9515380859375), (1, 2236.988525390625)]","[(0, 760.5067749023438), (1, 1175.3140869140625)]","[(0, 16827.345703125), (1, 11499.4970703125)]","[(0, 2501.450439453125), (1, 2509.306396484375)]","[(0, 6793.0361328125), (1, 5253.08740234375)]","[(0, 10367.7587890625), (1, 10606.095703125)]","[(0, 1172.215576171875), (1, 1068.26708984375)]","[(0, 1379.2205810546875), (1, 999.6239013671875)]","[(4, 64.35976690995066), (3, 87.45631917317708), (5, 88.34666532628677), (1, 126.74333639705883), (2, 184.28722330729167), (0, 189.70098876953125)]","[(0, 1921.921875), (1, 2879.1669921875)]","[(4, 31.68423080444336), (5, 48.37249755859375), (3, 48.550938197544646), (2, 53.753932407924104), (0, 55.234531947544646), (1, 56.51932144165039)]","[(0, 2917.7890625), (1, 2694.451904296875)]","[(1, 97.0375643643466), (4, 154.41862349076703), (2, 159.40419921875), (0, 164.16697998046874), (5, 268.56474609375), (3, 269.7969482421875)]","[(0, 2053.00048828125), (1, 1891.3720703125)]"
477,"[(0, 1589.2362060546875), (1, 1714.8226318359375)]","[(0, 475.0634460449219), (1, 672.4146728515625)]","[(0, 5743.3173828125), (1, 4087.80126953125)]","[(0, 2453.954833984375), (1, 2294.051513671875)]","[(0, 16472.251953125), (1, 11323.4599609375)]","[(0, 8432.43359375), (1, 8649.52734375)]","[(0, 2043.1522216796875), (1, 2238.709716796875)]","[(0, 2878.852294921875), (1, 1940.2783203125)]","[(4, 66.21431623186383), (1, 81.04447428385417), (3, 103.5170389811198), (5, 133.04944864908853), (0, 133.6459679236779), (2, 161.28153170072116)]","[(0, 3827.465087890625), (1, 2464.884765625)]","[(4, 226.16788736979166), (3, 276.5048828125), (5, 354.1164362980769), (0, 788.4855143229166), (1, 838.2610426682693), (2, 1120.6521661931818)]","[(0, 1137.7669677734375), (1, 1499.30517578125)]","[(4, 97.42759486607143), (1, 140.6947021484375), (3, 169.39759239783655), (5, 179.42449951171875), (0, 260.2520862926136), (2, 284.0759033203125)]","[(0, 2828.3203125), (1, 2097.5419921875)]"
478,"[(0, 992.9833374023438), (1, 1067.4493408203125)]","[(0, 825.0787963867188), (1, 1421.2467041015625)]","[(0, 6908.38623046875), (1, 5099.5966796875)]","[(0, 3477.235107421875), (1, 3672.32421875)]","[(0, 16848.205078125), (1, 7619.97998046875)]","[(0, 14330.3251953125), (1, 14560.7294921875)]","[(0, 7402.5390625), (1, 8697.0224609375)]","[(0, 477.5549621582031), (1, 555.161865234375)]","[(4, 86.95911583533653), (5, 98.15598551432292), (3, 129.88812255859375), (1, 149.17432579627405), (2, 169.99092610677084), (0, 226.94970703125)]","[(0, 12875.1416015625), (1, 6813.6484375)]","[(2, 81.05765279134114), (1, 89.7161114032452), (0, 223.11625532670453), (4, 321.86688232421875), (5, 321.8843883167614), (3, 1101.25556640625)]","[(0, 7103.3203125), (1, 4955.7109375)]","[(1, 345.9822184244792), (4, 429.3951009114583), (2, 477.2420099431818), (5, 608.0237926136364), (0, 673.4209872159091), (3, 792.4825994318181)]","[(0, 1795.864501953125), (1, 1551.8236083984375)]"
479,"[(0, 1632.9248046875), (1, 1656.3909912109375)]","[(0, 1096.9395751953125), (1, 2247.26611328125)]","[(0, 8909.34765625), (1, 5918.18603515625)]","[(0, 3289.6533203125), (1, 4013.21533203125)]","[(0, 2002.1680908203125), (1, 1646.6409912109375)]","[(0, 5231.72412109375), (1, 5499.02783203125)]","[(0, 10090.59765625), (1, 13254.75)]","[(0, 2841.044921875), (1, 1737.6368408203125)]","[(4, 145.218310546875), (3, 167.55369349888392), (1, 267.9404296875), (5, 286.8509990985577), (0, 317.24114990234375), (2, 613.3304776278409)]","[(0, 3682.716064453125), (1, 2612.653564453125)]","[(2, 121.12367350260416), (0, 186.96609933035714), (1, 217.55384826660156), (5, 217.621826171875), (4, 248.91622488839286), (3, 438.75244140625)]","[(0, 9366.6416015625), (1, 8282.4208984375)]","[(4, 68.70404522235577), (3, 98.51784261067708), (1, 119.97409057617188), (5, 152.12733043323863), (0, 197.490478515625), (2, 304.56630859375)]","[(0, 3420.068603515625), (1, 3667.82666015625)]"
480,"[(0, 1216.76220703125), (1, 1199.6624755859375)]","[(0, 753.7437744140625), (1, 1240.78369140625)]","[(0, 5312.251953125), (1, 4793.63916015625)]","[(0, 8406.626953125), (1, 11991.8330078125)]","[(0, 3042.484375), (1, 2450.760009765625)]","[(0, 3947.33544921875), (1, 3942.982421875)]","[(0, 30719.73828125), (1, 42636.58984375)]","[(0, 1891.2259521484375), (1, 3042.951416015625)]","[(1, 662.9602864583334), (2, 859.9978693181819), (4, 912.8850319602273), (0, 964.6641512784091), (5, 1223.955078125), (3, 1456.29931640625)]","[(0, 5306.8447265625), (1, 5188.021484375)]","[(2, 93.57407924107143), (1, 107.2487548828125), (0, 167.48570838341345), (4, 184.73506986177884), (5, 235.8425496419271), (3, 525.7136896306819)]","[(0, 1697.5133056640625), (1, 1589.1923828125)]","[(1, 74.61464146205357), (2, 77.79001558743991), (0, 187.53070068359375), (4, 204.74015299479166), (5, 248.89157936789772), (3, 696.1201171875)]","[(0, 2932.244384765625), (1, 2551.35986328125)]"
481,"[(0, 1543.4947509765625), (1, 1837.3453369140625)]","[(0, 383.6285095214844), (1, 529.4146118164062)]","[(0, 14191.2509765625), (1, 12001.6953125)]","[(0, 5833.01611328125), (1, 3979.474853515625)]","[(0, 5933.0771484375), (1, 3608.266845703125)]","[(0, 3410.330322265625), (1, 3141.899169921875)]","[(0, 17698.931640625), (1, 28936.736328125)]","[(0, 4345.08056640625), (1, 4053.3564453125)]","[(1, 65.1455078125), (2, 69.08802577427456), (4, 121.85068359375), (5, 136.04894147600447), (0, 136.54149451622595), (3, 278.509033203125)]","[(0, 3609.2373046875), (1, 3881.69287109375)]","[(4, 66.09285074869791), (3, 97.1356670673077), (0, 110.64804513113839), (1, 118.10853576660156), (5, 121.4785907451923), (2, 147.60806710379464)]","[(0, 1023.3922729492188), (1, 925.0469360351562)]","[(2, 403.4944254557292), (1, 505.67623197115387), (5, 601.4859730113636), (0, 646.1536865234375), (4, 672.6423746744791), (3, 937.9424715909091)]","[(0, 26089.95703125), (1, 19266.3359375)]"
482,"[(0, 1143.305419921875), (1, 1128.6722412109375)]","[(0, 6152.62548828125), (1, 5898.04931640625)]","[(0, 7561.77685546875), (1, 4503.95947265625)]","[(0, 4806.58544921875), (1, 5854.51708984375)]","[(0, 5260.2060546875), (1, 3373.737548828125)]","[(0, 5725.69091796875), (1, 6180.93115234375)]","[(0, 31571.169921875), (1, 29849.478515625)]","[(0, 1197.8087158203125), (1, 1304.3983154296875)]","[(5, 100.74581473214286), (4, 120.13896484375), (2, 122.36281040736607), (1, 143.05576171875), (3, 178.08072335379464), (0, 208.73097446986608)]","[(0, 9108.1357421875), (1, 12642.294921875)]","[(1, 190.34743088942307), (2, 223.49446614583334), (4, 231.1873497596154), (0, 301.48109944661456), (5, 345.8014322916667), (3, 450.2417805989583)]","[(0, 5953.9130859375), (1, 7038.24853515625)]","[(1, 179.8902791341146), (2, 191.34898792613637), (4, 196.66520182291666), (5, 208.14490855823863), (0, 304.69355912642044), (3, 344.08396218039775)]","[(0, 2943.7265625), (1, 2432.526611328125)]"
483,"[(0, 1856.562744140625), (1, 2040.5263671875)]","[(0, 10667.7001953125), (1, 11660.787109375)]","[(0, 4775.7705078125), (1, 3679.858154296875)]","[(0, 3850.119140625), (1, 3719.28173828125)]","[(0, 6399.21923828125), (1, 4074.42041015625)]","[(0, 19210.650390625), (1, 19108.29296875)]","[(0, 14472.943359375), (1, 15019.2978515625)]","[(0, 3856.77099609375), (1, 2903.47021484375)]","[(5, 163.13410441080728), (4, 200.14524489182693), (2, 214.226318359375), (1, 252.4481482872596), (3, 336.86962890625), (0, 421.5780843098958)]","[(0, 8267.6796875), (1, 9571.0771484375)]","[(4, 172.12361653645834), (5, 200.58595969460228), (3, 208.79054953835228), (2, 313.34224076704544), (0, 335.06704989346593), (1, 480.2672119140625)]","[(0, 3746.911865234375), (1, 1585.6990966796875)]","[(3, 173.93097330729168), (1, 177.13398088727678), (4, 177.5466766357422), (5, 228.91404506138392), (0, 276.8753192608173), (2, 366.6403401692708)]","[(0, 6153.05419921875), (1, 4502.2197265625)]"
484,"[(0, 1484.0439453125), (1, 1599.700927734375)]","[(0, 5406.8955078125), (1, 5217.88232421875)]","[(0, 22356.35546875), (1, 17333.396484375)]","[(0, 8604.818359375), (1, 8453.763671875)]","[(0, 2390.7255859375), (1, 1600.109130859375)]","[(0, 18804.298828125), (1, 17580.568359375)]","[(0, 37008.17578125), (1, 43287.33203125)]","[(0, 2664.466552734375), (1, 1999.5299072265625)]","[(4, 56.90207290649414), (3, 61.08446044921875), (5, 77.49425397600446), (1, 120.61702183314732), (0, 139.85254845252405), (2, 203.1581827799479)]","[(0, 4325.05859375), (1, 2084.364990234375)]","[(2, 74.55707896839489), (0, 121.56777121803977), (1, 138.9111531575521), (4, 185.05157470703125), (5, 194.0609685724432), (3, 306.92899946732956)]","[(0, 7704.3779296875), (1, 5490.78466796875)]","[(1, 191.72575495793268), (0, 215.5951131184896), (4, 232.4531046549479), (3, 240.6188077059659), (2, 265.2834065755208), (5, 334.1690562855114)]","[(0, 4288.67138671875), (1, 4126.263671875)]"
485,"[(0, 1088.47216796875), (1, 1079.1856689453125)]","[(0, 1750.84375), (1, 1632.2388916015625)]","[(0, 19583.6640625), (1, 23425.86328125)]","[(0, 11627.1181640625), (1, 12025.3427734375)]","[(0, 1816.5430908203125), (1, 1137.6920166015625)]","[(0, 8950.6943359375), (1, 8544.6005859375)]","[(0, 29514.046875), (1, 36699.875)]","[(0, 2192.977783203125), (1, 1843.6290283203125)]","[(4, 90.26730143229166), (1, 96.40432942708334), (3, 189.73555814302884), (5, 200.60663311298077), (0, 205.16627854567307), (2, 216.62458683894232)]","[(0, 3485.02978515625), (1, 3898.175048828125)]","[(1, 1157.86416015625), (2, 1441.96875), (4, 1543.26904296875), (5, 1998.0766059027778), (0, 2926.874565972222), (3, 3984.3619791666665)]","[(0, 3311.754150390625), (1, 1494.3873291015625)]","[(4, 99.8612060546875), (1, 108.81773885091145), (5, 140.37144886363637), (2, 150.63011585582387), (3, 161.04506613991478), (0, 190.78111683238637)]","[(0, 11522.71484375), (1, 7419.232421875)]"
486,"[(0, 882.7625732421875), (1, 868.5769653320312)]","[(0, 922.1472778320312), (1, 1542.7471923828125)]","[(0, 18522.212890625), (1, 12344.703125)]","[(0, 20496.1796875), (1, 16865.96875)]","[(0, 4158.11083984375), (1, 2791.198974609375)]","[(0, 10271.685546875), (1, 10410.103515625)]","[(0, 5139.470703125), (1, 7348.78564453125)]","[(0, 2050.8291015625), (1, 1746.5809326171875)]","[(1, 106.8894375887784), (2, 147.5756591796875), (0, 175.09781494140626), (4, 196.95998313210228), (5, 295.1722900390625), (3, 334.0033447265625)]","[(0, 1960.8883056640625), (1, 1530.2166748046875)]","[(4, 94.86134847005208), (5, 111.73694957386364), (3, 154.70994984019887), (1, 161.48458862304688), (2, 213.896240234375), (0, 310.74458451704544)]","[(0, 1851.512939453125), (1, 1344.60546875)]","[(1, 484.4080403645833), (4, 521.0388590494791), (2, 573.6994850852273), (5, 604.5886008522727), (0, 666.3667436079545), (3, 730.9092684659091)]","[(0, 2600.934326171875), (1, 2405.806884765625)]"
487,"[(0, 900.9515380859375), (1, 985.1112670898438)]","[(0, 1821.0565185546875), (1, 3295.96533203125)]","[(0, 13637.4443359375), (1, 7162.43310546875)]","[(0, 7274.7119140625), (1, 6746.0625)]","[(0, 5562.27294921875), (1, 3021.367919921875)]","[(0, 14795.3740234375), (1, 15085.431640625)]","[(0, 7104.66162109375), (1, 8752.2275390625)]","[(0, 9296.0986328125), (1, 8420.876953125)]","[(1, 94.84728240966797), (2, 98.68428548177083), (0, 158.8411865234375), (4, 211.70635114397322), (5, 265.2138671875), (3, 441.5913899739583)]","[(0, 4085.194091796875), (1, 1648.726806640625)]","[(4, 278.0448655348558), (3, 406.2787679036458), (1, 619.7889811197916), (5, 894.0081676136364), (0, 983.5055930397727), (2, 2510.7248046875)]","[(0, 1141.0828857421875), (1, 1119.607421875)]","[(4, 30.130355834960938), (3, 40.48670372596154), (1, 46.198872884114586), (5, 56.28587849934896), (0, 69.48105135830966), (2, 100.81397705078125)]","[(0, 1688.303466796875), (1, 1341.7138671875)]"
488,"[(0, 1413.2218017578125), (1, 1709.43994140625)]","[(0, 934.3338012695312), (1, 1335.3944091796875)]","[(0, 2131.2705078125), (1, 1893.542236328125)]","[(0, 4046.54345703125), (1, 5408.70068359375)]","[(0, 1341.9576416015625), (1, 833.8978881835938)]","[(0, 11258.0888671875), (1, 10592.146484375)]","[(0, 7315.96923828125), (1, 7554.32373046875)]","[(0, 1848.3038330078125), (1, 1928.5675048828125)]","[(1, 90.55751255580357), (2, 90.5855712890625), (4, 124.73531400240384), (5, 138.10467529296875), (0, 187.3255818684896), (3, 295.2208362926136)]","[(0, 7716.26806640625), (1, 7899.9619140625)]","[(2, 74.40773831881009), (4, 82.67096416766827), (5, 103.26092529296875), (1, 118.96484375), (0, 143.05657958984375), (3, 214.96317915482953)]","[(0, 5632.35498046875), (1, 3419.517578125)]","[(2, 20.060782296316965), (1, 30.052134195963543), (5, 33.93102557842548), (4, 48.71735055106027), (0, 59.2273183969351), (3, 101.90282185872395)]","[(0, 18669.123046875), (1, 12603.3515625)]"
489,"[(0, 1160.1348876953125), (1, 1171.66845703125)]","[(0, 507.1118469238281), (1, 612.595947265625)]","[(0, 3349.858642578125), (1, 2473.89599609375)]","[(0, 23219.4765625), (1, 18402.361328125)]","[(0, 6207.9873046875), (1, 3367.282958984375)]","[(0, 11497.29296875), (1, 9882.4140625)]","[(0, 15187.28515625), (1, 15881.5078125)]","[(0, 1161.9010009765625), (1, 1179.9927978515625)]","[(2, 106.7918701171875), (1, 106.91018442007211), (4, 118.40118408203125), (5, 123.42332106370192), (0, 160.3096923828125), (3, 176.69471153846155)]","[(0, 4783.64697265625), (1, 2461.92578125)]","[(1, 125.06805889423077), (2, 142.9249064127604), (4, 208.1649502840909), (0, 281.25905539772725), (5, 285.1805419921875), (3, 754.6119249131945)]","[(0, 659.1961669921875), (1, 533.3250122070312)]","[(1, 116.67486572265625), (4, 153.08428955078125), (3, 169.48250325520834), (5, 193.43408203125), (0, 211.2931189903846), (2, 233.35066731770834)]","[(0, 10586.9755859375), (1, 6991.23291015625)]"
490,"[(0, 1004.7760009765625), (1, 1029.9715576171875)]","[(0, 836.9680786132812), (1, 1346.6781005859375)]","[(0, 11113.0146484375), (1, 7212.65625)]","[(0, 4783.89794921875), (1, 5746.7578125)]","[(0, 10675.109375), (1, 7928.04541015625)]","[(0, 13916.9267578125), (1, 14694.591796875)]","[(0, 13245.5), (1, 21997.6640625)]","[(0, 1203.4990234375), (1, 1173.8466796875)]","[(1, 65.83244323730469), (2, 66.94777018229166), (4, 121.841455078125), (5, 136.70391845703125), (0, 154.0330810546875), (3, 322.3987004206731)]","[(0, 1393.4437255859375), (1, 901.2145385742188)]","[(1, 213.68943568638392), (2, 257.2431828425481), (0, 449.8829345703125), (4, 459.7126057942708), (5, 617.3803267045455), (3, 1270.27705078125)]","[(0, 3348.26171875), (1, 2377.1494140625)]","[(4, 106.99518229166667), (3, 136.0665283203125), (1, 204.56773963341345), (5, 234.75390625), (0, 318.47003173828125), (2, 610.6976207386364)]","[(0, 16540.177734375), (1, 10900.927734375)]"
491,"[(0, 1738.2021484375), (1, 1918.603515625)]","[(0, 1363.6072998046875), (1, 2507.652099609375)]","[(0, 3229.091552734375), (1, 2268.25830078125)]","[(0, 8056.2734375), (1, 8231.9453125)]","[(0, 3994.58154296875), (1, 2719.2646484375)]","[(0, 10260.2890625), (1, 10188.0673828125)]","[(0, 30150.916015625), (1, 28418.21484375)]","[(0, 1931.8109130859375), (1, 1766.3983154296875)]","[(4, 169.046728515625), (3, 198.77000209263392), (1, 243.08143028846155), (5, 269.7497746394231), (0, 315.1682535807292), (2, 398.29567649147725)]","[(0, 2710.30419921875), (1, 2095.50048828125)]","[(4, 139.18719075520832), (1, 145.77029854910714), (5, 213.83240685096155), (2, 228.71931966145834), (0, 330.1316324869792), (3, 336.3034104567308)]","[(0, 10910.5380859375), (1, 7386.2138671875)]","[(2, 87.84442545572917), (1, 92.37113952636719), (5, 163.01570012019232), (0, 183.54727608816964), (4, 211.21670968191964), (3, 447.922607421875)]","[(0, 7106.04443359375), (1, 5281.39794921875)]"
492,"[(0, 1427.023681640625), (1, 1444.0418701171875)]","[(0, 743.9552612304688), (1, 1164.4007568359375)]","[(0, 3810.158935546875), (1, 3237.490966796875)]","[(0, 2134.996337890625), (1, 1581.2493896484375)]","[(0, 1997.22216796875), (1, 1418.662353515625)]","[(0, 7194.70556640625), (1, 6886.0546875)]","[(0, 21170.14453125), (1, 22699.47265625)]","[(0, 2847.04052734375), (1, 2026.0888671875)]","[(1, 63.61190185546875), (2, 72.02684238978794), (4, 80.69686453683036), (5, 94.96351036658653), (0, 114.46366060697116), (3, 165.99727376302084)]","[(0, 1866.3255615234375), (1, 1901.2933349609375)]","[(4, 99.12178548177083), (3, 147.1392540564904), (1, 169.28427734375), (5, 226.31377704326923), (0, 272.07994666466345), (2, 415.19535006009613)]","[(0, 3063.91748046875), (1, 1909.65869140625)]","[(1, 124.27982271634616), (5, 138.41810099283853), (3, 145.81690470377603), (4, 174.4395470252404), (2, 177.22576904296875), (0, 184.11260986328125)]","[(0, 9719.7880859375), (1, 6617.41162109375)]"
493,"[(0, 1066.0601806640625), (1, 1092.2364501953125)]","[(0, 647.55126953125), (1, 881.6069946289062)]","[(0, 31691.01953125), (1, 26966.138671875)]","[(0, 2642.089599609375), (1, 3052.02197265625)]","[(0, 2929.055419921875), (1, 2288.615966796875)]","[(0, 5401.68994140625), (1, 4865.41064453125)]","[(0, 37668.0546875), (1, 60916.40234375)]","[(0, 11335.3876953125), (1, 7844.15234375)]","[(1, 35.28505325317383), (4, 39.23467658547794), (2, 42.29205322265625), (5, 47.98197021484375), (0, 59.92999703543527), (3, 69.46478678385417)]","[(0, 2664.361328125), (1, 3328.8720703125)]","[(1, 178.22429547991072), (2, 179.32692307692307), (4, 266.80417887369794), (5, 293.45467862215907), (0, 409.421142578125), (3, 682.473046875)]","[(0, 3982.455078125), (1, 2021.6322021484375)]","[(1, 35.92851087782118), (4, 52.21946546766493), (2, 55.3896598815918), (5, 63.08761978149414), (0, 64.17296600341797), (3, 73.23989868164062)]","[(0, 2179.834228515625), (1, 2136.231689453125)]"
494,"[(0, 1229.9056396484375), (1, 1237.8673095703125)]","[(0, 955.2556762695312), (1, 1807.143310546875)]","[(0, 6291.45947265625), (1, 5991.02099609375)]","[(0, 4953.037109375), (1, 7533.7978515625)]","[(0, 7083.41845703125), (1, 5642.68310546875)]","[(0, 6156.64599609375), (1, 6503.6630859375)]","[(0, 21562.5859375), (1, 36619.9140625)]","[(0, 1567.3475341796875), (1, 1492.753662109375)]","[(1, 73.17246657151442), (4, 86.84811837332589), (0, 110.6192118326823), (3, 118.72471266526442), (2, 233.77445845170453), (5, 247.67476399739584)]","[(0, 1729.0047607421875), (1, 1949.105224609375)]","[(4, 603.532666015625), (1, 688.3520063920455), (3, 754.4118381076389), (0, 788.2412109375), (5, 1117.5533854166667), (2, 1331.18193359375)]","[(0, 2747.780029296875), (1, 2366.04541015625)]","[(4, 153.12956099076703), (5, 164.800537109375), (1, 167.32961203835228), (2, 174.541796875), (3, 306.6498779296875), (0, 346.3407470703125)]","[(0, 8609.9326171875), (1, 6259.9658203125)]"
495,"[(0, 1361.0093994140625), (1, 1478.1517333984375)]","[(0, 1466.1864013671875), (1, 2853.43896484375)]","[(0, 2994.17529296875), (1, 4016.760986328125)]","[(0, 6282.15380859375), (1, 6934.09521484375)]","[(0, 1058.958984375), (1, 843.6129760742188)]","[(0, 37533.0859375), (1, 38565.33984375)]","[(0, 15154.3134765625), (1, 18180.37109375)]","[(0, 1729.8154296875), (1, 1346.0989990234375)]","[(1, 46.543740665211395), (4, 49.80540197035845), (0, 74.15367024739584), (3, 80.10448404947917), (2, 81.07393391927083), (5, 89.38900553385416)]","[(0, 3474.417236328125), (1, 2299.589111328125)]","[(2, 78.80919596354167), (5, 90.6356689453125), (4, 117.77409362792969), (0, 123.65169270833333), (1, 124.12936401367188), (3, 145.66256510416667)]","[(0, 2463.62744140625), (1, 2817.41064453125)]","[(1, 33.86715518727022), (4, 57.62977981567383), (2, 64.93052978515625), (0, 67.69814860026041), (3, 87.88324846540179), (5, 89.09892926897321)]","[(0, 12787.7939453125), (1, 9379.0927734375)]"
496,"[(0, 1326.58837890625), (1, 1415.5302734375)]","[(0, 914.3261108398438), (1, 1482.9976806640625)]","[(0, 9037.505859375), (1, 4751.3662109375)]","[(0, 5990.35791015625), (1, 6927.9873046875)]","[(0, 4200.69091796875), (1, 2958.640380859375)]","[(0, 5344.21923828125), (1, 5369.90673828125)]","[(0, 66898.7265625), (1, 95448.8515625)]","[(0, 1849.1060791015625), (1, 1619.440185546875)]","[(2, 71.61893717447917), (1, 76.22014617919922), (5, 90.32065993088942), (4, 93.02951485770089), (0, 103.09742082868304), (3, 136.60321044921875)]","[(0, 1676.2789306640625), (1, 874.765869140625)]","[(2, 50.03015606219952), (1, 72.22897338867188), (5, 74.30554707845052), (4, 82.3217022235577), (0, 112.451904296875), (3, 165.28603293678978)]","[(0, 3416.92578125), (1, 4135.3876953125)]","[(1, 127.54087320963542), (4, 162.76117815290178), (0, 229.37080522017047), (3, 251.41165865384616), (2, 256.5052734375), (5, 316.8314615885417)]","[(0, 1204.210205078125), (1, 1006.1058959960938)]"
497,"[(0, 1135.434814453125), (1, 1210.054443359375)]","[(0, 501.1806640625), (1, 651.7900390625)]","[(0, 7283.72265625), (1, 6341.10546875)]","[(0, 4992.9130859375), (1, 7039.94677734375)]","[(0, 2566.85498046875), (1, 2167.43505859375)]","[(0, 3586.221923828125), (1, 3381.968017578125)]","[(0, 7884.02099609375), (1, 6534.11376953125)]","[(0, 1534.7620849609375), (1, 1946.0562744140625)]","[(2, 31.030473981584823), (1, 36.146419270833334), (5, 57.58274623325893), (4, 66.79637044270834), (0, 76.84297532301683), (3, 154.5054649939904)]","[(0, 2236.40625), (1, 3325.955810546875)]","[(1, 71.25580911075367), (4, 73.44721984863281), (2, 102.72047526041666), (5, 121.51493617466518), (0, 137.882470703125), (3, 158.61063058035714)]","[(0, 1858.9324951171875), (1, 1556.00341796875)]","[(1, 53.61562238420759), (3, 62.24125453404018), (0, 81.1332256610577), (4, 89.6177978515625), (5, 98.83423790564903), (2, 149.1883341471354)]","[(0, 10625.0966796875), (1, 7054.1884765625)]"
498,"[(0, 1767.3529052734375), (1, 2071.215576171875)]","[(0, 443.15252685546875), (1, 674.7423095703125)]","[(0, 1831.14501953125), (1, 1348.7911376953125)]","[(0, 4299.798828125), (1, 4521.27685546875)]","[(0, 2904.420166015625), (1, 2757.608642578125)]","[(0, 15864.7197265625), (1, 17180.30859375)]","[(0, 14648.6015625), (1, 16503.765625)]","[(0, 2949.409912109375), (1, 1630.0369873046875)]","[(4, 71.52766418457031), (3, 73.27933756510417), (1, 97.28375651041667), (0, 106.69829450334821), (5, 125.15642438616071), (2, 185.5299353966346)]","[(0, 2190.141357421875), (1, 3196.424072265625)]","[(5, 81.29036771334134), (4, 88.64418247767857), (3, 127.25973745492789), (2, 140.7433800330529), (1, 152.70303780691964), (0, 221.576416015625)]","[(0, 5029.126953125), (1, 3794.190185546875)]","[(1, 114.39971923828125), (2, 135.56944861778845), (4, 165.7328162560096), (5, 218.27559407552084), (0, 307.69187418619794), (3, 442.90181107954544)]","[(0, 14699.0634765625), (1, 9586.7802734375)]"
499,"[(0, 2254.05419921875), (1, 2160.4638671875)]","[(0, 569.3915405273438), (1, 977.1491088867188)]","[(0, 15924.853515625), (1, 19096.16015625)]","[(0, 7372.37158203125), (1, 4866.15283203125)]","[(0, 6622.3046875), (1, 4340.951171875)]","[(0, 7455.95361328125), (1, 7360.94140625)]","[(0, 6920.0966796875), (1, 9023.7607421875)]","[(0, 5257.47265625), (1, 7358.7861328125)]","[(4, 235.41438176081732), (1, 283.5569411057692), (3, 331.14569091796875), (5, 333.0726318359375), (0, 402.9479573567708), (2, 408.9146321614583)]","[(0, 742.440673828125), (1, 630.7727661132812)]","[(4, 44.84831619262695), (2, 69.45902506510417), (0, 70.05218098958333), (3, 76.20927211216518), (1, 77.25202493106617), (5, 78.54087611607143)]","[(0, 2522.5087890625), (1, 2354.881103515625)]","[(1, 27.467818196614584), (4, 32.65604291643415), (2, 48.7338632436899), (5, 60.717631022135414), (0, 64.97169846754808), (3, 74.02129618326823)]","[(0, 3449.526611328125), (1, 3157.63037109375)]"
