,anaphoric-one-semantics,anaphoric-one-syntax,island-adjunct,island-complex-np,island-wh,principle_a_command,principle_a_locality,question-formation_or,question-formation_or_strict,question-formation_rr,question-formation_rr_strict,question-formation_sr,question-formation_sr_strict,wanna
0,"[(0, 394.31195068359375), (1, 448.100341796875)]","[(0, 311.7490234375), (1, 396.8531494140625)]","[(0, 2092.83837890625), (1, 2197.560546875)]","[(0, 1092.619873046875), (1, 1018.223876953125)]","[(0, 3323.707763671875), (1, 1770.800537109375)]","[(0, 3142.71142578125), (1, 3278.70068359375)]","[(0, 3486.509033203125), (1, 4228.32666015625)]","[(0, 427.57318115234375), (1, 286.4237976074219)]","[(4, 23.051878087660846), (3, 27.56648826599121), (5, 30.709747314453125), (1, 33.36172078450521), (0, 43.60569545200893), (2, 66.49384014423077)]","[(0, 1615.523681640625), (1, 2086.37255859375)]","[(4, 19.16781005859375), (3, 19.942489624023438), (0, 28.78185272216797), (5, 30.20331045297476), (2, 40.3084023215554), (1, 41.78538161057692)]","[(0, 1542.8355712890625), (1, 1201.2498779296875)]","[(5, 202.25828857421874), (4, 219.66679243607953), (3, 248.5020263671875), (2, 264.876513671875), (1, 282.23197798295456), (0, 340.2848388671875)]","[(0, 3619.947509765625), (1, 3409.091552734375)]"
1,"[(0, 649.9151611328125), (1, 685.822998046875)]","[(0, 463.93536376953125), (1, 619.5120849609375)]","[(0, 520.9044189453125), (1, 539.2387084960938)]","[(0, 1995.844482421875), (1, 1653.2503662109375)]","[(0, 2732.298583984375), (1, 1471.9580078125)]","[(0, 3605.68017578125), (1, 3260.419189453125)]","[(0, 2425.388427734375), (1, 3100.498291015625)]","[(0, 579.7532958984375), (1, 308.76385498046875)]","[(4, 61.85724986683238), (5, 67.09784545898438), (1, 77.05920965021306), (2, 83.43007202148438), (3, 83.9939453125), (0, 110.784130859375)]","[(0, 1130.510498046875), (1, 730.4800415039062)]","[(4, 195.9002482096354), (3, 215.6962002840909), (0, 229.71604225852272), (5, 239.76085316051137), (2, 265.61479048295456), (1, 277.64341227213544)]","[(0, 828.4953002929688), (1, 928.2459106445312)]","[(5, 71.07041713169643), (4, 72.84339904785156), (1, 76.34999302455357), (3, 78.54894205729167), (0, 103.71612079326923), (2, 109.8953145345052)]","[(0, 591.7666625976562), (1, 642.6915283203125)]"
2,"[(0, 683.1365966796875), (1, 796.8922119140625)]","[(0, 494.3398742675781), (1, 548.8981323242188)]","[(0, 975.1513671875), (1, 987.5724487304688)]","[(0, 1377.092041015625), (1, 1449.638427734375)]","[(0, 1328.577392578125), (1, 1378.1844482421875)]","[(0, 4370.560546875), (1, 4590.8388671875)]","[(0, 942.8519897460938), (1, 825.5266723632812)]","[(0, 282.650146484375), (1, 291.119873046875)]","[(1, 33.550653076171876), (2, 38.13977486746652), (0, 76.92135854867789), (5, 79.39227803548177), (4, 83.39162973257211), (3, 145.9367009943182)]","[(0, 872.8491821289062), (1, 572.2167358398438)]","[(4, 85.40300641741071), (1, 86.1199442545573), (3, 95.23422475961539), (5, 107.39347330729167), (2, 114.7074951171875), (0, 118.46271306818181)]","[(0, 3029.830810546875), (1, 3280.076904296875)]","[(1, 83.04310191761364), (4, 83.78673206676136), (2, 95.41666870117187), (5, 98.816552734375), (0, 100.21983642578125), (3, 107.29049072265624)]","[(0, 1123.754150390625), (1, 1177.167724609375)]"
3,"[(0, 871.8035278320312), (1, 929.2366943359375)]","[(0, 446.06805419921875), (1, 500.0713195800781)]","[(0, 7087.1279296875), (1, 6803.48046875)]","[(0, 2870.554931640625), (1, 2680.9169921875)]","[(0, 1369.2425537109375), (1, 1430.82763671875)]","[(0, 2242.765625), (1, 2335.665283203125)]","[(0, 2466.25537109375), (1, 2863.4228515625)]","[(0, 1943.99365234375), (1, 1070.805908203125)]","[(1, 66.2361172762784), (4, 69.59960382634944), (2, 71.75891723632813), (5, 77.14534301757813), (0, 90.72327880859375), (3, 94.370166015625)]","[(0, 589.7317504882812), (1, 590.8717651367188)]","[(2, 140.14285278320312), (1, 147.65239070012018), (0, 147.83322143554688), (4, 150.45161320612982), (5, 164.4004109700521), (3, 170.18030802408853)]","[(0, 1434.491455078125), (1, 568.125)]","[(2, 129.688232421875), (5, 143.92567138671876), (1, 145.02482466264203), (4, 158.3171053799716), (0, 180.33626708984374), (3, 200.979443359375)]","[(0, 2343.94482421875), (1, 1970.696044921875)]"
4,"[(0, 676.1327514648438), (1, 878.404052734375)]","[(0, 261.4238586425781), (1, 222.89442443847656)]","[(0, 7698.685546875), (1, 4963.19873046875)]","[(0, 2831.403564453125), (1, 3072.303466796875)]","[(0, 3709.611083984375), (1, 2056.55615234375)]","[(0, 2876.077880859375), (1, 2524.613525390625)]","[(0, 1410.1859130859375), (1, 1249.1624755859375)]","[(0, 891.5717163085938), (1, 640.3281860351562)]","[(4, 31.18204825265067), (3, 33.66197713216146), (0, 45.4090576171875), (1, 46.940433756510416), (5, 53.35414123535156), (2, 97.93187537560097)]","[(0, 1432.616455078125), (1, 1508.7913818359375)]","[(5, 55.012125651041664), (4, 56.483154296875), (2, 59.21235539362981), (1, 75.47528076171875), (0, 105.38013712565105), (3, 123.519287109375)]","[(0, 239.0553436279297), (1, 241.65524291992188)]","[(4, 29.474763870239258), (1, 30.957557678222656), (3, 48.433912004743306), (5, 49.18575177873884), (0, 51.403028215680806), (2, 52.162096296037944)]","[(0, 2269.62255859375), (1, 2094.89208984375)]"
5,"[(0, 674.0955810546875), (1, 805.3404541015625)]","[(0, 142.8500213623047), (1, 122.16181182861328)]","[(0, 1857.460693359375), (1, 2224.499755859375)]","[(0, 1573.9097900390625), (1, 1611.54833984375)]","[(0, 3909.347900390625), (1, 2227.142578125)]","[(0, 4215.13720703125), (1, 4769.71240234375)]","[(0, 1834.4765625), (1, 2057.755615234375)]","[(0, 935.8225708007812), (1, 697.4710693359375)]","[(5, 38.304046630859375), (2, 38.56702575683594), (4, 39.32540616122159), (1, 40.97029529918324), (3, 53.4554931640625), (0, 56.44407348632812)]","[(0, 992.4697265625), (1, 973.856689453125)]","[(2, 30.3076171875), (4, 33.74756328876202), (5, 35.340990702311196), (1, 52.14610072544643), (3, 53.40998979048295), (0, 58.97449747721354)]","[(0, 469.3463439941406), (1, 640.8837890625)]","[(1, 165.210693359375), (4, 179.0018310546875), (2, 202.53955078125), (5, 220.502685546875), (0, 250.07288707386363), (3, 274.28475674715907)]","[(0, 760.0514526367188), (1, 791.7625732421875)]"
6,"[(0, 519.0896606445312), (1, 557.8318481445312)]","[(0, 368.77398681640625), (1, 498.313720703125)]","[(0, 1970.3050537109375), (1, 1795.5836181640625)]","[(0, 1212.5455322265625), (1, 1422.9344482421875)]","[(0, 1776.1578369140625), (1, 1552.0804443359375)]","[(0, 2835.066162109375), (1, 2469.00537109375)]","[(0, 5469.53466796875), (1, 6072.8203125)]","[(0, 545.469970703125), (1, 479.2423400878906)]","[(2, 104.79051624644886), (5, 106.62889515269886), (4, 108.34275309244792), (1, 109.05092366536458), (0, 131.03581099076703), (3, 131.11595569957387)]","[(0, 840.9260864257812), (1, 629.046875)]","[(4, 46.32106672014509), (3, 57.88349797175481), (1, 59.379618326822914), (5, 74.29442342122395), (0, 75.28091153231534), (2, 99.98922729492188)]","[(0, 1377.0460205078125), (1, 932.2168579101562)]","[(1, 43.51406656901042), (3, 47.011328125), (0, 57.860626220703125), (5, 61.85054670061384), (2, 63.89304762620192), (4, 77.4977035522461)]","[(0, 3364.955810546875), (1, 3067.18603515625)]"
7,"[(0, 591.0410766601562), (1, 683.4930419921875)]","[(0, 592.557861328125), (1, 845.41943359375)]","[(0, 901.0538330078125), (1, 1091.8885498046875)]","[(0, 4899.2744140625), (1, 4501.34423828125)]","[(0, 1642.27734375), (1, 1238.77783203125)]","[(0, 2095.681396484375), (1, 2278.63818359375)]","[(0, 4180.82763671875), (1, 4744.93603515625)]","[(0, 829.6908569335938), (1, 945.8822021484375)]","[(4, 53.895965576171875), (5, 58.48342660757211), (2, 62.32840169270833), (1, 71.28108978271484), (0, 75.12727573939732), (3, 86.1974589029948)]","[(0, 464.6378479003906), (1, 455.054931640625)]","[(1, 124.00123180042614), (2, 134.89693603515624), (4, 153.2935791015625), (5, 170.093017578125), (0, 185.03638916015626), (3, 234.830224609375)]","[(0, 590.7103271484375), (1, 789.0748901367188)]","[(5, 41.76793025090144), (1, 42.358551025390625), (4, 42.40910121372768), (2, 42.42761699969952), (3, 44.97197547325721), (0, 46.70847731370192)]","[(0, 2377.80908203125), (1, 2254.570068359375)]"
8,"[(0, 951.4457397460938), (1, 1195.8154296875)]","[(0, 541.0028686523438), (1, 693.0901489257812)]","[(0, 4847.07958984375), (1, 4775.529296875)]","[(0, 2766.89697265625), (1, 3219.918212890625)]","[(0, 3238.855712890625), (1, 1821.0340576171875)]","[(0, 2779.167724609375), (1, 2576.4404296875)]","[(0, 1696.7930908203125), (1, 1591.87109375)]","[(0, 370.27099609375), (1, 428.46875)]","[(5, 20.26425984700521), (2, 24.04215291341146), (4, 25.46795654296875), (3, 27.27252197265625), (1, 30.289552688598633), (0, 34.16297200520833)]","[(0, 1509.8974609375), (1, 1689.406005859375)]","[(4, 25.644779205322266), (5, 30.010199410574778), (1, 35.91059163411458), (2, 39.03201059194711), (3, 39.52457536969866), (0, 53.50451190655048)]","[(0, 1187.792236328125), (1, 1241.842529296875)]","[(2, 23.28581339518229), (5, 24.136568341936385), (4, 24.428963216145835), (1, 26.73619842529297), (0, 41.70258004324777), (3, 48.58135986328125)]","[(0, 345.8725280761719), (1, 374.5064697265625)]"
9,"[(0, 724.57763671875), (1, 827.0415649414062)]","[(0, 370.9791259765625), (1, 403.7804260253906)]","[(0, 1197.7293701171875), (1, 1300.3443603515625)]","[(0, 5118.75048828125), (1, 4526.78173828125)]","[(0, 770.5842895507812), (1, 576.7828369140625)]","[(0, 1274.924072265625), (1, 1182.942626953125)]","[(0, 2391.060791015625), (1, 2691.769287109375)]","[(0, 725.528076171875), (1, 587.8279418945312)]","[(1, 30.722666422526043), (2, 30.7965087890625), (5, 39.34690504807692), (4, 42.01078142438616), (0, 64.75084040715144), (3, 95.96348063151042)]","[(0, 511.3215026855469), (1, 726.4170532226562)]","[(3, 28.11349666819853), (4, 31.81585693359375), (0, 35.043312072753906), (5, 45.89061737060547), (1, 48.177346622242645), (2, 62.25806477864583)]","[(0, 1441.2626953125), (1, 867.85498046875)]","[(1, 30.69863019670759), (2, 37.32140643780048), (4, 46.89703369140625), (5, 52.70665486653646), (0, 78.42603047688802), (3, 123.12229225852273)]","[(0, 1088.2620849609375), (1, 1193.76171875)]"
10,"[(0, 665.5223388671875), (1, 699.9244995117188)]","[(0, 252.49131774902344), (1, 211.1547088623047)]","[(0, 6369.39794921875), (1, 6373.31103515625)]","[(0, 1766.117919921875), (1, 1744.7198486328125)]","[(0, 507.8252258300781), (1, 390.949462890625)]","[(0, 804.4822387695312), (1, 858.0927124023438)]","[(0, 5764.7734375), (1, 9243.4375)]","[(0, 1036.4718017578125), (1, 679.7169799804688)]","[(4, 31.751582845052084), (3, 37.62132045200893), (5, 59.35788198617789), (1, 78.26189246544472), (0, 86.33291625976562), (2, 146.89990234375)]","[(0, 1107.729248046875), (1, 1341.844970703125)]","[(2, 6.812118081485524), (5, 10.141506419462317), (0, 10.64835671817555), (4, 11.124311748303866), (1, 11.475453426963405), (3, 16.50942813648897)]","[(0, 839.8329467773438), (1, 597.7013549804688)]","[(1, 21.61661087839227), (2, 22.96860080295139), (0, 23.683841480928308), (5, 25.363513946533203), (3, 25.62490437825521), (4, 35.1337459788603)]","[(0, 1323.00732421875), (1, 1315.996826171875)]"
11,"[(0, 681.9131469726562), (1, 766.3428955078125)]","[(0, 284.5199890136719), (1, 269.329833984375)]","[(0, 941.8369750976562), (1, 847.4367065429688)]","[(0, 1107.9716796875), (1, 1109.8060302734375)]","[(0, 818.0882568359375), (1, 453.6005859375)]","[(0, 4566.00732421875), (1, 5003.87646484375)]","[(0, 4361.525390625), (1, 5862.3720703125)]","[(0, 822.6266479492188), (1, 566.6704711914062)]","[(2, 54.99552565354567), (1, 57.304151262555806), (5, 75.46507263183594), (4, 90.6323993389423), (0, 121.00601196289062), (3, 212.03331409801137)]","[(0, 662.3965454101562), (1, 616.7864990234375)]","[(2, 45.696773274739584), (1, 73.56116485595703), (4, 85.925537109375), (0, 92.01227678571429), (5, 92.57662259615384), (3, 198.9336140950521)]","[(0, 930.9370727539062), (1, 619.7230224609375)]","[(5, 75.94500732421875), (4, 77.52614182692308), (1, 87.36805138221153), (3, 87.51910400390625), (2, 88.29137166341145), (0, 100.96151733398438)]","[(0, 2503.638916015625), (1, 2263.9716796875)]"
12,"[(0, 928.5066528320312), (1, 1077.4410400390625)]","[(0, 173.6229705810547), (1, 263.40863037109375)]","[(0, 5510.33056640625), (1, 4607.1806640625)]","[(0, 2318.717041015625), (1, 2149.700439453125)]","[(0, 876.5897827148438), (1, 831.549560546875)]","[(0, 4967.5791015625), (1, 4634.02099609375)]","[(0, 3017.543701171875), (1, 2783.56982421875)]","[(0, 766.3699340820312), (1, 941.0872802734375)]","[(1, 117.811279296875), (4, 127.13290405273438), (0, 133.01139692826703), (2, 134.95515580610797), (3, 142.88362260298297), (5, 144.86820845170453)]","[(0, 427.9911804199219), (1, 503.1909484863281)]","[(1, 35.91602325439453), (2, 37.98733797940341), (4, 41.97837136008523), (5, 48.18279113769531), (0, 69.18911743164062), (3, 89.48645697699652)]","[(0, 1004.2400512695312), (1, 644.0769653320312)]","[(1, 60.15863037109375), (2, 64.35176391601563), (4, 86.11661598899148), (0, 91.50474853515625), (5, 94.8224609375), (3, 133.91444091796876)]","[(0, 1440.32421875), (1, 1573.7154541015625)]"
13,"[(0, 822.8832397460938), (1, 962.8676147460938)]","[(0, 276.134033203125), (1, 489.0423583984375)]","[(0, 1464.0772705078125), (1, 1797.5582275390625)]","[(0, 6511.3837890625), (1, 5484.5361328125)]","[(0, 907.5174560546875), (1, 801.9719848632812)]","[(0, 1767.544189453125), (1, 1711.0555419921875)]","[(0, 2739.07275390625), (1, 2863.140380859375)]","[(0, 215.27182006835938), (1, 184.6269989013672)]","[(1, 41.95227728949653), (3, 50.906046549479164), (4, 54.96749698414522), (0, 59.71310043334961), (2, 73.60186004638672), (5, 83.81897786458333)]","[(0, 823.8369140625), (1, 922.3790283203125)]","[(1, 12.815638950892858), (4, 14.902959551130023), (2, 15.778751373291016), (5, 18.961669921875), (0, 22.733624776204426), (3, 28.203420003255207)]","[(0, 2137.427978515625), (1, 3099.968994140625)]","[(2, 48.64413217397836), (1, 51.63175746372768), (5, 86.33118785511364), (4, 94.71730550130208), (0, 100.33663940429688), (3, 160.0800537109375)]","[(0, 758.6270141601562), (1, 850.4618530273438)]"
14,"[(0, 767.623291015625), (1, 898.77783203125)]","[(0, 225.75714111328125), (1, 377.12139892578125)]","[(0, 942.6241455078125), (1, 1134.4537353515625)]","[(0, 5288.38916015625), (1, 5932.42626953125)]","[(0, 1061.564208984375), (1, 596.6375122070312)]","[(0, 2093.884521484375), (1, 2182.39697265625)]","[(0, 1443.172607421875), (1, 1231.30224609375)]","[(0, 1050.405517578125), (1, 716.0206298828125)]","[(4, 41.636819278492645), (3, 52.166080474853516), (5, 55.12764078776042), (1, 61.23719075520833), (0, 77.89964948381696), (2, 101.63685960036058)]","[(0, 1206.17626953125), (1, 768.9982299804688)]","[(1, 185.0025967684659), (4, 194.6288396661932), (2, 230.4300048828125), (0, 245.8134521484375), (5, 251.8069580078125), (3, 257.9528564453125)]","[(0, 1233.8717041015625), (1, 1391.87646484375)]","[(4, 22.06445094517299), (3, 29.732029841496395), (1, 34.08294677734375), (5, 34.841224670410156), (2, 44.26756591796875), (0, 45.50538219105113)]","[(0, 3487.756103515625), (1, 3050.738525390625)]"
15,"[(0, 593.1283569335938), (1, 631.889892578125)]","[(0, 241.19580078125), (1, 354.48162841796875)]","[(0, 439.66827392578125), (1, 484.3706359863281)]","[(0, 1382.0738525390625), (1, 1092.0068359375)]","[(0, 501.9385681152344), (1, 465.96087646484375)]","[(0, 4096.53515625), (1, 4332.31201171875)]","[(0, 1505.8653564453125), (1, 1703.232666015625)]","[(0, 742.289794921875), (1, 928.0724487304688)]","[(4, 53.754913330078125), (5, 55.00423362038352), (1, 57.74278259277344), (2, 59.76449307528409), (3, 67.89460338245739), (0, 74.75989324396306)]","[(0, 939.813720703125), (1, 1228.1849365234375)]","[(2, 38.23800404866537), (1, 47.54620830829327), (0, 68.10465309836648), (5, 128.77081298828125), (4, 128.992919921875), (3, 274.8018391927083)]","[(0, 414.2808532714844), (1, 343.2825622558594)]","[(1, 53.782623291015625), (2, 62.42900672325721), (0, 68.771484375), (4, 91.45654296875), (5, 118.3559903231534), (3, 137.777587890625)]","[(0, 416.8807373046875), (1, 436.2681579589844)]"
16,"[(0, 754.8634643554688), (1, 884.7064819335938)]","[(0, 310.1604309082031), (1, 278.99334716796875)]","[(0, 2121.645751953125), (1, 1956.516357421875)]","[(0, 2245.65185546875), (1, 2103.72412109375)]","[(0, 808.8040161132812), (1, 778.054443359375)]","[(0, 3804.92626953125), (1, 3499.974609375)]","[(0, 3398.86572265625), (1, 3328.564208984375)]","[(0, 592.3561401367188), (1, 619.0974731445312)]","[(4, 83.57242653586648), (5, 87.0908935546875), (1, 89.88747336647727), (2, 95.10152587890624), (3, 102.14134521484375), (0, 111.7619384765625)]","[(0, 681.3797607421875), (1, 319.371337890625)]","[(4, 25.54395787856158), (5, 27.124737548828126), (3, 29.805627822875977), (2, 40.87162428635817), (0, 43.469818115234375), (1, 45.42124837239583)]","[(0, 654.92138671875), (1, 837.4339599609375)]","[(5, 42.02910907451923), (2, 47.74687312199519), (1, 49.72125244140625), (4, 59.37572806222098), (3, 67.56732177734375), (0, 76.96755277193509)]","[(0, 1083.478271484375), (1, 1230.9393310546875)]"
17,"[(0, 514.9948120117188), (1, 641.3861083984375)]","[(0, 296.28558349609375), (1, 263.234619140625)]","[(0, 3401.236083984375), (1, 3811.772705078125)]","[(0, 763.4232177734375), (1, 1001.8471069335938)]","[(0, 707.531982421875), (1, 671.78076171875)]","[(0, 1973.460693359375), (1, 1905.523681640625)]","[(0, 2849.09228515625), (1, 2860.435791015625)]","[(0, 838.9351806640625), (1, 455.0002136230469)]","[(4, 43.47623854417067), (1, 53.51175435384115), (3, 65.45426432291667), (0, 74.94527365944602), (5, 75.28644353693181), (2, 78.81975708007812)]","[(0, 1001.5281372070312), (1, 1200.4630126953125)]","[(0, 62.56617320667613), (4, 68.69734700520833), (2, 69.61755925958806), (3, 69.91089422052556), (5, 76.54773504083806), (1, 118.2633565266927)]","[(0, 2620.99755859375), (1, 2655.635986328125)]","[(4, 39.26261800130208), (3, 45.292833600725444), (1, 55.797882080078125), (5, 66.1060321514423), (0, 66.8902118389423), (2, 91.49654134114583)]","[(0, 2326.629150390625), (1, 2478.33544921875)]"
18,"[(0, 770.4197387695312), (1, 915.5424194335938)]","[(0, 252.02076721191406), (1, 453.2823181152344)]","[(0, 3584.3720703125), (1, 3983.65185546875)]","[(0, 1404.08056640625), (1, 1244.8157958984375)]","[(0, 2996.026123046875), (1, 1549.6392822265625)]","[(0, 2914.632568359375), (1, 3139.116943359375)]","[(0, 3118.546142578125), (1, 3644.54541015625)]","[(0, 1513.2252197265625), (1, 1675.9295654296875)]","[(2, 36.7572265625), (1, 46.02736282348633), (5, 48.59048696664664), (4, 49.334742954799104), (0, 61.958522251674104), (3, 93.6609598795573)]","[(0, 807.0195922851562), (1, 868.2254028320312)]","[(2, 32.14555104573568), (1, 38.73090303861178), (5, 40.72944132486979), (4, 47.82787616436298), (0, 48.59622701009115), (3, 59.08685811360677)]","[(0, 697.8280029296875), (1, 545.6817016601562)]","[(1, 78.7266845703125), (2, 80.36680385044643), (5, 82.67271205357143), (4, 92.99361165364583), (3, 189.00046950120193), (0, 192.73918269230768)]","[(0, 525.6532592773438), (1, 606.8353881835938)]"
19,"[(0, 677.0618286132812), (1, 771.5416870117188)]","[(0, 368.9393310546875), (1, 735.906005859375)]","[(0, 2365.449951171875), (1, 2731.399658203125)]","[(0, 1271.3624267578125), (1, 1037.570556640625)]","[(0, 890.7681884765625), (1, 891.7957763671875)]","[(0, 2549.4892578125), (1, 2474.10107421875)]","[(0, 2170.18798828125), (1, 2846.547607421875)]","[(0, 756.01904296875), (1, 640.2051391601562)]","[(4, 37.373435974121094), (1, 44.453178854549634), (3, 44.747889927455354), (0, 45.595845540364586), (5, 47.14716012137277), (2, 60.981587727864586)]","[(0, 644.2041015625), (1, 347.06878662109375)]","[(4, 48.645555768694194), (3, 61.55956561748798), (0, 77.71738179524739), (5, 89.97911580403645), (1, 125.09364670973558), (2, 156.3357266512784)]","[(0, 681.1459350585938), (1, 518.1160278320312)]","[(1, 54.52574869791667), (4, 57.16241455078125), (5, 57.17908150809152), (2, 62.63415963309152), (3, 76.25325230189732), (0, 79.95216587611607)]","[(0, 2278.63818359375), (1, 1945.1676025390625)]"
20,"[(0, 989.6353149414062), (1, 1250.2845458984375)]","[(0, 381.8221130371094), (1, 642.22314453125)]","[(0, 9122.3310546875), (1, 7363.46142578125)]","[(0, 1873.37109375), (1, 2053.716064453125)]","[(0, 3123.1474609375), (1, 1690.72998046875)]","[(0, 5222.60693359375), (1, 5397.40576171875)]","[(0, 2342.646484375), (1, 2069.99609375)]","[(0, 1017.6972045898438), (1, 658.8637084960938)]","[(4, 20.759448581271702), (1, 22.591176886307565), (2, 29.580347397748163), (5, 32.15123748779297), (0, 33.608114803538605), (3, 38.463134765625)]","[(0, 718.391357421875), (1, 624.15576171875)]","[(2, 69.92266167534723), (1, 70.38258056640625), (0, 82.98459201388889), (4, 85.522998046875), (5, 85.94087727864583), (3, 100.74996609157986)]","[(0, 690.1524047851562), (1, 899.3814697265625)]","[(1, 40.783605402166195), (4, 42.142669677734375), (2, 52.472711181640626), (5, 54.891717529296876), (0, 62.26756591796875), (3, 64.08709716796875)]","[(0, 1483.2572021484375), (1, 1321.5645751953125)]"
21,"[(0, 623.0917358398438), (1, 673.6679077148438)]","[(0, 342.6364440917969), (1, 517.8110961914062)]","[(0, 428.1509704589844), (1, 395.2211608886719)]","[(0, 1488.8857421875), (1, 1854.0963134765625)]","[(0, 896.1635131835938), (1, 783.598388671875)]","[(0, 3412.3017578125), (1, 3917.177490234375)]","[(0, 1430.857666015625), (1, 1563.284912109375)]","[(0, 875.1109008789062), (1, 771.2736206054688)]","[(3, 19.92108372279576), (0, 23.15084431966146), (4, 23.271249771118164), (1, 28.473225313074447), (5, 29.842553274972097), (2, 44.431201171875)]","[(0, 1448.2047119140625), (1, 903.9375610351562)]","[(5, 25.002734375), (2, 27.702774047851562), (4, 34.148406982421875), (3, 38.069767252604166), (0, 44.40849086216518), (1, 44.534480794270834)]","[(0, 366.6705627441406), (1, 435.28759765625)]","[(2, 63.823577880859375), (5, 65.51097106933594), (1, 72.70717210036058), (4, 75.38585017277644), (3, 147.8339288884943), (0, 149.78209339488637)]","[(0, 2923.4853515625), (1, 3050.916015625)]"
22,"[(0, 832.1429443359375), (1, 1080.5723876953125)]","[(0, 270.9774475097656), (1, 239.44834899902344)]","[(0, 900.0712890625), (1, 1188.9556884765625)]","[(0, 3459.52880859375), (1, 4129.8662109375)]","[(0, 1647.9056396484375), (1, 923.9038696289062)]","[(0, 5754.2880859375), (1, 5327.919921875)]","[(0, 3296.807861328125), (1, 4585.94189453125)]","[(0, 672.1896362304688), (1, 891.0443725585938)]","[(3, 43.862034388950896), (4, 46.75323486328125), (0, 72.88783772786458), (5, 73.72473614032452), (1, 82.68374399038461), (2, 129.95949485085228)]","[(0, 733.7587890625), (1, 731.844970703125)]","[(5, 59.92632501775568), (4, 61.9728037516276), (3, 64.69352028586648), (2, 71.87480579723011), (1, 77.82878112792969), (0, 78.97265070134944)]","[(0, 763.6773681640625), (1, 792.8679809570312)]","[(5, 108.437548828125), (3, 120.26466064453125), (2, 133.67213134765626), (4, 142.852294921875), (0, 153.17965087890624), (1, 176.3801824396307)]","[(0, 558.7617797851562), (1, 576.4297485351562)]"
23,"[(0, 957.478759765625), (1, 1125.5640869140625)]","[(0, 290.70330810546875), (1, 345.8721923828125)]","[(0, 426.60443115234375), (1, 500.2972106933594)]","[(0, 2678.15478515625), (1, 2879.819091796875)]","[(0, 858.995361328125), (1, 917.21728515625)]","[(0, 4831.21337890625), (1, 4543.9658203125)]","[(0, 1653.79931640625), (1, 1879.1829833984375)]","[(0, 1048.969482421875), (1, 929.4915161132812)]","[(2, 49.87616436298077), (1, 50.005480085100444), (5, 64.29861172762784), (4, 70.37728373209636), (0, 94.80722045898438), (3, 159.8185302734375)]","[(0, 904.2505493164062), (1, 707.59375)]","[(5, 66.58584594726562), (4, 67.53600519353694), (1, 68.35744730631511), (2, 72.70106090198864), (3, 144.81861707899304), (0, 145.36343994140626)]","[(0, 445.3560485839844), (1, 447.44317626953125)]","[(2, 27.75467732747396), (1, 32.42304229736328), (5, 44.35748291015625), (4, 58.563594563802084), (0, 61.45015607561384), (3, 97.33062274639423)]","[(0, 2982.638671875), (1, 2552.30908203125)]"
24,"[(0, 817.20166015625), (1, 941.30224609375)]","[(0, 382.4511413574219), (1, 477.65924072265625)]","[(0, 8351.681640625), (1, 7640.099609375)]","[(0, 839.4869995117188), (1, 677.8756103515625)]","[(0, 1512.9791259765625), (1, 796.3599853515625)]","[(0, 1560.7615966796875), (1, 1711.9417724609375)]","[(0, 1566.0738525390625), (1, 1423.651123046875)]","[(0, 1165.044921875), (1, 1314.4403076171875)]","[(1, 15.18324449327257), (4, 19.243097641888788), (0, 25.104934692382812), (2, 25.19444465637207), (3, 26.427508544921874), (5, 28.124092610677085)]","[(0, 1181.3687744140625), (1, 1205.539794921875)]","[(4, 43.31444091796875), (3, 44.48716081891741), (0, 75.21404090294472), (5, 81.95001690204327), (1, 86.28618512834821), (2, 127.55029296875)]","[(0, 542.7539672851562), (1, 591.8812866210938)]","[(2, 50.55131648137019), (1, 51.32088361467634), (5, 54.647745768229164), (4, 65.81601186899039), (0, 123.96659342447917), (3, 191.6759366122159)]","[(0, 1253.168701171875), (1, 1306.8900146484375)]"
25,"[(0, 1105.087158203125), (1, 1369.6827392578125)]","[(0, 477.081787109375), (1, 530.9354858398438)]","[(0, 11956.16015625), (1, 8820.9814453125)]","[(0, 3364.943115234375), (1, 3215.637451171875)]","[(0, 953.7445678710938), (1, 588.3133544921875)]","[(0, 1749.945556640625), (1, 2025.4366455078125)]","[(0, 1662.78125), (1, 1770.4796142578125)]","[(0, 625.66650390625), (1, 418.80780029296875)]","[(4, 40.001468912760416), (3, 48.24887319711539), (1, 55.026265462239586), (5, 64.64609938401442), (0, 65.68927471454327), (2, 94.22499436598558)]","[(0, 2092.01318359375), (1, 2028.3363037109375)]","[(1, 28.44794464111328), (4, 34.618221028645834), (0, 40.59413800920759), (2, 43.387215750558035), (5, 54.54564490685096), (3, 70.08948223407452)]","[(0, 249.89990234375), (1, 331.2146911621094)]","[(2, 100.38796762319711), (1, 107.80714634486607), (5, 171.38547585227272), (4, 181.6580607096354), (0, 186.28057861328125), (3, 259.87314453125)]","[(0, 1909.0823974609375), (1, 1902.835205078125)]"
26,"[(0, 820.0618286132812), (1, 879.0195922851562)]","[(0, 409.8393249511719), (1, 427.7024841308594)]","[(0, 6112.341796875), (1, 7809.771484375)]","[(0, 3655.48583984375), (1, 3157.572998046875)]","[(0, 1550.817626953125), (1, 890.8519287109375)]","[(0, 3461.568115234375), (1, 3230.54833984375)]","[(0, 2557.828125), (1, 2921.66650390625)]","[(0, 1154.947021484375), (1, 897.966064453125)]","[(4, 24.13626278147978), (1, 24.893606746897976), (3, 39.03115234375), (5, 39.896968587239584), (0, 40.1226806640625), (2, 40.30840250651042)]","[(0, 497.3288269042969), (1, 288.1640319824219)]","[(0, 45.6637939453125), (1, 46.973927217371326), (2, 48.65614420572917), (4, 60.49008560180664), (5, 81.55380684988839), (3, 100.87454659598214)]","[(0, 637.9281616210938), (1, 408.2037658691406)]","[(2, 41.56419677734375), (1, 41.76304244995117), (4, 54.686458333333334), (5, 59.10420880998884), (0, 80.603759765625), (3, 105.53684645432692)]","[(0, 2822.7666015625), (1, 2684.36962890625)]"
27,"[(0, 659.1276245117188), (1, 761.9776611328125)]","[(0, 249.6186065673828), (1, 220.4174041748047)]","[(0, 1892.627685546875), (1, 1551.1304931640625)]","[(0, 4366.54052734375), (1, 3150.6669921875)]","[(0, 865.0059204101562), (1, 729.8348999023438)]","[(0, 3721.818603515625), (1, 4413.31201171875)]","[(0, 1751.1767578125), (1, 2124.516845703125)]","[(0, 1160.72802734375), (1, 1477.987548828125)]","[(3, 38.6170654296875), (4, 41.857334681919646), (0, 42.76668201793324), (1, 49.451171875), (5, 68.28343200683594), (2, 85.285498046875)]","[(0, 724.6512451171875), (1, 927.12548828125)]","[(4, 21.6724365234375), (1, 24.820159912109375), (5, 35.293201153094955), (3, 39.47855318509615), (2, 40.84360914963942), (0, 45.98515906700721)]","[(0, 1027.7750244140625), (1, 1466.3955078125)]","[(3, 53.1134287516276), (1, 54.91785606971154), (0, 55.65897115071615), (5, 58.52796936035156), (4, 61.32755220853365), (2, 64.7844950358073)]","[(0, 676.401611328125), (1, 762.6563110351562)]"
28,"[(0, 657.4843139648438), (1, 781.2169799804688)]","[(0, 412.1982421875), (1, 475.2403869628906)]","[(0, 1803.544189453125), (1, 1348.4219970703125)]","[(0, 1596.713623046875), (1, 2106.1923828125)]","[(0, 838.701171875), (1, 684.5455322265625)]","[(0, 3304.094482421875), (1, 2857.240234375)]","[(0, 3164.02099609375), (1, 4579.09423828125)]","[(0, 521.6013793945312), (1, 725.9918212890625)]","[(4, 35.400233677455354), (1, 38.65527089436849), (3, 43.65632981520433), (5, 47.80286153157552), (0, 51.53586092862216), (2, 52.903076171875)]","[(0, 327.3345642089844), (1, 421.18304443359375)]","[(4, 21.5757080078125), (3, 28.940261840820312), (5, 35.960460956280045), (0, 37.642662048339844), (1, 46.35128549429086), (2, 52.68313321200284)]","[(0, 1000.6124877929688), (1, 1073.6832275390625)]","[(2, 18.23517549954928), (1, 20.510615757533483), (0, 23.105001596304085), (5, 24.069742056039665), (4, 26.203508649553573), (3, 31.742229755108173)]","[(0, 2651.238037109375), (1, 2434.831298828125)]"
29,"[(0, 1097.7470703125), (1, 1334.302734375)]","[(0, 229.12026977539062), (1, 191.1759796142578)]","[(0, 817.95947265625), (1, 700.5892944335938)]","[(0, 1498.444580078125), (1, 1408.2169189453125)]","[(0, 2910.26904296875), (1, 1629.1278076171875)]","[(0, 1304.875), (1, 1246.5679931640625)]","[(0, 2338.83251953125), (1, 3415.687744140625)]","[(0, 913.1844482421875), (1, 953.0917358398438)]","[(0, 52.72614464393029), (4, 53.65171931340144), (5, 56.404876708984375), (3, 58.67058817545573), (1, 60.548801967075896), (2, 61.39964881310096)]","[(0, 4254.0595703125), (1, 2496.3349609375)]","[(1, 178.26231689453124), (2, 190.50830078125), (4, 206.3130126953125), (5, 225.25198025173611), (0, 260.6681857638889), (3, 311.24091254340277)]","[(0, 2130.21484375), (1, 1520.9127197265625)]","[(1, 22.8641357421875), (2, 26.04261474609375), (4, 43.36948503766741), (0, 45.214952741350444), (5, 53.97722919170673), (3, 114.72227986653645)]","[(0, 1214.2744140625), (1, 1244.8341064453125)]"
30,"[(0, 714.5584106445312), (1, 784.0689086914062)]","[(0, 226.89419555664062), (1, 208.7252197265625)]","[(0, 10183.7060546875), (1, 8133.83642578125)]","[(0, 2452.82568359375), (1, 2766.829833984375)]","[(0, 2284.0576171875), (1, 1300.322021484375)]","[(0, 1673.950439453125), (1, 1804.3028564453125)]","[(0, 688.8136596679688), (1, 610.4005737304688)]","[(0, 700.6133422851562), (1, 694.5365600585938)]","[(1, 27.35440402560764), (4, 28.137305365668404), (2, 43.6913948059082), (5, 44.9073371887207), (0, 53.47650146484375), (3, 54.85124206542969)]","[(0, 975.31640625), (1, 531.0377807617188)]","[(1, 51.129991803850444), (2, 56.34120530348558), (4, 75.50635782877605), (5, 78.8819912997159), (0, 88.97587076822917), (3, 148.75408935546875)]","[(0, 1051.34912109375), (1, 603.2682495117188)]","[(1, 17.509037272135416), (4, 19.047723388671876), (2, 30.868309607872597), (5, 34.076272817758415), (0, 35.61532358022836), (3, 39.92637282151442)]","[(0, 2909.605712890625), (1, 3202.2119140625)]"
31,"[(0, 1263.3013916015625), (1, 1477.3787841796875)]","[(0, 417.64556884765625), (1, 537.4948120117188)]","[(0, 2547.712890625), (1, 2145.3115234375)]","[(0, 1160.40771484375), (1, 1026.3773193359375)]","[(0, 1132.2352294921875), (1, 1020.9708251953125)]","[(0, 2754.341796875), (1, 2556.607421875)]","[(0, 570.6322631835938), (1, 656.5673217773438)]","[(0, 310.4400634765625), (1, 292.96893310546875)]","[(1, 29.29042765299479), (4, 32.161173502604164), (2, 56.55025540865385), (0, 59.67172475961539), (5, 62.79174335186298), (3, 65.33755727914664)]","[(0, 697.2353515625), (1, 463.0318908691406)]","[(1, 127.26712646484376), (2, 136.64171006944446), (0, 167.85560438368054), (4, 171.97249755859374), (5, 190.25929090711804), (3, 241.28059895833334)]","[(0, 1801.2811279296875), (1, 2030.16796875)]","[(1, 26.396599905831472), (2, 30.279188889723557), (4, 37.10819655198317), (5, 42.79686991373698), (0, 56.06999715169271), (3, 82.23168390447444)]","[(0, 967.4459228515625), (1, 972.1428833007812)]"
32,"[(0, 838.9139404296875), (1, 970.2196655273438)]","[(0, 653.2437133789062), (1, 791.7074584960938)]","[(0, 1050.76513671875), (1, 866.2061767578125)]","[(0, 3828.4619140625), (1, 4042.54736328125)]","[(0, 1269.865234375), (1, 1260.88525390625)]","[(0, 3109.173828125), (1, 3235.99365234375)]","[(0, 1850.3983154296875), (1, 2386.03125)]","[(0, 794.9918823242188), (1, 424.1545715332031)]","[(4, 51.68867844801683), (1, 59.47305063100961), (5, 63.02911376953125), (3, 69.3817647298177), (2, 73.09190368652344), (0, 80.21468098958333)]","[(0, 536.0162353515625), (1, 556.819091796875)]","[(2, 39.608009338378906), (1, 39.81089128766741), (4, 53.715728759765625), (5, 55.980875651041664), (0, 79.5720723470052), (3, 111.27447509765625)]","[(0, 545.0791625976562), (1, 301.6923522949219)]","[(4, 63.88304443359375), (5, 83.85533796037946), (1, 93.234619140625), (3, 106.41619001116071), (2, 111.84551130022321), (0, 146.27539934430803)]","[(0, 2562.61376953125), (1, 2345.358154296875)]"
33,"[(0, 956.2564086914062), (1, 1137.5401611328125)]","[(0, 670.796142578125), (1, 772.1243896484375)]","[(0, 6738.8095703125), (1, 6841.85595703125)]","[(0, 2171.101806640625), (1, 1905.745361328125)]","[(0, 4495.57373046875), (1, 2641.7216796875)]","[(0, 4138.78076171875), (1, 4602.55224609375)]","[(0, 1219.054931640625), (1, 1588.6346435546875)]","[(0, 646.83251953125), (1, 494.83721923828125)]","[(2, 15.543170505099827), (1, 17.10030806692023), (0, 17.161574419806986), (4, 18.643917308134192), (5, 18.737926483154297), (3, 24.820987955729166)]","[(0, 475.5359802246094), (1, 363.6611633300781)]","[(1, 47.21407846304086), (4, 54.32279750279018), (3, 62.045166015625), (2, 62.83681418678977), (0, 66.14269510904948), (5, 67.82276916503906)]","[(0, 1527.424072265625), (1, 1631.06640625)]","[(4, 40.46233694893973), (3, 54.29365422175481), (1, 62.98218712439904), (5, 84.62797037760417), (0, 93.13717651367188), (2, 142.0206853693182)]","[(0, 408.5780334472656), (1, 464.5569763183594)]"
34,"[(0, 481.5201416015625), (1, 527.0253295898438)]","[(0, 516.6378784179688), (1, 584.074462890625)]","[(0, 2862.1669921875), (1, 2879.42626953125)]","[(0, 3277.587646484375), (1, 2936.703857421875)]","[(0, 956.2952270507812), (1, 629.1206665039062)]","[(0, 10485.1298828125), (1, 9440.689453125)]","[(0, 2323.025146484375), (1, 2003.726806640625)]","[(0, 1339.695556640625), (1, 1928.1187744140625)]","[(1, 14.293353489467076), (4, 15.29105936686198), (3, 17.040283203125), (0, 21.79529747596154), (2, 23.856272379557293), (5, 26.87498826246995)]","[(0, 569.730712890625), (1, 969.3951416015625)]","[(2, 48.26234654017857), (1, 56.44154459635417), (4, 67.72987583705357), (5, 75.41946645883414), (0, 89.1439208984375), (3, 167.59327189127603)]","[(0, 776.7514038085938), (1, 449.8144836425781)]","[(4, 108.33253062855114), (3, 133.75751953125), (1, 145.1348876953125), (5, 152.28924560546875), (0, 175.864794921875), (2, 201.8966552734375)]","[(0, 1468.5927734375), (1, 1633.2603759765625)]"
35,"[(0, 791.3319091796875), (1, 866.758544921875)]","[(0, 761.779296875), (1, 881.1867065429688)]","[(0, 9716.859375), (1, 8085.93115234375)]","[(0, 2429.483642578125), (1, 2469.1689453125)]","[(0, 466.0850830078125), (1, 391.3053283691406)]","[(0, 4947.44775390625), (1, 4670.0498046875)]","[(0, 2645.87451171875), (1, 3108.023681640625)]","[(0, 1982.807373046875), (1, 2373.515869140625)]","[(2, 57.02863487830529), (1, 60.87439400809152), (5, 92.30808327414773), (0, 98.51953125), (4, 101.09091186523438), (3, 177.61705322265624)]","[(0, 3015.507080078125), (1, 1619.2440185546875)]","[(2, 141.53494873046876), (1, 141.6965997869318), (4, 158.227294921875), (5, 165.6801091974432), (3, 191.94373668323863), (0, 218.848583984375)]","[(0, 1082.5635986328125), (1, 887.1994018554688)]","[(4, 60.852091471354164), (5, 79.8945645419034), (3, 80.00161465731534), (1, 84.31299336751302), (2, 114.34674627130681), (0, 117.038818359375)]","[(0, 992.39453125), (1, 1062.7423095703125)]"
36,"[(0, 640.1691284179688), (1, 708.8405151367188)]","[(0, 1036.201904296875), (1, 1246.896728515625)]","[(0, 1425.80615234375), (1, 1411.8948974609375)]","[(0, 1807.6561279296875), (1, 1639.506591796875)]","[(0, 962.0786743164062), (1, 765.0303344726562)]","[(0, 1926.17236328125), (1, 2098.54541015625)]","[(0, 4182.4267578125), (1, 5817.16650390625)]","[(0, 1102.219482421875), (1, 1418.39111328125)]","[(3, 23.121256510416668), (1, 23.562733241489955), (4, 25.62309455871582), (0, 27.32872361403245), (5, 28.782972063337052), (2, 33.09696960449219)]","[(0, 1300.28857421875), (1, 1249.164794921875)]","[(2, 27.923749651227677), (1, 36.374979654947914), (4, 39.46464655949519), (0, 43.80951866736779), (5, 44.341888427734375), (3, 72.29108220880681)]","[(0, 278.06805419921875), (1, 225.8948516845703)]","[(1, 30.572918701171876), (2, 33.58614894321987), (0, 70.37964336688702), (4, 89.14519794170673), (5, 96.28267415364583), (3, 216.7362615411932)]","[(0, 1922.9769287109375), (1, 1842.437255859375)]"
37,"[(0, 727.6834716796875), (1, 924.304443359375)]","[(0, 1177.6219482421875), (1, 1499.7384033203125)]","[(0, 4940.65771484375), (1, 5342.73681640625)]","[(0, 1253.5916748046875), (1, 1002.4889526367188)]","[(0, 928.9827880859375), (1, 781.9772338867188)]","[(0, 1690.0037841796875), (1, 1909.4310302734375)]","[(0, 3354.52001953125), (1, 4495.24365234375)]","[(0, 633.3297119140625), (1, 514.6315307617188)]","[(1, 41.39907298368566), (2, 41.812740325927734), (5, 48.197191510881694), (4, 49.020503743489584), (0, 56.426045735677086), (3, 98.63348858173077)]","[(0, 886.8445434570312), (1, 1169.0845947265625)]","[(5, 74.06656118539664), (4, 82.76556396484375), (2, 83.00003756009616), (3, 100.01276104266827), (0, 111.64051231971153), (1, 122.10092599051339)]","[(0, 1236.091796875), (1, 1314.344970703125)]","[(4, 66.48530129825367), (5, 68.71373697916667), (1, 69.13932291666667), (2, 87.79526930588942), (3, 112.58077239990234), (0, 119.13286481584821)]","[(0, 901.3241577148438), (1, 985.4208984375)]"
38,"[(0, 656.6559448242188), (1, 795.8789672851562)]","[(0, 751.0203857421875), (1, 799.784912109375)]","[(0, 719.7463989257812), (1, 850.761962890625)]","[(0, 2886.936767578125), (1, 3229.614990234375)]","[(0, 2156.848876953125), (1, 1114.400390625)]","[(0, 2023.1356201171875), (1, 1757.9268798828125)]","[(0, 1274.3521728515625), (1, 1430.6939697265625)]","[(0, 1517.85546875), (1, 1275.8514404296875)]","[(4, 75.97956848144531), (5, 76.37469482421875), (0, 94.00520833333333), (1, 98.08910260881696), (2, 105.563720703125), (3, 108.74444580078125)]","[(0, 786.849853515625), (1, 714.3042602539062)]","[(4, 19.880550130208334), (1, 24.418289184570312), (2, 27.37603759765625), (5, 30.69495333158053), (0, 32.32393000676082), (3, 35.84063502720424)]","[(0, 673.2815551757812), (1, 536.6266479492188)]","[(1, 26.630706787109375), (2, 27.452470259232953), (0, 35.21101795543324), (4, 40.240804036458336), (5, 45.88223544034091), (3, 58.43606289950284)]","[(0, 3906.828369140625), (1, 3318.3486328125)]"
39,"[(0, 654.8573608398438), (1, 794.59619140625)]","[(0, 263.45989990234375), (1, 244.90602111816406)]","[(0, 8320.5009765625), (1, 9518.927734375)]","[(0, 2777.154296875), (1, 2520.20263671875)]","[(0, 1425.484619140625), (1, 755.773193359375)]","[(0, 632.6397094726562), (1, 571.7734985351562)]","[(0, 1183.6666259765625), (1, 1558.7183837890625)]","[(0, 752.61279296875), (1, 395.97796630859375)]","[(2, 25.906849452427455), (1, 26.55399169921875), (5, 29.52916776216947), (4, 31.331599644252233), (0, 48.43970196063702), (3, 63.591094970703125)]","[(0, 1084.694580078125), (1, 1258.6494140625)]","[(4, 103.32948996803977), (1, 103.4490966796875), (2, 120.94539794921874), (5, 125.71072998046876), (0, 140.97171630859376), (3, 146.1768310546875)]","[(0, 881.5065307617188), (1, 783.978759765625)]","[(4, 12.280054364885602), (3, 14.058086688701923), (1, 17.252296447753906), (5, 18.66659418741862), (0, 19.038934881036933), (2, 32.3847900390625)]","[(0, 3325.492919921875), (1, 3046.71484375)]"
40,"[(0, 957.4486083984375), (1, 1154.7637939453125)]","[(0, 235.98931884765625), (1, 209.41470336914062)]","[(0, 1938.861328125), (1, 1545.714111328125)]","[(0, 827.047119140625), (1, 941.137939453125)]","[(0, 818.257568359375), (1, 811.43896484375)]","[(0, 1617.3087158203125), (1, 1812.01953125)]","[(0, 2895.009521484375), (1, 2630.189453125)]","[(0, 782.0936279296875), (1, 1116.59130859375)]","[(5, 67.20003098707933), (4, 69.27896118164062), (2, 78.29981282552083), (0, 84.04104178292411), (3, 102.09722900390625), (1, 102.15570831298828)]","[(0, 906.34765625), (1, 668.8233032226562)]","[(1, 14.045205858018663), (4, 15.318147547104779), (2, 17.925508499145508), (5, 18.71975301106771), (0, 24.924287796020508), (3, 28.422914632161458)]","[(0, 712.7884521484375), (1, 504.77703857421875)]","[(1, 74.05061558314732), (2, 78.21981576772836), (5, 80.47068434495192), (0, 101.00496732271634), (4, 102.86269705636161), (3, 103.05203012319711)]","[(0, 1792.6851806640625), (1, 1676.643310546875)]"
41,"[(0, 638.1314086914062), (1, 646.1810913085938)]","[(0, 330.2755126953125), (1, 299.5600280761719)]","[(0, 7362.134765625), (1, 6477.20849609375)]","[(0, 1503.3062744140625), (1, 1479.6282958984375)]","[(0, 665.6715087890625), (1, 684.2430419921875)]","[(0, 1366.121337890625), (1, 1399.3525390625)]","[(0, 1602.7298583984375), (1, 1770.8623046875)]","[(0, 720.3232421875), (1, 600.1912231445312)]","[(4, 49.88343505859375), (3, 60.534742082868306), (5, 83.48313551682692), (1, 99.85836087740384), (0, 116.40598551432292), (2, 177.52442515980113)]","[(0, 1260.865966796875), (1, 1040.411376953125)]","[(3, 29.289156087239583), (4, 40.561519622802734), (0, 48.56720440204327), (5, 50.374176025390625), (1, 73.98369489397321), (2, 87.19120279947917)]","[(0, 699.6952514648438), (1, 657.793212890625)]","[(1, 21.67977498372396), (4, 29.68386433919271), (2, 34.00092961237981), (5, 47.49713134765625), (0, 49.08265568659856), (3, 73.05727445162259)]","[(0, 388.57391357421875), (1, 439.7571716308594)]"
42,"[(0, 579.19873046875), (1, 717.2689208984375)]","[(0, 375.8414306640625), (1, 513.72412109375)]","[(0, 2110.21044921875), (1, 2099.843505859375)]","[(0, 2375.698974609375), (1, 2666.15185546875)]","[(0, 2296.193359375), (1, 1290.8028564453125)]","[(0, 1913.9058837890625), (1, 1810.3223876953125)]","[(0, 1366.0379638671875), (1, 1526.460693359375)]","[(0, 849.3521728515625), (1, 541.1661987304688)]","[(4, 31.92743492126465), (1, 43.775020345052084), (5, 45.46260288783482), (3, 63.7406005859375), (2, 72.88861553485577), (0, 95.95828012319711)]","[(0, 493.9915771484375), (1, 497.92486572265625)]","[(2, 23.984652005709133), (4, 26.168184552873885), (5, 28.569000244140625), (1, 40.02842494419643), (0, 48.49525451660156), (3, 63.5559336344401)]","[(0, 525.0432739257812), (1, 544.281005859375)]","[(4, 39.863688151041664), (3, 50.25513131277902), (5, 59.48022930438702), (1, 62.668993268694194), (0, 69.92864051231972), (2, 112.44644165039062)]","[(0, 2228.782958984375), (1, 2157.324951171875)]"
43,"[(0, 674.7152709960938), (1, 752.1008911132812)]","[(0, 540.2813110351562), (1, 778.840576171875)]","[(0, 5737.86474609375), (1, 6090.8759765625)]","[(0, 2583.42822265625), (1, 2527.423583984375)]","[(0, 2154.3017578125), (1, 1256.0582275390625)]","[(0, 1480.7259521484375), (1, 1594.6494140625)]","[(0, 1588.30224609375), (1, 1789.1651611328125)]","[(0, 729.2250366210938), (1, 914.4115600585938)]","[(2, 60.23134202223558), (5, 60.43372090657552), (1, 71.54140363420758), (4, 79.52694936899039), (0, 80.7515117938702), (3, 87.0631612141927)]","[(0, 424.7962341308594), (1, 416.2340393066406)]","[(1, 30.036602783203126), (4, 35.45908203125), (2, 52.18183781550481), (0, 59.99786376953125), (5, 64.12107027493991), (3, 74.3608867938702)]","[(0, 716.2330322265625), (1, 1132.152099609375)]","[(4, 68.26032603870739), (3, 74.19306640625), (5, 80.04381103515625), (1, 104.42589222301136), (0, 125.1532958984375), (2, 129.15662841796876)]","[(0, 2125.5615234375), (1, 2360.92431640625)]"
44,"[(0, 560.4398803710938), (1, 616.0346069335938)]","[(0, 540.9801635742188), (1, 704.1195678710938)]","[(0, 1126.6202392578125), (1, 1023.91650390625)]","[(0, 707.0139770507812), (1, 699.4287109375)]","[(0, 3490.35498046875), (1, 2026.6298828125)]","[(0, 3390.652099609375), (1, 3149.82275390625)]","[(0, 2670.095947265625), (1, 2252.99658203125)]","[(0, 1034.4149169921875), (1, 720.331787109375)]","[(2, 19.950467790876115), (1, 20.962760416666665), (5, 23.55339637169471), (4, 24.625616891043528), (0, 39.067352294921875), (3, 55.44073486328125)]","[(0, 870.2277221679688), (1, 751.4390869140625)]","[(2, 42.55235072544643), (4, 53.10526384626116), (1, 53.863606770833336), (5, 54.94103534405048), (0, 66.77593055138222), (3, 115.76725260416667)]","[(0, 792.864990234375), (1, 770.2963256835938)]","[(2, 69.75706129807692), (1, 70.65005929129464), (0, 86.09551532451923), (5, 95.94894643930289), (3, 114.74581204927884), (4, 117.66898018973214)]","[(0, 621.2197875976562), (1, 649.7479248046875)]"
45,"[(0, 1241.3287353515625), (1, 1441.464111328125)]","[(0, 304.4289245605469), (1, 356.3216857910156)]","[(0, 4781.8271484375), (1, 5049.87451171875)]","[(0, 875.9734497070312), (1, 787.5645751953125)]","[(0, 2535.1279296875), (1, 2527.7236328125)]","[(0, 2600.9306640625), (1, 2226.251708984375)]","[(0, 1606.9180908203125), (1, 1864.9501953125)]","[(0, 1404.7877197265625), (1, 1533.6771240234375)]","[(1, 29.16015625), (4, 36.34621988932292), (0, 43.99000767299107), (2, 44.51381138392857), (3, 54.96873591496394), (5, 56.99552095853365)]","[(0, 333.25390625), (1, 452.87249755859375)]","[(2, 156.90233018663196), (1, 159.24495849609374), (4, 186.57587890625), (5, 190.14457194010416), (0, 200.05171712239584), (3, 239.80384657118054)]","[(0, 377.53253173828125), (1, 398.95501708984375)]","[(2, 26.977848597935267), (1, 28.82364501953125), (5, 46.8933359781901), (4, 47.32508732722356), (0, 57.4728769155649), (3, 99.53655450994319)]","[(0, 2484.0986328125), (1, 2431.366943359375)]"
46,"[(0, 636.5947875976562), (1, 777.550048828125)]","[(0, 155.201904296875), (1, 138.27520751953125)]","[(0, 1790.6689453125), (1, 2087.111083984375)]","[(0, 1068.082763671875), (1, 869.0906982421875)]","[(0, 2367.064453125), (1, 2266.843994140625)]","[(0, 2901.46337890625), (1, 3119.733154296875)]","[(0, 1577.7005615234375), (1, 1390.93701171875)]","[(0, 783.8681640625), (1, 485.8438720703125)]","[(3, 30.927252197265624), (4, 39.18940734863281), (1, 42.61658528645833), (0, 46.40676007952009), (5, 59.87983921595982), (2, 89.01394418569711)]","[(0, 2267.706787109375), (1, 1750.03076171875)]","[(1, 60.97663879394531), (2, 65.27309348366477), (4, 67.06077575683594), (0, 72.07684881036931), (5, 72.54205322265625), (3, 81.23615611683239)]","[(0, 1960.6031494140625), (1, 1052.5032958984375)]","[(2, 42.44380289713542), (5, 59.36515925480769), (4, 65.42149571010044), (1, 66.3602294921875), (0, 84.69464983258929), (3, 92.12898763020833)]","[(0, 1035.40283203125), (1, 1217.5369873046875)]"
47,"[(0, 557.2222900390625), (1, 646.7069702148438)]","[(0, 238.12208557128906), (1, 203.8350830078125)]","[(0, 8038.5380859375), (1, 7786.08544921875)]","[(0, 1804.8759765625), (1, 2492.817626953125)]","[(0, 2830.26416015625), (1, 1634.5186767578125)]","[(0, 4086.25390625), (1, 4562.8212890625)]","[(0, 1817.40869140625), (1, 2081.491455078125)]","[(0, 450.9161376953125), (1, 471.04449462890625)]","[(1, 9.443196913775276), (2, 9.61263427734375), (4, 10.07947031656901), (5, 10.705106735229492), (3, 18.00900650024414), (0, 18.347013346354167)]","[(0, 493.6334533691406), (1, 356.82598876953125)]","[(4, 22.929252115885415), (3, 24.323808942522323), (0, 37.56635030110677), (5, 39.7212900015024), (1, 50.23320124699519), (2, 77.80818869850852)]","[(0, 989.1323852539062), (1, 795.7936401367188)]","[(1, 67.58978271484375), (3, 70.68832632211539), (4, 70.78554861886161), (5, 90.47543334960938), (0, 90.50399780273438), (2, 94.44085138494319)]","[(0, 1095.6202392578125), (1, 1222.294677734375)]"
48,"[(0, 1125.7508544921875), (1, 1232.9578857421875)]","[(0, 226.69801330566406), (1, 198.43017578125)]","[(0, 1110.000244140625), (1, 1052.193603515625)]","[(0, 997.9955444335938), (1, 1239.355712890625)]","[(0, 1626.49658203125), (1, 995.0490112304688)]","[(0, 2360.26708984375), (1, 2025.3826904296875)]","[(0, 1538.85693359375), (1, 1412.5029296875)]","[(0, 288.85699462890625), (1, 261.0368347167969)]","[(1, 24.28447062174479), (2, 31.287252572866585), (4, 35.71719156901042), (0, 36.54090294471154), (5, 49.61892465444711), (3, 57.55443396935096)]","[(0, 449.6853942871094), (1, 477.8421936035156)]","[(1, 32.94751412527902), (4, 40.44286639873798), (2, 44.45021057128906), (0, 61.4210205078125), (5, 72.16412908380681), (3, 88.81937477805398)]","[(0, 330.1598205566406), (1, 323.9053649902344)]","[(1, 28.777242024739582), (2, 32.31170000348772), (4, 55.28372427133414), (5, 57.0021718343099), (0, 61.37754939152644), (3, 118.09391645951705)]","[(0, 866.1219482421875), (1, 917.2182006835938)]"
49,"[(0, 1302.502685546875), (1, 1527.0787353515625)]","[(0, 574.6182250976562), (1, 616.4330444335938)]","[(0, 4875.5126953125), (1, 5302.29638671875)]","[(0, 1058.33056640625), (1, 1149.4754638671875)]","[(0, 1756.6229248046875), (1, 1572.9022216796875)]","[(0, 4308.04052734375), (1, 4046.902099609375)]","[(0, 1483.206298828125), (1, 1800.35986328125)]","[(0, 2417.426025390625), (1, 1794.8988037109375)]","[(4, 37.164790852864584), (3, 39.973624093191965), (5, 63.42709115835336), (1, 85.654052734375), (0, 87.77006022135417), (2, 150.36976207386363)]","[(0, 667.8162231445312), (1, 451.5788879394531)]","[(4, 197.79481090198863), (1, 204.59443803267047), (5, 237.7863525390625), (2, 257.316748046875), (3, 292.118603515625), (0, 318.1701171875)]","[(0, 1857.454345703125), (1, 2007.489990234375)]","[(4, 58.41927228655134), (1, 67.02076134314903), (3, 71.20374943659856), (0, 73.84354146321614), (5, 75.33423868815105), (2, 91.25898881392045)]","[(0, 687.0406494140625), (1, 751.030029296875)]"
50,"[(0, 890.0536499023438), (1, 1101.2098388671875)]","[(0, 670.485595703125), (1, 722.8528442382812)]","[(0, 1224.012939453125), (1, 1295.4305419921875)]","[(0, 1432.3349609375), (1, 1405.4552001953125)]","[(0, 1589.8851318359375), (1, 1416.420166015625)]","[(0, 3943.1552734375), (1, 4304.80810546875)]","[(0, 2541.18408203125), (1, 3475.418212890625)]","[(0, 1026.8076171875), (1, 800.2614135742188)]","[(1, 33.00393880208333), (3, 33.78974609375), (4, 34.27385711669922), (0, 42.01256888253348), (5, 52.46272495814732), (2, 63.36929086538461)]","[(0, 861.2548828125), (1, 733.0540771484375)]","[(2, 144.187109375), (1, 160.42638050426137), (5, 173.24412841796874), (4, 192.23262162642047), (0, 192.24425048828124), (3, 234.281396484375)]","[(0, 860.1614379882812), (1, 662.4976806640625)]","[(2, 43.0903065999349), (1, 49.70143010066106), (5, 75.11561168323864), (4, 81.62152099609375), (0, 116.04221413352273), (3, 165.22747802734375)]","[(0, 428.560546875), (1, 483.6932373046875)]"
51,"[(0, 1015.0142822265625), (1, 1077.162109375)]","[(0, 652.4511108398438), (1, 778.437744140625)]","[(0, 2611.5625), (1, 2315.931396484375)]","[(0, 2360.656494140625), (1, 2257.103271484375)]","[(0, 3090.119384765625), (1, 1500.766357421875)]","[(0, 3441.70263671875), (1, 3466.404541015625)]","[(0, 1725.688720703125), (1, 2315.065673828125)]","[(0, 593.8217163085938), (1, 540.73388671875)]","[(4, 11.870284080505371), (1, 12.203553199768066), (5, 14.841207231794085), (2, 14.857846941266741), (3, 15.610461643763951), (0, 15.86103275844029)]","[(0, 951.736572265625), (1, 897.8761596679688)]","[(4, 80.50722092848558), (3, 107.7095438639323), (5, 119.42399458451705), (1, 131.50169788707387), (0, 153.617138671875), (2, 197.17938910590277)]","[(0, 579.0603637695312), (1, 551.8605346679688)]","[(2, 32.02459951547476), (1, 36.77127947126116), (5, 37.92066446940104), (4, 43.67523662860577), (0, 70.9266866048177), (3, 79.26880992542614)]","[(0, 1704.287109375), (1, 1883.393798828125)]"
52,"[(0, 735.7113037109375), (1, 804.6947631835938)]","[(0, 421.8857116699219), (1, 497.7055358886719)]","[(0, 1923.9014892578125), (1, 1916.833984375)]","[(0, 2461.60546875), (1, 2353.1201171875)]","[(0, 2161.328369140625), (1, 1118.847900390625)]","[(0, 2395.11962890625), (1, 2185.13232421875)]","[(0, 1217.84814453125), (1, 1071.297119140625)]","[(0, 1281.3258056640625), (1, 807.2435913085938)]","[(4, 19.192225864955358), (1, 20.731013706752233), (5, 29.396443684895832), (3, 31.764999389648438), (2, 32.579854329427086), (0, 35.406959533691406)]","[(0, 844.96484375), (1, 510.71502685546875)]","[(4, 98.01043701171875), (5, 121.52592329545455), (3, 133.4815118963068), (2, 165.20801890980113), (0, 186.0015203302557), (1, 221.23758951822916)]","[(0, 1836.358154296875), (1, 1411.5447998046875)]","[(4, 69.8699210030692), (3, 74.88909442608173), (1, 87.69916240985577), (0, 111.89456176757812), (5, 120.78453572591145), (2, 196.2361727627841)]","[(0, 1742.795654296875), (1, 1977.01806640625)]"
53,"[(0, 1134.6019287109375), (1, 1418.1875)]","[(0, 585.4703369140625), (1, 762.9352416992188)]","[(0, 9693.68359375), (1, 9729.5634765625)]","[(0, 2663.201416015625), (1, 2202.356689453125)]","[(0, 2131.469482421875), (1, 2046.940673828125)]","[(0, 1405.124755859375), (1, 1311.0482177734375)]","[(0, 1065.9132080078125), (1, 1138.1038818359375)]","[(0, 396.9553527832031), (1, 454.7972106933594)]","[(4, 21.336782455444336), (1, 22.381237030029297), (5, 27.971461704799108), (3, 28.793472290039062), (2, 29.854849679129465), (0, 30.930729457310267)]","[(0, 432.08160400390625), (1, 442.16217041015625)]","[(4, 16.473604329427083), (0, 23.287684849330358), (2, 24.016836983816965), (3, 25.95910409780649), (1, 26.17125701904297), (5, 28.25976327749399)]","[(0, 630.9288940429688), (1, 384.83331298828125)]","[(4, 15.271876743861608), (3, 19.435972947340744), (5, 23.215667724609375), (1, 26.47357177734375), (0, 33.09600830078125), (2, 48.28224182128906)]","[(0, 311.7580871582031), (1, 351.25555419921875)]"
54,"[(0, 1012.8062744140625), (1, 1153.5589599609375)]","[(0, 730.5266723632812), (1, 804.7047729492188)]","[(0, 1532.43505859375), (1, 1458.0760498046875)]","[(0, 2337.3720703125), (1, 3536.40185546875)]","[(0, 2391.898681640625), (1, 2229.908447265625)]","[(0, 3733.03759765625), (1, 3997.66845703125)]","[(0, 5056.0234375), (1, 7275.759765625)]","[(0, 1496.23681640625), (1, 1252.4183349609375)]","[(1, 81.3855868252841), (4, 83.13438831676136), (2, 83.521826171875), (5, 84.43526000976563), (0, 144.90875244140625), (3, 145.67742919921875)]","[(0, 1024.947265625), (1, 861.353759765625)]","[(1, 90.89973588423295), (4, 96.19191672585227), (2, 97.394775390625), (5, 101.10740356445312), (0, 148.789990234375), (3, 153.46390380859376)]","[(0, 420.85357666015625), (1, 289.65777587890625)]","[(1, 12.858796183268229), (4, 14.206822713216146), (2, 18.141871525691105), (5, 20.70158268855168), (0, 24.828648493840145), (3, 28.9042475773738)]","[(0, 894.0929565429688), (1, 986.6381225585938)]"
55,"[(0, 736.85791015625), (1, 789.640625)]","[(0, 303.5638427734375), (1, 356.65301513671875)]","[(0, 11827.0693359375), (1, 8664.78515625)]","[(0, 1760.5802001953125), (1, 1416.501953125)]","[(0, 1880.8414306640625), (1, 1040.1251220703125)]","[(0, 5226.5478515625), (1, 5781.67041015625)]","[(0, 7519.45654296875), (1, 11305.2138671875)]","[(0, 1136.5155029296875), (1, 1064.011474609375)]","[(4, 47.62435678335336), (1, 51.2131093343099), (3, 58.226837158203125), (0, 60.16557728160512), (5, 88.5088778409091), (2, 101.4970703125)]","[(0, 490.52960205078125), (1, 548.1524047851562)]","[(2, 71.11453247070312), (1, 75.34671255258414), (5, 87.85955810546875), (4, 88.5086161295573), (0, 150.44155051491478), (3, 200.73397216796874)]","[(0, 569.1040649414062), (1, 366.4117126464844)]","[(4, 88.61069899338942), (1, 89.879638671875), (5, 100.79056803385417), (2, 103.07138061523438), (3, 128.16350301106772), (0, 129.45646158854166)]","[(0, 1325.236572265625), (1, 1438.0240478515625)]"
56,"[(0, 551.698974609375), (1, 611.3731689453125)]","[(0, 362.4787292480469), (1, 449.0048828125)]","[(0, 2190.730712890625), (1, 1921.7835693359375)]","[(0, 1211.2193603515625), (1, 1008.462890625)]","[(0, 1343.3360595703125), (1, 747.1954345703125)]","[(0, 5328.02099609375), (1, 4761.8583984375)]","[(0, 1646.4117431640625), (1, 1451.6962890625)]","[(0, 377.5265808105469), (1, 312.0335388183594)]","[(1, 26.394601260914524), (4, 28.650071088005514), (2, 34.60906168619792), (5, 38.26299235026042), (0, 38.95127766927083), (3, 42.909647623697914)]","[(0, 969.4473266601562), (1, 787.8142700195312)]","[(4, 37.2150634765625), (3, 49.879403250558035), (0, 70.14324481670673), (5, 75.79278094951923), (1, 84.34800502232143), (2, 107.31064860026042)]","[(0, 1108.9754638671875), (1, 1955.139892578125)]","[(1, 46.97719029017857), (2, 54.27765362079327), (4, 57.20689509465144), (5, 68.90780639648438), (0, 90.11595662434895), (3, 101.86720969460227)]","[(0, 1648.8433837890625), (1, 1522.44677734375)]"
57,"[(0, 800.0927124023438), (1, 929.4537963867188)]","[(0, 456.3500061035156), (1, 488.61627197265625)]","[(0, 8808.7919921875), (1, 8459.0625)]","[(0, 4258.50439453125), (1, 4033.893798828125)]","[(0, 645.2044677734375), (1, 544.4993286132812)]","[(0, 2067.674072265625), (1, 1872.1119384765625)]","[(0, 422.7115173339844), (1, 481.1127624511719)]","[(0, 329.35662841796875), (1, 226.58270263671875)]","[(4, 51.609139578683035), (5, 55.68056077223558), (2, 60.79408365885417), (0, 64.48168073381696), (1, 67.30488586425781), (3, 72.33963012695312)]","[(0, 2448.77294921875), (1, 2446.86083984375)]","[(0, 58.91153786399148), (2, 65.95448996803977), (3, 68.23874733664773), (4, 73.18424987792969), (5, 76.03421852805398), (1, 110.96990966796875)]","[(0, 2335.5283203125), (1, 1163.4122314453125)]","[(1, 49.377245221819194), (5, 51.58678729717548), (2, 56.01797250600961), (4, 57.164415631975444), (3, 62.75166672926683), (0, 69.36979323167067)]","[(0, 808.765869140625), (1, 843.0081176757812)]"
58,"[(0, 932.061279296875), (1, 1096.9537353515625)]","[(0, 360.0712585449219), (1, 368.16448974609375)]","[(0, 1807.7388916015625), (1, 1721.5291748046875)]","[(0, 1794.042236328125), (1, 1513.1011962890625)]","[(0, 1032.3975830078125), (1, 841.3760986328125)]","[(0, 3859.578369140625), (1, 4208.6142578125)]","[(0, 4933.26123046875), (1, 6629.28662109375)]","[(0, 626.9127807617188), (1, 501.5146484375)]","[(4, 28.977302102481616), (5, 29.78535270690918), (1, 33.75664924172794), (2, 34.873634338378906), (3, 44.28730773925781), (0, 52.91455841064453)]","[(0, 605.2664184570312), (1, 674.1123046875)]","[(3, 58.264383951822914), (4, 64.30023803710938), (1, 83.87791137695312), (5, 84.93546549479167), (0, 85.06479220920139), (2, 113.19199625651042)]","[(0, 1394.607666015625), (1, 1218.6986083984375)]","[(4, 30.154364013671874), (3, 36.16996111188616), (5, 58.73318246694711), (1, 77.27432485727164), (0, 103.5105692545573), (2, 184.7810391512784)]","[(0, 845.041748046875), (1, 882.2163696289062)]"
59,"[(0, 970.4551391601562), (1, 1071.78564453125)]","[(0, 720.2788696289062), (1, 843.7440795898438)]","[(0, 5568.982421875), (1, 5260.3916015625)]","[(0, 2788.861572265625), (1, 2703.907958984375)]","[(0, 2307.934326171875), (1, 1074.1585693359375)]","[(0, 3748.866943359375), (1, 4353.3349609375)]","[(0, 2786.989501953125), (1, 3411.31591796875)]","[(0, 1144.92626953125), (1, 1134.2757568359375)]","[(4, 43.035913640802555), (1, 45.30427135120738), (5, 59.852386474609375), (2, 61.41395874023438), (3, 62.9227783203125), (0, 67.51446533203125)]","[(0, 348.592041015625), (1, 521.9075927734375)]","[(3, 65.76104227701823), (4, 67.14404296875), (0, 76.96519886363636), (1, 79.2901611328125), (5, 116.10524680397727), (2, 186.5561279296875)]","[(0, 843.0326538085938), (1, 613.3026733398438)]","[(2, 18.97860600398137), (1, 20.816480364118302), (5, 23.98580377752131), (4, 28.690567016601562), (0, 37.25945281982422), (3, 53.6020263671875)]","[(0, 766.6041870117188), (1, 866.9603271484375)]"
60,"[(0, 304.1944274902344), (1, 340.02789306640625)]","[(0, 1110.5645751953125), (1, 1403.4212646484375)]","[(0, 8216.8701171875), (1, 6325.8486328125)]","[(0, 1144.0460205078125), (1, 1086.221435546875)]","[(0, 1453.1783447265625), (1, 726.8297119140625)]","[(0, 3335.911376953125), (1, 2854.39990234375)]","[(0, 3245.797607421875), (1, 3001.746337890625)]","[(0, 560.194091796875), (1, 557.1874389648438)]","[(1, 113.37765502929688), (0, 125.16691450639205), (2, 127.02213911576705), (4, 127.2931620279948), (3, 140.57850230823863), (5, 141.69423606178978)]","[(0, 1226.1199951171875), (1, 999.7283325195312)]","[(2, 95.72245958116319), (1, 99.98679809570312), (5, 136.24471028645834), (4, 136.4783935546875), (0, 138.12213812934027), (3, 206.68499077690973)]","[(0, 741.5879516601562), (1, 722.7322387695312)]","[(4, 24.45177283653846), (1, 30.23174794514974), (3, 34.7672373453776), (0, 35.83445878462358), (5, 48.4059892134233), (2, 63.10218505859375)]","[(0, 6374.09521484375), (1, 6418.89404296875)]"
61,"[(0, 646.4149780273438), (1, 704.7376098632812)]","[(0, 1150.7357177734375), (1, 1241.544189453125)]","[(0, 9456.3603515625), (1, 9780.03125)]","[(0, 2433.387451171875), (1, 2415.961669921875)]","[(0, 1040.6961669921875), (1, 853.8180541992188)]","[(0, 1156.215576171875), (1, 1083.2586669921875)]","[(0, 1480.9384765625), (1, 1661.1629638671875)]","[(0, 659.1613159179688), (1, 439.077880859375)]","[(4, 58.83698448768029), (0, 61.77914193960336), (1, 64.18375505719867), (3, 71.735107421875), (5, 78.7765401204427), (2, 82.63797701322116)]","[(0, 1142.9779052734375), (1, 999.0339965820312)]","[(1, 25.08873291015625), (2, 32.8438720703125), (4, 38.06719156901042), (0, 52.55234938401442), (5, 53.78874323918269), (3, 87.75271371694711)]","[(0, 1820.6085205078125), (1, 2337.20166015625)]","[(3, 52.37881978352865), (1, 53.16223614032452), (0, 61.06108093261719), (5, 61.07374572753906), (2, 72.57990010579427), (4, 75.08317213792067)]","[(0, 278.9821472167969), (1, 307.4258117675781)]"
62,"[(0, 570.1043701171875), (1, 644.9464111328125)]","[(0, 732.8629150390625), (1, 763.2125244140625)]","[(0, 4858.78857421875), (1, 5424.88525390625)]","[(0, 5223.45849609375), (1, 5197.52490234375)]","[(0, 1721.4405517578125), (1, 1356.28857421875)]","[(0, 3557.380615234375), (1, 3769.779052734375)]","[(0, 3471.79736328125), (1, 3174.451171875)]","[(0, 350.6700134277344), (1, 236.85751342773438)]","[(3, 43.46549886067708), (4, 49.037940979003906), (1, 56.07525634765625), (0, 58.25480769230769), (5, 67.82207815987724), (2, 101.27468872070312)]","[(0, 702.9353637695312), (1, 436.07098388671875)]","[(1, 71.95548872514205), (2, 82.50823974609375), (4, 83.39241166548295), (5, 95.64566650390626), (0, 122.69552001953124), (3, 145.766162109375)]","[(0, 1005.7792358398438), (1, 927.6614379882812)]","[(3, 28.409297688802084), (4, 50.71803283691406), (1, 52.40727945963542), (5, 64.98007638113839), (0, 82.46121651785714), (2, 147.7707237830529)]","[(0, 1822.3238525390625), (1, 1714.689208984375)]"
63,"[(0, 972.4794311523438), (1, 1084.685302734375)]","[(0, 256.248046875), (1, 232.86647033691406)]","[(0, 3166.254638671875), (1, 2740.59619140625)]","[(0, 1126.56982421875), (1, 1229.843994140625)]","[(0, 4266.72802734375), (1, 2089.60546875)]","[(0, 1479.85693359375), (1, 1673.513916015625)]","[(0, 1833.5469970703125), (1, 2006.9349365234375)]","[(0, 916.1686401367188), (1, 835.5265502929688)]","[(1, 33.78480021158854), (4, 36.38623860677083), (2, 59.86726731520433), (5, 65.85763784555289), (0, 78.12211256760817), (3, 84.3519287109375)]","[(0, 306.5908203125), (1, 196.50247192382812)]","[(2, 78.36054576526989), (5, 82.78638805042614), (4, 92.06741333007812), (1, 105.9942118326823), (0, 105.9967928799716), (3, 109.49835759943181)]","[(0, 1807.6337890625), (1, 1683.739501953125)]","[(3, 43.7496223449707), (4, 45.173756318933826), (5, 51.341455078125), (1, 77.0029296875), (0, 114.00449044363839), (2, 164.9264197716346)]","[(0, 1808.80810546875), (1, 1759.36083984375)]"
64,"[(0, 622.081787109375), (1, 694.1448974609375)]","[(0, 270.1660461425781), (1, 384.93353271484375)]","[(0, 4231.55419921875), (1, 4301.779296875)]","[(0, 2676.6572265625), (1, 1824.33740234375)]","[(0, 3402.994384765625), (1, 1714.26904296875)]","[(0, 1356.8642578125), (1, 1168.7696533203125)]","[(0, 4908.6982421875), (1, 6653.8310546875)]","[(0, 375.09234619140625), (1, 430.2751770019531)]","[(5, 22.798055795522835), (4, 24.599901471819198), (2, 28.437462439903847), (1, 30.102222987583705), (3, 34.01883404071514), (0, 44.70243483323317)]","[(0, 668.0831298828125), (1, 538.5422973632812)]","[(4, 18.60926055908203), (2, 19.32337646484375), (0, 22.457407633463543), (1, 24.389352237477024), (5, 26.16882106236049), (3, 28.733468191964285)]","[(0, 1738.7401123046875), (1, 1283.43115234375)]","[(1, 45.544921875), (2, 50.01054969200721), (4, 70.73970853365384), (5, 75.99130249023438), (0, 98.00072224934895), (3, 148.3391668146307)]","[(0, 3572.571044921875), (1, 3108.533447265625)]"
65,"[(0, 1044.7325439453125), (1, 1173.8359375)]","[(0, 367.304931640625), (1, 566.210205078125)]","[(0, 3320.485595703125), (1, 3144.537353515625)]","[(0, 1815.9378662109375), (1, 1692.7064208984375)]","[(0, 1658.534423828125), (1, 1401.6083984375)]","[(0, 837.8932495117188), (1, 777.3116455078125)]","[(0, 4074.649658203125), (1, 5891.673828125)]","[(0, 952.61376953125), (1, 662.9207763671875)]","[(2, 15.561362711588542), (4, 16.04075186593192), (1, 16.847537994384766), (5, 18.726495596078728), (0, 24.11659676688058), (3, 30.00292205810547)]","[(0, 1776.75244140625), (1, 1227.4805908203125)]","[(4, 37.311022077287944), (1, 44.51246643066406), (3, 51.838623046875), (5, 59.12541707356771), (0, 65.57860773259944), (2, 73.3113525390625)]","[(0, 1045.0), (1, 585.2724609375)]","[(2, 36.30712076822917), (1, 38.44618606567383), (0, 41.03521728515625), (5, 65.54200627253606), (4, 70.52730451311383), (3, 72.51552327473958)]","[(0, 1560.8590087890625), (1, 1379.61328125)]"
66,"[(0, 906.4072875976562), (1, 1014.841552734375)]","[(0, 384.50885009765625), (1, 579.05322265625)]","[(0, 6917.0947265625), (1, 7543.46044921875)]","[(0, 2748.903076171875), (1, 3183.04248046875)]","[(0, 1271.777099609375), (1, 1061.4857177734375)]","[(0, 2459.038330078125), (1, 2789.62890625)]","[(0, 1117.150634765625), (1, 975.9752197265625)]","[(0, 2067.519287109375), (1, 1866.3780517578125)]","[(4, 51.19206824669471), (5, 59.40396626790365), (3, 67.15578715006511), (1, 74.26248873197116), (2, 84.29614766438802), (0, 96.16224161783855)]","[(0, 1251.8170166015625), (1, 839.268798828125)]","[(5, 48.42103576660156), (4, 49.55593637319711), (2, 50.47944054236779), (1, 66.88636561802456), (0, 93.49545288085938), (3, 97.89363236860795)]","[(0, 880.7271728515625), (1, 506.36114501953125)]","[(2, 13.951244099934895), (5, 16.95374952043806), (1, 18.28460121154785), (4, 28.067236328125), (0, 30.357781546456472), (3, 37.94970233623798)]","[(0, 2474.721923828125), (1, 2232.807861328125)]"
67,"[(0, 1084.3475341796875), (1, 1269.8670654296875)]","[(0, 235.6586151123047), (1, 293.4263916015625)]","[(0, 3259.629638671875), (1, 3354.970947265625)]","[(0, 1718.2218017578125), (1, 1142.96044921875)]","[(0, 1000.0802001953125), (1, 588.1773681640625)]","[(0, 1207.3375244140625), (1, 1376.969970703125)]","[(0, 1740.7725830078125), (1, 2051.253662109375)]","[(0, 678.7320556640625), (1, 440.72259521484375)]","[(2, 15.539162190755208), (5, 16.094440714518228), (1, 19.148836135864258), (4, 19.713754653930664), (0, 24.69241943359375), (3, 25.364107259114583)]","[(0, 976.4569091796875), (1, 819.2374877929688)]","[(4, 117.50627790178571), (3, 134.99830040564905), (1, 144.20023600260416), (5, 158.87407430013022), (2, 165.31212158203124), (0, 186.583251953125)]","[(0, 394.6804504394531), (1, 455.05859375)]","[(1, 18.47452500287224), (0, 25.07734578450521), (2, 25.6658203125), (4, 39.22290802001953), (3, 43.92421613420759), (5, 44.203726632254465)]","[(0, 1007.4074096679688), (1, 1157.7806396484375)]"
68,"[(0, 1180.844482421875), (1, 1279.9769287109375)]","[(0, 212.21890258789062), (1, 193.98220825195312)]","[(0, 1560.989990234375), (1, 1861.36376953125)]","[(0, 876.8046264648438), (1, 835.232177734375)]","[(0, 3881.14501953125), (1, 2257.18408203125)]","[(0, 1738.162353515625), (1, 1580.2596435546875)]","[(0, 902.9110107421875), (1, 1121.19677734375)]","[(0, 568.6458740234375), (1, 466.5625)]","[(1, 79.65533447265625), (2, 97.87350463867188), (4, 103.28746448863636), (0, 112.090869140625), (5, 125.35499267578125), (3, 149.871826171875)]","[(0, 479.1468200683594), (1, 463.02838134765625)]","[(2, 27.051685878208705), (1, 31.22291259765625), (5, 33.39942060198103), (4, 39.58941650390625), (0, 39.809051513671875), (3, 47.38728550502232)]","[(0, 848.3050537109375), (1, 915.7188110351562)]","[(1, 94.31131417410714), (2, 98.09334622896634), (0, 125.53290264423077), (5, 134.1976318359375), (3, 173.54741962139423), (4, 201.87255859375)]","[(0, 4044.9384765625), (1, 3467.697509765625)]"
69,"[(0, 1076.9193115234375), (1, 1339.57177734375)]","[(0, 242.8969268798828), (1, 327.6625061035156)]","[(0, 2716.338623046875), (1, 2669.967529296875)]","[(0, 1425.0224609375), (1, 1515.3892822265625)]","[(0, 3404.757080078125), (1, 1986.1959228515625)]","[(0, 2944.012939453125), (1, 2711.066650390625)]","[(0, 2018.91162109375), (1, 2246.0888671875)]","[(0, 578.028076171875), (1, 681.7379150390625)]","[(1, 13.314433288574218), (4, 16.009111906352796), (3, 16.69814345415901), (0, 16.698232014973957), (5, 16.71490478515625), (2, 17.71999952528212)]","[(0, 750.4346923828125), (1, 843.0708618164062)]","[(2, 69.61573674128606), (1, 70.51065499441964), (0, 121.91688028971355), (4, 132.8143513997396), (5, 137.7969637784091), (3, 252.9964111328125)]","[(0, 955.202392578125), (1, 1369.536376953125)]","[(1, 27.646966116768972), (2, 27.952963022085335), (4, 42.53229522705078), (5, 46.34416337446733), (0, 52.10741170247396), (3, 89.33280029296876)]","[(0, 1421.5172119140625), (1, 1545.966064453125)]"
70,"[(0, 986.265625), (1, 1160.89404296875)]","[(0, 331.84228515625), (1, 490.468994140625)]","[(0, 9554.525390625), (1, 8410.716796875)]","[(0, 4703.77880859375), (1, 5829.29052734375)]","[(0, 1820.572021484375), (1, 1453.5657958984375)]","[(0, 2809.346435546875), (1, 3024.63720703125)]","[(0, 2070.40185546875), (1, 1813.5390625)]","[(0, 291.9390869140625), (1, 260.0588073730469)]","[(5, 26.103597005208332), (2, 29.97946548461914), (1, 32.72574391084559), (4, 33.56058883666992), (0, 43.840169270833336), (3, 60.389696393694194)]","[(0, 951.256103515625), (1, 979.7982788085938)]","[(4, 69.05899047851562), (3, 74.7925137606534), (1, 104.72712846235795), (0, 108.60687255859375), (5, 114.212744140625), (2, 231.41617838541666)]","[(0, 1047.137939453125), (1, 648.2138671875)]","[(4, 121.177978515625), (5, 139.178955078125), (1, 142.90950520833334), (3, 146.5984441583807), (2, 170.91147682883522), (0, 178.97828258167613)]","[(0, 1060.966064453125), (1, 1179.10693359375)]"
71,"[(0, 1049.6138916015625), (1, 1213.2373046875)]","[(0, 308.1530456542969), (1, 387.75323486328125)]","[(0, 1763.1912841796875), (1, 1680.790771484375)]","[(0, 1515.47021484375), (1, 1210.574951171875)]","[(0, 1719.7701416015625), (1, 1362.725830078125)]","[(0, 4250.81103515625), (1, 4751.7919921875)]","[(0, 1078.784423828125), (1, 1217.4161376953125)]","[(0, 1355.813232421875), (1, 1066.6107177734375)]","[(1, 52.075631277901785), (2, 62.75671895345052), (4, 65.3016357421875), (0, 66.64443265474759), (3, 68.0810791015625), (5, 72.03604997907367)]","[(0, 1013.291748046875), (1, 1203.2786865234375)]","[(4, 48.72329477163461), (3, 60.84298197428385), (1, 62.087982177734375), (0, 85.18506969105114), (5, 89.82949551669034), (2, 128.465576171875)]","[(0, 641.7161865234375), (1, 538.9171142578125)]","[(4, 84.40575663248698), (3, 92.68744451349431), (5, 102.66509454900569), (1, 113.01751708984375), (0, 131.3926447088068), (2, 141.103271484375)]","[(0, 2069.96875), (1, 1913.8238525390625)]"
72,"[(0, 713.7677001953125), (1, 813.7312622070312)]","[(0, 202.18251037597656), (1, 181.3795166015625)]","[(0, 2702.4658203125), (1, 2791.51318359375)]","[(0, 3677.311279296875), (1, 3991.641357421875)]","[(0, 2611.853759765625), (1, 1389.89208984375)]","[(0, 3772.976806640625), (1, 3434.8955078125)]","[(0, 4864.54736328125), (1, 6269.59716796875)]","[(0, 1233.216552734375), (1, 1111.6385498046875)]","[(1, 44.85663604736328), (4, 48.68640950520833), (3, 54.67960298978365), (0, 59.60260009765625), (2, 74.18576485770089), (5, 90.04178560697116)]","[(0, 453.307373046875), (1, 435.2942199707031)]","[(4, 53.72209754356971), (3, 58.66857401529948), (1, 85.45949300130208), (0, 103.53564453125), (5, 109.929443359375), (2, 180.48199462890625)]","[(0, 1007.4833374023438), (1, 1327.3021240234375)]","[(1, 11.013121710883247), (2, 11.207012176513672), (4, 14.22433810763889), (5, 14.528943061828613), (0, 17.52822494506836), (3, 23.914392471313477)]","[(0, 241.1907501220703), (1, 262.8962097167969)]"
73,"[(0, 545.4459838867188), (1, 595.4304809570312)]","[(0, 426.963623046875), (1, 725.9488525390625)]","[(0, 828.8920288085938), (1, 694.5279541015625)]","[(0, 1463.2196044921875), (1, 1760.15966796875)]","[(0, 2106.34814453125), (1, 1924.202392578125)]","[(0, 3350.40185546875), (1, 3247.94677734375)]","[(0, 2963.97509765625), (1, 3777.73291015625)]","[(0, 968.4973754882812), (1, 1036.0126953125)]","[(1, 107.47031656901042), (2, 112.98805930397727), (4, 120.78291829427083), (5, 125.89321067116477), (0, 130.87458939985797), (3, 149.7732488458807)]","[(0, 1090.4437255859375), (1, 928.79541015625)]","[(4, 192.68421519886363), (1, 194.43860973011363), (5, 198.38807373046876), (2, 202.095068359375), (3, 233.6830322265625), (0, 243.5538330078125)]","[(0, 779.5194091796875), (1, 593.0242309570312)]","[(4, 26.47867228190104), (5, 51.67300180288461), (3, 58.86703725961539), (1, 59.82432338169643), (0, 99.12135823567708), (2, 100.3823954264323)]","[(0, 4012.75244140625), (1, 4181.74853515625)]"
74,"[(0, 560.5328979492188), (1, 607.8826293945312)]","[(0, 611.625732421875), (1, 1129.2928466796875)]","[(0, 4557.2158203125), (1, 4108.59765625)]","[(0, 904.1613159179688), (1, 862.415771484375)]","[(0, 1999.4022216796875), (1, 1816.965087890625)]","[(0, 2383.474853515625), (1, 2528.562744140625)]","[(0, 3135.6552734375), (1, 3387.313232421875)]","[(0, 2010.89111328125), (1, 1009.2835693359375)]","[(4, 38.693817138671875), (1, 41.411730448404946), (0, 43.38393332741477), (3, 50.65345255533854), (5, 66.25368430397727), (2, 71.72323608398438)]","[(0, 2361.0966796875), (1, 1103.969970703125)]","[(2, 27.550166829427084), (1, 37.119197845458984), (4, 38.142809186662944), (5, 44.0887451171875), (0, 48.308253696986604), (3, 88.34215291341145)]","[(0, 1043.4385986328125), (1, 995.6180419921875)]","[(0, 39.47435584435096), (1, 39.71978323800223), (4, 46.156245930989584), (3, 48.68945748465402), (5, 61.30547626201923), (2, 62.06462605794271)]","[(0, 739.5277709960938), (1, 800.3544921875)]"
75,"[(0, 698.3353271484375), (1, 746.3458251953125)]","[(0, 633.2031860351562), (1, 1058.6278076171875)]","[(0, 837.1768188476562), (1, 748.4895629882812)]","[(0, 1805.7445068359375), (1, 1463.1080322265625)]","[(0, 1616.7034912109375), (1, 874.457275390625)]","[(0, 5067.54638671875), (1, 5591.5517578125)]","[(0, 1921.4764404296875), (1, 1755.5535888671875)]","[(0, 1134.6998291015625), (1, 926.852783203125)]","[(1, 28.029883751502403), (4, 29.17712871844952), (2, 34.63858540852865), (5, 35.83115895589193), (0, 48.02750142415365), (3, 50.057759602864586)]","[(0, 785.333984375), (1, 534.5411987304688)]","[(4, 28.833860270182292), (3, 34.95410810198103), (5, 50.01231032151442), (0, 50.28880427433894), (1, 51.36335972377232), (2, 66.44312540690105)]","[(0, 848.9853515625), (1, 481.180908203125)]","[(4, 108.2743807705966), (1, 109.32921253551136), (2, 111.39228515625), (5, 112.51654052734375), (3, 161.41146240234374), (0, 172.80545654296876)]","[(0, 591.220947265625), (1, 725.346435546875)]"
76,"[(0, 675.0065307617188), (1, 766.3541870117188)]","[(0, 530.1259765625), (1, 802.00146484375)]","[(0, 1387.8681640625), (1, 1432.111572265625)]","[(0, 1140.0321044921875), (1, 928.4190673828125)]","[(0, 377.6016845703125), (1, 322.8122863769531)]","[(0, 8324.7392578125), (1, 7724.2783203125)]","[(0, 1403.75390625), (1, 1487.833984375)]","[(0, 891.3405151367188), (1, 643.9989624023438)]","[(2, 24.85991923014323), (5, 25.613248189290363), (1, 28.3305171086238), (4, 29.50664578951322), (0, 38.05390930175781), (3, 39.250038146972656)]","[(0, 1218.9630126953125), (1, 1207.88916015625)]","[(4, 103.68841552734375), (3, 135.0996426669034), (1, 158.0843838778409), (0, 175.19443359375), (5, 179.16741943359375), (2, 374.3395724826389)]","[(0, 1084.9791259765625), (1, 1113.786376953125)]","[(2, 15.611227852957589), (1, 15.944874064127605), (5, 16.180078359750603), (4, 23.439701625279017), (3, 30.05174509684245), (0, 31.94359882061298)]","[(0, 3834.76171875), (1, 4328.09521484375)]"
77,"[(0, 540.6148071289062), (1, 590.001220703125)]","[(0, 170.0773468017578), (1, 206.2311553955078)]","[(0, 1467.9332275390625), (1, 1395.3759765625)]","[(0, 1113.0743408203125), (1, 1108.31884765625)]","[(0, 2162.163330078125), (1, 1220.3099365234375)]","[(0, 3094.711181640625), (1, 2762.51513671875)]","[(0, 5004.88330078125), (1, 6259.87646484375)]","[(0, 552.6906127929688), (1, 775.5401000976562)]","[(4, 46.3992919921875), (5, 52.17638605291193), (1, 63.85878644670759), (3, 67.44872436523437), (0, 74.02941385904948), (2, 78.41097318209134)]","[(0, 508.27630615234375), (1, 505.2820129394531)]","[(4, 78.61939885066106), (1, 96.34403483072917), (3, 104.33092244466145), (0, 117.8814697265625), (5, 147.95106090198863), (2, 156.24971923828124)]","[(0, 842.7223510742188), (1, 1089.78515625)]","[(4, 36.19590641902043), (3, 49.846720377604164), (1, 58.32203165690104), (0, 68.76050359552556), (5, 80.85649525035511), (2, 151.26575927734376)]","[(0, 2433.475341796875), (1, 2222.33154296875)]"
78,"[(0, 1006.0137939453125), (1, 1050.1181640625)]","[(0, 746.062255859375), (1, 879.0614624023438)]","[(0, 3928.85791015625), (1, 3596.047607421875)]","[(0, 1453.62060546875), (1, 1110.9088134765625)]","[(0, 1894.394775390625), (1, 1133.4647216796875)]","[(0, 3300.548095703125), (1, 3615.865966796875)]","[(0, 4005.071533203125), (1, 5201.44189453125)]","[(0, 888.4299926757812), (1, 1203.00390625)]","[(2, 27.6117426554362), (5, 33.971641540527344), (1, 37.32203087439904), (4, 43.6188730093149), (0, 56.00776256214488), (3, 73.3800381747159)]","[(0, 2031.340576171875), (1, 2016.978515625)]","[(1, 124.36363525390625), (2, 137.81975640190973), (4, 142.558251953125), (0, 149.13761393229166), (5, 162.21213107638889), (3, 178.55795627170139)]","[(0, 671.4147338867188), (1, 636.7496337890625)]","[(5, 90.9548006924716), (2, 93.48601740056819), (4, 107.41231282552083), (1, 110.0198974609375), (3, 153.10810990767047), (0, 160.7453058416193)]","[(0, 1515.0338134765625), (1, 1676.617919921875)]"
79,"[(0, 703.040283203125), (1, 834.5076293945312)]","[(0, 1024.09716796875), (1, 1282.693359375)]","[(0, 2245.68603515625), (1, 2492.7236328125)]","[(0, 818.4315795898438), (1, 543.8617553710938)]","[(0, 867.6009521484375), (1, 876.034423828125)]","[(0, 3574.9091796875), (1, 3628.0556640625)]","[(0, 2133.463623046875), (1, 1916.4849853515625)]","[(0, 434.5691833496094), (1, 501.5545349121094)]","[(4, 37.16726888020833), (1, 38.50959879557292), (3, 60.25914588341346), (0, 63.97224308894231), (5, 73.89822152944711), (2, 77.1658466045673)]","[(0, 1228.037353515625), (1, 1017.495361328125)]","[(2, 85.43202514648438), (1, 87.94908558238636), (4, 125.39726118607955), (5, 129.1433837890625), (0, 129.9862060546875), (3, 189.21973876953126)]","[(0, 1265.699462890625), (1, 924.930908203125)]","[(4, 55.45756178635817), (5, 63.36613972981771), (3, 67.24768575032552), (1, 78.69403545673077), (2, 86.46507771809895), (0, 97.21270751953125)]","[(0, 659.0026245117188), (1, 694.3369140625)]"
80,"[(0, 769.6981811523438), (1, 867.81689453125)]","[(0, 1158.1561279296875), (1, 1240.8203125)]","[(0, 5772.6513671875), (1, 6357.4365234375)]","[(0, 4159.6376953125), (1, 4463.77197265625)]","[(0, 2578.0947265625), (1, 1500.03662109375)]","[(0, 3159.907958984375), (1, 3077.546630859375)]","[(0, 3024.072021484375), (1, 3402.3583984375)]","[(0, 562.2533569335938), (1, 678.8621826171875)]","[(2, 29.752349853515625), (1, 36.931408221905045), (5, 38.968017578125), (4, 46.7080078125), (0, 81.5060147372159), (3, 102.2521639737216)]","[(0, 963.2708740234375), (1, 421.4180603027344)]","[(4, 86.5453935102983), (1, 112.9402743252841), (5, 123.32994384765625), (3, 139.33692626953126), (2, 158.5987060546875), (0, 184.09671630859376)]","[(0, 1040.08740234375), (1, 1089.4130859375)]","[(1, 28.191177368164062), (2, 29.411043607271633), (5, 59.91831970214844), (4, 61.17532583383414), (0, 67.33326212565105), (3, 154.97147993607953)]","[(0, 861.359130859375), (1, 937.88330078125)]"
81,"[(0, 850.3750610351562), (1, 974.7064208984375)]","[(0, 822.6557006835938), (1, 848.1796875)]","[(0, 11909.228515625), (1, 10016.513671875)]","[(0, 512.5515747070312), (1, 639.6326904296875)]","[(0, 1660.2625732421875), (1, 972.7748413085938)]","[(0, 2808.269775390625), (1, 2700.4716796875)]","[(0, 5305.7412109375), (1, 6077.21728515625)]","[(0, 609.7413940429688), (1, 292.7111511230469)]","[(1, 42.69889479417067), (4, 44.542388916015625), (3, 45.9886239858774), (5, 47.39586463341346), (2, 47.4100087483724), (0, 57.01402282714844)]","[(0, 673.4736328125), (1, 735.329345703125)]","[(4, 24.699003092447917), (3, 24.87251935686384), (5, 42.74960092397836), (0, 43.04164123535156), (2, 63.7408280806108), (1, 66.53190260667067)]","[(0, 828.5198364257812), (1, 614.1680297851562)]","[(4, 55.06954084123884), (3, 60.43127910907452), (5, 69.43623860677083), (1, 86.22426350911458), (0, 92.09113103693181), (2, 128.595263671875)]","[(0, 1445.0283203125), (1, 1348.9365234375)]"
82,"[(0, 665.1978149414062), (1, 762.1651000976562)]","[(0, 225.48776245117188), (1, 204.49925231933594)]","[(0, 1587.5450439453125), (1, 1645.186767578125)]","[(0, 3280.849609375), (1, 4121.97705078125)]","[(0, 790.1630249023438), (1, 709.7672119140625)]","[(0, 2949.000732421875), (1, 3059.13525390625)]","[(0, 5891.69677734375), (1, 6702.57763671875)]","[(0, 1028.2911376953125), (1, 843.1624755859375)]","[(4, 65.82610006893383), (1, 72.12405598958334), (5, 87.891943359375), (3, 93.91104125976562), (0, 103.14379010881696), (2, 104.1024921123798)]","[(0, 1005.9404296875), (1, 812.9714965820312)]","[(4, 19.977201334635417), (3, 23.886012486049108), (0, 35.36573791503906), (5, 35.60372455303486), (2, 43.906763250177555), (1, 45.48187255859375)]","[(0, 1387.275390625), (1, 1058.16845703125)]","[(2, 42.68246694711539), (1, 43.513767787388396), (5, 76.86374918619792), (4, 83.78810471754808), (0, 96.40505981445312), (3, 185.1287841796875)]","[(0, 953.3903198242188), (1, 1063.5533447265625)]"
83,"[(0, 706.0211181640625), (1, 773.3723754882812)]","[(0, 545.9008178710938), (1, 552.8247680664062)]","[(0, 2341.192626953125), (1, 2149.2822265625)]","[(0, 973.7020874023438), (1, 913.8017578125)]","[(0, 1405.109375), (1, 779.1786499023438)]","[(0, 4735.13134765625), (1, 4983.38427734375)]","[(0, 2358.048583984375), (1, 2015.6632080078125)]","[(0, 638.4725952148438), (1, 781.2437744140625)]","[(1, 81.35750906808036), (4, 81.59877232142857), (5, 90.29735389122597), (2, 90.66823167067308), (3, 90.95138784555289), (0, 92.08717698317308)]","[(0, 780.1719970703125), (1, 1056.5078125)]","[(4, 62.8828857421875), (5, 68.12346055772569), (1, 69.4650146484375), (3, 76.30738661024306), (2, 78.31814236111111), (0, 87.66591389973958)]","[(0, 439.3849182128906), (1, 435.5020446777344)]","[(1, 36.456486002604166), (2, 37.96154349190848), (4, 55.81804950420673), (0, 67.34649658203125), (5, 69.07229105631511), (3, 127.44136186079545)]","[(0, 676.3671264648438), (1, 704.4600830078125)]"
84,"[(0, 987.8070068359375), (1, 1150.2808837890625)]","[(0, 745.8377685546875), (1, 806.6502685546875)]","[(0, 5674.2080078125), (1, 5611.4130859375)]","[(0, 1200.140869140625), (1, 1597.66259765625)]","[(0, 1118.1497802734375), (1, 624.927978515625)]","[(0, 3504.11279296875), (1, 3110.381103515625)]","[(0, 1988.5479736328125), (1, 2289.3701171875)]","[(0, 2124.989990234375), (1, 1277.2320556640625)]","[(2, 46.500741141183035), (1, 51.33570556640625), (5, 56.26157789963942), (4, 58.835645403180806), (0, 103.14012732872597), (3, 126.36460367838542)]","[(0, 1447.8284912109375), (1, 1359.3873291015625)]","[(3, 92.9454678622159), (0, 108.38633034446023), (4, 118.8932393391927), (5, 125.9686279296875), (2, 140.3826349431818), (1, 209.03519694010416)]","[(0, 2087.04443359375), (1, 1812.5699462890625)]","[(1, 31.297709147135418), (4, 33.878639729817706), (2, 61.56265024038461), (5, 68.93687086838942), (0, 71.44249549278847), (3, 80.62038949819711)]","[(0, 1031.456298828125), (1, 1128.945068359375)]"
85,"[(0, 584.29931640625), (1, 674.4821166992188)]","[(0, 764.1356201171875), (1, 801.1158447265625)]","[(0, 4805.83349609375), (1, 5623.767578125)]","[(0, 5344.45361328125), (1, 5499.201171875)]","[(0, 505.9462585449219), (1, 462.24542236328125)]","[(0, 2055.87451171875), (1, 1902.1466064453125)]","[(0, 6493.67919921875), (1, 9728.6259765625)]","[(0, 1664.578857421875), (1, 1349.3341064453125)]","[(2, 71.49291120256696), (1, 79.13025716145833), (5, 79.39098249162946), (4, 87.839404296875), (0, 102.01369803292411), (3, 111.59620012555804)]","[(0, 579.885986328125), (1, 574.7221069335938)]","[(4, 27.531079973493302), (3, 29.16949228140024), (0, 44.60252888997396), (5, 56.280914306640625), (1, 67.35446401742789), (2, 80.29922207919034)]","[(0, 915.0736694335938), (1, 669.7401733398438)]","[(1, 90.86571710759944), (4, 92.1158447265625), (2, 101.31309204101562), (0, 103.92010498046875), (5, 106.86273193359375), (3, 109.09310302734374)]","[(0, 1356.9205322265625), (1, 1133.1566162109375)]"
86,"[(0, 530.4628295898438), (1, 567.7241821289062)]","[(0, 424.0918884277344), (1, 407.6297607421875)]","[(0, 869.93603515625), (1, 822.5643310546875)]","[(0, 1135.4342041015625), (1, 1226.0152587890625)]","[(0, 508.92822265625), (1, 439.0749206542969)]","[(0, 4174.33740234375), (1, 4368.97705078125)]","[(0, 4445.521484375), (1, 6600.6396484375)]","[(0, 609.889404296875), (1, 676.246826171875)]","[(1, 53.080226353236604), (2, 55.91274789663461), (5, 81.91519997336648), (4, 82.41350809733073), (0, 104.10758463541667), (3, 170.0350341796875)]","[(0, 2029.02490234375), (1, 2704.781005859375)]","[(4, 18.616575113932292), (3, 23.382823399135045), (0, 34.422882080078125), (5, 36.54884690504808), (1, 37.271148681640625), (2, 58.38559237393466)]","[(0, 2007.7752685546875), (1, 1405.443115234375)]","[(2, 33.88853337214543), (1, 33.99501473563058), (0, 64.47268676757812), (4, 64.88902791341145), (5, 70.01167990944602), (3, 131.8617431640625)]","[(0, 4752.44482421875), (1, 3816.126220703125)]"
87,"[(0, 969.0322265625), (1, 1080.424072265625)]","[(0, 722.3594970703125), (1, 861.6943359375)]","[(0, 4280.20166015625), (1, 3437.576171875)]","[(0, 1043.3350830078125), (1, 742.9002685546875)]","[(0, 1538.81884765625), (1, 784.5977172851562)]","[(0, 2312.131103515625), (1, 2396.85498046875)]","[(0, 3559.810546875), (1, 3701.341796875)]","[(0, 1395.02197265625), (1, 963.85205078125)]","[(1, 21.029117160373264), (4, 27.00271785960478), (0, 32.593650817871094), (3, 32.830702718098955), (2, 34.43733215332031), (5, 37.69477132161458)]","[(0, 1072.992919921875), (1, 833.4467163085938)]","[(4, 48.33736947866586), (3, 49.15312703450521), (1, 84.74774678548177), (5, 90.57298694957386), (0, 98.72527521306819), (2, 196.8399658203125)]","[(0, 529.0133666992188), (1, 261.80157470703125)]","[(4, 58.01234654017857), (1, 72.30652794471153), (0, 83.54563903808594), (3, 87.8218994140625), (5, 90.93459065755208), (2, 134.0554532137784)]","[(0, 1260.3045654296875), (1, 1238.0721435546875)]"
88,"[(0, 1182.276123046875), (1, 1455.44677734375)]","[(0, 983.9132080078125), (1, 1298.6453857421875)]","[(0, 1545.9910888671875), (1, 1995.6617431640625)]","[(0, 1792.674072265625), (1, 1623.2911376953125)]","[(0, 2439.37841796875), (1, 1364.896484375)]","[(0, 981.3572387695312), (1, 879.0853881835938)]","[(0, 3702.422119140625), (1, 3920.922119140625)]","[(0, 1394.1181640625), (1, 1432.44140625)]","[(1, 44.21141639122596), (4, 45.36181640625), (2, 56.41625467936198), (5, 57.79236348470052), (0, 59.58320109049479), (3, 59.6893310546875)]","[(0, 1780.94091796875), (1, 1113.44970703125)]","[(2, 132.5122958096591), (4, 135.4458211263021), (0, 150.82778098366478), (5, 152.56901411576703), (1, 163.7070109049479), (3, 172.92958762428978)]","[(0, 1617.2841796875), (1, 1124.696533203125)]","[(1, 53.38807091346154), (4, 63.87067667643229), (2, 63.89739481608073), (5, 81.37176513671875), (3, 92.10947875976562), (0, 100.38325639204545)]","[(0, 626.7315673828125), (1, 659.3571166992188)]"
89,"[(0, 695.7481079101562), (1, 754.7734375)]","[(0, 1083.9283447265625), (1, 1150.74169921875)]","[(0, 4960.5107421875), (1, 4860.244140625)]","[(0, 7574.1982421875), (1, 5970.08935546875)]","[(0, 2036.4652099609375), (1, 1133.3436279296875)]","[(0, 3646.137451171875), (1, 3998.396728515625)]","[(0, 3036.020751953125), (1, 3181.552490234375)]","[(0, 1053.631591796875), (1, 907.3330688476562)]","[(2, 33.743890380859376), (1, 38.8812255859375), (5, 40.858690534319194), (4, 43.25588785807292), (0, 44.281215122767854), (3, 78.06912466195914)]","[(0, 1685.3387451171875), (1, 1519.452880859375)]","[(4, 30.102157592773438), (3, 38.77767112038352), (1, 39.696746826171875), (0, 49.361907958984375), (5, 50.51456909179687), (2, 77.49903700086806)]","[(0, 658.4146118164062), (1, 645.8983154296875)]","[(2, 27.855253092447917), (1, 29.96188735961914), (0, 37.78263201032366), (5, 45.09811166616586), (3, 63.136372884114586), (4, 71.08519635881696)]","[(0, 890.2989501953125), (1, 984.5979614257812)]"
90,"[(0, 801.9192504882812), (1, 912.216552734375)]","[(0, 914.6788330078125), (1, 1015.3579711914062)]","[(0, 9146.9326171875), (1, 8109.94921875)]","[(0, 2768.3740234375), (1, 2411.85693359375)]","[(0, 477.5144348144531), (1, 418.95184326171875)]","[(0, 1498.8990478515625), (1, 1286.1414794921875)]","[(0, 4957.6591796875), (1, 5234.86865234375)]","[(0, 685.132080078125), (1, 328.1784973144531)]","[(5, 20.530526297433035), (2, 21.152294921875), (4, 22.86434326171875), (1, 28.47147560119629), (0, 40.341888427734375), (3, 47.17872502253606)]","[(0, 2699.36962890625), (1, 1566.5533447265625)]","[(4, 29.13490104675293), (0, 30.865350341796876), (2, 31.104536946614584), (1, 31.315009622012866), (5, 32.047149658203125), (3, 42.170501708984375)]","[(0, 371.6911315917969), (1, 244.1884002685547)]","[(1, 10.294523351332721), (3, 11.728484209846048), (0, 12.540431022644043), (2, 14.453253173828125), (4, 15.625800238715279), (5, 16.421314239501953)]","[(0, 2465.143310546875), (1, 2925.5712890625)]"
91,"[(0, 575.6656494140625), (1, 634.54248046875)]","[(0, 252.50143432617188), (1, 227.81373596191406)]","[(0, 10665.8486328125), (1, 9415.40625)]","[(0, 2773.89306640625), (1, 2921.992431640625)]","[(0, 3884.544189453125), (1, 2108.114501953125)]","[(0, 654.3248901367188), (1, 625.8261108398438)]","[(0, 1952.304931640625), (1, 1705.6968994140625)]","[(0, 679.8252563476562), (1, 525.3945922851562)]","[(1, 35.871297200520836), (4, 39.20813751220703), (2, 43.25828200120192), (5, 48.16637747628348), (3, 69.87848336356026), (0, 81.07382436899039)]","[(0, 701.0808715820312), (1, 630.7631225585938)]","[(2, 51.47147780198317), (4, 56.31031681941106), (5, 57.96590677897135), (1, 67.87759835379464), (0, 89.5311787923177), (3, 122.55553089488636)]","[(0, 954.5175170898438), (1, 942.5166625976562)]","[(1, 42.738233293805806), (2, 45.47632305438702), (0, 96.46446736653645), (4, 104.7835184733073), (5, 108.12326882102273), (3, 259.8923583984375)]","[(0, 3757.550537109375), (1, 3854.377197265625)]"
92,"[(0, 1119.7237548828125), (1, 1185.973876953125)]","[(0, 1338.60693359375), (1, 1529.8935546875)]","[(0, 2209.45361328125), (1, 2271.28662109375)]","[(0, 616.7567749023438), (1, 541.9962158203125)]","[(0, 2774.5546875), (1, 1568.0870361328125)]","[(0, 1240.3162841796875), (1, 1355.739013671875)]","[(0, 1297.787353515625), (1, 1498.452392578125)]","[(0, 767.5021362304688), (1, 846.625244140625)]","[(5, 22.492244944852942), (2, 23.302198621961807), (4, 27.03206549750434), (1, 28.156924599095394), (0, 36.00372673483456), (3, 38.43159866333008)]","[(0, 715.88134765625), (1, 734.6666259765625)]","[(1, 116.33623046875), (2, 118.03748914930556), (0, 134.18648274739584), (4, 144.67064208984374), (5, 149.38715277777777), (3, 170.09803602430554)]","[(0, 613.9422607421875), (1, 691.0679321289062)]","[(4, 60.51954234730113), (1, 69.410888671875), (3, 91.81983642578125), (5, 96.71876220703125), (2, 108.08646240234376), (0, 108.42861328125)]","[(0, 1349.4583740234375), (1, 1563.24169921875)]"
93,"[(0, 503.3478698730469), (1, 615.4857788085938)]","[(0, 2226.433349609375), (1, 2866.569091796875)]","[(0, 475.7462158203125), (1, 438.3170471191406)]","[(0, 860.4912719726562), (1, 783.3745727539062)]","[(0, 1280.14111328125), (1, 1271.173828125)]","[(0, 7152.296875), (1, 8026.99365234375)]","[(0, 2208.8876953125), (1, 3139.832763671875)]","[(0, 1140.876708984375), (1, 1084.76953125)]","[(2, 22.1693115234375), (1, 22.922605387369792), (5, 27.02333504813058), (4, 27.090688069661457), (0, 49.82641132061298), (3, 58.2900390625)]","[(0, 429.9609680175781), (1, 313.5287170410156)]","[(4, 31.181951904296874), (3, 45.408399309430806), (0, 48.33797044020433), (5, 49.53935359074519), (2, 63.59752909342448), (1, 67.33103288922992)]","[(0, 350.41845703125), (1, 258.8858947753906)]","[(4, 121.27318226207386), (3, 121.63502197265625), (5, 128.020947265625), (1, 166.5506258877841), (0, 173.3018798828125), (2, 177.17625732421874)]","[(0, 3598.09912109375), (1, 3742.97265625)]"
94,"[(0, 919.4821166992188), (1, 1074.408447265625)]","[(0, 1962.4261474609375), (1, 2160.922119140625)]","[(0, 5003.4853515625), (1, 4559.69775390625)]","[(0, 2480.10400390625), (1, 2592.953369140625)]","[(0, 1959.5780029296875), (1, 908.8633422851562)]","[(0, 2917.783447265625), (1, 2662.02099609375)]","[(0, 1055.0262451171875), (1, 1554.726318359375)]","[(0, 1202.623046875), (1, 967.2789306640625)]","[(2, 20.29600877028245), (5, 21.26586679311899), (1, 22.37587629045759), (4, 23.229548863002233), (0, 36.55553964468149), (3, 38.20744206355168)]","[(0, 1483.2105712890625), (1, 1829.77197265625)]","[(4, 118.30307241586539), (2, 126.5013427734375), (5, 127.45885213216145), (3, 138.88545735677084), (0, 140.4574178059896), (1, 172.54659329927884)]","[(0, 864.2658081054688), (1, 818.73291015625)]","[(1, 13.89298921472886), (3, 14.288444010416667), (2, 16.249753952026367), (0, 16.454532623291016), (5, 17.759867350260418), (4, 28.080419540405273)]","[(0, 474.6619567871094), (1, 536.1558227539062)]"
95,"[(0, 852.49267578125), (1, 1007.4150390625)]","[(0, 997.7756958007812), (1, 1071.83154296875)]","[(0, 654.4952392578125), (1, 701.4005737304688)]","[(0, 1960.612548828125), (1, 2122.919921875)]","[(0, 1581.46435546875), (1, 808.615478515625)]","[(0, 2486.877685546875), (1, 2353.939208984375)]","[(0, 1556.2364501953125), (1, 1972.0816650390625)]","[(0, 935.4491577148438), (1, 526.7421875)]","[(1, 39.578518337673614), (3, 40.669047037760414), (4, 44.06198299632353), (0, 55.78741455078125), (5, 65.7228271484375), (2, 67.49759674072266)]","[(0, 3532.73095703125), (1, 3015.861083984375)]","[(2, 112.68743896484375), (1, 117.52301494891827), (5, 131.85212846235797), (4, 152.4386189778646), (0, 191.36103959517047), (3, 316.607958984375)]","[(0, 569.5267333984375), (1, 463.462646484375)]","[(1, 31.223830279181986), (2, 33.94110107421875), (5, 37.244388834635416), (0, 49.892191569010414), (4, 54.111610412597656), (3, 73.30399867466518)]","[(0, 512.2078247070312), (1, 553.8086547851562)]"
96,"[(0, 853.5258178710938), (1, 1011.621826171875)]","[(0, 279.53466796875), (1, 243.93028259277344)]","[(0, 5361.509765625), (1, 5656.5458984375)]","[(0, 494.5034484863281), (1, 564.2586059570312)]","[(0, 489.5166931152344), (1, 351.7709655761719)]","[(0, 5137.87353515625), (1, 5846.48779296875)]","[(0, 1650.9854736328125), (1, 1960.703369140625)]","[(0, 744.0552978515625), (1, 469.4947509765625)]","[(4, 50.177952357700896), (3, 51.76763446514423), (1, 72.72783954326923), (0, 76.48742167154948), (5, 101.20420328776042), (2, 151.9394198330966)]","[(0, 1031.4444580078125), (1, 525.0142211914062)]","[(4, 48.71236673990885), (1, 55.7919921875), (3, 72.2118807705966), (0, 85.8148681640625), (5, 90.56438598632812), (2, 113.52518039279514)]","[(0, 895.30712890625), (1, 549.7127075195312)]","[(1, 48.10945347377232), (2, 56.60057185246394), (4, 73.71028958834134), (5, 79.91478983561198), (0, 133.31439208984375), (3, 222.3819912997159)]","[(0, 1041.7994384765625), (1, 1153.45947265625)]"
97,"[(0, 670.6704711914062), (1, 700.9652099609375)]","[(0, 909.119140625), (1, 1038.03369140625)]","[(0, 1192.271240234375), (1, 914.84375)]","[(0, 891.0740966796875), (1, 764.5853881835938)]","[(0, 447.5603332519531), (1, 336.1393737792969)]","[(0, 1236.56884765625), (1, 1416.449951171875)]","[(0, 640.1160278320312), (1, 542.958740234375)]","[(0, 1041.2481689453125), (1, 1175.0718994140625)]","[(3, 34.848201751708984), (4, 37.70976347081802), (0, 49.858101981026785), (1, 51.609761555989586), (5, 55.575642903645836), (2, 89.97774564302884)]","[(0, 1942.0045166015625), (1, 1034.3079833984375)]","[(2, 50.75919283353365), (4, 51.044426413143384), (5, 53.64202067057292), (1, 54.08819580078125), (0, 67.95168631417411), (3, 69.25846862792969)]","[(0, 2262.484375), (1, 1250.755615234375)]","[(4, 26.458195277622767), (1, 32.21637197641226), (3, 36.361856313852165), (5, 43.569976806640625), (0, 46.46671040852865), (2, 50.3976884321733)]","[(0, 1902.808837890625), (1, 1944.8392333984375)]"
98,"[(0, 1169.3126220703125), (1, 1323.9967041015625)]","[(0, 1232.230712890625), (1, 1525.39111328125)]","[(0, 9736.78515625), (1, 6704.16259765625)]","[(0, 1106.9267578125), (1, 966.2919921875)]","[(0, 1670.0621337890625), (1, 835.5337524414062)]","[(0, 1032.0751953125), (1, 932.1795043945312)]","[(0, 675.0114135742188), (1, 799.5908203125)]","[(0, 802.53125), (1, 592.2522583007812)]","[(4, 27.257823399135045), (3, 32.28900615985577), (1, 36.581990559895836), (5, 46.2462158203125), (0, 48.1077880859375), (2, 68.45550537109375)]","[(0, 2558.56005859375), (1, 1995.9149169921875)]","[(2, 25.87627704326923), (5, 30.170862833658855), (4, 31.32476571890024), (1, 45.194649832589285), (0, 54.14599100748698), (3, 73.14349920099431)]","[(0, 1079.992919921875), (1, 930.515869140625)]","[(1, 9.812749226888021), (4, 10.684218343098959), (2, 14.557112473707933), (0, 15.23305922288161), (5, 16.34348942683293), (3, 17.17402766301082)]","[(0, 2856.81787109375), (1, 3122.51318359375)]"
99,"[(0, 672.5855712890625), (1, 782.8439331054688)]","[(0, 1262.603515625), (1, 1375.4442138671875)]","[(0, 5252.876953125), (1, 4609.63330078125)]","[(0, 2507.316162109375), (1, 2540.282958984375)]","[(0, 1034.005615234375), (1, 557.427734375)]","[(0, 1280.6734619140625), (1, 1190.3165283203125)]","[(0, 3038.03076171875), (1, 3543.3193359375)]","[(0, 424.9487609863281), (1, 286.1169738769531)]","[(2, 218.4534357244318), (1, 219.7743937174479), (5, 222.95778586647728), (4, 226.10176595052084), (0, 249.1058016690341), (3, 251.96886097301137)]","[(0, 1820.3447265625), (1, 1412.1304931640625)]","[(5, 79.21756998697917), (2, 82.18413628472223), (4, 84.06779174804687), (1, 84.78089599609375), (3, 96.12377251519098), (0, 98.07317437065973)]","[(0, 593.7542724609375), (1, 347.8488464355469)]","[(1, 60.72298959585336), (0, 62.94684346516927), (3, 64.88862609863281), (2, 68.9238789876302), (4, 70.49730036808894), (5, 71.9550069173177)]","[(0, 1028.8763427734375), (1, 1081.49462890625)]"
100,"[(0, 710.1149291992188), (1, 814.4202270507812)]","[(0, 1140.3272705078125), (1, 1476.4244384765625)]","[(0, 2056.12646484375), (1, 1805.1590576171875)]","[(0, 1837.732666015625), (1, 1593.2752685546875)]","[(0, 2760.522705078125), (1, 1332.0980224609375)]","[(0, 1898.5899658203125), (1, 2123.83837890625)]","[(0, 1410.8233642578125), (1, 1610.3814697265625)]","[(0, 945.546630859375), (1, 1616.0391845703125)]","[(1, 14.8279052734375), (4, 15.357598304748535), (3, 19.4030029296875), (5, 19.578990391322545), (2, 20.5823481633113), (0, 23.692884172712052)]","[(0, 612.6721801757812), (1, 681.0049438476562)]","[(2, 46.28775533040365), (1, 48.22506479116586), (4, 60.61762029474432), (5, 64.78854370117188), (0, 65.92621959339489), (3, 128.37060546875)]","[(0, 1156.81103515625), (1, 731.9175415039062)]","[(1, 25.707660251193577), (4, 32.27204047309028), (5, 40.68386459350586), (3, 41.479122161865234), (2, 42.706275939941406), (0, 43.63590621948242)]","[(0, 1689.8804931640625), (1, 1614.9521484375)]"
101,"[(0, 644.0693359375), (1, 699.2986450195312)]","[(0, 831.0065307617188), (1, 892.965576171875)]","[(0, 2480.81005859375), (1, 2921.99951171875)]","[(0, 2971.884765625), (1, 3249.399658203125)]","[(0, 1422.458251953125), (1, 703.7120971679688)]","[(0, 2478.62744140625), (1, 2877.5595703125)]","[(0, 1734.0926513671875), (1, 1865.2730712890625)]","[(0, 593.8893432617188), (1, 798.1177978515625)]","[(4, 35.315948486328125), (3, 36.477865365835335), (1, 54.16582234700521), (0, 58.23764315518466), (5, 58.517364501953125), (2, 93.979931640625)]","[(0, 1021.2122802734375), (1, 787.7200317382812)]","[(2, 34.333231608072914), (1, 36.52936730018029), (5, 50.704681396484375), (4, 51.35930841619318), (0, 64.16131036931819), (3, 113.11996120876736)]","[(0, 1779.452880859375), (1, 1199.5338134765625)]","[(1, 45.39024353027344), (5, 45.761800130208336), (4, 47.84689510569853), (2, 49.858411516462056), (3, 70.20641276041667), (0, 80.27787562779018)]","[(0, 1032.988525390625), (1, 1194.1298828125)]"
102,"[(0, 621.6681518554688), (1, 752.3505249023438)]","[(0, 221.67709350585938), (1, 199.68678283691406)]","[(0, 672.7084350585938), (1, 746.8136596679688)]","[(0, 1997.72412109375), (1, 2062.814208984375)]","[(0, 358.9261474609375), (1, 325.1209716796875)]","[(0, 2319.193603515625), (1, 2072.72412109375)]","[(0, 1106.24755859375), (1, 1249.60205078125)]","[(0, 325.3016357421875), (1, 320.73236083984375)]","[(2, 48.72540283203125), (5, 50.85559517996652), (4, 56.156453450520836), (1, 60.520809173583984), (0, 90.08328683035714), (3, 110.91311410757211)]","[(0, 1380.2120361328125), (1, 1736.0550537109375)]","[(4, 112.70911583533653), (5, 132.21809895833334), (3, 152.1636759440104), (1, 161.31122295673077), (2, 168.2025349934896), (0, 187.8682861328125)]","[(0, 1207.8211669921875), (1, 1124.8150634765625)]","[(1, 14.42370891571045), (2, 20.321180071149552), (5, 23.596025739397323), (4, 24.57657241821289), (0, 32.796866280691965), (3, 37.142242431640625)]","[(0, 1320.4969482421875), (1, 1402.2928466796875)]"
103,"[(0, 826.9615478515625), (1, 961.890625)]","[(0, 230.27589416503906), (1, 194.4622344970703)]","[(0, 1837.2900390625), (1, 1488.1666259765625)]","[(0, 2451.158447265625), (1, 2379.0)]","[(0, 574.6990356445312), (1, 531.2380981445312)]","[(0, 1025.3568115234375), (1, 954.654541015625)]","[(0, 1543.2431640625), (1, 1300.195556640625)]","[(0, 1049.5943603515625), (1, 813.971435546875)]","[(1, 18.002478463309153), (4, 19.73769187927246), (3, 20.639306640625), (5, 23.518327985491073), (0, 24.001539963942307), (2, 26.563807169596355)]","[(0, 710.15185546875), (1, 1090.2830810546875)]","[(4, 48.9808095296224), (5, 51.80540882457387), (3, 51.98637251420455), (2, 60.05886008522727), (0, 60.0608076615767), (1, 94.04430135091145)]","[(0, 336.34619140625), (1, 389.6619567871094)]","[(1, 53.98945201526988), (2, 54.734716796875), (4, 60.80771151455966), (5, 61.415191650390625), (0, 84.0125244140625), (3, 96.1494873046875)]","[(0, 2130.79296875), (1, 1930.236328125)]"
104,"[(0, 745.6813354492188), (1, 845.12158203125)]","[(0, 692.1109619140625), (1, 803.4862060546875)]","[(0, 9800.3203125), (1, 6931.89990234375)]","[(0, 1515.483154296875), (1, 1742.9403076171875)]","[(0, 1006.5263061523438), (1, 655.52783203125)]","[(0, 2206.130126953125), (1, 2410.71630859375)]","[(0, 2295.99853515625), (1, 2630.158203125)]","[(0, 766.1101684570312), (1, 696.3414916992188)]","[(1, 42.91112342247596), (2, 45.335540771484375), (4, 47.19298846905048), (5, 51.57337443033854), (0, 56.98760477701823), (3, 63.84369913736979)]","[(0, 1535.248046875), (1, 1197.9276123046875)]","[(2, 12.57882103553185), (5, 13.040016174316406), (1, 14.814601353236608), (4, 15.452963022085337), (0, 29.319534301757812), (3, 31.886646617542613)]","[(0, 775.6672973632812), (1, 893.87255859375)]","[(1, 21.751571655273438), (2, 24.580538236177883), (4, 37.91408030192057), (5, 44.72932017933238), (0, 47.282246907552086), (3, 72.83892822265625)]","[(0, 2466.01806640625), (1, 2146.273193359375)]"
105,"[(0, 876.04736328125), (1, 973.30517578125)]","[(0, 435.7097473144531), (1, 497.518798828125)]","[(0, 2151.68994140625), (1, 2039.4349365234375)]","[(0, 1452.5875244140625), (1, 1713.6756591796875)]","[(0, 3039.943603515625), (1, 1687.8326416015625)]","[(0, 1228.6834716796875), (1, 1347.741943359375)]","[(0, 3914.805908203125), (1, 5260.33642578125)]","[(0, 876.3085327148438), (1, 594.8450317382812)]","[(2, 50.135562133789065), (1, 52.78747003728693), (5, 56.94936301491477), (4, 59.37313334147135), (3, 61.5390458540483), (0, 70.0802490234375)]","[(0, 351.96209716796875), (1, 469.4239807128906)]","[(5, 79.0399336381392), (4, 91.78319295247395), (2, 92.99698708274148), (1, 105.47349039713542), (3, 116.01178533380681), (0, 137.027587890625)]","[(0, 627.37060546875), (1, 611.4332885742188)]","[(2, 23.14434344951923), (1, 23.49446541922433), (5, 37.82049837979403), (4, 41.89747873942057), (0, 49.85233052571615), (3, 85.07072143554687)]","[(0, 1265.1708984375), (1, 1443.0740966796875)]"
106,"[(0, 779.3484497070312), (1, 858.5949096679688)]","[(0, 345.6441955566406), (1, 373.53253173828125)]","[(0, 3031.4033203125), (1, 2409.28662109375)]","[(0, 1253.6246337890625), (1, 1130.35791015625)]","[(0, 1686.2703857421875), (1, 973.9384765625)]","[(0, 1559.4530029296875), (1, 1459.4686279296875)]","[(0, 4052.04248046875), (1, 7887.81884765625)]","[(0, 1009.4660034179688), (1, 649.765869140625)]","[(1, 19.735909598214285), (2, 21.380228678385418), (4, 25.9134521484375), (5, 33.785754864032455), (0, 46.36673482259115), (3, 51.28594501201923)]","[(0, 689.9727783203125), (1, 1130.28515625)]","[(4, 44.76740910456731), (3, 49.090983072916664), (1, 65.6201504794034), (5, 72.87022816051136), (0, 77.24336547851563), (2, 134.14425998263889)]","[(0, 1747.290771484375), (1, 1116.78369140625)]","[(4, 19.503509521484375), (1, 26.319817679268972), (5, 29.023338904747597), (3, 40.74068979116586), (2, 40.84878285725912), (0, 54.85472106933594)]","[(0, 577.9597778320312), (1, 654.7262573242188)]"
107,"[(0, 1300.725830078125), (1, 1568.086181640625)]","[(0, 608.47998046875), (1, 715.988525390625)]","[(0, 10017.6025390625), (1, 8578.4189453125)]","[(0, 794.5457763671875), (1, 885.1951293945312)]","[(0, 749.4227294921875), (1, 712.634521484375)]","[(0, 1748.9052734375), (1, 1626.0166015625)]","[(0, 2293.31103515625), (1, 2733.964111328125)]","[(0, 757.0955200195312), (1, 676.2532958984375)]","[(4, 32.33171668419471), (3, 34.69013977050781), (1, 45.393768310546875), (0, 47.53217662464488), (5, 55.84075372869318), (2, 85.6194580078125)]","[(0, 1033.211181640625), (1, 1074.417236328125)]","[(2, 39.57643781389509), (1, 44.9280517578125), (5, 68.07345072428386), (0, 69.7386005108173), (4, 71.60842660757211), (3, 156.73356489701703)]","[(0, 218.39707946777344), (1, 251.26995849609375)]","[(2, 107.81688435872395), (1, 116.268310546875), (5, 120.00791422526042), (4, 127.4588153545673), (0, 165.74481201171875), (3, 184.61212158203125)]","[(0, 1207.8719482421875), (1, 1150.0089111328125)]"
108,"[(0, 1034.872314453125), (1, 1145.3419189453125)]","[(0, 517.1438598632812), (1, 502.8381042480469)]","[(0, 1400.498046875), (1, 1344.71142578125)]","[(0, 979.7959594726562), (1, 963.3475952148438)]","[(0, 1988.2520751953125), (1, 1272.1246337890625)]","[(0, 2071.604736328125), (1, 2381.049560546875)]","[(0, 1232.5504150390625), (1, 1673.4923095703125)]","[(0, 557.22119140625), (1, 636.1681518554688)]","[(1, 75.2414042154948), (4, 79.04590715680804), (3, 80.68365009014423), (0, 85.6458407315341), (2, 87.80690307617188), (5, 95.25696818033855)]","[(0, 1562.789306640625), (1, 1694.253662109375)]","[(1, 41.792022705078125), (2, 44.55033052884615), (4, 64.53075154622395), (5, 67.6967606977983), (0, 87.34171549479167), (3, 190.10576171875)]","[(0, 1673.86669921875), (1, 1688.3316650390625)]","[(3, 34.135433197021484), (1, 37.32222086588542), (5, 42.723917643229164), (4, 48.78628719554228), (0, 51.225411551339285), (2, 72.93009596604567)]","[(0, 913.7716064453125), (1, 966.29248046875)]"
109,"[(0, 764.4895629882812), (1, 915.721435546875)]","[(0, 379.6958923339844), (1, 368.2357482910156)]","[(0, 5692.79931640625), (1, 7502.4228515625)]","[(0, 2727.33935546875), (1, 2637.456298828125)]","[(0, 1239.208984375), (1, 793.5548706054688)]","[(0, 1136.1373291015625), (1, 1291.655517578125)]","[(0, 1380.9473876953125), (1, 1215.7564697265625)]","[(0, 739.388916015625), (1, 737.0789794921875)]","[(1, 44.72966419566762), (2, 45.284506225585936), (5, 47.428121948242186), (4, 47.45947265625), (0, 73.35355834960937), (3, 76.42474975585938)]","[(0, 1050.466064453125), (1, 445.12933349609375)]","[(3, 31.552040793678977), (4, 38.147071838378906), (0, 44.64870383522727), (5, 47.37039462002841), (2, 62.64726118607955), (1, 96.4224853515625)]","[(0, 2028.7821044921875), (1, 1440.423095703125)]","[(1, 41.906272888183594), (4, 42.245704650878906), (5, 48.64339338030134), (2, 52.65301949637277), (3, 54.504551478794646), (0, 59.046151297433035)]","[(0, 1773.744873046875), (1, 1664.38037109375)]"
110,"[(0, 850.9928588867188), (1, 919.7214965820312)]","[(0, 569.829345703125), (1, 716.2255249023438)]","[(0, 1160.7264404296875), (1, 828.1090087890625)]","[(0, 1579.12841796875), (1, 1342.54833984375)]","[(0, 996.8274536132812), (1, 1019.1895141601562)]","[(0, 1119.9197998046875), (1, 1006.3861083984375)]","[(0, 1572.04443359375), (1, 1753.0885009765625)]","[(0, 507.3380126953125), (1, 579.1514892578125)]","[(4, 46.90548471304086), (1, 48.79934927133414), (2, 57.751678466796875), (5, 58.8425038655599), (3, 59.40516153971354), (0, 61.893218994140625)]","[(0, 892.53857421875), (1, 841.2288818359375)]","[(2, 36.31218073918269), (1, 39.64003208705357), (5, 49.39301045735677), (4, 60.87211726262019), (0, 70.96474711100261), (3, 112.46525435014205)]","[(0, 1611.4144287109375), (1, 875.9070434570312)]","[(1, 81.53784734552556), (4, 88.5513028231534), (0, 94.96336059570312), (2, 101.19542236328125), (3, 110.48731689453125), (5, 114.82537841796875)]","[(0, 1234.841796875), (1, 1376.8458251953125)]"
111,"[(0, 564.0966796875), (1, 716.0042724609375)]","[(0, 934.977783203125), (1, 1264.3367919921875)]","[(0, 3375.77490234375), (1, 3556.875244140625)]","[(0, 1497.918701171875), (1, 1576.0765380859375)]","[(0, 611.475830078125), (1, 579.8475952148438)]","[(0, 3258.131591796875), (1, 2975.535888671875)]","[(0, 2560.47265625), (1, 3427.76513671875)]","[(0, 376.36077880859375), (1, 308.10205078125)]","[(3, 71.08647742638222), (0, 75.49808443509616), (4, 79.44016810825893), (1, 81.91056605747768), (5, 100.40610914963942), (2, 103.09342134915866)]","[(0, 940.3058471679688), (1, 1249.816650390625)]","[(2, 92.90505981445312), (4, 96.51244245256696), (5, 101.4908916766827), (3, 116.82220928485577), (1, 128.21815842848557), (0, 137.2752482096354)]","[(0, 967.7869262695312), (1, 967.7255249023438)]","[(1, 19.054364372702207), (2, 23.078001022338867), (0, 32.70874226888021), (5, 35.38904244559152), (4, 45.034114583333334), (3, 69.2167499248798)]","[(0, 1519.2745361328125), (1, 1710.9412841796875)]"
112,"[(0, 939.5224609375), (1, 1098.711181640625)]","[(0, 800.2423095703125), (1, 929.6439819335938)]","[(0, 1602.34326171875), (1, 1718.7347412109375)]","[(0, 1156.66650390625), (1, 1133.8387451171875)]","[(0, 1064.751953125), (1, 962.7734985351562)]","[(0, 2670.2294921875), (1, 2905.447998046875)]","[(0, 5685.306640625), (1, 7958.54345703125)]","[(0, 1042.5404052734375), (1, 1202.57666015625)]","[(4, 48.136326381138396), (5, 50.82611083984375), (1, 52.61497395833333), (2, 56.43768746512277), (0, 91.49472280649039), (3, 101.56581624348958)]","[(0, 812.871826171875), (1, 583.8773193359375)]","[(2, 52.111502511160715), (5, 53.629608154296875), (4, 59.25948893229167), (1, 63.846988932291666), (0, 90.97330147879464), (3, 94.25700160435268)]","[(0, 2692.9208984375), (1, 2159.28466796875)]","[(4, 12.915595421424278), (1, 18.809586842854817), (3, 20.713577270507812), (5, 20.719139792702414), (0, 21.67334677956321), (2, 33.912841796875)]","[(0, 2511.59765625), (1, 2208.0263671875)]"
113,"[(0, 834.2593383789062), (1, 931.9927978515625)]","[(0, 554.8392333984375), (1, 611.576416015625)]","[(0, 1343.911376953125), (1, 1479.466064453125)]","[(0, 3494.44482421875), (1, 3082.2255859375)]","[(0, 3747.526611328125), (1, 2243.733642578125)]","[(0, 4227.6455078125), (1, 4739.47314453125)]","[(0, 1880.14013671875), (1, 1594.3399658203125)]","[(0, 833.2770385742188), (1, 640.8694458007812)]","[(4, 56.81789926382211), (5, 56.881103515625), (1, 62.8757558969351), (2, 64.758056640625), (3, 66.22620137532552), (0, 74.72282409667969)]","[(0, 551.4596557617188), (1, 504.9845275878906)]","[(5, 107.6423848470052), (4, 114.77004770132211), (1, 138.13487897600447), (3, 139.90268776633522), (2, 147.78742863581732), (0, 162.0989990234375)]","[(0, 1128.9332275390625), (1, 1017.017578125)]","[(1, 28.006173270089285), (2, 28.430577204777645), (4, 44.58179728190104), (5, 44.77808172052557), (0, 46.2135009765625), (3, 67.10056762695312)]","[(0, 843.8463134765625), (1, 895.6893310546875)]"
114,"[(0, 709.2266845703125), (1, 818.49951171875)]","[(0, 594.510986328125), (1, 801.1353149414062)]","[(0, 4272.09423828125), (1, 3298.685302734375)]","[(0, 3595.220947265625), (1, 4115.58984375)]","[(0, 3273.1865234375), (1, 1957.7884521484375)]","[(0, 3977.767333984375), (1, 3748.41650390625)]","[(0, 2710.836669921875), (1, 3146.0458984375)]","[(0, 1008.129638671875), (1, 812.798583984375)]","[(2, 77.59943237304688), (1, 78.46456076882102), (5, 90.96239013671875), (4, 92.96169766512784), (0, 140.6580078125), (3, 164.14779052734374)]","[(0, 531.1317749023438), (1, 495.4102478027344)]","[(5, 42.02461496988932), (2, 42.41594989483173), (4, 42.46253380408654), (1, 53.517665318080354), (0, 94.61013793945312), (3, 101.5766268643466)]","[(0, 1827.781982421875), (1, 1216.0869140625)]","[(1, 35.45994657628677), (2, 45.647315979003906), (0, 61.26558024088542), (4, 88.18866373697917), (5, 90.26533726283482), (3, 150.07444411057693)]","[(0, 2623.3369140625), (1, 2354.3837890625)]"
115,"[(0, 1310.3837890625), (1, 1366.8485107421875)]","[(0, 781.8195190429688), (1, 1039.460205078125)]","[(0, 7204.61328125), (1, 6514.6259765625)]","[(0, 1276.6376953125), (1, 1069.9830322265625)]","[(0, 2192.828125), (1, 1975.172119140625)]","[(0, 3502.676025390625), (1, 3311.98779296875)]","[(0, 3804.026611328125), (1, 4621.39892578125)]","[(0, 894.2554321289062), (1, 456.283203125)]","[(2, 105.63931039663461), (1, 114.72344970703125), (5, 120.25188739483173), (4, 130.2269548688616), (0, 137.51728703425482), (3, 158.05900691105768)]","[(0, 532.9052734375), (1, 721.8519287109375)]","[(4, 85.56743915264423), (2, 86.18361409505208), (1, 90.37498121995192), (0, 99.95519002278645), (5, 104.60221354166667), (3, 122.41886393229167)]","[(0, 1647.999755859375), (1, 1598.702880859375)]","[(1, 14.2916259765625), (2, 20.14539909362793), (4, 22.607955932617188), (5, 22.989276885986328), (0, 27.084590911865234), (3, 32.27884292602539)]","[(0, 812.92919921875), (1, 927.4141845703125)]"
116,"[(0, 1016.0311279296875), (1, 1181.4014892578125)]","[(0, 867.5975341796875), (1, 1139.0013427734375)]","[(0, 2010.485595703125), (1, 1868.443115234375)]","[(0, 520.5302734375), (1, 475.92388916015625)]","[(0, 1410.5980224609375), (1, 1175.2418212890625)]","[(0, 3515.024169921875), (1, 3890.4541015625)]","[(0, 3603.789306640625), (1, 4989.6806640625)]","[(0, 1140.1103515625), (1, 867.3465576171875)]","[(1, 118.83038330078125), (2, 128.42406116832387), (4, 143.42020670572916), (0, 147.68039772727272), (5, 157.87971635298297), (3, 184.8471346768466)]","[(0, 908.0316772460938), (1, 850.6483764648438)]","[(4, 74.55637300931491), (5, 78.56182861328125), (2, 79.91742451985677), (3, 94.64560953776042), (0, 95.15577189127605), (1, 123.23583045372597)]","[(0, 1057.5419921875), (1, 1081.6534423828125)]","[(5, 25.94876708984375), (4, 26.49220904181985), (3, 31.415020751953126), (1, 32.91190719604492), (2, 41.79636492047991), (0, 44.456795828683035)]","[(0, 470.59796142578125), (1, 497.60845947265625)]"
117,"[(0, 734.2242431640625), (1, 840.9357299804688)]","[(0, 753.4835815429688), (1, 868.7645874023438)]","[(0, 13951.3701171875), (1, 11896.265625)]","[(0, 1558.33935546875), (1, 1580.02392578125)]","[(0, 1190.6888427734375), (1, 628.7481689453125)]","[(0, 3979.6455078125), (1, 4495.13232421875)]","[(0, 1376.3961181640625), (1, 1238.7169189453125)]","[(0, 785.5804443359375), (1, 649.5961303710938)]","[(1, 90.42111642020089), (4, 93.27858189174107), (2, 100.0079345703125), (5, 103.3839111328125), (0, 119.35619178185097), (3, 122.37889685997597)]","[(0, 547.1397094726562), (1, 662.0785522460938)]","[(4, 154.6255086263021), (2, 161.0495050603693), (0, 175.23555131392047), (5, 178.94398082386363), (3, 193.2040349786932), (1, 208.5050048828125)]","[(0, 1429.308349609375), (1, 1074.281982421875)]","[(1, 35.45617910531851), (2, 36.14483388264974), (4, 51.16295369466146), (5, 58.04360129616477), (0, 87.97437633167614), (3, 125.689501953125)]","[(0, 863.9547119140625), (1, 930.8580322265625)]"
118,"[(0, 525.9470825195312), (1, 598.7156982421875)]","[(0, 264.8671569824219), (1, 237.38101196289062)]","[(0, 3098.405517578125), (1, 2911.9638671875)]","[(0, 2108.46435546875), (1, 2495.163818359375)]","[(0, 821.2298583984375), (1, 675.321044921875)]","[(0, 5692.38671875), (1, 5111.779296875)]","[(0, 1200.6439208984375), (1, 1399.0228271484375)]","[(0, 520.7492065429688), (1, 421.9221496582031)]","[(4, 15.256296793619791), (1, 18.272691999162948), (3, 22.76161629813058), (0, 23.839071420522835), (5, 26.43525108924279), (2, 28.81700897216797)]","[(0, 1770.7962646484375), (1, 1342.296142578125)]","[(5, 254.5022216796875), (4, 277.31185635653407), (2, 311.264501953125), (3, 317.852587890625), (1, 327.57785866477275), (0, 389.3464111328125)]","[(0, 364.22747802734375), (1, 495.95196533203125)]","[(4, 84.1496073404948), (5, 88.09938742897727), (1, 95.40897623697917), (3, 98.15224387428977), (2, 102.55783913352273), (0, 116.8253173828125)]","[(0, 964.791015625), (1, 1039.3602294921875)]"
119,"[(0, 608.572509765625), (1, 705.4127197265625)]","[(0, 434.0582580566406), (1, 583.233154296875)]","[(0, 5154.87451171875), (1, 5342.552734375)]","[(0, 1503.394287109375), (1, 1303.3402099609375)]","[(0, 990.4439697265625), (1, 805.9224243164062)]","[(0, 3363.22021484375), (1, 2969.187744140625)]","[(0, 1659.37060546875), (1, 2281.709716796875)]","[(0, 750.9891967773438), (1, 913.7233276367188)]","[(3, 24.920011393229167), (4, 33.973716735839844), (1, 36.34371294294085), (5, 43.331268310546875), (0, 43.76999136117789), (2, 62.14141337076823)]","[(0, 856.831298828125), (1, 888.2368774414062)]","[(1, 39.21186116536458), (4, 41.27143147786458), (0, 61.31033090444711), (3, 62.645263671875), (2, 73.5412128155048), (5, 76.62256328876202)]","[(0, 2454.507080078125), (1, 2338.819091796875)]","[(5, 127.09345037286931), (4, 139.35725911458334), (3, 171.2743585759943), (2, 174.28273703835228), (1, 177.97465006510416), (0, 244.05490944602272)]","[(0, 2485.671875), (1, 2271.656005859375)]"
120,"[(0, 1162.7921142578125), (1, 1441.8731689453125)]","[(0, 535.2070922851562), (1, 672.3604736328125)]","[(0, 6278.73388671875), (1, 5673.8779296875)]","[(0, 2145.807861328125), (1, 1839.5684814453125)]","[(0, 2663.021240234375), (1, 1455.3509521484375)]","[(0, 3218.849853515625), (1, 3655.370849609375)]","[(0, 1300.822509765625), (1, 1721.164794921875)]","[(0, 555.2378540039062), (1, 494.8400573730469)]","[(4, 39.842236328125), (3, 46.01437612680289), (1, 54.39903971354167), (0, 64.35668006310097), (5, 72.39647028996394), (2, 102.54405799278847)]","[(0, 1526.187744140625), (1, 884.8558349609375)]","[(2, 49.798828125), (1, 54.23790995279948), (5, 63.41395874023438), (4, 63.52127907492898), (0, 129.79278564453125), (3, 140.51167805989584)]","[(0, 628.363037109375), (1, 500.3897705078125)]","[(0, 53.409698486328125), (1, 55.54891357421875), (2, 68.56927490234375), (3, 99.11763822115384), (5, 103.3038330078125), (4, 112.3475341796875)]","[(0, 2095.555419921875), (1, 2315.999755859375)]"
121,"[(0, 934.1828002929688), (1, 1108.77197265625)]","[(0, 635.2127685546875), (1, 831.7192993164062)]","[(0, 1157.8082275390625), (1, 817.3271484375)]","[(0, 1096.9327392578125), (1, 871.6080932617188)]","[(0, 1149.70849609375), (1, 634.4674072265625)]","[(0, 3387.962646484375), (1, 3802.669921875)]","[(0, 2086.5546875), (1, 1762.90966796875)]","[(0, 683.1170043945312), (1, 634.93994140625)]","[(4, 43.423557826450896), (3, 50.92466735839844), (1, 55.107584635416664), (0, 58.00152587890625), (5, 65.84629313151042), (2, 106.16732083834134)]","[(0, 690.58203125), (1, 506.6480407714844)]","[(4, 66.9190204326923), (3, 76.94838968912761), (1, 114.3203633626302), (5, 141.38364479758522), (0, 151.1119051846591), (2, 281.7985595703125)]","[(0, 1001.4049072265625), (1, 603.538330078125)]","[(2, 27.497786458333334), (1, 34.74857711791992), (0, 50.72019740513393), (5, 51.71288592998798), (4, 61.23180716378348), (3, 96.10117594401042)]","[(0, 1112.8546142578125), (1, 1244.158203125)]"
122,"[(0, 993.9800415039062), (1, 1214.201416015625)]","[(0, 513.407958984375), (1, 621.3193359375)]","[(0, 580.5228881835938), (1, 522.6881713867188)]","[(0, 1530.4334716796875), (1, 1748.962890625)]","[(0, 3427.37939453125), (1, 1916.7718505859375)]","[(0, 4456.21826171875), (1, 3915.078369140625)]","[(0, 1068.461669921875), (1, 1266.8104248046875)]","[(0, 918.7615356445312), (1, 802.7015991210938)]","[(5, 14.595054117838542), (2, 16.484155654907227), (1, 17.253290512982538), (4, 17.399484634399414), (3, 24.13446262904576), (0, 25.013525390625)]","[(0, 756.7703247070312), (1, 533.2680053710938)]","[(4, 24.81658935546875), (5, 25.57404033954327), (1, 25.81996590750558), (2, 27.56230046198918), (3, 42.63057767427885), (0, 45.69558481069711)]","[(0, 2375.719482421875), (1, 1245.032470703125)]","[(5, 60.89978966346154), (2, 62.13188288762019), (1, 62.73698207310268), (3, 75.08725679837741), (0, 77.19400259164664), (4, 93.77986363002232)]","[(0, 2125.273681640625), (1, 1945.4923095703125)]"
123,"[(0, 503.5195007324219), (1, 558.8033447265625)]","[(0, 258.4852600097656), (1, 231.23825073242188)]","[(0, 1417.119384765625), (1, 1576.28759765625)]","[(0, 2417.744384765625), (1, 2361.90869140625)]","[(0, 2314.5400390625), (1, 1320.55859375)]","[(0, 4012.296875), (1, 3630.582275390625)]","[(0, 3590.15380859375), (1, 5281.04052734375)]","[(0, 530.0933227539062), (1, 506.1373596191406)]","[(1, 48.86004130045573), (0, 56.7779707475142), (2, 57.012939453125), (4, 59.909537179129465), (3, 64.21138822115384), (5, 71.29231262207031)]","[(0, 950.9196166992188), (1, 714.5962524414062)]","[(4, 133.89828491210938), (5, 135.31504128196022), (3, 154.64659534801137), (1, 168.01671346028647), (2, 176.96779563210228), (0, 195.3252840909091)]","[(0, 963.1776733398438), (1, 483.318115234375)]","[(4, 31.393822303185097), (1, 33.261077880859375), (3, 38.77911376953125), (0, 49.02864213423295), (5, 59.43094704367898), (2, 78.66795043945312)]","[(0, 1916.736328125), (1, 2029.2696533203125)]"
124,"[(0, 678.3651733398438), (1, 746.3177490234375)]","[(0, 1106.0745849609375), (1, 1428.5731201171875)]","[(0, 6697.287109375), (1, 7522.48291015625)]","[(0, 1707.2120361328125), (1, 1416.3607177734375)]","[(0, 1262.5347900390625), (1, 1127.45751953125)]","[(0, 1788.4136962890625), (1, 1989.931884765625)]","[(0, 2129.383056640625), (1, 3392.033203125)]","[(0, 1258.1483154296875), (1, 890.321044921875)]","[(3, 35.09664408365885), (4, 36.33073073167067), (1, 44.08821105957031), (0, 53.01290616122159), (5, 70.89301091974431), (2, 81.32280883789062)]","[(0, 1187.175048828125), (1, 956.226318359375)]","[(4, 19.78316650390625), (3, 22.527888706752233), (0, 27.11524611253005), (5, 36.3517831655649), (2, 43.07479349772135), (1, 45.715114048549104)]","[(0, 592.4779663085938), (1, 741.03369140625)]","[(4, 41.16975264115767), (1, 45.09980912642045), (3, 49.198828125), (0, 54.593963623046875), (5, 56.3582275390625), (2, 59.899237060546874)]","[(0, 2280.23828125), (1, 2526.646240234375)]"
125,"[(0, 549.8367309570312), (1, 611.8646240234375)]","[(0, 1620.769775390625), (1, 2230.093505859375)]","[(0, 6313.884765625), (1, 5142.34423828125)]","[(0, 3385.1884765625), (1, 3827.1806640625)]","[(0, 1236.655517578125), (1, 1203.428466796875)]","[(0, 1545.6307373046875), (1, 1666.3544921875)]","[(0, 4533.197265625), (1, 4004.59033203125)]","[(0, 1023.1444702148438), (1, 946.2462158203125)]","[(2, 132.5949041193182), (5, 134.63596413352272), (1, 137.6270751953125), (4, 138.54065958658853), (3, 179.40261008522728), (0, 179.70423473011363)]","[(0, 560.4358520507812), (1, 343.44122314453125)]","[(2, 175.83662109375), (1, 176.39565207741478), (0, 203.99649658203126), (4, 212.9047185724432), (5, 219.0821533203125), (3, 246.783642578125)]","[(0, 937.0147705078125), (1, 826.73046875)]","[(1, 16.57204482134651), (2, 26.655289713541666), (5, 28.05819091796875), (4, 28.468775132123163), (0, 30.824959309895835), (3, 32.224265543619794)]","[(0, 772.6993408203125), (1, 876.0239868164062)]"
126,"[(0, 971.9259033203125), (1, 1113.3599853515625)]","[(0, 1540.4317626953125), (1, 1788.6497802734375)]","[(0, 480.1396484375), (1, 440.5229797363281)]","[(0, 2154.902587890625), (1, 2486.9443359375)]","[(0, 2189.809326171875), (1, 1158.34716796875)]","[(0, 2026.86669921875), (1, 1823.85302734375)]","[(0, 3377.578125), (1, 3591.81103515625)]","[(0, 644.4520874023438), (1, 731.8795166015625)]","[(1, 55.04418586282169), (2, 58.59163284301758), (5, 70.186865234375), (0, 73.22530110677083), (4, 76.5340805053711), (3, 82.34012276785714)]","[(0, 433.2447814941406), (1, 370.8245849609375)]","[(2, 168.564892578125), (1, 187.11982865767047), (5, 236.9034912109375), (4, 260.670166015625), (0, 270.1371826171875), (3, 368.8424072265625)]","[(0, 1505.1302490234375), (1, 1288.9256591796875)]","[(1, 59.326991489955354), (4, 69.97875104631696), (2, 71.16098257211539), (5, 73.16457425631009), (3, 89.88375150240384), (0, 90.78534405048077)]","[(0, 1939.030517578125), (1, 2084.345947265625)]"
127,"[(0, 996.8084106445312), (1, 1119.3709716796875)]","[(0, 1330.0904541015625), (1, 1468.6802978515625)]","[(0, 1301.8587646484375), (1, 1503.510498046875)]","[(0, 2991.26708984375), (1, 2529.3525390625)]","[(0, 1139.4462890625), (1, 962.412353515625)]","[(0, 1869.4652099609375), (1, 1817.9468994140625)]","[(0, 2322.4990234375), (1, 1976.538330078125)]","[(0, 2598.507080078125), (1, 1511.26318359375)]","[(4, 25.255307006835938), (1, 26.087641665810033), (5, 26.291273328993057), (2, 26.363595401539524), (0, 38.9391299977022), (3, 40.66974555121528)]","[(0, 840.0447387695312), (1, 782.5297241210938)]","[(2, 24.539038521902903), (1, 33.805686442057294), (4, 37.90906231219952), (5, 42.25686391194662), (0, 42.76585036057692), (3, 77.7205644087358)]","[(0, 944.2706909179688), (1, 676.6281127929688)]","[(1, 17.052698471966913), (2, 23.122247314453126), (0, 26.6197998046875), (4, 31.0310115814209), (5, 31.50697762625558), (3, 40.180489676339285)]","[(0, 3074.448974609375), (1, 3330.339111328125)]"
128,"[(0, 576.9973754882812), (1, 693.9327392578125)]","[(0, 225.26840209960938), (1, 197.90817260742188)]","[(0, 6268.23388671875), (1, 5512.7275390625)]","[(0, 3195.57080078125), (1, 3048.26953125)]","[(0, 3034.85107421875), (1, 1588.9310302734375)]","[(0, 1291.4400634765625), (1, 1395.53369140625)]","[(0, 932.3897094726562), (1, 1067.7261962890625)]","[(0, 654.0765380859375), (1, 533.5164794921875)]","[(2, 41.23798043387277), (1, 41.666015625), (5, 96.7068583170573), (0, 98.24683556189903), (4, 106.7330322265625), (3, 271.3543590198864)]","[(0, 610.8658447265625), (1, 437.9917297363281)]","[(4, 88.72708129882812), (3, 90.71337335759944), (5, 105.93358265269886), (0, 127.85117409446023), (2, 141.13710715553978), (1, 161.12931315104166)]","[(0, 1150.14111328125), (1, 893.7758178710938)]","[(4, 121.11310369318181), (1, 122.10404459635417), (3, 126.39691162109375), (0, 127.84093128551136), (2, 131.3519287109375), (5, 134.99029541015625)]","[(0, 541.0167846679688), (1, 577.1294555664062)]"
129,"[(0, 1255.96826171875), (1, 1541.3743896484375)]","[(0, 372.79376220703125), (1, 459.52734375)]","[(0, 6025.39990234375), (1, 5659.3681640625)]","[(0, 1021.889404296875), (1, 1104.5277099609375)]","[(0, 2215.699462890625), (1, 1221.9654541015625)]","[(0, 2562.712890625), (1, 2816.67431640625)]","[(0, 2865.734130859375), (1, 3204.821044921875)]","[(0, 1238.8167724609375), (1, 1388.2401123046875)]","[(2, 17.96762212117513), (5, 18.209712982177734), (4, 20.256136380709133), (1, 20.54124802809495), (3, 24.894297281901043), (0, 25.257474263509113)]","[(0, 881.5834350585938), (1, 775.6876220703125)]","[(2, 44.24439493815104), (0, 57.64795430501302), (5, 62.3353271484375), (4, 62.65233905498798), (1, 66.55220853365384), (3, 79.41590372721355)]","[(0, 1948.070068359375), (1, 1195.6341552734375)]","[(1, 39.37801585477941), (4, 44.58364329618566), (5, 53.813594563802084), (2, 58.98324381510417), (3, 62.89560139973958), (0, 69.1361572265625)]","[(0, 1845.5137939453125), (1, 1852.246826171875)]"
130,"[(0, 1054.5831298828125), (1, 1194.833984375)]","[(0, 599.7225952148438), (1, 837.8153686523438)]","[(0, 1166.021484375), (1, 1083.9200439453125)]","[(0, 1865.1085205078125), (1, 1886.17431640625)]","[(0, 464.9375), (1, 430.9967956542969)]","[(0, 3687.196533203125), (1, 3357.02880859375)]","[(0, 1109.2578125), (1, 1281.4364013671875)]","[(0, 392.84454345703125), (1, 566.1548461914062)]","[(4, 23.34068603515625), (3, 26.747083391462052), (5, 40.88677039513221), (1, 47.38228665865385), (0, 54.51984659830729), (2, 80.09077037464489)]","[(0, 1221.0416259765625), (1, 1117.27099609375)]","[(3, 41.429805501302084), (4, 57.81201171875), (1, 58.68203125), (0, 60.558358328683035), (5, 66.09649222237724), (2, 98.58754319411058)]","[(0, 441.0427551269531), (1, 401.23712158203125)]","[(1, 190.4073282877604), (2, 203.59605823863637), (0, 244.97751686789772), (4, 270.36916097005206), (5, 298.9137073863636), (3, 364.6895862926136)]","[(0, 1817.757080078125), (1, 2039.930908203125)]"
131,"[(0, 533.0834350585938), (1, 589.8180541992188)]","[(0, 582.7991943359375), (1, 646.6937255859375)]","[(0, 2149.051513671875), (1, 1907.7547607421875)]","[(0, 5918.03369140625), (1, 4642.9609375)]","[(0, 687.2434692382812), (1, 425.4671936035156)]","[(0, 2579.075927734375), (1, 2461.009033203125)]","[(0, 1794.7901611328125), (1, 2203.992431640625)]","[(0, 661.8926391601562), (1, 618.443603515625)]","[(2, 77.14432466947116), (1, 84.01832798549107), (5, 98.91904703776042), (4, 117.64495380108173), (0, 130.70763142903647), (3, 246.9256036931818)]","[(0, 530.7069091796875), (1, 496.3446960449219)]","[(4, 44.605603899274556), (0, 54.077322823660715), (3, 54.78270467122396), (5, 55.94381479116586), (2, 56.20909016927083), (1, 80.46207427978516)]","[(0, 1040.5894775390625), (1, 816.2514038085938)]","[(2, 52.73622131347656), (1, 67.91848050631009), (5, 77.85123697916667), (4, 94.85791954627403), (0, 157.2769442471591), (3, 245.26762251420453)]","[(0, 2674.4677734375), (1, 2465.05029296875)]"
132,"[(0, 921.997802734375), (1, 1027.00048828125)]","[(0, 619.3936157226562), (1, 667.267822265625)]","[(0, 2723.63525390625), (1, 2161.306640625)]","[(0, 693.0237426757812), (1, 813.5360717773438)]","[(0, 437.56671142578125), (1, 257.33160400390625)]","[(0, 3380.2880859375), (1, 3766.23974609375)]","[(0, 1761.9229736328125), (1, 2044.5810546875)]","[(0, 1419.1156005859375), (1, 910.2235717773438)]","[(2, 49.3267578125), (4, 51.00278581891741), (1, 56.36863327026367), (5, 59.66794057992789), (0, 73.51448277064732), (3, 108.58558146158855)]","[(0, 2247.83203125), (1, 1433.863037109375)]","[(2, 46.34149169921875), (1, 51.681549072265625), (4, 58.50517134232955), (5, 59.56556396484375), (0, 102.78922119140626), (3, 133.23895941840277)]","[(0, 937.9177856445312), (1, 1167.07275390625)]","[(4, 38.84596604567308), (3, 42.04808553059896), (0, 61.68723366477273), (1, 64.36983744303386), (5, 79.8305497602983), (2, 145.60762939453124)]","[(0, 3785.165283203125), (1, 3926.037353515625)]"
133,"[(0, 1147.7862548828125), (1, 1311.273193359375)]","[(0, 904.46875), (1, 1153.51611328125)]","[(0, 8687.62109375), (1, 8340.705078125)]","[(0, 1685.246337890625), (1, 1583.1937255859375)]","[(0, 245.27099609375), (1, 248.71954345703125)]","[(0, 1634.560791015625), (1, 1846.7252197265625)]","[(0, 3486.376220703125), (1, 3041.799560546875)]","[(0, 1225.959716796875), (1, 594.3888549804688)]","[(1, 15.258709498814174), (3, 15.391504923502604), (0, 15.723518958458534), (4, 17.47089195251465), (5, 22.237006051199778), (2, 25.347312927246094)]","[(0, 610.1575927734375), (1, 666.9722900390625)]","[(2, 27.837284633091517), (5, 37.446746826171875), (4, 39.728389739990234), (1, 44.207550048828125), (0, 48.57145472935268), (3, 64.98010689871651)]","[(0, 811.3828735351562), (1, 1003.3099975585938)]","[(4, 68.99146815708706), (1, 71.90890502929688), (3, 95.06711989182692), (5, 98.44247436523438), (0, 102.7484463778409), (2, 122.69364013671876)]","[(0, 912.4258422851562), (1, 1022.61572265625)]"
134,"[(0, 943.3908081054688), (1, 1062.0948486328125)]","[(0, 1288.67626953125), (1, 1802.876953125)]","[(0, 1330.8092041015625), (1, 1156.1356201171875)]","[(0, 698.021728515625), (1, 596.573486328125)]","[(0, 519.030517578125), (1, 539.9531860351562)]","[(0, 2282.808837890625), (1, 2011.733154296875)]","[(0, 3157.187744140625), (1, 3576.85302734375)]","[(0, 457.58111572265625), (1, 458.5240173339844)]","[(2, 13.899324544270833), (5, 16.82174580891927), (0, 18.112093098958333), (1, 18.86311149597168), (3, 21.242655436197918), (4, 22.697219848632812)]","[(0, 758.3221435546875), (1, 648.1616821289062)]","[(3, 56.750492350260416), (4, 58.69921112060547), (5, 60.06233869280134), (2, 74.73098754882812), (0, 82.42935884915866), (1, 113.09303501674107)]","[(0, 1464.793701171875), (1, 957.6322021484375)]","[(1, 32.46995162963867), (4, 34.23680877685547), (2, 50.151929582868306), (5, 53.030360630580354), (0, 58.842742919921875), (3, 62.27087838309152)]","[(0, 373.9928894042969), (1, 414.0539245605469)]"
135,"[(0, 758.7941284179688), (1, 829.7272338867188)]","[(0, 1288.9920654296875), (1, 1685.85546875)]","[(0, 1014.2020263671875), (1, 801.9559326171875)]","[(0, 2202.781982421875), (1, 2274.275634765625)]","[(0, 2047.079345703125), (1, 1045.7681884765625)]","[(0, 1865.0721435546875), (1, 1953.548095703125)]","[(0, 3532.1279296875), (1, 4490.49169921875)]","[(0, 639.1829833984375), (1, 494.68365478515625)]","[(2, 26.819822184244792), (5, 31.705547626201923), (1, 32.899009704589844), (4, 33.26381574358259), (0, 44.305145263671875), (3, 55.05046590169271)]","[(0, 872.9170532226562), (1, 1055.70361328125)]","[(2, 71.62466939290364), (1, 75.9169921875), (5, 91.54577081853694), (4, 92.1158955891927), (0, 206.7833806818182), (3, 222.6666748046875)]","[(0, 1431.62548828125), (1, 970.4569702148438)]","[(1, 91.57821890024039), (3, 115.06259987571023), (0, 116.2595926920573), (4, 122.55214436848958), (2, 123.36011759440105), (5, 159.41477272727272)]","[(0, 3971.255615234375), (1, 3407.778076171875)]"
136,"[(0, 558.5265502929688), (1, 640.4937133789062)]","[(0, 731.4385375976562), (1, 826.4226684570312)]","[(0, 7514.63916015625), (1, 6967.6240234375)]","[(0, 1824.4349365234375), (1, 2207.886474609375)]","[(0, 1249.7957763671875), (1, 660.9972534179688)]","[(0, 3472.863525390625), (1, 4013.483154296875)]","[(0, 3769.0927734375), (1, 5255.9384765625)]","[(0, 631.5396118164062), (1, 381.39398193359375)]","[(2, 66.91448160807292), (5, 74.77906901041666), (1, 86.6617202758789), (0, 91.42937825520833), (4, 97.900390625), (3, 100.52538248697917)]","[(0, 553.5575561523438), (1, 682.4776000976562)]","[(4, 41.280662536621094), (2, 41.93359929865057), (5, 42.87127962979403), (0, 49.47084738991477), (3, 52.11258212002841), (1, 77.83758036295573)]","[(0, 740.0107421875), (1, 586.0661010742188)]","[(1, 31.934770856584823), (2, 32.283895639272835), (5, 47.17694091796875), (4, 50.18326040414664), (0, 78.151611328125), (3, 89.23466907848011)]","[(0, 766.630126953125), (1, 835.3062133789062)]"
137,"[(0, 890.2586669921875), (1, 986.8847045898438)]","[(0, 237.8025665283203), (1, 204.6525115966797)]","[(0, 2087.482421875), (1, 1836.6585693359375)]","[(0, 3752.94140625), (1, 3951.12451171875)]","[(0, 734.5247192382812), (1, 729.0199584960938)]","[(0, 2705.24560546875), (1, 2342.710205078125)]","[(0, 3277.853515625), (1, 3708.65576171875)]","[(0, 641.9439086914062), (1, 600.9927978515625)]","[(4, 57.085314069475444), (1, 74.90358792818509), (3, 75.74191518930289), (0, 95.48020426432292), (5, 113.25306193033855), (2, 155.421630859375)]","[(0, 1462.773681640625), (1, 1114.967529296875)]","[(2, 74.33577982584636), (5, 96.85125732421875), (4, 101.25847919170673), (1, 104.91067270132211), (0, 107.02866617838542), (3, 136.90186564127603)]","[(0, 772.5990600585938), (1, 670.19921875)]","[(1, 113.22206624348958), (2, 133.85142933238637), (4, 167.1927490234375), (0, 176.16182084517047), (5, 203.73686079545453), (3, 273.90207741477275)]","[(0, 620.7818603515625), (1, 679.9513549804688)]"
138,"[(0, 839.9434204101562), (1, 1019.6800537109375)]","[(0, 384.5130310058594), (1, 492.0248718261719)]","[(0, 4097.94970703125), (1, 5294.07080078125)]","[(0, 912.308837890625), (1, 1048.1875)]","[(0, 2702.44775390625), (1, 1352.1217041015625)]","[(0, 3044.489990234375), (1, 3454.388916015625)]","[(0, 2414.43212890625), (1, 3137.656494140625)]","[(0, 2341.766357421875), (1, 1884.6136474609375)]","[(2, 20.290577607996322), (1, 20.76375495062934), (5, 35.02710774739583), (0, 39.36628723144531), (4, 40.241912841796875), (3, 68.57113647460938)]","[(0, 1223.13427734375), (1, 977.3905029296875)]","[(3, 41.61183268229167), (4, 52.09751892089844), (5, 71.98313685825893), (0, 94.62499060997597), (1, 120.20163399832589), (2, 151.06853230794272)]","[(0, 1302.4847412109375), (1, 1147.8677978515625)]","[(5, 45.71734896573153), (2, 51.04121398925781), (4, 53.84850565592448), (1, 56.64053109975961), (3, 82.49615478515625), (0, 98.40568403764205)]","[(0, 921.5059814453125), (1, 988.427490234375)]"
139,"[(0, 662.2901000976562), (1, 773.0155029296875)]","[(0, 716.6074829101562), (1, 1004.2946166992188)]","[(0, 7057.599609375), (1, 6790.8212890625)]","[(0, 1614.5572509765625), (1, 1247.17333984375)]","[(0, 2134.759033203125), (1, 1111.463623046875)]","[(0, 2433.9248046875), (1, 2062.22021484375)]","[(0, 1650.4581298828125), (1, 1475.6685791015625)]","[(0, 416.2181396484375), (1, 348.4173889160156)]","[(2, 51.32569469105113), (5, 60.85760498046875), (1, 61.23970031738281), (4, 69.56608581542969), (0, 88.68449263139205), (3, 103.50480513139205)]","[(0, 1996.6640625), (1, 1401.3216552734375)]","[(4, 13.101141793387276), (3, 17.10138878455529), (0, 20.79428227742513), (5, 25.465965270996094), (2, 27.546619762073863), (1, 37.93443180964543)]","[(0, 735.27880859375), (1, 812.0439453125)]","[(1, 14.826717122395833), (4, 20.38191877092634), (0, 23.167278583233173), (2, 25.54821073091947), (5, 34.26671600341797), (3, 41.90215810139974)]","[(0, 724.0115356445312), (1, 849.346923828125)]"
140,"[(0, 836.26513671875), (1, 1008.5623779296875)]","[(0, 523.0808715820312), (1, 641.3571166992188)]","[(0, 1474.88427734375), (1, 1188.4234619140625)]","[(0, 2991.34130859375), (1, 3764.182373046875)]","[(0, 1217.7442626953125), (1, 979.6586303710938)]","[(0, 2271.935302734375), (1, 2002.8756103515625)]","[(0, 1735.6783447265625), (1, 1937.8946533203125)]","[(0, 463.81170654296875), (1, 417.5153503417969)]","[(2, 43.71648615056818), (1, 46.400370279947914), (0, 63.07752019708807), (5, 65.46223033558239), (4, 65.50453694661458), (3, 95.44120649857955)]","[(0, 620.96630859375), (1, 880.6296997070312)]","[(1, 96.16691284179687), (4, 101.45216674804688), (2, 107.18857828776042), (5, 112.25288221571181), (0, 119.43998209635417), (3, 127.75153266059027)]","[(0, 1497.302490234375), (1, 1397.8619384765625)]","[(1, 38.326381138392854), (2, 40.93932635967548), (0, 65.17493184407552), (4, 68.47104390462239), (5, 71.44467440518466), (3, 85.13093872070313)]","[(0, 493.3301086425781), (1, 558.2951049804688)]"
141,"[(0, 604.485107421875), (1, 659.909423828125)]","[(0, 389.6346435546875), (1, 412.35296630859375)]","[(0, 1370.493408203125), (1, 1439.9610595703125)]","[(0, 528.4854736328125), (1, 510.1771240234375)]","[(0, 1472.9395751953125), (1, 1168.881591796875)]","[(0, 1705.9693603515625), (1, 1810.250732421875)]","[(0, 1810.563232421875), (1, 2367.1435546875)]","[(0, 707.4725952148438), (1, 747.326904296875)]","[(2, 53.31269124348958), (4, 55.879015241350444), (0, 59.06853812081473), (5, 60.88106126051683), (1, 62.045894622802734), (3, 88.99305216471355)]","[(0, 416.7151794433594), (1, 324.69464111328125)]","[(4, 30.910729041466347), (3, 35.632476806640625), (1, 37.29897238991477), (5, 45.74805519797585), (0, 57.5810546875), (2, 65.54996744791667)]","[(0, 710.1775512695312), (1, 866.6035766601562)]","[(4, 54.224090576171875), (3, 55.74152550330529), (1, 62.66273850661058), (0, 80.70149230957031), (5, 99.59566243489583), (2, 131.7121249112216)]","[(0, 1594.8448486328125), (1, 1829.78515625)]"
142,"[(0, 663.2119750976562), (1, 744.3314208984375)]","[(0, 178.44387817382812), (1, 157.4019317626953)]","[(0, 4212.58544921875), (1, 3926.033447265625)]","[(0, 1261.3988037109375), (1, 1392.3935546875)]","[(0, 2306.377685546875), (1, 1334.3134765625)]","[(0, 2637.74658203125), (1, 3061.218994140625)]","[(0, 1510.70263671875), (1, 1755.87939453125)]","[(0, 445.1085205078125), (1, 472.4188537597656)]","[(1, 49.34230041503906), (4, 59.1395751953125), (0, 60.18607439313616), (3, 66.44535006009616), (2, 78.50803048270089), (5, 116.70489971454327)]","[(0, 713.3583374023438), (1, 677.1438598632812)]","[(1, 51.53288051060268), (2, 53.24428147536058), (5, 85.8484395345052), (4, 89.0962383563702), (0, 120.71970621744792), (3, 231.8805486505682)]","[(0, 351.6109924316406), (1, 443.367919921875)]","[(4, 34.93755289713542), (3, 46.00172642299107), (5, 67.41246150090144), (1, 68.67918043870192), (0, 97.89795939127605), (2, 140.4934636896307)]","[(0, 2164.142578125), (1, 2088.4033203125)]"
143,"[(0, 961.5526733398438), (1, 1106.138427734375)]","[(0, 447.68475341796875), (1, 625.4708251953125)]","[(0, 653.7535400390625), (1, 633.8475341796875)]","[(0, 1657.6710205078125), (1, 1358.855224609375)]","[(0, 1563.13134765625), (1, 916.8119506835938)]","[(0, 3908.911376953125), (1, 3386.27001953125)]","[(0, 1185.523193359375), (1, 1044.751953125)]","[(0, 822.3262939453125), (1, 544.11181640625)]","[(4, 22.038103889016543), (1, 26.74833869934082), (0, 26.921927897135415), (5, 27.257958984375), (3, 29.185039520263672), (2, 29.634615216936385)]","[(0, 2111.78466796875), (1, 1759.267578125)]","[(2, 33.577244349888396), (5, 40.31511512169471), (4, 40.74009486607143), (1, 43.591634114583336), (0, 79.89121657151442), (3, 93.45751953125)]","[(0, 859.9568481445312), (1, 825.536865234375)]","[(1, 42.683789934430806), (2, 49.25369027944711), (4, 83.37862454927884), (5, 87.77479044596355), (0, 111.3447977701823), (3, 180.7083074396307)]","[(0, 858.9781494140625), (1, 954.3997192382812)]"
144,"[(0, 684.78515625), (1, 727.3882446289062)]","[(0, 589.1766357421875), (1, 849.903564453125)]","[(0, 8959.755859375), (1, 8241.7880859375)]","[(0, 1848.5338134765625), (1, 1804.5738525390625)]","[(0, 907.0913696289062), (1, 700.7757568359375)]","[(0, 2137.341064453125), (1, 2246.308349609375)]","[(0, 1496.9947509765625), (1, 1632.549560546875)]","[(0, 901.2230834960938), (1, 718.390625)]","[(2, 98.702587890625), (1, 111.40110085227273), (5, 123.77008056640625), (4, 141.05516468394887), (0, 164.541015625), (3, 201.71400146484376)]","[(0, 506.9571228027344), (1, 432.8326110839844)]","[(4, 40.903011067708334), (3, 43.40869576590402), (0, 61.95597017728365), (1, 65.86980329241071), (5, 84.34915865384616), (2, 99.38308715820312)]","[(0, 537.5560913085938), (1, 355.3818359375)]","[(3, 32.051772054036455), (1, 37.83902180989583), (4, 43.07510757446289), (0, 52.144191196986604), (5, 62.3245849609375), (2, 86.72415865384616)]","[(0, 1151.71337890625), (1, 1053.9044189453125)]"
145,"[(0, 494.3330078125), (1, 539.8993530273438)]","[(0, 672.2966918945312), (1, 881.9568481445312)]","[(0, 1983.3131103515625), (1, 1699.15478515625)]","[(0, 784.179931640625), (1, 765.3466796875)]","[(0, 2045.032470703125), (1, 1222.7469482421875)]","[(0, 2618.602783203125), (1, 2781.454833984375)]","[(0, 2654.9560546875), (1, 2592.018798828125)]","[(0, 893.8427124023438), (1, 449.46026611328125)]","[(4, 35.149820963541664), (1, 44.382839626736114), (3, 52.33473205566406), (5, 58.67911911010742), (0, 65.7750244140625), (2, 74.74202728271484)]","[(0, 967.6055908203125), (1, 606.3135375976562)]","[(4, 39.26470243013822), (3, 40.41849263509115), (5, 55.13029341264205), (1, 72.27415882457386), (0, 95.35885620117188), (2, 141.19831000434027)]","[(0, 413.19439697265625), (1, 264.122802734375)]","[(4, 43.7593017578125), (3, 44.973890032087056), (5, 62.11698561448317), (1, 64.83516148158482), (0, 67.84545428936298), (2, 113.3839823404948)]","[(0, 1033.9696044921875), (1, 1066.090087890625)]"
146,"[(0, 646.8491821289062), (1, 720.792236328125)]","[(0, 528.7725830078125), (1, 651.774169921875)]","[(0, 2653.162841796875), (1, 2931.49072265625)]","[(0, 1274.22216796875), (1, 1420.895751953125)]","[(0, 370.1620788574219), (1, 364.5772399902344)]","[(0, 1268.1243896484375), (1, 1200.4390869140625)]","[(0, 2958.228515625), (1, 2862.361083984375)]","[(0, 1328.760498046875), (1, 1620.869384765625)]","[(4, 38.22758865356445), (3, 48.002694266183035), (1, 50.06219482421875), (5, 57.551892961774556), (0, 65.19944545200893), (2, 79.47100830078125)]","[(0, 498.4836120605469), (1, 447.3663635253906)]","[(2, 28.05464588512074), (1, 31.03302510579427), (4, 31.62586281516335), (5, 32.646646118164064), (0, 77.48861694335938), (3, 93.40397813585069)]","[(0, 1258.9249267578125), (1, 971.53759765625)]","[(2, 21.34204571063702), (1, 21.359915597098215), (4, 29.458170572916668), (5, 29.56523271040483), (0, 36.87020619710287), (3, 55.005255126953124)]","[(0, 1336.4276123046875), (1, 1152.982666015625)]"
147,"[(0, 693.3433837890625), (1, 749.576416015625)]","[(0, 240.37637329101562), (1, 221.0730743408203)]","[(0, 10391.328125), (1, 11504.9921875)]","[(0, 2263.052978515625), (1, 2755.393798828125)]","[(0, 2402.136474609375), (1, 1239.765869140625)]","[(0, 1169.294677734375), (1, 1033.8123779296875)]","[(0, 4102.2470703125), (1, 6251.78076171875)]","[(0, 842.6083374023438), (1, 648.8082885742188)]","[(3, 24.262479654947917), (4, 25.003994212431067), (0, 32.992026774088544), (1, 33.90399528952206), (5, 34.21494140625), (2, 48.59298502604167)]","[(0, 408.3604736328125), (1, 558.5140380859375)]","[(1, 24.754080636160715), (4, 28.001600999098557), (2, 39.648450215657554), (5, 42.22683438387784), (3, 48.54675847833807), (0, 51.034403483072914)]","[(0, 324.5868835449219), (1, 358.7887878417969)]","[(1, 38.487678079044116), (2, 48.16620635986328), (0, 51.70979690551758), (5, 52.02285385131836), (3, 56.61251449584961), (4, 63.46404670266544)]","[(0, 1198.2978515625), (1, 1248.3037109375)]"
148,"[(0, 466.624755859375), (1, 544.7941284179688)]","[(0, 272.9513244628906), (1, 495.4600524902344)]","[(0, 1551.1614990234375), (1, 1218.6788330078125)]","[(0, 2785.104736328125), (1, 3283.4130859375)]","[(0, 1534.88720703125), (1, 798.11669921875)]","[(0, 3076.320068359375), (1, 3393.508544921875)]","[(0, 996.3019409179688), (1, 1466.364013671875)]","[(0, 781.6644897460938), (1, 710.5704956054688)]","[(5, 63.8604482014974), (4, 64.17887526292067), (2, 72.85072835286458), (1, 73.30395038311298), (3, 92.5373026529948), (0, 105.4700215657552)]","[(0, 399.1736755371094), (1, 319.2481994628906)]","[(4, 41.644217354910715), (5, 48.70712515024039), (2, 48.96523813100961), (3, 60.31354229266827), (0, 60.63578444260817), (1, 98.77008928571429)]","[(0, 993.7710571289062), (1, 1163.6075439453125)]","[(1, 53.83683558872768), (3, 57.29508972167969), (0, 57.62589205228365), (2, 66.91608605018028), (4, 71.91677621694711), (5, 76.437255859375)]","[(0, 2120.641357421875), (1, 2284.530517578125)]"
149,"[(0, 807.659423828125), (1, 978.587646484375)]","[(0, 381.34051513671875), (1, 750.828125)]","[(0, 1633.2510986328125), (1, 1756.520751953125)]","[(0, 1639.428466796875), (1, 1735.7720947265625)]","[(0, 693.7967529296875), (1, 632.1349487304688)]","[(0, 5210.5771484375), (1, 5688.65283203125)]","[(0, 2766.679443359375), (1, 2464.977294921875)]","[(0, 1078.1934814453125), (1, 881.03125)]","[(1, 46.378553118024556), (2, 52.50090613731971), (4, 54.88371276855469), (5, 61.03997247869318), (0, 69.03634134928386), (3, 91.56817016601562)]","[(0, 724.1272583007812), (1, 906.3831176757812)]","[(4, 19.591359456380207), (1, 22.277496337890625), (2, 33.78206125895182), (5, 34.569713885967545), (3, 38.47667752779447), (0, 43.70975240071615)]","[(0, 1011.4129638671875), (1, 576.642822265625)]","[(2, 36.77004770132211), (1, 37.010829380580354), (4, 42.96361835186298), (5, 48.16004943847656), (0, 101.5931905110677), (3, 104.92822265625)]","[(0, 1338.384765625), (1, 1269.805908203125)]"
150,"[(0, 718.7075805664062), (1, 786.9699096679688)]","[(0, 406.5586242675781), (1, 694.5759887695312)]","[(0, 2289.10693359375), (1, 2110.21728515625)]","[(0, 941.9442749023438), (1, 938.4227905273438)]","[(0, 883.2291259765625), (1, 839.4193115234375)]","[(0, 4397.75830078125), (1, 3924.333984375)]","[(0, 1813.3048095703125), (1, 1922.28564453125)]","[(0, 836.4944458007812), (1, 1323.7215576171875)]","[(1, 47.46151194852941), (5, 48.06036376953125), (4, 48.31941324869792), (2, 51.118499755859375), (0, 52.45573323567708), (3, 57.66964956430289)]","[(0, 1266.2366943359375), (1, 1010.1304321289062)]","[(2, 61.68390909830729), (5, 62.04332386363637), (4, 64.0921122233073), (1, 64.6338360126202), (0, 116.27744362571023), (3, 161.85238037109374)]","[(0, 1377.4979248046875), (1, 1605.0006103515625)]","[(1, 30.771146501813615), (2, 31.268218994140625), (5, 31.586460658482142), (3, 32.877384440104166), (4, 38.84247970581055), (0, 39.22680429311899)]","[(0, 842.9104614257812), (1, 929.756591796875)]"
151,"[(0, 1236.5782470703125), (1, 1373.615478515625)]","[(0, 334.5752868652344), (1, 497.20977783203125)]","[(0, 6355.654296875), (1, 6452.9775390625)]","[(0, 1206.6549072265625), (1, 1424.3416748046875)]","[(0, 3890.95849609375), (1, 1847.9813232421875)]","[(0, 2342.17626953125), (1, 2218.62158203125)]","[(0, 2042.4576416015625), (1, 3216.278564453125)]","[(0, 504.07275390625), (1, 566.3319702148438)]","[(1, 42.74199969951923), (4, 48.3126220703125), (0, 53.33567810058594), (2, 53.60704040527344), (5, 59.32793680826823), (3, 60.5997060139974)]","[(0, 354.18780517578125), (1, 324.1034240722656)]","[(4, 188.15831409801137), (1, 195.22780539772728), (5, 208.1053955078125), (2, 214.0544677734375), (3, 280.35146484375), (0, 287.3879150390625)]","[(0, 871.290283203125), (1, 810.71728515625)]","[(2, 36.930563119741585), (1, 41.933811732700896), (0, 78.5284932454427), (4, 99.09413655598958), (5, 109.31336558948864), (3, 240.9024658203125)]","[(0, 450.7746887207031), (1, 494.8214111328125)]"
152,"[(0, 1008.9308471679688), (1, 1267.0303955078125)]","[(0, 299.9731140136719), (1, 488.6221008300781)]","[(0, 2781.61279296875), (1, 2251.646728515625)]","[(0, 2298.257080078125), (1, 2085.1015625)]","[(0, 3470.145751953125), (1, 1751.12255859375)]","[(0, 3026.530029296875), (1, 3412.07080078125)]","[(0, 1591.08642578125), (1, 3070.7568359375)]","[(0, 922.6852416992188), (1, 524.772705078125)]","[(4, 63.61604527064732), (3, 67.85467529296875), (5, 68.35817777193509), (1, 71.59648786272321), (2, 78.88214580829327), (0, 80.74396221454327)]","[(0, 991.5790405273438), (1, 917.0318603515625)]","[(1, 98.7810391512784), (4, 100.74973366477273), (0, 130.42646484375), (2, 134.26815185546874), (3, 137.2641845703125), (5, 139.9579345703125)]","[(0, 586.9745483398438), (1, 573.8545532226562)]","[(1, 12.756731818704043), (2, 13.714832560221355), (0, 18.68757527669271), (5, 19.981184895833334), (3, 27.331378173828124), (4, 27.35712926528033)]","[(0, 331.0760803222656), (1, 353.682861328125)]"
153,"[(0, 611.3892822265625), (1, 686.2931518554688)]","[(0, 466.2513427734375), (1, 844.7407836914062)]","[(0, 2490.1943359375), (1, 2086.459228515625)]","[(0, 5791.123046875), (1, 4532.591796875)]","[(0, 3099.933349609375), (1, 2996.0947265625)]","[(0, 8289.7939453125), (1, 9042.4716796875)]","[(0, 1168.601318359375), (1, 1281.7596435546875)]","[(0, 1287.08447265625), (1, 1329.25732421875)]","[(2, 46.6213613656851), (5, 54.85595148259943), (1, 56.176365443638396), (4, 64.25119527180989), (0, 91.06067911783855), (3, 122.7384033203125)]","[(0, 524.8307495117188), (1, 382.7855529785156)]","[(2, 82.62047322591145), (1, 94.91317044771634), (4, 140.60751342773438), (5, 142.2636052911932), (0, 208.0804110440341), (3, 366.73544921875)]","[(0, 750.7765502929688), (1, 592.143798828125)]","[(1, 54.8343505859375), (4, 54.908528645833336), (5, 61.05743408203125), (2, 62.27023592862216), (3, 65.4779940518466), (0, 66.17945445667614)]","[(0, 1890.6678466796875), (1, 1712.0445556640625)]"
154,"[(0, 558.1390991210938), (1, 620.3285522460938)]","[(0, 478.5474548339844), (1, 791.3782958984375)]","[(0, 502.11737060546875), (1, 393.1839294433594)]","[(0, 2725.33837890625), (1, 2447.994140625)]","[(0, 4325.1201171875), (1, 2494.86767578125)]","[(0, 7003.4716796875), (1, 6343.5009765625)]","[(0, 1551.9066162109375), (1, 1736.3531494140625)]","[(0, 866.7094116210938), (1, 810.2183837890625)]","[(4, 49.060738699776785), (5, 53.27688833383414), (3, 54.0948251577524), (1, 55.599517822265625), (2, 62.01387376051683), (0, 63.34412560096154)]","[(0, 749.8373413085938), (1, 782.8197021484375)]","[(4, 36.396740253155045), (3, 41.809130350748696), (1, 60.15143377130682), (5, 61.99467884410512), (0, 72.89591064453126), (2, 138.2042236328125)]","[(0, 1047.2423095703125), (1, 1404.7342529296875)]","[(0, 81.869384765625), (2, 83.78577168782552), (1, 84.16671048677884), (3, 88.71968587239583), (5, 89.53946940104167), (4, 145.86943171574518)]","[(0, 1076.63330078125), (1, 1162.883056640625)]"
155,"[(0, 1092.29736328125), (1, 1263.6605224609375)]","[(0, 462.3470764160156), (1, 717.5621337890625)]","[(0, 12271.294921875), (1, 9410.61328125)]","[(0, 1074.531982421875), (1, 895.5526733398438)]","[(0, 3141.66552734375), (1, 1799.6285400390625)]","[(0, 5087.3896484375), (1, 4720.7119140625)]","[(0, 2529.6396484375), (1, 2234.877685546875)]","[(0, 475.2054748535156), (1, 435.0887756347656)]","[(4, 19.64095458984375), (3, 21.905441284179688), (1, 27.75067356654576), (0, 28.95207096980168), (5, 30.35583730844351), (2, 44.5810546875)]","[(0, 1006.1318359375), (1, 1277.009765625)]","[(4, 25.419282913208008), (2, 29.902823311941965), (5, 30.704075404575892), (0, 31.363989693777903), (1, 31.529298782348633), (3, 32.69929940359933)]","[(0, 1774.1483154296875), (1, 1613.276611328125)]","[(1, 33.818033854166664), (3, 35.67461504255022), (0, 39.724535260881694), (5, 42.565582275390625), (2, 46.509102957589285), (4, 59.292277018229164)]","[(0, 991.0746459960938), (1, 1108.654541015625)]"
156,"[(0, 757.5707397460938), (1, 869.2904663085938)]","[(0, 307.8761901855469), (1, 282.05072021484375)]","[(0, 2912.202880859375), (1, 2607.334228515625)]","[(0, 2170.763427734375), (1, 2086.753662109375)]","[(0, 1977.2537841796875), (1, 1728.8663330078125)]","[(0, 4564.7705078125), (1, 4880.318359375)]","[(0, 2276.53662109375), (1, 2526.69677734375)]","[(0, 692.7574462890625), (1, 565.0949096679688)]","[(4, 38.238612583705354), (3, 42.59345421424279), (1, 43.372100830078125), (0, 48.34170254794034), (5, 54.17130025227865), (2, 68.05391235351563)]","[(0, 578.7352294921875), (1, 436.6725158691406)]","[(4, 20.579799107142858), (1, 27.219569279597355), (5, 30.070882161458332), (3, 34.187512715657554), (2, 42.87573519620028), (0, 45.72057550603693)]","[(0, 621.5401000976562), (1, 564.2042236328125)]","[(4, 112.04793875558036), (1, 135.2795613606771), (3, 157.46186711237982), (0, 165.72514204545453), (5, 185.10919189453125), (2, 205.117919921875)]","[(0, 731.7447509765625), (1, 607.4102783203125)]"
157,"[(0, 540.8919677734375), (1, 562.5070190429688)]","[(0, 1657.4583740234375), (1, 2084.481201171875)]","[(0, 3690.11279296875), (1, 4175.3408203125)]","[(0, 2381.763916015625), (1, 2284.324462890625)]","[(0, 819.2039184570312), (1, 708.6246337890625)]","[(0, 5614.935546875), (1, 6255.7646484375)]","[(0, 1716.344970703125), (1, 2179.848876953125)]","[(0, 1688.154541015625), (1, 1083.67919921875)]","[(4, 48.27412632533482), (3, 57.27103365384615), (1, 71.23322041829427), (5, 81.04161580403645), (0, 81.3235917524858), (2, 124.4653076171875)]","[(0, 1508.3531494140625), (1, 699.0809326171875)]","[(5, 31.1785888671875), (2, 33.95507303873698), (4, 35.31319955679086), (1, 38.5892333984375), (3, 42.775370279947914), (0, 47.281412760416664)]","[(0, 551.9326171875), (1, 525.5457153320312)]","[(4, 36.077281278722424), (1, 38.92559814453125), (2, 39.07976858956473), (5, 44.69791259765625), (3, 75.88231608072917), (0, 85.98808070591518)]","[(0, 1187.2384033203125), (1, 1300.4635009765625)]"
158,"[(0, 955.3280639648438), (1, 1143.449462890625)]","[(0, 2494.032470703125), (1, 3501.156494140625)]","[(0, 5358.5498046875), (1, 4876.57763671875)]","[(0, 839.01953125), (1, 1037.7977294921875)]","[(0, 1953.711181640625), (1, 1042.8819580078125)]","[(0, 3070.9765625), (1, 2842.788818359375)]","[(0, 1470.1005859375), (1, 1885.156494140625)]","[(0, 867.9571533203125), (1, 618.3424682617188)]","[(4, 35.503448486328125), (5, 37.9033457438151), (1, 47.69105412409856), (3, 50.00272115071615), (2, 50.21942647298177), (0, 67.59134928385417)]","[(0, 575.9917602539062), (1, 443.4698181152344)]","[(1, 99.62966918945312), (2, 114.33627658420139), (4, 116.9729736328125), (5, 136.97964138454861), (0, 163.57335069444446), (3, 200.07069227430554)]","[(0, 1350.95849609375), (1, 1043.45703125)]","[(2, 34.96057564871652), (1, 35.573193359375), (4, 45.49579796424279), (5, 50.31434122721354), (0, 57.54817551832933), (3, 86.2459383877841)]","[(0, 2834.090087890625), (1, 2583.6796875)]"
159,"[(0, 1044.168212890625), (1, 1284.833984375)]","[(0, 2324.722900390625), (1, 3026.44921875)]","[(0, 1679.0347900390625), (1, 1337.3084716796875)]","[(0, 451.56768798828125), (1, 577.1720581054688)]","[(0, 1340.1351318359375), (1, 727.5617065429688)]","[(0, 3904.4404296875), (1, 3725.09619140625)]","[(0, 2227.677734375), (1, 1899.5823974609375)]","[(0, 1328.807373046875), (1, 1413.50830078125)]","[(4, 22.74292755126953), (3, 25.333605085100448), (5, 27.52174813406808), (1, 28.27401553883272), (0, 29.433585611979165), (2, 40.5841552734375)]","[(0, 531.450439453125), (1, 348.76580810546875)]","[(5, 42.07003079927885), (2, 42.77335902622768), (4, 44.94379098074777), (1, 72.83260904947916), (0, 80.45775428185097), (3, 91.68399047851562)]","[(0, 1064.5311279296875), (1, 1240.2584228515625)]","[(4, 63.04769065163352), (5, 81.04521484375), (3, 85.1970947265625), (1, 87.90447443181819), (2, 111.52615966796876), (0, 115.7584716796875)]","[(0, 1572.0931396484375), (1, 1621.0797119140625)]"
160,"[(0, 1171.8572998046875), (1, 1359.6927490234375)]","[(0, 2146.10546875), (1, 2479.056396484375)]","[(0, 8441.31640625), (1, 8073.94091796875)]","[(0, 5141.93212890625), (1, 4378.115234375)]","[(0, 602.6647338867188), (1, 631.6808471679688)]","[(0, 3979.63037109375), (1, 4101.46826171875)]","[(0, 1696.2679443359375), (1, 1965.638427734375)]","[(0, 1279.644287109375), (1, 757.1680297851562)]","[(1, 85.30340169270833), (2, 89.64736502511161), (4, 127.75223214285714), (5, 133.78081805889423), (0, 144.65940504807693), (3, 181.9427286783854)]","[(0, 1823.6217041015625), (1, 1452.013427734375)]","[(0, 73.57530329777644), (2, 85.67264498197116), (4, 94.30418982872597), (3, 114.13037109375), (1, 118.72659737723214), (5, 128.89207967122397)]","[(0, 1450.246826171875), (1, 1670.8538818359375)]","[(2, 51.19450988769531), (1, 58.10657293146307), (4, 67.47803243001302), (5, 72.60883678089489), (0, 73.06043701171875), (3, 88.3318758877841)]","[(0, 3064.992919921875), (1, 3497.73583984375)]"
161,"[(0, 838.0299682617188), (1, 980.00390625)]","[(0, 315.4770812988281), (1, 591.2369995117188)]","[(0, 2189.98583984375), (1, 2194.061279296875)]","[(0, 666.4938354492188), (1, 823.478759765625)]","[(0, 3312.060302734375), (1, 1693.4716796875)]","[(0, 3820.062744140625), (1, 3828.206298828125)]","[(0, 1666.328369140625), (1, 2690.84912109375)]","[(0, 794.166259765625), (1, 710.5054321289062)]","[(4, 52.48192889873798), (3, 58.514017740885414), (1, 75.4989013671875), (0, 87.43809925426136), (5, 103.24541681463069), (2, 167.260205078125)]","[(0, 871.3023071289062), (1, 672.173583984375)]","[(2, 19.88982936314174), (1, 22.56893310546875), (5, 23.29541250375601), (4, 26.350860595703125), (0, 47.81914344200721), (3, 50.38701375325521)]","[(0, 527.79541015625), (1, 682.7171020507812)]","[(4, 29.375931803385416), (3, 39.58594689002404), (5, 39.68110069861779), (1, 41.96555989583333), (0, 58.92219426081731), (2, 59.82665546123798)]","[(0, 827.0940551757812), (1, 837.928466796875)]"
162,"[(0, 626.7211303710938), (1, 722.5031127929688)]","[(0, 388.5340881347656), (1, 767.335205078125)]","[(0, 9015.287109375), (1, 6898.4580078125)]","[(0, 2668.69970703125), (1, 2795.941162109375)]","[(0, 2037.774658203125), (1, 1074.7958984375)]","[(0, 4184.3974609375), (1, 3956.210693359375)]","[(0, 2028.0606689453125), (1, 3336.006591796875)]","[(0, 845.8230590820312), (1, 688.2591552734375)]","[(4, 37.43881022135417), (3, 46.991524832589285), (5, 63.03094951923077), (1, 64.4813983623798), (0, 83.27367655436198), (2, 108.55183549360795)]","[(0, 1148.2855224609375), (1, 970.7777099609375)]","[(4, 120.02244984019886), (5, 142.06070556640626), (1, 144.0989990234375), (3, 167.47177734375), (2, 167.841357421875), (0, 195.57562255859375)]","[(0, 1247.9716796875), (1, 1008.3700561523438)]","[(1, 75.98066929408482), (2, 85.91179950420673), (4, 87.92967810997597), (0, 97.53509990985577), (3, 104.7565409342448), (5, 112.4488525390625)]","[(0, 627.0595092773438), (1, 655.6062622070312)]"
163,"[(0, 1180.635009765625), (1, 1363.0897216796875)]","[(0, 470.1228942871094), (1, 833.3847045898438)]","[(0, 1347.78125), (1, 1279.3245849609375)]","[(0, 2106.7568359375), (1, 2382.29541015625)]","[(0, 786.049560546875), (1, 676.1736450195312)]","[(0, 2204.812255859375), (1, 2028.387451171875)]","[(0, 2798.650146484375), (1, 2371.913818359375)]","[(0, 1672.4927978515625), (1, 2781.257080078125)]","[(1, 41.74889700753348), (2, 42.10137939453125), (5, 44.935938054865055), (4, 48.30335489908854), (0, 73.68881225585938), (3, 98.79703979492187)]","[(0, 1143.8480224609375), (1, 950.5732421875)]","[(2, 71.78434753417969), (4, 75.4048321063702), (0, 79.24560546875), (5, 84.50167846679688), (3, 92.81021118164062), (1, 104.6677715594952)]","[(0, 527.3111572265625), (1, 436.0740966796875)]","[(5, 65.42425028483073), (2, 71.63095925071023), (1, 72.90939331054688), (4, 73.97186748798077), (3, 108.28781127929688), (0, 122.08030007102273)]","[(0, 1464.6275634765625), (1, 1334.5489501953125)]"
164,"[(0, 624.2429809570312), (1, 704.6058959960938)]","[(0, 398.3927001953125), (1, 644.6100463867188)]","[(0, 950.7114868164062), (1, 754.4359130859375)]","[(0, 1241.7508544921875), (1, 1007.3564453125)]","[(0, 340.2674560546875), (1, 296.2522277832031)]","[(0, 2984.738525390625), (1, 3138.8955078125)]","[(0, 2808.564208984375), (1, 3045.1171875)]","[(0, 488.58013916015625), (1, 322.58441162109375)]","[(2, 31.157710774739584), (5, 35.28363037109375), (1, 38.382205963134766), (4, 39.42818603515625), (0, 77.45487758091518), (3, 90.1029052734375)]","[(0, 2289.543701171875), (1, 1586.5899658203125)]","[(4, 53.01972961425781), (3, 54.48717706853693), (1, 57.27630060369318), (0, 70.11694946289063), (5, 100.38502807617188), (2, 153.75023057725696)]","[(0, 552.4619140625), (1, 500.2676086425781)]","[(2, 15.755077107747395), (1, 16.137752532958984), (5, 19.603587559291295), (0, 28.259375435965403), (3, 33.543792724609375), (4, 33.55678100585938)]","[(0, 1263.9227294921875), (1, 1328.8997802734375)]"
165,"[(0, 710.0911865234375), (1, 858.9740600585938)]","[(0, 504.37762451171875), (1, 624.3361206054688)]","[(0, 4157.93603515625), (1, 4684.578125)]","[(0, 636.718017578125), (1, 819.1375122070312)]","[(0, 1103.17236328125), (1, 568.226318359375)]","[(0, 2270.713623046875), (1, 2632.141845703125)]","[(0, 1115.6732177734375), (1, 978.523193359375)]","[(0, 618.817626953125), (1, 491.0229187011719)]","[(2, 15.140299479166666), (1, 17.696197509765625), (5, 20.88518817608173), (4, 21.940157209123885), (0, 31.539042154947918), (3, 34.403167724609375)]","[(0, 852.2109985351562), (1, 588.6655883789062)]","[(3, 90.65957845052084), (4, 114.16265106201172), (5, 124.17807442801339), (0, 137.01995380108173), (2, 156.1383056640625), (1, 173.90815080915178)]","[(0, 1695.1837158203125), (1, 1451.15576171875)]","[(2, 22.165615306181067), (1, 23.005991617838543), (5, 34.310482025146484), (4, 35.701304716222424), (0, 36.25129318237305), (3, 63.576908365885416)]","[(0, 908.7706298828125), (1, 1010.6204223632812)]"
166,"[(0, 620.1720581054688), (1, 681.5227661132812)]","[(0, 807.3125), (1, 1095.7930908203125)]","[(0, 518.4375610351562), (1, 398.1775207519531)]","[(0, 1717.521484375), (1, 1926.2725830078125)]","[(0, 940.0665283203125), (1, 549.526611328125)]","[(0, 3594.082763671875), (1, 3130.381591796875)]","[(0, 1273.9967041015625), (1, 1428.771484375)]","[(0, 779.0604858398438), (1, 778.2455444335938)]","[(3, 45.49742024739583), (4, 51.98377227783203), (1, 52.99781087239583), (0, 63.42026628766741), (5, 82.49787248883929), (2, 110.8888408954327)]","[(0, 981.4938354492188), (1, 1077.432373046875)]","[(4, 58.73045857747396), (5, 61.12167080965909), (3, 65.51200727982955), (2, 68.3285799893466), (0, 75.47475918856534), (1, 87.02721150716145)]","[(0, 1577.1431884765625), (1, 1123.5595703125)]","[(4, 63.06400923295455), (1, 69.27789861505681), (5, 74.82565307617188), (3, 81.55673828125), (2, 81.66115112304688), (0, 90.8435791015625)]","[(0, 249.83413696289062), (1, 263.3670654296875)]"
167,"[(0, 635.302734375), (1, 727.6893920898438)]","[(0, 783.68994140625), (1, 897.7301635742188)]","[(0, 5201.5166015625), (1, 5213.8134765625)]","[(0, 4397.3427734375), (1, 3741.669921875)]","[(0, 1259.24609375), (1, 974.5460815429688)]","[(0, 3013.520751953125), (1, 2532.156982421875)]","[(0, 2103.183349609375), (1, 2820.31640625)]","[(0, 627.6395874023438), (1, 558.1583251953125)]","[(1, 130.01900227864584), (2, 137.95862926136363), (0, 158.17442737926137), (4, 186.76529947916666), (5, 208.84150834517047), (3, 234.1383611505682)]","[(0, 616.5450439453125), (1, 430.2298583984375)]","[(4, 22.32376708984375), (0, 25.846714900090145), (3, 30.997124808175222), (2, 34.05019887288412), (5, 37.14363919771635), (1, 44.812613351004465)]","[(0, 422.14532470703125), (1, 368.18133544921875)]","[(4, 60.70854085286458), (1, 75.96776404747597), (5, 92.68272986778847), (3, 102.67829241071429), (2, 114.1812744140625), (0, 129.56163533528647)]","[(0, 523.8756103515625), (1, 559.8432006835938)]"
168,"[(0, 807.519287109375), (1, 889.2116088867188)]","[(0, 517.5474243164062), (1, 574.6585083007812)]","[(0, 6538.18994140625), (1, 5341.25390625)]","[(0, 1618.9283447265625), (1, 1448.508544921875)]","[(0, 1331.984375), (1, 1152.277587890625)]","[(0, 609.4884643554688), (1, 692.9288940429688)]","[(0, 3365.69384765625), (1, 4356.4619140625)]","[(0, 889.3612670898438), (1, 1202.0738525390625)]","[(4, 46.21326153094952), (1, 50.7200692983774), (5, 55.05634053548177), (2, 61.160003662109375), (3, 65.56246948242188), (0, 73.49973551432292)]","[(0, 1408.693115234375), (1, 1147.7113037109375)]","[(2, 52.49322945731027), (4, 56.23103215144231), (0, 59.77222149188702), (5, 61.85919698079427), (1, 71.44845377604166), (3, 79.11885764382102)]","[(0, 1196.611083984375), (1, 1291.0830078125)]","[(1, 16.775388829848346), (4, 21.825152228860293), (3, 23.996213785807292), (0, 24.79964396158854), (5, 24.87672322591146), (2, 26.015509033203124)]","[(0, 1100.2257080078125), (1, 1001.3795776367188)]"
169,"[(0, 863.827880859375), (1, 935.2283935546875)]","[(0, 272.53045654296875), (1, 311.6491394042969)]","[(0, 8911.4208984375), (1, 8417.3125)]","[(0, 1494.4385986328125), (1, 1620.0936279296875)]","[(0, 2910.53271484375), (1, 1531.33935546875)]","[(0, 2502.580322265625), (1, 2599.934814453125)]","[(0, 2459.45703125), (1, 2200.168212890625)]","[(0, 1240.9227294921875), (1, 1150.373046875)]","[(1, 8.787149047851562), (2, 9.333643595377604), (0, 10.255065070258247), (4, 12.362769317626952), (5, 13.583479987250435), (3, 14.844197591145834)]","[(0, 931.78173828125), (1, 805.4345092773438)]","[(2, 39.200613839285715), (1, 47.416788736979164), (4, 56.03302437918527), (5, 57.12263840895433), (0, 90.68782865084134), (3, 138.94976806640625)]","[(0, 522.4524536132812), (1, 546.1963500976562)]","[(2, 48.1830068734976), (1, 49.767979213169646), (4, 62.93214299128606), (5, 64.54060363769531), (0, 140.17400105794272), (3, 149.24626020951703)]","[(0, 828.4151611328125), (1, 913.174072265625)]"
170,"[(0, 852.3321533203125), (1, 963.2000732421875)]","[(0, 426.4921569824219), (1, 542.0050048828125)]","[(0, 9370.232421875), (1, 7445.78515625)]","[(0, 1996.015869140625), (1, 1899.1358642578125)]","[(0, 1934.691650390625), (1, 1040.005615234375)]","[(0, 3443.912109375), (1, 3014.287841796875)]","[(0, 2316.059326171875), (1, 2594.327392578125)]","[(0, 1172.32958984375), (1, 810.4173583984375)]","[(1, 34.325703938802086), (3, 37.276814778645836), (4, 37.29770278930664), (0, 37.79966517857143), (5, 55.512991768973215), (2, 60.38962965745192)]","[(0, 713.6788330078125), (1, 625.3989868164062)]","[(4, 32.98388437124399), (3, 34.19184875488281), (1, 36.61121992631392), (5, 44.31024447354403), (0, 49.08096618652344), (2, 68.87032741970486)]","[(0, 2050.111328125), (1, 1245.2236328125)]","[(2, 42.297909545898435), (1, 44.46778730912642), (5, 49.89302062988281), (4, 51.20224831321023), (0, 60.143310546875), (3, 71.04383544921875)]","[(0, 1146.7802734375), (1, 1181.103515625)]"
171,"[(0, 661.158935546875), (1, 722.139404296875)]","[(0, 416.0179138183594), (1, 445.67303466796875)]","[(0, 4126.69677734375), (1, 4306.76318359375)]","[(0, 1340.0718994140625), (1, 1402.5228271484375)]","[(0, 635.4075317382812), (1, 638.1868286132812)]","[(0, 1397.63671875), (1, 1234.889404296875)]","[(0, 3398.308349609375), (1, 3841.8701171875)]","[(0, 966.410888671875), (1, 846.1675415039062)]","[(2, 26.885912214006698), (1, 30.852738444010416), (5, 33.70782235952524), (4, 41.474639892578125), (0, 56.95498891977164), (3, 86.9751485188802)]","[(0, 1331.214111328125), (1, 1041.4681396484375)]","[(5, 93.98279825846355), (4, 100.82567420372597), (1, 115.81365966796875), (2, 120.78461162860577), (3, 152.50696910511363), (0, 153.868896484375)]","[(0, 989.9737548828125), (1, 951.7501831054688)]","[(2, 34.06080744816707), (1, 34.28053501674107), (0, 67.25557963053386), (5, 71.00397838245739), (4, 71.3271993001302), (3, 134.4685791015625)]","[(0, 1903.82177734375), (1, 1806.0570068359375)]"
172,"[(0, 790.087646484375), (1, 908.0675659179688)]","[(0, 507.950927734375), (1, 535.32275390625)]","[(0, 2670.038818359375), (1, 2086.415283203125)]","[(0, 496.6884460449219), (1, 594.8342895507812)]","[(0, 575.7281494140625), (1, 571.2374877929688)]","[(0, 3085.204833984375), (1, 3269.62060546875)]","[(0, 2284.705810546875), (1, 2695.86962890625)]","[(0, 434.48590087890625), (1, 477.6285095214844)]","[(1, 29.497606549944198), (4, 32.034576416015625), (2, 34.43596903483073), (5, 38.638519287109375), (0, 46.54234822591146), (3, 54.486653645833336)]","[(0, 1514.5599365234375), (1, 1545.13623046875)]","[(4, 38.7656015249399), (3, 41.866907293146305), (1, 42.17028372628348), (0, 50.22083536783854), (5, 63.10528564453125), (2, 69.0218505859375)]","[(0, 711.5527954101562), (1, 565.0760498046875)]","[(2, 44.833245849609376), (1, 48.07433527166193), (0, 65.11737060546875), (5, 69.75438842773437), (4, 74.09654651988636), (3, 99.9212158203125)]","[(0, 2444.568359375), (1, 2267.49365234375)]"
173,"[(0, 605.3555908203125), (1, 681.558837890625)]","[(0, 172.4640655517578), (1, 154.78765869140625)]","[(0, 5480.833984375), (1, 6526.0302734375)]","[(0, 2363.813720703125), (1, 2686.563232421875)]","[(0, 2758.38330078125), (1, 1497.271728515625)]","[(0, 4554.88232421875), (1, 4949.396484375)]","[(0, 1527.9033203125), (1, 1400.1907958984375)]","[(0, 763.8226928710938), (1, 889.5423583984375)]","[(4, 34.613260122445915), (1, 39.375021127554085), (3, 40.04825083414713), (0, 48.10265096028646), (5, 61.51120827414773), (2, 66.66623202237216)]","[(0, 1616.5701904296875), (1, 1445.271484375)]","[(4, 69.33432006835938), (3, 84.04851825420673), (1, 107.6794942220052), (5, 117.86606852213542), (0, 162.67014382102272), (2, 217.24345703125)]","[(0, 1003.1803588867188), (1, 626.6156616210938)]","[(1, 37.636006673177086), (3, 39.08262939453125), (4, 55.35989761352539), (5, 62.83685738699777), (0, 64.28808157784599), (2, 77.12891094501202)]","[(0, 755.4669799804688), (1, 831.016845703125)]"
174,"[(0, 684.6278076171875), (1, 810.9152221679688)]","[(0, 398.5091857910156), (1, 636.3353271484375)]","[(0, 1787.9967041015625), (1, 1790.9754638671875)]","[(0, 503.77044677734375), (1, 383.5718078613281)]","[(0, 2266.720703125), (1, 1273.0797119140625)]","[(0, 4638.31396484375), (1, 4289.326171875)]","[(0, 876.9869384765625), (1, 954.1034545898438)]","[(0, 1395.9642333984375), (1, 993.6768188476562)]","[(2, 54.78477595402644), (5, 56.39157339242789), (1, 58.315599714006694), (4, 59.598907470703125), (3, 64.5098125751202), (0, 65.44281944861778)]","[(0, 925.70263671875), (1, 976.95947265625)]","[(4, 25.228173392159597), (3, 39.224011739095054), (1, 40.53111384465144), (5, 40.72699228922526), (2, 69.7296142578125), (0, 70.15400834517045)]","[(0, 441.6846618652344), (1, 564.8696899414062)]","[(4, 20.82822062174479), (1, 21.829777018229166), (5, 36.10285832331731), (2, 38.983114389272835), (3, 45.33416278545673), (0, 50.86439396784856)]","[(0, 171.608642578125), (1, 193.11605834960938)]"
175,"[(0, 376.85931396484375), (1, 416.5083923339844)]","[(0, 513.8424072265625), (1, 876.9987182617188)]","[(0, 2358.69091796875), (1, 2017.8260498046875)]","[(0, 544.6611328125), (1, 504.4490661621094)]","[(0, 1364.4664306640625), (1, 1148.47607421875)]","[(0, 3212.4189453125), (1, 2902.85400390625)]","[(0, 3682.554443359375), (1, 4725.73876953125)]","[(0, 1322.6256103515625), (1, 877.871826171875)]","[(4, 90.41022838245739), (5, 106.0344482421875), (1, 114.37958318536931), (3, 129.3267822265625), (2, 130.8442626953125), (0, 162.24383544921875)]","[(0, 704.2730102539062), (1, 1016.3495483398438)]","[(2, 62.091389973958336), (1, 94.27405548095703), (0, 116.50340924944196), (5, 119.25306114783653), (4, 130.38739013671875), (3, 272.4288736979167)]","[(0, 1345.557373046875), (1, 949.51318359375)]","[(5, 75.47022039240056), (4, 81.94340006510417), (2, 82.00457208806819), (1, 88.10262044270833), (3, 115.94817560369319), (0, 130.9490633877841)]","[(0, 2280.825439453125), (1, 2288.80810546875)]"
176,"[(0, 537.6155395507812), (1, 568.0203857421875)]","[(0, 669.9720458984375), (1, 1030.600341796875)]","[(0, 2191.330322265625), (1, 2322.379638671875)]","[(0, 868.2572631835938), (1, 1291.6192626953125)]","[(0, 1271.73828125), (1, 1025.552978515625)]","[(0, 4425.4501953125), (1, 4757.509765625)]","[(0, 2412.113525390625), (1, 3200.416748046875)]","[(0, 545.2582397460938), (1, 410.33642578125)]","[(4, 60.93304443359375), (1, 63.9435800405649), (5, 74.77236938476562), (2, 79.35068766276042), (3, 97.76999918619792), (0, 105.96470133463542)]","[(0, 1349.38623046875), (1, 545.9950561523438)]","[(1, 20.201198032924108), (2, 21.77636014498197), (5, 28.71086259321733), (4, 29.765645345052082), (0, 36.36441548665365), (3, 67.93521118164062)]","[(0, 280.578125), (1, 377.2827453613281)]","[(4, 27.990990271935097), (1, 39.81786600748698), (0, 51.86396373401988), (3, 53.89134724934896), (5, 56.09874933416193), (2, 72.91920166015625)]","[(0, 417.6419677734375), (1, 442.65753173828125)]"
177,"[(0, 651.4131469726562), (1, 706.7719116210938)]","[(0, 488.212158203125), (1, 662.49609375)]","[(0, 1868.9534912109375), (1, 1604.0418701171875)]","[(0, 6135.509765625), (1, 5417.7197265625)]","[(0, 1759.463134765625), (1, 1001.9249877929688)]","[(0, 2598.5380859375), (1, 2863.973388671875)]","[(0, 1111.171142578125), (1, 969.2947387695312)]","[(0, 733.2554321289062), (1, 934.955078125)]","[(1, 77.68229166666667), (2, 83.21071079799107), (5, 94.19115193684895), (4, 94.20171649639423), (0, 107.89593975360577), (3, 112.06003639914773)]","[(0, 1394.7958984375), (1, 801.994140625)]","[(5, 32.60332142223012), (2, 33.165186101740055), (4, 35.9035390218099), (3, 48.95052268288352), (0, 50.20053378018466), (1, 57.03490702311198)]","[(0, 505.7894592285156), (1, 361.49298095703125)]","[(2, 15.32657979329427), (1, 17.5223331451416), (5, 22.405690511067707), (4, 24.30964469909668), (0, 27.147711617606028), (3, 41.560860770089285)]","[(0, 549.3084106445312), (1, 592.3123779296875)]"
178,"[(0, 902.36181640625), (1, 1076.5537109375)]","[(0, 563.9841918945312), (1, 737.7396240234375)]","[(0, 7294.46923828125), (1, 7259.01513671875)]","[(0, 1069.563720703125), (1, 900.4417724609375)]","[(0, 1588.922607421875), (1, 933.798828125)]","[(0, 4231.4453125), (1, 3620.90380859375)]","[(0, 2044.0623779296875), (1, 2384.980224609375)]","[(0, 937.0617065429688), (1, 549.5318603515625)]","[(3, 26.1786376953125), (4, 32.190982818603516), (5, 41.40104021344866), (1, 46.530997140066965), (0, 53.08227069561298), (2, 74.45642598470052)]","[(0, 575.6680908203125), (1, 296.01641845703125)]","[(4, 112.39189801897321), (3, 119.72950157752403), (5, 149.98070271809897), (1, 158.72838338216147), (0, 201.0143377130682), (2, 217.1728271484375)]","[(0, 600.2481079101562), (1, 712.5907592773438)]","[(1, 24.14057820638021), (2, 37.67982600285457), (0, 46.67403001051683), (4, 52.166918073381694), (5, 76.36511739095052), (3, 109.30127970377605)]","[(0, 1162.8160400390625), (1, 1192.4212646484375)]"
179,"[(0, 741.121337890625), (1, 807.5904541015625)]","[(0, 1097.9202880859375), (1, 1564.50634765625)]","[(0, 1688.596435546875), (1, 1352.2808837890625)]","[(0, 1083.1114501953125), (1, 1169.8363037109375)]","[(0, 4207.87548828125), (1, 2501.410888671875)]","[(0, 1130.853515625), (1, 1015.6010131835938)]","[(0, 1739.2816162109375), (1, 1599.04443359375)]","[(0, 898.7859497070312), (1, 679.1364135742188)]","[(4, 81.50421651204427), (5, 83.17649147727273), (1, 87.59852091471355), (2, 94.38758433948864), (3, 100.43262828480114), (0, 108.41361860795455)]","[(0, 844.474609375), (1, 984.1961059570312)]","[(2, 48.317535400390625), (1, 56.48330891927083), (4, 57.4710928109976), (5, 67.27601114908855), (0, 70.29478571965144), (3, 132.7018710049716)]","[(0, 357.62762451171875), (1, 319.1138000488281)]","[(1, 19.770906575520833), (4, 22.35002237955729), (2, 29.662884051983173), (5, 35.00170194185697), (0, 38.17173414963942), (3, 45.84694260817308)]","[(0, 2411.680908203125), (1, 2256.26171875)]"
180,"[(0, 749.1322631835938), (1, 889.6972045898438)]","[(0, 782.0850219726562), (1, 1003.07275390625)]","[(0, 2555.4619140625), (1, 1859.8031005859375)]","[(0, 6455.7109375), (1, 5942.5732421875)]","[(0, 1476.3612060546875), (1, 922.436279296875)]","[(0, 1329.2218017578125), (1, 1441.8050537109375)]","[(0, 1605.7498779296875), (1, 1746.7125244140625)]","[(0, 710.187744140625), (1, 410.5566101074219)]","[(1, 41.63965279715402), (4, 45.6177012125651), (2, 49.55390343299279), (5, 52.40560080788352), (0, 73.17783101399739), (3, 95.00665893554688)]","[(0, 520.7548828125), (1, 499.6708984375)]","[(2, 38.65628560384115), (1, 44.39330115685096), (0, 59.66073885830966), (4, 73.0598477450284), (5, 81.7546142578125), (3, 139.05657280815973)]","[(0, 835.8704833984375), (1, 587.9779663085938)]","[(3, 32.66575317382812), (1, 41.63954264322917), (4, 46.1815185546875), (5, 60.494659423828125), (0, 62.365792410714285), (2, 93.20586688701923)]","[(0, 876.9401245117188), (1, 909.5444946289062)]"
181,"[(0, 1070.9150390625), (1, 1233.87060546875)]","[(0, 511.6427307128906), (1, 599.04638671875)]","[(0, 827.8038940429688), (1, 584.4856567382812)]","[(0, 2340.95263671875), (1, 2373.718505859375)]","[(0, 857.7969360351562), (1, 748.1588134765625)]","[(0, 1253.248046875), (1, 1157.6641845703125)]","[(0, 2385.13818359375), (1, 3178.568115234375)]","[(0, 530.902587890625), (1, 364.67181396484375)]","[(4, 34.02251180013021), (1, 39.29842267717634), (3, 45.856066022600444), (0, 48.63882211538461), (5, 67.27498685396634), (2, 67.67833455403645)]","[(0, 1016.8488159179688), (1, 855.5885620117188)]","[(2, 116.24141068892045), (4, 126.52980550130208), (0, 130.3419855291193), (5, 133.8227206143466), (3, 144.9916326349432), (1, 167.09869384765625)]","[(0, 653.4075927734375), (1, 683.8848266601562)]","[(1, 47.0798828125), (2, 52.74164254324777), (5, 61.5582275390625), (0, 61.89196341378348), (3, 72.43830217633929), (4, 83.6824462890625)]","[(0, 912.1991577148438), (1, 976.7796630859375)]"
182,"[(0, 496.4019470214844), (1, 604.6566162109375)]","[(0, 309.86328125), (1, 265.3277893066406)]","[(0, 6463.115234375), (1, 5951.3642578125)]","[(0, 448.3155517578125), (1, 401.1548767089844)]","[(0, 919.9368896484375), (1, 787.7843017578125)]","[(0, 1528.24072265625), (1, 1758.868408203125)]","[(0, 1994.4373779296875), (1, 2427.420166015625)]","[(0, 546.4615478515625), (1, 269.3936767578125)]","[(2, 34.555684407552086), (5, 35.301868145282455), (1, 35.53059739332933), (4, 36.01771545410156), (3, 36.28639103816106), (0, 39.62034606933594)]","[(0, 1239.478515625), (1, 1532.135498046875)]","[(2, 45.81142953725961), (4, 59.37920203575721), (1, 67.04618181501117), (5, 70.64797973632812), (0, 103.77986653645833), (3, 133.28547807173297)]","[(0, 573.237548828125), (1, 864.7914428710938)]","[(4, 32.71791381835938), (1, 45.019374302455354), (5, 48.37608454777644), (2, 55.618988037109375), (3, 79.21591421274039), (0, 95.90620930989583)]","[(0, 1390.878662109375), (1, 1530.4144287109375)]"
183,"[(0, 588.7932739257812), (1, 677.1203002929688)]","[(0, 295.3741760253906), (1, 228.85232543945312)]","[(0, 904.1466674804688), (1, 728.8193359375)]","[(0, 1511.0809326171875), (1, 1800.02587890625)]","[(0, 3218.53369140625), (1, 1866.5177001953125)]","[(0, 4910.11669921875), (1, 5453.31591796875)]","[(0, 3871.688720703125), (1, 4535.50244140625)]","[(0, 908.8248291015625), (1, 1030.982177734375)]","[(1, 42.459712727864584), (2, 42.653416224888396), (0, 79.86867112379808), (5, 90.11316935221355), (4, 101.58371206430289), (3, 196.5423916903409)]","[(0, 509.5969543457031), (1, 347.530029296875)]","[(4, 18.562428065708705), (1, 19.690056937081472), (5, 25.62793223063151), (2, 27.380945841471355), (3, 32.08021036783854), (0, 33.556541442871094)]","[(0, 523.6651000976562), (1, 579.0059814453125)]","[(4, 7.566562906901042), (1, 8.77227071126302), (3, 11.812298114483173), (5, 12.682574932391827), (0, 13.642479529747597), (2, 15.213829627403847)]","[(0, 4140.2607421875), (1, 3987.59326171875)]"
184,"[(0, 420.6862487792969), (1, 476.3595886230469)]","[(0, 609.5213623046875), (1, 647.4645385742188)]","[(0, 3989.616943359375), (1, 4174.3134765625)]","[(0, 3857.95556640625), (1, 3784.685302734375)]","[(0, 1976.147216796875), (1, 1123.070068359375)]","[(0, 4801.728515625), (1, 4404.63330078125)]","[(0, 4266.15869140625), (1, 5485.6240234375)]","[(0, 2164.634765625), (1, 1674.714599609375)]","[(2, 119.86082874644886), (1, 123.02364095052083), (0, 130.17563698508522), (5, 133.50862260298297), (4, 136.2802530924479), (3, 144.27748801491478)]","[(0, 637.7335205078125), (1, 670.7830200195312)]","[(2, 31.183822631835938), (1, 36.66148259089543), (5, 43.785308837890625), (4, 48.33561567826705), (0, 53.54192560369318), (3, 103.30943467881944)]","[(0, 843.836181640625), (1, 862.8303833007812)]","[(4, 49.30426461356027), (1, 53.95645650227865), (5, 55.118438720703125), (2, 55.42760009765625), (3, 58.94031700721154), (0, 73.04754638671875)]","[(0, 1754.95947265625), (1, 1840.7574462890625)]"
185,"[(0, 581.260009765625), (1, 640.7429809570312)]","[(0, 896.7025756835938), (1, 1045.4102783203125)]","[(0, 7117.5), (1, 6536.0078125)]","[(0, 1444.45166015625), (1, 1874.1796875)]","[(0, 1347.8209228515625), (1, 960.778564453125)]","[(0, 3479.83251953125), (1, 3186.900146484375)]","[(0, 3018.66064453125), (1, 3438.792724609375)]","[(0, 767.097412109375), (1, 721.5391235351562)]","[(4, 29.352430071149552), (1, 30.75634547642299), (3, 32.68785212590144), (5, 34.61150888296274), (2, 35.61282818134014), (0, 35.97586294320914)]","[(0, 601.53662109375), (1, 720.0162353515625)]","[(4, 84.37062766335227), (1, 97.90193314985795), (5, 102.835107421875), (2, 118.05150146484375), (3, 122.20655517578125), (0, 145.48507080078124)]","[(0, 1313.7015380859375), (1, 1283.21630859375)]","[(1, 25.246751051682693), (5, 26.674222310384113), (2, 27.639368693033855), (3, 33.405957539876304), (0, 34.93828328450521), (4, 38.47139329176683)]","[(0, 1444.5906982421875), (1, 1571.575927734375)]"
186,"[(0, 708.0088500976562), (1, 901.4363403320312)]","[(0, 869.623779296875), (1, 886.9498291015625)]","[(0, 2855.228759765625), (1, 2699.34765625)]","[(0, 3104.23193359375), (1, 2224.944091796875)]","[(0, 469.9911193847656), (1, 376.5040283203125)]","[(0, 2928.84326171875), (1, 3280.05810546875)]","[(0, 5595.10986328125), (1, 6223.5419921875)]","[(0, 458.4256286621094), (1, 420.9356689453125)]","[(2, 46.79624586838942), (5, 51.59772745768229), (1, 54.056082589285715), (4, 65.25330528846153), (0, 112.93284098307292), (3, 132.3729802911932)]","[(0, 1113.0472412109375), (1, 1083.4808349609375)]","[(2, 104.73677201704545), (0, 107.37816273082386), (4, 107.70686848958333), (5, 115.52594549005681), (3, 118.20151589133523), (1, 155.14559936523438)]","[(0, 1599.533203125), (1, 1011.5379028320312)]","[(1, 47.753526960100444), (2, 51.02080359825721), (4, 88.12009684244792), (5, 100.5377530184659), (0, 100.75750732421875), (3, 205.5412841796875)]","[(0, 677.8446044921875), (1, 799.258056640625)]"
187,"[(0, 826.5798950195312), (1, 975.2591552734375)]","[(0, 561.0171508789062), (1, 574.9852294921875)]","[(0, 1282.7906494140625), (1, 1015.8746337890625)]","[(0, 2527.277587890625), (1, 2296.436279296875)]","[(0, 682.3135375976562), (1, 421.2698059082031)]","[(0, 3754.910400390625), (1, 4041.86865234375)]","[(0, 1571.32275390625), (1, 1475.249267578125)]","[(0, 593.870361328125), (1, 458.42608642578125)]","[(1, 21.52294413248698), (4, 23.024132361778847), (3, 26.17011006673177), (0, 30.849104447798297), (2, 39.35224914550781), (5, 40.75440840287642)]","[(0, 390.8238525390625), (1, 383.39898681640625)]","[(1, 27.611698695591517), (4, 34.010059063251205), (2, 43.82731628417969), (0, 46.998189290364586), (3, 51.94662753018466), (5, 55.66571599786932)]","[(0, 468.71966552734375), (1, 460.8340759277344)]","[(3, 18.483823649088542), (5, 21.612380981445312), (1, 23.33304922921317), (4, 24.045028686523438), (0, 27.579993614783653), (2, 39.925760904947914)]","[(0, 284.2716979980469), (1, 324.2981872558594)]"
188,"[(0, 1248.1561279296875), (1, 1476.2330322265625)]","[(0, 962.9149780273438), (1, 1137.3839111328125)]","[(0, 1810.340576171875), (1, 1302.22314453125)]","[(0, 2266.138427734375), (1, 1851.3646240234375)]","[(0, 1433.39599609375), (1, 758.1637573242188)]","[(0, 3365.42431640625), (1, 2942.3583984375)]","[(0, 1244.908935546875), (1, 1470.244873046875)]","[(0, 436.5978088378906), (1, 394.31231689453125)]","[(5, 27.833302089146205), (4, 31.4171630859375), (2, 33.043282645089285), (1, 37.036844889322914), (3, 44.58918980189732), (0, 53.909715924944194)]","[(0, 689.591552734375), (1, 475.3877258300781)]","[(2, 65.1607666015625), (4, 70.43008931477864), (5, 71.38623601740056), (1, 84.10483805338542), (0, 94.6035489169034), (3, 103.78788618607955)]","[(0, 520.6737060546875), (1, 458.9137878417969)]","[(1, 69.62917073567708), (4, 74.71085103352864), (2, 83.23454145951705), (5, 88.13383900035511), (0, 116.90812544389205), (3, 120.2854336825284)]","[(0, 654.25439453125), (1, 694.656494140625)]"
189,"[(0, 764.7691650390625), (1, 900.0773315429688)]","[(0, 1446.8492431640625), (1, 1867.9228515625)]","[(0, 2061.095458984375), (1, 1919.1021728515625)]","[(0, 1462.620361328125), (1, 1333.9140625)]","[(0, 1181.2454833984375), (1, 986.8423461914062)]","[(0, 1628.18505859375), (1, 1566.6884765625)]","[(0, 4243.26513671875), (1, 5779.01904296875)]","[(0, 441.8546447753906), (1, 522.9957885742188)]","[(4, 34.27862907858456), (3, 34.97245407104492), (0, 39.11667073567708), (1, 43.64936828613281), (5, 50.17710774739583), (2, 72.9373038155692)]","[(0, 1316.38720703125), (1, 715.540771484375)]","[(2, 87.52332481971153), (1, 94.73408726283482), (0, 174.43721516927084), (5, 184.39384321732953), (4, 189.4829305013021), (3, 419.64462890625)]","[(0, 611.6221923828125), (1, 464.11346435546875)]","[(4, 42.5111083984375), (1, 47.81541224888393), (3, 55.49287632533482), (0, 58.28706711989183), (5, 71.71387657752403), (2, 84.03403727213542)]","[(0, 1401.24951171875), (1, 1217.0911865234375)]"
190,"[(0, 612.1091918945312), (1, 688.4258422851562)]","[(0, 1349.334716796875), (1, 1579.8084716796875)]","[(0, 1221.9892578125), (1, 1225.548828125)]","[(0, 2199.5712890625), (1, 1666.10107421875)]","[(0, 610.095947265625), (1, 487.6609802246094)]","[(0, 1980.9822998046875), (1, 2040.455322265625)]","[(0, 2134.950439453125), (1, 3038.12646484375)]","[(0, 474.2187805175781), (1, 598.1572265625)]","[(4, 79.33951822916667), (1, 83.41899762834821), (5, 86.26999733664773), (2, 96.8551494891827), (0, 101.53933715820312), (3, 122.00020751953124)]","[(0, 617.88916015625), (1, 331.79864501953125)]","[(2, 44.09386652166193), (1, 47.935526529947914), (5, 64.2994384765625), (4, 67.4416836825284), (0, 105.625537109375), (3, 159.40374077690973)]","[(0, 2693.816162109375), (1, 2229.1357421875)]","[(3, 46.38276672363281), (4, 51.14127760667067), (1, 52.74583082932692), (0, 58.27830505371094), (5, 71.45737711588542), (2, 87.98812866210938)]","[(0, 2736.56103515625), (1, 2491.319091796875)]"
191,"[(0, 1095.3892822265625), (1, 1413.7359619140625)]","[(0, 758.742431640625), (1, 821.8394165039062)]","[(0, 2028.387451171875), (1, 1670.454833984375)]","[(0, 1187.2508544921875), (1, 1086.8800048828125)]","[(0, 4639.21630859375), (1, 2608.1474609375)]","[(0, 3656.3818359375), (1, 4162.31640625)]","[(0, 1518.241943359375), (1, 1361.7904052734375)]","[(0, 642.0985107421875), (1, 729.91943359375)]","[(2, 82.71552068536931), (5, 85.01290061257102), (1, 91.5827128092448), (4, 94.14126586914062), (3, 97.17392800071023), (0, 100.23942427201705)]","[(0, 2983.270263671875), (1, 1714.920654296875)]","[(4, 17.780900065104166), (2, 25.91359383719308), (1, 29.125595092773438), (0, 30.61657496861049), (5, 32.02670522836539), (3, 35.22213510366586)]","[(0, 1807.5709228515625), (1, 1033.5294189453125)]","[(4, 17.58670152936663), (3, 20.025254469651443), (1, 23.61920928955078), (5, 24.125320434570312), (0, 24.363259055397727), (2, 41.55971984863281)]","[(0, 1371.5205078125), (1, 1465.660888671875)]"
192,"[(0, 989.7395629882812), (1, 1144.1246337890625)]","[(0, 294.63623046875), (1, 471.82879638671875)]","[(0, 2270.736328125), (1, 2203.603515625)]","[(0, 3734.522216796875), (1, 2833.992919921875)]","[(0, 2790.5654296875), (1, 1702.9256591796875)]","[(0, 5202.86572265625), (1, 4587.744140625)]","[(0, 2557.9599609375), (1, 2919.09033203125)]","[(0, 616.9691162109375), (1, 442.8198547363281)]","[(2, 127.04127086292614), (1, 129.5321044921875), (4, 138.92724609375), (5, 144.25147594105113), (0, 158.5069247159091), (3, 173.69005237926137)]","[(0, 404.04388427734375), (1, 294.7795715332031)]","[(4, 19.748264088350183), (5, 22.446807861328125), (0, 24.77176513671875), (2, 25.566959926060267), (3, 27.958303451538086), (1, 28.54632568359375)]","[(0, 1372.3414306640625), (1, 2031.9478759765625)]","[(2, 22.075728352864584), (1, 25.125581741333008), (4, 30.313714599609376), (5, 30.604546683175222), (0, 47.45867483956473), (3, 59.28216083233173)]","[(0, 3651.785400390625), (1, 3071.459716796875)]"
193,"[(0, 1027.810791015625), (1, 1230.4716796875)]","[(0, 443.52398681640625), (1, 774.8112182617188)]","[(0, 7298.791015625), (1, 6992.67333984375)]","[(0, 2166.255859375), (1, 2434.03955078125)]","[(0, 603.9688110351562), (1, 580.8895263671875)]","[(0, 3765.69384765625), (1, 3640.76904296875)]","[(0, 1955.9464111328125), (1, 2208.042236328125)]","[(0, 1961.0343017578125), (1, 1059.3231201171875)]","[(4, 30.49694146050347), (1, 34.065268123851105), (2, 38.87785237630208), (5, 43.90947723388672), (0, 50.455851236979164), (3, 71.71400451660156)]","[(0, 917.2094116210938), (1, 873.6661987304688)]","[(2, 30.1960942195012), (3, 31.325510660807293), (4, 32.73267364501953), (5, 33.40818132672991), (1, 35.29216715494792), (0, 36.44130597795759)]","[(0, 528.021728515625), (1, 416.8920593261719)]","[(4, 31.098168509347097), (3, 37.884683462289665), (1, 49.89316969651442), (0, 58.895782470703125), (5, 61.73284403483073), (2, 109.01826615767045)]","[(0, 3031.226806640625), (1, 2645.767333984375)]"
194,"[(0, 572.8077392578125), (1, 602.2484130859375)]","[(0, 503.01507568359375), (1, 764.5216064453125)]","[(0, 943.4924926757812), (1, 922.174560546875)]","[(0, 2560.89990234375), (1, 3099.10595703125)]","[(0, 2560.84375), (1, 1336.44287109375)]","[(0, 3540.140869140625), (1, 3804.05224609375)]","[(0, 2501.853515625), (1, 2827.126953125)]","[(0, 761.1296997070312), (1, 846.0841064453125)]","[(5, 62.870361328125), (4, 65.95113699776786), (2, 75.6484619140625), (0, 86.70784214564732), (1, 88.05289459228516), (3, 92.20004272460938)]","[(0, 292.4321594238281), (1, 336.3197326660156)]","[(2, 63.52933571555398), (1, 66.29684956868489), (4, 68.81636047363281), (0, 71.16773015802556), (5, 74.77447509765625), (3, 84.55057594992898)]","[(0, 1327.2432861328125), (1, 962.7671508789062)]","[(1, 25.350733139935663), (2, 27.027929306030273), (0, 38.46900227864583), (5, 49.253932407924104), (4, 49.991495768229164), (3, 90.19553786057692)]","[(0, 378.2624816894531), (1, 391.3309020996094)]"
195,"[(0, 836.022705078125), (1, 1040.383056640625)]","[(0, 390.3621520996094), (1, 529.729736328125)]","[(0, 2429.345703125), (1, 2190.81103515625)]","[(0, 3061.601318359375), (1, 3270.9677734375)]","[(0, 1393.0836181640625), (1, 751.0816040039062)]","[(0, 2999.016357421875), (1, 3171.42529296875)]","[(0, 1814.0303955078125), (1, 1686.0283203125)]","[(0, 1065.5528564453125), (1, 1198.936767578125)]","[(3, 32.51146756685697), (4, 34.75254821777344), (0, 54.357086181640625), (1, 58.0005868765024), (5, 61.923177083333336), (2, 114.1503018465909)]","[(0, 1561.53125), (1, 1766.70068359375)]","[(4, 11.58764362335205), (5, 13.716843741280693), (1, 16.13229777018229), (2, 17.34225815993089), (3, 18.603055681501115), (0, 24.474365234375)]","[(0, 1599.9505615234375), (1, 1816.44873046875)]","[(2, 40.80778249104818), (1, 42.42335392878606), (5, 44.09372182992789), (0, 52.694742838541664), (3, 64.06177696814903), (4, 64.60238211495536)]","[(0, 433.70343017578125), (1, 472.6344909667969)]"
196,"[(0, 637.8104858398438), (1, 645.5980834960938)]","[(0, 231.7389373779297), (1, 217.7350311279297)]","[(0, 1065.8948974609375), (1, 1178.3016357421875)]","[(0, 4147.75), (1, 3353.05517578125)]","[(0, 1599.4935302734375), (1, 1158.449462890625)]","[(0, 2243.805419921875), (1, 2109.253662109375)]","[(0, 848.3184814453125), (1, 954.66455078125)]","[(0, 1041.0157470703125), (1, 847.5397338867188)]","[(1, 18.058219401041665), (2, 18.363754272460938), (5, 29.182759602864582), (4, 34.23964045597957), (0, 36.60217989408053), (3, 60.3498701615767)]","[(0, 1064.050537109375), (1, 734.916748046875)]","[(4, 58.5940907796224), (5, 63.05141379616477), (3, 65.89988014914773), (2, 66.61332194010417), (0, 71.4302266438802), (1, 87.47046837439903)]","[(0, 2466.048583984375), (1, 1604.24609375)]","[(3, 26.577313232421876), (5, 32.53032793317522), (4, 33.47945785522461), (1, 37.10278756277902), (0, 39.223010723407455), (2, 54.718170166015625)]","[(0, 1102.315185546875), (1, 1185.0501708984375)]"
197,"[(0, 953.7618408203125), (1, 1030.210693359375)]","[(0, 188.05723571777344), (1, 167.70094299316406)]","[(0, 2732.189453125), (1, 1928.3551025390625)]","[(0, 797.5646362304688), (1, 824.471923828125)]","[(0, 1285.70068359375), (1, 1028.6993408203125)]","[(0, 1232.7896728515625), (1, 1158.138427734375)]","[(0, 6129.6904296875), (1, 6428.849609375)]","[(0, 1618.7330322265625), (1, 1110.990478515625)]","[(2, 11.969129774305555), (5, 12.170057408949909), (1, 15.140059621710526), (4, 15.40638902452257), (0, 28.6436767578125), (3, 34.071022033691406)]","[(0, 1061.2103271484375), (1, 864.7328491210938)]","[(2, 35.576437143179085), (4, 42.72064208984375), (5, 42.727620442708336), (1, 44.120714460100444), (0, 82.71133422851562), (3, 95.28218217329545)]","[(0, 451.66607666015625), (1, 384.1595458984375)]","[(1, 91.31109619140625), (4, 97.42180841619319), (2, 125.63546142578124), (5, 144.62353515625), (0, 157.18599853515624), (3, 172.1099853515625)]","[(0, 821.7238159179688), (1, 786.0908203125)]"
198,"[(0, 619.9112548828125), (1, 710.522705078125)]","[(0, 164.09495544433594), (1, 215.7502899169922)]","[(0, 2006.814208984375), (1, 1442.1207275390625)]","[(0, 925.838134765625), (1, 1196.190673828125)]","[(0, 3783.85888671875), (1, 2247.524169921875)]","[(0, 3807.04248046875), (1, 4358.3779296875)]","[(0, 1508.499267578125), (1, 1777.3726806640625)]","[(0, 369.251708984375), (1, 343.130859375)]","[(4, 82.79112243652344), (5, 86.49015669389205), (1, 112.57259695870536), (3, 125.4806396484375), (0, 127.46524047851562), (2, 130.7872596153846)]","[(0, 1411.7628173828125), (1, 1225.162109375)]","[(2, 70.981201171875), (4, 79.80972798665364), (5, 83.57481800426136), (0, 85.17064874822444), (3, 100.0931396484375), (1, 107.32334391276042)]","[(0, 657.9387817382812), (1, 514.6671142578125)]","[(1, 28.305706787109376), (5, 33.52704075404576), (4, 33.877750396728516), (0, 33.91801016671317), (3, 35.47043050130208), (2, 44.93257493239183)]","[(0, 3204.36572265625), (1, 3406.728515625)]"
199,"[(0, 936.6449584960938), (1, 1068.2344970703125)]","[(0, 262.1992492675781), (1, 391.5995178222656)]","[(0, 8173.8525390625), (1, 7659.943359375)]","[(0, 1326.5965576171875), (1, 1193.35693359375)]","[(0, 915.6842651367188), (1, 459.948486328125)]","[(0, 6375.96142578125), (1, 6805.1806640625)]","[(0, 1397.222900390625), (1, 1272.1822509765625)]","[(0, 314.94964599609375), (1, 203.53323364257812)]","[(4, 68.93540300641742), (5, 70.45928955078125), (1, 71.20919363839286), (2, 71.57397930438702), (3, 81.6901385967548), (0, 83.7495586688702)]","[(0, 1037.51416015625), (1, 529.8002319335938)]","[(4, 37.909220377604164), (3, 45.939562116350444), (5, 75.48444542518028), (0, 77.82158954326923), (1, 120.99965122767857), (2, 137.07587687174478)]","[(0, 652.8936767578125), (1, 416.8384094238281)]","[(4, 67.06577046712239), (5, 80.65717662464489), (3, 86.85053045099431), (1, 100.80979410807292), (2, 125.45264781605114), (0, 138.96913840553978)]","[(0, 3782.772705078125), (1, 3402.6796875)]"
200,"[(0, 639.775146484375), (1, 744.216064453125)]","[(0, 222.73399353027344), (1, 314.9960632324219)]","[(0, 1155.31884765625), (1, 1125.689697265625)]","[(0, 2380.322021484375), (1, 3030.69189453125)]","[(0, 882.28662109375), (1, 769.777099609375)]","[(0, 3147.05419921875), (1, 2703.32275390625)]","[(0, 1159.1036376953125), (1, 1303.0438232421875)]","[(0, 953.86279296875), (1, 569.009033203125)]","[(1, 48.47675670276988), (4, 52.75017755681818), (2, 57.107757568359375), (5, 64.4496337890625), (0, 72.73528442382812), (3, 79.33479614257813)]","[(0, 997.0875244140625), (1, 756.6227416992188)]","[(4, 19.56820796086238), (1, 20.284639798677883), (5, 29.46658880060369), (2, 31.881736061789773), (3, 45.18328302556818), (0, 48.78813032670455)]","[(0, 693.5014038085938), (1, 597.7432250976562)]","[(4, 37.51964627779447), (3, 49.802581787109375), (0, 53.2469648881392), (1, 54.5439198811849), (5, 70.4450350674716), (2, 120.76973876953124)]","[(0, 2315.838623046875), (1, 2154.116943359375)]"
201,"[(0, 619.5527954101562), (1, 716.2156372070312)]","[(0, 257.51348876953125), (1, 330.9474182128906)]","[(0, 3469.6591796875), (1, 5142.603515625)]","[(0, 1509.8643798828125), (1, 1027.510498046875)]","[(0, 570.9191284179688), (1, 472.1628112792969)]","[(0, 860.72314453125), (1, 780.2494506835938)]","[(0, 2505.500732421875), (1, 3650.270751953125)]","[(0, 1080.9434814453125), (1, 851.4607543945312)]","[(3, 29.773114013671876), (4, 30.036029815673828), (1, 34.91377912248884), (5, 44.55762154715402), (0, 44.59196589543269), (2, 57.977762858072914)]","[(0, 1304.85009765625), (1, 1235.7493896484375)]","[(4, 45.47410481770833), (1, 48.40457763671875), (5, 78.7438495342548), (3, 81.14510404146634), (0, 82.21719125600961), (2, 83.54378568209134)]","[(0, 322.8229064941406), (1, 310.5097961425781)]","[(2, 54.510614013671876), (1, 55.32685990767045), (5, 62.430902099609376), (4, 63.5362382368608), (0, 71.7444091796875), (3, 78.99867553710938)]","[(0, 700.3338012695312), (1, 765.7346801757812)]"
202,"[(0, 842.956298828125), (1, 933.2291259765625)]","[(0, 282.1564636230469), (1, 249.1370086669922)]","[(0, 532.5537109375), (1, 554.4140014648438)]","[(0, 1522.622314453125), (1, 1435.0428466796875)]","[(0, 3991.173583984375), (1, 2108.3779296875)]","[(0, 3424.61181640625), (1, 3739.47607421875)]","[(0, 1472.1944580078125), (1, 1969.7442626953125)]","[(0, 932.6957397460938), (1, 845.1771850585938)]","[(2, 31.16968536376953), (1, 35.25019719050481), (5, 37.160657246907554), (4, 41.03286508413461), (0, 44.40959676106771), (3, 52.52040100097656)]","[(0, 1283.6441650390625), (1, 1417.0350341796875)]","[(2, 40.42383321126302), (1, 45.50979379507211), (4, 70.83374578302556), (0, 71.45138827237216), (5, 74.93656005859376), (3, 131.44490559895834)]","[(0, 565.4035034179688), (1, 689.032470703125)]","[(5, 48.31627863103693), (4, 49.55016581217448), (1, 49.86172207919034), (2, 52.51141357421875), (0, 80.6322265625), (3, 92.90838068181819)]","[(0, 614.2447509765625), (1, 631.3966064453125)]"
203,"[(0, 1235.26220703125), (1, 1306.8394775390625)]","[(0, 482.1413879394531), (1, 579.448486328125)]","[(0, 3285.55859375), (1, 3242.283203125)]","[(0, 2155.2861328125), (1, 1737.9609375)]","[(0, 2852.356201171875), (1, 1561.0377197265625)]","[(0, 2966.422607421875), (1, 3175.441650390625)]","[(0, 1381.6640625), (1, 1234.937744140625)]","[(0, 710.8917236328125), (1, 756.1690063476562)]","[(1, 8.078271966231497), (4, 8.361072540283203), (2, 8.520521276137409), (5, 9.234048631456163), (3, 14.835464477539062), (0, 15.312121223000918)]","[(0, 1127.46240234375), (1, 886.24169921875)]","[(1, 116.06400923295455), (4, 128.6353093927557), (2, 130.422119140625), (5, 146.50556640625), (0, 179.1478515625), (3, 201.1865478515625)]","[(0, 448.44342041015625), (1, 491.00628662109375)]","[(1, 50.27163492838542), (2, 52.866629464285715), (0, 108.3929443359375), (5, 132.35113525390625), (4, 135.90206204927884), (3, 342.5255237926136)]","[(0, 948.8795166015625), (1, 1020.0413818359375)]"
204,"[(0, 1080.02734375), (1, 1233.91943359375)]","[(0, 801.0108032226562), (1, 1059.40185546875)]","[(0, 3480.35009765625), (1, 4233.4794921875)]","[(0, 2330.974365234375), (1, 1905.16845703125)]","[(0, 1397.966552734375), (1, 1262.1839599609375)]","[(0, 2643.421630859375), (1, 2287.75830078125)]","[(0, 1021.5868530273438), (1, 1120.2135009765625)]","[(0, 1847.2967529296875), (1, 1994.972900390625)]","[(5, 45.31480916341146), (2, 47.33978271484375), (1, 47.64182826450893), (4, 55.6241689828726), (0, 87.2323710123698), (3, 101.2370272549716)]","[(0, 743.904541015625), (1, 1051.750244140625)]","[(4, 76.4303955078125), (3, 81.30269368489583), (5, 82.81647406684027), (1, 87.15470581054687), (0, 96.94449869791667), (2, 98.35459391276042)]","[(0, 1344.78759765625), (1, 1101.7213134765625)]","[(3, 10.659782409667969), (4, 10.895272647633272), (0, 14.190158299037389), (1, 14.208706665039063), (5, 16.247478230794272), (2, 24.004673884465145)]","[(0, 978.7411499023438), (1, 845.0736083984375)]"
205,"[(0, 769.42041015625), (1, 843.9033813476562)]","[(0, 664.6812744140625), (1, 757.4544677734375)]","[(0, 1095.41650390625), (1, 975.1921997070312)]","[(0, 1420.2515869140625), (1, 1840.494140625)]","[(0, 893.1810302734375), (1, 733.4390869140625)]","[(0, 2281.33984375), (1, 2525.257568359375)]","[(0, 2991.11865234375), (1, 3343.832763671875)]","[(0, 859.23095703125), (1, 688.2752075195312)]","[(2, 56.15348463792067), (5, 56.43641545222356), (4, 56.73230416434152), (1, 56.852159772600444), (3, 67.75887357271634), (0, 68.93381441556491)]","[(0, 534.0433959960938), (1, 322.83447265625)]","[(2, 77.3460526899858), (4, 86.54567464192708), (0, 88.91497247869319), (5, 89.74960604580966), (3, 104.13831676136364), (1, 134.03422037760416)]","[(0, 640.53125), (1, 520.0757446289062)]","[(4, 34.49782453264509), (3, 39.7752685546875), (5, 59.3801523844401), (1, 66.77359517415364), (0, 77.15631103515625), (2, 130.9059814453125)]","[(0, 3488.24853515625), (1, 2778.1435546875)]"
206,"[(0, 712.9723510742188), (1, 734.2113037109375)]","[(0, 454.3454895019531), (1, 507.655029296875)]","[(0, 2956.600830078125), (1, 2688.377685546875)]","[(0, 1393.7799072265625), (1, 1791.35986328125)]","[(0, 2600.1728515625), (1, 1473.434814453125)]","[(0, 3105.629638671875), (1, 3330.056396484375)]","[(0, 3246.048583984375), (1, 4249.3681640625)]","[(0, 824.3363037109375), (1, 837.1165161132812)]","[(1, 48.05572509765625), (4, 50.50154252485795), (2, 54.341436767578124), (5, 56.820465087890625), (0, 84.29940185546874), (3, 88.4005615234375)]","[(0, 529.2041015625), (1, 640.8639526367188)]","[(4, 84.46249624399039), (5, 91.14830525716145), (2, 95.50311279296875), (1, 134.81360802283655), (3, 143.57464599609375), (0, 149.45740763346353)]","[(0, 2120.214599609375), (1, 1306.9635009765625)]","[(2, 36.69653756277902), (1, 37.356884765625), (5, 43.71646822415865), (4, 63.02675519670759), (0, 74.26513671875), (3, 94.80274454752605)]","[(0, 481.1102600097656), (1, 510.7023620605469)]"
207,"[(0, 723.1273193359375), (1, 860.87744140625)]","[(0, 230.59059143066406), (1, 208.9453887939453)]","[(0, 964.4451293945312), (1, 724.1890869140625)]","[(0, 1374.7576904296875), (1, 1219.4141845703125)]","[(0, 2309.761962890625), (1, 1312.2359619140625)]","[(0, 5467.27685546875), (1, 5170.9208984375)]","[(0, 3421.7421875), (1, 3105.440185546875)]","[(0, 538.2786254882812), (1, 660.6512451171875)]","[(4, 25.658233642578125), (1, 26.950042724609375), (5, 31.822086879185267), (3, 32.05054146902902), (0, 34.46636962890625), (2, 34.53473990304129)]","[(0, 775.3226928710938), (1, 718.1183471679688)]","[(2, 77.44661643288352), (5, 89.80397727272727), (4, 91.26381429036458), (0, 92.58143199573864), (3, 106.40367542613636), (1, 127.94502766927083)]","[(0, 865.0413818359375), (1, 441.25628662109375)]","[(4, 36.983045305524556), (3, 43.00153526893029), (1, 52.0892099233774), (0, 64.80662027994792), (5, 68.29912821451823), (2, 105.9242831143466)]","[(0, 2820.9970703125), (1, 2636.499267578125)]"
208,"[(0, 1250.4818115234375), (1, 1333.033935546875)]","[(0, 249.02191162109375), (1, 295.2657165527344)]","[(0, 1065.203369140625), (1, 1146.208984375)]","[(0, 605.3596801757812), (1, 720.3654174804688)]","[(0, 1182.06982421875), (1, 705.9722900390625)]","[(0, 3374.175048828125), (1, 3077.35009765625)]","[(0, 3478.448974609375), (1, 3778.7705078125)]","[(0, 393.2928771972656), (1, 225.539794921875)]","[(1, 52.60085824819711), (2, 57.744903564453125), (4, 62.38981276292067), (0, 64.3683369954427), (5, 67.06691487630208), (3, 74.45941162109375)]","[(0, 437.3831481933594), (1, 453.1725158691406)]","[(1, 103.92412109375), (2, 104.89095052083333), (4, 106.1964111328125), (5, 108.53992377387152), (0, 129.01018608940973), (3, 138.31016710069446)]","[(0, 1080.863525390625), (1, 994.7150268554688)]","[(5, 85.3978271484375), (3, 90.48226224459134), (4, 90.86903599330357), (2, 110.48422475961539), (1, 111.71827915736607), (0, 120.71494704026442)]","[(0, 534.9341430664062), (1, 588.509765625)]"
209,"[(0, 610.962890625), (1, 720.8238525390625)]","[(0, 376.5936279296875), (1, 489.5535583496094)]","[(0, 8202.1591796875), (1, 7909.98828125)]","[(0, 617.134765625), (1, 550.2739868164062)]","[(0, 552.5430297851562), (1, 582.2514038085938)]","[(0, 1085.440673828125), (1, 1115.944580078125)]","[(0, 2309.976806640625), (1, 3378.43505859375)]","[(0, 487.2096252441406), (1, 559.4778442382812)]","[(2, 41.506324768066406), (1, 42.97148719200721), (5, 49.11156209309896), (4, 49.90987454927885), (0, 67.55694071451823), (3, 78.27069091796875)]","[(0, 715.6963500976562), (1, 496.3934631347656)]","[(4, 50.191244686351105), (2, 53.84209769112723), (5, 66.09795735677083), (3, 66.37786051432292), (1, 66.58146667480469), (0, 73.19124930245536)]","[(0, 1130.562744140625), (1, 979.0258178710938)]","[(5, 56.91041447566106), (2, 60.75386047363281), (1, 62.6988760141226), (4, 73.75524030412946), (0, 76.28384908040364), (3, 94.22872220552884)]","[(0, 621.3287963867188), (1, 670.3328247070312)]"
210,"[(0, 916.147705078125), (1, 1054.4478759765625)]","[(0, 404.8303527832031), (1, 434.09283447265625)]","[(0, 1275.5863037109375), (1, 973.20361328125)]","[(0, 1767.91015625), (1, 2048.380859375)]","[(0, 434.79986572265625), (1, 423.8436279296875)]","[(0, 4346.158203125), (1, 5113.607421875)]","[(0, 782.9088745117188), (1, 1171.7645263671875)]","[(0, 975.3912963867188), (1, 663.2809448242188)]","[(1, 52.67117848115809), (2, 55.776084899902344), (4, 75.61697591145834), (0, 75.98565266927083), (5, 79.96265520368304), (3, 130.92558405949518)]","[(0, 1732.9501953125), (1, 1040.7000732421875)]","[(4, 27.7451664851262), (3, 28.529996236165363), (5, 45.29873934659091), (0, 48.57407836914062), (1, 49.81702215021307), (2, 103.63646104600694)]","[(0, 1149.389404296875), (1, 437.20880126953125)]","[(4, 144.13107299804688), (5, 149.99580522017047), (2, 159.73837890625), (1, 164.72770552201703), (3, 194.604248046875), (0, 205.506396484375)]","[(0, 3160.42919921875), (1, 3376.608642578125)]"
211,"[(0, 708.9503784179688), (1, 842.7155151367188)]","[(0, 573.6627807617188), (1, 615.0527954101562)]","[(0, 1991.48095703125), (1, 1841.6748046875)]","[(0, 1820.3255615234375), (1, 1959.3929443359375)]","[(0, 2256.808349609375), (1, 1210.783935546875)]","[(0, 2820.118896484375), (1, 2386.945068359375)]","[(0, 2191.059814453125), (1, 1977.887451171875)]","[(0, 587.5839233398438), (1, 561.2381591796875)]","[(3, 53.21236979166667), (1, 53.391605631510416), (4, 54.220664978027344), (0, 70.12088012695312), (5, 71.57713099888393), (2, 92.07545823317308)]","[(0, 480.76190185546875), (1, 536.9743041992188)]","[(4, 32.1722646859976), (3, 37.88697398792613), (1, 40.1324462890625), (0, 49.03100077311198), (5, 54.35294411399148), (2, 69.29450988769531)]","[(0, 1037.4334716796875), (1, 1027.048583984375)]","[(1, 39.86950429280599), (4, 45.93942025991586), (3, 66.78846740722656), (2, 67.44067993164063), (0, 72.21680242365056), (5, 101.9068603515625)]","[(0, 457.7939147949219), (1, 484.86468505859375)]"
212,"[(0, 962.6248168945312), (1, 1194.295654296875)]","[(0, 395.80615234375), (1, 366.59521484375)]","[(0, 1362.8115234375), (1, 1140.994140625)]","[(0, 2076.694091796875), (1, 1808.1285400390625)]","[(0, 1280.755859375), (1, 721.1892700195312)]","[(0, 701.0206909179688), (1, 637.283935546875)]","[(0, 2242.53369140625), (1, 2312.109130859375)]","[(0, 838.5487670898438), (1, 909.0458984375)]","[(3, 37.28401285807292), (4, 39.179037655101105), (0, 49.377681477864584), (1, 51.224903779871326), (5, 51.84420572916667), (2, 69.37838541666666)]","[(0, 2181.831787109375), (1, 1507.0806884765625)]","[(2, 55.30271257672991), (5, 65.76784261067708), (1, 66.35618489583334), (4, 73.78512807992789), (0, 82.8529803936298), (3, 132.68358265269887)]","[(0, 509.2143859863281), (1, 222.23497009277344)]","[(4, 108.075439453125), (1, 119.6034444173177), (5, 148.46193625710228), (2, 165.15540660511363), (3, 178.83701393821022), (0, 212.7548162286932)]","[(0, 1910.5377197265625), (1, 1819.448974609375)]"
213,"[(0, 1318.154052734375), (1, 1556.747802734375)]","[(0, 329.7268371582031), (1, 411.530517578125)]","[(0, 1008.8086547851562), (1, 864.625244140625)]","[(0, 2842.004150390625), (1, 3262.730224609375)]","[(0, 3663.53369140625), (1, 2017.2698974609375)]","[(0, 743.31591796875), (1, 815.5923461914062)]","[(0, 1782.5169677734375), (1, 2143.18994140625)]","[(0, 810.5437622070312), (1, 830.1728515625)]","[(3, 45.972920735677086), (1, 57.991373697916664), (4, 58.07759475708008), (0, 78.0595703125), (5, 82.34326171875), (2, 119.26453575721153)]","[(0, 336.21697998046875), (1, 233.64695739746094)]","[(4, 53.27015177408854), (5, 67.95970569957386), (3, 71.45213734019886), (2, 82.58451704545455), (0, 86.18341064453125), (1, 110.5905253092448)]","[(0, 1115.1759033203125), (1, 883.9891967773438)]","[(4, 39.720621744791664), (3, 52.123779296875), (5, 80.92720853365384), (1, 81.10924353966347), (0, 108.2691141764323), (2, 157.2472589666193)]","[(0, 923.74658203125), (1, 963.949951171875)]"
214,"[(0, 832.35888671875), (1, 1073.7283935546875)]","[(0, 530.381591796875), (1, 709.6210327148438)]","[(0, 5645.52490234375), (1, 5122.8525390625)]","[(0, 2247.45361328125), (1, 1851.6348876953125)]","[(0, 2133.022216796875), (1, 1188.2193603515625)]","[(0, 4121.013671875), (1, 4859.326171875)]","[(0, 2108.289306640625), (1, 2299.406982421875)]","[(0, 654.8836059570312), (1, 598.3015747070312)]","[(1, 62.86514004794034), (2, 69.77434692382812), (4, 73.06681685014205), (5, 82.0157958984375), (0, 90.05405883789062), (3, 102.1878173828125)]","[(0, 771.919677734375), (1, 749.2633666992188)]","[(4, 89.14676920572917), (3, 91.92874977805398), (5, 110.12471147017045), (0, 123.75361772017045), (2, 139.0662508877841), (1, 141.67762247721353)]","[(0, 397.4714660644531), (1, 250.01170349121094)]","[(4, 46.81927959735577), (3, 47.35137939453125), (5, 47.65833536783854), (1, 65.15645188551683), (2, 74.52426656087239), (0, 77.40674336751302)]","[(0, 475.5513916015625), (1, 519.137451171875)]"
215,"[(0, 859.415283203125), (1, 1001.4302368164062)]","[(0, 472.2582702636719), (1, 567.2157592773438)]","[(0, 722.1483154296875), (1, 695.275146484375)]","[(0, 2077.205322265625), (1, 1938.235595703125)]","[(0, 1111.794921875), (1, 1086.9432373046875)]","[(0, 2620.50634765625), (1, 2228.80517578125)]","[(0, 1860.2669677734375), (1, 1633.825927734375)]","[(0, 2282.520263671875), (1, 1375.074951171875)]","[(1, 39.747127278645834), (4, 41.434879302978516), (5, 51.876517159598215), (2, 56.79127385066106), (0, 83.12979830228366), (3, 98.17497907366071)]","[(0, 980.2703247070312), (1, 523.3316040039062)]","[(0, 58.99660422585227), (2, 64.55689031427556), (3, 67.35654518821023), (4, 68.65713500976562), (5, 73.7540283203125), (1, 102.39780680338542)]","[(0, 1806.6849365234375), (1, 1084.990966796875)]","[(5, 128.10216267903647), (2, 128.71641956676137), (4, 141.8199181189904), (1, 177.225341796875), (3, 214.0192667643229), (0, 216.27561257102272)]","[(0, 3547.7890625), (1, 3241.73583984375)]"
216,"[(0, 778.4010009765625), (1, 936.535888671875)]","[(0, 304.56036376953125), (1, 334.0374450683594)]","[(0, 4057.127197265625), (1, 4044.953857421875)]","[(0, 2254.350830078125), (1, 2577.762939453125)]","[(0, 1113.69873046875), (1, 1111.1053466796875)]","[(0, 1714.1080322265625), (1, 1521.2080078125)]","[(0, 1133.205810546875), (1, 1245.6654052734375)]","[(0, 1265.2010498046875), (1, 1181.3946533203125)]","[(1, 35.41419546944754), (2, 36.36773446890024), (5, 42.64449795809659), (4, 46.08417765299479), (0, 64.08217366536458), (3, 82.10199584960938)]","[(0, 873.4125366210938), (1, 622.5642700195312)]","[(1, 29.89088338216146), (2, 30.243667602539062), (4, 49.22919640174279), (5, 50.55589294433594), (0, 54.21097036508414), (3, 92.17732377485795)]","[(0, 1807.09423828125), (1, 1798.1204833984375)]","[(4, 29.243419102260045), (3, 41.07444411057692), (1, 47.13733927408854), (5, 50.169158935546875), (0, 86.04076038707386), (2, 86.66197509765625)]","[(0, 1293.20068359375), (1, 1418.37353515625)]"
217,"[(0, 949.8310546875), (1, 1006.4207153320312)]","[(0, 630.9276733398438), (1, 720.6317138671875)]","[(0, 919.7100830078125), (1, 925.6011352539062)]","[(0, 897.2431640625), (1, 907.8333740234375)]","[(0, 4799.6591796875), (1, 2540.755126953125)]","[(0, 1386.302001953125), (1, 1579.0447998046875)]","[(0, 4091.869384765625), (1, 6446.97998046875)]","[(0, 809.3194580078125), (1, 689.1172485351562)]","[(2, 32.17054865910457), (1, 39.050502232142854), (5, 40.77777099609375), (4, 47.761975969587056), (0, 58.59583458533654), (3, 72.28877610426683)]","[(0, 1330.917724609375), (1, 1854.45263671875)]","[(5, 36.454243977864586), (4, 37.465400247012866), (3, 51.260066986083984), (1, 52.45855712890625), (2, 63.4835205078125), (0, 99.30528041294643)]","[(0, 509.67034912109375), (1, 405.11151123046875)]","[(4, 90.71988351004464), (1, 92.70000751201923), (5, 94.74965256911058), (2, 102.60484822591145), (3, 122.25990647536058), (0, 156.61253865559897)]","[(0, 1787.3189697265625), (1, 1693.8828125)]"
218,"[(0, 604.5233764648438), (1, 615.3722534179688)]","[(0, 962.328369140625), (1, 1205.5501708984375)]","[(0, 16444.251953125), (1, 15973.892578125)]","[(0, 3041.309326171875), (1, 2893.37841796875)]","[(0, 3444.973388671875), (1, 1967.063720703125)]","[(0, 5324.0439453125), (1, 5917.62744140625)]","[(0, 1741.7979736328125), (1, 2840.524658203125)]","[(0, 400.2228698730469), (1, 430.8243713378906)]","[(1, 58.067783900669646), (3, 60.8629150390625), (2, 63.58203125), (0, 67.8555157001202), (4, 72.09564971923828), (5, 74.59329659598214)]","[(0, 1502.0587158203125), (1, 1139.57666015625)]","[(2, 49.394199916294646), (1, 58.27725016276042), (5, 85.97731526692708), (4, 88.95712515024039), (0, 97.91492638221153), (3, 261.75341796875)]","[(0, 754.1381225585938), (1, 726.4253540039062)]","[(3, 70.28530179537259), (1, 72.44008225661058), (4, 72.85867309570312), (0, 126.33797200520833), (5, 128.29801432291666), (2, 147.63020463423297)]","[(0, 1253.4637451171875), (1, 1457.7589111328125)]"
219,"[(0, 573.1121215820312), (1, 645.6723022460938)]","[(0, 994.2445678710938), (1, 1050.6990966796875)]","[(0, 3678.019775390625), (1, 4540.8427734375)]","[(0, 2367.018310546875), (1, 1891.76611328125)]","[(0, 1692.7216796875), (1, 941.43505859375)]","[(0, 4983.31787109375), (1, 4500.48974609375)]","[(0, 4538.0419921875), (1, 5468.314453125)]","[(0, 539.9400634765625), (1, 418.3793029785156)]","[(4, 69.09049769810268), (3, 73.35989614633414), (1, 73.86291973407452), (0, 87.78936767578125), (5, 115.3176778157552), (2, 131.8067959872159)]","[(0, 517.7722778320312), (1, 410.06768798828125)]","[(1, 196.8944424715909), (2, 231.591796875), (4, 242.9375887784091), (0, 258.4670166015625), (5, 284.8580322265625), (3, 320.670751953125)]","[(0, 2319.703369140625), (1, 1406.8853759765625)]","[(2, 24.061041259765624), (1, 30.073848724365234), (5, 41.90511850210336), (0, 45.997427804129465), (4, 54.673143659319194), (3, 75.02447509765625)]","[(0, 1157.652587890625), (1, 1154.9635009765625)]"
220,"[(0, 1157.8673095703125), (1, 1203.60009765625)]","[(0, 744.0556640625), (1, 796.633056640625)]","[(0, 719.9176635742188), (1, 883.6090698242188)]","[(0, 1683.4215087890625), (1, 1608.9927978515625)]","[(0, 1212.34326171875), (1, 709.0162963867188)]","[(0, 1687.0400390625), (1, 1543.20556640625)]","[(0, 3120.91455078125), (1, 4826.98095703125)]","[(0, 672.7116088867188), (1, 429.33489990234375)]","[(4, 51.35048130580357), (1, 64.49695763221153), (3, 65.6194598858173), (0, 77.87574259440105), (5, 97.38673909505208), (2, 120.23845880681819)]","[(0, 290.9823303222656), (1, 180.1985626220703)]","[(4, 82.28504356971153), (5, 93.3877665201823), (2, 101.78534490411931), (1, 119.65443929036458), (3, 135.39410400390625), (0, 149.08372913707387)]","[(0, 428.2794189453125), (1, 292.2335205078125)]","[(1, 29.641219075520834), (2, 36.05361066545759), (4, 42.322021484375), (0, 46.74838022085336), (5, 51.49854532877604), (3, 66.4911776455966)]","[(0, 1736.466552734375), (1, 2040.509765625)]"
221,"[(0, 687.2103881835938), (1, 858.2019653320312)]","[(0, 267.2457275390625), (1, 226.42674255371094)]","[(0, 7635.90380859375), (1, 6977.24560546875)]","[(0, 1187.2821044921875), (1, 1442.6475830078125)]","[(0, 785.774169921875), (1, 862.7147827148438)]","[(0, 1530.9268798828125), (1, 1700.7030029296875)]","[(0, 1326.7054443359375), (1, 1164.0526123046875)]","[(0, 543.4506225585938), (1, 315.6612548828125)]","[(3, 64.5024883563702), (4, 67.73087419782367), (1, 87.84833233173077), (5, 109.43770345052083), (0, 111.23336791992188), (2, 172.74580522017047)]","[(0, 578.5304565429688), (1, 343.53802490234375)]","[(2, 28.73423331124442), (1, 28.882078043619792), (5, 60.44112650553385), (0, 61.49396221454327), (4, 68.25108454777644), (3, 145.10251686789772)]","[(0, 575.2564697265625), (1, 427.5093994140625)]","[(3, 8.558259752061632), (1, 12.426575604607077), (4, 12.867640445106908), (0, 13.287402153015137), (5, 15.024318021886488), (2, 18.223272705078124)]","[(0, 626.7318725585938), (1, 740.3357543945312)]"
222,"[(0, 1040.30419921875), (1, 1145.6953125)]","[(0, 315.9822998046875), (1, 355.2796630859375)]","[(0, 1685.0911865234375), (1, 2231.59033203125)]","[(0, 1493.1295166015625), (1, 1139.21044921875)]","[(0, 712.3138427734375), (1, 790.6002197265625)]","[(0, 3174.260498046875), (1, 3707.881591796875)]","[(0, 1863.1085205078125), (1, 2094.439697265625)]","[(0, 491.7185363769531), (1, 693.1800537109375)]","[(2, 20.04249690129207), (1, 23.392279488699778), (5, 25.05314518855168), (4, 28.504017421177455), (0, 28.551964393028847), (3, 34.608011099008415)]","[(0, 1230.80029296875), (1, 831.4722900390625)]","[(2, 23.189784458705358), (1, 25.571000162760416), (5, 30.805887858072918), (4, 34.92987530048077), (0, 39.021106426532455), (3, 65.6138583096591)]","[(0, 314.19439697265625), (1, 261.80706787109375)]","[(3, 28.17066345214844), (4, 29.306340997869317), (0, 30.51337890625), (1, 30.765342018821023), (5, 30.973638916015624), (2, 33.783609008789064)]","[(0, 1886.6033935546875), (1, 2141.742431640625)]"
223,"[(0, 663.70166015625), (1, 789.8123779296875)]","[(0, 460.9320983886719), (1, 554.2550659179688)]","[(0, 5639.87451171875), (1, 4299.24072265625)]","[(0, 1904.27197265625), (1, 1839.9869384765625)]","[(0, 3515.385986328125), (1, 2118.979736328125)]","[(0, 2685.903564453125), (1, 2237.368408203125)]","[(0, 1728.4970703125), (1, 1952.9326171875)]","[(0, 1153.47216796875), (1, 1148.5335693359375)]","[(2, 27.889982096354167), (1, 35.81074523925781), (0, 41.58379690987723), (5, 41.75305645282452), (4, 42.68355015345982), (3, 77.42390950520833)]","[(0, 692.539794921875), (1, 648.7281494140625)]","[(2, 160.19584147135416), (1, 167.32657470703126), (5, 205.57902018229166), (4, 212.798828125), (0, 226.28987630208334), (3, 278.9155544704861)]","[(0, 626.408935546875), (1, 445.8789978027344)]","[(1, 30.677974700927734), (2, 32.764031982421876), (4, 41.61454119001116), (0, 47.144457135881694), (5, 56.06639685997596), (3, 86.1068827311198)]","[(0, 1688.230224609375), (1, 1555.6422119140625)]"
224,"[(0, 791.9573974609375), (1, 924.1202392578125)]","[(0, 464.20001220703125), (1, 481.8713684082031)]","[(0, 764.28466796875), (1, 706.7884521484375)]","[(0, 786.0458374023438), (1, 912.6907958984375)]","[(0, 1981.582275390625), (1, 1189.8375244140625)]","[(0, 1855.3157958984375), (1, 2153.890869140625)]","[(0, 2255.89697265625), (1, 2532.8779296875)]","[(0, 402.24993896484375), (1, 310.626220703125)]","[(4, 27.75575884650735), (3, 30.402246475219727), (1, 32.13647664388021), (0, 33.53193228585379), (5, 34.98955078125), (2, 49.6137930063101)]","[(0, 856.49267578125), (1, 614.8967895507812)]","[(2, 59.24968465169271), (4, 73.79556978665866), (5, 77.1673075358073), (1, 79.6779033954327), (0, 104.05413818359375), (3, 136.17008463541666)]","[(0, 1098.0543212890625), (1, 1257.7584228515625)]","[(4, 52.18583577473958), (1, 67.34515380859375), (5, 83.19471153846153), (3, 89.56741768973214), (2, 105.0097989169034), (0, 120.3603515625)]","[(0, 943.0660400390625), (1, 1058.352783203125)]"
225,"[(0, 462.0671691894531), (1, 535.3799438476562)]","[(0, 623.08642578125), (1, 649.9833984375)]","[(0, 2683.61962890625), (1, 2249.925048828125)]","[(0, 1633.5618896484375), (1, 1654.4759521484375)]","[(0, 1067.8504638671875), (1, 882.3652954101562)]","[(0, 2196.722412109375), (1, 2345.636474609375)]","[(0, 6491.15283203125), (1, 9360.935546875)]","[(0, 468.7397766113281), (1, 460.04412841796875)]","[(4, 31.538304946001837), (3, 31.714584350585938), (1, 40.270939127604166), (5, 43.264530436197916), (0, 46.523851667131694), (2, 61.94427490234375)]","[(0, 1388.5479736328125), (1, 1205.6064453125)]","[(4, 79.62870649857955), (5, 85.36210327148437), (1, 111.11265980113636), (3, 117.37620849609375), (2, 119.83446044921875), (0, 173.8290771484375)]","[(0, 1159.6405029296875), (1, 982.5736694335938)]","[(4, 21.39326375325521), (1, 22.45763221153846), (3, 22.90071541922433), (0, 27.17413838704427), (2, 33.98915793678977), (5, 34.567291259765625)]","[(0, 352.5686340332031), (1, 318.0931701660156)]"
226,"[(0, 1069.716796875), (1, 1315.48046875)]","[(0, 288.66778564453125), (1, 266.7953796386719)]","[(0, 444.0780029296875), (1, 427.50592041015625)]","[(0, 1114.547119140625), (1, 1230.638916015625)]","[(0, 1624.6029052734375), (1, 1401.806884765625)]","[(0, 4034.382568359375), (1, 3644.566162109375)]","[(0, 4909.40966796875), (1, 7988.10009765625)]","[(0, 1031.1484375), (1, 911.2070922851562)]","[(4, 22.238273111979165), (1, 26.506116594587052), (5, 33.336597149188705), (2, 36.248738606770836), (3, 42.20905949519231), (0, 49.28582255045573)]","[(0, 1035.6705322265625), (1, 892.1343994140625)]","[(4, 103.12561974158653), (1, 160.84068714488637), (5, 162.0799893465909), (3, 171.20804850260416), (0, 199.0165283203125), (2, 238.82826063368054)]","[(0, 840.3701171875), (1, 626.181640625)]","[(1, 121.98758951822917), (4, 127.30845133463542), (2, 154.2470037286932), (0, 154.5487060546875), (5, 157.5325927734375), (3, 162.50368430397728)]","[(0, 2326.221923828125), (1, 2442.034423828125)]"
227,"[(0, 1106.039794921875), (1, 1273.419189453125)]","[(0, 264.51287841796875), (1, 471.4345703125)]","[(0, 5592.22900390625), (1, 5480.83935546875)]","[(0, 1251.0203857421875), (1, 1382.61962890625)]","[(0, 1913.75732421875), (1, 1117.6199951171875)]","[(0, 2391.46533203125), (1, 2167.872314453125)]","[(0, 820.3382568359375), (1, 2014.4747314453125)]","[(0, 1145.06494140625), (1, 675.1559448242188)]","[(2, 80.17695835658482), (1, 91.69344075520833), (5, 107.64275653545673), (0, 109.22189767020089), (4, 116.55475725446429), (3, 148.13108473557693)]","[(0, 795.953369140625), (1, 676.0956420898438)]","[(3, 38.53382975260417), (4, 43.581695556640625), (5, 65.0107901436942), (0, 87.3060772235577), (1, 106.07417515345982), (2, 132.64915974934897)]","[(0, 595.0435791015625), (1, 769.6196899414062)]","[(4, 23.744008382161457), (1, 26.736492919921876), (5, 40.297607421875), (3, 40.46947303185096), (0, 45.74276029146635), (2, 46.99931922325721)]","[(0, 2493.703369140625), (1, 2420.68701171875)]"
228,"[(0, 936.0462036132812), (1, 1065.8507080078125)]","[(0, 346.6214294433594), (1, 654.2031860351562)]","[(0, 3259.135498046875), (1, 2824.262451171875)]","[(0, 1920.9122314453125), (1, 2041.9522705078125)]","[(0, 1661.9219970703125), (1, 855.2295532226562)]","[(0, 2395.48388671875), (1, 2562.340087890625)]","[(0, 1144.376708984375), (1, 2474.494140625)]","[(0, 880.033203125), (1, 1303.5135498046875)]","[(4, 21.78788859049479), (1, 25.70583016531808), (3, 27.850840977260045), (5, 35.04925302358774), (2, 35.159324645996094), (0, 35.22331120417668)]","[(0, 783.1075439453125), (1, 526.0343627929688)]","[(2, 54.34106953938802), (1, 63.22773155799279), (5, 90.6451416015625), (0, 92.45878462357955), (4, 95.47984730113636), (3, 233.627685546875)]","[(0, 624.3057861328125), (1, 832.7197265625)]","[(4, 29.709276471819198), (3, 35.90616079477164), (1, 50.04305521647135), (5, 52.196390787760414), (0, 60.49738658558238), (2, 87.79739990234376)]","[(0, 1543.88134765625), (1, 1338.28076171875)]"
229,"[(0, 873.1838989257812), (1, 1002.61181640625)]","[(0, 395.2863464355469), (1, 679.3369140625)]","[(0, 1447.6199951171875), (1, 1350.82568359375)]","[(0, 4344.26416015625), (1, 4002.780517578125)]","[(0, 1116.603515625), (1, 694.6005249023438)]","[(0, 7130.44921875), (1, 7815.5087890625)]","[(0, 5586.58935546875), (1, 6678.3759765625)]","[(0, 609.9111938476562), (1, 805.3212890625)]","[(4, 58.890726725260414), (2, 59.26796875), (1, 60.43686190518466), (3, 61.03228759765625), (5, 62.7316728071733), (0, 66.09111938476562)]","[(0, 1127.57861328125), (1, 1241.678466796875)]","[(2, 53.3187422318892), (5, 55.93201904296875), (1, 64.5052490234375), (4, 65.24153830788352), (0, 135.1034423828125), (3, 142.18792046440973)]","[(0, 635.733642578125), (1, 358.3621520996094)]","[(1, 15.987814331054688), (4, 22.462897164481028), (2, 28.267296424278847), (0, 28.949932391826923), (3, 37.31084950764974), (5, 38.87353261311849)]","[(0, 3293.077880859375), (1, 3018.5224609375)]"
230,"[(0, 1167.4417724609375), (1, 1335.1549072265625)]","[(0, 487.8833312988281), (1, 767.9600830078125)]","[(0, 3420.671875), (1, 2947.578125)]","[(0, 3082.122802734375), (1, 3141.56396484375)]","[(0, 1316.9591064453125), (1, 1055.62353515625)]","[(0, 3392.68994140625), (1, 3150.747802734375)]","[(0, 6108.00048828125), (1, 6452.7744140625)]","[(0, 693.9344482421875), (1, 567.3674926757812)]","[(1, 89.52301897321429), (0, 90.151123046875), (2, 102.83536470853366), (4, 106.84945242745536), (3, 111.64471905048077), (5, 125.73645958533653)]","[(0, 625.5526123046875), (1, 647.2052001953125)]","[(1, 67.41817405007102), (4, 69.85058038884944), (2, 76.99173583984376), (5, 81.37071533203125), (0, 90.62141723632813), (3, 96.1698486328125)]","[(0, 477.7346496582031), (1, 621.7342529296875)]","[(5, 52.894856770833336), (4, 55.35417762169471), (2, 62.6670976118608), (0, 64.33992697975852), (1, 67.35558064778645), (3, 68.91632080078125)]","[(0, 2242.069580078125), (1, 2520.84228515625)]"
231,"[(0, 793.1293334960938), (1, 918.5543823242188)]","[(0, 704.8478393554688), (1, 860.9669189453125)]","[(0, 5762.60205078125), (1, 6059.1904296875)]","[(0, 1013.021240234375), (1, 924.9036254882812)]","[(0, 710.8321533203125), (1, 449.01727294921875)]","[(0, 4613.3095703125), (1, 4928.25830078125)]","[(0, 2062.92529296875), (1, 1751.33203125)]","[(0, 1131.120361328125), (1, 1369.7467041015625)]","[(4, 80.14882114955357), (3, 94.48843149038461), (1, 104.7013690655048), (0, 128.41785685221353), (5, 144.90971883138022), (2, 203.5289639559659)]","[(0, 164.1055145263672), (1, 224.26341247558594)]","[(2, 54.81932237413194), (1, 60.6826416015625), (0, 77.03800455729167), (5, 88.12203640407986), (4, 92.53526611328125), (3, 119.09921603732639)]","[(0, 932.3208618164062), (1, 494.79974365234375)]","[(2, 46.21665602463942), (1, 48.822884695870535), (5, 67.19399746981534), (4, 76.82911682128906), (0, 78.08099365234375), (3, 104.7146484375)]","[(0, 1525.2005615234375), (1, 1708.2152099609375)]"
232,"[(0, 744.1638793945312), (1, 884.3374633789062)]","[(0, 916.94482421875), (1, 1211.2742919921875)]","[(0, 3986.71484375), (1, 3361.805908203125)]","[(0, 844.0338134765625), (1, 738.5231323242188)]","[(0, 1301.7750244140625), (1, 744.2341918945312)]","[(0, 2851.287353515625), (1, 3019.150146484375)]","[(0, 2991.865966796875), (1, 3441.9716796875)]","[(0, 679.5808715820312), (1, 561.34228515625)]","[(1, 53.58801705496652), (2, 53.86414982722356), (4, 72.22605895996094), (5, 73.89338822798295), (0, 90.41725667317708), (3, 144.0140869140625)]","[(0, 1992.52099609375), (1, 1403.8275146484375)]","[(3, 71.78742564808239), (0, 73.07733154296875), (4, 77.52276611328125), (2, 86.99891153971355), (5, 93.78682084517045), (1, 114.81527005709134)]","[(0, 788.7803344726562), (1, 505.722900390625)]","[(2, 123.0520352450284), (1, 123.25222778320312), (4, 125.7770487467448), (5, 126.3901034268466), (0, 183.90772594105113), (3, 186.78810813210228)]","[(0, 909.3155517578125), (1, 1003.179443359375)]"
233,"[(0, 716.9010620117188), (1, 867.69482421875)]","[(0, 1012.4571533203125), (1, 1229.2969970703125)]","[(0, 417.7905578613281), (1, 302.8269348144531)]","[(0, 2042.6885986328125), (1, 2250.883544921875)]","[(0, 2403.600830078125), (1, 1257.3387451171875)]","[(0, 1393.8443603515625), (1, 1192.7078857421875)]","[(0, 909.2916870117188), (1, 869.5719604492188)]","[(0, 453.8941955566406), (1, 447.9270935058594)]","[(4, 41.479723249162944), (5, 43.58544452373798), (3, 55.8077392578125), (2, 59.097599283854166), (0, 61.41406685965402), (1, 62.80316925048828)]","[(0, 655.6362915039062), (1, 927.713623046875)]","[(4, 13.951388549804687), (5, 16.177222357855904), (2, 16.931703455307904), (3, 21.742855495876736), (1, 25.06498156095806), (0, 25.98697617474724)]","[(0, 1765.74560546875), (1, 1545.7935791015625)]","[(3, 43.466532389322914), (4, 55.499244689941406), (5, 69.70227486746651), (1, 82.43845040457589), (0, 86.5109112079327), (2, 146.139892578125)]","[(0, 663.19677734375), (1, 739.3733520507812)]"
234,"[(0, 1111.4530029296875), (1, 1314.0849609375)]","[(0, 699.6285400390625), (1, 783.5707397460938)]","[(0, 6320.4697265625), (1, 5242.78271484375)]","[(0, 2674.885009765625), (1, 2184.859375)]","[(0, 1622.6666259765625), (1, 839.57861328125)]","[(0, 1349.564453125), (1, 1195.30517578125)]","[(0, 1681.73583984375), (1, 1766.463134765625)]","[(0, 1487.81689453125), (1, 1585.580322265625)]","[(5, 28.93438720703125), (4, 29.120086669921875), (1, 29.648644080528847), (2, 29.653600056966145), (3, 36.42612965901693), (0, 37.68075307210287)]","[(0, 1550.405029296875), (1, 1509.233154296875)]","[(1, 45.95802961077009), (4, 52.28965105329241), (2, 61.669413248697914), (5, 72.63972981770833), (0, 89.55577596028645), (3, 107.5275166829427)]","[(0, 871.3355712890625), (1, 542.962890625)]","[(4, 53.72229817708333), (3, 72.28630719866071), (5, 91.6604755108173), (1, 101.63613656850961), (0, 148.90767415364584), (2, 205.29887251420453)]","[(0, 553.7283325195312), (1, 564.8683471679688)]"
235,"[(0, 1059.9764404296875), (1, 1162.3326416015625)]","[(0, 556.316162109375), (1, 734.7892456054688)]","[(0, 6705.8125), (1, 7146.9716796875)]","[(0, 2583.9345703125), (1, 2126.19091796875)]","[(0, 717.5001831054688), (1, 604.9149780273438)]","[(0, 2414.83984375), (1, 2631.970947265625)]","[(0, 2122.341064453125), (1, 3957.09765625)]","[(0, 1150.7740478515625), (1, 859.2534790039062)]","[(5, 99.9869384765625), (2, 103.59658203125), (4, 113.18288352272727), (1, 115.9701815518466), (3, 165.31700439453124), (0, 173.77471923828125)]","[(0, 2851.66650390625), (1, 2072.582763671875)]","[(2, 32.849255879720054), (1, 39.09155742938702), (5, 60.85731090198863), (0, 64.20884011008523), (4, 67.43418884277344), (3, 145.838671875)]","[(0, 2302.4482421875), (1, 1648.574462890625)]","[(4, 43.98002406529018), (3, 52.47744985727164), (5, 72.58709716796875), (1, 74.15307147686298), (0, 79.36570739746094), (2, 132.65390846946022)]","[(0, 679.5585327148438), (1, 741.3379516601562)]"
236,"[(0, 950.6017456054688), (1, 1031.7587890625)]","[(0, 783.2516479492188), (1, 1111.97412109375)]","[(0, 5492.822265625), (1, 4986.59814453125)]","[(0, 547.3328247070312), (1, 475.11212158203125)]","[(0, 900.9047241210938), (1, 792.16552734375)]","[(0, 6876.50634765625), (1, 7428.861328125)]","[(0, 2248.375244140625), (1, 4645.93310546875)]","[(0, 470.9101867675781), (1, 440.1545104980469)]","[(4, 41.48646036783854), (3, 45.43870634191177), (1, 49.28812184053309), (0, 55.50914001464844), (5, 65.81436920166016), (2, 71.13363444010416)]","[(0, 684.7545166015625), (1, 560.4537963867188)]","[(4, 38.74090140206473), (3, 47.31743915264423), (5, 69.41094970703125), (0, 77.77899678548177), (1, 96.28562575120192), (2, 134.79052734375)]","[(0, 1541.056884765625), (1, 1135.79052734375)]","[(2, 137.10078568892047), (4, 137.93830362955728), (1, 137.9992879231771), (5, 140.24058948863637), (0, 194.2532626065341), (3, 201.75548206676137)]","[(0, 842.065185546875), (1, 757.0579223632812)]"
237,"[(0, 949.0777587890625), (1, 1165.550048828125)]","[(0, 927.0498657226562), (1, 1106.0318603515625)]","[(0, 2696.10595703125), (1, 2618.149658203125)]","[(0, 1169.357177734375), (1, 913.19189453125)]","[(0, 2051.5068359375), (1, 1111.7838134765625)]","[(0, 6118.55908203125), (1, 5763.32177734375)]","[(0, 2388.42041015625), (1, 2086.15283203125)]","[(0, 1201.5133056640625), (1, 1228.8551025390625)]","[(2, 56.39606182391827), (5, 57.88292948404948), (4, 59.15732046274039), (1, 60.962816510881694), (0, 66.93705397385817), (3, 78.61023457845052)]","[(0, 843.9859008789062), (1, 1084.6610107421875)]","[(2, 120.34325154622395), (5, 129.050927734375), (1, 131.2535118689904), (4, 149.64253373579547), (0, 183.78281471946022), (3, 303.3697916666667)]","[(0, 351.10821533203125), (1, 223.88165283203125)]","[(1, 23.051408767700195), (4, 26.455677032470703), (5, 28.54782976422991), (3, 32.276881626674104), (2, 34.514657156808035), (0, 40.988538469587056)]","[(0, 301.6100769042969), (1, 254.06109619140625)]"
238,"[(0, 1153.9947509765625), (1, 1322.738525390625)]","[(0, 891.3715209960938), (1, 1035.8096923828125)]","[(0, 923.290771484375), (1, 927.4637451171875)]","[(0, 337.5156555175781), (1, 310.8635559082031)]","[(0, 1638.1031494140625), (1, 975.9119262695312)]","[(0, 4636.6376953125), (1, 4397.04150390625)]","[(0, 1673.254638671875), (1, 1806.2568359375)]","[(0, 826.9891357421875), (1, 1035.680419921875)]","[(3, 25.323343912760418), (4, 25.58006638746995), (0, 29.05838567560369), (1, 33.002916971842446), (5, 42.38216053355824), (2, 58.996038818359374)]","[(0, 510.1753845214844), (1, 508.2452697753906)]","[(2, 69.80623557350852), (5, 71.25979336825284), (4, 71.61866251627605), (1, 85.7252705891927), (0, 102.1508456143466), (3, 104.9997891512784)]","[(0, 1469.876220703125), (1, 738.1499633789062)]","[(2, 68.12837571364183), (1, 74.33349609375), (4, 121.16348970853366), (5, 121.18975830078125), (0, 159.05242919921875), (3, 288.79378995028407)]","[(0, 1449.0025634765625), (1, 1567.445556640625)]"
239,"[(0, 819.714599609375), (1, 1048.14208984375)]","[(0, 494.3575134277344), (1, 642.2078247070312)]","[(0, 6983.44970703125), (1, 6304.16748046875)]","[(0, 1872.1781005859375), (1, 1924.267578125)]","[(0, 1588.437744140625), (1, 886.4830322265625)]","[(0, 5552.99267578125), (1, 6150.87109375)]","[(0, 2535.211181640625), (1, 2867.291015625)]","[(0, 392.7334899902344), (1, 440.1918640136719)]","[(3, 22.849781036376953), (4, 23.001953125), (0, 27.787556966145832), (5, 32.67143961588542), (1, 35.98054122924805), (2, 49.045580182756694)]","[(0, 675.9580078125), (1, 485.5423278808594)]","[(2, 35.95452626546224), (1, 42.60909799429086), (0, 83.14282781427556), (4, 95.81781560724431), (5, 96.94315795898437), (3, 279.14784071180554)]","[(0, 552.3378295898438), (1, 587.323974609375)]","[(1, 22.45738525390625), (4, 28.519166946411133), (2, 31.24218515249399), (5, 36.28599548339844), (0, 52.72925743689904), (3, 70.63809640066964)]","[(0, 517.448486328125), (1, 547.0079345703125)]"
240,"[(0, 772.1839599609375), (1, 888.2051391601562)]","[(0, 779.7023315429688), (1, 1113.7220458984375)]","[(0, 1827.6435546875), (1, 1858.1534423828125)]","[(0, 5084.73681640625), (1, 5113.9150390625)]","[(0, 1040.33447265625), (1, 594.7057495117188)]","[(0, 2356.32470703125), (1, 2647.892578125)]","[(0, 1999.346923828125), (1, 2435.645263671875)]","[(0, 944.6043701171875), (1, 913.9699096679688)]","[(5, 16.111879475911458), (2, 19.04483642578125), (4, 22.946828842163086), (3, 25.147336832682292), (1, 27.551664352416992), (0, 29.97426554361979)]","[(0, 1036.0048828125), (1, 627.7150268554688)]","[(2, 44.410847981770836), (1, 68.27864837646484), (5, 80.72713529146634), (0, 84.97996303013393), (4, 87.58546665736607), (3, 153.74714152018228)]","[(0, 688.8284301757812), (1, 598.8324584960938)]","[(2, 34.3633544921875), (1, 39.67649459838867), (5, 42.669324602399556), (4, 46.11484375), (0, 78.52926199776786), (3, 128.51932466947116)]","[(0, 1000.044921875), (1, 1122.3050537109375)]"
241,"[(0, 498.3607177734375), (1, 565.1668090820312)]","[(0, 715.7826538085938), (1, 911.662109375)]","[(0, 6502.404296875), (1, 7248.078125)]","[(0, 1614.011474609375), (1, 1373.367919921875)]","[(0, 943.2918090820312), (1, 1051.66552734375)]","[(0, 3666.4873046875), (1, 3287.5771484375)]","[(0, 5892.08984375), (1, 7000.8876953125)]","[(0, 1186.66064453125), (1, 562.6666870117188)]","[(4, 18.962245396205358), (1, 20.75124308268229), (5, 22.09906710111178), (2, 23.323970249720983), (0, 33.2631601186899), (3, 34.18545786539713)]","[(0, 1997.7725830078125), (1, 2140.534423828125)]","[(2, 66.51989310128349), (1, 74.7602783203125), (4, 83.5827167217548), (5, 88.29464721679688), (0, 94.20738807091347), (3, 149.3130215731534)]","[(0, 853.7981567382812), (1, 835.3711547851562)]","[(1, 160.10285295758928), (5, 176.3582481971154), (2, 182.8277306189904), (4, 195.09551130022322), (3, 211.91569636418268), (0, 219.52169095552884)]","[(0, 976.500244140625), (1, 1077.5833740234375)]"
242,"[(0, 1071.9654541015625), (1, 1253.35205078125)]","[(0, 604.3695068359375), (1, 751.3989868164062)]","[(0, 3626.86572265625), (1, 3122.989501953125)]","[(0, 981.9609985351562), (1, 793.9035034179688)]","[(0, 900.0507202148438), (1, 960.1104125976562)]","[(0, 1428.410400390625), (1, 1346.6370849609375)]","[(0, 6293.97314453125), (1, 7315.04150390625)]","[(0, 554.6371459960938), (1, 541.8742065429688)]","[(4, 30.137142405790442), (3, 33.452884674072266), (5, 39.73524576822917), (1, 51.06144612630208), (0, 53.96583775111607), (2, 79.9071044921875)]","[(0, 612.42041015625), (1, 384.5407409667969)]","[(4, 23.68521931966146), (3, 30.054779052734375), (5, 36.814239501953125), (0, 42.57637023925781), (2, 46.24824385209517), (1, 56.05677678034856)]","[(0, 2314.38232421875), (1, 2129.750732421875)]","[(1, 27.102036696213943), (2, 28.46575927734375), (5, 31.82793426513672), (0, 34.146715799967446), (3, 36.92745717366537), (4, 38.94648860051082)]","[(0, 1877.71826171875), (1, 1747.688232421875)]"
243,"[(0, 634.3773193359375), (1, 762.78759765625)]","[(0, 311.112548828125), (1, 299.93048095703125)]","[(0, 1536.7178955078125), (1, 1293.3480224609375)]","[(0, 1739.849853515625), (1, 1809.2315673828125)]","[(0, 4221.49755859375), (1, 2259.08984375)]","[(0, 514.9540405273438), (1, 530.3709716796875)]","[(0, 840.4345703125), (1, 737.6070556640625)]","[(0, 627.3101806640625), (1, 1018.9757080078125)]","[(4, 34.29278564453125), (3, 45.31051025390625), (1, 52.943346296037944), (5, 53.088021414620535), (0, 87.12425818810097), (2, 98.25094604492188)]","[(0, 2009.0260009765625), (1, 1720.012939453125)]","[(5, 76.450927734375), (4, 81.35953776041667), (3, 84.821533203125), (2, 86.14109108664773), (0, 97.67336203835227), (1, 104.6354268391927)]","[(0, 1270.248046875), (1, 1360.05517578125)]","[(1, 25.16747792561849), (0, 29.072437633167613), (2, 31.005368041992188), (4, 36.37988063267299), (5, 41.749046325683594), (3, 43.2057119516226)]","[(0, 1696.3756103515625), (1, 1760.7413330078125)]"
244,"[(0, 1002.5443725585938), (1, 1140.76953125)]","[(0, 269.7062683105469), (1, 259.21087646484375)]","[(0, 3754.6240234375), (1, 2611.6220703125)]","[(0, 611.6697387695312), (1, 560.5323486328125)]","[(0, 2651.555419921875), (1, 1480.511962890625)]","[(0, 2567.0263671875), (1, 2773.242431640625)]","[(0, 805.224853515625), (1, 916.1197509765625)]","[(0, 730.2940063476562), (1, 748.9768676757812)]","[(0, 36.121055603027344), (1, 37.32529943129595), (3, 37.7425422668457), (2, 37.81513977050781), (4, 39.54062428193934), (5, 39.59473419189453)]","[(0, 506.20538330078125), (1, 516.9658813476562)]","[(2, 79.68039957682292), (4, 95.28727213541667), (5, 98.7044344815341), (1, 100.6941669170673), (0, 103.60987345377605), (3, 118.7239102450284)]","[(0, 1000.0706787109375), (1, 586.90283203125)]","[(1, 18.437932631548712), (2, 22.644022623697918), (5, 30.247943115234374), (0, 30.917242431640624), (4, 34.10119987936581), (3, 42.91531168619792)]","[(0, 475.4081115722656), (1, 499.08203125)]"
245,"[(0, 838.3812255859375), (1, 1010.1762084960938)]","[(0, 314.45025634765625), (1, 370.0090637207031)]","[(0, 1064.7108154296875), (1, 607.9373779296875)]","[(0, 3152.999267578125), (1, 3458.6611328125)]","[(0, 1561.246826171875), (1, 782.620361328125)]","[(0, 2856.41064453125), (1, 2414.43798828125)]","[(0, 2099.064697265625), (1, 2784.572021484375)]","[(0, 1022.27490234375), (1, 812.3786010742188)]","[(2, 31.829791729266827), (5, 33.33473621715199), (1, 38.40021187918527), (4, 40.861289978027344), (0, 61.00328063964844), (3, 71.76921997070312)]","[(0, 506.9711608886719), (1, 314.5352783203125)]","[(5, 36.36944580078125), (4, 40.50495323768029), (2, 43.46442159016927), (1, 51.20015305739183), (3, 51.221293131510414), (0, 64.72212727864583)]","[(0, 512.6708374023438), (1, 369.89776611328125)]","[(2, 38.217869349888396), (1, 43.630126953125), (5, 55.73844088040865), (0, 77.2120361328125), (4, 86.92074148995536), (3, 112.91140747070312)]","[(0, 1140.9615478515625), (1, 1186.5888671875)]"
246,"[(0, 820.4896850585938), (1, 892.6539306640625)]","[(0, 471.807861328125), (1, 609.6286010742188)]","[(0, 4232.0947265625), (1, 3897.00048828125)]","[(0, 1557.021728515625), (1, 1585.0858154296875)]","[(0, 821.4107666015625), (1, 397.78564453125)]","[(0, 612.4451904296875), (1, 550.8042602539062)]","[(0, 1750.8287353515625), (1, 2206.8515625)]","[(0, 1086.2281494140625), (1, 902.0890502929688)]","[(1, 61.33189174107143), (5, 67.00602213541667), (2, 67.03968224158653), (4, 69.03091665414664), (0, 129.38013712565103), (3, 146.37269176136363)]","[(0, 1452.2052001953125), (1, 2015.6873779296875)]","[(4, 76.49599984975961), (0, 100.54105631510417), (3, 102.70969645182292), (2, 104.82799275716145), (5, 106.82364908854167), (1, 113.36162860576923)]","[(0, 1671.343994140625), (1, 1129.9031982421875)]","[(4, 89.73878831129808), (5, 99.26036580403645), (1, 111.25437418619792), (2, 134.42491566051137), (3, 139.95279947916666), (0, 172.81962446732953)]","[(0, 854.01318359375), (1, 917.9869384765625)]"
247,"[(0, 683.8215942382812), (1, 745.43603515625)]","[(0, 496.5025634765625), (1, 531.9793090820312)]","[(0, 3823.0439453125), (1, 4577.3955078125)]","[(0, 2152.340576171875), (1, 1517.6534423828125)]","[(0, 547.9130249023438), (1, 452.6561584472656)]","[(0, 4297.15869140625), (1, 4716.40576171875)]","[(0, 1122.180419921875), (1, 989.197998046875)]","[(0, 363.68060302734375), (1, 267.944091796875)]","[(2, 37.65654813326322), (1, 38.71830095563616), (5, 41.32860495827415), (4, 50.29292297363281), (0, 69.59611002604167), (3, 91.8477294921875)]","[(0, 1383.861572265625), (1, 1012.5720825195312)]","[(4, 22.9428466796875), (3, 30.166607196514423), (0, 36.918613978794646), (5, 40.40125450721154), (1, 41.24072265625), (2, 49.28896222795759)]","[(0, 570.2052612304688), (1, 702.4967651367188)]","[(4, 230.65350341796875), (5, 247.5858709161932), (1, 301.44488525390625), (3, 316.70760830965907), (2, 333.00468306107956), (0, 447.3194691051136)]","[(0, 1913.1705322265625), (1, 2050.34423828125)]"
248,"[(0, 573.7637329101562), (1, 692.5259399414062)]","[(0, 440.99627685546875), (1, 482.55126953125)]","[(0, 829.3554077148438), (1, 1018.0864868164062)]","[(0, 993.9781494140625), (1, 898.5588989257812)]","[(0, 820.2710571289062), (1, 720.232177734375)]","[(0, 2388.905517578125), (1, 2200.2353515625)]","[(0, 2264.7685546875), (1, 2562.162841796875)]","[(0, 815.06005859375), (1, 739.7863159179688)]","[(2, 27.012959798177082), (1, 32.3350715637207), (4, 46.20329066685268), (0, 47.72470964704241), (5, 49.25838529146635), (3, 119.43098958333333)]","[(0, 1041.948486328125), (1, 1080.4976806640625)]","[(1, 27.28463134765625), (2, 28.018338716947117), (5, 28.233755929129465), (4, 28.97397232055664), (0, 44.75654484675481), (3, 46.105616978236604)]","[(0, 1997.9613037109375), (1, 2032.5032958984375)]","[(1, 73.3325703938802), (2, 89.4666581587358), (4, 90.0819258256392), (0, 97.8150967684659), (3, 101.32656860351562), (5, 118.34368896484375)]","[(0, 1152.5924072265625), (1, 1239.0318603515625)]"
249,"[(0, 878.90185546875), (1, 1106.4854736328125)]","[(0, 280.83526611328125), (1, 245.0948028564453)]","[(0, 1006.9991455078125), (1, 832.5791625976562)]","[(0, 1691.5203857421875), (1, 1862.676025390625)]","[(0, 2183.484619140625), (1, 1185.099365234375)]","[(0, 3069.0498046875), (1, 3218.960205078125)]","[(0, 1287.3704833984375), (1, 1432.5802001953125)]","[(0, 575.4573364257812), (1, 488.11907958984375)]","[(4, 35.223811848958334), (3, 40.79127720424107), (1, 52.190931047712056), (5, 59.97463754507211), (0, 60.6470947265625), (2, 91.4773457845052)]","[(0, 2247.93701171875), (1, 1690.4608154296875)]","[(4, 32.03050231933594), (3, 35.55416666666667), (5, 40.12157767159598), (1, 44.83028302873884), (0, 50.9377206655649), (2, 53.66195170084635)]","[(0, 2673.419677734375), (1, 3157.043212890625)]","[(1, 18.092437744140625), (2, 24.025376539963943), (4, 24.731388346354166), (5, 33.850513164813705), (0, 34.972625732421875), (3, 51.12869497445914)]","[(0, 833.182861328125), (1, 868.9278564453125)]"
250,"[(0, 523.3992309570312), (1, 599.6453857421875)]","[(0, 362.93585205078125), (1, 696.052734375)]","[(0, 10095.228515625), (1, 7386.33349609375)]","[(0, 1546.3826904296875), (1, 1976.2188720703125)]","[(0, 456.739013671875), (1, 365.9341735839844)]","[(0, 3394.725830078125), (1, 3697.045166015625)]","[(0, 2156.6328125), (1, 2570.382568359375)]","[(0, 578.5599975585938), (1, 650.3551025390625)]","[(4, 20.060066731770835), (1, 23.40739004952567), (3, 29.063584547776443), (5, 35.49219219501202), (2, 37.915384928385414), (0, 39.31441752115885)]","[(0, 2208.82666015625), (1, 2082.97509765625)]","[(2, 39.96294227013221), (1, 41.75238037109375), (5, 57.89069158380682), (4, 61.879170735677086), (0, 80.6060791015625), (3, 162.68092041015626)]","[(0, 1653.0810546875), (1, 1877.695068359375)]","[(1, 53.32904052734375), (2, 54.705078125), (4, 56.63968172940341), (5, 58.32481689453125), (0, 93.69512939453125), (3, 98.05624389648438)]","[(0, 1846.8140869140625), (1, 1775.598876953125)]"
251,"[(0, 640.8639526367188), (1, 680.8263549804688)]","[(0, 576.6114501953125), (1, 1210.05615234375)]","[(0, 1318.3232421875), (1, 1268.0167236328125)]","[(0, 3070.935302734375), (1, 2926.346923828125)]","[(0, 1666.1368408203125), (1, 831.2665405273438)]","[(0, 1983.6148681640625), (1, 1802.8485107421875)]","[(0, 1693.053466796875), (1, 2490.8486328125)]","[(0, 2085.605712890625), (1, 1826.788818359375)]","[(2, 42.91514892578125), (5, 53.30249962439904), (1, 54.32837677001953), (4, 55.65076119559152), (0, 76.20704868861607), (3, 106.69724527994792)]","[(0, 1073.036865234375), (1, 1371.0831298828125)]","[(4, 49.41265869140625), (1, 65.68248103215144), (5, 72.69974365234376), (3, 73.61537679036458), (0, 79.26129150390625), (2, 80.28987121582031)]","[(0, 823.1646118164062), (1, 531.4418334960938)]","[(2, 15.216886247907366), (1, 16.663822174072266), (4, 17.16580379710478), (5, 17.288358561197917), (0, 26.457752772739955), (3, 30.85391642252604)]","[(0, 363.7041931152344), (1, 324.4437255859375)]"
252,"[(0, 725.7080078125), (1, 795.3148803710938)]","[(0, 551.3255615234375), (1, 1005.7332153320312)]","[(0, 1809.6983642578125), (1, 2094.97802734375)]","[(0, 4016.0712890625), (1, 3713.076171875)]","[(0, 1677.7430419921875), (1, 912.996826171875)]","[(0, 1138.037109375), (1, 1066.640869140625)]","[(0, 2665.1591796875), (1, 3977.687744140625)]","[(0, 1329.3055419921875), (1, 1282.1051025390625)]","[(1, 63.44196370442708), (2, 65.85221208844867), (5, 76.27690124511719), (4, 80.36212627704327), (0, 91.36092435396634), (3, 97.42705743963069)]","[(0, 418.4032287597656), (1, 321.0011901855469)]","[(1, 17.427020733173077), (4, 19.687764094426083), (2, 24.435055819424715), (5, 28.435577392578125), (0, 39.678674871271305), (3, 45.083984375)]","[(0, 1553.2642822265625), (1, 1471.3797607421875)]","[(4, 30.982371012369793), (1, 33.385335286458336), (5, 35.58382306780134), (2, 38.05863734654018), (3, 39.99772426060268), (0, 44.557407924107146)]","[(0, 2671.82421875), (1, 2367.4697265625)]"
253,"[(0, 806.1346435546875), (1, 845.256591796875)]","[(0, 411.20587158203125), (1, 635.2003173828125)]","[(0, 4361.87060546875), (1, 4914.27685546875)]","[(0, 1426.4942626953125), (1, 1157.9561767578125)]","[(0, 2128.041015625), (1, 1678.124755859375)]","[(0, 2937.49658203125), (1, 3249.06201171875)]","[(0, 2402.023193359375), (1, 2124.707275390625)]","[(0, 2419.572265625), (1, 1832.61328125)]","[(1, 152.22391764322916), (0, 156.6300936612216), (2, 173.5277099609375), (4, 181.33099365234375), (3, 192.86181640625), (5, 209.8450372869318)]","[(0, 725.1953125), (1, 646.0390625)]","[(4, 20.896703084309895), (2, 30.590267405790442), (1, 31.665456671463815), (5, 33.70773696899414), (0, 36.23035026999081), (3, 44.09645462036133)]","[(0, 1037.4884033203125), (1, 931.3446044921875)]","[(4, 55.07814378004808), (3, 72.31731669108073), (1, 79.18407185872395), (0, 95.6438876065341), (5, 104.26174094460227), (2, 133.5551025390625)]","[(0, 651.5231323242188), (1, 694.181640625)]"
254,"[(0, 729.10400390625), (1, 824.3347778320312)]","[(0, 894.324462890625), (1, 1090.17138671875)]","[(0, 968.5297241210938), (1, 1036.9671630859375)]","[(0, 3003.661865234375), (1, 2903.306640625)]","[(0, 2378.23876953125), (1, 2028.7357177734375)]","[(0, 3719.75), (1, 3953.133544921875)]","[(0, 822.5576782226562), (1, 954.9454956054688)]","[(0, 464.68170166015625), (1, 567.7092895507812)]","[(4, 24.220557076590403), (5, 25.535752516526443), (3, 30.009058634440105), (2, 32.28355305989583), (1, 34.44176483154297), (0, 37.634634835379465)]","[(0, 1387.420166015625), (1, 2519.981689453125)]","[(4, 13.556166648864746), (2, 14.537894112723214), (5, 16.106351579938615), (1, 16.242225646972656), (0, 19.610525948660715), (3, 22.416170392717635)]","[(0, 1043.5689697265625), (1, 789.7208251953125)]","[(4, 82.1549072265625), (5, 86.0317715731534), (1, 88.17561848958333), (2, 93.00337357954545), (3, 114.10399280894886), (0, 132.03173828125)]","[(0, 678.8654174804688), (1, 703.1589965820312)]"
255,"[(0, 551.97265625), (1, 610.8612060546875)]","[(0, 1168.9278564453125), (1, 1489.5333251953125)]","[(0, 6560.6572265625), (1, 6580.615234375)]","[(0, 1613.2596435546875), (1, 1655.955810546875)]","[(0, 501.80023193359375), (1, 430.1875915527344)]","[(0, 5553.25732421875), (1, 5038.85791015625)]","[(0, 2207.306396484375), (1, 2677.387451171875)]","[(0, 1074.563720703125), (1, 804.4097290039062)]","[(5, 14.69193091759315), (4, 17.928137642996653), (2, 18.068756103515625), (1, 21.95428684779576), (3, 24.381671612079327), (0, 30.250873272235577)]","[(0, 3576.532470703125), (1, 2829.63671875)]","[(2, 36.194998604910715), (1, 50.01109212239583), (0, 60.92926964393029), (4, 103.96705979567308), (5, 104.14244588216145), (3, 216.40187766335228)]","[(0, 831.40087890625), (1, 582.0582275390625)]","[(5, 68.54252272385817), (1, 73.0425545828683), (4, 74.02875627790179), (2, 82.1699969951923), (3, 99.78244253305289), (0, 122.39627779447116)]","[(0, 2130.31640625), (1, 1923.1685791015625)]"
256,"[(0, 848.2662353515625), (1, 1020.7191772460938)]","[(0, 1253.300048828125), (1, 1528.669921875)]","[(0, 741.3103637695312), (1, 766.34765625)]","[(0, 1532.5614013671875), (1, 1703.712646484375)]","[(0, 2006.9405517578125), (1, 1076.2657470703125)]","[(0, 4764.625), (1, 4438.5322265625)]","[(0, 1301.5806884765625), (1, 1542.2720947265625)]","[(0, 1218.20068359375), (1, 1309.017333984375)]","[(4, 13.931664717824836), (3, 16.038706461588543), (5, 16.58375280043658), (1, 16.804827521829043), (2, 18.74686482747396), (0, 22.28541374206543)]","[(0, 3374.001220703125), (1, 1327.5115966796875)]","[(4, 24.459722900390624), (3, 29.435784476143972), (5, 47.9231191781851), (0, 53.32799784342448), (1, 56.55284236027644), (2, 88.066162109375)]","[(0, 672.3021240234375), (1, 482.5209045410156)]","[(2, 6.812618031221278), (1, 7.136416786595395), (5, 7.708378511316636), (0, 8.953088199391084), (3, 10.553979312672334), (4, 11.812600386770148)]","[(0, 1882.1871337890625), (1, 2118.84326171875)]"
257,"[(0, 759.4577026367188), (1, 900.1365356445312)]","[(0, 823.78662109375), (1, 972.491455078125)]","[(0, 771.5609130859375), (1, 770.5806884765625)]","[(0, 4986.826171875), (1, 4465.5263671875)]","[(0, 1684.118408203125), (1, 960.2001342773438)]","[(0, 4038.270263671875), (1, 4343.42333984375)]","[(0, 2313.109375), (1, 1985.6002197265625)]","[(0, 519.1163940429688), (1, 376.0561828613281)]","[(2, 71.54849477914664), (5, 72.95276433771306), (4, 81.30477905273438), (1, 82.51439557756696), (0, 89.08497111002605), (3, 134.25009765625)]","[(0, 425.58831787109375), (1, 383.2609558105469)]","[(5, 56.84661526150174), (2, 59.44764539930556), (4, 64.71339111328125), (1, 67.21832275390625), (3, 118.78925238715277), (0, 124.19173177083333)]","[(0, 666.4801635742188), (1, 643.1339111328125)]","[(1, 37.785980224609375), (2, 40.790740966796875), (5, 58.09925842285156), (0, 61.35124206542969), (4, 71.33687180739183), (3, 89.09517415364583)]","[(0, 2146.107421875), (1, 1965.348876953125)]"
258,"[(0, 1003.4181518554688), (1, 1212.2923583984375)]","[(0, 409.41156005859375), (1, 429.55810546875)]","[(0, 2327.105224609375), (1, 1784.936767578125)]","[(0, 2536.63818359375), (1, 2706.893310546875)]","[(0, 545.9497680664062), (1, 520.4244995117188)]","[(0, 4667.654296875), (1, 5076.8583984375)]","[(0, 2192.337646484375), (1, 2545.252685546875)]","[(0, 1301.3572998046875), (1, 981.9718017578125)]","[(5, 13.535246785481771), (2, 13.92878246307373), (1, 17.468683579388788), (4, 18.83542823791504), (0, 34.650874837239584), (3, 41.56514195033482)]","[(0, 377.4617919921875), (1, 451.7119445800781)]","[(2, 12.129778180803571), (4, 21.434735979352677), (5, 21.631028395432693), (1, 22.697296142578125), (0, 24.27802452674279), (3, 51.51301066080729)]","[(0, 975.8020629882812), (1, 772.1044921875)]","[(1, 48.655722225413605), (2, 66.08097076416016), (0, 68.20601806640624), (5, 113.99421037946429), (4, 119.6813720703125), (3, 153.93524639423077)]","[(0, 2384.631103515625), (1, 2244.007568359375)]"
259,"[(0, 687.8667602539062), (1, 820.295654296875)]","[(0, 585.6859130859375), (1, 658.219970703125)]","[(0, 11513.421875), (1, 8691.3671875)]","[(0, 1213.003662109375), (1, 1010.445068359375)]","[(0, 597.546875), (1, 584.046875)]","[(0, 4404.2890625), (1, 4174.23388671875)]","[(0, 2029.442138671875), (1, 2498.0126953125)]","[(0, 1485.59375), (1, 1371.0771484375)]","[(4, 66.7179121537642), (0, 69.86474054509944), (1, 83.50510152180989), (3, 85.24703369140624), (5, 99.40227661132812), (2, 104.24186567826705)]","[(0, 561.7012939453125), (1, 653.6494140625)]","[(2, 49.724522181919646), (4, 53.464712960379465), (5, 62.25133338341346), (1, 64.78047688802083), (0, 71.29514723557692), (3, 75.50437418619792)]","[(0, 2308.291015625), (1, 2175.017578125)]","[(1, 28.838529314313615), (2, 29.55944354717548), (4, 38.421643938337056), (5, 42.17415677584135), (0, 67.29962158203125), (3, 95.46626790364583)]","[(0, 1620.288330078125), (1, 1516.796875)]"
260,"[(0, 825.9542846679688), (1, 964.898681640625)]","[(0, 621.732177734375), (1, 684.1852416992188)]","[(0, 987.8997802734375), (1, 727.2987670898438)]","[(0, 1786.2181396484375), (1, 1638.3656005859375)]","[(0, 2139.51611328125), (1, 1333.9293212890625)]","[(0, 1851.090087890625), (1, 1786.0401611328125)]","[(0, 2708.913818359375), (1, 3422.33935546875)]","[(0, 579.3388061523438), (1, 672.0537109375)]","[(4, 63.43652813251202), (5, 68.28701782226562), (1, 69.45291573660714), (2, 81.4102313701923), (3, 93.96300159801136), (0, 103.36757405598958)]","[(0, 1316.6143798828125), (1, 989.044189453125)]","[(3, 50.946624755859375), (4, 52.45368370643029), (5, 99.34389426491477), (0, 103.69044189453125), (1, 118.2366943359375), (2, 276.66807725694446)]","[(0, 319.5194091796875), (1, 464.6741638183594)]","[(1, 68.99618709788604), (0, 87.8136474609375), (2, 99.4081039428711), (4, 118.08675130208333), (5, 132.80077253069197), (3, 140.70170710637018)]","[(0, 2640.254638671875), (1, 2342.61865234375)]"
261,"[(0, 488.8724060058594), (1, 567.5311889648438)]","[(0, 553.0277709960938), (1, 579.8385009765625)]","[(0, 5069.900390625), (1, 4196.43017578125)]","[(0, 979.8137817382812), (1, 747.617431640625)]","[(0, 2760.471435546875), (1, 1736.8681640625)]","[(0, 3741.145751953125), (1, 4115.7939453125)]","[(0, 2273.721435546875), (1, 1999.9039306640625)]","[(0, 940.8593139648438), (1, 789.3518676757812)]","[(2, 53.28959303635817), (5, 53.39812762920673), (4, 56.414093017578125), (1, 56.63415963309152), (3, 63.91885610727164), (0, 64.92125056340144)]","[(0, 1050.6724853515625), (1, 618.62353515625)]","[(1, 108.25367320667614), (3, 116.13137478298611), (4, 122.50394287109376), (0, 137.52828369140624), (2, 142.322216796875), (5, 144.53961859809027)]","[(0, 1770.0618896484375), (1, 1594.5361328125)]","[(3, 28.01582234700521), (1, 29.59462687174479), (4, 32.765342712402344), (0, 33.7476806640625), (5, 40.52437482561384), (2, 63.8568349984976)]","[(0, 349.90032958984375), (1, 378.69635009765625)]"
262,"[(0, 673.5574340820312), (1, 770.6375732421875)]","[(0, 246.83248901367188), (1, 217.5840301513672)]","[(0, 1404.36181640625), (1, 1456.8875732421875)]","[(0, 2001.03515625), (1, 2626.249267578125)]","[(0, 1989.4974365234375), (1, 1638.5413818359375)]","[(0, 1435.118896484375), (1, 1544.799560546875)]","[(0, 1396.2452392578125), (1, 1531.338623046875)]","[(0, 353.06695556640625), (1, 304.6662292480469)]","[(1, 32.08827119715073), (4, 43.91781234741211), (2, 44.96234130859375), (0, 45.95937906901042), (5, 51.876761300223215), (3, 59.97098650251116)]","[(0, 831.644775390625), (1, 993.9714965820312)]","[(2, 49.00908015324519), (1, 59.552176339285715), (4, 59.87503286508414), (5, 62.25408426920573), (0, 82.47157796223958), (3, 108.78422407670455)]","[(0, 1236.553466796875), (1, 550.8331298828125)]","[(3, 103.49186567826705), (4, 109.5323994954427), (0, 121.21201393821023), (1, 123.6907246907552), (5, 134.20421253551137), (2, 155.482421875)]","[(0, 1300.4373779296875), (1, 1454.7508544921875)]"
263,"[(0, 895.7396850585938), (1, 1008.2791748046875)]","[(0, 383.1803894042969), (1, 330.05841064453125)]","[(0, 6237.5712890625), (1, 6688.3701171875)]","[(0, 2486.918212890625), (1, 2117.24853515625)]","[(0, 1482.1649169921875), (1, 1244.517333984375)]","[(0, 3218.002685546875), (1, 3044.1064453125)]","[(0, 5673.0341796875), (1, 6923.66162109375)]","[(0, 304.1519470214844), (1, 241.65731811523438)]","[(5, 32.106409246271305), (2, 33.60138956705729), (4, 40.15098571777344), (1, 40.6402822641226), (0, 64.8438387784091), (3, 96.30711059570312)]","[(0, 716.6887817382812), (1, 460.8246154785156)]","[(2, 22.638179234095983), (1, 31.646211751302083), (4, 35.62322780064174), (5, 37.55041269155649), (0, 44.24999060997596), (3, 79.92042541503906)]","[(0, 1045.322998046875), (1, 815.4010009765625)]","[(1, 24.03159533048931), (0, 26.687999052159928), (4, 27.02318657769097), (5, 28.00145149230957), (2, 28.64097505457261), (3, 30.180301666259766)]","[(0, 2159.201171875), (1, 1898.5618896484375)]"
264,"[(0, 579.8589477539062), (1, 660.8002319335938)]","[(0, 199.1210479736328), (1, 179.8838348388672)]","[(0, 8478.291015625), (1, 7863.986328125)]","[(0, 1766.4622802734375), (1, 1861.4266357421875)]","[(0, 1833.2156982421875), (1, 961.820068359375)]","[(0, 2987.69189453125), (1, 2734.43505859375)]","[(0, 4670.50439453125), (1, 5423.31787109375)]","[(0, 505.24176025390625), (1, 467.39727783203125)]","[(2, 32.559165954589844), (5, 39.17524857954545), (1, 39.5495840219351), (4, 45.14871724446615), (0, 74.528076171875), (3, 109.553662109375)]","[(0, 1276.60302734375), (1, 950.1463623046875)]","[(4, 38.469085693359375), (5, 41.30937781700721), (2, 42.05686296735491), (1, 50.47548828125), (0, 69.68072979266827), (3, 88.1897481282552)]","[(0, 947.159423828125), (1, 483.3568115234375)]","[(4, 37.14311930338542), (3, 56.41664777483259), (1, 60.89000525841346), (5, 63.86761005108173), (0, 102.47727457682292), (2, 114.92326216264205)]","[(0, 793.9303588867188), (1, 799.2275390625)]"
265,"[(0, 877.0760498046875), (1, 1051.398193359375)]","[(0, 270.4951171875), (1, 488.1335144042969)]","[(0, 5061.6533203125), (1, 4859.4189453125)]","[(0, 2154.443603515625), (1, 2444.53564453125)]","[(0, 904.46875), (1, 477.1368103027344)]","[(0, 2464.156005859375), (1, 2664.729736328125)]","[(0, 4704.2275390625), (1, 4232.6357421875)]","[(0, 700.12109375), (1, 693.091796875)]","[(3, 25.392498779296876), (0, 29.585205078125), (1, 32.52679225376674), (4, 34.22685241699219), (5, 43.28364780970982), (2, 53.605122884114586)]","[(0, 1187.5555419921875), (1, 1069.978515625)]","[(4, 37.61289978027344), (1, 42.016622924804686), (5, 44.34260728624132), (2, 48.60823228624132), (3, 52.42712063259549), (0, 60.763454861111114)]","[(0, 933.79931640625), (1, 530.0787353515625)]","[(5, 100.32248757102273), (4, 106.46824137369792), (2, 149.540380859375), (3, 151.85402610085228), (1, 169.78654341264203), (0, 179.349560546875)]","[(0, 1609.1700439453125), (1, 1423.79248046875)]"
266,"[(0, 658.5486450195312), (1, 766.0016479492188)]","[(0, 357.521728515625), (1, 682.7047729492188)]","[(0, 1728.714599609375), (1, 1926.4764404296875)]","[(0, 4048.936767578125), (1, 3569.44140625)]","[(0, 323.6748352050781), (1, 350.2091369628906)]","[(0, 2430.772216796875), (1, 2832.11376953125)]","[(0, 1535.4361572265625), (1, 1681.193115234375)]","[(0, 641.5889282226562), (1, 761.9463500976562)]","[(1, 36.22881062825521), (4, 43.364387063419116), (3, 50.340983072916664), (0, 62.62739181518555), (2, 63.912776947021484), (5, 64.31510823567709)]","[(0, 1105.3548583984375), (1, 868.460205078125)]","[(3, 18.069637843540736), (4, 18.159931182861328), (5, 23.68216814313616), (0, 29.315279279436385), (2, 38.28053937639509), (1, 41.804325103759766)]","[(0, 1982.0615234375), (1, 2452.58837890625)]","[(2, 32.1951904296875), (1, 34.6924062875601), (5, 36.66543301669034), (4, 37.038856506347656), (0, 59.80180775035512), (3, 74.62960205078124)]","[(0, 1257.553955078125), (1, 1420.4844970703125)]"
267,"[(0, 754.3995971679688), (1, 805.6961059570312)]","[(0, 410.50177001953125), (1, 709.9195556640625)]","[(0, 8237.5205078125), (1, 8891.9296875)]","[(0, 679.4302368164062), (1, 797.96484375)]","[(0, 429.8072509765625), (1, 451.5633544921875)]","[(0, 3750.669189453125), (1, 3315.80224609375)]","[(0, 3166.007080078125), (1, 3957.35791015625)]","[(0, 906.2222900390625), (1, 944.3116455078125)]","[(4, 27.546615600585938), (1, 34.28902587890625), (3, 35.12872314453125), (5, 38.800865173339844), (0, 42.8560556265024), (2, 61.9276123046875)]","[(0, 451.4126892089844), (1, 214.85546875)]","[(4, 32.894335428873696), (1, 42.39154052734375), (3, 45.75128451260653), (0, 60.838629150390624), (5, 66.025), (2, 96.27376980251736)]","[(0, 1220.702880859375), (1, 1301.5545654296875)]","[(1, 32.69643075125558), (2, 36.24239877554086), (0, 55.86669413248698), (4, 60.20698547363281), (5, 63.53402987393466), (3, 98.27203979492188)]","[(0, 1144.3095703125), (1, 1193.5863037109375)]"
268,"[(0, 686.5533447265625), (1, 756.37744140625)]","[(0, 479.6156311035156), (1, 781.7435302734375)]","[(0, 4908.88525390625), (1, 4544.47314453125)]","[(0, 3228.721923828125), (1, 3142.537841796875)]","[(0, 3352.12451171875), (1, 1999.2174072265625)]","[(0, 1080.27099609375), (1, 1199.8187255859375)]","[(0, 1770.4400634765625), (1, 1956.8699951171875)]","[(0, 1004.6710205078125), (1, 981.460205078125)]","[(2, 45.5926259358724), (1, 47.00433819110577), (5, 52.79570007324219), (4, 52.9395986703726), (0, 73.84396870930989), (3, 85.01585388183594)]","[(0, 985.1784057617188), (1, 923.0570678710938)]","[(3, 44.53562825520833), (4, 55.88448715209961), (5, 72.89568219866071), (0, 85.9019305889423), (1, 122.88553292410714), (2, 160.244873046875)]","[(0, 3030.7470703125), (1, 1664.6900634765625)]","[(1, 60.20619855608259), (2, 61.22219613882211), (4, 94.43234487680289), (5, 100.60349527994792), (0, 140.39480590820312), (3, 220.0424138849432)]","[(0, 2964.581298828125), (1, 2655.9248046875)]"
269,"[(0, 961.3340454101562), (1, 1103.651611328125)]","[(0, 426.3634338378906), (1, 463.8805236816406)]","[(0, 1164.69384765625), (1, 1170.35400390625)]","[(0, 622.7819213867188), (1, 601.6026611328125)]","[(0, 2286.5859375), (1, 1384.690673828125)]","[(0, 1668.8092041015625), (1, 1950.0914306640625)]","[(0, 1707.1712646484375), (1, 1523.9669189453125)]","[(0, 527.265869140625), (1, 574.8654174804688)]","[(2, 24.18680419921875), (1, 25.939191818237305), (4, 29.222355433872767), (5, 30.42993633563702), (0, 39.427804129464285), (3, 55.33189392089844)]","[(0, 1041.00048828125), (1, 1417.82177734375)]","[(4, 29.662126813616073), (3, 41.77732966496394), (0, 44.04045613606771), (5, 50.44993591308594), (2, 54.891357421875), (1, 60.08518629807692)]","[(0, 607.4542846679688), (1, 390.2973937988281)]","[(1, 108.10721261160714), (5, 110.521484375), (2, 111.82736440805289), (3, 126.98235614483173), (0, 129.71589543269232), (4, 133.06903076171875)]","[(0, 1516.47509765625), (1, 1437.5899658203125)]"
270,"[(0, 955.263427734375), (1, 1082.8243408203125)]","[(0, 586.8203125), (1, 688.229248046875)]","[(0, 1945.5589599609375), (1, 1872.80029296875)]","[(0, 531.2201538085938), (1, 746.5191650390625)]","[(0, 4281.40625), (1, 2177.653564453125)]","[(0, 3138.817626953125), (1, 2724.206787109375)]","[(0, 1324.0340576171875), (1, 1499.4073486328125)]","[(0, 1111.108642578125), (1, 997.697265625)]","[(3, 132.3233087713068), (0, 138.2455499822443), (4, 141.4023234049479), (1, 143.34171549479166), (5, 176.78113902698863), (2, 180.12856223366478)]","[(0, 920.3440551757812), (1, 690.940673828125)]","[(1, 16.962999616350448), (4, 18.497687203543528), (2, 23.723424275716145), (5, 26.91620127360026), (0, 34.80001576741537), (3, 41.026692708333336)]","[(0, 642.5582275390625), (1, 551.3226318359375)]","[(2, 37.21419818584736), (1, 37.364414760044646), (4, 80.9767557779948), (0, 85.63036092122395), (5, 88.38150856711648), (3, 150.5990234375)]","[(0, 2893.63330078125), (1, 2712.28466796875)]"
271,"[(0, 886.90966796875), (1, 988.1235961914062)]","[(0, 661.2554321289062), (1, 757.4418334960938)]","[(0, 5434.88427734375), (1, 3925.681640625)]","[(0, 1038.790283203125), (1, 828.841064453125)]","[(0, 2738.3037109375), (1, 1411.1982421875)]","[(0, 761.687744140625), (1, 852.9013061523438)]","[(0, 4508.1787109375), (1, 6385.8134765625)]","[(0, 581.0225219726562), (1, 559.6651611328125)]","[(4, 40.34072265625), (3, 45.545057024274556), (1, 55.514818464006694), (0, 66.55947641225961), (5, 78.19762244591347), (2, 108.64820353190105)]","[(0, 2165.30908203125), (1, 1317.5584716796875)]","[(4, 114.691259765625), (5, 132.42525227864584), (3, 141.31038411458334), (1, 152.16802978515625), (2, 189.10337999131946), (0, 195.31784396701389)]","[(0, 1379.8040771484375), (1, 1016.1949462890625)]","[(1, 101.39656888521634), (2, 113.12045288085938), (5, 129.44185014204547), (0, 131.6776326497396), (4, 132.54256184895834), (3, 159.97255637428978)]","[(0, 2477.4990234375), (1, 2326.3564453125)]"
272,"[(0, 956.2167358398438), (1, 1190.8984375)]","[(0, 631.5332641601562), (1, 688.631103515625)]","[(0, 2058.343505859375), (1, 1396.9617919921875)]","[(0, 1801.692626953125), (1, 1893.864501953125)]","[(0, 3333.341552734375), (1, 1792.880126953125)]","[(0, 7109.765625), (1, 7522.40380859375)]","[(0, 3418.728515625), (1, 4639.50390625)]","[(0, 502.7575378417969), (1, 688.2194213867188)]","[(2, 12.904401506696429), (1, 14.282797241210938), (5, 15.034754826472355), (4, 17.407440185546875), (0, 30.6080322265625), (3, 36.51215616861979)]","[(0, 2394.1513671875), (1, 2159.271240234375)]","[(4, 71.97782897949219), (2, 72.77778764204545), (5, 76.14226185191761), (1, 79.90034993489583), (0, 84.4976973100142), (3, 88.06503573330966)]","[(0, 1070.1917724609375), (1, 1172.901611328125)]","[(4, 27.33052870806526), (5, 28.73099365234375), (3, 30.50530433654785), (1, 35.651835123697914), (0, 51.825186593191965), (2, 54.60526686448317)]","[(0, 946.3739013671875), (1, 1078.2891845703125)]"
273,"[(0, 633.7852783203125), (1, 740.5042114257812)]","[(0, 514.0386962890625), (1, 647.760009765625)]","[(0, 7410.8740234375), (1, 7453.4150390625)]","[(0, 1194.9632568359375), (1, 1084.9842529296875)]","[(0, 2380.83056640625), (1, 1338.1448974609375)]","[(0, 3629.9765625), (1, 3142.981201171875)]","[(0, 3012.977294921875), (1, 2777.72509765625)]","[(0, 1037.591796875), (1, 619.791015625)]","[(4, 35.8370361328125), (3, 37.83216552734375), (0, 42.99671173095703), (1, 44.782199435763886), (5, 47.660335286458334), (2, 70.14848327636719)]","[(0, 490.2148742675781), (1, 985.6605224609375)]","[(2, 44.14132893880208), (5, 44.1558349609375), (1, 49.067718505859375), (4, 58.0278205871582), (0, 59.55880940755208), (3, 59.978694661458334)]","[(0, 317.3847351074219), (1, 329.07763671875)]","[(5, 57.225606282552086), (3, 58.56157938639323), (1, 68.01768141526442), (4, 68.67819918118991), (2, 75.72850545247395), (0, 77.75937906901042)]","[(0, 1372.91552734375), (1, 1249.5836181640625)]"
274,"[(0, 716.62353515625), (1, 878.5904541015625)]","[(0, 760.6213989257812), (1, 1026.094482421875)]","[(0, 2134.743896484375), (1, 2291.213623046875)]","[(0, 1399.9517822265625), (1, 1610.458984375)]","[(0, 1747.23486328125), (1, 905.656005859375)]","[(0, 1573.812255859375), (1, 1462.556884765625)]","[(0, 2482.579345703125), (1, 2691.8076171875)]","[(0, 1247.992431640625), (1, 693.129150390625)]","[(2, 23.625844319661457), (1, 25.9210698054387), (5, 26.731101296164773), (4, 31.075477600097656), (0, 59.02921919389205), (3, 73.13331909179688)]","[(0, 1833.820556640625), (1, 1254.2769775390625)]","[(2, 39.325980050223215), (1, 48.6893310546875), (0, 57.67149000901442), (4, 70.35333251953125), (5, 75.61776224772136), (3, 132.07859108664772)]","[(0, 3245.599609375), (1, 1592.4033203125)]","[(5, 78.39597066243489), (4, 83.26261080228366), (2, 84.69099010120739), (1, 97.54331461588542), (3, 136.6280314127604), (0, 171.20094992897728)]","[(0, 1554.7958984375), (1, 1683.5716552734375)]"
275,"[(0, 1019.9192504882812), (1, 1246.32080078125)]","[(0, 759.24658203125), (1, 862.0781860351562)]","[(0, 4508.1533203125), (1, 3885.752197265625)]","[(0, 1793.451171875), (1, 2163.014892578125)]","[(0, 443.489501953125), (1, 434.63922119140625)]","[(0, 3114.21875), (1, 3590.359375)]","[(0, 2891.42529296875), (1, 2622.999267578125)]","[(0, 434.3470764160156), (1, 358.1870422363281)]","[(1, 31.84665096507353), (2, 34.28621292114258), (0, 45.76046956380208), (4, 53.18041178385417), (5, 54.337249755859375), (3, 101.73568021334134)]","[(0, 668.0977783203125), (1, 395.846923828125)]","[(4, 59.43557504507211), (5, 86.55199178059895), (3, 102.94249471028645), (2, 119.95579020182292), (1, 125.65680401141827), (0, 143.68004353841147)]","[(0, 339.8977355957031), (1, 490.16998291015625)]","[(1, 46.51066487630208), (4, 50.60232005399816), (3, 52.29808044433594), (5, 53.172017415364586), (0, 73.68559919084821), (2, 91.38623985877403)]","[(0, 990.6990966796875), (1, 1109.1097412109375)]"
276,"[(0, 677.0392456054688), (1, 747.039794921875)]","[(0, 270.0326232910156), (1, 437.29638671875)]","[(0, 952.6632690429688), (1, 1051.1090087890625)]","[(0, 4704.48291015625), (1, 4022.533935546875)]","[(0, 3439.330322265625), (1, 1786.986572265625)]","[(0, 2587.281982421875), (1, 2938.6103515625)]","[(0, 2303.274169921875), (1, 2702.3251953125)]","[(0, 548.1304321289062), (1, 585.6845092773438)]","[(2, 36.887211100260416), (1, 42.72501754760742), (4, 51.199087960379465), (5, 52.10821533203125), (0, 61.32574898856027), (3, 96.79345703125)]","[(0, 1417.1099853515625), (1, 935.8372802734375)]","[(1, 136.6631525213068), (2, 162.42078857421876), (0, 181.6149169921875), (4, 191.39699485085228), (5, 227.9430419921875), (3, 258.5462890625)]","[(0, 1752.713134765625), (1, 1357.0072021484375)]","[(1, 142.17828369140625), (2, 163.7367498224432), (4, 194.05975341796875), (0, 200.301513671875), (5, 232.75048828125), (3, 287.5167791193182)]","[(0, 585.6707763671875), (1, 683.4131469726562)]"
277,"[(0, 908.6007690429688), (1, 983.7471313476562)]","[(0, 339.3414306640625), (1, 574.4363403320312)]","[(0, 4527.412109375), (1, 3767.551025390625)]","[(0, 2576.45166015625), (1, 2624.994873046875)]","[(0, 2476.158447265625), (1, 2248.226318359375)]","[(0, 2903.62255859375), (1, 2513.43408203125)]","[(0, 9955.8671875), (1, 8166.98046875)]","[(0, 465.3433532714844), (1, 402.6767578125)]","[(5, 95.31939697265625), (2, 101.33250843394886), (4, 105.48445268110795), (1, 106.84193929036458), (0, 117.96745161576705), (3, 134.26905517578126)]","[(0, 2011.8731689453125), (1, 1052.380859375)]","[(4, 24.250248500279017), (1, 28.953451303335335), (5, 35.30397033691406), (2, 44.13158347389915), (3, 49.987202962239586), (0, 64.56630637428977)]","[(0, 2412.573486328125), (1, 1497.3609619140625)]","[(4, 20.36323983328683), (3, 26.07074678861178), (5, 30.6556879679362), (1, 33.20159149169922), (0, 37.65449662642045), (2, 50.245794677734374)]","[(0, 4555.8818359375), (1, 3612.08837890625)]"
278,"[(0, 840.9597778320312), (1, 923.6378173828125)]","[(0, 432.3437805175781), (1, 701.7230834960938)]","[(0, 1429.7030029296875), (1, 1188.9454345703125)]","[(0, 525.6159057617188), (1, 629.8389282226562)]","[(0, 2627.733642578125), (1, 2272.428466796875)]","[(0, 1165.522705078125), (1, 1062.368896484375)]","[(0, 6737.78173828125), (1, 6788.1982421875)]","[(0, 423.08782958984375), (1, 873.2176513671875)]","[(5, 116.34111328125), (4, 122.92138671875), (2, 151.30751953125), (1, 158.0989435369318), (3, 167.18724365234374), (0, 220.9510498046875)]","[(0, 2328.92333984375), (1, 2071.72021484375)]","[(4, 44.31578063964844), (5, 46.12539950284091), (3, 48.81195623224432), (1, 59.38788350423177), (2, 60.99964488636363), (0, 64.66992742365056)]","[(0, 540.67919921875), (1, 392.9432678222656)]","[(1, 53.01214599609375), (2, 56.443267822265625), (0, 65.80103149414063), (4, 66.47960870916194), (5, 73.2376953125), (3, 86.87257080078125)]","[(0, 5625.751953125), (1, 5812.8857421875)]"
279,"[(0, 671.399658203125), (1, 774.9197998046875)]","[(0, 391.0055847167969), (1, 566.3948974609375)]","[(0, 5454.64208984375), (1, 5493.63916015625)]","[(0, 575.8382568359375), (1, 688.7505493164062)]","[(0, 3356.222412109375), (1, 1918.11328125)]","[(0, 715.6349487304688), (1, 788.9270629882812)]","[(0, 2204.76904296875), (1, 1913.595703125)]","[(0, 1346.5823974609375), (1, 1102.58642578125)]","[(2, 51.67714280348558), (1, 54.751491001674104), (5, 57.92214133522727), (4, 62.42206319173177), (0, 96.0163065592448), (3, 119.6241455078125)]","[(0, 481.89825439453125), (1, 355.93707275390625)]","[(5, 42.05664498465402), (1, 43.503001493566174), (2, 46.17143249511719), (4, 50.661641438802086), (0, 53.194864908854164), (3, 70.54719895582933)]","[(0, 939.3535766601562), (1, 1078.4639892578125)]","[(2, 30.033437093098957), (1, 31.73448063777043), (4, 51.394266764322914), (5, 51.97346080433238), (0, 75.91263649680398), (3, 109.94788818359375)]","[(0, 549.0947265625), (1, 578.0079956054688)]"
280,"[(0, 1075.1490478515625), (1, 1242.529052734375)]","[(0, 162.4056854248047), (1, 142.185546875)]","[(0, 1484.786376953125), (1, 1669.0487060546875)]","[(0, 1607.9697265625), (1, 1458.4779052734375)]","[(0, 696.0314331054688), (1, 584.37451171875)]","[(0, 3647.98779296875), (1, 3817.8701171875)]","[(0, 2276.169677734375), (1, 2674.837890625)]","[(0, 1356.7659912109375), (1, 1192.676025390625)]","[(2, 34.453165690104164), (5, 39.83162278395433), (4, 43.48990740094866), (1, 45.87984848022461), (0, 62.996738978794646), (3, 82.27432250976562)]","[(0, 1094.34521484375), (1, 1162.292724609375)]","[(2, 55.3633066813151), (1, 66.19397442157452), (5, 110.73115234375), (0, 131.82899058948863), (4, 131.98994584517047), (3, 451.5987141927083)]","[(0, 2798.0712890625), (1, 1753.8592529296875)]","[(4, 13.538053624770221), (5, 16.388102213541668), (1, 17.740196228027344), (3, 22.14035847981771), (2, 22.28820582798549), (0, 31.30120849609375)]","[(0, 1034.4549560546875), (1, 1123.2098388671875)]"
281,"[(0, 577.2615356445312), (1, 655.371826171875)]","[(0, 306.4170227050781), (1, 496.8362731933594)]","[(0, 2576.01318359375), (1, 3688.828369140625)]","[(0, 1219.149658203125), (1, 804.4515380859375)]","[(0, 2135.676513671875), (1, 1075.8946533203125)]","[(0, 5630.41650390625), (1, 5372.37060546875)]","[(0, 2729.84375), (1, 2393.853515625)]","[(0, 265.177001953125), (1, 240.98162841796875)]","[(4, 37.77120694247159), (1, 41.48640303178267), (5, 51.300927734375), (2, 55.28173828125), (3, 61.50953369140625), (0, 69.83912353515625)]","[(0, 611.1688842773438), (1, 634.3734130859375)]","[(2, 23.104141235351562), (1, 28.40581512451172), (5, 39.8250244140625), (4, 46.044464111328125), (0, 61.681494140625), (3, 133.16718207465277)]","[(0, 1233.1207275390625), (1, 913.8313598632812)]","[(2, 35.593994140625), (1, 38.27741182767428), (5, 40.2910322709517), (4, 44.61482238769531), (0, 84.55891557173295), (3, 104.94287109375)]","[(0, 1836.1470947265625), (1, 1756.3792724609375)]"
282,"[(0, 823.0029907226562), (1, 904.1944580078125)]","[(0, 435.9129638671875), (1, 758.2444458007812)]","[(0, 491.14324951171875), (1, 443.9437561035156)]","[(0, 954.2454223632812), (1, 724.418701171875)]","[(0, 1137.96875), (1, 558.5404052734375)]","[(0, 3910.9697265625), (1, 3632.068115234375)]","[(0, 1083.2442626953125), (1, 1317.913330078125)]","[(0, 1466.3360595703125), (1, 1089.58447265625)]","[(2, 24.714996337890625), (1, 33.214752197265625), (5, 34.605464680989584), (0, 40.975537981305806), (4, 45.84446334838867), (3, 53.302189127604166)]","[(0, 1483.6688232421875), (1, 939.72314453125)]","[(4, 101.54738206129808), (5, 109.93787638346355), (1, 115.30922288161058), (2, 120.90982055664062), (3, 138.61162312825522), (0, 159.25140380859375)]","[(0, 853.4256591796875), (1, 796.9484252929688)]","[(1, 44.41718468299279), (2, 47.433024088541664), (0, 54.81822204589844), (5, 62.90715026855469), (4, 68.0511944110577), (3, 74.52611796061198)]","[(0, 1437.18701171875), (1, 1376.3890380859375)]"
283,"[(0, 837.2865600585938), (1, 1019.8016357421875)]","[(0, 470.1051940917969), (1, 748.5691528320312)]","[(0, 5069.2958984375), (1, 5510.0048828125)]","[(0, 1803.5380859375), (1, 1803.460693359375)]","[(0, 362.4617919921875), (1, 325.1071472167969)]","[(0, 3698.5400390625), (1, 4013.2880859375)]","[(0, 4387.244140625), (1, 6139.78857421875)]","[(0, 880.2233276367188), (1, 666.9493408203125)]","[(5, 43.592315673828125), (2, 43.626336669921876), (1, 43.9555497602983), (4, 44.43002041903409), (3, 58.884918212890625), (0, 60.33922119140625)]","[(0, 550.4991455078125), (1, 579.6947021484375)]","[(2, 21.49557902018229), (5, 35.22648737980769), (4, 37.21576363699777), (0, 37.313563755580354), (1, 43.30987548828125), (3, 65.1493631998698)]","[(0, 707.72802734375), (1, 706.3717041015625)]","[(4, 27.597131729125977), (1, 33.735312906901044), (5, 43.772042410714285), (3, 60.41795131138393), (2, 62.80530724158654), (0, 84.43921837439903)]","[(0, 1248.8509521484375), (1, 1419.464111328125)]"
284,"[(0, 597.8655395507812), (1, 728.8916625976562)]","[(0, 442.5013122558594), (1, 630.2108154296875)]","[(0, 6522.76953125), (1, 5910.45361328125)]","[(0, 2762.07763671875), (1, 1989.6177978515625)]","[(0, 3241.77294921875), (1, 1678.4912109375)]","[(0, 3169.68359375), (1, 3353.697998046875)]","[(0, 1929.3997802734375), (1, 2897.810302734375)]","[(0, 936.9835205078125), (1, 925.8099365234375)]","[(2, 58.8470458984375), (1, 63.78916529605263), (5, 66.36769732306985), (4, 73.04970296223958), (0, 73.98195393880208), (3, 83.61610322840073)]","[(0, 1268.01318359375), (1, 1116.6280517578125)]","[(1, 219.28136097301137), (4, 222.1941583806818), (2, 254.7473388671875), (5, 256.4810546875), (3, 329.9512939453125), (0, 330.1826416015625)]","[(0, 673.7196044921875), (1, 353.9821472167969)]","[(1, 103.90290178571429), (2, 104.95885291466347), (5, 125.88422100360577), (0, 131.50422551081732), (3, 159.7379432091346), (4, 167.42830984933036)]","[(0, 644.79638671875), (1, 671.5972290039062)]"
285,"[(0, 801.5308227539062), (1, 970.95458984375)]","[(0, 200.32977294921875), (1, 356.2731018066406)]","[(0, 1015.6228637695312), (1, 676.3706665039062)]","[(0, 3422.0849609375), (1, 2797.2333984375)]","[(0, 2014.6400146484375), (1, 1031.922607421875)]","[(0, 2714.682373046875), (1, 2414.218994140625)]","[(0, 3541.60986328125), (1, 4294.67578125)]","[(0, 544.9725952148438), (1, 608.0029296875)]","[(3, 18.850843157087052), (4, 23.574302673339844), (0, 23.891153971354168), (5, 30.687506539481028), (1, 31.270525764016543), (2, 49.43846435546875)]","[(0, 1538.6507568359375), (1, 1301.8426513671875)]","[(3, 42.64707845052083), (1, 46.07749837239583), (4, 47.12940979003906), (5, 53.914707728794646), (0, 63.543160574776785), (2, 89.487060546875)]","[(0, 445.24249267578125), (1, 480.2134094238281)]","[(1, 25.71109415690104), (4, 28.3194091796875), (2, 52.87035663311298), (5, 58.99362417367789), (0, 73.49609375), (3, 81.01361553485577)]","[(0, 897.64453125), (1, 982.6392822265625)]"
286,"[(0, 808.1397705078125), (1, 955.677490234375)]","[(0, 291.0081481933594), (1, 567.713623046875)]","[(0, 5689.857421875), (1, 4729.197265625)]","[(0, 1278.2293701171875), (1, 863.5243530273438)]","[(0, 5189.5703125), (1, 2782.2705078125)]","[(0, 1814.001708984375), (1, 1619.376953125)]","[(0, 2912.015380859375), (1, 3545.242431640625)]","[(0, 755.2735595703125), (1, 769.5319213867188)]","[(1, 14.855425666360293), (2, 15.139440536499023), (5, 19.69940185546875), (4, 20.930069986979166), (0, 22.280867513020834), (3, 36.22828087439904)]","[(0, 1042.4415283203125), (1, 570.1353759765625)]","[(0, 77.10441450639205), (3, 81.55040949041194), (4, 82.38789367675781), (2, 85.13682972301136), (5, 89.17188609730114), (1, 129.93458048502603)]","[(0, 536.9010620117188), (1, 433.8136901855469)]","[(4, 43.46939364346591), (1, 45.8726973100142), (0, 52.233062744140625), (3, 52.307562255859374), (5, 60.136773681640626), (2, 62.54752807617187)]","[(0, 1068.8157958984375), (1, 969.0831298828125)]"
287,"[(0, 1038.5843505859375), (1, 1144.437255859375)]","[(0, 347.9064025878906), (1, 600.818603515625)]","[(0, 1098.2711181640625), (1, 1213.1251220703125)]","[(0, 836.24755859375), (1, 1016.4915771484375)]","[(0, 371.2472229003906), (1, 332.69244384765625)]","[(0, 1448.66259765625), (1, 1664.497802734375)]","[(0, 2053.210693359375), (1, 2093.91943359375)]","[(0, 977.0363159179688), (1, 1069.735595703125)]","[(4, 93.00194757634944), (5, 95.19998168945312), (1, 104.59418279474431), (2, 108.70194091796876), (3, 137.7769287109375), (0, 157.81121826171875)]","[(0, 527.7576293945312), (1, 383.0477600097656)]","[(2, 27.9170649601863), (5, 34.72552490234375), (4, 44.186192103794646), (0, 48.41540996844952), (3, 61.02082707331731), (1, 65.64379446847099)]","[(0, 763.4221801757812), (1, 498.3726501464844)]","[(5, 83.47290910993304), (4, 84.56319173177083), (2, 92.16026893028847), (1, 110.22235107421875), (3, 125.01697649274554), (0, 156.41255070612982)]","[(0, 1180.771240234375), (1, 1077.4591064453125)]"
288,"[(0, 540.563720703125), (1, 613.531982421875)]","[(0, 324.3626708984375), (1, 516.7704467773438)]","[(0, 4393.10986328125), (1, 4396.8232421875)]","[(0, 2279.1142578125), (1, 2165.7861328125)]","[(0, 832.8925170898438), (1, 540.1509399414062)]","[(0, 4630.3232421875), (1, 5059.47705078125)]","[(0, 2623.2392578125), (1, 2761.580078125)]","[(0, 1056.3062744140625), (1, 594.387939453125)]","[(2, 73.78385231711648), (5, 74.54755193536931), (4, 85.1956278483073), (1, 88.2595926920573), (3, 98.88957075639205), (0, 100.03568892045455)]","[(0, 2227.443115234375), (1, 1157.5345458984375)]","[(1, 55.32417399088542), (2, 62.87351335797991), (5, 79.57956167367789), (4, 80.51010567801339), (0, 136.31269719050482), (3, 203.79329427083334)]","[(0, 651.5765380859375), (1, 407.987548828125)]","[(4, 11.750876426696777), (1, 11.863873291015626), (3, 13.70220947265625), (0, 15.063088553292411), (2, 18.11384699894832), (5, 18.547925676618302)]","[(0, 2122.122314453125), (1, 1991.07373046875)]"
289,"[(0, 952.3062744140625), (1, 1044.3948974609375)]","[(0, 256.5378112792969), (1, 233.17759704589844)]","[(0, 2159.36279296875), (1, 1978.860107421875)]","[(0, 1777.3609619140625), (1, 1822.993896484375)]","[(0, 3303.845458984375), (1, 1750.1458740234375)]","[(0, 4145.47607421875), (1, 3614.26953125)]","[(0, 3623.06298828125), (1, 3116.1884765625)]","[(0, 627.9943237304688), (1, 739.314453125)]","[(1, 56.48153076171875), (2, 59.664760044642854), (5, 104.94533284505208), (0, 109.76418832632211), (4, 113.06438739483173), (3, 198.46641956676137)]","[(0, 1032.530029296875), (1, 475.7013244628906)]","[(2, 10.990826416015626), (1, 15.120206832885742), (5, 19.656556349534256), (4, 23.545987810407365), (0, 26.060808454241073), (3, 41.91069030761719)]","[(0, 401.5621337890625), (1, 368.6612854003906)]","[(3, 14.48632170024671), (4, 18.065248107910158), (5, 18.109249538845486), (1, 21.603627522786457), (0, 26.242912741268384), (2, 36.85575485229492)]","[(0, 2728.862548828125), (1, 2574.85009765625)]"
290,"[(0, 1036.400634765625), (1, 1227.30908203125)]","[(0, 262.295654296875), (1, 307.35693359375)]","[(0, 4029.118408203125), (1, 3532.20556640625)]","[(0, 997.8646850585938), (1, 753.6798095703125)]","[(0, 3228.1708984375), (1, 1792.759521484375)]","[(0, 720.2517700195312), (1, 688.6819458007812)]","[(0, 2720.002685546875), (1, 3370.2001953125)]","[(0, 578.2866821289062), (1, 823.2886962890625)]","[(2, 79.53664883700284), (5, 84.56936368075284), (1, 86.34785970052083), (4, 90.7488505045573), (0, 106.21455522017045), (3, 109.55153586647727)]","[(0, 558.3702392578125), (1, 687.2493286132812)]","[(1, 32.18826998197115), (2, 33.569966634114586), (4, 39.75205577503551), (5, 44.82099609375), (0, 53.37645929509943), (3, 87.12915717230902)]","[(0, 1312.670166015625), (1, 1556.5926513671875)]","[(4, 107.32610529119319), (1, 108.5425692471591), (5, 113.29713134765625), (2, 115.84593505859375), (3, 129.0770263671875), (0, 131.1697265625)]","[(0, 2606.830810546875), (1, 2614.32470703125)]"
291,"[(0, 717.031982421875), (1, 762.8635864257812)]","[(0, 467.4340515136719), (1, 610.5330200195312)]","[(0, 6107.5927734375), (1, 5225.26220703125)]","[(0, 1566.42041015625), (1, 2100.955322265625)]","[(0, 1016.4556884765625), (1, 972.9038696289062)]","[(0, 1156.2613525390625), (1, 1235.06787109375)]","[(0, 1444.074951171875), (1, 1244.025390625)]","[(0, 342.1794128417969), (1, 470.63629150390625)]","[(4, 208.61279296875), (1, 222.5458780924479), (5, 229.88520951704547), (3, 246.6630859375), (2, 252.15107865767047), (0, 272.65163352272725)]","[(0, 1129.38818359375), (1, 1411.8133544921875)]","[(4, 39.466417585100444), (3, 45.95379169170673), (0, 67.42801411946614), (5, 78.47878011067708), (1, 78.97066556490384), (2, 128.49560546875)]","[(0, 1624.4527587890625), (1, 1331.721435546875)]","[(4, 57.66472919170673), (3, 70.89625549316406), (1, 100.21553548177083), (0, 105.93550248579545), (5, 108.04780717329545), (2, 214.0955078125)]","[(0, 477.09722900390625), (1, 518.831787109375)]"
292,"[(0, 598.343505859375), (1, 675.5149536132812)]","[(0, 334.3064270019531), (1, 346.3034362792969)]","[(0, 1526.259765625), (1, 1405.2420654296875)]","[(0, 2000.302490234375), (1, 2566.694580078125)]","[(0, 1325.4869384765625), (1, 663.4931640625)]","[(0, 7185.59912109375), (1, 7870.53662109375)]","[(0, 2717.5419921875), (1, 3063.172607421875)]","[(0, 675.1803588867188), (1, 538.4888916015625)]","[(4, 46.71969095865885), (1, 52.06509634164664), (5, 52.53110018643466), (2, 57.51643371582031), (0, 91.97781094637784), (3, 106.195458984375)]","[(0, 808.3363037109375), (1, 699.64990234375)]","[(3, 58.78436834161932), (4, 64.95427958170573), (0, 69.24050903320312), (5, 72.9687666459517), (2, 79.19543965657552), (1, 89.60773174579327)]","[(0, 490.7536926269531), (1, 341.9576110839844)]","[(4, 54.2744384765625), (5, 59.07389613560268), (1, 64.15111897786458), (3, 72.12441144670758), (2, 76.21711948939732), (0, 96.24166434151786)]","[(0, 441.28173828125), (1, 464.7641296386719)]"
293,"[(0, 914.1612548828125), (1, 1005.86279296875)]","[(0, 359.28045654296875), (1, 393.18487548828125)]","[(0, 2131.136474609375), (1, 2033.239013671875)]","[(0, 3892.513671875), (1, 3301.64697265625)]","[(0, 2086.916015625), (1, 1146.28271484375)]","[(0, 4933.17626953125), (1, 4589.36376953125)]","[(0, 3953.58203125), (1, 4563.29541015625)]","[(0, 727.609619140625), (1, 628.20068359375)]","[(1, 37.70789337158203), (4, 43.824955240885416), (0, 61.104605538504465), (2, 61.71240670340402), (3, 61.88646521935096), (5, 84.11920635516827)]","[(0, 982.8313598632812), (1, 1132.853515625)]","[(5, 84.13219536675348), (2, 87.11261664496527), (4, 90.3068603515625), (1, 93.5484375), (3, 126.68389214409723), (0, 130.51139322916666)]","[(0, 1040.7060546875), (1, 565.0687866210938)]","[(3, 38.36235758463542), (0, 42.338671875), (1, 50.2308235168457), (4, 56.57931900024414), (5, 61.29548863002232), (2, 65.99426705496651)]","[(0, 606.06298828125), (1, 643.7647094726562)]"
294,"[(0, 693.675048828125), (1, 799.83642578125)]","[(0, 334.99560546875), (1, 354.301513671875)]","[(0, 605.6082763671875), (1, 461.4695739746094)]","[(0, 2533.065185546875), (1, 2056.554931640625)]","[(0, 1169.6734619140625), (1, 996.1636352539062)]","[(0, 4278.548828125), (1, 4048.2841796875)]","[(0, 5266.92236328125), (1, 6583.78515625)]","[(0, 1957.228271484375), (1, 1664.9122314453125)]","[(1, 16.801734924316406), (4, 21.86904500325521), (0, 26.220857892717635), (2, 27.037512642996653), (3, 34.217019888070915), (5, 38.99783559945914)]","[(0, 518.0674438476562), (1, 528.4788818359375)]","[(1, 73.57239239032452), (2, 74.02672831217448), (5, 103.69785378196023), (4, 120.1520284016927), (0, 141.36295942826703), (3, 301.6387451171875)]","[(0, 442.9478454589844), (1, 384.31561279296875)]","[(4, 13.043253217424665), (3, 18.55800100473257), (1, 19.131732940673828), (5, 20.236141204833984), (0, 27.85349065607244), (2, 32.856179809570314)]","[(0, 2967.615234375), (1, 3189.52099609375)]"
295,"[(0, 693.2167358398438), (1, 768.965576171875)]","[(0, 598.80615234375), (1, 688.9168090820312)]","[(0, 7607.5849609375), (1, 6522.9189453125)]","[(0, 1475.4046630859375), (1, 1556.0552978515625)]","[(0, 4471.44580078125), (1, 2629.044677734375)]","[(0, 4673.0166015625), (1, 4879.82958984375)]","[(0, 4082.28515625), (1, 5426.970703125)]","[(0, 2269.4375), (1, 1722.1689453125)]","[(4, 26.90988972981771), (3, 27.213773454938615), (1, 32.15027945382254), (0, 42.1211172250601), (5, 52.04652756911058), (2, 54.83968607584635)]","[(0, 1462.20263671875), (1, 1394.7266845703125)]","[(3, 40.43578338623047), (4, 40.80597862830529), (5, 66.5848055752841), (1, 67.70667613636364), (0, 91.8019775390625), (2, 138.47738986545139)]","[(0, 2370.947998046875), (1, 1264.8770751953125)]","[(1, 78.4071044921875), (2, 91.25921161358173), (5, 115.10667067307692), (0, 122.17593149038461), (3, 151.97567044771634), (4, 169.35489327566964)]","[(0, 571.049560546875), (1, 622.5936889648438)]"
296,"[(0, 1173.908203125), (1, 1250.6171875)]","[(0, 535.2525634765625), (1, 512.8836059570312)]","[(0, 1262.01953125), (1, 1188.7113037109375)]","[(0, 938.9451293945312), (1, 1120.9385986328125)]","[(0, 2815.928955078125), (1, 1681.6412353515625)]","[(0, 5123.595703125), (1, 5277.28466796875)]","[(0, 3380.15283203125), (1, 5445.5048828125)]","[(0, 273.35064697265625), (1, 274.4809875488281)]","[(1, 174.1332804361979), (2, 174.58958851207387), (4, 175.9340616861979), (5, 176.92054332386363), (0, 218.87644264914772), (3, 220.643310546875)]","[(0, 775.5027465820312), (1, 484.7953186035156)]","[(4, 38.999690755208334), (3, 46.004381452287944), (5, 55.97226186899039), (1, 66.72551551231972), (2, 92.8343838778409), (0, 94.18333943684895)]","[(0, 615.273681640625), (1, 507.8865051269531)]","[(1, 95.46768008961396), (2, 112.79904174804688), (4, 116.53744303385416), (0, 126.83819173177083), (5, 146.875), (3, 198.59376878004807)]","[(0, 2707.250732421875), (1, 2514.453125)]"
297,"[(0, 1113.3917236328125), (1, 1386.5968017578125)]","[(0, 347.93743896484375), (1, 353.9885559082031)]","[(0, 8004.70166015625), (1, 8620.9345703125)]","[(0, 2769.2412109375), (1, 2816.033935546875)]","[(0, 1675.066650390625), (1, 1756.4998779296875)]","[(0, 3285.756103515625), (1, 2998.8076171875)]","[(0, 1500.64697265625), (1, 1312.6038818359375)]","[(0, 1021.4996337890625), (1, 1058.4122314453125)]","[(1, 41.370849609375), (2, 48.09501266479492), (0, 70.96897786458334), (4, 73.42151692708333), (5, 84.8326416015625), (3, 133.90948016826923)]","[(0, 301.77667236328125), (1, 398.1585388183594)]","[(4, 101.74892014723558), (5, 132.1531778971354), (3, 142.28978474934897), (1, 156.69539701021634), (2, 173.41082763671875), (0, 198.14263916015625)]","[(0, 1209.7325439453125), (1, 825.968017578125)]","[(4, 22.800260543823242), (1, 25.436159133911133), (5, 33.11265127999442), (3, 37.45794677734375), (2, 37.70125470842634), (0, 42.47570364815848)]","[(0, 432.0775146484375), (1, 462.74957275390625)]"
298,"[(0, 589.6661987304688), (1, 639.567138671875)]","[(0, 428.396484375), (1, 589.4317626953125)]","[(0, 6376.05908203125), (1, 6367.8427734375)]","[(0, 1909.7999267578125), (1, 1539.3919677734375)]","[(0, 1267.2962646484375), (1, 1220.0068359375)]","[(0, 4039.025146484375), (1, 4209.9951171875)]","[(0, 881.5587158203125), (1, 1023.279541015625)]","[(0, 1147.185546875), (1, 1033.92626953125)]","[(4, 26.728480747767858), (3, 26.822420560396633), (1, 43.5247567983774), (0, 43.60144551595052), (5, 45.12943013509115), (2, 76.80732865767045)]","[(0, 852.2996215820312), (1, 534.6044311523438)]","[(3, 58.78159743088942), (4, 60.76743425641741), (0, 82.11707051595052), (1, 92.12208909254808), (5, 107.69952392578125), (2, 167.9546453302557)]","[(0, 510.25933837890625), (1, 526.199462890625)]","[(4, 16.32224600655692), (3, 22.63207773061899), (1, 24.09002939860026), (5, 29.921000162760418), (0, 32.19638893821023), (2, 51.7402099609375)]","[(0, 1645.3223876953125), (1, 1493.682861328125)]"
299,"[(0, 843.5755004882812), (1, 1007.09521484375)]","[(0, 625.701416015625), (1, 906.2396240234375)]","[(0, 3173.585693359375), (1, 3133.789794921875)]","[(0, 4661.1865234375), (1, 5318.1171875)]","[(0, 1790.1422119140625), (1, 864.7687377929688)]","[(0, 3786.252197265625), (1, 4068.36328125)]","[(0, 1264.8017578125), (1, 1389.9736328125)]","[(0, 985.7705078125), (1, 499.6113586425781)]","[(4, 23.81630859375), (1, 26.97498779296875), (3, 28.78865487234933), (0, 34.48440333775112), (5, 45.83209698016827), (2, 50.35750638521635)]","[(0, 908.2720336914062), (1, 462.674560546875)]","[(4, 43.97064678485577), (3, 63.76067560369318), (5, 66.50258890787761), (0, 68.93378155048077), (1, 68.93729654947917), (2, 69.04903302873883)]","[(0, 1205.4122314453125), (1, 747.0789794921875)]","[(4, 136.93141392299108), (1, 152.83362755408655), (2, 198.40765380859375), (5, 200.5784912109375), (0, 218.7440388997396), (3, 220.8741455078125)]","[(0, 1090.0142822265625), (1, 1061.5941162109375)]"
300,"[(0, 779.7023315429688), (1, 948.86279296875)]","[(0, 655.720703125), (1, 858.2518920898438)]","[(0, 5769.39892578125), (1, 5820.82958984375)]","[(0, 1245.7652587890625), (1, 1224.97802734375)]","[(0, 1451.7073974609375), (1, 735.6544799804688)]","[(0, 2743.10498046875), (1, 2330.434326171875)]","[(0, 742.1900024414062), (1, 977.814697265625)]","[(0, 1487.1182861328125), (1, 890.5091552734375)]","[(1, 29.39335823059082), (4, 30.182170867919922), (2, 42.12687029157366), (5, 43.430079868861604), (0, 52.13993617466518), (3, 53.743809291294646)]","[(0, 843.6145629882812), (1, 1186.15771484375)]","[(2, 55.96721857244318), (5, 71.8453036221591), (1, 71.87209574381511), (4, 88.06154378255208), (0, 105.9844637784091), (3, 138.04831764914772)]","[(0, 810.9778442382812), (1, 753.7261962890625)]","[(1, 21.53273411800987), (2, 26.672721015082466), (0, 36.45622343175552), (5, 45.531253814697266), (4, 59.124623018152576), (3, 69.1857177734375)]","[(0, 509.7391357421875), (1, 523.9363403320312)]"
301,"[(0, 656.6233520507812), (1, 765.320068359375)]","[(0, 717.528564453125), (1, 829.2601318359375)]","[(0, 1143.9735107421875), (1, 1389.1419677734375)]","[(0, 1778.123046875), (1, 1868.950927734375)]","[(0, 728.189208984375), (1, 666.4810791015625)]","[(0, 1498.32373046875), (1, 1350.3001708984375)]","[(0, 2197.059814453125), (1, 2041.462646484375)]","[(0, 595.0308227539062), (1, 565.9961547851562)]","[(2, 36.2845703125), (5, 37.148245675223215), (4, 44.19092610677083), (0, 45.51770833333333), (3, 48.482875279017854), (1, 51.230186462402344)]","[(0, 665.4176025390625), (1, 689.2349243164062)]","[(1, 123.65765380859375), (0, 131.08962673611111), (2, 134.47638617621527), (4, 146.7444091796875), (3, 158.76585557725696), (5, 165.91901312934027)]","[(0, 1280.352294921875), (1, 759.6087036132812)]","[(4, 59.75583163174716), (3, 66.53963623046874), (5, 78.37593994140624), (1, 78.95623224431819), (0, 90.14354248046875), (2, 104.47425537109375)]","[(0, 882.400634765625), (1, 1007.7129516601562)]"
302,"[(0, 735.2837524414062), (1, 820.8426513671875)]","[(0, 325.42852783203125), (1, 283.4123840332031)]","[(0, 8384.9599609375), (1, 8739.0751953125)]","[(0, 1052.0401611328125), (1, 1209.9794921875)]","[(0, 540.1715698242188), (1, 482.5411376953125)]","[(0, 1092.1573486328125), (1, 1226.3392333984375)]","[(0, 1566.6998291015625), (1, 1759.583984375)]","[(0, 1540.7196044921875), (1, 957.5473022460938)]","[(4, 21.25359853108724), (5, 22.571172540838067), (1, 25.70287146935096), (2, 25.71587371826172), (0, 37.02768221768466), (3, 43.660342407226565)]","[(0, 1055.6536865234375), (1, 639.5180053710938)]","[(4, 72.43266950334821), (5, 78.30765944260817), (2, 87.22838541666667), (0, 100.3499755859375), (3, 110.44312540690105), (1, 119.74752044677734)]","[(0, 1102.603271484375), (1, 1493.7568359375)]","[(4, 26.729248046875), (1, 32.37448338099888), (5, 35.51827748616537), (2, 45.19896952311198), (3, 49.0519765218099), (0, 66.29883829752605)]","[(0, 689.82080078125), (1, 726.668212890625)]"
303,"[(0, 491.4571838378906), (1, 553.642578125)]","[(0, 792.171142578125), (1, 876.3043212890625)]","[(0, 6363.041015625), (1, 5449.12548828125)]","[(0, 389.71453857421875), (1, 578.030029296875)]","[(0, 3349.191162109375), (1, 1626.302001953125)]","[(0, 3103.000732421875), (1, 3466.113525390625)]","[(0, 3355.572509765625), (1, 4410.40869140625)]","[(0, 871.067626953125), (1, 880.947265625)]","[(1, 27.247967529296876), (4, 34.57102312360491), (2, 44.56124643179086), (0, 45.9131845327524), (5, 49.34000142415365), (3, 56.77322896321615)]","[(0, 331.54071044921875), (1, 385.1701965332031)]","[(2, 89.80632435191761), (0, 105.27271617542614), (4, 107.59025065104167), (5, 119.11370294744319), (1, 128.23342895507812), (3, 143.86906294389203)]","[(0, 778.617431640625), (1, 608.8056030273438)]","[(2, 159.10091552734374), (1, 186.431640625), (5, 200.06888427734376), (4, 232.5797452059659), (0, 253.4372314453125), (3, 314.3248046875)]","[(0, 1082.38916015625), (1, 1192.285400390625)]"
304,"[(0, 900.6594848632812), (1, 1000.0911865234375)]","[(0, 1134.0194091796875), (1, 1367.550048828125)]","[(0, 1453.9873046875), (1, 1413.6356201171875)]","[(0, 1130.6873779296875), (1, 979.6917724609375)]","[(0, 1646.3717041015625), (1, 865.4444580078125)]","[(0, 2970.4609375), (1, 2562.260498046875)]","[(0, 1510.12646484375), (1, 1988.297607421875)]","[(0, 1527.0831298828125), (1, 1335.293701171875)]","[(4, 22.29891095842634), (1, 24.4354731241862), (3, 25.70403348482572), (0, 26.96610051935369), (5, 31.84398142496745), (2, 41.5205810546875)]","[(0, 1032.823974609375), (1, 981.4031372070312)]","[(2, 55.99099454012784), (1, 58.75244649251302), (5, 60.2025634765625), (4, 73.70547207919034), (0, 130.21717529296876), (3, 231.9892578125)]","[(0, 657.4034423828125), (1, 720.2737426757812)]","[(2, 16.975967407226562), (1, 20.808971405029297), (0, 29.681592668805802), (5, 37.396261361929085), (4, 55.39762224469866), (3, 59.01148478190104)]","[(0, 2824.38232421875), (1, 3114.11474609375)]"
305,"[(0, 778.1375122070312), (1, 981.0166015625)]","[(0, 1110.5714111328125), (1, 1179.3966064453125)]","[(0, 3888.06884765625), (1, 3085.79638671875)]","[(0, 894.6414184570312), (1, 872.1548461914062)]","[(0, 3575.986572265625), (1, 1784.4287109375)]","[(0, 1445.26806640625), (1, 1390.79296875)]","[(0, 2090.177490234375), (1, 1730.3763427734375)]","[(0, 1103.657958984375), (1, 739.7432250976562)]","[(0, 68.6748213334517), (4, 71.89495849609375), (2, 79.50983775745739), (5, 81.44257202148438), (1, 81.71073404947917), (3, 89.7375)]","[(0, 1308.1668701171875), (1, 1285.7080078125)]","[(4, 39.998095703125), (2, 49.75805109197443), (5, 56.87500939002404), (0, 57.003997802734375), (3, 59.07662091936384), (1, 76.53368671123798)]","[(0, 301.573974609375), (1, 197.60877990722656)]","[(4, 97.41033935546875), (1, 104.46573893229167), (5, 115.11726518110795), (3, 117.83684747869319), (2, 121.4263583096591), (0, 130.66819069602272)]","[(0, 1701.79248046875), (1, 1563.318603515625)]"
306,"[(0, 695.6923828125), (1, 767.2730102539062)]","[(0, 1177.512451171875), (1, 1142.990478515625)]","[(0, 7111.80029296875), (1, 6691.47705078125)]","[(0, 624.7682495117188), (1, 706.6375122070312)]","[(0, 2274.7626953125), (1, 1137.5537109375)]","[(0, 2792.263916015625), (1, 2962.415283203125)]","[(0, 2429.55908203125), (1, 2887.00439453125)]","[(0, 799.97900390625), (1, 449.2635803222656)]","[(1, 32.4669189453125), (2, 33.164986746651785), (4, 34.09019470214844), (5, 36.631661551339285), (0, 40.10266549246652), (3, 46.06028529575893)]","[(0, 622.1280517578125), (1, 418.1584777832031)]","[(2, 15.16471414005055), (1, 20.619210137261284), (5, 23.3486328125), (4, 25.260316736557904), (0, 33.7886962890625), (3, 41.75004475911458)]","[(0, 1090.7686767578125), (1, 918.5494995117188)]","[(1, 19.408353678385417), (2, 20.072195870535715), (5, 28.983053354116585), (0, 41.36306997445914), (4, 46.87256295340402), (3, 55.83060201009115)]","[(0, 1934.0975341796875), (1, 1870.6949462890625)]"
307,"[(0, 931.9163208007812), (1, 1044.0352783203125)]","[(0, 587.324462890625), (1, 695.0394897460938)]","[(0, 3952.944580078125), (1, 3683.625732421875)]","[(0, 7861.49658203125), (1, 7026.29150390625)]","[(0, 2236.807373046875), (1, 2168.927978515625)]","[(0, 4469.505859375), (1, 4796.931640625)]","[(0, 1001.5142211914062), (1, 883.9318237304688)]","[(0, 464.7348937988281), (1, 446.12506103515625)]","[(1, 36.93880081176758), (2, 37.204197474888396), (4, 39.8857421875), (5, 48.8797607421875), (0, 60.969970703125), (3, 64.70857747395833)]","[(0, 1022.2764282226562), (1, 1167.56201171875)]","[(2, 51.91671244303385), (1, 54.77419809194711), (4, 58.428365071614586), (5, 58.71433327414773), (0, 91.3016024502841), (3, 135.6294921875)]","[(0, 509.357421875), (1, 494.54852294921875)]","[(1, 48.57197265625), (2, 52.455296107700896), (4, 72.52134922572544), (5, 94.25222543569711), (0, 114.3961651141827), (3, 177.6236572265625)]","[(0, 731.4845581054688), (1, 856.5632934570312)]"
308,"[(0, 1195.0743408203125), (1, 1441.4112548828125)]","[(0, 969.6275634765625), (1, 1289.02587890625)]","[(0, 2157.9423828125), (1, 2987.526611328125)]","[(0, 4606.84716796875), (1, 4109.98486328125)]","[(0, 3221.4326171875), (1, 1929.0172119140625)]","[(0, 5252.6767578125), (1, 4551.82958984375)]","[(0, 967.436767578125), (1, 1064.7418212890625)]","[(0, 871.7694091796875), (1, 472.5574035644531)]","[(2, 28.078265380859374), (1, 32.84965896606445), (4, 35.107836042131694), (5, 36.4483407827524), (0, 45.02184622628348), (3, 73.45505777994792)]","[(0, 1223.0950927734375), (1, 1139.09423828125)]","[(4, 102.4295184795673), (3, 125.58204142252605), (5, 137.27766927083334), (0, 148.65552775065103), (2, 163.90547688802084), (1, 189.2815880408654)]","[(0, 2140.4365234375), (1, 1943.6201171875)]","[(4, 162.32654825846353), (3, 170.4539240056818), (5, 207.5153142755682), (1, 228.1046142578125), (0, 259.62306906960225), (2, 299.03200461647725)]","[(0, 1424.7052001953125), (1, 1326.1165771484375)]"
309,"[(0, 525.4066162109375), (1, 577.027099609375)]","[(0, 819.2066650390625), (1, 954.5635375976562)]","[(0, 2820.15234375), (1, 2597.092529296875)]","[(0, 1407.2120361328125), (1, 929.3280029296875)]","[(0, 1644.9959716796875), (1, 1042.6373291015625)]","[(0, 1942.5797119140625), (1, 1897.7906494140625)]","[(0, 2157.29296875), (1, 2535.990966796875)]","[(0, 1159.2518310546875), (1, 1061.5875244140625)]","[(4, 66.03055044320914), (1, 76.42949500450722), (5, 85.7257588704427), (3, 86.28958129882812), (2, 96.46649169921875), (0, 100.41050211588542)]","[(0, 667.0234985351562), (1, 739.59228515625)]","[(1, 64.84403337751117), (4, 75.38916887555804), (2, 83.94480895996094), (5, 102.83181762695312), (0, 133.00409952799478), (3, 160.36832682291666)]","[(0, 1562.6805419921875), (1, 779.5505981445312)]","[(2, 100.91132202148438), (1, 115.28528941761364), (4, 117.06309000651042), (5, 123.5807217684659), (0, 188.13507080078125), (3, 195.37440074573863)]","[(0, 5104.17529296875), (1, 5675.84765625)]"
310,"[(0, 1122.247802734375), (1, 1283.5994873046875)]","[(0, 708.65771484375), (1, 790.3134155273438)]","[(0, 2146.13720703125), (1, 1917.2783203125)]","[(0, 1207.36279296875), (1, 1693.9854736328125)]","[(0, 599.0258178710938), (1, 583.127197265625)]","[(0, 1741.7872314453125), (1, 1871.931640625)]","[(0, 4336.43701171875), (1, 5138.47119140625)]","[(0, 1976.634521484375), (1, 1366.3507080078125)]","[(4, 35.00002513212316), (3, 40.282615661621094), (5, 41.4856689453125), (1, 58.46253662109375), (0, 79.41259765625), (2, 90.63962026742789)]","[(0, 1083.9991455078125), (1, 981.301513671875)]","[(4, 42.1100088266226), (1, 60.898712158203125), (3, 69.74350992838542), (5, 74.2609530362216), (0, 94.82567249644886), (2, 97.57703857421875)]","[(0, 852.3484497070312), (1, 761.6307373046875)]","[(4, 98.07051225142045), (5, 104.28028564453125), (3, 109.99544677734374), (2, 124.36741943359375), (1, 124.90272105823864), (0, 133.4895263671875)]","[(0, 1131.6815185546875), (1, 1282.8358154296875)]"
311,"[(0, 827.0553588867188), (1, 944.5853881835938)]","[(0, 1114.4130859375), (1, 1397.7120361328125)]","[(0, 2112.6015625), (1, 1834.31640625)]","[(0, 2543.468017578125), (1, 2867.02734375)]","[(0, 836.9541015625), (1, 533.0684204101562)]","[(0, 4306.0322265625), (1, 4792.70703125)]","[(0, 3320.378173828125), (1, 3008.5986328125)]","[(0, 910.2582397460938), (1, 782.1036376953125)]","[(1, 32.30676066080729), (4, 34.096858978271484), (5, 38.496738978794646), (2, 44.07266470102164), (0, 61.95154278094952), (3, 68.59137834821429)]","[(0, 2065.562255859375), (1, 1641.4434814453125)]","[(4, 51.256062825520836), (3, 62.57806396484375), (0, 73.63736196664664), (1, 86.41057477678571), (5, 87.82219989483173), (2, 100.72705078125)]","[(0, 1563.1038818359375), (1, 973.7628784179688)]","[(4, 22.437517166137695), (1, 27.4289945714614), (0, 30.02596435546875), (3, 35.65126691545759), (2, 36.77330322265625), (5, 37.949489048549104)]","[(0, 869.2080078125), (1, 832.6288452148438)]"
312,"[(0, 885.8382568359375), (1, 958.707763671875)]","[(0, 1387.5181884765625), (1, 1853.343994140625)]","[(0, 4790.30810546875), (1, 5134.23876953125)]","[(0, 1681.0302734375), (1, 1350.7562255859375)]","[(0, 1329.7637939453125), (1, 729.4306030273438)]","[(0, 2870.920654296875), (1, 2475.80419921875)]","[(0, 2770.332275390625), (1, 3140.153076171875)]","[(0, 616.6015014648438), (1, 732.1615600585938)]","[(2, 36.75377713716947), (5, 39.40721269087358), (1, 39.504996163504465), (4, 46.1170399983724), (0, 53.19420369466146), (3, 91.35142211914062)]","[(0, 725.8107299804688), (1, 531.3853149414062)]","[(2, 40.74784029447115), (5, 47.72822062174479), (4, 53.93786151592548), (1, 69.05897303989956), (0, 77.03988138834636), (3, 104.4344482421875)]","[(0, 604.5787353515625), (1, 376.86920166015625)]","[(2, 135.88201904296875), (1, 143.19361461292613), (0, 187.26253662109374), (5, 195.96097412109376), (4, 206.31938032670453), (3, 279.2672607421875)]","[(0, 965.1090087890625), (1, 972.0723876953125)]"
313,"[(0, 526.1788330078125), (1, 647.978759765625)]","[(0, 1532.2392578125), (1, 1904.2303466796875)]","[(0, 1607.6661376953125), (1, 1866.4769287109375)]","[(0, 3921.064453125), (1, 5199.42822265625)]","[(0, 417.0038146972656), (1, 284.0726623535156)]","[(0, 3444.89794921875), (1, 3603.93017578125)]","[(0, 3736.73486328125), (1, 5641.4560546875)]","[(0, 317.01641845703125), (1, 286.666748046875)]","[(2, 39.90446589543269), (5, 42.89555945763221), (1, 44.422210693359375), (4, 47.390289306640625), (0, 53.87822547325721), (3, 56.73248760516827)]","[(0, 1712.857177734375), (1, 781.081787109375)]","[(2, 131.67362837357953), (4, 143.51078287760416), (5, 151.7275057705966), (1, 158.09485880533853), (0, 176.51985307173297), (3, 205.5580388849432)]","[(0, 1786.66796875), (1, 952.8654174804688)]","[(1, 103.36595569957386), (2, 108.21641845703125), (4, 132.89246715198863), (5, 134.13184814453126), (0, 138.35040283203125), (3, 166.94554443359374)]","[(0, 2634.614013671875), (1, 2435.08544921875)]"
314,"[(0, 543.75439453125), (1, 581.0504760742188)]","[(0, 819.9014892578125), (1, 934.497802734375)]","[(0, 2524.94580078125), (1, 1990.435791015625)]","[(0, 1432.114990234375), (1, 1258.6505126953125)]","[(0, 601.6448364257812), (1, 422.2026672363281)]","[(0, 1136.898193359375), (1, 1282.7086181640625)]","[(0, 2238.05859375), (1, 3423.099853515625)]","[(0, 886.8377685546875), (1, 767.8909301757812)]","[(1, 102.94940185546875), (2, 103.58163686899039), (5, 105.94085138494319), (4, 110.89469401041667), (0, 126.42530314127605), (3, 172.83997802734376)]","[(0, 700.4520263671875), (1, 733.47509765625)]","[(4, 21.57088419596354), (1, 34.65812581380208), (3, 36.20184326171875), (5, 36.67449246920072), (2, 41.08339280348558), (0, 41.79263070913461)]","[(0, 947.9904174804688), (1, 1121.3416748046875)]","[(4, 52.6893310546875), (3, 65.42017540564903), (5, 79.02440388997395), (1, 100.19408162434895), (0, 142.32032359730113), (2, 190.0003662109375)]","[(0, 654.08154296875), (1, 724.2266845703125)]"
315,"[(0, 985.4406127929688), (1, 1229.9273681640625)]","[(0, 209.76998901367188), (1, 188.20767211914062)]","[(0, 1628.4498291015625), (1, 1350.2081298828125)]","[(0, 584.8241577148438), (1, 510.97515869140625)]","[(0, 2016.157470703125), (1, 1097.028564453125)]","[(0, 1535.3841552734375), (1, 1374.9962158203125)]","[(0, 2218.248046875), (1, 2607.515625)]","[(0, 804.7922973632812), (1, 794.5818481445312)]","[(4, 21.7586669921875), (0, 22.087677001953125), (1, 22.9669926961263), (3, 23.17638221153846), (5, 31.705965677897137), (2, 35.646139526367186)]","[(0, 969.1898193359375), (1, 1546.5477294921875)]","[(1, 93.92641379616477), (2, 100.3152587890625), (4, 126.84218528053977), (5, 136.9247802734375), (0, 197.09093017578124), (3, 269.4513427734375)]","[(0, 666.4715576171875), (1, 488.5985412597656)]","[(1, 52.695674641927084), (2, 59.98334176199777), (0, 82.50824444110577), (5, 106.2351582845052), (4, 110.8656757061298), (3, 180.46049360795453)]","[(0, 1108.6783447265625), (1, 1165.517822265625)]"
316,"[(0, 592.8724365234375), (1, 690.5217895507812)]","[(0, 199.66299438476562), (1, 349.8062744140625)]","[(0, 3291.24755859375), (1, 3638.533935546875)]","[(0, 2452.566162109375), (1, 1950.8345947265625)]","[(0, 1121.505859375), (1, 696.3458251953125)]","[(0, 3431.470703125), (1, 3342.346923828125)]","[(0, 1044.099609375), (1, 1530.80419921875)]","[(0, 992.864501953125), (1, 616.3413696289062)]","[(2, 80.99630972055289), (5, 88.61492450420673), (1, 93.70329066685268), (4, 100.31490652901786), (0, 103.95258037860577), (3, 110.6533672626202)]","[(0, 1138.1435546875), (1, 533.7681274414062)]","[(2, 40.4701621315696), (5, 43.98710493607955), (4, 46.19715372721354), (0, 48.25740744850852), (3, 53.06682239879262), (1, 71.71693929036458)]","[(0, 1764.15673828125), (1, 2469.156005859375)]","[(2, 115.15716552734375), (5, 142.069921875), (1, 149.70262562144887), (4, 179.0415371981534), (0, 210.6532958984375), (3, 270.360498046875)]","[(0, 700.8325805664062), (1, 728.6737670898438)]"
317,"[(0, 546.2866821289062), (1, 699.57177734375)]","[(0, 279.1554260253906), (1, 537.2316284179688)]","[(0, 3047.880126953125), (1, 2927.431396484375)]","[(0, 422.9909973144531), (1, 498.0350646972656)]","[(0, 532.2064208984375), (1, 619.25537109375)]","[(0, 2241.76611328125), (1, 2315.43212890625)]","[(0, 1591.0386962890625), (1, 4169.75390625)]","[(0, 708.8740234375), (1, 741.6236572265625)]","[(4, 48.97606952373798), (3, 50.23176066080729), (1, 72.18870544433594), (0, 75.24050625887784), (5, 93.5740966796875), (2, 151.4006103515625)]","[(0, 1469.6968994140625), (1, 1129.6025390625)]","[(4, 41.73414306640625), (3, 44.379002162388396), (5, 80.26014122596153), (0, 81.34283916766827), (1, 121.50977434430804), (2, 157.72665405273438)]","[(0, 391.9927673339844), (1, 416.70269775390625)]","[(3, 32.60271402994792), (5, 50.963671003069194), (4, 52.52821731567383), (1, 70.13318307059151), (0, 73.83752910907452), (2, 118.8405253092448)]","[(0, 531.83251953125), (1, 574.8796997070312)]"
318,"[(0, 935.19091796875), (1, 1049.326171875)]","[(0, 320.6222839355469), (1, 540.7926635742188)]","[(0, 7291.97265625), (1, 5729.2958984375)]","[(0, 2165.268798828125), (1, 1962.7509765625)]","[(0, 510.52850341796875), (1, 590.3687744140625)]","[(0, 2310.8525390625), (1, 2410.259033203125)]","[(0, 3940.324951171875), (1, 6666.15869140625)]","[(0, 1229.47412109375), (1, 877.6375122070312)]","[(4, 35.88611653645833), (1, 42.33646501813616), (3, 48.549778529575896), (0, 48.65514667217548), (5, 65.63592529296875), (2, 72.17537943522136)]","[(0, 647.5182495117188), (1, 1101.357421875)]","[(1, 155.05249962439905), (5, 168.9377644856771), (4, 170.18098332331732), (2, 181.7059529622396), (3, 229.1109822591146), (0, 249.1755167643229)]","[(0, 1319.8466796875), (1, 1282.888427734375)]","[(1, 32.45457153320312), (3, 36.19125747680664), (5, 40.641170247395834), (0, 44.472569056919646), (4, 47.18350758272059), (2, 63.62729116586539)]","[(0, 2273.89501953125), (1, 2454.27197265625)]"
319,"[(0, 1271.614013671875), (1, 1537.093994140625)]","[(0, 248.08775329589844), (1, 358.34320068359375)]","[(0, 2146.694091796875), (1, 1759.3070068359375)]","[(0, 562.8370361328125), (1, 624.1741943359375)]","[(0, 3272.1533203125), (1, 1839.799072265625)]","[(0, 2626.742919921875), (1, 2299.2392578125)]","[(0, 2277.175048828125), (1, 2013.5623779296875)]","[(0, 2025.2474365234375), (1, 2691.432861328125)]","[(1, 34.476331438337056), (2, 40.94182410606971), (5, 40.970507303873696), (4, 42.48544076772836), (0, 79.2186279296875), (3, 86.47320556640625)]","[(0, 1008.2705078125), (1, 907.3582153320312)]","[(4, 75.40982055664062), (1, 78.90347012606534), (5, 79.47727457682292), (3, 83.90620252821181), (2, 86.39625854492188), (0, 95.98330078125)]","[(0, 447.2311096191406), (1, 205.1536407470703)]","[(3, 34.391072591145836), (1, 35.837024395282455), (0, 39.57444508870443), (5, 41.17988586425781), (2, 47.24967956542969), (4, 51.86790114182692)]","[(0, 1829.197998046875), (1, 1672.60205078125)]"
320,"[(0, 946.4027709960938), (1, 1038.10107421875)]","[(0, 313.6078186035156), (1, 347.20916748046875)]","[(0, 3295.811279296875), (1, 3286.699462890625)]","[(0, 2731.041748046875), (1, 3212.572021484375)]","[(0, 2546.626953125), (1, 1407.4468994140625)]","[(0, 856.392578125), (1, 766.3538818359375)]","[(0, 2068.30322265625), (1, 2349.873779296875)]","[(0, 790.5572509765625), (1, 1079.738037109375)]","[(2, 26.403409685407365), (1, 27.57332560221354), (5, 33.71657235281808), (4, 34.238330078125), (0, 55.52876633864183), (3, 66.59452467698317)]","[(0, 1482.938232421875), (1, 1116.7235107421875)]","[(2, 37.531201171875), (4, 55.245570591517854), (1, 58.31575012207031), (5, 58.69860370342548), (0, 60.74782017299107), (3, 103.1536865234375)]","[(0, 785.947265625), (1, 733.7125854492188)]","[(1, 64.84994506835938), (2, 65.73025747445914), (5, 108.53289240056819), (0, 110.31781005859375), (4, 113.10988362630208), (3, 128.78309326171876)]","[(0, 1941.61181640625), (1, 1827.5302734375)]"
321,"[(0, 643.4163818359375), (1, 687.73095703125)]","[(0, 465.5748596191406), (1, 557.2565307617188)]","[(0, 8980.662109375), (1, 9264.6435546875)]","[(0, 1433.201904296875), (1, 1342.1546630859375)]","[(0, 2255.22265625), (1, 1351.4197998046875)]","[(0, 2680.81494140625), (1, 2808.4931640625)]","[(0, 1352.23828125), (1, 1751.299560546875)]","[(0, 748.5109252929688), (1, 842.5994873046875)]","[(1, 74.78167724609375), (2, 74.92347717285156), (4, 77.79743370643028), (5, 78.40113321940105), (0, 123.69686889648438), (3, 130.26275634765625)]","[(0, 1436.9656982421875), (1, 1073.85693359375)]","[(2, 36.732007707868306), (4, 51.077235630580354), (1, 52.722391764322914), (5, 58.53308574969952), (0, 76.30565467247597), (3, 124.04150390625)]","[(0, 440.9327697753906), (1, 281.49462890625)]","[(1, 27.12052001953125), (2, 27.76863752092634), (5, 39.44547816685268), (4, 51.1896484375), (0, 63.22951096754808), (3, 91.45912522536058)]","[(0, 1765.212890625), (1, 1612.0115966796875)]"
322,"[(0, 702.2518920898438), (1, 838.4860229492188)]","[(0, 480.0595703125), (1, 495.2647399902344)]","[(0, 6196.6484375), (1, 4796.20947265625)]","[(0, 1027.1910400390625), (1, 690.6073608398438)]","[(0, 1889.410400390625), (1, 1136.16162109375)]","[(0, 2923.809814453125), (1, 3395.0234375)]","[(0, 2195.7265625), (1, 2731.0546875)]","[(0, 1467.0977783203125), (1, 1202.0628662109375)]","[(2, 24.887080891927084), (5, 27.9321782038762), (4, 28.935597011021205), (1, 31.576061248779297), (0, 40.44667271205357), (3, 55.75114440917969)]","[(0, 508.9219055175781), (1, 337.12158203125)]","[(3, 35.60771179199219), (4, 44.15255502554086), (0, 67.62152709960938), (5, 71.76671808416194), (1, 75.1126376065341), (2, 158.81879340277777)]","[(0, 2254.079833984375), (1, 1937.1414794921875)]","[(4, 144.421875), (1, 152.35818481445312), (3, 167.48591752485797), (5, 172.81648393110797), (0, 181.90855823863637), (2, 186.60471413352272)]","[(0, 339.0663146972656), (1, 373.5101013183594)]"
323,"[(0, 780.05224609375), (1, 899.9232788085938)]","[(0, 448.2281494140625), (1, 454.7850646972656)]","[(0, 784.6546020507812), (1, 712.4867553710938)]","[(0, 2389.29296875), (1, 1802.684326171875)]","[(0, 830.4179077148438), (1, 872.0986938476562)]","[(0, 2954.76318359375), (1, 2580.835205078125)]","[(0, 2200.18701171875), (1, 1891.8717041015625)]","[(0, 389.56719970703125), (1, 349.2519226074219)]","[(4, 184.49737548828125), (5, 188.31458629261363), (1, 189.5943603515625), (2, 200.7638494318182), (3, 238.8953524502841), (0, 250.6057794744318)]","[(0, 729.3613891601562), (1, 359.146484375)]","[(2, 49.777364095052086), (1, 58.0284423828125), (0, 93.1234130859375), (5, 112.779150390625), (4, 116.6429110440341), (3, 277.65717230902777)]","[(0, 1152.8651123046875), (1, 898.4933471679688)]","[(4, 164.44941202799478), (5, 187.358642578125), (1, 224.33902994791666), (3, 249.2452725497159), (2, 268.78342507102275), (0, 358.19564541903407)]","[(0, 2278.907470703125), (1, 2544.457763671875)]"
324,"[(0, 741.9090576171875), (1, 897.2987670898438)]","[(0, 211.19700622558594), (1, 190.19534301757812)]","[(0, 932.956787109375), (1, 785.73291015625)]","[(0, 3187.842529296875), (1, 3997.203369140625)]","[(0, 868.4639282226562), (1, 910.6337890625)]","[(0, 1697.4453125), (1, 1811.164306640625)]","[(0, 3183.188232421875), (1, 3418.278564453125)]","[(0, 612.2428588867188), (1, 499.33270263671875)]","[(4, 11.766816880967882), (1, 12.204699348000918), (2, 14.426158650716145), (3, 15.458111931295957), (5, 15.895068168640137), (0, 18.83913803100586)]","[(0, 1412.1722412109375), (1, 923.0565795898438)]","[(0, 130.44620455228366), (2, 147.36646446814905), (4, 164.84245417668268), (3, 202.8242390950521), (1, 212.084228515625), (5, 221.1733601888021)]","[(0, 869.3526611328125), (1, 578.75341796875)]","[(4, 169.40054321289062), (1, 174.0767618815104), (5, 189.19917436079547), (2, 195.3593084161932), (3, 258.8875177556818), (0, 271.41415127840907)]","[(0, 1256.22705078125), (1, 1378.6715087890625)]"
325,"[(0, 714.5986328125), (1, 786.1815185546875)]","[(0, 291.92791748046875), (1, 467.34490966796875)]","[(0, 4615.2109375), (1, 4359.4375)]","[(0, 721.9776000976562), (1, 868.8209228515625)]","[(0, 4831.97802734375), (1, 2324.542236328125)]","[(0, 3000.830078125), (1, 3220.139404296875)]","[(0, 2296.609375), (1, 2808.44775390625)]","[(0, 674.5409545898438), (1, 426.49542236328125)]","[(4, 38.911952427455354), (3, 45.18029315655048), (1, 58.73871866861979), (5, 68.14785766601562), (0, 75.93573552911931), (2, 127.01190185546875)]","[(0, 992.3665771484375), (1, 907.8966064453125)]","[(2, 36.28559163411458), (1, 40.151345645680145), (4, 45.106667911305145), (0, 50.89134114583333), (5, 54.531392415364586), (3, 78.01905924479166)]","[(0, 1195.9488525390625), (1, 1105.710693359375)]","[(1, 31.44950968424479), (2, 31.963775634765625), (4, 44.40077863420759), (5, 45.25903789813702), (0, 62.40695425180289), (3, 90.80092366536458)]","[(0, 1010.4984741210938), (1, 1084.964111328125)]"
326,"[(0, 1077.6451416015625), (1, 1172.3922119140625)]","[(0, 432.9042663574219), (1, 747.1463012695312)]","[(0, 2819.102294921875), (1, 2449.742431640625)]","[(0, 1676.4979248046875), (1, 1749.167236328125)]","[(0, 2894.03076171875), (1, 1423.0206298828125)]","[(0, 3151.595458984375), (1, 2829.554443359375)]","[(0, 1950.1612548828125), (1, 2437.030029296875)]","[(0, 2434.283203125), (1, 2354.10205078125)]","[(3, 23.558614095052082), (4, 25.509145736694336), (1, 31.47457013811384), (5, 35.60953848702567), (0, 37.03936063326322), (2, 61.853597005208336)]","[(0, 440.16015625), (1, 429.8289794921875)]","[(2, 110.7015869140625), (1, 113.42173073508523), (5, 128.692919921875), (4, 132.91667036576703), (0, 168.5343505859375), (3, 201.4467041015625)]","[(0, 977.986328125), (1, 925.1087036132812)]","[(4, 157.5054728190104), (5, 159.0316495028409), (3, 205.01429332386363), (1, 217.85196940104166), (2, 219.75670276988637), (0, 295.9679066051136)]","[(0, 671.1163940429688), (1, 737.9778442382812)]"
327,"[(0, 903.2188720703125), (1, 1059.5404052734375)]","[(0, 440.59295654296875), (1, 686.8650512695312)]","[(0, 3227.06884765625), (1, 2869.576416015625)]","[(0, 1059.084228515625), (1, 975.90771484375)]","[(0, 2111.81689453125), (1, 1248.8271484375)]","[(0, 1348.3114013671875), (1, 1267.702880859375)]","[(0, 1857.7662353515625), (1, 1648.9620361328125)]","[(0, 362.2509765625), (1, 360.34539794921875)]","[(4, 102.36226399739583), (3, 106.25132057883523), (5, 106.5912198153409), (1, 117.899169921875), (2, 129.3511408025568), (0, 134.59983132102272)]","[(0, 620.4767456054688), (1, 577.858642578125)]","[(2, 186.6046142578125), (4, 197.04423014322916), (1, 207.24793590198863), (5, 207.60597922585228), (3, 230.8075506036932), (0, 251.8478759765625)]","[(0, 402.8626708984375), (1, 464.7288818359375)]","[(3, 37.17866516113281), (4, 39.87251164362981), (1, 41.636975606282554), (0, 51.11828058416193), (5, 68.9087968306108), (2, 105.06224365234375)]","[(0, 2935.822021484375), (1, 2796.123779296875)]"
328,"[(0, 888.718994140625), (1, 1004.4569702148438)]","[(0, 544.1948852539062), (1, 805.361572265625)]","[(0, 2001.7078857421875), (1, 1752.9312744140625)]","[(0, 1170.01025390625), (1, 1175.2310791015625)]","[(0, 1097.1409912109375), (1, 672.4534912109375)]","[(0, 2227.996337890625), (1, 2312.6591796875)]","[(0, 1584.2744140625), (1, 1718.24462890625)]","[(0, 714.2610473632812), (1, 717.5538940429688)]","[(3, 35.37474881685697), (4, 36.901807512555806), (1, 47.29595438639323), (5, 56.82501729329427), (0, 57.28919011896307), (2, 90.72651977539063)]","[(0, 327.8788146972656), (1, 397.306640625)]","[(1, 40.933797200520836), (2, 41.4174971147017), (4, 43.3306357643821), (5, 44.89004211425781), (0, 79.14737548828126), (3, 122.70189073350694)]","[(0, 366.6230163574219), (1, 356.7303771972656)]","[(5, 99.35044167258523), (4, 101.89786783854167), (2, 122.79823996803977), (1, 123.95334879557292), (3, 128.52433638139203), (0, 164.3799493963068)]","[(0, 582.0054931640625), (1, 648.366943359375)]"
329,"[(0, 726.62109375), (1, 870.8404541015625)]","[(0, 246.974365234375), (1, 225.7965545654297)]","[(0, 4217.638671875), (1, 3856.042724609375)]","[(0, 3837.98486328125), (1, 3576.450439453125)]","[(0, 2298.539794921875), (1, 1118.979248046875)]","[(0, 2208.245361328125), (1, 2588.604736328125)]","[(0, 3393.900146484375), (1, 4024.736572265625)]","[(0, 937.546142578125), (1, 748.439208984375)]","[(2, 28.462774658203124), (1, 32.543304443359375), (5, 39.28151356090199), (4, 41.33474985758463), (0, 69.26798706054687), (3, 70.09528697620739)]","[(0, 1575.182373046875), (1, 804.2774047851562)]","[(4, 15.908913506401909), (2, 20.9429931640625), (5, 21.271888732910156), (3, 21.474146225873163), (0, 22.331113688151042), (1, 24.04151153564453)]","[(0, 1374.3289794921875), (1, 1396.9722900390625)]","[(1, 144.69426618303572), (2, 162.038818359375), (5, 162.32239708533655), (3, 180.13700045072116), (0, 183.79561673677884), (4, 203.57510811941964)]","[(0, 613.4570922851562), (1, 647.4641723632812)]"
330,"[(0, 585.2919921875), (1, 642.0498657226562)]","[(0, 343.68499755859375), (1, 642.1104125976562)]","[(0, 1355.3408203125), (1, 1505.271484375)]","[(0, 1310.3988037109375), (1, 1157.719970703125)]","[(0, 1789.602783203125), (1, 1043.2564697265625)]","[(0, 3494.228271484375), (1, 3236.2314453125)]","[(0, 2350.40283203125), (1, 2882.83349609375)]","[(0, 800.9951171875), (1, 740.7245483398438)]","[(4, 48.849129813058035), (3, 54.82418314615885), (1, 61.64888916015625), (0, 61.70924260066106), (5, 76.41352844238281), (2, 114.34168419471153)]","[(0, 1363.2625732421875), (1, 965.2884521484375)]","[(4, 109.3294677734375), (1, 120.9857666015625), (3, 127.47307671440973), (0, 144.015869140625), (5, 150.56391059027777), (2, 162.11052788628473)]","[(0, 684.0081787109375), (1, 826.7411499023438)]","[(3, 36.89003644670759), (1, 41.00974818638393), (0, 41.68961275540865), (4, 42.01375732421875), (5, 57.43192232572115), (2, 73.08639526367188)]","[(0, 477.5932312011719), (1, 514.5363159179688)]"
331,"[(0, 972.8611450195312), (1, 1089.3736572265625)]","[(0, 375.7387390136719), (1, 560.5313110351562)]","[(0, 8350.072265625), (1, 7797.3427734375)]","[(0, 1956.788818359375), (1, 2467.03173828125)]","[(0, 1174.029052734375), (1, 1080.92138671875)]","[(0, 3012.74755859375), (1, 2659.200439453125)]","[(0, 2835.400146484375), (1, 4017.14013671875)]","[(0, 634.1051025390625), (1, 408.7902526855469)]","[(4, 23.340073434930098), (5, 23.433480655445774), (1, 23.6343599207261), (2, 24.900970458984375), (3, 27.29746331108941), (0, 31.42759132385254)]","[(0, 1135.0548095703125), (1, 1336.5186767578125)]","[(5, 120.8701504794034), (4, 122.88756306966145), (1, 133.0378156389509), (2, 147.20823317307693), (0, 174.8487548828125), (3, 201.29796142578124)]","[(0, 999.037353515625), (1, 1291.954345703125)]","[(1, 26.806889125279017), (2, 30.16106942983774), (4, 46.027801513671875), (5, 54.69714910333807), (0, 59.55164591471354), (3, 124.7796142578125)]","[(0, 3231.8857421875), (1, 2990.129150390625)]"
332,"[(0, 805.390380859375), (1, 935.12890625)]","[(0, 224.2619171142578), (1, 189.98126220703125)]","[(0, 1957.568115234375), (1, 1926.8275146484375)]","[(0, 1184.52978515625), (1, 1163.4903564453125)]","[(0, 3807.227783203125), (1, 1960.40234375)]","[(0, 2009.242431640625), (1, 2288.969482421875)]","[(0, 1857.91162109375), (1, 2277.912353515625)]","[(0, 1069.963134765625), (1, 820.6978759765625)]","[(4, 128.2471368963068), (5, 150.96549072265626), (3, 151.589892578125), (1, 152.48856977982953), (2, 169.93590087890624), (0, 177.53372802734376)]","[(0, 577.5277709960938), (1, 490.9739685058594)]","[(2, 75.05105590820312), (4, 75.913330078125), (1, 78.608154296875), (5, 80.83202015269886), (0, 148.14625133167613), (3, 216.9260986328125)]","[(0, 2138.8173828125), (1, 1548.9019775390625)]","[(4, 40.1488037109375), (3, 51.12565394810268), (5, 74.85792424128606), (1, 123.3138427734375), (0, 129.83016967773438), (2, 275.92134232954544)]","[(0, 859.507080078125), (1, 915.210693359375)]"
333,"[(0, 522.5242309570312), (1, 569.2044677734375)]","[(0, 217.51327514648438), (1, 334.3193054199219)]","[(0, 780.0377197265625), (1, 670.3385620117188)]","[(0, 1202.038330078125), (1, 1570.22021484375)]","[(0, 2813.4111328125), (1, 1481.1326904296875)]","[(0, 3429.903564453125), (1, 3873.59423828125)]","[(0, 1742.3262939453125), (1, 1492.3927001953125)]","[(0, 593.7964477539062), (1, 746.3910522460938)]","[(2, 66.605224609375), (1, 69.52808125813802), (0, 79.68040882457386), (5, 79.91254771839489), (4, 81.62892150878906), (3, 95.39447576349431)]","[(0, 990.3187866210938), (1, 657.3824462890625)]","[(4, 38.529894510904946), (3, 43.11293445933949), (5, 43.34501786665483), (2, 59.19108997691762), (0, 63.00774591619318), (1, 76.97653706868489)]","[(0, 563.7120971679688), (1, 628.3588256835938)]","[(1, 38.03233119419643), (3, 38.347265625), (5, 43.45477730887277), (0, 51.40299635667067), (2, 51.81825256347656), (4, 56.550350189208984)]","[(0, 1728.8118896484375), (1, 1897.685791015625)]"
334,"[(0, 1063.304443359375), (1, 1279.2130126953125)]","[(0, 337.95257568359375), (1, 565.186279296875)]","[(0, 8646.70703125), (1, 9743.32421875)]","[(0, 1872.3118896484375), (1, 2316.80712890625)]","[(0, 2184.769775390625), (1, 2099.220947265625)]","[(0, 2962.276611328125), (1, 2679.5673828125)]","[(0, 1878.9642333984375), (1, 2264.5654296875)]","[(0, 714.76123046875), (1, 792.0510864257812)]","[(2, 17.652482350667317), (1, 21.323094294621395), (5, 21.412410389293324), (4, 23.01488749186198), (0, 38.22806895862926), (3, 58.31263427734375)]","[(0, 970.6749267578125), (1, 1019.6426391601562)]","[(4, 106.1680908203125), (1, 113.20074462890625), (3, 132.99326735276443), (5, 133.85435994466147), (2, 138.97330322265626), (0, 163.3875066583807)]","[(0, 742.2176513671875), (1, 523.0524291992188)]","[(1, 19.488588333129883), (4, 28.87735392252604), (2, 31.87475367954799), (0, 40.649204799107146), (5, 54.33540226862981), (3, 65.06086144080528)]","[(0, 3587.490966796875), (1, 3695.07470703125)]"
335,"[(0, 702.3239135742188), (1, 859.435791015625)]","[(0, 391.626953125), (1, 562.6878662109375)]","[(0, 5250.67822265625), (1, 4833.4853515625)]","[(0, 1846.5869140625), (1, 1600.0511474609375)]","[(0, 773.1253662109375), (1, 726.387939453125)]","[(0, 2769.373291015625), (1, 2458.34423828125)]","[(0, 2938.379150390625), (1, 3993.103515625)]","[(0, 1389.3997802734375), (1, 610.9410400390625)]","[(4, 19.028313131893384), (5, 21.199700927734376), (1, 21.557023111979166), (3, 22.351268768310547), (0, 26.92657252720424), (2, 28.35758854792668)]","[(0, 1424.83837890625), (1, 1429.908203125)]","[(4, 54.216705322265625), (1, 59.3165116743608), (0, 62.188604736328124), (3, 70.28194358132102), (5, 81.73727416992188), (2, 118.67392306857639)]","[(0, 657.695068359375), (1, 487.7330627441406)]","[(2, 21.242394080528847), (1, 22.612459455217635), (5, 38.89240889115767), (4, 45.15162150065104), (0, 50.68281046549479), (3, 92.72745361328126)]","[(0, 1757.538818359375), (1, 1471.209228515625)]"
336,"[(0, 1174.2816162109375), (1, 1387.0147705078125)]","[(0, 291.2351379394531), (1, 384.1120910644531)]","[(0, 6901.35986328125), (1, 6064.619140625)]","[(0, 2944.752685546875), (1, 2320.407958984375)]","[(0, 727.0695190429688), (1, 447.1850891113281)]","[(0, 2526.3076171875), (1, 2758.97265625)]","[(0, 1596.592529296875), (1, 2197.79638671875)]","[(0, 265.2784423828125), (1, 303.28472900390625)]","[(4, 30.324757295496322), (3, 36.27001953125), (5, 41.27267252604167), (1, 52.641048177083334), (0, 61.697256905691965), (2, 101.14767690805289)]","[(0, 1851.6348876953125), (1, 1498.134521484375)]","[(1, 146.82286376953124), (4, 152.0134765625), (0, 174.90313042534723), (3, 184.71674262152777), (2, 191.58106825086804), (5, 196.86391872829861)]","[(0, 929.9977416992188), (1, 1112.702880859375)]","[(1, 12.254723103841146), (2, 14.868546705979567), (4, 17.859515380859374), (0, 21.736191969651443), (5, 23.300034743088943), (3, 34.789449838491585)]","[(0, 3006.920654296875), (1, 2832.2001953125)]"
337,"[(0, 896.0045776367188), (1, 1055.071044921875)]","[(0, 274.76580810546875), (1, 251.0826416015625)]","[(0, 1326.411865234375), (1, 1153.8363037109375)]","[(0, 2107.803955078125), (1, 2238.514404296875)]","[(0, 2377.65283203125), (1, 1165.9775390625)]","[(0, 4241.4365234375), (1, 4722.99462890625)]","[(0, 1945.5526123046875), (1, 1875.90625)]","[(0, 1213.0400390625), (1, 585.4359741210938)]","[(4, 43.74628624549279), (5, 44.06668599446615), (2, 45.60193379720052), (1, 46.16795935997596), (3, 46.44993591308594), (0, 50.95228576660156)]","[(0, 1587.429931640625), (1, 1599.724609375)]","[(4, 19.90174674987793), (2, 26.43660627092634), (1, 28.535383224487305), (5, 30.255164010184153), (0, 33.85489545549665), (3, 36.599234444754465)]","[(0, 1684.854248046875), (1, 1079.50537109375)]","[(4, 31.45115966796875), (3, 39.822130475725444), (1, 42.61088209885817), (0, 55.87054951985677), (5, 56.13204251802885), (2, 67.9537187056108)]","[(0, 1246.0504150390625), (1, 1275.6707763671875)]"
338,"[(0, 880.1792602539062), (1, 1020.1658935546875)]","[(0, 267.6020202636719), (1, 476.5549621582031)]","[(0, 9343.775390625), (1, 8209.6328125)]","[(0, 610.7554931640625), (1, 670.4530639648438)]","[(0, 1189.0809326171875), (1, 599.1854858398438)]","[(0, 4367.2861328125), (1, 4084.95654296875)]","[(0, 1602.5045166015625), (1, 1665.6514892578125)]","[(0, 395.7646484375), (1, 246.27371215820312)]","[(1, 38.84381103515625), (4, 41.73055491727941), (2, 52.9749755859375), (5, 58.30723876953125), (0, 65.3162109375), (3, 71.34243977864584)]","[(0, 1469.41650390625), (1, 1002.8130493164062)]","[(5, 19.13040974934896), (2, 20.3505859375), (4, 26.330631256103516), (1, 27.672794117647058), (0, 39.850443522135414), (3, 46.912405831473215)]","[(0, 1916.3770751953125), (1, 1751.4791259765625)]","[(1, 82.71762520926339), (2, 94.13719764122597), (5, 110.53122182992789), (0, 123.75936185396634), (3, 146.61201359675482), (4, 180.04574148995536)]","[(0, 2235.19091796875), (1, 1971.282470703125)]"
339,"[(0, 807.231689453125), (1, 958.8457641601562)]","[(0, 375.35980224609375), (1, 732.353271484375)]","[(0, 4600.279296875), (1, 5093.77392578125)]","[(0, 1729.206787109375), (1, 1782.08447265625)]","[(0, 2916.243896484375), (1, 1419.1446533203125)]","[(0, 2155.80517578125), (1, 2094.133056640625)]","[(0, 4099.62646484375), (1, 6520.2509765625)]","[(0, 494.1741943359375), (1, 532.2393798828125)]","[(2, 21.14950968424479), (1, 25.955982208251953), (5, 28.018939678485577), (4, 28.360307965959823), (0, 37.792310442243306), (3, 42.25726826985677)]","[(0, 1033.8902587890625), (1, 1021.6643676757812)]","[(1, 31.30429354580966), (4, 35.41555531819662), (3, 35.80432961203835), (0, 36.359738159179685), (5, 52.45455322265625), (2, 57.480489095052086)]","[(0, 645.6661376953125), (1, 612.9114379882812)]","[(1, 15.833590698242187), (2, 18.939027052659256), (4, 22.5812255859375), (5, 27.833829439603367), (0, 30.206277700570915), (3, 46.36640812800481)]","[(0, 569.3670654296875), (1, 587.1348876953125)]"
340,"[(0, 1307.745849609375), (1, 1465.8607177734375)]","[(0, 431.8406066894531), (1, 741.4878540039062)]","[(0, 2833.634765625), (1, 2964.4541015625)]","[(0, 1122.36181640625), (1, 714.7704467773438)]","[(0, 2670.93505859375), (1, 1336.521240234375)]","[(0, 923.888427734375), (1, 974.8602905273438)]","[(0, 3120.54541015625), (1, 4770.29052734375)]","[(0, 737.3883056640625), (1, 813.4259033203125)]","[(1, 45.23169708251953), (2, 45.7433837890625), (4, 64.0711669921875), (5, 70.09432748647836), (0, 74.03521728515625), (3, 138.11205037434897)]","[(0, 1128.639892578125), (1, 972.4979858398438)]","[(2, 145.79703369140626), (1, 163.2551824396307), (5, 174.27508544921875), (4, 193.7935236150568), (0, 263.427490234375), (3, 310.4978271484375)]","[(0, 844.3651123046875), (1, 612.0076293945312)]","[(2, 57.70518391927083), (1, 75.06587219238281), (4, 79.833740234375), (5, 86.27582659040179), (0, 124.92174421037946), (3, 136.40723595252405)]","[(0, 2000.7738037109375), (1, 1886.49365234375)]"
341,"[(0, 705.6310424804688), (1, 750.4397583007812)]","[(0, 494.6055603027344), (1, 779.2763061523438)]","[(0, 2381.02587890625), (1, 1886.966064453125)]","[(0, 1182.1363525390625), (1, 868.8305053710938)]","[(0, 1491.8875732421875), (1, 1480.6390380859375)]","[(0, 4644.28076171875), (1, 5303.42431640625)]","[(0, 3276.6689453125), (1, 4377.46826171875)]","[(0, 578.396728515625), (1, 435.7718811035156)]","[(4, 67.99496023995536), (1, 68.86688639322917), (2, 72.91869681222099), (5, 79.27955040564903), (0, 107.06328876201923), (3, 107.47943115234375)]","[(0, 409.21832275390625), (1, 267.2986145019531)]","[(4, 18.777297973632812), (5, 22.711582728794642), (3, 25.939012799944198), (1, 30.36557820638021), (2, 31.98803006685697), (0, 35.94842764047476)]","[(0, 374.7120666503906), (1, 435.2066345214844)]","[(4, 39.90498234675481), (1, 47.27596811147836), (5, 54.447723388671875), (2, 61.05639139811198), (3, 64.0084228515625), (0, 74.02891540527344)]","[(0, 648.188232421875), (1, 679.3826293945312)]"
342,"[(0, 633.061279296875), (1, 730.0255737304688)]","[(0, 304.8039855957031), (1, 283.41400146484375)]","[(0, 274.66021728515625), (1, 342.4393005371094)]","[(0, 4332.49365234375), (1, 3721.45654296875)]","[(0, 1091.6480712890625), (1, 991.5147705078125)]","[(0, 8132.23095703125), (1, 7675.05810546875)]","[(0, 2622.315185546875), (1, 3359.607177734375)]","[(0, 739.2461547851562), (1, 474.589111328125)]","[(5, 27.341025612571023), (4, 31.673113505045574), (2, 31.973737080891926), (1, 33.26942561222957), (0, 48.858642578125), (3, 58.7328125)]","[(0, 707.1404418945312), (1, 636.974365234375)]","[(4, 168.441796875), (5, 169.62282986111111), (3, 192.35750325520834), (2, 201.92583550347223), (1, 203.1351318359375), (0, 239.34895833333334)]","[(0, 768.662841796875), (1, 595.4713134765625)]","[(2, 41.775830078125), (1, 48.4217529296875), (5, 49.47898171164773), (4, 57.65746561686198), (0, 61.217132568359375), (3, 82.7122469815341)]","[(0, 2447.1865234375), (1, 2708.8623046875)]"
343,"[(0, 1302.7530517578125), (1, 1365.809326171875)]","[(0, 292.385986328125), (1, 349.2862243652344)]","[(0, 1722.8785400390625), (1, 2334.462646484375)]","[(0, 4054.922119140625), (1, 4347.07421875)]","[(0, 3925.57666015625), (1, 2117.87158203125)]","[(0, 1993.1417236328125), (1, 2153.830322265625)]","[(0, 5170.37353515625), (1, 6116.5869140625)]","[(0, 1019.76806640625), (1, 685.4810791015625)]","[(4, 59.65097878196023), (1, 62.5728593306108), (3, 76.92538452148438), (5, 79.51162109375), (2, 80.03624877929687), (0, 81.78592529296876)]","[(0, 2762.80224609375), (1, 1869.0802001953125)]","[(2, 45.384652273995535), (1, 51.96094512939453), (4, 53.263519287109375), (5, 53.99515642438616), (0, 65.22497994559151), (3, 77.54730224609375)]","[(0, 1791.000244140625), (1, 1410.803955078125)]","[(1, 52.33882962740385), (2, 58.58526611328125), (0, 61.70582580566406), (5, 68.97253926595052), (3, 73.57726542154948), (4, 91.06686636117789)]","[(0, 598.1946411132812), (1, 681.6713256835938)]"
344,"[(0, 1048.236572265625), (1, 1173.7806396484375)]","[(0, 471.146240234375), (1, 629.21337890625)]","[(0, 1358.162109375), (1, 1145.5526123046875)]","[(0, 1584.81689453125), (1, 1705.5252685546875)]","[(0, 3357.173095703125), (1, 1811.742919921875)]","[(0, 1061.1805419921875), (1, 1192.233642578125)]","[(0, 5994.81591796875), (1, 7019.92822265625)]","[(0, 930.37744140625), (1, 928.3566284179688)]","[(2, 30.35534159342448), (5, 37.87581287730824), (1, 39.17276705228365), (4, 45.467081705729164), (0, 65.67693536931819), (3, 113.6781005859375)]","[(0, 616.9149780273438), (1, 443.81866455078125)]","[(1, 75.93066961115056), (4, 84.69107055664062), (0, 97.51722412109375), (2, 99.95195922851562), (3, 99.96158175998264), (5, 109.82355414496527)]","[(0, 261.6662902832031), (1, 250.48651123046875)]","[(1, 68.30249895368304), (2, 86.70914400540866), (5, 89.072998046875), (3, 91.2500751201923), (0, 93.39557354266827), (4, 106.79698835100446)]","[(0, 497.6241149902344), (1, 533.5259399414062)]"
345,"[(0, 915.399658203125), (1, 1120.52392578125)]","[(0, 470.2630310058594), (1, 530.040771484375)]","[(0, 1650.8099365234375), (1, 1563.9552001953125)]","[(0, 1179.7335205078125), (1, 1206.8712158203125)]","[(0, 542.1541748046875), (1, 430.3726501464844)]","[(0, 706.7318115234375), (1, 615.3505249023438)]","[(0, 1833.3624267578125), (1, 1635.3941650390625)]","[(0, 322.31256103515625), (1, 311.6937255859375)]","[(2, 53.32891337076823), (1, 64.28614220252403), (5, 68.5412764115767), (4, 70.50384521484375), (0, 104.71070445667614), (3, 197.18511962890625)]","[(0, 905.92333984375), (1, 457.1299133300781)]","[(4, 93.72571739783653), (3, 103.6231689453125), (1, 158.34050496419272), (0, 177.62654252485797), (5, 216.6480158025568), (2, 339.226953125)]","[(0, 483.3310241699219), (1, 403.9406433105469)]","[(4, 28.44586859809028), (3, 34.578939998851105), (5, 39.52463912963867), (1, 40.8350715637207), (0, 50.63094482421875), (2, 72.97034999302456)]","[(0, 432.0099182128906), (1, 482.32421875)]"
346,"[(0, 642.9622192382812), (1, 760.48828125)]","[(0, 436.5126647949219), (1, 496.3245544433594)]","[(0, 1690.8477783203125), (1, 2221.01171875)]","[(0, 2160.086669921875), (1, 2375.65478515625)]","[(0, 710.3458862304688), (1, 549.7242431640625)]","[(0, 1973.4239501953125), (1, 1851.265869140625)]","[(0, 2039.63037109375), (1, 2212.444580078125)]","[(0, 672.935546875), (1, 764.5956420898438)]","[(5, 76.61865234375), (4, 76.83516947428386), (1, 87.10935756138393), (2, 91.7390606219952), (0, 109.9643046061198), (3, 118.8114013671875)]","[(0, 836.5878295898438), (1, 752.7262573242188)]","[(2, 67.49003092447917), (1, 74.01505690354567), (5, 81.15604469992898), (4, 81.29455057779948), (0, 131.65001331676137), (3, 232.150146484375)]","[(0, 1299.438720703125), (1, 899.3638916015625)]","[(2, 28.23170216878255), (1, 30.417677659254807), (5, 32.633575439453125), (4, 39.394264221191406), (0, 68.45168789950284), (3, 87.09459228515625)]","[(0, 4150.77734375), (1, 4244.5888671875)]"
347,"[(0, 855.6693115234375), (1, 944.09326171875)]","[(0, 152.71530151367188), (1, 134.5740966796875)]","[(0, 2888.284912109375), (1, 2135.938232421875)]","[(0, 1504.063232421875), (1, 1924.0877685546875)]","[(0, 3051.57958984375), (1, 1669.939453125)]","[(0, 1822.473388671875), (1, 1895.7728271484375)]","[(0, 4983.67431640625), (1, 4627.01708984375)]","[(0, 601.7928466796875), (1, 424.90985107421875)]","[(4, 35.09421314912684), (5, 49.8913330078125), (3, 50.95658493041992), (1, 52.204976399739586), (0, 67.04148210797992), (2, 85.98958646334134)]","[(0, 958.90380859375), (1, 729.314453125)]","[(3, 51.188330756293404), (1, 55.37899502840909), (4, 57.2501953125), (0, 63.0363525390625), (5, 69.33978949652777), (2, 81.07068481445313)]","[(0, 1293.00146484375), (1, 1218.5789794921875)]","[(4, 60.66578087439904), (3, 61.7503916422526), (1, 83.52493286132812), (0, 107.8876065340909), (5, 119.98015802556819), (2, 218.289013671875)]","[(0, 595.4154052734375), (1, 625.8599243164062)]"
348,"[(0, 600.269287109375), (1, 655.6012573242188)]","[(0, 147.8879852294922), (1, 127.15180969238281)]","[(0, 544.502685546875), (1, 608.1817626953125)]","[(0, 1974.9735107421875), (1, 2346.749755859375)]","[(0, 1997.1973876953125), (1, 1150.8905029296875)]","[(0, 5254.04931640625), (1, 5967.40234375)]","[(0, 1923.2979736328125), (1, 2061.8779296875)]","[(0, 1196.9375), (1, 794.7405395507812)]","[(3, 38.0954844156901), (4, 43.39442795973558), (1, 43.529215494791664), (0, 46.80467640269887), (5, 67.34305641867898), (2, 83.07771606445313)]","[(0, 211.53292846679688), (1, 203.38624572753906)]","[(4, 63.41860089983259), (5, 66.25084510216347), (2, 67.96275329589844), (3, 70.07424222506009), (0, 78.33409118652344), (1, 85.5617206280048)]","[(0, 1072.0247802734375), (1, 764.796875)]","[(1, 20.02699851989746), (2, 27.06817626953125), (5, 31.101250784737722), (4, 31.7808895111084), (0, 39.959158761160715), (3, 44.804552350725444)]","[(0, 1624.2288818359375), (1, 1730.5860595703125)]"
349,"[(0, 816.5263061523438), (1, 1032.7830810546875)]","[(0, 1006.6088256835938), (1, 1252.7086181640625)]","[(0, 2943.422119140625), (1, 2024.1728515625)]","[(0, 2177.85205078125), (1, 1986.80029296875)]","[(0, 1026.7694091796875), (1, 1017.5584106445312)]","[(0, 3425.611572265625), (1, 2912.62353515625)]","[(0, 2536.971923828125), (1, 3277.503173828125)]","[(0, 454.0853576660156), (1, 564.2776489257812)]","[(1, 30.615732828776043), (2, 38.68628692626953), (4, 42.77891710069444), (5, 56.542640686035156), (0, 64.56951141357422), (3, 96.40065002441406)]","[(0, 791.9891357421875), (1, 781.7557983398438)]","[(2, 58.39447576349432), (1, 63.10504150390625), (5, 85.62586669921875), (4, 88.71659712357955), (0, 158.3671630859375), (3, 254.11802842881946)]","[(0, 2010.8641357421875), (1, 1411.4566650390625)]","[(5, 20.329251802884617), (1, 20.989497884114584), (2, 21.10196794782366), (4, 22.965192522321427), (0, 41.53290264423077), (3, 50.630147298177086)]","[(0, 319.6053466796875), (1, 359.6868896484375)]"
350,"[(0, 544.8985595703125), (1, 600.0824584960938)]","[(0, 1220.156982421875), (1, 1600.5830078125)]","[(0, 1118.3375244140625), (1, 1097.8621826171875)]","[(0, 904.544189453125), (1, 1064.4727783203125)]","[(0, 1575.9952392578125), (1, 1440.0447998046875)]","[(0, 1515.63427734375), (1, 1419.1656494140625)]","[(0, 4200.333984375), (1, 5290.37646484375)]","[(0, 972.0140380859375), (1, 805.8175659179688)]","[(3, 29.299717829777645), (4, 32.683602469308035), (5, 48.60290018717448), (1, 57.5417226155599), (0, 62.9739823774858), (2, 95.13612670898438)]","[(0, 817.1748046875), (1, 439.38092041015625)]","[(2, 51.580362955729164), (1, 55.6611442565918), (0, 99.86604527064732), (5, 104.37511268028847), (4, 109.2911376953125), (3, 224.3963826497396)]","[(0, 404.0392761230469), (1, 542.5441284179688)]","[(1, 101.24875895182292), (2, 121.1062344637784), (4, 121.51200358072917), (0, 144.04341264204547), (5, 146.58418412642047), (3, 169.76631303267047)]","[(0, 439.0686340332031), (1, 465.2887878417969)]"
351,"[(0, 607.653076171875), (1, 663.60986328125)]","[(0, 1360.533203125), (1, 1639.4932861328125)]","[(0, 2808.169189453125), (1, 2946.189697265625)]","[(0, 2692.409912109375), (1, 3414.73681640625)]","[(0, 4693.90234375), (1, 2318.981201171875)]","[(0, 2488.449462890625), (1, 2563.751708984375)]","[(0, 1950.9517822265625), (1, 1736.48388671875)]","[(0, 1224.8326416015625), (1, 761.4531860351562)]","[(4, 31.112101236979168), (2, 31.351883951822916), (5, 34.18152073451451), (1, 39.3073844909668), (0, 58.28157697405134), (3, 62.82181020883414)]","[(0, 2671.986083984375), (1, 1611.0126953125)]","[(2, 348.579443359375), (1, 349.2725941051136), (0, 369.9404541015625), (5, 378.4511962890625), (4, 381.74951171875), (3, 400.7134521484375)]","[(0, 803.9982299804688), (1, 777.40283203125)]","[(4, 41.962361653645836), (1, 48.669833713107636), (5, 54.00149917602539), (3, 59.333370208740234), (2, 79.717529296875), (0, 83.39010620117188)]","[(0, 427.2998962402344), (1, 481.3176574707031)]"
352,"[(0, 514.6602172851562), (1, 541.6708984375)]","[(0, 1210.2205810546875), (1, 1358.7625732421875)]","[(0, 1701.55224609375), (1, 1996.7412109375)]","[(0, 1560.644775390625), (1, 1532.0289306640625)]","[(0, 2409.343017578125), (1, 1312.5406494140625)]","[(0, 2911.84033203125), (1, 3223.334716796875)]","[(0, 2506.216552734375), (1, 2725.1396484375)]","[(0, 1846.7340087890625), (1, 1833.291748046875)]","[(1, 86.03081403459821), (2, 96.82888559194711), (5, 98.96810913085938), (4, 102.6244365985577), (3, 143.32054554332387), (0, 153.84723917643228)]","[(0, 3437.1337890625), (1, 1941.4610595703125)]","[(4, 23.799280802408855), (5, 33.015838623046875), (1, 35.733188205295136), (2, 38.43214797973633), (3, 43.74409103393555), (0, 50.543983459472656)]","[(0, 624.5267333984375), (1, 628.2282104492188)]","[(5, 164.05850830078126), (4, 165.0675381747159), (2, 187.01329345703124), (1, 192.2090509588068), (3, 246.8693359375), (0, 291.1201904296875)]","[(0, 2651.3896484375), (1, 2990.739501953125)]"
353,"[(0, 775.8707885742188), (1, 872.1781005859375)]","[(0, 939.8499755859375), (1, 1365.0052490234375)]","[(0, 10074.818359375), (1, 9087.7724609375)]","[(0, 1857.9825439453125), (1, 1364.691650390625)]","[(0, 1795.52978515625), (1, 1009.6946411132812)]","[(0, 5885.76025390625), (1, 5380.91845703125)]","[(0, 5358.16650390625), (1, 5642.41357421875)]","[(0, 687.5191650390625), (1, 620.8200073242188)]","[(4, 28.498968505859374), (1, 30.5977783203125), (3, 31.413800920758927), (0, 31.58526611328125), (5, 47.93425105168269), (2, 52.859283447265625)]","[(0, 1243.075439453125), (1, 1946.9677734375)]","[(2, 92.48555501302083), (1, 98.22495680588942), (5, 130.99220969460228), (4, 136.46707153320312), (0, 165.5116854580966), (3, 303.9328857421875)]","[(0, 500.415771484375), (1, 425.4073486328125)]","[(1, 15.957342294546274), (0, 18.62743377685547), (3, 19.436424255371094), (2, 19.96511713663737), (5, 20.68679936726888), (4, 24.29547588641827)]","[(0, 402.6850280761719), (1, 412.51519775390625)]"
354,"[(0, 865.6809692382812), (1, 947.7589721679688)]","[(0, 1619.7978515625), (1, 2631.155517578125)]","[(0, 3319.9599609375), (1, 3296.034423828125)]","[(0, 716.8682250976562), (1, 611.9862670898438)]","[(0, 740.459716796875), (1, 667.7971801757812)]","[(0, 4049.4658203125), (1, 3886.423095703125)]","[(0, 6652.822265625), (1, 7005.83642578125)]","[(0, 692.8059692382812), (1, 417.9424133300781)]","[(5, 58.33385675603693), (4, 69.7238260904948), (2, 84.2213134765625), (1, 91.28216552734375), (0, 99.41872151692708), (3, 99.49840087890625)]","[(0, 1744.361328125), (1, 1591.38623046875)]","[(4, 27.093505859375), (1, 34.980224609375), (2, 36.85394287109375), (0, 44.34883335658482), (5, 51.12493896484375), (3, 55.0472412109375)]","[(0, 1290.678466796875), (1, 970.90869140625)]","[(4, 74.22600809733073), (1, 78.76677958170573), (5, 80.06920276988636), (2, 85.42571466619319), (3, 118.1512451171875), (0, 126.2020263671875)]","[(0, 1632.8896484375), (1, 1782.921630859375)]"
355,"[(0, 642.5646362304688), (1, 744.1329956054688)]","[(0, 1480.84521484375), (1, 2110.947021484375)]","[(0, 7777.55810546875), (1, 7071.80859375)]","[(0, 2623.7021484375), (1, 2264.953125)]","[(0, 782.4453735351562), (1, 621.7606201171875)]","[(0, 3575.587646484375), (1, 3724.32177734375)]","[(0, 6739.16943359375), (1, 9254.841796875)]","[(0, 826.9406127929688), (1, 956.0148315429688)]","[(2, 43.05097452799479), (1, 52.00983605018029), (5, 59.10588489879262), (4, 72.8853759765625), (0, 107.60646750710227), (3, 194.76409912109375)]","[(0, 1641.5107421875), (1, 1489.2626953125)]","[(4, 26.86456807454427), (1, 32.614654541015625), (3, 35.22105823863637), (0, 45.924520874023436), (5, 50.4585205078125), (2, 75.06785074869792)]","[(0, 3855.18603515625), (1, 2903.903564453125)]","[(1, 27.463856288364955), (2, 28.06078866811899), (5, 55.73147860440341), (0, 58.08501688639323), (4, 59.54051717122396), (3, 111.5537109375)]","[(0, 1484.0948486328125), (1, 1705.0487060546875)]"
356,"[(0, 1038.42333984375), (1, 1189.4796142578125)]","[(0, 347.0694580078125), (1, 402.1318359375)]","[(0, 1414.8643798828125), (1, 2188.712158203125)]","[(0, 1091.076171875), (1, 1273.0032958984375)]","[(0, 3302.654541015625), (1, 1822.572509765625)]","[(0, 2898.202880859375), (1, 3058.927978515625)]","[(0, 4014.2333984375), (1, 5311.05712890625)]","[(0, 749.1190795898438), (1, 571.793701171875)]","[(4, 34.1089599609375), (3, 35.49502345493862), (0, 50.01118469238281), (1, 51.04204852764423), (5, 56.50758713942308), (2, 81.13840553977273)]","[(0, 1012.5817260742188), (1, 471.0981750488281)]","[(2, 19.974923270089285), (1, 28.875506591796874), (4, 30.4613530085637), (5, 33.686510721842446), (0, 36.003406231219955), (3, 67.90532337535511)]","[(0, 1923.998779296875), (1, 2540.505615234375)]","[(1, 53.05373273577009), (2, 53.33321439302885), (5, 56.37739701704545), (4, 62.03812154134115), (3, 66.95910034179687), (0, 73.73591613769531)]","[(0, 480.45025634765625), (1, 499.9359130859375)]"
357,"[(0, 562.965087890625), (1, 636.229736328125)]","[(0, 504.7175598144531), (1, 635.9600830078125)]","[(0, 2410.155517578125), (1, 1903.7291259765625)]","[(0, 362.5217590332031), (1, 420.638916015625)]","[(0, 992.863525390625), (1, 640.9883422851562)]","[(0, 3472.54248046875), (1, 3267.706298828125)]","[(0, 1974.3275146484375), (1, 1721.996337890625)]","[(0, 1038.0079345703125), (1, 905.279052734375)]","[(5, 96.86111215444711), (4, 99.91200474330357), (2, 102.7776630108173), (1, 104.66360037667411), (3, 118.30280010516827), (0, 125.12717848557692)]","[(0, 1140.4703369140625), (1, 640.853271484375)]","[(3, 42.90132493239183), (4, 44.72491891043527), (0, 55.0161387125651), (5, 79.32586669921875), (1, 80.54239595853366), (2, 123.10539106889205)]","[(0, 616.5733032226562), (1, 445.26348876953125)]","[(1, 51.23468017578125), (2, 52.81710205078125), (4, 58.1514726118608), (5, 61.598382568359376), (0, 73.16345825195313), (3, 81.37518310546875)]","[(0, 799.7368774414062), (1, 833.920166015625)]"
358,"[(0, 517.3544921875), (1, 536.4864501953125)]","[(0, 501.0502014160156), (1, 561.2804565429688)]","[(0, 718.8182983398438), (1, 929.915283203125)]","[(0, 6561.46435546875), (1, 6430.0576171875)]","[(0, 393.0353088378906), (1, 351.13818359375)]","[(0, 3414.8212890625), (1, 2959.37255859375)]","[(0, 1745.3804931640625), (1, 1930.905517578125)]","[(0, 1523.318115234375), (1, 1763.197265625)]","[(1, 31.31410026550293), (2, 35.902640206473215), (4, 47.076759338378906), (5, 57.26287405831473), (0, 61.437142508370535), (3, 99.57303292410714)]","[(0, 1328.365234375), (1, 1349.166259765625)]","[(4, 172.6143798828125), (2, 186.10531005859374), (5, 189.44697709517047), (1, 190.87331321022728), (3, 199.86894087357953), (0, 245.5294677734375)]","[(0, 2219.31884765625), (1, 1668.98583984375)]","[(2, 23.825698852539062), (1, 27.801407877604166), (0, 55.57366473858173), (5, 56.138641357421875), (4, 57.33896108774039), (3, 108.3388338955966)]","[(0, 1982.0831298828125), (1, 1771.306396484375)]"
359,"[(0, 930.2293090820312), (1, 1012.0841064453125)]","[(0, 581.3004150390625), (1, 674.5531616210938)]","[(0, 3130.285888671875), (1, 2702.782958984375)]","[(0, 567.7149658203125), (1, 697.5665283203125)]","[(0, 3063.657470703125), (1, 1740.0447998046875)]","[(0, 2466.02734375), (1, 2703.148681640625)]","[(0, 3896.5732421875), (1, 4608.5517578125)]","[(0, 1068.9647216796875), (1, 783.3002319335938)]","[(1, 30.372052001953126), (4, 33.60516357421875), (2, 35.53368486676897), (5, 39.03035325270433), (0, 65.26917442908653), (3, 80.99139912923177)]","[(0, 1196.1986083984375), (1, 1099.544921875)]","[(2, 38.32257549579327), (5, 42.43672532301683), (4, 48.77390398297991), (0, 60.21127084585336), (1, 63.03216552734375), (3, 68.04866379957933)]","[(0, 881.0686645507812), (1, 775.00146484375)]","[(1, 168.73224894205728), (4, 195.6811319986979), (2, 225.4978693181818), (0, 241.91108842329547), (5, 272.8095037286932), (3, 278.1572931463068)]","[(0, 1702.699951171875), (1, 1691.85986328125)]"
360,"[(0, 602.0540161132812), (1, 774.0209350585938)]","[(0, 426.2870178222656), (1, 500.7384948730469)]","[(0, 670.2081909179688), (1, 907.4776611328125)]","[(0, 1005.4445190429688), (1, 1038.35546875)]","[(0, 1951.7352294921875), (1, 1151.6826171875)]","[(0, 3388.0146484375), (1, 3811.08203125)]","[(0, 4078.51416015625), (1, 5193.189453125)]","[(0, 748.9725952148438), (1, 767.4219970703125)]","[(4, 37.75082194010417), (3, 38.524196079799104), (1, 62.821402413504465), (0, 64.9925537109375), (5, 71.76111309344952), (2, 104.00667317708333)]","[(0, 822.4835205078125), (1, 820.3711547851562)]","[(4, 19.40446573893229), (3, 22.81074959891183), (0, 30.45909881591797), (5, 33.06258451021635), (2, 40.245813543146305), (1, 44.9212411733774)]","[(0, 570.5441284179688), (1, 502.6101379394531)]","[(2, 20.509708658854166), (1, 22.57564926147461), (0, 37.76971871512277), (5, 38.35090754582332), (4, 49.43784441266741), (3, 74.48043314615886)]","[(0, 2072.082763671875), (1, 2367.94287109375)]"
361,"[(0, 784.0274658203125), (1, 878.2914428710938)]","[(0, 583.2467651367188), (1, 725.3360595703125)]","[(0, 1106.3995361328125), (1, 970.7545776367188)]","[(0, 1580.7864990234375), (1, 1362.9012451171875)]","[(0, 1636.7984619140625), (1, 1456.422119140625)]","[(0, 2669.034423828125), (1, 2352.414306640625)]","[(0, 2096.98193359375), (1, 1888.6304931640625)]","[(0, 988.3341674804688), (1, 571.031005859375)]","[(5, 82.137158203125), (4, 84.19303755326705), (3, 104.41766357421875), (2, 129.86707763671876), (1, 130.98359818892047), (0, 165.76197509765626)]","[(0, 4497.8125), (1, 2935.004150390625)]","[(2, 21.598775227864582), (5, 24.83203125), (1, 32.35643826998197), (4, 36.833343505859375), (0, 40.29527791341146), (3, 46.95486958821615)]","[(0, 1133.1885986328125), (1, 550.3704833984375)]","[(2, 35.461587759164665), (1, 36.62788609095982), (5, 59.333740234375), (4, 59.49000549316406), (0, 71.93847147623698), (3, 120.9071044921875)]","[(0, 1968.7611083984375), (1, 2194.80615234375)]"
362,"[(0, 578.171142578125), (1, 590.59375)]","[(0, 632.8678588867188), (1, 753.0177612304688)]","[(0, 7340.45068359375), (1, 8853.048828125)]","[(0, 1609.9791259765625), (1, 1947.824951171875)]","[(0, 1069.4964599609375), (1, 928.4810791015625)]","[(0, 2624.852294921875), (1, 2392.677978515625)]","[(0, 2394.75537109375), (1, 2614.765869140625)]","[(0, 733.345703125), (1, 765.3138427734375)]","[(2, 43.49309488932292), (1, 50.40718078613281), (5, 61.801927839006694), (4, 64.64072672526042), (0, 83.47494942801339), (3, 141.3681640625)]","[(0, 823.4292602539062), (1, 954.7283325195312)]","[(4, 94.49581204927884), (5, 114.55800374348958), (2, 121.68752034505208), (1, 131.83081993689905), (3, 157.16403198242188), (0, 173.179931640625)]","[(0, 1021.3871459960938), (1, 608.287109375)]","[(4, 47.15986772017045), (1, 53.98237193714488), (3, 57.694366455078125), (0, 64.89286499023437), (5, 70.04219970703124), (2, 77.70054931640625)]","[(0, 1797.15625), (1, 1685.9808349609375)]"
363,"[(0, 647.5994262695312), (1, 777.9290161132812)]","[(0, 566.3935546875), (1, 640.50927734375)]","[(0, 2248.610107421875), (1, 2767.556884765625)]","[(0, 1234.7623291015625), (1, 1087.8656005859375)]","[(0, 3443.229248046875), (1, 1937.80859375)]","[(0, 1781.89404296875), (1, 2029.0675048828125)]","[(0, 2075.981201171875), (1, 2829.709716796875)]","[(0, 874.7171020507812), (1, 585.7677612304688)]","[(4, 42.40565373347356), (5, 42.88892618815104), (1, 44.67390324519231), (2, 44.842437744140625), (3, 57.7198740641276), (0, 60.95274353027344)]","[(0, 598.6517333984375), (1, 478.7489929199219)]","[(4, 85.76828002929688), (5, 93.34796820746527), (3, 93.85181342230902), (1, 96.45849609375), (2, 105.98182508680556), (0, 110.06680636935764)]","[(0, 1013.059814453125), (1, 881.8802490234375)]","[(3, 26.804825846354166), (4, 35.43278121948242), (5, 39.46911185128348), (1, 46.93666294642857), (0, 52.01700533353365), (2, 77.82588704427083)]","[(0, 2365.719482421875), (1, 2237.05908203125)]"
364,"[(0, 662.9862060546875), (1, 756.6043090820312)]","[(0, 1269.77197265625), (1, 1400.537353515625)]","[(0, 6733.0087890625), (1, 6781.79931640625)]","[(0, 3055.837158203125), (1, 2923.811279296875)]","[(0, 2363.1748046875), (1, 1350.8934326171875)]","[(0, 1149.5032958984375), (1, 1253.046142578125)]","[(0, 1254.5718994140625), (1, 1538.5113525390625)]","[(0, 2492.470458984375), (1, 2175.1484375)]","[(1, 40.70785287710336), (4, 45.58482947716346), (2, 46.82657368977865), (5, 52.346588134765625), (0, 53.84416198730469), (3, 58.865936279296875)]","[(0, 614.1738891601562), (1, 487.3406677246094)]","[(2, 92.5926513671875), (1, 100.85451253255208), (5, 108.07069091796875), (0, 108.77468039772727), (4, 111.19672185724431), (3, 140.236767578125)]","[(0, 972.1145629882812), (1, 808.4951782226562)]","[(4, 65.47891671316964), (3, 69.3820331280048), (5, 97.7261962890625), (1, 125.2611796061198), (0, 130.3197354403409), (2, 231.301220703125)]","[(0, 866.4630737304688), (1, 951.0782470703125)]"
365,"[(0, 786.1032104492188), (1, 842.5753173828125)]","[(0, 1754.764404296875), (1, 2061.957763671875)]","[(0, 5788.357421875), (1, 4524.6064453125)]","[(0, 1229.0802001953125), (1, 1169.9344482421875)]","[(0, 620.5814819335938), (1, 729.5269775390625)]","[(0, 1917.89013671875), (1, 1808.403564453125)]","[(0, 2135.092041015625), (1, 1893.1214599609375)]","[(0, 1188.4381103515625), (1, 617.1983642578125)]","[(3, 22.031844075520834), (4, 27.2799072265625), (1, 31.067315673828126), (0, 36.176173618861604), (5, 36.667327880859375), (2, 56.32151442307692)]","[(0, 1263.4002685546875), (1, 805.0402221679688)]","[(4, 123.10469193892045), (5, 146.06116943359376), (3, 158.3766845703125), (1, 170.88459916548297), (2, 199.99410400390624), (0, 234.2560546875)]","[(0, 1161.3592529296875), (1, 1277.3648681640625)]","[(5, 82.79072265625), (4, 83.32893510298295), (2, 90.78689575195312), (1, 95.30863813920455), (3, 96.03649291992187), (0, 115.6761962890625)]","[(0, 966.3417358398438), (1, 1046.398681640625)]"
366,"[(0, 1175.6195068359375), (1, 1459.9898681640625)]","[(0, 1603.6824951171875), (1, 1740.0538330078125)]","[(0, 5755.27001953125), (1, 5639.02490234375)]","[(0, 1220.239501953125), (1, 1349.052978515625)]","[(0, 1820.6448974609375), (1, 989.16259765625)]","[(0, 2896.54345703125), (1, 2598.3212890625)]","[(0, 1997.37451171875), (1, 2250.419921875)]","[(0, 1820.0791015625), (1, 1670.3226318359375)]","[(4, 76.51232038225446), (3, 80.41934908353366), (1, 97.47935133713942), (0, 123.362060546875), (5, 164.80980428059897), (2, 233.44016335227272)]","[(0, 849.2898559570312), (1, 467.3141784667969)]","[(2, 67.71251886541194), (1, 84.05259195963542), (5, 88.3153242631392), (4, 96.84918212890625), (0, 105.2995272549716), (3, 141.05079234730113)]","[(0, 540.1427612304688), (1, 480.8506164550781)]","[(4, 52.289306640625), (1, 53.82021817294034), (2, 60.04010009765625), (5, 60.0991943359375), (3, 93.65769653320312), (0, 101.58848876953125)]","[(0, 1312.670166015625), (1, 1073.2200927734375)]"
367,"[(0, 1254.729736328125), (1, 1425.465576171875)]","[(0, 1495.5164794921875), (1, 1579.6614990234375)]","[(0, 2313.929931640625), (1, 1487.5196533203125)]","[(0, 1555.1651611328125), (1, 1283.26416015625)]","[(0, 1179.153076171875), (1, 635.5751342773438)]","[(0, 425.5986633300781), (1, 480.58612060546875)]","[(0, 7251.51416015625), (1, 9913.9609375)]","[(0, 475.9440612792969), (1, 290.8150329589844)]","[(0, 113.62305626502403), (3, 116.6852557842548), (1, 123.15655517578125), (4, 124.9541015625), (2, 128.86842698317307), (5, 133.70606407752405)]","[(0, 1301.130126953125), (1, 927.8543090820312)]","[(4, 62.4627939860026), (1, 63.19125643643466), (3, 64.1850253018466), (0, 72.70463256835937), (5, 105.15576171875), (2, 141.301025390625)]","[(0, 2193.950439453125), (1, 1285.6767578125)]","[(4, 55.348628743489584), (5, 84.38906625600961), (3, 89.36542619977679), (1, 96.73566143329327), (0, 113.67127482096355), (2, 136.8893377130682)]","[(0, 1450.2191162109375), (1, 1291.563232421875)]"
368,"[(0, 411.84991455078125), (1, 472.8589782714844)]","[(0, 1159.3236083984375), (1, 1502.839599609375)]","[(0, 3478.89013671875), (1, 3027.517333984375)]","[(0, 1483.122802734375), (1, 1413.5897216796875)]","[(0, 3027.07275390625), (1, 1954.280517578125)]","[(0, 5602.8466796875), (1, 6158.67236328125)]","[(0, 8155.2744140625), (1, 13093.5322265625)]","[(0, 1000.2633056640625), (1, 647.7350463867188)]","[(2, 39.945393880208336), (1, 47.25926325871394), (5, 58.9864501953125), (4, 59.887471516927086), (0, 72.47722278941761), (3, 152.46326904296876)]","[(0, 4576.45703125), (1, 3248.897705078125)]","[(1, 64.30727277483258), (2, 64.60329965444711), (5, 74.39403742009944), (4, 82.6927998860677), (0, 102.47200520833333), (3, 156.149853515625)]","[(0, 590.879638671875), (1, 359.9344787597656)]","[(4, 51.64983771829044), (5, 55.00928955078125), (1, 55.443172200520834), (3, 60.568443298339844), (0, 86.68757847377232), (2, 99.51781287560097)]","[(0, 1797.4725341796875), (1, 1736.48974609375)]"
369,"[(0, 751.8864135742188), (1, 881.2191162109375)]","[(0, 1739.268310546875), (1, 2483.029052734375)]","[(0, 1886.60888671875), (1, 1977.028564453125)]","[(0, 1356.4715576171875), (1, 1015.7933349609375)]","[(0, 1555.8818359375), (1, 1030.7080078125)]","[(0, 2034.5648193359375), (1, 1727.299072265625)]","[(0, 1519.1290283203125), (1, 1328.63818359375)]","[(0, 665.64453125), (1, 392.9569396972656)]","[(4, 25.07878023035386), (1, 26.27565810259651), (3, 35.001749674479164), (0, 37.077327473958334), (5, 39.15416259765625), (2, 41.26041259765625)]","[(0, 1389.5269775390625), (1, 849.8148803710938)]","[(4, 121.95055135091145), (3, 124.93894264914773), (5, 134.65156693892047), (0, 161.23377574573863), (2, 185.5181329900568), (1, 234.9256388346354)]","[(0, 1289.7926025390625), (1, 1019.1375732421875)]","[(1, 24.167598724365234), (2, 34.495570591517854), (4, 36.65448811848958), (0, 43.16039603097098), (5, 47.10999943659856), (3, 59.6323007436899)]","[(0, 2785.875), (1, 2989.276611328125)]"
370,"[(0, 804.3207397460938), (1, 969.7783203125)]","[(0, 1778.426513671875), (1, 1872.0146484375)]","[(0, 3284.252197265625), (1, 3328.5322265625)]","[(0, 2341.33984375), (1, 2491.107421875)]","[(0, 966.0201416015625), (1, 883.7767944335938)]","[(0, 1259.0718994140625), (1, 1170.8502197265625)]","[(0, 1430.1920166015625), (1, 1590.434814453125)]","[(0, 588.5824584960938), (1, 413.36053466796875)]","[(1, 57.287401471819194), (0, 61.71095158503606), (4, 63.07100568498884), (2, 66.47393329326923), (3, 67.02178485576923), (5, 72.61455829326923)]","[(0, 532.165283203125), (1, 387.0062255859375)]","[(1, 127.86384721235795), (0, 144.68388671875), (3, 149.756591796875), (4, 153.84937744140626), (2, 169.79464111328124), (5, 207.00938585069446)]","[(0, 584.5210571289062), (1, 823.5258178710938)]","[(1, 75.22221961388222), (4, 94.6358133951823), (3, 95.96970436789773), (2, 105.18876139322917), (0, 109.23245239257812), (5, 129.8673095703125)]","[(0, 872.8500366210938), (1, 1004.266845703125)]"
371,"[(0, 820.3907470703125), (1, 943.5446166992188)]","[(0, 1149.8948974609375), (1, 1242.166015625)]","[(0, 2575.10791015625), (1, 2242.695068359375)]","[(0, 2347.975341796875), (1, 2487.2216796875)]","[(0, 4053.22119140625), (1, 2284.1904296875)]","[(0, 3558.68017578125), (1, 4013.521728515625)]","[(0, 2329.058837890625), (1, 2711.41455078125)]","[(0, 389.57928466796875), (1, 296.0708923339844)]","[(4, 63.096944173177086), (5, 64.62902277166194), (3, 81.13948364257813), (1, 84.38046700613839), (2, 84.54888446514423), (0, 91.7845967610677)]","[(0, 1341.7535400390625), (1, 1193.575439453125)]","[(1, 335.88192471590907), (2, 368.615234375), (4, 399.09792258522725), (5, 443.001513671875), (0, 450.59482421875), (3, 531.5607421875)]","[(0, 258.76434326171875), (1, 259.1737976074219)]","[(1, 27.634366716657365), (2, 27.725341796875), (5, 45.08153464577415), (4, 45.66209411621094), (0, 52.094767252604164), (3, 95.764404296875)]","[(0, 2091.21142578125), (1, 2034.734619140625)]"
372,"[(0, 904.138427734375), (1, 967.1632080078125)]","[(0, 346.6168212890625), (1, 409.7256164550781)]","[(0, 2422.0263671875), (1, 2228.772216796875)]","[(0, 1740.657958984375), (1, 1568.9552001953125)]","[(0, 1726.9688720703125), (1, 1136.4163818359375)]","[(0, 3403.75048828125), (1, 3677.276123046875)]","[(0, 2435.733642578125), (1, 2973.345947265625)]","[(0, 561.3251342773438), (1, 602.6839599609375)]","[(2, 84.80781555175781), (1, 86.76477989783653), (5, 95.07400512695312), (4, 97.88845590444711), (0, 135.93807983398438), (3, 150.285888671875)]","[(0, 1472.714111328125), (1, 1461.1480712890625)]","[(2, 25.986822945731028), (1, 31.018436431884766), (5, 35.70129830496652), (4, 40.10093307495117), (0, 46.25608607700893), (3, 64.98345511300224)]","[(0, 808.8572387695312), (1, 574.3152465820312)]","[(1, 16.992715454101564), (2, 17.523910522460938), (5, 17.55222379244291), (4, 28.552566528320312), (0, 34.25014085036058), (3, 38.511583964029946)]","[(0, 1861.3414306640625), (1, 1747.2747802734375)]"
373,"[(0, 660.67138671875), (1, 744.9736938476562)]","[(0, 863.785400390625), (1, 1039.5316162109375)]","[(0, 2062.271240234375), (1, 1469.719970703125)]","[(0, 1421.8385009765625), (1, 1476.584228515625)]","[(0, 786.7815551757812), (1, 666.1827392578125)]","[(0, 5359.5107421875), (1, 4806.0673828125)]","[(0, 1821.291748046875), (1, 1479.4759521484375)]","[(0, 366.9990539550781), (1, 396.05291748046875)]","[(1, 37.38924298967634), (2, 39.8130868765024), (5, 48.12249755859375), (4, 52.52268629807692), (0, 89.34029134114583), (3, 98.15360884232955)]","[(0, 372.7174987792969), (1, 413.9045104980469)]","[(1, 92.39631870814732), (4, 99.19010416666667), (0, 117.50826009114583), (5, 124.01768909801136), (2, 126.28113731971153), (3, 134.35185546875)]","[(0, 1382.3670654296875), (1, 618.8223876953125)]","[(4, 41.597328186035156), (5, 49.18807111467634), (1, 51.489698137555806), (3, 53.44186197916667), (2, 78.80457051595052), (0, 81.91211876502403)]","[(0, 1364.0032958984375), (1, 1640.682861328125)]"
374,"[(0, 638.3818969726562), (1, 710.827392578125)]","[(0, 382.19464111328125), (1, 408.6134948730469)]","[(0, 6160.93994140625), (1, 6687.591796875)]","[(0, 2146.73095703125), (1, 1982.864990234375)]","[(0, 1498.05810546875), (1, 916.1336669921875)]","[(0, 2723.0341796875), (1, 2420.51513671875)]","[(0, 784.3968505859375), (1, 900.0317993164062)]","[(0, 982.9012451171875), (1, 988.2955322265625)]","[(2, 35.691868373325896), (1, 38.4155517578125), (4, 74.23979840959821), (5, 75.23818265474759), (0, 81.23089130108173), (3, 158.0610148111979)]","[(0, 295.7768249511719), (1, 184.1366729736328)]","[(4, 73.64546508789063), (2, 79.650048828125), (5, 84.00863986545139), (1, 86.14898126775569), (3, 89.46772596571181), (0, 101.39166870117188)]","[(0, 566.4619140625), (1, 355.3704528808594)]","[(4, 19.414377848307293), (1, 19.73827890249399), (2, 20.52084223429362), (5, 21.687416770241477), (0, 40.36391379616477), (3, 45.999148559570315)]","[(0, 3037.338134765625), (1, 3347.18603515625)]"
375,"[(0, 1144.4072265625), (1, 1260.678955078125)]","[(0, 629.94287109375), (1, 726.7430419921875)]","[(0, 4927.99462890625), (1, 5222.59716796875)]","[(0, 1700.460693359375), (1, 1803.2242431640625)]","[(0, 1008.2468872070312), (1, 784.3736572265625)]","[(0, 3244.05859375), (1, 3493.20556640625)]","[(0, 3814.980224609375), (1, 5377.61962890625)]","[(0, 388.8265380859375), (1, 256.9136047363281)]","[(0, 293.04831764914775), (1, 297.47585042317706), (3, 299.87906161221593), (4, 301.43109130859375), (2, 330.59763405539775), (5, 338.3487659801136)]","[(0, 1389.183837890625), (1, 1156.8524169921875)]","[(1, 98.27381591796875), (2, 106.21196831597223), (0, 107.72083875868056), (4, 107.98868408203126), (5, 115.99430338541667), (3, 120.05021158854167)]","[(0, 1474.878662109375), (1, 1174.35888671875)]","[(1, 99.38901930588942), (2, 111.26880900065105), (0, 136.2853800455729), (4, 151.43997192382812), (5, 169.35807661576703), (3, 190.53966175426137)]","[(0, 2355.44482421875), (1, 2213.48291015625)]"
376,"[(0, 622.287353515625), (1, 682.4398193359375)]","[(0, 589.53125), (1, 559.4354248046875)]","[(0, 10227.11328125), (1, 9122.435546875)]","[(0, 1247.090087890625), (1, 1268.8236083984375)]","[(0, 817.9556274414062), (1, 690.2481689453125)]","[(0, 2815.907470703125), (1, 3303.098876953125)]","[(0, 2562.12158203125), (1, 3795.698974609375)]","[(0, 780.713134765625), (1, 404.36016845703125)]","[(4, 16.94589614868164), (1, 17.556298828125), (3, 21.652935791015626), (5, 24.145882742745535), (0, 26.992403302873885), (2, 29.04687734750601)]","[(0, 1452.2265625), (1, 814.26025390625)]","[(4, 67.45949808756511), (2, 71.60930841619319), (0, 78.27655029296875), (5, 82.3468905362216), (3, 91.4061445756392), (1, 113.4680887858073)]","[(0, 651.7359619140625), (1, 513.6246948242188)]","[(3, 57.29607340494792), (1, 59.791416713169646), (4, 64.59300231933594), (0, 72.81882887620192), (5, 74.51483154296875), (2, 74.57691955566406)]","[(0, 1953.1932373046875), (1, 1628.6890869140625)]"
377,"[(0, 955.68798828125), (1, 1011.4891357421875)]","[(0, 710.1701049804688), (1, 805.6050415039062)]","[(0, 4544.47314453125), (1, 4960.98388671875)]","[(0, 3959.01513671875), (1, 4016.125244140625)]","[(0, 2514.21337890625), (1, 1306.1075439453125)]","[(0, 5308.13525390625), (1, 4765.00634765625)]","[(0, 1538.6904296875), (1, 1358.41015625)]","[(0, 1480.6553955078125), (1, 1174.833251953125)]","[(5, 86.78603515625), (4, 89.3187422318892), (2, 118.98919677734375), (1, 121.9496182528409), (3, 128.517529296875), (0, 181.03388671875)]","[(0, 1195.0367431640625), (1, 997.67626953125)]","[(4, 42.372471400669646), (3, 49.68876647949219), (1, 58.323438371930806), (5, 67.71942647298177), (0, 72.7924296061198), (2, 99.37061564127605)]","[(0, 505.0257263183594), (1, 593.8038330078125)]","[(1, 17.722964816623264), (5, 20.367709889131433), (4, 23.46799830386513), (2, 25.780921936035156), (3, 26.527146283318014), (0, 33.73891830444336)]","[(0, 321.4277648925781), (1, 341.1136779785156)]"
378,"[(0, 631.9317626953125), (1, 758.13916015625)]","[(0, 962.7996826171875), (1, 1195.5526123046875)]","[(0, 4322.9677734375), (1, 3044.6669921875)]","[(0, 1523.610107421875), (1, 1283.0811767578125)]","[(0, 2101.55859375), (1, 1148.94384765625)]","[(0, 3392.35009765625), (1, 3298.78271484375)]","[(0, 2464.592041015625), (1, 2844.7578125)]","[(0, 1367.11181640625), (1, 1037.302978515625)]","[(4, 89.57137044270833), (5, 91.98947420987216), (3, 96.35666725852273), (1, 102.12191772460938), (2, 114.90732643821023), (0, 120.90399724786931)]","[(0, 1480.5557861328125), (1, 894.0886840820312)]","[(2, 53.76506551106771), (5, 58.581746419270836), (4, 62.27918419471154), (1, 80.45399827223558), (0, 89.44242350260417), (3, 96.7905985514323)]","[(0, 1318.9105224609375), (1, 1106.0830078125)]","[(1, 18.409601548138788), (2, 21.69008585611979), (0, 26.62094523111979), (5, 41.87378365652902), (4, 44.51065444946289), (3, 56.56034633091518)]","[(0, 591.6293334960938), (1, 677.1710205078125)]"
379,"[(0, 399.2391357421875), (1, 420.8106384277344)]","[(0, 1381.7127685546875), (1, 1981.322509765625)]","[(0, 6035.57421875), (1, 5632.134765625)]","[(0, 698.2101440429688), (1, 700.1878662109375)]","[(0, 2116.941650390625), (1, 1152.1451416015625)]","[(0, 1290.4908447265625), (1, 1370.38818359375)]","[(0, 2367.493408203125), (1, 2504.413818359375)]","[(0, 1442.7796630859375), (1, 1308.5948486328125)]","[(2, 20.677982584635416), (1, 24.81723403930664), (4, 27.012760707310267), (5, 29.539884127103367), (0, 31.384593418666295), (3, 60.29222615559896)]","[(0, 505.8275451660156), (1, 600.1385498046875)]","[(3, 50.95549427379262), (4, 50.95898946126302), (0, 56.55728658040365), (5, 59.77763227982955), (2, 61.04078674316406), (1, 81.974365234375)]","[(0, 406.6650695800781), (1, 386.60357666015625)]","[(1, 25.985436575753347), (4, 26.45865478515625), (3, 28.799076625279017), (0, 33.60926231971154), (5, 37.4273916391226), (2, 53.993001302083336)]","[(0, 1682.309326171875), (1, 1538.946533203125)]"
380,"[(0, 705.4436645507812), (1, 830.3565063476562)]","[(0, 1262.98876953125), (1, 1548.6429443359375)]","[(0, 2512.207275390625), (1, 2006.698486328125)]","[(0, 1293.0087890625), (1, 1179.364501953125)]","[(0, 590.8277587890625), (1, 635.2781372070312)]","[(0, 5569.70458984375), (1, 6099.1708984375)]","[(0, 3084.507568359375), (1, 3803.620361328125)]","[(0, 1015.3163452148438), (1, 877.7529296875)]","[(4, 52.25962477463942), (5, 59.60187276204427), (1, 64.97984900841347), (3, 70.86975606282552), (2, 71.91196187337239), (0, 87.27360026041667)]","[(0, 918.4453125), (1, 787.51123046875)]","[(2, 31.0945561726888), (1, 36.455780029296875), (5, 38.59850311279297), (4, 44.26092059795673), (0, 68.5582108931108), (3, 95.13032670454545)]","[(0, 545.270751953125), (1, 404.6373596191406)]","[(4, 195.8255411783854), (5, 217.3663662997159), (1, 230.8885498046875), (3, 246.4568536931818), (2, 263.00741299715907), (0, 306.5680042613636)]","[(0, 1588.9173583984375), (1, 1653.010009765625)]"
381,"[(0, 711.969482421875), (1, 804.4799194335938)]","[(0, 677.6755981445312), (1, 788.5904541015625)]","[(0, 2810.4599609375), (1, 2533.773193359375)]","[(0, 1973.1549072265625), (1, 1729.42529296875)]","[(0, 715.6495971679688), (1, 786.861083984375)]","[(0, 4861.65771484375), (1, 4488.99755859375)]","[(0, 3578.241455078125), (1, 3268.84716796875)]","[(0, 931.7146606445312), (1, 701.3009033203125)]","[(4, 44.081547037760416), (5, 52.63002668108259), (2, 57.5867919921875), (1, 59.04714584350586), (3, 66.41221736027644), (0, 71.40995134626117)]","[(0, 1766.816162109375), (1, 1062.24267578125)]","[(2, 11.962154933384486), (4, 12.673504829406738), (5, 13.82801273890904), (1, 15.790334701538086), (0, 16.102197919573104), (3, 18.877153669084823)]","[(0, 485.0920104980469), (1, 405.35614013671875)]","[(4, 76.97697448730469), (5, 92.2313065962358), (1, 100.32185872395833), (3, 113.44256036931819), (2, 128.5281982421875), (0, 156.14918101917613)]","[(0, 1861.9459228515625), (1, 1790.314697265625)]"
382,"[(0, 656.3065795898438), (1, 835.904296875)]","[(0, 798.9055786132812), (1, 1091.979736328125)]","[(0, 3081.952392578125), (1, 2972.491455078125)]","[(0, 1446.6947021484375), (1, 1328.8131103515625)]","[(0, 3258.523193359375), (1, 1722.63525390625)]","[(0, 1995.718017578125), (1, 1868.3681640625)]","[(0, 3056.157958984375), (1, 3626.89697265625)]","[(0, 1264.1650390625), (1, 1025.134033203125)]","[(2, 50.06852839543269), (1, 55.45642525809152), (5, 85.3051424893466), (0, 90.1268310546875), (4, 94.02206420898438), (3, 186.216259765625)]","[(0, 665.4683837890625), (1, 640.8261108398438)]","[(2, 38.71510532924107), (1, 47.09748840332031), (5, 53.32979038783482), (4, 53.95542526245117), (0, 62.035975864955354), (3, 85.91922433035714)]","[(0, 1666.94189453125), (1, 1308.325927734375)]","[(1, 16.88619893391927), (4, 26.264779227120535), (2, 29.088958740234375), (0, 33.13077955979567), (5, 34.53387451171875), (3, 38.66677602132162)]","[(0, 1815.3265380859375), (1, 1767.504638671875)]"
383,"[(0, 919.8167114257812), (1, 1160.4635009765625)]","[(0, 946.0224609375), (1, 1344.8876953125)]","[(0, 3849.832763671875), (1, 2838.704833984375)]","[(0, 1497.62451171875), (1, 1729.56298828125)]","[(0, 1596.7166748046875), (1, 876.7937622070312)]","[(0, 4600.30078125), (1, 4874.1552734375)]","[(0, 2531.27099609375), (1, 2813.356201171875)]","[(0, 1181.457275390625), (1, 696.2246704101562)]","[(1, 74.19137807992789), (2, 85.46376546223958), (4, 91.4258563701923), (0, 102.47532145182292), (5, 104.14944458007812), (3, 127.76736450195312)]","[(0, 543.720703125), (1, 500.9687194824219)]","[(1, 18.282079424176896), (2, 18.328108469645183), (4, 28.217067173549108), (5, 30.163121541341145), (0, 38.40326182047526), (3, 67.69172668457031)]","[(0, 1122.2017822265625), (1, 1013.5855712890625)]","[(1, 49.10129656110491), (2, 65.99708909254808), (4, 66.63051194411058), (5, 90.8558858235677), (0, 122.68135579427083), (3, 124.6447420987216)]","[(0, 2695.590576171875), (1, 2536.85107421875)]"
384,"[(0, 463.02130126953125), (1, 511.9629211425781)]","[(0, 1063.9581298828125), (1, 1435.6568603515625)]","[(0, 1873.54345703125), (1, 1881.1534423828125)]","[(0, 1467.9088134765625), (1, 1728.79541015625)]","[(0, 740.0947265625), (1, 656.36669921875)]","[(0, 3769.858154296875), (1, 4301.47216796875)]","[(0, 2491.7431640625), (1, 2754.5361328125)]","[(0, 585.6331176757812), (1, 1019.20849609375)]","[(2, 56.72214918870192), (5, 57.05414757361779), (4, 57.219835553850444), (1, 57.391632080078125), (3, 60.97842172475961), (0, 63.13810377854567)]","[(0, 1151.6842041015625), (1, 962.747802734375)]","[(4, 127.26578776041667), (5, 133.93360484730113), (3, 147.9315851384943), (1, 168.086669921875), (2, 177.6771906072443), (0, 208.50062144886363)]","[(0, 587.4144287109375), (1, 843.2135620117188)]","[(5, 69.10323079427083), (4, 76.50461050180289), (3, 98.83441162109375), (2, 101.43262828480114), (1, 103.22198486328125), (0, 140.32420765269887)]","[(0, 2015.4373779296875), (1, 1834.6356201171875)]"
385,"[(0, 699.157958984375), (1, 817.3002319335938)]","[(0, 575.4852905273438), (1, 688.2462768554688)]","[(0, 1114.7257080078125), (1, 890.4178466796875)]","[(0, 2436.11572265625), (1, 3190.899169921875)]","[(0, 731.8784790039062), (1, 675.2296142578125)]","[(0, 2534.75927734375), (1, 2204.099609375)]","[(0, 1860.9722900390625), (1, 1757.6937255859375)]","[(0, 649.1839599609375), (1, 404.84674072265625)]","[(4, 73.0304842862216), (1, 76.40904651988636), (5, 76.69705810546876), (2, 79.73236083984375), (3, 90.06594848632812), (0, 96.88567504882812)]","[(0, 576.0319213867188), (1, 439.2382507324219)]","[(2, 38.891898018973215), (1, 51.180643717447914), (0, 59.17026930588942), (5, 63.405792236328125), (4, 65.75963885967548), (3, 106.37005060369319)]","[(0, 1322.1583251953125), (1, 1640.880859375)]","[(1, 21.47874014718192), (2, 26.433143615722656), (5, 27.543818882533483), (3, 28.34407755533854), (0, 31.5321772648738), (4, 39.26372146606445)]","[(0, 1289.667724609375), (1, 1326.1710205078125)]"
386,"[(0, 851.0662231445312), (1, 913.59521484375)]","[(0, 167.00326538085938), (1, 143.2967529296875)]","[(0, 5058.66650390625), (1, 3977.657470703125)]","[(0, 825.961669921875), (1, 1209.6148681640625)]","[(0, 2881.592529296875), (1, 1596.5606689453125)]","[(0, 1028.90234375), (1, 994.7965698242188)]","[(0, 2019.7108154296875), (1, 2215.66455078125)]","[(0, 780.4514770507812), (1, 864.5984497070312)]","[(1, 72.2902587890625), (4, 75.404052734375), (3, 79.47641225961539), (5, 80.38994891826923), (2, 84.14517647879464), (0, 91.12399727957589)]","[(0, 1192.90576171875), (1, 1219.4932861328125)]","[(1, 44.18504920372596), (2, 47.78321329752604), (4, 64.98281351725261), (5, 70.68589089133523), (0, 114.51459295099431), (3, 179.80211181640624)]","[(0, 769.9096069335938), (1, 764.9300537109375)]","[(1, 19.393190511067708), (4, 20.916251627604165), (2, 36.18064997746394), (5, 39.72644512469952), (0, 43.54727877103365), (3, 47.08069317157452)]","[(0, 641.184326171875), (1, 703.5432739257812)]"
387,"[(0, 548.7748413085938), (1, 598.3043823242188)]","[(0, 298.9026794433594), (1, 484.7007751464844)]","[(0, 1050.7802734375), (1, 858.8880004882812)]","[(0, 3961.439697265625), (1, 3352.437744140625)]","[(0, 1997.935546875), (1, 1153.0650634765625)]","[(0, 2628.939453125), (1, 2855.86181640625)]","[(0, 2839.03662109375), (1, 6158.431640625)]","[(0, 741.73681640625), (1, 606.1964721679688)]","[(4, 37.0322265625), (1, 40.30422101702009), (5, 54.864349365234375), (3, 62.79979451497396), (2, 63.261494954427086), (0, 72.08014424641927)]","[(0, 676.6471557617188), (1, 513.7158203125)]","[(2, 154.01666937934027), (1, 160.4702880859375), (5, 167.05202907986111), (4, 170.4682861328125), (0, 196.264892578125), (3, 212.38472493489584)]","[(0, 789.2047119140625), (1, 730.8231811523438)]","[(1, 36.742710658482146), (5, 41.79823655348558), (4, 44.88099888392857), (3, 45.19938307542067), (2, 45.54539607121394), (0, 49.28714693509615)]","[(0, 2558.179443359375), (1, 2364.028076171875)]"
388,"[(0, 683.72216796875), (1, 766.5676879882812)]","[(0, 444.9582824707031), (1, 774.2542114257812)]","[(0, 7570.06005859375), (1, 9541.0673828125)]","[(0, 4105.4716796875), (1, 3247.330322265625)]","[(0, 706.5916748046875), (1, 659.51123046875)]","[(0, 5303.59130859375), (1, 5886.5634765625)]","[(0, 1640.1751708984375), (1, 2601.040771484375)]","[(0, 987.26025390625), (1, 741.4613647460938)]","[(4, 17.697536692899817), (1, 20.657867431640625), (5, 22.532621256510417), (3, 25.12202351888021), (2, 26.343662806919642), (0, 31.196533203125)]","[(0, 797.94091796875), (1, 726.1243896484375)]","[(4, 21.984529767717635), (3, 30.654099684495193), (1, 31.6748046875), (5, 37.83023579915365), (0, 55.29534357244318), (2, 61.43048095703125)]","[(0, 2382.9951171875), (1, 1705.9791259765625)]","[(3, 30.847428385416666), (1, 40.88052571614583), (4, 55.127296447753906), (5, 55.28739711216518), (0, 57.041918073381694), (2, 85.73512620192308)]","[(0, 1938.740234375), (1, 2126.445556640625)]"
389,"[(0, 766.281494140625), (1, 823.3699340820312)]","[(0, 466.05438232421875), (1, 737.3253784179688)]","[(0, 1527.8502197265625), (1, 2060.918701171875)]","[(0, 5766.40087890625), (1, 5777.74609375)]","[(0, 494.5020751953125), (1, 428.9823303222656)]","[(0, 3493.07568359375), (1, 3241.06201171875)]","[(0, 3512.8828125), (1, 3949.9150390625)]","[(0, 924.385986328125), (1, 630.826904296875)]","[(1, 39.79300106272978), (2, 41.101375579833984), (5, 59.45044759114583), (0, 64.64014485677083), (4, 84.81217956542969), (3, 133.42006138392858)]","[(0, 444.1550598144531), (1, 513.21875)]","[(4, 31.73638681265024), (3, 36.88742319742838), (5, 47.76271750710227), (1, 48.02557373046875), (0, 67.4351806640625), (2, 97.09300401475694)]","[(0, 1402.6278076171875), (1, 974.593505859375)]","[(5, 53.081695556640625), (2, 54.30113807091346), (1, 57.304861886160715), (4, 65.52240804036458), (3, 75.28595842633929), (0, 88.63351675180289)]","[(0, 680.7273559570312), (1, 780.1817016601562)]"
390,"[(0, 919.571533203125), (1, 1110.8304443359375)]","[(0, 404.3599548339844), (1, 568.568603515625)]","[(0, 5002.779296875), (1, 4381.50732421875)]","[(0, 4992.46044921875), (1, 4682.11279296875)]","[(0, 5771.66064453125), (1, 3302.64208984375)]","[(0, 1893.6044921875), (1, 1698.407958984375)]","[(0, 3305.083984375), (1, 3885.581787109375)]","[(0, 867.6902465820312), (1, 568.1702270507812)]","[(1, 55.487640380859375), (2, 55.95961350661058), (5, 63.67143758138021), (4, 73.87362905649039), (0, 120.7164815266927), (3, 176.1817959872159)]","[(0, 505.53076171875), (1, 612.1365966796875)]","[(3, 34.57762044270833), (4, 40.57463455200195), (5, 47.447134835379465), (0, 56.33832726111779), (2, 69.21370442708333), (1, 71.79319545200893)]","[(0, 422.621826171875), (1, 597.4758911132812)]","[(1, 19.506360735212052), (4, 20.0349365234375), (3, 20.69091796875), (5, 23.083251953125), (0, 23.824070857121395), (2, 30.710233052571613)]","[(0, 1235.334716796875), (1, 1105.219482421875)]"
391,"[(0, 986.798583984375), (1, 1272.438232421875)]","[(0, 167.47792053222656), (1, 210.6759796142578)]","[(0, 1086.7271728515625), (1, 763.5091552734375)]","[(0, 1327.5413818359375), (1, 1046.2569580078125)]","[(0, 4056.775146484375), (1, 2334.099853515625)]","[(0, 3242.36962890625), (1, 3591.2119140625)]","[(0, 1142.77294921875), (1, 1015.4083251953125)]","[(0, 1268.7884521484375), (1, 1147.03125)]","[(3, 20.947821044921874), (1, 22.29810791015625), (0, 23.28043692452567), (4, 24.912586212158203), (5, 32.59246390206473), (2, 37.35721059945914)]","[(0, 1240.5648193359375), (1, 1275.6787109375)]","[(2, 73.55648367745536), (1, 77.81312662760416), (5, 78.99644470214844), (4, 98.09998497596153), (0, 109.53455528846153), (3, 147.68222878196022)]","[(0, 770.4403076171875), (1, 586.0060424804688)]","[(4, 135.40068562825522), (1, 144.03270467122397), (5, 168.02625621448863), (2, 181.1002752130682), (3, 181.36784224076703), (0, 202.5360662286932)]","[(0, 2148.901123046875), (1, 2160.62451171875)]"
392,"[(0, 787.85302734375), (1, 911.450927734375)]","[(0, 237.92938232421875), (1, 332.1932678222656)]","[(0, 3605.05419921875), (1, 4323.34326171875)]","[(0, 2522.22607421875), (1, 2818.946533203125)]","[(0, 5060.6884765625), (1, 2769.191162109375)]","[(0, 7085.033203125), (1, 8066.544921875)]","[(0, 491.0374450683594), (1, 571.6107788085938)]","[(0, 799.3220825195312), (1, 494.3674621582031)]","[(1, 18.73528834751674), (4, 19.564729963030135), (2, 25.41497802734375), (5, 28.017812093098957), (0, 33.4376220703125), (3, 37.49456787109375)]","[(0, 340.37457275390625), (1, 297.3747253417969)]","[(1, 40.93270639272836), (2, 50.84683504971591), (4, 50.960806710379465), (5, 57.329610188802086), (0, 95.02809836647727), (3, 114.17305501302083)]","[(0, 484.672119140625), (1, 569.1499633789062)]","[(1, 16.927143770105697), (0, 23.12986857096354), (2, 27.607096354166668), (3, 31.7313232421875), (4, 39.24371337890625), (5, 40.70019095284598)]","[(0, 1429.9539794921875), (1, 1566.16357421875)]"
393,"[(0, 640.8444213867188), (1, 771.201171875)]","[(0, 305.6651611328125), (1, 369.3263854980469)]","[(0, 1735.8804931640625), (1, 1822.6575927734375)]","[(0, 2568.740478515625), (1, 2613.46826171875)]","[(0, 3814.300048828125), (1, 2157.74169921875)]","[(0, 5536.4892578125), (1, 5179.009765625)]","[(0, 1586.1663818359375), (1, 1344.1695556640625)]","[(0, 1887.6121826171875), (1, 1474.110107421875)]","[(4, 57.9957108931108), (1, 63.56281627308238), (5, 67.95533447265625), (2, 73.3361083984375), (3, 91.53922729492187), (0, 100.96368408203125)]","[(0, 998.75341796875), (1, 955.8557739257812)]","[(3, 62.86073655348558), (4, 77.04519217354911), (5, 115.12741088867188), (1, 153.56668090820312), (0, 166.09269575639203), (2, 293.4392822265625)]","[(0, 1817.3004150390625), (1, 1209.1038818359375)]","[(1, 15.391108194986979), (2, 21.891109466552734), (0, 25.282949447631836), (5, 31.461104329427084), (4, 31.543959673713236), (3, 41.5565673828125)]","[(0, 2323.979248046875), (1, 2823.084228515625)]"
394,"[(0, 1089.8089599609375), (1, 1202.8438720703125)]","[(0, 305.78851318359375), (1, 263.4847717285156)]","[(0, 4230.81591796875), (1, 5308.58544921875)]","[(0, 1473.3575439453125), (1, 1684.390625)]","[(0, 2030.0625), (1, 1883.0694580078125)]","[(0, 4715.5107421875), (1, 4338.2900390625)]","[(0, 1634.76416015625), (1, 2064.859130859375)]","[(0, 1125.8126220703125), (1, 810.69873046875)]","[(2, 86.7909686748798), (1, 87.80081612723214), (5, 97.22285970052083), (0, 101.1896503155048), (4, 102.24978402944711), (3, 136.7946573893229)]","[(0, 1345.994384765625), (1, 1574.28955078125)]","[(4, 34.73232828776042), (1, 39.00582013811384), (3, 62.22240271935096), (5, 66.41617525540866), (2, 67.01170857747395), (0, 74.10361226399739)]","[(0, 635.6342163085938), (1, 640.8869018554688)]","[(1, 15.253994532993861), (4, 15.595926920572916), (2, 17.540760040283203), (5, 20.08037860576923), (0, 32.34503428141276), (3, 33.84625478891226)]","[(0, 860.031005859375), (1, 928.5146484375)]"
395,"[(0, 761.6641235351562), (1, 857.8050537109375)]","[(0, 388.3377685546875), (1, 435.7519226074219)]","[(0, 2280.90380859375), (1, 2880.2255859375)]","[(0, 1500.468017578125), (1, 1257.9281005859375)]","[(0, 1564.76904296875), (1, 964.367919921875)]","[(0, 4755.29638671875), (1, 5315.01904296875)]","[(0, 2775.468994140625), (1, 2444.909912109375)]","[(0, 704.1632080078125), (1, 552.4131469726562)]","[(4, 29.42042439778646), (1, 31.582521565755208), (3, 51.96944955679086), (5, 54.37433330829327), (0, 56.86974628155048), (2, 58.59225698617789)]","[(0, 2341.650390625), (1, 1174.6702880859375)]","[(2, 44.78274301382211), (1, 46.459803989955354), (5, 74.44577858664773), (0, 76.13649495442708), (4, 77.080810546875), (3, 176.46287841796874)]","[(0, 847.853759765625), (1, 734.6595458984375)]","[(2, 29.84771728515625), (1, 29.968741280691965), (4, 53.00150044759115), (5, 53.22277277166193), (0, 57.9013417561849), (3, 118.7338134765625)]","[(0, 2378.451171875), (1, 2218.181640625)]"
396,"[(0, 784.055419921875), (1, 903.9879760742188)]","[(0, 599.909912109375), (1, 732.72802734375)]","[(0, 1625.220458984375), (1, 1366.8935546875)]","[(0, 1576.6259765625), (1, 1868.6390380859375)]","[(0, 1513.923828125), (1, 874.6419677734375)]","[(0, 4688.29248046875), (1, 5231.6044921875)]","[(0, 2117.645263671875), (1, 2238.13134765625)]","[(0, 413.1559753417969), (1, 295.5783386230469)]","[(1, 32.86298697335379), (2, 33.25280292217548), (4, 59.93500773111979), (0, 61.3388926188151), (5, 61.79831764914773), (3, 177.66551513671874)]","[(0, 779.1986694335938), (1, 593.4819946289062)]","[(1, 86.62136008522727), (4, 98.35341574928977), (2, 101.29100952148437), (5, 117.113330078125), (0, 122.6051513671875), (3, 141.82774658203124)]","[(0, 1671.5662841796875), (1, 1058.5389404296875)]","[(4, 98.6790059407552), (1, 108.88480631510417), (5, 116.64774946732955), (3, 121.59918767755681), (2, 130.42821155894887), (0, 140.5999422940341)]","[(0, 1758.387939453125), (1, 1970.6781005859375)]"
397,"[(0, 526.1487426757812), (1, 656.1980590820312)]","[(0, 590.3360595703125), (1, 587.1592407226562)]","[(0, 441.5989685058594), (1, 379.2896423339844)]","[(0, 974.381103515625), (1, 1282.2567138671875)]","[(0, 748.9090576171875), (1, 729.0248413085938)]","[(0, 3934.729736328125), (1, 3505.155517578125)]","[(0, 1229.0831298828125), (1, 1611.487548828125)]","[(0, 447.24627685546875), (1, 287.4720458984375)]","[(3, 31.846272786458332), (4, 35.17634934645433), (0, 42.07915496826172), (1, 42.83062274639423), (5, 58.57526744495738), (2, 74.50725208629261)]","[(0, 927.8207397460938), (1, 982.6093139648438)]","[(5, 44.74943542480469), (4, 47.91690298227164), (2, 59.35951232910156), (3, 62.37174987792969), (1, 72.36754901592548), (0, 86.2844746907552)]","[(0, 570.4682006835938), (1, 672.06689453125)]","[(2, 62.57422892252604), (1, 63.50171367938702), (4, 71.55250549316406), (5, 76.79041082208806), (0, 148.3160955255682), (3, 148.4126708984375)]","[(0, 2958.064697265625), (1, 2839.014892578125)]"
398,"[(0, 833.8071899414062), (1, 972.6380615234375)]","[(0, 448.7976989746094), (1, 468.7431335449219)]","[(0, 2455.55126953125), (1, 2185.967041015625)]","[(0, 2416.167724609375), (1, 2435.53369140625)]","[(0, 1398.278564453125), (1, 1344.1190185546875)]","[(0, 1494.9632568359375), (1, 1403.985595703125)]","[(0, 811.6471557617188), (1, 1036.8929443359375)]","[(0, 434.11767578125), (1, 550.126220703125)]","[(3, 82.58897047776442), (1, 84.09116774338942), (4, 90.99421037946429), (0, 97.80860392252605), (5, 160.0706787109375), (2, 160.15907981178978)]","[(0, 1556.0330810546875), (1, 1500.526611328125)]","[(2, 68.89331563313802), (5, 70.70207630504261), (4, 81.86708577473958), (1, 85.8174579326923), (0, 148.39511940696022), (3, 208.278515625)]","[(0, 1660.62353515625), (1, 1195.374755859375)]","[(2, 40.97598501352164), (1, 41.292428152901785), (5, 45.52124532063802), (4, 48.17400184044471), (0, 91.41359456380208), (3, 94.94521262428977)]","[(0, 1199.65625), (1, 1323.071044921875)]"
399,"[(0, 824.99853515625), (1, 959.785400390625)]","[(0, 139.30264282226562), (1, 167.82374572753906)]","[(0, 3913.5556640625), (1, 3899.952392578125)]","[(0, 911.2262573242188), (1, 1136.8905029296875)]","[(0, 3503.243896484375), (1, 1930.0872802734375)]","[(0, 2894.763671875), (1, 3168.592529296875)]","[(0, 2380.4580078125), (1, 2115.396728515625)]","[(0, 474.2454528808594), (1, 264.24310302734375)]","[(4, 21.30145263671875), (3, 24.26464374248798), (1, 35.01587168375651), (5, 37.95315297444662), (0, 42.43103582208807), (2, 66.09237670898438)]","[(0, 1798.0579833984375), (1, 1174.2401123046875)]","[(4, 39.94099778395433), (5, 44.54917907714844), (2, 45.41510009765625), (3, 58.18509419759115), (1, 59.19064565805289), (0, 61.28410847981771)]","[(0, 2655.489013671875), (1, 1399.142333984375)]","[(1, 13.616546630859375), (2, 19.758768717447918), (0, 21.466571044921874), (4, 29.393444061279297), (5, 30.796554565429688), (3, 34.579149518694194)]","[(0, 389.2660217285156), (1, 409.66351318359375)]"
400,"[(0, 782.968994140625), (1, 876.6939086914062)]","[(0, 191.41970825195312), (1, 178.09458923339844)]","[(0, 1039.393310546875), (1, 1078.3765869140625)]","[(0, 1315.4095458984375), (1, 1307.328125)]","[(0, 1940.26708984375), (1, 1100.0635986328125)]","[(0, 631.4706420898438), (1, 715.402587890625)]","[(0, 2352.222412109375), (1, 2233.196533203125)]","[(0, 1645.2298583984375), (1, 1535.247314453125)]","[(4, 31.82803955078125), (3, 38.03572300502232), (5, 51.99500920222356), (1, 54.42527888371394), (0, 58.00635274251302), (2, 89.08106578480114)]","[(0, 507.3902893066406), (1, 278.4598693847656)]","[(5, 58.0187821821733), (4, 58.41092427571615), (2, 61.25275767933238), (1, 61.417327880859375), (3, 87.05087557705966), (0, 98.99510609019886)]","[(0, 1017.08740234375), (1, 587.5595092773438)]","[(2, 47.7944570688101), (1, 60.968920026506694), (5, 71.36585582386364), (4, 86.50326538085938), (0, 93.22177124023438), (3, 127.999462890625)]","[(0, 2197.256591796875), (1, 2332.535400390625)]"
401,"[(0, 588.3768310546875), (1, 643.8927612304688)]","[(0, 312.3766784667969), (1, 289.5909423828125)]","[(0, 2281.066650390625), (1, 1919.0938720703125)]","[(0, 1333.96044921875), (1, 1440.72265625)]","[(0, 1438.845703125), (1, 1308.60986328125)]","[(0, 2058.034423828125), (1, 1837.5284423828125)]","[(0, 864.5044555664062), (1, 754.650390625)]","[(0, 491.8374328613281), (1, 610.2390747070312)]","[(4, 28.16358678481158), (3, 36.84087371826172), (1, 37.258671061197916), (5, 40.16138509114583), (0, 53.01534162248884), (2, 65.09490497295673)]","[(0, 908.0438232421875), (1, 820.6954956054688)]","[(1, 65.40906700721153), (4, 66.84107853816106), (5, 67.39194742838542), (2, 79.93677775065105), (3, 96.46741739908855), (0, 113.10879516601562)]","[(0, 535.9571533203125), (1, 901.607421875)]","[(4, 14.945484415690105), (1, 20.32863507952009), (5, 23.389019305889423), (3, 27.103729248046875), (2, 32.3780263264974), (0, 45.442626953125)]","[(0, 3164.95947265625), (1, 2759.49365234375)]"
402,"[(0, 600.2778930664062), (1, 706.50244140625)]","[(0, 430.9694519042969), (1, 421.2567443847656)]","[(0, 3333.529296875), (1, 3217.637451171875)]","[(0, 1684.359375), (1, 1450.6307373046875)]","[(0, 994.5792846679688), (1, 969.478759765625)]","[(0, 950.4680786132812), (1, 1034.586181640625)]","[(0, 922.7767333984375), (1, 1024.16748046875)]","[(0, 581.8711547851562), (1, 610.5545654296875)]","[(1, 40.910888671875), (2, 42.666599818638396), (4, 57.926243373325896), (5, 58.5864492563101), (0, 71.04320350060097), (3, 125.52695719401042)]","[(0, 726.9555053710938), (1, 966.60400390625)]","[(4, 49.74014516977164), (2, 51.38542292668269), (5, 53.85456339518229), (1, 60.671399797712056), (3, 100.62485573508523), (0, 102.42905680338542)]","[(0, 1119.29248046875), (1, 801.35693359375)]","[(2, 171.7330655184659), (1, 191.6210734049479), (5, 238.68654563210228), (4, 257.3594563802083), (0, 288.9345703125), (3, 394.6217595880682)]","[(0, 941.5046997070312), (1, 998.8168334960938)]"
403,"[(0, 819.7294311523438), (1, 960.379638671875)]","[(0, 449.1875305175781), (1, 398.71026611328125)]","[(0, 7749.11376953125), (1, 7760.1025390625)]","[(0, 1712.7232666015625), (1, 1556.638671875)]","[(0, 4317.3193359375), (1, 2429.240478515625)]","[(0, 4297.01953125), (1, 4967.0908203125)]","[(0, 3856.06494140625), (1, 3385.766357421875)]","[(0, 1055.953857421875), (1, 509.2811584472656)]","[(4, 39.52659776475694), (1, 41.4397762522978), (2, 48.770267740885416), (5, 50.78707504272461), (0, 70.3800048828125), (3, 92.07672119140625)]","[(0, 599.3574829101562), (1, 326.389404296875)]","[(2, 45.64087727864583), (1, 60.79205322265625), (5, 62.27990286690848), (4, 65.0798095703125), (0, 90.82767159598214), (3, 118.28463040865384)]","[(0, 659.0519409179688), (1, 552.26513671875)]","[(4, 81.48800223214286), (1, 107.19722806490384), (3, 107.73631873497597), (0, 126.06128946940105), (5, 184.96051025390625), (2, 242.09006569602272)]","[(0, 524.6990966796875), (1, 584.3853759765625)]"
404,"[(0, 1148.49853515625), (1, 1365.031982421875)]","[(0, 517.3515014648438), (1, 479.876708984375)]","[(0, 5645.3095703125), (1, 6082.9931640625)]","[(0, 6148.724609375), (1, 5711.40283203125)]","[(0, 3255.8857421875), (1, 1928.3017578125)]","[(0, 4921.76220703125), (1, 4569.37890625)]","[(0, 3543.106201171875), (1, 3978.230224609375)]","[(0, 655.2216186523438), (1, 702.4712524414062)]","[(5, 51.213836669921875), (4, 54.162109375), (1, 54.25174488740809), (2, 54.75395584106445), (0, 58.8272705078125), (3, 62.58850567157452)]","[(0, 533.3801879882812), (1, 252.68087768554688)]","[(4, 16.271294088924634), (3, 17.331022262573242), (5, 21.166642252604166), (0, 24.327504475911457), (2, 33.48194013323103), (1, 37.7014045715332)]","[(0, 854.4681396484375), (1, 414.6660461425781)]","[(4, 92.56594613882211), (5, 99.94313557942708), (1, 117.80183919270833), (2, 125.48207785866477), (3, 131.3485310872396), (0, 184.2578790838068)]","[(0, 1090.8670654296875), (1, 1145.2691650390625)]"
405,"[(0, 894.1658935546875), (1, 1006.2244873046875)]","[(0, 293.996826171875), (1, 491.7544250488281)]","[(0, 8599.7158203125), (1, 7143.54443359375)]","[(0, 2404.115478515625), (1, 2280.035888671875)]","[(0, 2646.774169921875), (1, 2388.595947265625)]","[(0, 1161.407958984375), (1, 1093.7071533203125)]","[(0, 3879.6611328125), (1, 4538.05078125)]","[(0, 639.8822021484375), (1, 668.5758666992188)]","[(5, 53.234667096819194), (2, 54.84169921875), (4, 55.8079833984375), (1, 65.00621032714844), (0, 77.92141287667411), (3, 82.84471717247597)]","[(0, 1761.4130859375), (1, 1298.8131103515625)]","[(2, 33.98381159855769), (5, 43.489298502604164), (4, 52.92953256460336), (1, 57.670619419642854), (0, 63.28937784830729), (3, 89.96912175958806)]","[(0, 2043.874267578125), (1, 933.1329345703125)]","[(2, 43.22677001953125), (1, 53.94081115722656), (5, 56.10608379657452), (4, 61.632476806640625), (0, 62.89597429547991), (3, 78.15742492675781)]","[(0, 2986.8115234375), (1, 2701.664306640625)]"
406,"[(0, 1174.62939453125), (1, 1235.9044189453125)]","[(0, 441.4012756347656), (1, 813.1827392578125)]","[(0, 2476.956787109375), (1, 2465.640380859375)]","[(0, 3043.73193359375), (1, 2944.303466796875)]","[(0, 741.9426879882812), (1, 392.9862060546875)]","[(0, 1912.526611328125), (1, 1982.5067138671875)]","[(0, 5158.57763671875), (1, 5681.6806640625)]","[(0, 1898.82177734375), (1, 1478.2503662109375)]","[(4, 25.564737173227165), (0, 26.260026411576703), (3, 27.145037333170574), (1, 27.407450358072918), (5, 37.96309037642045), (2, 46.48332824707031)]","[(0, 1292.7252197265625), (1, 1645.0267333984375)]","[(4, 21.35037949505974), (2, 27.203251429966517), (5, 29.106020100911458), (3, 32.27582600911458), (0, 34.31553213936942), (1, 35.70561218261719)]","[(0, 710.052978515625), (1, 740.9580688476562)]","[(1, 39.22036946614583), (2, 43.356689453125), (0, 54.25498610276442), (5, 54.81576029459635), (4, 57.83604079026442), (3, 74.49247602982955)]","[(0, 681.9808349609375), (1, 737.7748413085938)]"
407,"[(0, 593.5176391601562), (1, 604.454833984375)]","[(0, 452.64990234375), (1, 754.615478515625)]","[(0, 749.134765625), (1, 622.52099609375)]","[(0, 4488.51416015625), (1, 4109.09912109375)]","[(0, 264.2870788574219), (1, 230.79388427734375)]","[(0, 3433.971923828125), (1, 3640.047119140625)]","[(0, 2332.51220703125), (1, 3318.611328125)]","[(0, 419.3729553222656), (1, 476.8895568847656)]","[(4, 18.924310302734376), (3, 19.555814470563615), (1, 23.31722150530134), (0, 24.376300518329327), (5, 35.025561992938705), (2, 38.719322204589844)]","[(0, 1297.0184326171875), (1, 770.6412963867188)]","[(4, 116.9507723721591), (1, 159.27785422585228), (5, 160.3228271484375), (3, 175.6823974609375), (2, 220.832958984375), (0, 245.267041015625)]","[(0, 747.8359985351562), (1, 729.0804443359375)]","[(3, 34.06858520507812), (4, 40.735130310058594), (5, 51.59218052455357), (1, 75.97103445870536), (0, 88.58982496995192), (2, 141.6065673828125)]","[(0, 969.0645751953125), (1, 1119.8577880859375)]"
408,"[(0, 1032.527587890625), (1, 1098.37109375)]","[(0, 305.67364501953125), (1, 485.710205078125)]","[(0, 1974.5140380859375), (1, 1494.1407470703125)]","[(0, 2648.39892578125), (1, 2283.271484375)]","[(0, 388.933349609375), (1, 322.0174560546875)]","[(0, 3433.143310546875), (1, 3073.173828125)]","[(0, 1752.808349609375), (1, 2531.901123046875)]","[(0, 1307.466552734375), (1, 701.753173828125)]","[(5, 40.780120849609375), (4, 43.31661283052885), (3, 48.958740234375), (1, 49.459781901041666), (2, 50.12524850027902), (0, 63.95599365234375)]","[(0, 1115.71630859375), (1, 799.2066040039062)]","[(1, 24.893711635044642), (4, 29.50439687875601), (2, 32.836570739746094), (0, 40.212799072265625), (5, 46.8199462890625), (3, 49.70990545099432)]","[(0, 730.8068237304688), (1, 349.744384765625)]","[(3, 15.586374918619791), (4, 20.992679595947266), (1, 21.53175789969308), (5, 24.048294067382812), (0, 24.293297400841347), (2, 36.13304646809896)]","[(0, 1281.1046142578125), (1, 1172.125)]"
409,"[(0, 557.4306030273438), (1, 615.2244262695312)]","[(0, 448.02642822265625), (1, 773.3067016601562)]","[(0, 1080.77392578125), (1, 1111.8865966796875)]","[(0, 416.5914306640625), (1, 329.5107116699219)]","[(0, 2584.724365234375), (1, 1269.8597412109375)]","[(0, 1641.6116943359375), (1, 1521.4365234375)]","[(0, 2392.4990234375), (1, 2105.71923828125)]","[(0, 1512.0069580078125), (1, 1416.6822509765625)]","[(2, 20.449617658342635), (1, 20.87862548828125), (5, 21.382213047572545), (4, 21.8125244140625), (0, 25.640738351004465), (3, 26.814945765904017)]","[(0, 1323.60986328125), (1, 1791.9425048828125)]","[(4, 56.703011648995535), (1, 69.29090881347656), (3, 70.56957538311298), (5, 103.60300699869792), (0, 107.8604403409091), (2, 156.712939453125)]","[(0, 1090.95751953125), (1, 1086.5364990234375)]","[(4, 165.78816105769232), (5, 180.2411905924479), (3, 216.2269287109375), (1, 267.88673909505206), (2, 299.51979758522725), (0, 385.8860529119318)]","[(0, 542.6093139648438), (1, 615.2792358398438)]"
410,"[(0, 763.093505859375), (1, 921.220458984375)]","[(0, 524.15673828125), (1, 783.373779296875)]","[(0, 1722.228759765625), (1, 1784.283203125)]","[(0, 2924.875244140625), (1, 3477.881591796875)]","[(0, 1428.3729248046875), (1, 1163.0517578125)]","[(0, 3511.509521484375), (1, 3702.175048828125)]","[(0, 2408.86865234375), (1, 2948.855712890625)]","[(0, 467.0896301269531), (1, 371.248291015625)]","[(2, 37.068154907226564), (1, 38.88094815340909), (5, 50.13083190917969), (4, 52.18782737038352), (0, 72.81614379882812), (3, 96.26693115234374)]","[(0, 966.1845703125), (1, 956.27880859375)]","[(1, 40.124642508370535), (2, 44.57929405799279), (5, 60.7790693803267), (4, 68.51029459635417), (0, 85.5988057454427), (3, 161.21846923828124)]","[(0, 848.9642944335938), (1, 511.7173767089844)]","[(4, 143.10973011363637), (1, 157.33552689985797), (5, 166.23634033203126), (2, 190.68834228515624), (3, 249.916943359375), (0, 293.142236328125)]","[(0, 440.67718505859375), (1, 455.2044372558594)]"
411,"[(0, 575.8580322265625), (1, 650.8707275390625)]","[(0, 385.51361083984375), (1, 506.4190979003906)]","[(0, 1582.7596435546875), (1, 1465.077392578125)]","[(0, 2332.510986328125), (1, 2435.2734375)]","[(0, 2529.13916015625), (1, 1422.9140625)]","[(0, 3629.82763671875), (1, 4067.823974609375)]","[(0, 636.2142944335938), (1, 616.6253051757812)]","[(0, 1191.64990234375), (1, 1082.031005859375)]","[(2, 44.31962585449219), (1, 57.90889329176683), (5, 65.53150353064903), (4, 67.98834664481026), (0, 74.22158813476562), (3, 101.4562518780048)]","[(0, 556.3466796875), (1, 491.02105712890625)]","[(4, 127.11756591796875), (5, 168.65871853298611), (3, 171.27322048611111), (1, 189.710302734375), (2, 271.85503472222223), (0, 287.96693250868054)]","[(0, 804.0216674804688), (1, 791.3247680664062)]","[(4, 52.75877162388393), (3, 73.36675086388222), (1, 76.2367694561298), (5, 85.24220275878906), (0, 96.16164143880208), (2, 151.296630859375)]","[(0, 486.6488952636719), (1, 535.1555786132812)]"
412,"[(0, 725.9713745117188), (1, 917.9934692382812)]","[(0, 320.5291748046875), (1, 289.307861328125)]","[(0, 3594.748046875), (1, 3950.201416015625)]","[(0, 1705.4554443359375), (1, 1142.4842529296875)]","[(0, 1715.2763671875), (1, 1099.9619140625)]","[(0, 4798.02978515625), (1, 4507.82666015625)]","[(0, 1013.7528686523438), (1, 1086.0406494140625)]","[(0, 997.0304565429688), (1, 715.4680786132812)]","[(4, 42.33353533063616), (3, 46.25338510366586), (1, 47.74242655436198), (0, 52.86835271661932), (5, 69.02974955240886), (2, 78.63637084960938)]","[(0, 1414.5950927734375), (1, 864.7176513671875)]","[(1, 29.665538787841797), (4, 30.992136637369793), (2, 40.21746826171875), (0, 50.971034458705354), (5, 51.42106276292067), (3, 60.65464430588942)]","[(0, 1786.3306884765625), (1, 1050.3704833984375)]","[(4, 164.93016560872397), (1, 174.96527099609375), (5, 195.178466796875), (2, 213.8117009943182), (3, 240.50363991477272), (0, 264.60220614346593)]","[(0, 3940.133056640625), (1, 3665.564453125)]"
413,"[(0, 727.458984375), (1, 920.4669189453125)]","[(0, 629.240966796875), (1, 657.8440551757812)]","[(0, 1996.4404296875), (1, 2127.927490234375)]","[(0, 2286.47900390625), (1, 2152.826171875)]","[(0, 630.5171508789062), (1, 640.848388671875)]","[(0, 3509.8251953125), (1, 3315.73583984375)]","[(0, 873.8228149414062), (1, 1804.0765380859375)]","[(0, 467.22259521484375), (1, 615.3344116210938)]","[(4, 30.736962454659597), (5, 40.84119121844952), (0, 47.54129900251116), (3, 47.64599609375), (1, 50.4746208190918), (2, 51.81808268229167)]","[(0, 1637.114501953125), (1, 2030.415771484375)]","[(2, 30.308349609375), (1, 36.25636643629808), (5, 49.21867980957031), (4, 53.99431818181818), (0, 58.53059525923295), (3, 124.72880045572917)]","[(0, 718.4153442382812), (1, 723.8565673828125)]","[(2, 25.86671346028646), (1, 30.174041748046875), (5, 47.38833852914664), (0, 49.04993111746652), (4, 57.89548601422991), (3, 111.04030354817708)]","[(0, 1662.788330078125), (1, 1817.003173828125)]"
414,"[(0, 661.1365356445312), (1, 717.8561401367188)]","[(0, 982.9776611328125), (1, 1139.06591796875)]","[(0, 2400.219970703125), (1, 2882.015625)]","[(0, 1355.719482421875), (1, 1151.1654052734375)]","[(0, 486.2770690917969), (1, 503.12420654296875)]","[(0, 834.515625), (1, 863.6536865234375)]","[(0, 1452.2847900390625), (1, 2908.6943359375)]","[(0, 828.8529052734375), (1, 848.9007568359375)]","[(2, 38.44969482421875), (4, 43.85542515345982), (1, 44.64827346801758), (5, 48.15178973858173), (0, 54.1973876953125), (3, 75.10203552246094)]","[(0, 1717.4189453125), (1, 1345.3636474609375)]","[(3, 49.624481201171875), (4, 53.05102069561298), (1, 66.26296997070312), (0, 69.35576837713069), (5, 109.89626242897727), (2, 150.32415771484375)]","[(0, 1003.1157836914062), (1, 806.4282836914062)]","[(5, 61.66227370042067), (2, 66.0833028157552), (1, 73.2610332782452), (4, 83.27572195870536), (3, 113.95887169471153), (0, 115.16178385416667)]","[(0, 3964.10400390625), (1, 3659.200439453125)]"
415,"[(0, 790.3394165039062), (1, 876.8941040039062)]","[(0, 997.8770751953125), (1, 943.3170166015625)]","[(0, 2984.724365234375), (1, 3478.66455078125)]","[(0, 1029.47705078125), (1, 883.9929809570312)]","[(0, 3189.38720703125), (1, 2107.9306640625)]","[(0, 2883.77783203125), (1, 3268.021240234375)]","[(0, 2025.9100341796875), (1, 1797.7237548828125)]","[(0, 345.37237548828125), (1, 414.8857727050781)]","[(1, 39.005859375), (2, 42.28521259014423), (4, 43.65531703404018), (0, 43.65826416015625), (5, 47.51584097055289), (3, 49.49284010667067)]","[(0, 1310.5675048828125), (1, 1481.0655517578125)]","[(4, 28.04256112234933), (3, 41.11345496544471), (0, 50.7267100016276), (5, 51.428192138671875), (1, 53.97136042668269), (2, 71.61644398082386)]","[(0, 1201.5919189453125), (1, 1059.1256103515625)]","[(1, 22.275640869140624), (4, 29.23936026436942), (0, 36.8034433218149), (2, 39.40903883713942), (3, 42.573832194010414), (5, 46.62491353352865)]","[(0, 1794.927978515625), (1, 1971.4508056640625)]"
416,"[(0, 961.0462036132812), (1, 1071.2164306640625)]","[(0, 811.531005859375), (1, 834.6011352539062)]","[(0, 2607.82666015625), (1, 2142.220458984375)]","[(0, 1954.3037109375), (1, 2154.146484375)]","[(0, 2769.68115234375), (1, 1833.35107421875)]","[(0, 5721.17724609375), (1, 5134.13623046875)]","[(0, 2281.909912109375), (1, 2634.92822265625)]","[(0, 550.2183227539062), (1, 636.11474609375)]","[(2, 67.51204833984374), (1, 77.57512872869319), (5, 80.21314697265625), (4, 92.32542835582386), (0, 104.34122314453126), (3, 123.241650390625)]","[(0, 1513.7022705078125), (1, 758.0524291992188)]","[(1, 84.98195103236607), (2, 94.12996732271634), (5, 126.4112548828125), (4, 129.39070012019232), (0, 165.54458618164062), (3, 247.72531960227272)]","[(0, 1042.7711181640625), (1, 863.6260375976562)]","[(2, 66.56855187049278), (1, 68.87589808872768), (0, 104.51959228515625), (5, 107.55675159801136), (4, 112.86463419596355), (3, 141.63458251953125)]","[(0, 2232.961181640625), (1, 2072.896240234375)]"
417,"[(0, 614.4876098632812), (1, 711.3875122070312)]","[(0, 337.36553955078125), (1, 562.41748046875)]","[(0, 846.6151733398438), (1, 566.1087036132812)]","[(0, 3107.759765625), (1, 2903.205810546875)]","[(0, 1445.19091796875), (1, 1302.51513671875)]","[(0, 1793.1553955078125), (1, 2137.0947265625)]","[(0, 2532.769287109375), (1, 3843.076171875)]","[(0, 1313.560546875), (1, 1329.38720703125)]","[(2, 35.77345275878906), (5, 36.091147030101105), (4, 36.459199604235195), (1, 36.715799967447914), (0, 52.44445037841797), (3, 55.713935403262866)]","[(0, 1929.5406494140625), (1, 1645.4212646484375)]","[(2, 35.5970224233774), (4, 37.04829758864183), (5, 38.809155782063804), (1, 42.793675013950896), (0, 60.9887949625651), (3, 88.86490700461648)]","[(0, 710.27001953125), (1, 771.7584228515625)]","[(3, 57.0881591796875), (4, 59.8628044128418), (1, 66.99538167317708), (0, 73.83993966238839), (5, 81.71364048549107), (2, 111.34635103665866)]","[(0, 2360.727294921875), (1, 2524.25341796875)]"
418,"[(0, 613.5744018554688), (1, 714.7271118164062)]","[(0, 580.1446533203125), (1, 1060.993896484375)]","[(0, 7406.6630859375), (1, 7598.48583984375)]","[(0, 658.6827392578125), (1, 697.2579345703125)]","[(0, 924.1135864257812), (1, 833.1856079101562)]","[(0, 2705.422119140625), (1, 3045.72412109375)]","[(0, 2601.678466796875), (1, 4076.426025390625)]","[(0, 2245.268310546875), (1, 1811.3966064453125)]","[(4, 55.13647930438702), (1, 57.2151864858774), (2, 57.63179016113281), (5, 58.629923502604164), (3, 72.40329996744792), (0, 74.73972066243489)]","[(0, 1457.9876708984375), (1, 1440.142333984375)]","[(4, 38.11590140206473), (3, 41.33392333984375), (0, 54.576416015625), (1, 62.10066575270433), (5, 75.75628153483073), (2, 96.8582430752841)]","[(0, 836.7333984375), (1, 1034.349853515625)]","[(4, 61.439666748046875), (3, 79.8067626953125), (5, 109.73984781901042), (1, 111.91302959735577), (0, 119.18607584635417), (2, 242.27494673295453)]","[(0, 593.10546875), (1, 673.1505737304688)]"
419,"[(0, 620.612548828125), (1, 650.3718872070312)]","[(0, 592.187255859375), (1, 907.0325317382812)]","[(0, 1803.91650390625), (1, 1804.4705810546875)]","[(0, 1472.8314208984375), (1, 1374.9490966796875)]","[(0, 1666.9912109375), (1, 902.1002197265625)]","[(0, 2640.90185546875), (1, 2311.57568359375)]","[(0, 2851.296630859375), (1, 4011.539306640625)]","[(0, 464.6945495605469), (1, 436.0699157714844)]","[(5, 123.59611372514205), (4, 128.8263956705729), (3, 130.9176580255682), (1, 131.7218017578125), (2, 132.04325358072916), (0, 159.35031127929688)]","[(0, 1027.1881103515625), (1, 789.3770751953125)]","[(4, 24.394795735677082), (1, 26.757952008928573), (3, 38.86493858924279), (2, 40.81344858805338), (5, 44.13547926682692), (0, 44.26864115397135)]","[(0, 1406.7330322265625), (1, 655.2184448242188)]","[(1, 66.6092529296875), (0, 67.17282381924716), (4, 70.44718794389205), (3, 71.2177978515625), (2, 72.78143310546875), (5, 97.99529418945312)]","[(0, 1101.607421875), (1, 1081.068115234375)]"
420,"[(0, 829.5690307617188), (1, 915.8851928710938)]","[(0, 460.181884765625), (1, 641.697265625)]","[(0, 749.1476440429688), (1, 1006.4360961914062)]","[(0, 3157.75390625), (1, 2914.666015625)]","[(0, 1479.51904296875), (1, 836.5746459960938)]","[(0, 2472.76025390625), (1, 2296.9873046875)]","[(0, 3859.990478515625), (1, 5110.84326171875)]","[(0, 1558.2969970703125), (1, 1355.8094482421875)]","[(4, 36.300486845128674), (3, 40.995208740234375), (5, 49.837239583333336), (1, 53.431640625), (0, 57.73858642578125), (2, 97.36135629507211)]","[(0, 567.0518798828125), (1, 550.8704223632812)]","[(2, 184.2539265950521), (4, 198.43113356370193), (5, 214.55509440104166), (1, 215.39137620192307), (0, 259.9569091796875), (3, 306.36077880859375)]","[(0, 1301.3709716796875), (1, 1298.3358154296875)]","[(4, 24.652605056762695), (1, 28.126876831054688), (3, 29.974137369791666), (5, 33.157191685267854), (2, 40.37374623616537), (0, 41.656005859375)]","[(0, 1853.51904296875), (1, 1744.2913818359375)]"
421,"[(0, 550.330322265625), (1, 680.3749389648438)]","[(0, 258.75286865234375), (1, 226.65078735351562)]","[(0, 1700.2845458984375), (1, 1281.341064453125)]","[(0, 1038.5189208984375), (1, 1219.6212158203125)]","[(0, 875.6297607421875), (1, 683.0714111328125)]","[(0, 2268.234375), (1, 2417.614013671875)]","[(0, 2323.060791015625), (1, 1992.23046875)]","[(0, 829.306396484375), (1, 1243.7259521484375)]","[(4, 23.87093936695772), (3, 28.413932291666665), (1, 28.521656036376953), (5, 31.913570149739584), (2, 36.12776402064732), (0, 39.819471086774556)]","[(0, 673.0796508789062), (1, 419.4749755859375)]","[(2, 68.3477071126302), (4, 71.3392803485577), (0, 73.76320393880208), (5, 79.48837788899739), (3, 83.15075174967448), (1, 110.8153545673077)]","[(0, 714.951416015625), (1, 762.2047119140625)]","[(1, 13.699681282043457), (2, 14.76044413248698), (4, 14.957625325520834), (5, 18.49794442313058), (0, 25.91686793736049), (3, 27.387674184945915)]","[(0, 2379.706787109375), (1, 2099.794677734375)]"
422,"[(0, 816.5905151367188), (1, 928.2884521484375)]","[(0, 912.7569580078125), (1, 968.1861572265625)]","[(0, 818.6357421875), (1, 887.7431640625)]","[(0, 558.4027099609375), (1, 481.8350524902344)]","[(0, 4666.8173828125), (1, 2473.647216796875)]","[(0, 4553.3837890625), (1, 5183.6298828125)]","[(0, 1750.9588623046875), (1, 1905.4901123046875)]","[(0, 654.8807983398438), (1, 740.6171875)]","[(1, 27.13287353515625), (2, 28.367882864815847), (5, 32.31384981595553), (4, 34.04425048828125), (0, 45.06172532301683), (3, 57.83126322428385)]","[(0, 391.159423828125), (1, 493.12078857421875)]","[(1, 45.572418212890625), (4, 46.103759765625), (3, 61.5570068359375), (0, 64.15347290039062), (5, 78.32195434570312), (2, 93.77831353081598)]","[(0, 1689.1240234375), (1, 1153.0447998046875)]","[(1, 18.214811197916667), (4, 29.969587053571427), (2, 32.6882089468149), (0, 39.5089111328125), (5, 46.06133015950521), (3, 48.62492370605469)]","[(0, 1204.8214111328125), (1, 1372.1805419921875)]"
423,"[(0, 683.1378784179688), (1, 819.6954345703125)]","[(0, 1292.5113525390625), (1, 1513.2764892578125)]","[(0, 2230.845458984375), (1, 2300.408203125)]","[(0, 810.7505493164062), (1, 869.9912719726562)]","[(0, 2823.38720703125), (1, 1593.5382080078125)]","[(0, 3138.27587890625), (1, 2794.8828125)]","[(0, 5754.95751953125), (1, 6908.05615234375)]","[(0, 550.5479125976562), (1, 765.0660400390625)]","[(1, 57.5447763296274), (2, 62.210611979166664), (4, 65.2462158203125), (5, 72.593017578125), (0, 75.29710388183594), (3, 85.15729268391927)]","[(0, 1762.7667236328125), (1, 1419.3321533203125)]","[(0, 142.77635609019887), (2, 147.836181640625), (1, 147.86909993489584), (4, 188.07614968039772), (5, 201.22003173828125), (3, 202.53778076171875)]","[(0, 1032.0289306640625), (1, 832.9091796875)]","[(4, 49.85440266927083), (3, 60.12721470424107), (5, 88.30880972055289), (1, 91.20896559495192), (0, 135.48774210611978), (2, 178.524658203125)]","[(0, 1703.2049560546875), (1, 1591.9356689453125)]"
424,"[(0, 948.6176147460938), (1, 1069.3184814453125)]","[(0, 1243.9951171875), (1, 1299.5020751953125)]","[(0, 5729.27978515625), (1, 4848.1201171875)]","[(0, 1667.2796630859375), (1, 2010.2987060546875)]","[(0, 1855.0814208984375), (1, 1549.7449951171875)]","[(0, 2618.62646484375), (1, 2478.79296875)]","[(0, 4562.51220703125), (1, 5538.47998046875)]","[(0, 414.66424560546875), (1, 429.3367614746094)]","[(2, 25.997003891888788), (1, 29.970435248480904), (5, 31.028554916381836), (4, 35.79468132467831), (3, 60.86175537109375), (0, 70.53575134277344)]","[(0, 629.4600219726562), (1, 328.3107604980469)]","[(5, 137.09947509765624), (4, 138.31398703835228), (1, 150.624951171875), (2, 154.56689453125), (3, 237.0267578125), (0, 269.16615125868054)]","[(0, 1960.471435546875), (1, 2265.8896484375)]","[(1, 15.438311408547793), (5, 20.069203694661457), (4, 20.998043284696692), (3, 21.40327351888021), (2, 21.498152669270834), (0, 23.289056396484376)]","[(0, 1765.0975341796875), (1, 1652.0975341796875)]"
425,"[(0, 354.03411865234375), (1, 415.1927490234375)]","[(0, 1205.357666015625), (1, 1253.3406982421875)]","[(0, 5770.884765625), (1, 4646.92578125)]","[(0, 1672.8875732421875), (1, 1195.2921142578125)]","[(0, 1418.7313232421875), (1, 1159.7880859375)]","[(0, 3646.43994140625), (1, 4062.520751953125)]","[(0, 1836.89501953125), (1, 2442.887939453125)]","[(0, 1897.5517578125), (1, 1258.346923828125)]","[(3, 17.451350911458334), (4, 25.767353057861328), (0, 27.365107945033483), (1, 27.517148844401042), (5, 33.1966312953404), (2, 56.62589205228365)]","[(0, 661.8421630859375), (1, 1033.648681640625)]","[(4, 32.70298665364583), (3, 53.66309029715402), (5, 57.01860633263221), (1, 68.93819754464286), (0, 71.69872577373798), (2, 76.25202941894531)]","[(0, 1874.0947265625), (1, 886.48046875)]","[(4, 46.11462871844952), (3, 54.710734049479164), (1, 62.39635213216146), (5, 86.75893332741477), (0, 100.28053977272727), (2, 143.15606689453125)]","[(0, 1365.5474853515625), (1, 1479.10986328125)]"
426,"[(0, 506.6949462890625), (1, 562.808837890625)]","[(0, 781.5310668945312), (1, 883.467529296875)]","[(0, 3066.255859375), (1, 2761.9501953125)]","[(0, 1912.864990234375), (1, 1606.993896484375)]","[(0, 2923.42529296875), (1, 1678.235107421875)]","[(0, 6136.13623046875), (1, 6492.125)]","[(0, 506.9080810546875), (1, 693.9846801757812)]","[(0, 334.1827392578125), (1, 242.1523895263672)]","[(2, 23.300159999302455), (1, 26.603533935546874), (5, 34.95741271972656), (4, 39.4102783203125), (0, 43.9759286733774), (3, 77.17011052911931)]","[(0, 607.5455322265625), (1, 548.64794921875)]","[(2, 79.54417067307692), (1, 88.768798828125), (5, 92.85457356770833), (0, 101.22598031850961), (4, 102.44444861778847), (3, 131.54998779296875)]","[(0, 754.0816650390625), (1, 855.0277709960938)]","[(2, 43.43897871537642), (5, 47.85995205965909), (1, 51.465433756510414), (4, 55.54509989420573), (0, 87.74432927911931), (3, 92.69443026455966)]","[(0, 2438.95751953125), (1, 2694.180908203125)]"
427,"[(0, 600.30712890625), (1, 685.7249145507812)]","[(0, 1057.8052978515625), (1, 1277.1448974609375)]","[(0, 4070.0009765625), (1, 3424.01416015625)]","[(0, 2245.44189453125), (1, 2596.72216796875)]","[(0, 1970.00732421875), (1, 1122.577392578125)]","[(0, 4951.5966796875), (1, 4596.35888671875)]","[(0, 1957.0379638671875), (1, 1724.66943359375)]","[(0, 373.7142639160156), (1, 254.72340393066406)]","[(1, 73.73397623697916), (2, 77.9775390625), (0, 87.46506173270089), (4, 93.6319580078125), (3, 98.97632774939903), (5, 99.28514685997597)]","[(0, 914.7565307617188), (1, 818.2357177734375)]","[(1, 38.60957219050481), (4, 43.04841965895433), (2, 66.84429931640625), (5, 79.23770973899148), (0, 95.78911798650569), (3, 106.27479137073864)]","[(0, 559.8346557617188), (1, 476.95758056640625)]","[(4, 43.60253470284598), (1, 46.2574697641226), (3, 49.69341571514423), (5, 71.4041748046875), (0, 74.33765157063802), (2, 88.66851251775569)]","[(0, 1752.5032958984375), (1, 1837.748291015625)]"
428,"[(0, 544.1561889648438), (1, 678.5253295898438)]","[(0, 1074.01513671875), (1, 1169.68505859375)]","[(0, 3273.161376953125), (1, 3472.10205078125)]","[(0, 2372.56103515625), (1, 2295.52880859375)]","[(0, 3439.054931640625), (1, 1723.646728515625)]","[(0, 3396.3251953125), (1, 3121.00048828125)]","[(0, 880.6343383789062), (1, 979.2905883789062)]","[(0, 851.9843139648438), (1, 1061.7176513671875)]","[(0, 33.941474465762866), (4, 49.340824381510416), (2, 53.09056803385417), (1, 54.02949142456055), (5, 55.90992954799107), (3, 76.98472712590144)]","[(0, 613.9112548828125), (1, 529.15185546875)]","[(2, 33.23878580729167), (1, 43.4062385559082), (0, 58.542589460100444), (4, 59.76322719029018), (5, 68.58407827524039), (3, 167.93414306640625)]","[(0, 1867.9859619140625), (1, 1566.1156005859375)]","[(3, 21.239546712239584), (4, 26.484785079956055), (5, 33.85667201450893), (1, 38.27130562918527), (0, 46.23900897686298), (2, 68.59493001302083)]","[(0, 1796.3243408203125), (1, 1592.2325439453125)]"
429,"[(0, 731.4677734375), (1, 886.221435546875)]","[(0, 824.7562866210938), (1, 864.1854858398438)]","[(0, 2625.027587890625), (1, 2241.057373046875)]","[(0, 2978.775390625), (1, 3695.317626953125)]","[(0, 2415.064208984375), (1, 1309.6148681640625)]","[(0, 4364.91650390625), (1, 4856.9912109375)]","[(0, 3569.62158203125), (1, 4659.91064453125)]","[(0, 1032.9801025390625), (1, 861.018310546875)]","[(1, 15.024217732747395), (4, 15.30006498448989), (0, 16.79892076764788), (3, 17.709457397460938), (5, 18.33240966796875), (2, 21.61835655799279)]","[(0, 2275.244140625), (1, 1990.8619384765625)]","[(4, 23.264796330378605), (3, 26.709210713704426), (1, 36.02699973366477), (5, 40.59145285866477), (0, 51.13707580566406), (2, 80.16807047526042)]","[(0, 1159.635986328125), (1, 751.773193359375)]","[(1, 42.76017878605769), (3, 49.040985107421875), (5, 51.51350402832031), (0, 54.399556477864586), (2, 56.72032674153646), (4, 58.19281475360577)]","[(0, 894.6610717773438), (1, 982.8370971679688)]"
430,"[(0, 523.9406127929688), (1, 545.1293334960938)]","[(0, 893.1904296875), (1, 1146.1395263671875)]","[(0, 1931.886474609375), (1, 1103.067138671875)]","[(0, 713.7860717773438), (1, 750.78759765625)]","[(0, 690.06982421875), (1, 470.7244873046875)]","[(0, 3690.5986328125), (1, 4188.3662109375)]","[(0, 3071.556396484375), (1, 4038.68603515625)]","[(0, 466.6243591308594), (1, 367.77215576171875)]","[(2, 66.68377685546875), (1, 70.75043279474431), (5, 76.19540405273438), (4, 78.63933771306819), (0, 94.10751342773438), (3, 108.771630859375)]","[(0, 939.72314453125), (1, 690.198486328125)]","[(2, 52.50525841346154), (1, 52.53248814174107), (5, 100.04011674360795), (4, 106.66035970052083), (0, 113.17467244466145), (3, 270.736572265625)]","[(0, 1243.3184814453125), (1, 1925.3607177734375)]","[(1, 35.69351850237165), (2, 36.59081796499399), (4, 38.05062255859375), (5, 38.42613002232143), (0, 54.70330341045673), (3, 56.55247279575893)]","[(0, 2280.74609375), (1, 2361.65185546875)]"
431,"[(0, 952.5796508789062), (1, 1040.853515625)]","[(0, 1480.0877685546875), (1, 2122.24169921875)]","[(0, 5648.2392578125), (1, 5916.10400390625)]","[(0, 1227.1165771484375), (1, 1018.9743041992188)]","[(0, 399.05816650390625), (1, 284.1788635253906)]","[(0, 6286.71484375), (1, 5595.931640625)]","[(0, 1684.32568359375), (1, 1408.8369140625)]","[(0, 1191.8369140625), (1, 890.389404296875)]","[(1, 36.456045968191965), (2, 37.07954289362981), (4, 48.64446585518973), (0, 50.70326585036058), (5, 51.36842228816106), (3, 71.55118971604567)]","[(0, 2367.8095703125), (1, 1275.9951171875)]","[(4, 57.60786320612981), (5, 73.77083333333333), (3, 76.32507832845052), (2, 84.6961161295573), (0, 87.51279703776042), (1, 111.69163161057692)]","[(0, 1000.820556640625), (1, 593.27001953125)]","[(4, 99.59239783653847), (1, 108.21282489483173), (5, 118.96469116210938), (2, 119.15817260742188), (0, 128.47211710611978), (3, 128.57079060872397)]","[(0, 1946.1473388671875), (1, 1886.9093017578125)]"
432,"[(0, 676.8740234375), (1, 757.1622924804688)]","[(0, 1248.8486328125), (1, 1625.90576171875)]","[(0, 3504.925048828125), (1, 3040.787353515625)]","[(0, 1287.7972412109375), (1, 1451.27197265625)]","[(0, 1689.099853515625), (1, 941.0994262695312)]","[(0, 1811.474365234375), (1, 1931.90576171875)]","[(0, 1220.421630859375), (1, 1361.18017578125)]","[(0, 605.9834594726562), (1, 599.6482543945312)]","[(1, 82.00312805175781), (4, 82.35815938313802), (2, 87.14523592862216), (5, 88.06784335049716), (3, 88.6547685102983), (0, 93.1722745028409)]","[(0, 1435.1400146484375), (1, 897.151611328125)]","[(2, 41.04252522786458), (1, 59.76314926147461), (0, 62.641893659319194), (4, 81.56687709263393), (5, 85.55788949819711), (3, 163.26211547851562)]","[(0, 840.2940063476562), (1, 847.2023315429688)]","[(1, 80.29662146935097), (4, 90.14626840444711), (2, 97.20371500651042), (5, 105.07822672526042), (0, 118.29871622721355), (3, 126.1590576171875)]","[(0, 1483.755126953125), (1, 1354.2987060546875)]"
433,"[(0, 861.516845703125), (1, 954.0315551757812)]","[(0, 920.4235229492188), (1, 1052.135009765625)]","[(0, 1544.122802734375), (1, 1305.9686279296875)]","[(0, 1801.3421630859375), (1, 1698.6282958984375)]","[(0, 2625.6533203125), (1, 1371.2078857421875)]","[(0, 4608.68798828125), (1, 5162.34716796875)]","[(0, 1134.9600830078125), (1, 1333.5509033203125)]","[(0, 1054.7506103515625), (1, 964.91064453125)]","[(2, 27.484471247746395), (1, 30.014848981584823), (5, 40.62849842418324), (4, 46.29162089029948), (0, 53.59321594238281), (3, 105.48441162109376)]","[(0, 1839.7122802734375), (1, 1694.0726318359375)]","[(4, 47.1579345703125), (3, 53.296295166015625), (5, 53.71269056532118), (1, 65.07952880859375), (0, 79.92439778645833), (2, 80.17253960503473)]","[(0, 2360.39990234375), (1, 2529.28857421875)]","[(4, 38.88992513020833), (1, 39.43810599190848), (0, 39.95843036358173), (3, 41.92205374581473), (5, 50.79289832481971), (2, 70.88823954264323)]","[(0, 751.1690063476562), (1, 829.2383422851562)]"
434,"[(0, 743.3925170898438), (1, 783.1694946289062)]","[(0, 325.3681945800781), (1, 515.91259765625)]","[(0, 6962.9013671875), (1, 6069.56640625)]","[(0, 621.3646850585938), (1, 969.75244140625)]","[(0, 460.34014892578125), (1, 431.97943115234375)]","[(0, 3035.311279296875), (1, 2636.978271484375)]","[(0, 949.5892944335938), (1, 1420.7100830078125)]","[(0, 1366.2183837890625), (1, 1328.9892578125)]","[(2, 44.33406483043324), (5, 45.83423683860085), (1, 47.11100769042969), (4, 49.3656005859375), (0, 64.2016435102983), (3, 66.4046797318892)]","[(0, 636.89599609375), (1, 643.789306640625)]","[(2, 34.09967980018029), (5, 43.58910193810096), (4, 44.571075439453125), (1, 63.0538330078125), (0, 80.22909545898438), (3, 104.37576293945312)]","[(0, 1094.1004638671875), (1, 502.0774230957031)]","[(3, 48.9055908203125), (5, 49.624398367745535), (1, 55.836556570870535), (4, 62.87619400024414), (2, 65.62612406412761), (0, 69.3354022686298)]","[(0, 1783.5482177734375), (1, 1957.567138671875)]"
435,"[(0, 727.060546875), (1, 794.8314819335938)]","[(0, 403.85455322265625), (1, 686.4037475585938)]","[(0, 7005.54248046875), (1, 6507.46044921875)]","[(0, 2370.699462890625), (1, 2254.1044921875)]","[(0, 3161.939697265625), (1, 1632.7713623046875)]","[(0, 1078.215087890625), (1, 1025.03076171875)]","[(0, 2757.02490234375), (1, 4185.53515625)]","[(0, 1185.8172607421875), (1, 821.319580078125)]","[(1, 46.77703302556818), (4, 48.16391268643466), (2, 49.45652465820312), (5, 50.16193542480469), (3, 67.28672485351562), (0, 67.392431640625)]","[(0, 926.6370849609375), (1, 611.7954711914062)]","[(4, 30.124337332589285), (0, 31.62108103434245), (3, 34.99479323167067), (1, 37.374227670522835), (5, 44.01404317220052), (2, 54.22438742897727)]","[(0, 314.8263854980469), (1, 376.5363464355469)]","[(2, 35.70869445800781), (1, 38.17433518629808), (5, 38.36617764559659), (4, 38.64972432454427), (0, 74.93116344105114), (3, 81.56366577148438)]","[(0, 6055.58056640625), (1, 5000.3369140625)]"
436,"[(0, 1201.6336669921875), (1, 1370.5177001953125)]","[(0, 517.699462890625), (1, 829.0280151367188)]","[(0, 507.76904296875), (1, 452.6494445800781)]","[(0, 624.5291137695312), (1, 644.2673950195312)]","[(0, 1319.79248046875), (1, 674.9428100585938)]","[(0, 1726.6607666015625), (1, 1877.909912109375)]","[(0, 1893.022216796875), (1, 2903.119873046875)]","[(0, 1044.2264404296875), (1, 1358.940185546875)]","[(5, 29.36934814453125), (2, 29.805200576782227), (1, 32.8942081227022), (4, 36.87641143798828), (0, 50.02440185546875), (3, 61.64752197265625)]","[(0, 1184.8173828125), (1, 1237.5054931640625)]","[(4, 19.329777308872767), (1, 25.636270376352165), (5, 28.467051188151043), (3, 32.66157786051432), (2, 39.03809703480113), (0, 46.13507634943182)]","[(0, 1036.5079345703125), (1, 1244.509521484375)]","[(4, 117.64668412642045), (5, 127.5380126953125), (1, 131.2598876953125), (2, 139.62198486328126), (3, 162.94425048828126), (0, 197.87440185546876)]","[(0, 572.6932983398438), (1, 614.7566528320312)]"
437,"[(0, 854.7517700195312), (1, 1063.9454345703125)]","[(0, 478.0254211425781), (1, 692.9365234375)]","[(0, 2240.523193359375), (1, 1453.468017578125)]","[(0, 1237.1868896484375), (1, 1589.0157470703125)]","[(0, 3429.955810546875), (1, 1715.570068359375)]","[(0, 6238.2607421875), (1, 6850.85986328125)]","[(0, 835.38037109375), (1, 737.1077880859375)]","[(0, 1079.412109375), (1, 902.4663696289062)]","[(1, 52.33869934082031), (2, 55.769219970703126), (4, 57.653961181640625), (5, 65.65992736816406), (0, 68.36658269708806), (3, 71.18949538010817)]","[(0, 2117.791748046875), (1, 2153.502685546875)]","[(2, 81.46436055501302), (1, 92.3265850360577), (5, 111.14805908203125), (0, 131.25426136363637), (4, 134.21061567826703), (3, 206.58932834201389)]","[(0, 1656.7376708984375), (1, 1699.4967041015625)]","[(4, 78.03078391335227), (1, 79.06409200032552), (3, 87.13367919921875), (2, 91.81125710227273), (5, 97.93788452148438), (0, 101.81238902698864)]","[(0, 1607.3211669921875), (1, 1455.0379638671875)]"
438,"[(0, 743.3496704101562), (1, 806.1268920898438)]","[(0, 281.20428466796875), (1, 283.3933410644531)]","[(0, 1385.41845703125), (1, 1454.4990234375)]","[(0, 2755.610595703125), (1, 3230.84423828125)]","[(0, 2270.145263671875), (1, 1171.165771484375)]","[(0, 4629.49755859375), (1, 4281.17724609375)]","[(0, 1670.2564697265625), (1, 1911.44970703125)]","[(0, 585.2607421875), (1, 683.2079467773438)]","[(1, 36.05484662737165), (0, 42.68804462139423), (3, 45.59501953125), (2, 46.73299662272135), (4, 47.65365219116211), (5, 57.86034720284598)]","[(0, 570.24658203125), (1, 602.7943115234375)]","[(4, 33.5227783203125), (3, 36.59330531529018), (0, 55.74551156850961), (5, 77.49265230618991), (1, 90.92333984375), (2, 116.90939331054688)]","[(0, 576.2440185546875), (1, 726.9489135742188)]","[(1, 18.435383516199447), (3, 21.5287109375), (0, 23.93797403971354), (5, 24.6779541015625), (4, 24.986213235294116), (2, 28.03513387044271)]","[(0, 294.1742248535156), (1, 316.0989685058594)]"
439,"[(0, 1336.404541015625), (1, 1547.050048828125)]","[(0, 1196.7789306640625), (1, 1484.249755859375)]","[(0, 9399.8232421875), (1, 8250.7451171875)]","[(0, 1393.6610107421875), (1, 1391.1419677734375)]","[(0, 858.5748291015625), (1, 747.6851806640625)]","[(0, 2523.443603515625), (1, 2320.1767578125)]","[(0, 6321.43994140625), (1, 7094.66845703125)]","[(0, 1910.2188720703125), (1, 1881.021484375)]","[(4, 56.26646071213942), (3, 65.36590576171875), (1, 83.51051839192708), (0, 94.64844859730114), (5, 95.33403986150569), (2, 140.63997802734374)]","[(0, 778.865478515625), (1, 528.3118286132812)]","[(4, 44.40922130237926), (5, 51.141317749023436), (3, 54.893994140625), (1, 58.55625221946023), (2, 67.41033325195312), (0, 76.705029296875)]","[(0, 744.0578002929688), (1, 568.86962890625)]","[(1, 28.603595440204327), (2, 31.321192423502605), (4, 32.422533671061196), (5, 34.467742919921875), (3, 54.667474365234376), (0, 56.67331764914773)]","[(0, 3346.876220703125), (1, 3625.9111328125)]"
440,"[(0, 687.768310546875), (1, 750.3316650390625)]","[(0, 1954.13232421875), (1, 2660.187255859375)]","[(0, 3399.125), (1, 2931.673828125)]","[(0, 2291.309814453125), (1, 2060.031494140625)]","[(0, 1039.6109619140625), (1, 870.6124877929688)]","[(0, 3089.824462890625), (1, 3477.45703125)]","[(0, 2012.95849609375), (1, 1754.11279296875)]","[(0, 950.3067626953125), (1, 1018.6697387695312)]","[(4, 12.20449938092913), (1, 12.335249764578682), (2, 17.38071060180664), (5, 17.90300114949544), (0, 20.63392512003581), (3, 20.740411122639973)]","[(0, 1738.8660888671875), (1, 1121.0166015625)]","[(2, 90.0796952681108), (1, 112.69959513346355), (0, 120.8326416015625), (4, 121.48854573567708), (5, 126.87098277698864), (3, 173.24272017045453)]","[(0, 434.76983642578125), (1, 369.40863037109375)]","[(4, 47.72898646763393), (1, 62.67558875450721), (3, 62.77692589393029), (5, 75.04446919759114), (0, 84.71829223632812), (2, 129.18705610795453)]","[(0, 2968.074951171875), (1, 2804.866455078125)]"
441,"[(0, 737.1278076171875), (1, 915.0631713867188)]","[(0, 1584.2479248046875), (1, 2102.83056640625)]","[(0, 3423.62548828125), (1, 3221.623046875)]","[(0, 1166.3116455078125), (1, 1010.5081787109375)]","[(0, 1848.83447265625), (1, 1039.487548828125)]","[(0, 1790.6954345703125), (1, 1982.2457275390625)]","[(0, 2074.943359375), (1, 2374.61962890625)]","[(0, 675.9563598632812), (1, 649.6958618164062)]","[(1, 59.670694986979164), (2, 60.3116455078125), (4, 66.4444100516183), (5, 76.4510028545673), (0, 123.0576171875), (3, 150.2835896809896)]","[(0, 682.1867065429688), (1, 926.7184448242188)]","[(4, 67.09807586669922), (5, 71.17861066545758), (3, 72.64635416666667), (2, 76.37516784667969), (1, 91.85406494140625), (0, 93.01145582932692)]","[(0, 180.45884704589844), (1, 186.89767456054688)]","[(4, 44.35913521902902), (3, 52.50856370192308), (1, 78.94965069110577), (5, 89.0526123046875), (0, 98.00946044921875), (2, 180.19453568892047)]","[(0, 691.940673828125), (1, 726.0042114257812)]"
442,"[(0, 1082.01513671875), (1, 1230.278076171875)]","[(0, 825.477783203125), (1, 1007.4376220703125)]","[(0, 1784.5264892578125), (1, 1352.6646728515625)]","[(0, 1149.4420166015625), (1, 1075.905517578125)]","[(0, 1560.9810791015625), (1, 907.3681640625)]","[(0, 1783.83740234375), (1, 1570.0367431640625)]","[(0, 5128.7529296875), (1, 5717.4462890625)]","[(0, 820.6329345703125), (1, 359.5541687011719)]","[(2, 36.15667724609375), (1, 42.627864837646484), (4, 43.76531168619792), (5, 45.77757045200893), (0, 76.19502476283482), (3, 79.02034818209134)]","[(0, 969.7884521484375), (1, 773.5888671875)]","[(2, 31.896700032552083), (1, 41.4951057434082), (5, 54.13001896784856), (4, 58.317967006138396), (0, 60.91536167689732), (3, 142.22968546549478)]","[(0, 404.27764892578125), (1, 466.8366394042969)]","[(1, 20.60304914202009), (2, 23.74700223482572), (4, 24.80834706624349), (5, 28.39046131480824), (0, 33.30503845214844), (3, 47.15665283203125)]","[(0, 919.9276733398438), (1, 978.6240234375)]"
443,"[(0, 729.9559936523438), (1, 845.5609741210938)]","[(0, 143.22959899902344), (1, 132.96275329589844)]","[(0, 2674.112060546875), (1, 2392.258056640625)]","[(0, 3226.06884765625), (1, 3053.88232421875)]","[(0, 1135.5977783203125), (1, 957.016845703125)]","[(0, 2488.71044921875), (1, 2297.484619140625)]","[(0, 3019.78076171875), (1, 2659.029296875)]","[(0, 995.6204223632812), (1, 1090.197265625)]","[(2, 33.999725341796875), (1, 35.400306701660156), (4, 35.461966378348215), (5, 41.57859450120192), (0, 42.01192365373884), (3, 64.79920450846355)]","[(0, 260.70880126953125), (1, 356.3634948730469)]","[(2, 88.34523518880208), (1, 95.42554321289063), (0, 125.51486545138889), (5, 132.34891764322916), (4, 137.79459228515626), (3, 182.79050021701389)]","[(0, 492.0121765136719), (1, 574.9677124023438)]","[(5, 121.02373046875), (3, 140.22366943359376), (2, 155.5968505859375), (4, 158.72392134232953), (0, 184.04466552734374), (1, 203.52616743607953)]","[(0, 1802.3165283203125), (1, 1534.4481201171875)]"
444,"[(0, 735.669189453125), (1, 891.0481567382812)]","[(0, 250.9938201904297), (1, 287.8502197265625)]","[(0, 4700.81005859375), (1, 5228.13818359375)]","[(0, 3120.845947265625), (1, 3108.657958984375)]","[(0, 834.5167846679688), (1, 678.0950927734375)]","[(0, 1495.2484130859375), (1, 1561.3681640625)]","[(0, 1217.04638671875), (1, 1350.2615966796875)]","[(0, 1476.7645263671875), (1, 1171.6890869140625)]","[(1, 26.057364327566965), (2, 26.4009516789363), (5, 30.628761985085227), (4, 33.32165273030599), (0, 44.08341979980469), (3, 71.09049682617187)]","[(0, 1165.1143798828125), (1, 1028.176025390625)]","[(2, 73.42994035993304), (1, 84.06883951822917), (5, 90.37033315805289), (4, 90.89936174665179), (0, 150.8626708984375), (3, 225.18839518229166)]","[(0, 933.0355834960938), (1, 964.4088745117188)]","[(1, 33.43321110652043), (2, 34.13273366292318), (5, 40.11296497691762), (4, 41.768262227376304), (3, 68.8149169921875), (0, 73.81429221413352)]","[(0, 1987.7886962890625), (1, 1940.951904296875)]"
445,"[(0, 861.5460205078125), (1, 937.345947265625)]","[(0, 399.14093017578125), (1, 497.92462158203125)]","[(0, 1971.5833740234375), (1, 1423.431884765625)]","[(0, 5088.74365234375), (1, 4644.896484375)]","[(0, 2491.42724609375), (1, 1457.1619873046875)]","[(0, 3169.21826171875), (1, 3477.1884765625)]","[(0, 2953.16015625), (1, 3825.341552734375)]","[(0, 403.667236328125), (1, 355.62762451171875)]","[(3, 62.20204264322917), (1, 67.70144449869791), (0, 85.07422746930804), (4, 93.19905090332031), (5, 110.90968540736607), (2, 128.79716609074518)]","[(0, 580.8745727539062), (1, 475.5675048828125)]","[(3, 55.3862069936899), (4, 55.75219290597098), (5, 88.1389668782552), (1, 142.97684733072916), (0, 209.8251287286932), (2, 272.0242431640625)]","[(0, 1456.9521484375), (1, 1110.93212890625)]","[(1, 57.5279541015625), (2, 73.18400573730469), (0, 75.84385681152344), (5, 83.89226786295573), (4, 85.63101900540866), (3, 87.63223266601562)]","[(0, 926.4369506835938), (1, 944.9544067382812)]"
446,"[(0, 576.5957641601562), (1, 700.575927734375)]","[(0, 394.0270080566406), (1, 449.6774597167969)]","[(0, 2600.909423828125), (1, 2971.796875)]","[(0, 1059.3680419921875), (1, 1012.0271606445312)]","[(0, 2936.77392578125), (1, 1808.603759765625)]","[(0, 3343.568115234375), (1, 2850.33984375)]","[(0, 1608.3792724609375), (1, 2045.2781982421875)]","[(0, 557.0059814453125), (1, 305.5892333984375)]","[(1, 16.508604049682617), (4, 17.209077835083008), (2, 18.719124930245535), (5, 20.550410679408483), (0, 24.127879551478795), (3, 26.952891758510045)]","[(0, 1551.4840087890625), (1, 1358.414794921875)]","[(5, 42.06445782001202), (2, 42.13019737830529), (4, 48.16156005859375), (1, 48.66139875139509), (0, 64.27016977163461), (3, 64.50314096304086)]","[(0, 922.880126953125), (1, 609.968505859375)]","[(2, 30.96032480093149), (1, 32.01217433384487), (5, 35.600757305438705), (4, 36.288055419921875), (0, 72.61988321940105), (3, 80.89737447102864)]","[(0, 1971.6048583984375), (1, 1846.496337890625)]"
447,"[(0, 905.223388671875), (1, 936.4899291992188)]","[(0, 399.0079345703125), (1, 431.86572265625)]","[(0, 4400.6953125), (1, 4791.39990234375)]","[(0, 3177.422607421875), (1, 2654.899169921875)]","[(0, 2386.886962890625), (1, 2014.8790283203125)]","[(0, 4122.1220703125), (1, 4200.71484375)]","[(0, 1426.9412841796875), (1, 1216.8956298828125)]","[(0, 965.1329345703125), (1, 533.0018310546875)]","[(1, 39.16916097005208), (2, 40.74780709402902), (4, 44.68102591378348), (5, 48.89081280048077), (0, 64.32391357421875), (3, 103.2676289876302)]","[(0, 719.6849975585938), (1, 658.349609375)]","[(4, 25.193245442708335), (3, 32.59249659946987), (5, 44.37675123948317), (0, 54.822845458984375), (1, 67.0551288311298), (2, 82.67766779119319)]","[(0, 601.0013427734375), (1, 705.8682861328125)]","[(1, 93.69991048177083), (2, 115.1799649325284), (4, 128.4546101888021), (0, 152.72718394886363), (5, 165.6950350674716), (3, 213.92174183238637)]","[(0, 1734.52685546875), (1, 1660.6148681640625)]"
448,"[(0, 698.2234497070312), (1, 840.6690673828125)]","[(0, 210.32948303222656), (1, 184.3696746826172)]","[(0, 1184.8218994140625), (1, 1147.8734130859375)]","[(0, 1057.5648193359375), (1, 1082.997314453125)]","[(0, 2031.6544189453125), (1, 1772.5780029296875)]","[(0, 4749.95263671875), (1, 4966.4609375)]","[(0, 1239.43017578125), (1, 1395.87646484375)]","[(0, 218.95713806152344), (1, 234.64329528808594)]","[(2, 47.736348470052086), (1, 54.03109975961539), (5, 54.45920077237216), (4, 62.85887145996094), (0, 92.22168523615056), (3, 126.29010009765625)]","[(0, 487.4652099609375), (1, 519.89794921875)]","[(4, 31.44592754657452), (3, 32.249348958333336), (5, 49.735107421875), (1, 54.37969415838068), (0, 64.54297485351563), (2, 118.89522298177083)]","[(0, 552.8031616210938), (1, 636.0765380859375)]","[(4, 36.975948079427084), (3, 44.82894025530134), (1, 58.34017709585336), (0, 69.98227437337239), (5, 72.18833101712741), (2, 108.88770640980114)]","[(0, 764.1541748046875), (1, 876.239990234375)]"
449,"[(0, 530.2890625), (1, 579.607666015625)]","[(0, 345.93719482421875), (1, 416.0042419433594)]","[(0, 6031.0517578125), (1, 4990.841796875)]","[(0, 1072.18017578125), (1, 952.513427734375)]","[(0, 2029.5164794921875), (1, 1064.936767578125)]","[(0, 2725.403564453125), (1, 2551.07275390625)]","[(0, 1459.9725341796875), (1, 1614.528076171875)]","[(0, 946.4105224609375), (1, 1282.13818359375)]","[(3, 21.87120157877604), (4, 25.444093704223633), (1, 31.212751116071427), (5, 33.62226431710379), (0, 39.42740102914664), (2, 53.89026896158854)]","[(0, 472.481689453125), (1, 701.6651611328125)]","[(2, 82.70892842610677), (1, 85.15242826021634), (4, 106.50527719350961), (0, 111.06376139322917), (5, 112.35147094726562), (3, 148.22122192382812)]","[(0, 434.723388671875), (1, 398.568115234375)]","[(4, 97.28226725260417), (5, 97.90641645951705), (1, 109.24781290690105), (2, 112.16245339133523), (3, 122.46820623224431), (0, 141.10676713423297)]","[(0, 457.6441650390625), (1, 532.0016479492188)]"
450,"[(0, 1069.5367431640625), (1, 1138.9334716796875)]","[(0, 572.538818359375), (1, 746.37255859375)]","[(0, 3621.107666015625), (1, 3277.103271484375)]","[(0, 1338.470947265625), (1, 1202.3994140625)]","[(0, 1012.5300903320312), (1, 530.0991821289062)]","[(0, 2686.838623046875), (1, 2848.6318359375)]","[(0, 1468.9737548828125), (1, 1717.3314208984375)]","[(0, 502.38079833984375), (1, 419.0995178222656)]","[(2, 63.51791178385417), (5, 68.57217172475961), (4, 74.65834263392857), (1, 81.72632598876953), (0, 82.17224993024554), (3, 107.216796875)]","[(0, 570.6107788085938), (1, 281.3315734863281)]","[(2, 67.82377522786459), (4, 76.3880615234375), (1, 79.4274543313419), (0, 86.2299072265625), (5, 92.01295572916666), (3, 113.53655598958333)]","[(0, 1081.527587890625), (1, 1227.93603515625)]","[(4, 61.0919189453125), (5, 70.87668678977273), (3, 78.00518798828125), (1, 78.59292325106534), (2, 88.30896606445313), (0, 105.74124755859376)]","[(0, 511.55975341796875), (1, 550.2550659179688)]"
451,"[(0, 1004.0264892578125), (1, 1210.041748046875)]","[(0, 506.7292175292969), (1, 558.5313720703125)]","[(0, 2886.877685546875), (1, 2779.725830078125)]","[(0, 498.3015441894531), (1, 774.5614624023438)]","[(0, 554.6796875), (1, 495.21868896484375)]","[(0, 2199.850341796875), (1, 2442.72607421875)]","[(0, 4601.85888671875), (1, 4379.99462890625)]","[(0, 722.37939453125), (1, 739.5105590820312)]","[(4, 34.113128662109375), (1, 35.91991248497596), (3, 45.36157735188802), (5, 46.39037577311198), (2, 47.832295735677086), (0, 48.69495137532552)]","[(0, 1147.19580078125), (1, 1821.7374267578125)]","[(4, 131.1704767400568), (1, 149.91856800426137), (5, 162.89896240234376), (2, 182.526318359375), (3, 184.8108154296875), (0, 208.2165771484375)]","[(0, 710.6212768554688), (1, 802.4528198242188)]","[(2, 39.363964374248795), (1, 41.015167236328125), (4, 59.67030217097356), (5, 65.28915405273438), (0, 102.2466532389323), (3, 147.0958917791193)]","[(0, 2714.3134765625), (1, 2518.817626953125)]"
452,"[(0, 853.6963500976562), (1, 939.2958374023438)]","[(0, 713.057373046875), (1, 783.132568359375)]","[(0, 5000.8857421875), (1, 5269.912109375)]","[(0, 2457.345703125), (1, 2521.293212890625)]","[(0, 523.0718994140625), (1, 466.4488220214844)]","[(0, 1595.3499755859375), (1, 1360.0732421875)]","[(0, 1710.326904296875), (1, 2099.697509765625)]","[(0, 1408.5078125), (1, 1065.1236572265625)]","[(4, 77.568603515625), (1, 82.78276715959821), (3, 87.41688889723558), (5, 94.18218524639423), (0, 94.4705810546875), (2, 99.60912146935097)]","[(0, 1366.47900390625), (1, 625.0989990234375)]","[(2, 134.83037651909723), (1, 137.44686279296874), (4, 160.56007080078126), (5, 160.91049533420139), (0, 166.06084526909723), (3, 195.65789116753473)]","[(0, 1113.1513671875), (1, 1106.1905517578125)]","[(1, 18.104899088541668), (2, 20.85015869140625), (0, 31.30809783935547), (4, 35.28877258300781), (5, 43.09100341796875), (3, 61.13078090122768)]","[(0, 753.05078125), (1, 803.2518310546875)]"
453,"[(0, 750.8441772460938), (1, 903.9190673828125)]","[(0, 241.51943969726562), (1, 440.92352294921875)]","[(0, 6357.63671875), (1, 4335.001953125)]","[(0, 2026.337158203125), (1, 1889.3619384765625)]","[(0, 1684.45654296875), (1, 932.6765747070312)]","[(0, 825.7049560546875), (1, 782.8379516601562)]","[(0, 1818.8616943359375), (1, 1661.5345458984375)]","[(0, 609.5599975585938), (1, 422.3836975097656)]","[(1, 50.422720772879465), (2, 56.93198805588942), (4, 62.3344980875651), (5, 70.32495672052556), (0, 79.59958902994792), (3, 109.91302490234375)]","[(0, 499.10272216796875), (1, 523.697021484375)]","[(2, 10.490120442708333), (1, 14.937731742858887), (5, 18.44854518345424), (4, 22.437359619140626), (0, 31.371170043945312), (3, 51.99676983173077)]","[(0, 1361.104248046875), (1, 1296.5972900390625)]","[(1, 35.26500447591146), (2, 44.249183654785156), (4, 58.983913845486114), (5, 60.41623306274414), (0, 67.5016860961914), (3, 94.86949157714844)]","[(0, 684.6594848632812), (1, 713.8442993164062)]"
454,"[(0, 891.2011108398438), (1, 1031.1307373046875)]","[(0, 310.4279479980469), (1, 596.6113891601562)]","[(0, 1109.091796875), (1, 892.9561767578125)]","[(0, 720.9967041015625), (1, 744.01025390625)]","[(0, 2084.662109375), (1, 1296.637451171875)]","[(0, 2434.5908203125), (1, 2664.325439453125)]","[(0, 2626.70263671875), (1, 2985.897216796875)]","[(0, 342.04876708984375), (1, 403.5386657714844)]","[(2, 19.605577741350448), (1, 19.789497884114585), (4, 24.72021484375), (5, 24.78211212158203), (0, 36.558887188251205), (3, 41.82259022105824)]","[(0, 607.2205810546875), (1, 413.6271057128906)]","[(2, 150.4969278971354), (4, 154.44381009615384), (0, 171.90486653645834), (5, 173.03483072916666), (3, 195.3398234049479), (1, 201.60779747596155)]","[(0, 560.344482421875), (1, 703.8953247070312)]","[(1, 21.278322007921005), (3, 22.899749755859375), (4, 27.334228515625), (0, 30.060516357421875), (5, 30.378435920266543), (2, 38.06877136230469)]","[(0, 1445.292236328125), (1, 1615.6153564453125)]"
455,"[(0, 915.8262329101562), (1, 992.479248046875)]","[(0, 414.9771728515625), (1, 741.2075805664062)]","[(0, 1283.0413818359375), (1, 1185.8009033203125)]","[(0, 2266.435546875), (1, 2066.904296875)]","[(0, 2212.202880859375), (1, 1256.125244140625)]","[(0, 3698.490966796875), (1, 3942.6591796875)]","[(0, 1407.6845703125), (1, 1355.2916259765625)]","[(0, 426.83026123046875), (1, 442.0700378417969)]","[(2, 25.75403594970703), (5, 30.602338155110676), (1, 32.17210975060096), (4, 36.33939302884615), (0, 52.49581631747159), (3, 63.64958607066762)]","[(0, 502.20428466796875), (1, 391.8720397949219)]","[(1, 78.69009121981534), (4, 83.78593139648437), (3, 84.59404161241319), (0, 90.768408203125), (2, 101.164111328125), (5, 101.23143174913194)]","[(0, 810.0665283203125), (1, 552.5657348632812)]","[(4, 135.96826171875), (5, 136.6949744591346), (1, 147.16053989955358), (2, 164.11626727764423), (3, 165.15961162860577), (0, 206.73912635216345)]","[(0, 1385.64697265625), (1, 1549.894287109375)]"
456,"[(0, 802.1283569335938), (1, 900.8609619140625)]","[(0, 864.0243530273438), (1, 1025.4263916015625)]","[(0, 735.8112182617188), (1, 997.7372436523438)]","[(0, 1270.1298828125), (1, 1082.102783203125)]","[(0, 1214.7852783203125), (1, 1037.6546630859375)]","[(0, 4872.97021484375), (1, 4773.4482421875)]","[(0, 2021.3843994140625), (1, 1834.8780517578125)]","[(0, 557.2294311523438), (1, 650.1990966796875)]","[(1, 29.76531982421875), (4, 29.945049285888672), (2, 39.373270670572914), (5, 42.528333391462056), (0, 45.28267008463542), (3, 53.386095319475444)]","[(0, 1857.77685546875), (1, 1233.262451171875)]","[(4, 24.866453043619792), (3, 25.686750139508927), (5, 48.78662109375), (0, 50.19409688313802), (1, 74.02003361628606), (2, 108.85454767400569)]","[(0, 498.5447082519531), (1, 457.12969970703125)]","[(4, 30.67291259765625), (1, 31.97199910481771), (2, 52.58832256610577), (5, 54.50661996694711), (0, 60.66763070913461), (3, 64.96283897986778)]","[(0, 3587.531982421875), (1, 3232.841552734375)]"
457,"[(0, 763.7575073242188), (1, 889.3565673828125)]","[(0, 1356.666259765625), (1, 1749.31982421875)]","[(0, 4555.89453125), (1, 4377.447265625)]","[(0, 1226.2725830078125), (1, 1191.8118896484375)]","[(0, 1088.71044921875), (1, 852.7020263671875)]","[(0, 4466.36083984375), (1, 4267.06201171875)]","[(0, 4977.5751953125), (1, 5660.16162109375)]","[(0, 604.6698608398438), (1, 438.5143737792969)]","[(5, 32.53208821614583), (4, 33.00738166360294), (1, 34.59040120442708), (2, 39.87722543569711), (3, 40.126121520996094), (0, 44.414886474609375)]","[(0, 264.7162780761719), (1, 168.21905517578125)]","[(2, 52.10174560546875), (1, 60.4478759765625), (0, 64.42791069878473), (5, 68.78066677517361), (4, 77.312939453125), (3, 84.77256944444444)]","[(0, 1321.9036865234375), (1, 1005.53662109375)]","[(1, 43.12791224888393), (5, 43.91895000751202), (3, 48.48464731069711), (2, 50.02418870192308), (0, 54.50503774789664), (4, 67.91997855050224)]","[(0, 487.47314453125), (1, 430.99554443359375)]"
458,"[(0, 794.1651611328125), (1, 861.9075927734375)]","[(0, 1275.6185302734375), (1, 1460.686279296875)]","[(0, 1496.5765380859375), (1, 1302.0413818359375)]","[(0, 416.1266784667969), (1, 504.2876892089844)]","[(0, 3094.781982421875), (1, 1604.591064453125)]","[(0, 1678.2135009765625), (1, 1725.1910400390625)]","[(0, 2395.45654296875), (1, 2681.53076171875)]","[(0, 351.2652893066406), (1, 373.4470520019531)]","[(1, 22.570751190185547), (4, 28.454414876302085), (2, 35.93223571777344), (0, 40.837733677455354), (5, 54.39593505859375), (3, 54.54902531550481)]","[(0, 220.39608764648438), (1, 190.82443237304688)]","[(3, 38.4334716796875), (4, 42.00578308105469), (5, 56.611075265066965), (0, 120.24420635516827), (1, 124.66884068080357), (2, 162.67276000976562)]","[(0, 892.989501953125), (1, 960.5591430664062)]","[(1, 15.511732991536459), (4, 22.242933000837052), (0, 26.5093994140625), (2, 27.47449904221755), (5, 35.9129384358724), (3, 42.25436655680338)]","[(0, 1722.871826171875), (1, 1598.31103515625)]"
459,"[(0, 775.3640747070312), (1, 900.0747680664062)]","[(0, 687.604736328125), (1, 754.8494262695312)]","[(0, 1711.2545166015625), (1, 1445.533447265625)]","[(0, 2219.81640625), (1, 1885.177978515625)]","[(0, 946.0233154296875), (1, 865.8894653320312)]","[(0, 4401.74853515625), (1, 5114.23193359375)]","[(0, 2110.877685546875), (1, 2242.29296875)]","[(0, 465.0303955078125), (1, 579.0424194335938)]","[(1, 50.19474909855769), (4, 50.41112811748798), (2, 51.21435546875), (5, 53.12196350097656), (0, 68.63651529947917), (3, 69.22849019368489)]","[(0, 937.0822143554688), (1, 777.4691162109375)]","[(2, 62.35233376242898), (1, 72.53969319661458), (5, 93.72833251953125), (4, 118.39572975852273), (0, 163.09349365234374), (3, 307.21497938368054)]","[(0, 1472.999267578125), (1, 1916.225341796875)]","[(4, 51.81491921164773), (5, 54.26103515625), (3, 58.67238159179688), (1, 59.5240312056108), (2, 62.3780517578125), (0, 67.85819091796876)]","[(0, 4386.97607421875), (1, 4777.7431640625)]"
460,"[(0, 836.6687622070312), (1, 932.68994140625)]","[(0, 195.9691925048828), (1, 181.80172729492188)]","[(0, 1578.9317626953125), (1, 905.9656372070312)]","[(0, 1988.3194580078125), (1, 1793.333251953125)]","[(0, 4368.060546875), (1, 2581.92333984375)]","[(0, 5333.08935546875), (1, 4803.7578125)]","[(0, 1614.0653076171875), (1, 1971.35107421875)]","[(0, 890.1749877929688), (1, 867.4531860351562)]","[(2, 120.43119303385417), (1, 134.50860126201923), (5, 158.513427734375), (0, 159.45694986979166), (4, 176.5599161783854), (3, 181.9801358309659)]","[(0, 705.9844360351562), (1, 342.6573486328125)]","[(4, 141.61237589518228), (3, 149.00185324928978), (1, 169.07679239908853), (5, 174.65727095170453), (0, 178.6552179509943), (2, 210.6617098721591)]","[(0, 943.8749389648438), (1, 702.9984130859375)]","[(2, 29.14014376126803), (1, 31.500861031668528), (0, 69.58655802408855), (4, 71.1121317545573), (5, 71.31230579723011), (3, 144.15782470703124)]","[(0, 1889.481689453125), (1, 1810.890625)]"
461,"[(0, 703.3786010742188), (1, 824.1461181640625)]","[(0, 533.2247924804688), (1, 621.7591552734375)]","[(0, 6087.96044921875), (1, 5887.27587890625)]","[(0, 2048.601806640625), (1, 2133.75048828125)]","[(0, 2939.99072265625), (1, 1793.406005859375)]","[(0, 2226.625244140625), (1, 2011.6162109375)]","[(0, 2100.114013671875), (1, 3125.587646484375)]","[(0, 615.7852783203125), (1, 644.7579345703125)]","[(4, 24.008782958984376), (3, 25.256615774972097), (1, 28.462679036458333), (0, 31.89026096888951), (5, 46.67694561298077), (2, 55.5933837890625)]","[(0, 2655.95263671875), (1, 1629.81787109375)]","[(2, 27.559465680803573), (4, 41.80074368990385), (0, 42.63771409254808), (5, 44.701873779296875), (1, 45.33097737630208), (3, 64.97754461115056)]","[(0, 999.2260131835938), (1, 1315.15625)]","[(1, 94.15648396809895), (4, 94.46327718098958), (2, 94.94371448863636), (5, 95.28699840198864), (3, 131.3903253728693), (0, 137.93665660511363)]","[(0, 444.038818359375), (1, 488.5619812011719)]"
462,"[(0, 786.7297973632812), (1, 885.2238159179688)]","[(0, 818.0590209960938), (1, 1071.956787109375)]","[(0, 5888.02880859375), (1, 4425.47119140625)]","[(0, 582.5718994140625), (1, 734.85791015625)]","[(0, 1513.8935546875), (1, 1423.3687744140625)]","[(0, 4550.57080078125), (1, 5270.263671875)]","[(0, 2005.314453125), (1, 1752.30615234375)]","[(0, 360.96673583984375), (1, 221.25404357910156)]","[(1, 17.95718044704861), (4, 24.23989150103401), (2, 29.808013916015625), (0, 33.476566314697266), (3, 34.57154134114583), (5, 36.06083984375)]","[(0, 1141.7244873046875), (1, 1090.4068603515625)]","[(2, 21.020601545061385), (4, 21.661466158353367), (5, 27.338480631510418), (0, 28.153977614182693), (1, 28.226023356119793), (3, 38.96184747869318)]","[(0, 1147.2730712890625), (1, 550.002685546875)]","[(3, 56.7765869140625), (1, 58.66390380859375), (4, 82.38069915771484), (0, 91.18610491071429), (5, 99.30276925223214), (2, 119.95751014122597)]","[(0, 1980.1495361328125), (1, 1945.857666015625)]"
463,"[(0, 611.579345703125), (1, 668.2449951171875)]","[(0, 708.9307861328125), (1, 815.0169677734375)]","[(0, 3001.030517578125), (1, 2949.822021484375)]","[(0, 1911.5391845703125), (1, 1751.03662109375)]","[(0, 1735.0802001953125), (1, 1634.061279296875)]","[(0, 3494.401611328125), (1, 3807.514404296875)]","[(0, 2242.83837890625), (1, 2548.520751953125)]","[(0, 832.1461791992188), (1, 531.510009765625)]","[(1, 65.16883196149554), (0, 67.03335806039664), (4, 71.38271222795758), (3, 72.52088810847356), (2, 72.8354961688702), (5, 79.96946364182692)]","[(0, 736.1004028320312), (1, 562.683837890625)]","[(0, 93.44813889723558), (2, 108.08451021634616), (4, 115.44627028245192), (3, 132.67509969075522), (1, 146.22657121930803), (5, 149.54816691080728)]","[(0, 1707.9554443359375), (1, 700.2777099609375)]","[(1, 19.715931483677455), (2, 20.714646559495193), (0, 32.97466278076172), (4, 38.28125762939453), (5, 43.07726218483665), (3, 69.73886108398438)]","[(0, 664.0184936523438), (1, 728.0888671875)]"
464,"[(0, 778.2532958984375), (1, 895.18505859375)]","[(0, 680.0172119140625), (1, 726.7177734375)]","[(0, 1934.409423828125), (1, 1895.63818359375)]","[(0, 821.1046142578125), (1, 833.724853515625)]","[(0, 2378.422607421875), (1, 1264.1734619140625)]","[(0, 2762.089599609375), (1, 2468.617919921875)]","[(0, 1150.291259765625), (1, 1035.71484375)]","[(0, 1013.3773193359375), (1, 1079.34521484375)]","[(1, 30.279964192708334), (4, 37.83404976981027), (2, 53.0385507436899), (0, 54.47468919020433), (5, 59.27070617675781), (3, 70.05759684244792)]","[(0, 1037.05712890625), (1, 1295.2747802734375)]","[(3, 56.72290978064904), (4, 57.73704310825893), (1, 89.220458984375), (0, 95.35732199928977), (5, 101.71426391601562), (2, 183.83206787109376)]","[(0, 700.7714233398438), (1, 929.6013793945312)]","[(1, 29.95580291748047), (4, 34.29321523813101), (3, 36.11778259277344), (0, 46.16036155007102), (5, 60.33931107954545), (2, 64.05902099609375)]","[(0, 691.730224609375), (1, 721.3829345703125)]"
465,"[(0, 718.1759033203125), (1, 778.2662963867188)]","[(0, 363.9507141113281), (1, 703.5426635742188)]","[(0, 5077.78271484375), (1, 5346.44189453125)]","[(0, 1257.5826416015625), (1, 1556.061279296875)]","[(0, 2580.9853515625), (1, 2092.54296875)]","[(0, 2940.7607421875), (1, 2633.6884765625)]","[(0, 690.3397216796875), (1, 794.0072021484375)]","[(0, 652.009521484375), (1, 715.8922729492188)]","[(5, 30.136712646484376), (2, 31.105662626378678), (1, 34.40056694878472), (4, 38.989295959472656), (0, 42.99921417236328), (3, 60.05199759347098)]","[(0, 1100.85546875), (1, 1112.788330078125)]","[(4, 36.32499577448918), (3, 40.992200215657554), (1, 51.02576238458807), (5, 58.01067560369318), (0, 69.66895751953125), (2, 92.93819851345486)]","[(0, 807.9725952148438), (1, 1002.2509155273438)]","[(1, 41.28711954752604), (2, 42.540430242365055), (4, 52.81647283380682), (0, 54.30361661044034), (5, 54.957147216796876), (3, 62.24476928710938)]","[(0, 438.4903564453125), (1, 499.7421569824219)]"
466,"[(0, 739.2728881835938), (1, 803.5379028320312)]","[(0, 558.752197265625), (1, 1197.667724609375)]","[(0, 1858.259765625), (1, 1129.018310546875)]","[(0, 3507.462890625), (1, 3609.261474609375)]","[(0, 3335.523193359375), (1, 1971.3248291015625)]","[(0, 2456.0068359375), (1, 2661.6513671875)]","[(0, 2521.6416015625), (1, 3554.57275390625)]","[(0, 734.5541381835938), (1, 414.7581787109375)]","[(2, 18.76705118815104), (1, 27.07419776916504), (5, 27.335303673377403), (4, 32.18867492675781), (0, 36.32472446986607), (3, 68.22631327311198)]","[(0, 383.112060546875), (1, 356.25390625)]","[(2, 26.517740885416668), (1, 34.41698279747596), (5, 44.469507390802555), (4, 54.55853780110677), (0, 64.55654629794034), (3, 149.18121337890625)]","[(0, 2059.877197265625), (1, 1388.7664794921875)]","[(4, 23.9551508976863), (1, 32.448768615722656), (3, 34.693328857421875), (0, 41.443695068359375), (5, 41.81866177645597), (2, 57.20091552734375)]","[(0, 1900.581787109375), (1, 1789.0789794921875)]"
467,"[(0, 681.5383911132812), (1, 745.2064208984375)]","[(0, 540.6062622070312), (1, 983.8798828125)]","[(0, 976.7448120117188), (1, 613.93408203125)]","[(0, 1791.286376953125), (1, 1990.402587890625)]","[(0, 2511.964111328125), (1, 1318.5426025390625)]","[(0, 2822.836669921875), (1, 3077.534912109375)]","[(0, 980.1455078125), (1, 1301.9544677734375)]","[(0, 396.4049072265625), (1, 271.6475830078125)]","[(2, 37.49165344238281), (1, 39.341217041015625), (5, 45.22639604048295), (4, 48.06144714355469), (3, 62.31078546697443), (0, 67.36541137695312)]","[(0, 1013.815673828125), (1, 850.6544799804688)]","[(3, 24.92654825846354), (4, 29.52634620666504), (5, 41.15989031110491), (1, 63.139011928013396), (0, 63.89813701923077), (2, 77.45015970865886)]","[(0, 1524.610107421875), (1, 866.3582153320312)]","[(1, 233.8803507486979), (2, 266.42826704545456), (4, 272.8787027994792), (5, 329.5509588068182), (0, 330.52226118607956), (3, 397.45743075284093)]","[(0, 1874.277099609375), (1, 1730.6090087890625)]"
468,"[(0, 1121.3443603515625), (1, 1258.9837646484375)]","[(0, 468.68927001953125), (1, 722.5565185546875)]","[(0, 1237.01171875), (1, 1126.0230712890625)]","[(0, 6051.82177734375), (1, 5769.0078125)]","[(0, 1451.12255859375), (1, 727.9576416015625)]","[(0, 3497.59912109375), (1, 3082.8134765625)]","[(0, 1725.328369140625), (1, 1487.297607421875)]","[(0, 646.4828491210938), (1, 560.1980590820312)]","[(1, 44.47931344168527), (2, 49.46011587289664), (0, 52.16414701021635), (4, 62.87711443219866), (5, 71.48846905048077), (3, 74.58769812950722)]","[(0, 1407.6690673828125), (1, 1059.9456787109375)]","[(1, 30.40087672642299), (4, 39.44026536207933), (2, 45.45344543457031), (0, 57.055826822916664), (5, 73.18892600319602), (3, 80.41508900035511)]","[(0, 587.0638427734375), (1, 364.787109375)]","[(4, 32.64460318429129), (3, 43.91388408954327), (1, 47.8354257436899), (0, 68.87535603841145), (5, 68.90449523925781), (2, 101.61789772727273)]","[(0, 582.5210571289062), (1, 616.3995361328125)]"
469,"[(0, 331.3709411621094), (1, 381.09600830078125)]","[(0, 208.8553466796875), (1, 198.14793395996094)]","[(0, 588.9055786132812), (1, 568.6917114257812)]","[(0, 2722.540771484375), (1, 2688.112548828125)]","[(0, 3365.72900390625), (1, 1772.0811767578125)]","[(0, 1903.0220947265625), (1, 1707.1192626953125)]","[(0, 1906.408935546875), (1, 2221.797607421875)]","[(0, 722.7608642578125), (1, 835.9373779296875)]","[(4, 20.007498847113716), (1, 27.60618501551011), (5, 28.438138961791992), (2, 35.72054850260417), (3, 37.05260467529297), (0, 42.740787760416666)]","[(0, 372.8387145996094), (1, 259.7701721191406)]","[(2, 31.72631131685697), (4, 40.38918195452009), (5, 41.5474618765024), (1, 48.613250732421875), (0, 72.4865214029948), (3, 103.29480997721355)]","[(0, 2328.9912109375), (1, 2069.5234375)]","[(4, 26.155609130859375), (3, 29.219801682692307), (0, 41.85523015802557), (1, 44.214803059895836), (5, 46.461944580078125), (2, 88.25095825195312)]","[(0, 2474.28076171875), (1, 2104.74072265625)]"
470,"[(0, 889.446533203125), (1, 950.0512084960938)]","[(0, 307.0752258300781), (1, 451.66180419921875)]","[(0, 3017.23583984375), (1, 2732.159423828125)]","[(0, 816.6060791015625), (1, 921.483154296875)]","[(0, 1343.022216796875), (1, 855.421630859375)]","[(0, 2127.58154296875), (1, 2316.2470703125)]","[(0, 1684.788330078125), (1, 2432.112548828125)]","[(0, 731.3502807617188), (1, 711.0599365234375)]","[(4, 13.85384029812283), (1, 15.773205925436582), (3, 18.724616555606616), (2, 20.205961100260417), (5, 21.03797149658203), (0, 23.832599639892578)]","[(0, 551.8541870117188), (1, 377.67999267578125)]","[(5, 19.127042643229167), (2, 19.162912368774414), (1, 24.30963134765625), (4, 27.87361717224121), (0, 37.84771728515625), (3, 41.333221435546875)]","[(0, 1270.065185546875), (1, 1004.614501953125)]","[(0, 17.893203735351562), (4, 18.653719388521633), (1, 18.963993072509766), (3, 27.713216145833332), (2, 31.192568969726562), (5, 33.19230235706676)]","[(0, 1743.131591796875), (1, 1562.4786376953125)]"
471,"[(0, 772.3070068359375), (1, 883.1941528320312)]","[(0, 486.2742614746094), (1, 798.3164672851562)]","[(0, 2351.0517578125), (1, 1794.0516357421875)]","[(0, 2872.510498046875), (1, 2804.6083984375)]","[(0, 855.3450317382812), (1, 596.8759765625)]","[(0, 3498.059326171875), (1, 3925.6591796875)]","[(0, 1712.7550048828125), (1, 2300.05615234375)]","[(0, 1348.481201171875), (1, 963.85302734375)]","[(2, 39.49091012137277), (1, 42.60132649739583), (5, 55.95817213792067), (4, 56.08263724190848), (0, 87.39393028846153), (3, 144.6769816080729)]","[(0, 1845.4759521484375), (1, 1101.4251708984375)]","[(3, 76.7302412553267), (4, 77.02518208821614), (1, 81.55888366699219), (0, 88.68529718572444), (5, 140.2071533203125), (2, 146.29063720703124)]","[(0, 504.2117004394531), (1, 600.3283081054688)]","[(5, 68.78519185384114), (4, 75.81725604717548), (3, 79.16546122233073), (1, 86.01029146634616), (2, 90.35807291666667), (0, 106.60682169596355)]","[(0, 2829.757080078125), (1, 2520.595947265625)]"
472,"[(0, 816.9736938476562), (1, 993.8264770507812)]","[(0, 496.3738098144531), (1, 671.0488891601562)]","[(0, 1424.2806396484375), (1, 907.567626953125)]","[(0, 1053.41552734375), (1, 1367.1444091796875)]","[(0, 1460.31787109375), (1, 1407.5677490234375)]","[(0, 3256.916748046875), (1, 2969.7001953125)]","[(0, 2406.951171875), (1, 2107.830810546875)]","[(0, 729.3404541015625), (1, 368.0379333496094)]","[(2, 47.45325215657552), (1, 56.8354257436899), (5, 61.776835123697914), (4, 71.03514216496394), (0, 120.54478870738636), (3, 146.9723455255682)]","[(0, 1134.5748291015625), (1, 1419.3558349609375)]","[(2, 46.38418813852164), (5, 68.3961181640625), (1, 68.9813711983817), (4, 71.93018517127403), (0, 112.39722696940105), (3, 158.26880992542613)]","[(0, 1502.3121337890625), (1, 1542.6590576171875)]","[(1, 34.519551595052086), (4, 47.012424045138886), (2, 62.825965881347656), (5, 66.26802062988281), (0, 75.20050811767578), (3, 78.42760467529297)]","[(0, 1311.422119140625), (1, 1316.9962158203125)]"
473,"[(0, 413.1768493652344), (1, 478.5244140625)]","[(0, 362.9591979980469), (1, 450.5984802246094)]","[(0, 1303.843017578125), (1, 758.0336303710938)]","[(0, 829.9678344726562), (1, 840.939697265625)]","[(0, 3493.40869140625), (1, 2015.752685546875)]","[(0, 2078.759765625), (1, 1994.0618896484375)]","[(0, 2772.4267578125), (1, 3095.708984375)]","[(0, 767.2474365234375), (1, 377.6166076660156)]","[(5, 26.713221232096355), (2, 31.77069796048678), (4, 32.55026010366586), (1, 33.94030325753348), (0, 56.61427307128906), (3, 61.08233642578125)]","[(0, 753.87890625), (1, 816.8065795898438)]","[(4, 15.361654842601103), (5, 20.595774332682293), (2, 21.506498209635417), (3, 24.415848795572916), (1, 24.6317964441636), (0, 25.475889078776042)]","[(0, 871.7378540039062), (1, 879.36962890625)]","[(4, 23.097669328962052), (3, 26.490938626802883), (5, 29.07390848795573), (1, 34.26403554280599), (0, 48.35859818892045), (2, 53.99300537109375)]","[(0, 732.0474243164062), (1, 744.73681640625)]"
474,"[(0, 900.6492309570312), (1, 1032.814697265625)]","[(0, 384.8999328613281), (1, 534.1727294921875)]","[(0, 1090.992431640625), (1, 989.52392578125)]","[(0, 2404.05712890625), (1, 1948.3507080078125)]","[(0, 2434.49462890625), (1, 1386.9617919921875)]","[(0, 2024.404541015625), (1, 2190.673095703125)]","[(0, 2170.24365234375), (1, 2824.8349609375)]","[(0, 1692.1890869140625), (1, 1060.2191162109375)]","[(4, 20.396681936163652), (3, 22.297809176974827), (1, 27.433024686925553), (0, 28.39630889892578), (5, 28.606987448299634), (2, 36.46198323567708)]","[(0, 686.8716430664062), (1, 476.795654296875)]","[(2, 22.64797101702009), (4, 25.41802760532924), (5, 29.395916278545673), (1, 32.72047119140625), (0, 33.50153057391827), (3, 47.91111755371094)]","[(0, 856.7769165039062), (1, 991.315673828125)]","[(2, 61.58772160456731), (5, 63.4862060546875), (1, 64.01943533761161), (4, 71.60265643780048), (0, 157.19544474283853), (3, 163.14662863991478)]","[(0, 409.8049621582031), (1, 429.57305908203125)]"
475,"[(0, 845.298095703125), (1, 1082.5584716796875)]","[(0, 633.100830078125), (1, 999.50048828125)]","[(0, 2326.552734375), (1, 2152.99755859375)]","[(0, 2076.048828125), (1, 2239.155029296875)]","[(0, 3930.802978515625), (1, 2196.418701171875)]","[(0, 5282.88427734375), (1, 5819.49169921875)]","[(0, 2286.705810546875), (1, 2885.702392578125)]","[(0, 1243.3968505859375), (1, 819.001220703125)]","[(4, 47.98460505558894), (1, 50.74590594951923), (5, 58.793111165364586), (2, 61.87324015299479), (3, 74.71976216634114), (0, 80.92333984375)]","[(0, 633.2596435546875), (1, 777.1156005859375)]","[(4, 49.88797607421875), (5, 73.21944016676683), (3, 75.51343645368304), (0, 85.99158732096355), (1, 94.89705716646634), (2, 106.10819868607955)]","[(0, 1028.4432373046875), (1, 713.7680053710938)]","[(2, 25.344667561848958), (1, 27.05816650390625), (0, 42.60097394670759), (5, 43.99016864483173), (4, 46.99912370954241), (3, 85.69571940104167)]","[(0, 1787.0863037109375), (1, 1523.8221435546875)]"
476,"[(0, 741.6689453125), (1, 868.9701538085938)]","[(0, 615.9059448242188), (1, 747.3914794921875)]","[(0, 4946.75390625), (1, 3749.181640625)]","[(0, 607.2220458984375), (1, 689.4883422851562)]","[(0, 1079.44775390625), (1, 1027.7353515625)]","[(0, 4920.33544921875), (1, 4774.64599609375)]","[(0, 577.5856323242188), (1, 507.9613342285156)]","[(0, 351.0511169433594), (1, 379.3891296386719)]","[(4, 28.621341103001644), (3, 31.57390679253472), (5, 38.195667940027576), (1, 46.0615234375), (2, 57.017862955729164), (0, 61.344974517822266)]","[(0, 501.9938659667969), (1, 921.951171875)]","[(4, 16.207117080688477), (5, 17.008445739746094), (2, 18.16759272984096), (3, 21.200738089425222), (0, 22.267809186662948), (1, 23.292221069335938)]","[(0, 707.6743774414062), (1, 706.4498291015625)]","[(1, 53.25430575284091), (4, 54.0394453568892), (0, 77.36449584960937), (3, 80.63294677734375), (2, 88.89779663085938), (5, 95.62582397460938)]","[(0, 503.7039489746094), (1, 559.9235229492188)]"
477,"[(0, 890.6552124023438), (1, 1020.916748046875)]","[(0, 447.949951171875), (1, 547.5322265625)]","[(0, 1368.1624755859375), (1, 1179.023193359375)]","[(0, 1651.9903564453125), (1, 1623.912109375)]","[(0, 2008.0125732421875), (1, 1940.333740234375)]","[(0, 3953.552001953125), (1, 3593.668212890625)]","[(0, 565.5000610351562), (1, 626.5935668945312)]","[(0, 597.81396484375), (1, 317.6257629394531)]","[(4, 29.570260184151785), (1, 38.637451171875), (3, 39.15868123372396), (5, 43.57197570800781), (0, 48.91456956129808), (2, 70.75111741286058)]","[(0, 852.2667236328125), (1, 862.3681030273438)]","[(4, 64.9401611328125), (3, 88.00946916852679), (5, 97.03145658052884), (0, 115.43447875976562), (1, 144.1407189002404), (2, 152.52479137073863)]","[(0, 405.1827697753906), (1, 519.6577758789062)]","[(4, 27.929449898856028), (1, 35.42204030354818), (3, 37.45788339468149), (5, 44.67042541503906), (0, 46.98640580610795), (2, 59.574737548828125)]","[(0, 659.8370971679688), (1, 722.4968872070312)]"
478,"[(0, 803.0951538085938), (1, 891.6614990234375)]","[(0, 242.72451782226562), (1, 437.5036926269531)]","[(0, 3252.093505859375), (1, 3221.1591796875)]","[(0, 992.4130249023438), (1, 670.9954223632812)]","[(0, 1292.615478515625), (1, 712.662109375)]","[(0, 3011.058837890625), (1, 3436.225830078125)]","[(0, 1934.250732421875), (1, 2244.88623046875)]","[(0, 175.7666015625), (1, 255.4239959716797)]","[(4, 47.7586435171274), (5, 52.219940185546875), (1, 59.02897291917067), (2, 63.72909037272135), (3, 64.31875610351562), (0, 82.97861226399739)]","[(0, 2152.653564453125), (1, 1922.358154296875)]","[(2, 26.050005594889324), (1, 32.77147028996394), (5, 50.64336048473012), (4, 54.733489990234375), (0, 60.37384588068182), (3, 148.01519775390625)]","[(0, 1351.7908935546875), (1, 880.3253784179688)]","[(5, 123.49242054332386), (2, 126.80844948508523), (4, 132.14107259114584), (1, 139.94198608398438), (3, 186.19770951704547), (0, 191.20578835227272)]","[(0, 408.2212829589844), (1, 426.9811096191406)]"
479,"[(0, 782.482666015625), (1, 916.0965576171875)]","[(0, 348.33465576171875), (1, 687.8326416015625)]","[(0, 6083.7353515625), (1, 4100.10009765625)]","[(0, 794.8380126953125), (1, 953.6277465820312)]","[(0, 409.5064697265625), (1, 394.0769958496094)]","[(0, 1796.9300537109375), (1, 1829.656005859375)]","[(0, 1572.1126708984375), (1, 2400.556396484375)]","[(0, 613.56005859375), (1, 671.2655639648438)]","[(4, 50.08529052734375), (3, 57.333448137555806), (5, 88.10280198317308), (0, 98.51985677083333), (1, 104.09787222055289), (2, 171.04306862571022)]","[(0, 849.54541015625), (1, 492.67401123046875)]","[(2, 48.56319580078125), (5, 59.15757399338942), (4, 68.47285679408482), (0, 71.78703090122768), (1, 78.9747543334961), (3, 88.25609334309895)]","[(0, 1757.4298095703125), (1, 1617.9266357421875)]","[(4, 32.49266639122596), (1, 42.815877278645836), (0, 51.92619739879262), (3, 56.628011067708336), (5, 66.97913152521306), (2, 81.8009033203125)]","[(0, 922.2677612304688), (1, 1062.591796875)]"
480,"[(0, 701.81005859375), (1, 771.4622802734375)]","[(0, 385.2625732421875), (1, 664.5934448242188)]","[(0, 2581.912353515625), (1, 1864.5198974609375)]","[(0, 1834.364501953125), (1, 2211.364501953125)]","[(0, 613.2614135742188), (1, 538.5753784179688)]","[(0, 1405.3458251953125), (1, 1356.3448486328125)]","[(0, 4190.19970703125), (1, 4932.82373046875)]","[(0, 959.1128540039062), (1, 718.03173828125)]","[(1, 124.2626241048177), (2, 129.75026633522728), (5, 130.16353759765624), (0, 147.18239524147728), (4, 151.22314453125), (3, 185.42244873046874)]","[(0, 1010.999755859375), (1, 981.2299194335938)]","[(2, 39.26729038783482), (1, 45.09953206380208), (5, 60.82951863606771), (4, 63.74992018479567), (0, 76.53869159405048), (3, 149.4643221768466)]","[(0, 883.2686767578125), (1, 592.7353515625)]","[(2, 25.222386286808895), (1, 26.297714233398438), (0, 45.841776529947914), (5, 53.66328568892045), (4, 53.72831726074219), (3, 130.8599853515625)]","[(0, 798.2487182617188), (1, 856.8782958984375)]"
481,"[(0, 997.0851440429688), (1, 1179.65478515625)]","[(0, 295.9119873046875), (1, 446.8740539550781)]","[(0, 6646.455078125), (1, 6657.38525390625)]","[(0, 1695.6978759765625), (1, 1174.8271484375)]","[(0, 589.4638061523438), (1, 451.0606689453125)]","[(0, 1142.4068603515625), (1, 1076.0625)]","[(0, 2415.69189453125), (1, 2826.65380859375)]","[(0, 1575.639892578125), (1, 1839.4771728515625)]","[(2, 25.860307965959823), (1, 28.000396728515625), (5, 30.178379603794642), (4, 31.322389729817708), (0, 44.70789513221154), (3, 53.00323016826923)]","[(0, 503.1969299316406), (1, 785.3721923828125)]","[(4, 30.103363037109375), (3, 34.653604360727165), (0, 40.547027587890625), (5, 54.9021982046274), (2, 59.130650111607146), (1, 66.41708374023438)]","[(0, 611.8290405273438), (1, 598.6260375976562)]","[(1, 147.19594163161057), (2, 153.65310668945312), (5, 203.67353959517047), (4, 215.9659423828125), (0, 218.4057413736979), (3, 277.40627219460225)]","[(0, 3755.193359375), (1, 3472.4033203125)]"
482,"[(0, 911.486572265625), (1, 989.2880859375)]","[(0, 1410.6236572265625), (1, 1702.986572265625)]","[(0, 2624.4404296875), (1, 2234.23193359375)]","[(0, 1614.7928466796875), (1, 1673.8306884765625)]","[(0, 766.1360473632812), (1, 661.6796875)]","[(0, 1510.7415771484375), (1, 1643.9609375)]","[(0, 2885.79736328125), (1, 2605.03662109375)]","[(0, 536.2675170898438), (1, 349.5481262207031)]","[(5, 35.80293709891183), (4, 36.80439046223958), (2, 38.109592982700896), (1, 39.12928466796875), (3, 47.620980398995535), (0, 50.525782993861604)]","[(0, 1341.73046875), (1, 1352.1016845703125)]","[(2, 61.187164306640625), (1, 65.13536189152644), (4, 71.46590951772836), (5, 73.70413208007812), (0, 108.06043497721355), (3, 132.6080525716146)]","[(0, 2558.861572265625), (1, 1763.5714111328125)]","[(1, 84.97365824381511), (4, 88.55455525716145), (0, 96.19448020241477), (2, 99.93914240056819), (3, 99.9598721590909), (5, 103.57244318181819)]","[(0, 621.6417236328125), (1, 659.158447265625)]"
483,"[(0, 940.9490966796875), (1, 1112.29345703125)]","[(0, 2179.28662109375), (1, 2928.635009765625)]","[(0, 859.8568115234375), (1, 894.6806640625)]","[(0, 1636.3941650390625), (1, 1450.964111328125)]","[(0, 851.7052001953125), (1, 715.5352783203125)]","[(0, 3824.896484375), (1, 4255.67041015625)]","[(0, 2014.6109619140625), (1, 2054.3017578125)]","[(0, 959.2308349609375), (1, 546.1375122070312)]","[(5, 48.11474100748698), (2, 51.92327372233073), (4, 57.90679462139423), (1, 62.09544959435096), (3, 70.53682963053386), (0, 76.11500040690105)]","[(0, 1642.834228515625), (1, 1430.6646728515625)]","[(4, 37.1129150390625), (3, 43.02290482954545), (5, 48.23313210227273), (0, 62.89824329723012), (2, 70.33518288352273), (1, 97.51541137695312)]","[(0, 804.1094970703125), (1, 421.9664306640625)]","[(3, 59.70789388020833), (4, 71.7669906616211), (5, 74.34575544084821), (1, 94.1558837890625), (0, 101.05670635516827), (2, 121.9297383626302)]","[(0, 1052.6573486328125), (1, 1139.2528076171875)]"
484,"[(0, 1025.842041015625), (1, 1223.0654296875)]","[(0, 2111.868408203125), (1, 2235.6396484375)]","[(0, 6648.826171875), (1, 6710.32275390625)]","[(0, 2624.4404296875), (1, 2403.802734375)]","[(0, 619.2323608398438), (1, 541.2250366210938)]","[(0, 2321.41845703125), (1, 1973.04296875)]","[(0, 3389.491455078125), (1, 3975.56787109375)]","[(0, 841.2661743164062), (1, 857.825927734375)]","[(1, 31.56946018763951), (3, 32.434783935546875), (4, 35.77422332763672), (0, 40.05400202824519), (5, 44.10683332170759), (2, 58.20077006022135)]","[(0, 1265.829833984375), (1, 785.8228759765625)]","[(2, 32.202392578125), (0, 35.04978526722301), (4, 43.25041707356771), (1, 46.833089192708336), (5, 49.10289972478693), (3, 51.90322598544034)]","[(0, 968.5629272460938), (1, 860.2714233398438)]","[(0, 42.790323893229164), (1, 44.00669978215144), (2, 49.41228230794271), (4, 58.66596984863281), (3, 71.86592795632102), (5, 74.05963689630681)]","[(0, 2474.087158203125), (1, 2637.708984375)]"
485,"[(0, 532.5374145507812), (1, 594.4783935546875)]","[(0, 1385.645751953125), (1, 1529.8111572265625)]","[(0, 7651.6787109375), (1, 6263.44775390625)]","[(0, 2886.54736328125), (1, 2640.6123046875)]","[(0, 588.2841796875), (1, 368.0142517089844)]","[(0, 2188.5859375), (1, 1991.6624755859375)]","[(0, 3666.96630859375), (1, 4126.755859375)]","[(0, 473.83453369140625), (1, 589.595947265625)]","[(4, 33.41191813151042), (1, 34.217814127604164), (3, 70.84270301231972), (5, 72.51051682692308), (0, 72.91712364783653), (2, 73.28692626953125)]","[(0, 700.233642578125), (1, 630.7889404296875)]","[(1, 202.924169921875), (2, 212.59752061631946), (4, 229.7386962890625), (5, 249.87415907118054), (0, 279.45054796006946), (3, 315.88983832465277)]","[(0, 842.000244140625), (1, 708.1118774414062)]","[(4, 29.82593027750651), (1, 31.782089233398438), (5, 33.81264981356534), (2, 35.06185080788352), (3, 40.633458917791195), (0, 42.70682872425426)]","[(0, 2191.167236328125), (1, 2011.9517822265625)]"
486,"[(0, 841.3031005859375), (1, 969.888427734375)]","[(0, 520.229248046875), (1, 713.147216796875)]","[(0, 7290.44970703125), (1, 6240.61767578125)]","[(0, 3993.453857421875), (1, 4053.40673828125)]","[(0, 1016.7518920898438), (1, 845.2352294921875)]","[(0, 2556.99658203125), (1, 2793.082763671875)]","[(0, 746.57861328125), (1, 1002.2901000976562)]","[(0, 546.1392822265625), (1, 576.3772583007812)]","[(1, 45.00678599964488), (2, 49.01821594238281), (4, 50.57747580788352), (5, 56.15408935546875), (0, 64.06421508789063), (3, 70.85366821289062)]","[(0, 762.3294677734375), (1, 540.2593994140625)]","[(4, 40.95191446940104), (5, 42.89385431463068), (2, 53.4180908203125), (3, 54.19890247691762), (1, 55.15020243326823), (0, 71.22432639382102)]","[(0, 457.67626953125), (1, 614.8947143554688)]","[(5, 117.20456764914773), (2, 118.59773393110795), (4, 134.19140625), (1, 136.22482299804688), (0, 175.69606711647728), (3, 177.23066850142047)]","[(0, 796.4481201171875), (1, 897.1747436523438)]"
487,"[(0, 826.9808959960938), (1, 929.1409301757812)]","[(0, 767.5054321289062), (1, 1161.7884521484375)]","[(0, 5186.740234375), (1, 5382.5146484375)]","[(0, 2296.48681640625), (1, 1972.26318359375)]","[(0, 767.1340942382812), (1, 612.8963012695312)]","[(0, 3668.65576171875), (1, 4316.2490234375)]","[(0, 782.582275390625), (1, 1133.6375732421875)]","[(0, 1662.166015625), (1, 1708.731689453125)]","[(2, 33.79298502604167), (4, 35.112840924944194), (1, 35.4727783203125), (5, 39.13673283503606), (0, 42.121067592075896), (3, 58.65833536783854)]","[(0, 749.88134765625), (1, 562.8529052734375)]","[(4, 83.35751577524039), (3, 103.001220703125), (1, 155.38191731770834), (5, 182.06874778053978), (0, 203.97043678977272), (2, 350.533935546875)]","[(0, 395.4117126464844), (1, 387.3730773925781)]","[(4, 18.48291015625), (3, 20.767549954927883), (1, 26.474581400553387), (5, 29.343282063802082), (0, 33.09916270862926), (2, 51.01962890625)]","[(0, 539.2448120117188), (1, 558.8670043945312)]"
488,"[(0, 800.8320922851562), (1, 967.2351684570312)]","[(0, 832.6212768554688), (1, 1021.18310546875)]","[(0, 644.783447265625), (1, 513.208251953125)]","[(0, 1518.9073486328125), (1, 1654.8712158203125)]","[(0, 499.760986328125), (1, 432.1683654785156)]","[(0, 4675.70947265625), (1, 4238.70703125)]","[(0, 827.0506591796875), (1, 710.4088745117188)]","[(0, 903.8599853515625), (1, 563.541748046875)]","[(1, 32.71246119907924), (2, 37.90644014798678), (5, 44.29608662923177), (4, 49.49356783353365), (0, 69.86854044596355), (3, 93.3561123934659)]","[(0, 1346.447021484375), (1, 1187.1370849609375)]","[(4, 27.20421893780048), (5, 31.96863047281901), (2, 38.06727013221154), (3, 52.91200949928977), (0, 55.674153645833336), (1, 66.21219744001117)]","[(0, 1792.9459228515625), (1, 1216.350830078125)]","[(2, 15.983458382742745), (1, 17.95273640950521), (5, 20.809610220102165), (4, 21.077933175223215), (0, 33.29353215144231), (3, 43.288920084635414)]","[(0, 2171.08740234375), (1, 2238.043701171875)]"
489,"[(0, 845.6722412109375), (1, 916.2831420898438)]","[(0, 529.8936767578125), (1, 615.9247436523438)]","[(0, 1841.974365234375), (1, 1261.4534912109375)]","[(0, 3651.193603515625), (1, 3831.336181640625)]","[(0, 1060.4405517578125), (1, 813.7378540039062)]","[(0, 4262.591796875), (1, 3918.197509765625)]","[(0, 1010.5), (1, 1132.126220703125)]","[(0, 550.1063232421875), (1, 542.4212646484375)]","[(2, 25.248830159505207), (1, 28.038438063401443), (4, 28.674983433314733), (5, 29.950223482572117), (3, 39.12880061222957), (0, 40.96699015299479)]","[(0, 1281.09912109375), (1, 683.440185546875)]","[(1, 32.550586407001205), (2, 32.754503885904946), (4, 39.53242631392045), (5, 47.30213623046875), (0, 49.46695223721591), (3, 92.20585123697917)]","[(0, 225.1703643798828), (1, 188.53993225097656)]","[(3, 46.004150390625), (1, 46.258248465401785), (5, 51.459559849330354), (4, 57.8648567199707), (0, 63.9052969125601), (2, 64.00989278157552)]","[(0, 1786.7301025390625), (1, 1579.1221923828125)]"
490,"[(0, 837.5589599609375), (1, 906.8067016601562)]","[(0, 293.8678894042969), (1, 354.93829345703125)]","[(0, 3968.79833984375), (1, 3428.094970703125)]","[(0, 1104.4154052734375), (1, 931.764404296875)]","[(0, 3564.23681640625), (1, 2124.98291015625)]","[(0, 4163.86474609375), (1, 4614.2470703125)]","[(0, 4408.55859375), (1, 5496.7734375)]","[(0, 526.01904296875), (1, 475.138671875)]","[(2, 36.45911458333333), (5, 41.672720772879465), (1, 44.61915969848633), (4, 46.01852213541667), (0, 69.29033551897321), (3, 95.42096416766827)]","[(0, 629.9900512695312), (1, 506.67462158203125)]","[(1, 92.18798828125), (2, 96.96388596754808), (5, 103.2940673828125), (4, 108.0919189453125), (0, 115.2323710123698), (3, 201.87537841796876)]","[(0, 649.2041015625), (1, 573.6072387695312)]","[(4, 41.0045166015625), (3, 48.900543212890625), (1, 62.29085599459135), (5, 65.9828350360577), (0, 85.64383951822917), (2, 116.76160777698864)]","[(0, 1846.120361328125), (1, 1905.9989013671875)]"
491,"[(0, 961.098876953125), (1, 1114.5487060546875)]","[(0, 437.6656188964844), (1, 588.5440063476562)]","[(0, 1315.6981201171875), (1, 744.3580322265625)]","[(0, 2293.10986328125), (1, 2759.81201171875)]","[(0, 1757.7381591796875), (1, 1183.471923828125)]","[(0, 804.0542602539062), (1, 916.5592651367188)]","[(0, 2474.91650390625), (1, 2178.983154296875)]","[(0, 421.0408630371094), (1, 461.4735412597656)]","[(4, 60.60921630859375), (1, 80.63722581129808), (3, 86.02810232979911), (5, 91.0860595703125), (2, 111.03777521306819), (0, 117.97132364908855)]","[(0, 854.2620239257812), (1, 504.48779296875)]","[(4, 81.11341145833333), (1, 85.98877825055804), (2, 106.83154296875), (5, 122.13153545673077), (3, 131.52898700420673), (0, 160.52692667643228)]","[(0, 3959.7021484375), (1, 3228.98046875)]","[(2, 36.90364176432292), (1, 48.63744354248047), (5, 59.22282527043269), (0, 67.19888741629464), (4, 77.61555698939732), (3, 90.60162353515625)]","[(0, 1042.65771484375), (1, 932.2759399414062)]"
492,"[(0, 826.6071166992188), (1, 914.6522216796875)]","[(0, 502.7055358886719), (1, 571.2627563476562)]","[(0, 1660.9459228515625), (1, 1844.293701171875)]","[(0, 526.5857543945312), (1, 636.763916015625)]","[(0, 923.8395385742188), (1, 637.1116333007812)]","[(0, 2037.0703125), (1, 1785.615234375)]","[(0, 1507.646484375), (1, 1706.122314453125)]","[(0, 728.3392333984375), (1, 775.9266357421875)]","[(1, 26.04471232096354), (2, 27.379113333565847), (5, 28.47088388296274), (4, 28.85268293108259), (0, 47.01018817608173), (3, 51.98917134602865)]","[(0, 506.1083984375), (1, 353.6538391113281)]","[(3, 39.323385385366585), (4, 39.99828287760417), (1, 61.772806803385414), (0, 63.81819974459135), (5, 81.7495586688702), (2, 135.1319298377404)]","[(0, 1064.962646484375), (1, 558.3936767578125)]","[(5, 44.64985656738281), (1, 48.9407958984375), (3, 51.45338439941406), (2, 56.837127685546875), (4, 57.54804405799279), (0, 64.80170186360677)]","[(0, 1401.7801513671875), (1, 1309.5155029296875)]"
493,"[(0, 875.003662109375), (1, 963.7105712890625)]","[(0, 432.3858337402344), (1, 506.81817626953125)]","[(0, 10973.984375), (1, 9205.6171875)]","[(0, 1709.1676025390625), (1, 2330.022216796875)]","[(0, 615.24609375), (1, 591.0760498046875)]","[(0, 2076.925048828125), (1, 1861.43017578125)]","[(0, 2553.493408203125), (1, 3429.236328125)]","[(0, 1812.2933349609375), (1, 1286.6309814453125)]","[(2, 16.519703456333705), (1, 16.563711166381836), (4, 20.357457778033087), (5, 22.43367919921875), (3, 30.74381306966146), (0, 31.44504874093192)]","[(0, 714.468505859375), (1, 543.6587524414062)]","[(2, 82.22805551382211), (1, 83.90857805524554), (5, 114.96656383167614), (4, 118.6002705891927), (0, 159.49498494466147), (3, 235.3175048828125)]","[(0, 1549.43310546875), (1, 1262.1767578125)]","[(1, 22.020521375868057), (4, 30.582495795355904), (2, 30.82757568359375), (5, 33.24839401245117), (0, 36.496177673339844), (3, 40.25999450683594)]","[(0, 820.955810546875), (1, 912.1679077148438)]"
494,"[(0, 822.47412109375), (1, 910.5043334960938)]","[(0, 439.0330505371094), (1, 616.7255859375)]","[(0, 3045.5380859375), (1, 3462.20556640625)]","[(0, 2084.448486328125), (1, 1519.7042236328125)]","[(0, 1438.9959716796875), (1, 1182.3267822265625)]","[(0, 1380.0684814453125), (1, 1504.0440673828125)]","[(0, 1934.763671875), (1, 2469.123046875)]","[(0, 823.162353515625), (1, 623.4028930664062)]","[(4, 41.99298095703125), (1, 45.23813100961539), (0, 47.56879170735677), (3, 51.8143545297476), (5, 81.55880737304688), (2, 81.90234375)]","[(0, 575.8118896484375), (1, 429.64825439453125)]","[(1, 107.4982022372159), (3, 113.19404432508681), (4, 115.91031494140626), (0, 127.7052978515625), (2, 138.37613525390626), (5, 139.38445366753473)]","[(0, 822.8494873046875), (1, 781.46435546875)]","[(5, 42.500369262695315), (4, 45.11344770951705), (2, 45.86449279785156), (1, 49.89380992542613), (3, 56.82181396484375), (0, 65.161572265625)]","[(0, 1501.728515625), (1, 1622.8616943359375)]"
495,"[(0, 688.7437133789062), (1, 758.51708984375)]","[(0, 696.64404296875), (1, 1089.073486328125)]","[(0, 560.22265625), (1, 569.62451171875)]","[(0, 2162.325927734375), (1, 2251.398681640625)]","[(0, 287.192138671875), (1, 252.7974395751953)]","[(0, 6719.5830078125), (1, 7031.05029296875)]","[(0, 5199.40869140625), (1, 5638.81005859375)]","[(0, 725.3661499023438), (1, 478.79119873046875)]","[(4, 28.178630155675553), (1, 29.402456844554226), (3, 36.61431070963542), (0, 39.102482096354166), (5, 42.853031412760416), (2, 45.208841959635414)]","[(0, 978.4420166015625), (1, 933.968994140625)]","[(2, 24.907358805338543), (5, 29.83657023111979), (0, 36.81662190755208), (4, 41.068931579589844), (3, 44.96416422526042), (1, 46.5294303894043)]","[(0, 1057.963623046875), (1, 1034.5614013671875)]","[(1, 13.811837589039522), (2, 20.37685343424479), (0, 20.874454752604166), (4, 25.02889060974121), (5, 25.374649047851562), (3, 27.698680332728795)]","[(0, 2133.524658203125), (1, 2051.794677734375)]"
496,"[(0, 1282.9520263671875), (1, 1511.4678955078125)]","[(0, 709.2391357421875), (1, 882.1322021484375)]","[(0, 3214.91064453125), (1, 2743.50537109375)]","[(0, 1943.2901611328125), (1, 1299.6395263671875)]","[(0, 589.8040161132812), (1, 464.4205322265625)]","[(0, 4297.41259765625), (1, 4105.21728515625)]","[(0, 6061.69873046875), (1, 6396.2841796875)]","[(0, 729.2643432617188), (1, 773.7283325195312)]","[(5, 36.19065974308894), (4, 36.41263035365513), (2, 46.73094889322917), (3, 47.127766927083336), (0, 49.390978131975444), (1, 53.59372329711914)]","[(0, 596.6708374023438), (1, 278.3411865234375)]","[(2, 28.424964317908653), (5, 30.035903930664062), (4, 32.235086294320915), (1, 37.886260986328125), (3, 53.5850663618608), (0, 60.77904256184896)]","[(0, 1610.869873046875), (1, 1470.3746337890625)]","[(4, 63.10545131138393), (1, 74.94066874186198), (3, 79.09652944711539), (5, 85.67488606770833), (0, 93.22008167613636), (2, 117.42811279296875)]","[(0, 328.76019287109375), (1, 345.05712890625)]"
497,"[(0, 671.380126953125), (1, 794.618896484375)]","[(0, 465.28521728515625), (1, 541.1248779296875)]","[(0, 2025.7283935546875), (1, 2381.859130859375)]","[(0, 1430.0555419921875), (1, 1501.3304443359375)]","[(0, 468.8166809082031), (1, 470.1388244628906)]","[(0, 2798.53271484375), (1, 2645.91357421875)]","[(0, 2039.6099853515625), (1, 1747.085693359375)]","[(0, 869.6984252929688), (1, 901.3258666992188)]","[(2, 15.655225481305804), (1, 17.541084798177085), (5, 17.71925245012556), (4, 19.31368611653646), (0, 31.35338416466346), (3, 35.71527099609375)]","[(0, 1209.0491943359375), (1, 851.8539428710938)]","[(4, 35.865943908691406), (1, 37.02919993681066), (2, 48.929707845052086), (5, 50.395106724330354), (0, 54.676416015625), (3, 64.01818411690849)]","[(0, 576.8116455078125), (1, 448.552490234375)]","[(1, 22.325262887137278), (3, 24.381696428571427), (0, 28.350489689753605), (4, 28.943109130859376), (5, 32.50865994966947), (2, 47.535369873046875)]","[(0, 1195.8143310546875), (1, 1155.681884765625)]"
498,"[(0, 935.6128540039062), (1, 1169.74365234375)]","[(0, 195.8067626953125), (1, 267.81866455078125)]","[(0, 821.2408447265625), (1, 547.0758056640625)]","[(0, 1369.8133544921875), (1, 1693.1253662109375)]","[(0, 542.2078857421875), (1, 601.8551025390625)]","[(0, 4086.7958984375), (1, 4411.50244140625)]","[(0, 2294.101806640625), (1, 2779.976318359375)]","[(0, 763.0509643554688), (1, 450.9808654785156)]","[(1, 34.342976888020836), (3, 35.34228515625), (0, 41.92891148158482), (4, 44.042110443115234), (5, 57.75736781529018), (2, 60.01712270883414)]","[(0, 519.9028930664062), (1, 598.4861450195312)]","[(5, 43.06902606670673), (2, 46.79901123046875), (4, 46.89559064592634), (1, 50.73069109235491), (3, 63.84437913161058), (0, 70.12618783804086)]","[(0, 955.0216064453125), (1, 1168.3662109375)]","[(1, 56.611803327287944), (2, 60.48276930588942), (4, 71.88499098557692), (5, 73.33197530110677), (0, 157.56126912434897), (3, 163.3790949041193)]","[(0, 1434.7459716796875), (1, 1298.9996337890625)]"
499,"[(0, 1182.4739990234375), (1, 1178.1173095703125)]","[(0, 230.9442596435547), (1, 339.08880615234375)]","[(0, 8579.08984375), (1, 7204.35205078125)]","[(0, 1255.1348876953125), (1, 1081.302734375)]","[(0, 1320.8565673828125), (1, 811.8395385742188)]","[(0, 1648.6649169921875), (1, 1711.393310546875)]","[(0, 1377.1781005859375), (1, 1960.89208984375)]","[(0, 1039.4791259765625), (1, 1179.553466796875)]","[(4, 79.17578125), (1, 85.41040978064903), (5, 98.32574462890625), (2, 104.9598897298177), (3, 115.33775838216145), (0, 118.88632202148438)]","[(0, 367.57965087890625), (1, 194.34800720214844)]","[(4, 23.95892906188965), (2, 25.679960123697917), (0, 31.889628092447918), (1, 32.39810001148897), (5, 35.54888698032924), (3, 40.699863978794646)]","[(0, 663.6884155273438), (1, 651.4221801757812)]","[(1, 12.405286661783855), (4, 18.66143580845424), (2, 20.39202646108774), (0, 22.49524160531851), (5, 30.903343200683594), (3, 37.984474182128906)]","[(0, 855.25732421875), (1, 912.1117553710938)]"
