,anaphoric-one-semantics,anaphoric-one-syntax,island-adjunct,island-complex-np,island-wh,principle_a_command,principle_a_locality,question-formation_or,question-formation_or_strict,question-formation_rr,question-formation_rr_strict,question-formation_sr,question-formation_sr_strict,wanna
0,"[(0, 31788.91015625), (1, 31679.4765625)]","[(0, 26384.3359375), (1, 26601.796875)]","[(0, 25149.759765625), (1, 24815.921875)]","[(0, 26897.4609375), (1, 24737.16796875)]","[(0, 25226.869140625), (1, 26178.23828125)]","[(0, 23988.779296875), (1, 24808.5390625)]","[(0, 24213.58984375), (1, 21920.34765625)]","[(0, 23986.58203125), (1, 31602.708984375)]","[(4, 1685.315487132353), (3, 1718.60693359375), (5, 1811.1100260416667), (1, 1934.9270833333333), (0, 2155.4510323660716), (2, 2282.799278846154)]","[(0, 27281.71875), (1, 27292.1796875)]","[(4, 1741.6278645833333), (3, 1828.7755301339287), (5, 1902.2313701923076), (1, 2124.998347355769), (2, 2381.4517045454545), (0, 2414.56787109375)]","[(0, 34360.80078125), (1, 31536.35546875)]","[(4, 2905.580965909091), (5, 2979.0810546875), (3, 3137.9390625), (1, 3234.5237926136365), (2, 3359.035546875), (0, 3533.062890625)]","[(0, 30103.451171875), (1, 25670.3125)]"
1,"[(0, 26774.97265625), (1, 28108.21875)]","[(0, 26291.67578125), (1, 26241.751953125)]","[(0, 21020.787109375), (1, 22436.556640625)]","[(0, 26374.775390625), (1, 26639.3203125)]","[(0, 26338.00390625), (1, 25436.099609375)]","[(0, 35843.6015625), (1, 34497.71875)]","[(0, 20837.400390625), (1, 19839.716796875)]","[(0, 23629.6875), (1, 25997.490234375)]","[(4, 1741.41015625), (3, 1798.3205078125), (5, 1912.5869140625), (1, 2037.9836647727273), (0, 2149.936328125), (2, 2281.7478515625)]","[(0, 18912.837890625), (1, 20694.19921875)]","[(4, 1964.0187174479167), (5, 2142.08984375), (3, 2177.6598011363635), (1, 2256.83203125), (2, 2528.7594105113635), (0, 2557.4602272727275)]","[(0, 37611.94921875), (1, 32269.962890625)]","[(4, 1878.373046875), (5, 1919.8861607142858), (3, 2031.465625), (1, 2143.8537946428573), (0, 2431.225811298077), (2, 2474.5284830729165)]","[(0, 28820.486328125), (1, 31374.03515625)]"
2,"[(0, 26419.8125), (1, 28563.0078125)]","[(0, 24901.791015625), (1, 24212.8984375)]","[(0, 26568.45703125), (1, 26489.015625)]","[(0, 27054.673828125), (1, 25130.939453125)]","[(0, 25145.037109375), (1, 25321.2578125)]","[(0, 29186.142578125), (1, 29994.439453125)]","[(0, 22119.087890625), (1, 21999.2578125)]","[(0, 28606.486328125), (1, 21573.466796875)]","[(1, 1752.8971354166667), (2, 1839.6259765625), (0, 2083.4403545673076), (4, 2552.5552884615386), (3, 2781.165838068182), (5, 2786.6321614583335)]","[(0, 25756.43359375), (1, 22088.5)]","[(4, 1919.1851283482142), (5, 2075.28564453125), (3, 2089.537109375), (1, 2489.75390625), (0, 2620.0442116477275), (2, 2705.0984375)]","[(0, 35213.703125), (1, 42204.7734375)]","[(1, 2202.1487926136365), (0, 2300.09140625), (4, 2300.521306818182), (2, 2399.7587890625), (3, 2441.9890625), (5, 2496.0779296875)]","[(0, 30902.505859375), (1, 32091.44140625)]"
3,"[(0, 28975.119140625), (1, 29739.146484375)]","[(0, 25471.2265625), (1, 25779.240234375)]","[(0, 28156.75390625), (1, 30565.615234375)]","[(0, 32331.8828125), (1, 30207.064453125)]","[(0, 24143.400390625), (1, 24196.345703125)]","[(0, 33721.30859375), (1, 33426.70703125)]","[(0, 28782.7734375), (1, 29431.466796875)]","[(0, 24710.736328125), (1, 24085.861328125)]","[(1, 2388.8032670454545), (4, 2595.3371803977275), (0, 2600.62421875), (2, 2669.1857421875), (3, 2901.3166015625), (5, 2995.4791015625)]","[(0, 31187.439453125), (1, 24049.755859375)]","[(1, 2126.8048377403848), (2, 2250.9016927083335), (0, 2406.650390625), (4, 2491.3526141826924), (5, 2556.9329427083335), (3, 2759.5517578125)]","[(0, 24160.3984375), (1, 24951.6171875)]","[(1, 2624.6958451704545), (0, 2775.9271484375), (4, 2955.705965909091), (2, 2974.1416015625), (3, 3082.4740234375), (5, 3317.546484375)]","[(0, 27332.419921875), (1, 23817.7421875)]"
4,"[(0, 29217.66796875), (1, 31138.51953125)]","[(0, 22611.904296875), (1, 22135.271484375)]","[(0, 33379.3984375), (1, 29392.78515625)]","[(0, 28442.37109375), (1, 27314.494140625)]","[(0, 32264.517578125), (1, 32558.533203125)]","[(0, 33917.109375), (1, 33412.33203125)]","[(0, 29595.220703125), (1, 28268.142578125)]","[(0, 22063.2578125), (1, 31274.88671875)]","[(1, 1883.3569010416666), (4, 1979.0079520089287), (5, 2112.3899739583335), (2, 2143.2810997596152), (0, 2154.9287860576924), (3, 2200.1209309895835)]","[(0, 29615.521484375), (1, 23654.353515625)]","[(1, 1711.512974330357), (2, 2030.8150540865386), (0, 2053.3409830729165), (4, 2230.0396634615386), (5, 2267.9415690104165), (3, 2574.7104048295455)]","[(0, 22928.24609375), (1, 26946.80859375)]","[(4, 1803.590576171875), (1, 1857.5819091796875), (5, 2048.1217912946427), (3, 2094.4892578125), (2, 2113.470703125), (0, 2174.9207589285716)]","[(0, 28546.5859375), (1, 25800.712890625)]"
5,"[(0, 31165.318359375), (1, 32908.00390625)]","[(0, 20770.51953125), (1, 20520.314453125)]","[(0, 21256.3671875), (1, 21417.9140625)]","[(0, 25767.615234375), (1, 25607.08203125)]","[(0, 26268.1171875), (1, 25771.744140625)]","[(0, 27852.427734375), (1, 28718.640625)]","[(0, 26427.421875), (1, 27956.23828125)]","[(0, 25631.416015625), (1, 25612.552734375)]","[(4, 2390.5422585227275), (3, 2559.7046875), (1, 2606.412109375), (5, 2706.84296875), (0, 2852.9984375), (2, 3042.4275390625)]","[(0, 29657.4375), (1, 31942.34765625)]","[(1, 2025.4847935267858), (4, 2132.737830528846), (2, 2143.465144230769), (0, 2218.21435546875), (5, 2265.1487630208335), (3, 2449.2846235795455)]","[(0, 28278.201171875), (1, 26455.994140625)]","[(1, 2831.3766276041665), (2, 3065.9421164772725), (4, 3117.0341796875), (0, 3214.2535511363635), (5, 3406.0482954545455), (3, 3524.5454545454545)]","[(0, 26158.8203125), (1, 27873.791015625)]"
6,"[(0, 29425.99609375), (1, 30153.099609375)]","[(0, 23870.998046875), (1, 24409.529296875)]","[(0, 38467.73828125), (1, 35606.13671875)]","[(0, 27873.73828125), (1, 26508.400390625)]","[(0, 25694.583984375), (1, 27322.1796875)]","[(0, 26859.189453125), (1, 26195.669921875)]","[(0, 27109.7890625), (1, 30041.703125)]","[(0, 33035.82421875), (1, 32495.498046875)]","[(1, 2523.375), (0, 2773.325994318182), (2, 2782.3093039772725), (4, 2788.1341145833335), (5, 3052.626065340909), (3, 3068.4399857954545)]","[(0, 29343.494140625), (1, 29917.564453125)]","[(3, 1825.1460336538462), (4, 1911.389369419643), (5, 2295.8111979166665), (0, 2299.0385298295455), (1, 2357.53271484375), (2, 2840.66171875)]","[(0, 23751.462890625), (1, 30440.23828125)]","[(3, 1745.179296875), (0, 1770.2986886160713), (1, 1873.2486979166667), (4, 1886.1868896484375), (5, 1908.365931919643), (2, 2023.3240685096155)]","[(0, 33222.38671875), (1, 30019.939453125)]"
7,"[(0, 29552.6328125), (1, 32758.236328125)]","[(0, 21807.85546875), (1, 21717.1171875)]","[(0, 24370.197265625), (1, 25696.5703125)]","[(0, 26711.05859375), (1, 25600.123046875)]","[(0, 27438.376953125), (1, 30867.71875)]","[(0, 27056.73828125), (1, 28391.04296875)]","[(0, 24532.259765625), (1, 27106.091796875)]","[(0, 32811.203125), (1, 27851.576171875)]","[(1, 1779.91796875), (2, 1955.8841145833333), (0, 1975.1632254464287), (4, 2289.2047991071427), (3, 2497.2470703125), (5, 2571.7364783653848)]","[(0, 23436.251953125), (1, 23744.056640625)]","[(1, 1773.1656605113637), (2, 1789.95703125), (4, 2078.149502840909), (5, 2133.1646484375), (0, 2212.9279296875), (3, 2607.28203125)]","[(0, 27246.1484375), (1, 32875.9453125)]","[(1, 1684.59765625), (0, 1778.2071814903845), (2, 1815.6897536057693), (4, 1904.491489955357), (3, 1981.1792367788462), (5, 2062.856670673077)]","[(0, 31660.59765625), (1, 28524.94921875)]"
8,"[(0, 30744.796875), (1, 31727.609375)]","[(0, 23275.19140625), (1, 22111.220703125)]","[(0, 27680.650390625), (1, 28129.671875)]","[(0, 26861.033203125), (1, 25749.705078125)]","[(0, 32128.892578125), (1, 30230.841796875)]","[(0, 28495.015625), (1, 27504.87109375)]","[(0, 27216.595703125), (1, 26091.875)]","[(0, 27207.01953125), (1, 26822.63671875)]","[(4, 1334.9366455078125), (3, 1416.1454427083333), (5, 1461.929296875), (1, 1621.318603515625), (0, 1723.323046875), (2, 1772.954296875)]","[(0, 27304.0), (1, 35838.54296875)]","[(4, 1471.0008544921875), (3, 1541.5336216517858), (1, 1584.1286458333334), (0, 1640.5829326923076), (5, 1665.0048828125), (2, 1735.9286358173076)]","[(0, 24158.740234375), (1, 29077.595703125)]","[(0, 1698.3218470982142), (2, 1709.2696614583333), (1, 1728.53662109375), (4, 1877.5321614583333), (5, 1881.1908482142858), (3, 1942.028094951923)]","[(0, 23603.853515625), (1, 24520.9140625)]"
9,"[(0, 31732.48046875), (1, 33237.0625)]","[(0, 25705.125), (1, 24892.36328125)]","[(0, 25635.400390625), (1, 25008.625)]","[(0, 32787.5859375), (1, 31833.626953125)]","[(0, 24725.5859375), (1, 24767.87890625)]","[(0, 26121.8515625), (1, 25852.90234375)]","[(0, 25488.599609375), (1, 25829.123046875)]","[(0, 28281.490234375), (1, 29837.837890625)]","[(1, 1850.4115885416666), (2, 1887.6875), (0, 1999.1720252403845), (4, 2052.9323381696427), (5, 2303.6544471153848), (3, 2327.2594401041665)]","[(0, 33494.90234375), (1, 25237.287109375)]","[(4, 1646.8168402777778), (3, 1651.9242876838234), (5, 1729.20263671875), (1, 2096.5289522058824), (2, 2119.541536458333), (0, 2122.4794921875)]","[(0, 37961.140625), (1, 30354.98046875)]","[(1, 2996.374441964286), (2, 3029.5150240384614), (0, 3348.1998697916665), (4, 3562.3563701923076), (5, 3605.3004557291665), (3, 3795.799005681818)]","[(0, 33569.5390625), (1, 34613.35546875)]"
10,"[(0, 29206.748046875), (1, 29978.3125)]","[(0, 22033.10546875), (1, 21060.1171875)]","[(0, 28413.55078125), (1, 29014.302734375)]","[(0, 30456.32421875), (1, 29250.677734375)]","[(0, 23835.69140625), (1, 22950.931640625)]","[(0, 27998.12890625), (1, 28173.4609375)]","[(0, 17298.81640625), (1, 16233.693359375)]","[(0, 25611.794921875), (1, 25814.962890625)]","[(4, 2010.582421875), (3, 2061.3839285714284), (5, 2217.9375), (1, 2968.953125), (2, 3218.1516335227275), (0, 3320.1861979166665)]","[(0, 28527.615234375), (1, 30888.74609375)]","[(1, 1245.3435444078948), (2, 1247.8931525735295), (0, 1332.8979779411766), (5, 1374.2765395220588), (4, 1379.0679481907894), (3, 1448.9113051470588)]","[(0, 29290.45703125), (1, 33431.48828125)]","[(0, 1822.8355928308824), (1, 1854.2845394736842), (2, 2027.5308159722222), (3, 2098.485416666667), (4, 2170.8005514705883), (5, 2255.06689453125)]","[(0, 27412.822265625), (1, 23526.41015625)]"
11,"[(0, 28057.46875), (1, 29172.369140625)]","[(0, 20966.25), (1, 20739.087890625)]","[(0, 24120.341796875), (1, 25593.263671875)]","[(0, 29261.05859375), (1, 29152.982421875)]","[(0, 26821.79296875), (1, 25374.849609375)]","[(0, 34016.26953125), (1, 34580.0)]","[(0, 18858.64453125), (1, 17720.515625)]","[(0, 22413.82421875), (1, 27847.83203125)]","[(1, 2226.45703125), (0, 2421.6385091145835), (2, 2495.252253605769), (4, 2972.318810096154), (3, 3216.810724431818), (5, 3232.5872395833335)]","[(0, 25769.064453125), (1, 25577.037109375)]","[(1, 1837.834228515625), (2, 1854.9135416666666), (0, 1894.3257533482142), (4, 2160.3282645089284), (5, 2321.1243990384614), (3, 2395.06494140625)]","[(0, 34654.015625), (1, 37502.171875)]","[(4, 2355.7237079326924), (1, 2409.1744290865386), (5, 2428.27099609375), (2, 2508.0634765625), (3, 2516.1106770833335), (0, 2578.4256184895835)]","[(0, 29306.521484375), (1, 26543.916015625)]"
12,"[(0, 30352.869140625), (1, 33642.09765625)]","[(0, 18800.640625), (1, 20840.322265625)]","[(0, 29698.87109375), (1, 29975.966796875)]","[(0, 25985.046875), (1, 25393.611328125)]","[(0, 24663.037109375), (1, 26578.54296875)]","[(0, 37901.6328125), (1, 37539.77734375)]","[(0, 29897.369140625), (1, 28820.458984375)]","[(0, 32960.92578125), (1, 30427.41015625)]","[(4, 2492.947265625), (3, 2516.276455965909), (1, 2688.4148763020835), (0, 2753.828302556818), (5, 2806.980646306818), (2, 3063.0163352272725)]","[(0, 23124.5), (1, 23037.947265625)]","[(1, 2068.2716471354165), (2, 2253.0901988636365), (0, 2429.0330078125), (4, 2461.5150923295455), (5, 2709.1595703125), (3, 3054.6775173611113)]","[(0, 35134.23828125), (1, 30464.69140625)]","[(2, 2559.29453125), (1, 2587.1526988636365), (0, 2612.3419921875), (4, 3224.1665482954545), (3, 3238.251953125), (5, 3248.2794921875)]","[(0, 27523.001953125), (1, 22333.658203125)]"
13,"[(0, 29594.798828125), (1, 32978.3125)]","[(0, 20154.220703125), (1, 20973.509765625)]","[(0, 25401.361328125), (1, 25637.724609375)]","[(0, 25303.5625), (1, 23777.298828125)]","[(0, 25161.01171875), (1, 26510.80078125)]","[(0, 30713.029296875), (1, 30815.51171875)]","[(0, 28989.712890625), (1, 30197.87890625)]","[(0, 23771.69921875), (1, 29709.240234375)]","[(1, 1650.985568576389), (2, 1713.3358154296875), (4, 1802.5167738970588), (0, 1845.229736328125), (5, 1905.7391927083333), (3, 1980.6065104166667)]","[(0, 29094.65625), (1, 32745.806640625)]","[(1, 1572.805943080357), (4, 1679.4500558035713), (2, 1874.3834635416667), (0, 1910.47216796875), (3, 2009.0222981770833), (5, 2013.9099934895833)]","[(0, 36046.1953125), (1, 39930.98046875)]","[(1, 1954.6948939732142), (2, 2195.407451923077), (0, 2287.85546875), (4, 2402.5730794270835), (5, 2721.1509232954545), (3, 2888.0796875)]","[(0, 29368.21484375), (1, 32777.48828125)]"
14,"[(0, 24984.35546875), (1, 26206.6640625)]","[(0, 20152.990234375), (1, 19180.740234375)]","[(0, 27038.552734375), (1, 28751.03125)]","[(0, 28433.232421875), (1, 30253.71484375)]","[(0, 22491.056640625), (1, 21849.32421875)]","[(0, 32572.4765625), (1, 32343.94140625)]","[(0, 30510.33984375), (1, 28945.40234375)]","[(0, 26972.130859375), (1, 27109.634765625)]","[(4, 1867.4213005514705), (3, 1901.3160400390625), (5, 2136.416015625), (1, 2323.3765625), (0, 2362.5119977678573), (2, 2699.7022235576924)]","[(0, 22872.96875), (1, 24120.75390625)]","[(4, 2525.325106534091), (3, 2706.822265625), (1, 2746.057528409091), (5, 2800.0693359375), (0, 2955.9171875), (2, 2971.7740234375)]","[(0, 28867.33203125), (1, 33669.4765625)]","[(4, 1945.6060267857142), (3, 2152.913611778846), (0, 2255.9605823863635), (1, 2271.1814778645835), (5, 2296.2493489583335), (2, 2368.1708984375)]","[(0, 26946.423828125), (1, 24590.37109375)]"
15,"[(0, 32245.96875), (1, 32689.580078125)]","[(0, 21674.1640625), (1, 21937.455078125)]","[(0, 18313.7734375), (1, 18521.716796875)]","[(0, 22807.55859375), (1, 22824.115234375)]","[(0, 21242.869140625), (1, 20492.34765625)]","[(0, 29583.65234375), (1, 30008.458984375)]","[(0, 29222.072265625), (1, 30820.71484375)]","[(0, 29887.5625), (1, 25503.408203125)]","[(4, 1503.6510416666667), (3, 1606.883700284091), (5, 1662.8162286931818), (1, 1683.9241536458333), (0, 1826.8734019886363), (2, 1866.3069957386363)]","[(0, 26319.2734375), (1, 29294.619140625)]","[(1, 2069.1458834134614), (2, 2219.1009114583335), (0, 2290.927556818182), (4, 3004.6175426136365), (5, 3257.1822265625), (3, 3662.7408854166665)]","[(0, 34751.015625), (1, 26345.94140625)]","[(1, 2497.828683035714), (0, 2670.8077799479165), (2, 2801.621394230769), (4, 3141.6852213541665), (5, 3277.924005681818), (3, 3427.33203125)]","[(0, 24045.1015625), (1, 25175.029296875)]"
16,"[(0, 25753.955078125), (1, 26408.275390625)]","[(0, 23383.654296875), (1, 21866.79296875)]","[(0, 26887.79296875), (1, 25982.568359375)]","[(0, 35150.99609375), (1, 33411.85546875)]","[(0, 26265.537109375), (1, 27474.51171875)]","[(0, 33775.765625), (1, 33191.984375)]","[(0, 24821.435546875), (1, 28817.32421875)]","[(0, 30660.73046875), (1, 27795.98828125)]","[(4, 1874.7375710227273), (3, 2119.256640625), (5, 2122.409765625), (1, 2294.8176491477275), (0, 2610.0658203125), (2, 2655.3740234375)]","[(0, 24355.65234375), (1, 20664.65625)]","[(3, 1468.2735595703125), (4, 1559.2328814338234), (5, 1672.7888020833334), (1, 1871.3631510416667), (0, 1958.0327845982142), (2, 2150.280949519231)]","[(0, 32385.701171875), (1, 36215.5859375)]","[(4, 1331.1961495535713), (1, 1453.4428013392858), (5, 1508.5288461538462), (3, 1517.4923377403845), (0, 1576.4682992788462), (2, 1588.5826322115386)]","[(0, 27611.626953125), (1, 28252.080078125)]"
17,"[(0, 26167.455078125), (1, 26228.56640625)]","[(0, 20714.0234375), (1, 20366.080078125)]","[(0, 25428.291015625), (1, 24974.376953125)]","[(0, 26939.509765625), (1, 26790.4765625)]","[(0, 27890.435546875), (1, 28695.9453125)]","[(0, 31168.70703125), (1, 30848.384765625)]","[(0, 27622.951171875), (1, 30446.537109375)]","[(0, 28101.4921875), (1, 31574.181640625)]","[(4, 1992.3885216346155), (5, 2137.818359375), (3, 2151.5504557291665), (1, 2394.53955078125), (0, 2543.030184659091), (2, 2639.5509765625)]","[(0, 22308.009765625), (1, 29092.353515625)]","[(5, 1961.6732954545455), (3, 1962.4161931818182), (4, 1991.11376953125), (0, 2212.704190340909), (2, 2228.627840909091), (1, 2314.0315755208335)]","[(0, 26919.5546875), (1, 29016.486328125)]","[(3, 1877.5489676339287), (4, 1894.9216145833334), (1, 2102.9474051339284), (5, 2131.1295072115386), (0, 2156.670222355769), (2, 2249.3504231770835)]","[(0, 27932.44140625), (1, 23938.544921875)]"
18,"[(0, 29804.677734375), (1, 31001.359375)]","[(0, 21573.91796875), (1, 21572.80859375)]","[(0, 28255.98828125), (1, 26051.720703125)]","[(0, 30897.34765625), (1, 29410.986328125)]","[(0, 34323.00390625), (1, 32254.2109375)]","[(0, 28265.744140625), (1, 28437.001953125)]","[(0, 30545.947265625), (1, 31408.224609375)]","[(0, 29688.28125), (1, 37108.44140625)]","[(1, 1679.0211181640625), (2, 1739.9809895833334), (0, 1751.8462611607142), (4, 2115.384347098214), (5, 2333.640625), (3, 2359.6155598958335)]","[(0, 27392.572265625), (1, 27616.41796875)]","[(1, 1348.3759014423076), (0, 1429.8121744791667), (2, 1464.1827799479167), (4, 1601.5001502403845), (3, 1696.7980143229167), (5, 1751.83251953125)]","[(0, 29727.55078125), (1, 31464.40625)]","[(2, 1828.4441964285713), (1, 1854.5490885416666), (0, 1979.5399639423076), (4, 1989.7584635416667), (5, 1999.658482142857), (3, 2137.946965144231)]","[(0, 26431.328125), (1, 28347.0)]"
19,"[(0, 25741.75), (1, 26923.123046875)]","[(0, 21545.091796875), (1, 20688.91015625)]","[(0, 22676.712890625), (1, 21247.3671875)]","[(0, 29293.94921875), (1, 29102.56640625)]","[(0, 24249.478515625), (1, 23556.111328125)]","[(0, 35731.7578125), (1, 35624.20703125)]","[(0, 24654.1015625), (1, 24101.41796875)]","[(0, 37660.4453125), (1, 27405.94921875)]","[(4, 1645.9241943359375), (3, 1733.4275948660713), (0, 1734.7104166666666), (1, 1738.0685891544117), (5, 1759.972935267857), (2, 1784.8942708333334)]","[(0, 20107.607421875), (1, 22343.162109375)]","[(4, 1701.4148995535713), (3, 1876.5479266826924), (5, 1896.4327799479167), (1, 2122.934344951923), (0, 2487.591796875), (2, 2488.6644176136365)]","[(0, 25657.4140625), (1, 26233.796875)]","[(4, 1634.344140625), (3, 1725.0682198660713), (1, 1792.1416666666667), (5, 1830.6163504464287), (0, 1831.1576450892858), (2, 1952.289760044643)]","[(0, 29262.287109375), (1, 26667.73828125)]"
20,"[(0, 29599.060546875), (1, 32357.08203125)]","[(0, 21304.26171875), (1, 21092.859375)]","[(0, 30000.505859375), (1, 30483.232421875)]","[(0, 24446.591796875), (1, 24607.638671875)]","[(0, 32729.7578125), (1, 32064.826171875)]","[(0, 33831.859375), (1, 33636.03515625)]","[(0, 31968.525390625), (1, 30626.482421875)]","[(0, 27324.626953125), (1, 32015.142578125)]","[(1, 1627.3724300986842), (4, 1640.951931423611), (0, 1678.9387637867646), (3, 1707.390380859375), (5, 1772.726806640625), (2, 1778.6002987132354)]","[(0, 18942.67578125), (1, 25390.779296875)]","[(4, 2504.3326171875), (1, 2522.0591796875), (5, 2766.5119357638887), (2, 2788.125), (3, 2984.1579861111113), (0, 3002.275824652778)]","[(0, 29585.68359375), (1, 32198.830078125)]","[(1, 2223.9525923295455), (4, 2505.694424715909), (0, 2506.375390625), (2, 2597.6845703125), (3, 2858.5078125), (5, 3043.2953125)]","[(0, 30661.873046875), (1, 26816.01171875)]"
21,"[(0, 26617.66015625), (1, 27634.88671875)]","[(0, 19842.818359375), (1, 21142.98828125)]","[(0, 18976.95703125), (1, 19646.986328125)]","[(0, 21722.9375), (1, 21812.888671875)]","[(0, 25231.19921875), (1, 23575.103515625)]","[(0, 28636.349609375), (1, 30090.076171875)]","[(0, 27301.47265625), (1, 28590.232421875)]","[(0, 31220.3203125), (1, 27942.619140625)]","[(1, 1791.9176240808824), (4, 1874.3056640625), (0, 1926.66484375), (2, 1954.2190104166666), (5, 1979.9140625), (3, 2051.949776785714)]","[(0, 24797.421875), (1, 23228.359375)]","[(4, 1451.8360595703125), (5, 1501.3296875), (3, 1536.5356770833334), (1, 1704.0662760416667), (2, 1848.9356863839287), (0, 1888.3338448660713)]","[(0, 22849.552734375), (1, 22897.806640625)]","[(1, 2055.3494591346152), (2, 2106.9597981770835), (4, 2139.513371394231), (5, 2160.0393880208335), (0, 2294.9641335227275), (3, 2319.0930397727275)]","[(0, 28530.853515625), (1, 25146.880859375)]"
22,"[(0, 34114.01953125), (1, 36133.71875)]","[(0, 18038.357421875), (1, 17467.376953125)]","[(0, 18670.208984375), (1, 18880.794921875)]","[(0, 25177.55078125), (1, 26299.173828125)]","[(0, 35554.625), (1, 34609.296875)]","[(0, 35695.65234375), (1, 34100.8828125)]","[(0, 25195.587890625), (1, 26509.9921875)]","[(0, 32777.921875), (1, 25607.9609375)]","[(4, 2021.58203125), (3, 2023.8724888392858), (5, 2356.1326622596152), (1, 2726.094050480769), (0, 2819.8701171875), (2, 3260.9683948863635)]","[(0, 25198.76171875), (1, 31060.369140625)]","[(3, 1568.4767400568182), (4, 1621.6844075520833), (5, 1707.1306818181818), (0, 1995.7066761363637), (1, 2008.1507161458333), (2, 2170.210759943182)]","[(0, 27774.708984375), (1, 27830.49609375)]","[(4, 2390.008877840909), (5, 2574.1873046875), (3, 2650.9107421875), (1, 2684.454190340909), (2, 2887.716015625), (0, 2954.66015625)]","[(0, 26985.845703125), (1, 28447.173828125)]"
23,"[(0, 28716.0390625), (1, 29678.146484375)]","[(0, 19381.552734375), (1, 20277.376953125)]","[(0, 20944.947265625), (1, 22388.357421875)]","[(0, 29817.78515625), (1, 29957.962890625)]","[(0, 28631.10546875), (1, 28768.173828125)]","[(0, 29904.212890625), (1, 29934.916015625)]","[(0, 22004.126953125), (1, 23817.900390625)]","[(0, 22420.4296875), (1, 28811.857421875)]","[(1, 2062.3849051339284), (2, 2183.2142427884614), (0, 2260.0887044270835), (4, 2777.1796875), (5, 2927.8167613636365), (3, 2991.784765625)]","[(0, 20149.224609375), (1, 23633.5859375)]","[(4, 2010.9948508522727), (1, 2023.4318033854167), (2, 2348.1491477272725), (5, 2402.3462890625), (0, 2448.5955078125), (3, 2449.339409722222)]","[(0, 37072.3984375), (1, 28271.0)]","[(1, 2066.046875), (2, 2163.8123697916667), (0, 2193.7272600446427), (4, 2427.63203125), (5, 2610.2781808035716), (3, 2741.4107572115386)]","[(0, 30832.12109375), (1, 26514.390625)]"
24,"[(0, 26106.984375), (1, 27185.3359375)]","[(0, 16910.455078125), (1, 17337.21484375)]","[(0, 27653.5), (1, 27178.310546875)]","[(0, 29095.572265625), (1, 27933.3984375)]","[(0, 29039.021484375), (1, 28817.4921875)]","[(0, 25115.318359375), (1, 25521.193359375)]","[(0, 30164.86328125), (1, 30810.693359375)]","[(0, 21503.07421875), (1, 25085.947265625)]","[(1, 1793.7266710069443), (0, 1888.4169921875), (2, 1940.2940673828125), (4, 1981.2318474264705), (5, 2152.654817708333), (3, 2187.5177083333333)]","[(0, 29287.6640625), (1, 27579.599609375)]","[(4, 1930.013671875), (3, 1979.357142857143), (5, 2094.5987079326924), (1, 2446.987723214286), (0, 2605.48046875), (2, 2636.4290364583335)]","[(0, 25716.625), (1, 23465.013671875)]","[(1, 2108.5945870535716), (2, 2159.6029146634614), (0, 2331.3111979166665), (4, 2340.288762019231), (5, 2355.5953776041665), (3, 2364.977450284091)]","[(0, 28682.94921875), (1, 23909.6171875)]"
25,"[(0, 29912.85546875), (1, 30699.998046875)]","[(0, 17792.41796875), (1, 17994.35546875)]","[(0, 30669.388671875), (1, 29238.4921875)]","[(0, 25371.8984375), (1, 24032.056640625)]","[(0, 25806.98828125), (1, 25632.39453125)]","[(0, 28988.607421875), (1, 30377.541015625)]","[(0, 31481.333984375), (1, 31159.87890625)]","[(0, 26676.564453125), (1, 28109.7734375)]","[(4, 1897.48046875), (1, 1911.545703125), (3, 2061.316856971154), (0, 2076.356971153846), (5, 2107.114783653846), (2, 2140.7501502403848)]","[(0, 29027.55859375), (1, 27185.544921875)]","[(1, 1554.1829833984375), (4, 1724.207421875), (2, 1746.6915457589287), (0, 1790.6131417410713), (5, 1928.0564903846155), (3, 2063.706730769231)]","[(0, 27076.45703125), (1, 25511.119140625)]","[(1, 2265.6181640625), (2, 2323.9151141826924), (0, 2422.86279296875), (4, 2973.6650390625), (5, 3065.3948863636365), (3, 3286.788671875)]","[(0, 29052.15234375), (1, 25661.23046875)]"
26,"[(0, 27279.1171875), (1, 27842.681640625)]","[(0, 21613.541015625), (1, 22022.89453125)]","[(0, 26501.271484375), (1, 28933.451171875)]","[(0, 29433.853515625), (1, 26579.708984375)]","[(0, 24762.564453125), (1, 24312.71875)]","[(0, 27410.94140625), (1, 27197.39453125)]","[(0, 25804.794921875), (1, 24014.185546875)]","[(0, 28077.572265625), (1, 31067.2734375)]","[(1, 2018.545955882353), (4, 2021.0344669117646), (2, 2176.1796875), (0, 2198.830989583333), (5, 2217.1315104166665), (3, 2219.5221354166665)]","[(0, 24831.26171875), (1, 23866.376953125)]","[(1, 1638.8687959558824), (4, 1676.1126708984375), (0, 1721.45390625), (2, 1759.8180989583334), (5, 1879.5857979910713), (3, 1894.4867466517858)]","[(0, 24501.396484375), (1, 28067.986328125)]","[(2, 2089.1463541666667), (1, 2115.568359375), (0, 2161.360909598214), (5, 2369.8864397321427), (4, 2396.39921875), (3, 2468.5088641826924)]","[(0, 29958.447265625), (1, 26501.447265625)]"
27,"[(0, 28982.0), (1, 29843.587890625)]","[(0, 20588.0390625), (1, 19556.171875)]","[(0, 20231.7890625), (1, 20738.3359375)]","[(0, 26196.119140625), (1, 28113.1796875)]","[(0, 23256.111328125), (1, 23369.5)]","[(0, 27699.662109375), (1, 27714.619140625)]","[(0, 29062.23828125), (1, 29443.3984375)]","[(0, 39342.21484375), (1, 31463.806640625)]","[(4, 1815.8544921875), (3, 1946.1661658653845), (5, 2102.5319010416665), (0, 2383.3737571022725), (1, 2427.1041666666665), (2, 2751.7701171875)]","[(0, 27749.63671875), (1, 28681.47265625)]","[(4, 1454.0205729166667), (1, 1510.2186197916667), (5, 1616.5904447115386), (2, 1640.4295372596155), (3, 1729.7463942307693), (0, 1799.899188701923)]","[(0, 26067.02734375), (1, 35883.82421875)]","[(3, 2316.7542317708335), (4, 2362.734675480769), (5, 2456.8221028645835), (0, 2488.3391927083335), (1, 2512.557391826923), (2, 2644.9181315104165)]","[(0, 31331.576171875), (1, 32227.73828125)]"
28,"[(0, 32127.298828125), (1, 33515.57421875)]","[(0, 27889.212890625), (1, 27879.0546875)]","[(0, 30874.05078125), (1, 32200.3359375)]","[(0, 23038.41015625), (1, 23026.591796875)]","[(0, 24010.1328125), (1, 24561.099609375)]","[(0, 28085.12109375), (1, 27775.318359375)]","[(0, 25322.705078125), (1, 28311.95703125)]","[(0, 29567.29296875), (1, 25276.57421875)]","[(4, 1732.1981026785713), (1, 1847.4122721354167), (3, 1909.7345252403845), (5, 2025.6349283854167), (0, 2026.9392755681818), (2, 2177.425)]","[(0, 22012.6484375), (1, 24136.794921875)]","[(3, 1505.64453125), (4, 1566.5766927083334), (5, 1841.0192307692307), (1, 1967.0010516826924), (0, 2105.32080078125), (2, 2424.215021306818)]","[(0, 32950.96484375), (1, 30069.73828125)]","[(1, 1197.844029017857), (2, 1282.0667067307693), (0, 1376.717998798077), (4, 1444.104213169643), (5, 1552.0748197115386), (3, 1663.731670673077)]","[(0, 29622.6953125), (1, 24781.15625)]"
29,"[(0, 26995.060546875), (1, 27266.501953125)]","[(0, 22096.400390625), (1, 22037.833984375)]","[(0, 22237.93359375), (1, 21987.134765625)]","[(0, 24501.86328125), (1, 23735.658203125)]","[(0, 32364.890625), (1, 32930.29296875)]","[(0, 29456.1484375), (1, 29297.916015625)]","[(0, 26237.6484375), (1, 28074.837890625)]","[(0, 24205.90234375), (1, 25882.828125)]","[(1, 2171.130440848214), (0, 2182.015324519231), (2, 2388.373046875), (3, 2645.0319010416665), (4, 2811.712439903846), (5, 2918.5641276041665)]","[(0, 36117.6640625), (1, 28094.740234375)]","[(1, 3121.130078125), (4, 3163.832421875), (2, 3428.2588975694443), (5, 3489.6592881944443), (3, 3605.6180555555557), (0, 3629.8279079861113)]","[(0, 41409.38671875), (1, 33245.08203125)]","[(1, 1778.4468994140625), (0, 1845.759068080357), (2, 1879.2036458333334), (4, 1940.2806919642858), (5, 2063.234375), (3, 2142.1590169270835)]","[(0, 31925.076171875), (1, 32803.16015625)]"
30,"[(0, 29324.58203125), (1, 31218.208984375)]","[(0, 20396.810546875), (1, 20583.7578125)]","[(0, 27298.087890625), (1, 26140.517578125)]","[(0, 22946.83984375), (1, 22936.97265625)]","[(0, 26952.94921875), (1, 26536.375)]","[(0, 29465.73046875), (1, 30173.552734375)]","[(0, 29810.875), (1, 27083.5078125)]","[(0, 22742.9609375), (1, 24947.21484375)]","[(1, 1492.5372178819443), (4, 1538.407986111111), (0, 1597.79833984375), (3, 1663.871826171875), (2, 1725.683837890625), (5, 1787.8475341796875)]","[(0, 27500.98828125), (1, 24434.775390625)]","[(1, 1983.8169642857142), (2, 2235.744441105769), (0, 2321.2657877604165), (4, 2803.4280598958335), (3, 2952.50546875), (5, 3028.1711647727275)]","[(0, 28732.3671875), (1, 23608.46875)]","[(4, 2381.23828125), (1, 2390.81796875), (0, 2671.6796875), (3, 2682.248798076923), (5, 2721.7845552884614), (2, 2739.8428485576924)]","[(0, 31437.111328125), (1, 33773.640625)]"
31,"[(0, 30195.748046875), (1, 31625.95703125)]","[(0, 18638.044921875), (1, 20228.68359375)]","[(0, 23038.34375), (1, 22426.525390625)]","[(0, 30786.517578125), (1, 29451.73828125)]","[(0, 25601.44140625), (1, 26535.16015625)]","[(0, 29877.046875), (1, 29719.8671875)]","[(0, 28075.66796875), (1, 30772.95703125)]","[(0, 24975.615234375), (1, 30565.12109375)]","[(4, 2209.25234375), (1, 2242.1627604166665), (3, 2396.40625), (0, 2431.054236778846), (2, 2545.99609375), (5, 2555.424579326923)]","[(0, 23092.54296875), (1, 23428.8125)]","[(1, 2362.6982421875), (2, 2510.3741319444443), (0, 2688.2599826388887), (4, 2955.1279296875), (5, 3174.2243923611113), (3, 3310.5319010416665)]","[(0, 35319.94921875), (1, 40109.1015625)]","[(1, 2802.891183035714), (2, 2939.001502403846), (0, 3168.189453125), (4, 3240.5384615384614), (5, 3327.4388020833335), (3, 3475.681818181818)]","[(0, 29760.73828125), (1, 31501.576171875)]"
32,"[(0, 28873.884765625), (1, 30050.529296875)]","[(0, 19500.8984375), (1, 20530.513671875)]","[(0, 24615.267578125), (1, 26275.158203125)]","[(0, 33764.01171875), (1, 32031.57421875)]","[(0, 25285.060546875), (1, 26478.66015625)]","[(0, 29102.8984375), (1, 29263.263671875)]","[(0, 24812.6328125), (1, 22100.23828125)]","[(0, 21993.76171875), (1, 21820.50390625)]","[(4, 1765.801532451923), (3, 1810.6453450520833), (5, 1938.38818359375), (1, 1994.1754807692307), (0, 2077.3787434895835), (2, 2195.66064453125)]","[(0, 28298.189453125), (1, 26531.1875)]","[(1, 2058.555245535714), (4, 2077.028738839286), (2, 2253.8487955729165), (5, 2270.7765299479165), (3, 2416.44091796875), (0, 2428.2154947916665)]","[(0, 34009.6484375), (1, 29863.54296875)]","[(4, 1968.16796875), (3, 2036.8515625), (5, 2158.31640625), (1, 2373.8307291666665), (0, 2496.014229910714), (2, 2593.699776785714)]","[(0, 29495.953125), (1, 26035.302734375)]"
33,"[(0, 23699.4453125), (1, 25204.69921875)]","[(0, 17586.974609375), (1, 18215.255859375)]","[(0, 29065.1484375), (1, 32424.146484375)]","[(0, 21804.71484375), (1, 21070.703125)]","[(0, 34568.4609375), (1, 35372.63671875)]","[(0, 30469.6015625), (1, 31642.94140625)]","[(0, 22639.9765625), (1, 21089.23828125)]","[(0, 26589.75), (1, 25545.494140625)]","[(1, 1507.4838610197369), (2, 1580.8296440972222), (0, 1657.9294577205883), (4, 1700.1588924632354), (5, 1751.97021484375), (3, 1894.845703125)]","[(0, 22842.84375), (1, 23667.982421875)]","[(4, 1726.9365234375), (1, 1750.354717548077), (2, 1878.266690340909), (3, 1914.6256009615386), (0, 1961.1474609375), (5, 1988.4969075520833)]","[(0, 30098.54296875), (1, 35503.05859375)]","[(4, 2395.9040178571427), (3, 2592.915564903846), (5, 2800.3548177083335), (1, 2926.2427884615386), (2, 3205.7428977272725), (0, 3253.0133463541665)]","[(0, 22742.59375), (1, 23666.357421875)]"
34,"[(0, 25493.8515625), (1, 26343.90625)]","[(0, 21541.888671875), (1, 22323.65234375)]","[(0, 20098.904296875), (1, 21702.5625)]","[(0, 30910.43359375), (1, 28791.669921875)]","[(0, 28224.529296875), (1, 27570.97265625)]","[(0, 36050.765625), (1, 35881.5625)]","[(0, 31930.6796875), (1, 30414.412109375)]","[(0, 35174.19921875), (1, 31108.51171875)]","[(4, 1505.5466145833334), (3, 1560.4100167410713), (5, 1595.8318810096155), (1, 1973.0659877232142), (2, 2083.14599609375), (0, 2113.839092548077)]","[(0, 30714.84765625), (1, 25764.666015625)]","[(1, 1869.771875), (2, 2010.2091238839287), (4, 2033.9767020089287), (5, 2160.921574519231), (0, 2180.396935096154), (3, 2227.337890625)]","[(0, 27362.126953125), (1, 32443.87890625)]","[(4, 2576.7590553977275), (5, 2616.248828125), (3, 2878.3294921875), (1, 2978.2428977272725), (2, 3099.6658203125), (0, 3244.746875)]","[(0, 27513.396484375), (1, 28018.375)]"
35,"[(0, 22028.125), (1, 23191.880859375)]","[(0, 27696.333984375), (1, 27418.392578125)]","[(0, 23619.705078125), (1, 24306.8984375)]","[(0, 31969.134765625), (1, 31337.79296875)]","[(0, 27159.2421875), (1, 23579.486328125)]","[(0, 35543.40625), (1, 34962.16796875)]","[(0, 32621.001953125), (1, 34338.03125)]","[(0, 30553.51953125), (1, 33814.24609375)]","[(1, 1968.3451450892858), (2, 2116.6431790865386), (0, 2357.40673828125), (4, 2530.93310546875), (5, 2665.675603693182), (3, 2871.08359375)]","[(0, 28880.548828125), (1, 25196.935546875)]","[(4, 2705.5550130208335), (5, 2711.2945667613635), (3, 2807.700994318182), (1, 3278.4801136363635), (2, 3299.653125), (0, 3408.0984375)]","[(0, 31087.9609375), (1, 31332.740234375)]","[(4, 2797.0559895833335), (1, 2844.806640625), (3, 2962.724609375), (5, 3017.9250710227275), (0, 3026.08984375), (2, 3050.87109375)]","[(0, 25664.53515625), (1, 26998.587890625)]"
36,"[(0, 28196.900390625), (1, 29549.927734375)]","[(0, 28061.240234375), (1, 28025.32421875)]","[(0, 21605.9375), (1, 22411.6875)]","[(0, 22667.91015625), (1, 22196.51171875)]","[(0, 28291.041015625), (1, 24602.6875)]","[(0, 28115.3515625), (1, 28925.28515625)]","[(0, 37586.63671875), (1, 37792.23046875)]","[(0, 24879.85546875), (1, 27961.810546875)]","[(4, 1598.2371826171875), (3, 1662.7178385416667), (5, 1868.109375), (1, 1908.3367745535713), (0, 1957.1065204326924), (2, 2147.9913736979165)]","[(0, 27952.61328125), (1, 32819.68359375)]","[(1, 1800.5221354166667), (2, 1832.716099330357), (0, 2136.581280048077), (5, 2178.8439127604165), (4, 2203.991736778846), (3, 2735.8606178977275)]","[(0, 23763.833984375), (1, 27868.501953125)]","[(1, 2269.84140625), (2, 2373.5549665178573), (0, 2463.492487980769), (4, 3108.490985576923), (3, 3192.8977272727275), (5, 3382.6373697916665)]","[(0, 28351.40625), (1, 27164.9140625)]"
37,"[(0, 33868.5), (1, 36166.26171875)]","[(0, 27149.21875), (1, 25790.6015625)]","[(0, 31668.029296875), (1, 31253.71484375)]","[(0, 27076.0703125), (1, 27537.361328125)]","[(0, 23765.8515625), (1, 23279.208984375)]","[(0, 36367.14453125), (1, 37227.0078125)]","[(0, 32068.435546875), (1, 29143.53125)]","[(0, 26126.509765625), (1, 28809.0)]","[(2, 1822.2786865234375), (1, 1876.0090762867646), (0, 2030.1505208333333), (4, 2216.856510416667), (5, 2298.8419363839284), (3, 2583.9693509615386)]","[(0, 25528.568359375), (1, 27426.708984375)]","[(3, 1941.198467548077), (4, 1947.289760044643), (5, 2004.0243389423076), (1, 2056.3065011160716), (0, 2220.439002403846), (2, 2317.3267728365386)]","[(0, 33201.32421875), (1, 35660.54296875)]","[(3, 2112.9248046875), (4, 2215.1215533088234), (5, 2297.1036458333333), (1, 2416.708072916667), (0, 2574.77734375), (2, 2727.13671875)]","[(0, 27385.83203125), (1, 29601.572265625)]"
38,"[(0, 29458.08984375), (1, 31928.580078125)]","[(0, 25472.294921875), (1, 25470.93359375)]","[(0, 33980.24609375), (1, 36059.73828125)]","[(0, 30551.919921875), (1, 30212.59765625)]","[(0, 25636.966796875), (1, 25766.75390625)]","[(0, 29278.53125), (1, 28474.724609375)]","[(0, 24495.974609375), (1, 25000.634765625)]","[(0, 26437.6328125), (1, 28926.939453125)]","[(1, 1934.3168247767858), (2, 2131.483173076923), (0, 2245.3466796875), (4, 2401.3888346354165), (5, 2589.0159801136365), (3, 2814.3544921875)]","[(0, 28557.013671875), (1, 25228.76953125)]","[(4, 1408.821484375), (3, 1412.2264229910713), (5, 1514.1083233173076), (1, 1718.9115513392858), (0, 1826.1158353365386), (2, 1907.4044596354167)]","[(0, 28967.76953125), (1, 30161.09375)]","[(1, 1826.1573893229167), (2, 2007.737215909091), (0, 2072.3586647727275), (4, 2433.48486328125), (5, 2712.6393821022725), (3, 2776.1919389204545)]","[(0, 29325.869140625), (1, 25179.181640625)]"
39,"[(0, 32502.783203125), (1, 33684.4765625)]","[(0, 20077.984375), (1, 19805.1015625)]","[(0, 27700.166015625), (1, 29399.431640625)]","[(0, 28033.369140625), (1, 27803.01171875)]","[(0, 22967.857421875), (1, 22113.09765625)]","[(0, 24488.197265625), (1, 24481.19140625)]","[(0, 19598.14453125), (1, 19587.0078125)]","[(0, 26552.779296875), (1, 30012.75390625)]","[(1, 1785.747265625), (2, 1805.3525390625), (4, 1809.912109375), (0, 1825.8354867788462), (3, 1973.4363606770833), (5, 2126.7115384615386)]","[(0, 24180.26953125), (1, 25523.75)]","[(2, 2452.04921875), (1, 2473.325284090909), (0, 2768.999609375), (5, 3017.130859375), (4, 3020.8824573863635), (3, 3409.408203125)]","[(0, 38459.55859375), (1, 32772.609375)]","[(4, 1772.3427734375), (3, 1838.7557091346155), (5, 2013.5393880208333), (1, 2535.2161458333335), (0, 2705.983487215909), (2, 2843.6296875)]","[(0, 26336.671875), (1, 23769.61328125)]"
40,"[(0, 26178.013671875), (1, 28635.091796875)]","[(0, 22144.689453125), (1, 20274.361328125)]","[(0, 22259.298828125), (1, 22343.927734375)]","[(0, 24211.46484375), (1, 23882.9765625)]","[(0, 20405.5859375), (1, 19074.248046875)]","[(0, 35795.19921875), (1, 35965.70703125)]","[(0, 34266.1953125), (1, 34131.0078125)]","[(0, 21036.9921875), (1, 30024.546875)]","[(1, 1663.2276611328125), (2, 1880.5498697916667), (0, 1886.9405691964287), (4, 1925.888392857143), (5, 2115.446514423077), (3, 2140.3865559895835)]","[(0, 19416.8515625), (1, 21274.943359375)]","[(1, 1509.259765625), (0, 1558.5169677734375), (4, 1624.0738740808824), (2, 1627.803955078125), (3, 1755.8635416666666), (5, 1816.61953125)]","[(0, 30069.048828125), (1, 28865.15625)]","[(4, 1768.297572544643), (5, 1975.2044771634614), (1, 2023.3687220982142), (3, 2078.298377403846), (2, 2209.693058894231), (0, 2383.524188701923)]","[(0, 31284.162109375), (1, 29142.310546875)]"
41,"[(0, 26125.21484375), (1, 26543.513671875)]","[(0, 24752.578125), (1, 24608.9296875)]","[(0, 27078.962890625), (1, 25524.892578125)]","[(0, 21619.953125), (1, 21825.14453125)]","[(0, 25707.20703125), (1, 22757.931640625)]","[(0, 32156.296875), (1, 32648.671875)]","[(0, 26167.5546875), (1, 27521.375)]","[(0, 25826.83203125), (1, 26857.654296875)]","[(4, 2023.7001302083333), (3, 2131.4489397321427), (5, 2266.2791466346152), (1, 2588.300480769231), (0, 2864.7574869791665), (2, 2953.1587357954545)]","[(0, 32288.7109375), (1, 31768.57421875)]","[(4, 1716.177978515625), (5, 1780.7530691964287), (3, 1790.431640625), (1, 1983.1171875), (2, 2113.36328125), (0, 2204.119891826923)]","[(0, 32648.515625), (1, 34336.1328125)]","[(1, 2160.18359375), (4, 2260.0973958333334), (0, 2345.157001201923), (2, 2390.2049278846152), (3, 2449.069861778846), (5, 2484.678185096154)]","[(0, 23262.099609375), (1, 23754.33984375)]"
42,"[(0, 27745.109375), (1, 29591.326171875)]","[(0, 24406.783203125), (1, 25078.962890625)]","[(0, 21541.62109375), (1, 21590.880859375)]","[(0, 27821.0234375), (1, 30128.3515625)]","[(0, 30099.087890625), (1, 29746.578125)]","[(0, 31701.990234375), (1, 30741.865234375)]","[(0, 26995.03515625), (1, 27779.451171875)]","[(0, 23946.765625), (1, 28385.384765625)]","[(4, 1999.3021240234375), (3, 2113.892020089286), (1, 2169.5423177083335), (5, 2264.6374162946427), (0, 2337.576472355769), (2, 2504.1131310096152)]","[(0, 27245.107421875), (1, 32855.91796875)]","[(1, 1884.1767578125), (2, 1989.0926983173076), (4, 2043.37109375), (5, 2091.704326923077), (0, 2196.9318033854165), (3, 2248.6832682291665)]","[(0, 24615.572265625), (1, 27799.43359375)]","[(4, 2392.6130208333334), (5, 2786.329627403846), (3, 2848.0295758928573), (1, 3170.6141183035716), (0, 3353.0955528846152), (2, 3495.8902994791665)]","[(0, 27850.67578125), (1, 24361.529296875)]"
43,"[(0, 26128.279296875), (1, 26859.572265625)]","[(0, 22680.388671875), (1, 22251.701171875)]","[(0, 33293.97265625), (1, 33064.7578125)]","[(0, 27518.041015625), (1, 25438.064453125)]","[(0, 23991.662109375), (1, 22654.857421875)]","[(0, 24588.89453125), (1, 24493.779296875)]","[(0, 16957.49609375), (1, 18447.978515625)]","[(0, 26383.958984375), (1, 27946.775390625)]","[(1, 2396.573660714286), (0, 2441.474609375), (2, 2665.5333533653848), (3, 3120.2639973958335), (4, 3154.7908653846152), (5, 3363.1510416666665)]","[(0, 18665.79296875), (1, 19920.158203125)]","[(1, 1930.4518229166667), (4, 1986.98984375), (0, 2170.1053185096152), (3, 2196.986628605769), (2, 2269.8524639423076), (5, 2342.094951923077)]","[(0, 26561.490234375), (1, 25097.07421875)]","[(4, 3118.291903409091), (5, 3238.7833984375), (1, 3345.454900568182), (2, 3421.89765625), (3, 3798.35546875), (0, 4103.865234375)]","[(0, 31931.076171875), (1, 31636.212890625)]"
44,"[(0, 24475.892578125), (1, 24986.5)]","[(0, 23720.224609375), (1, 22458.884765625)]","[(0, 23081.53515625), (1, 22902.6328125)]","[(0, 30720.91015625), (1, 32034.779296875)]","[(0, 27304.466796875), (1, 27582.228515625)]","[(0, 32171.267578125), (1, 31577.615234375)]","[(0, 30017.4453125), (1, 29132.111328125)]","[(0, 24243.2578125), (1, 25729.28125)]","[(1, 2049.3111979166665), (2, 2163.548828125), (0, 2217.5165264423076), (4, 2615.8727678571427), (3, 2683.1998697916665), (5, 2823.9423076923076)]","[(0, 28133.21484375), (1, 29992.1796875)]","[(1, 1875.13984375), (2, 2003.6176060267858), (0, 2135.2247596153848), (4, 2307.4013671875), (5, 2520.472355769231), (3, 2534.8702799479165)]","[(0, 26894.25390625), (1, 26154.904296875)]","[(1, 1795.6664341517858), (2, 1939.760516826923), (0, 2013.0922475961538), (4, 2176.1759207589284), (5, 2401.998347355769), (3, 2479.5911959134614)]","[(0, 22895.994140625), (1, 24356.7890625)]"
45,"[(0, 26117.541015625), (1, 26986.6171875)]","[(0, 24477.806640625), (1, 23881.654296875)]","[(0, 26931.134765625), (1, 28228.1640625)]","[(0, 28691.703125), (1, 27971.19921875)]","[(0, 30467.888671875), (1, 28255.205078125)]","[(0, 33790.0390625), (1, 32933.58984375)]","[(0, 29359.419921875), (1, 29625.494140625)]","[(0, 24588.16796875), (1, 33679.4296875)]","[(1, 1926.48388671875), (4, 1958.157421875), (2, 2091.5390625), (5, 2185.303485576923), (0, 2317.9215959821427), (3, 2403.469501201923)]","[(0, 24463.455078125), (1, 23117.552734375)]","[(4, 3119.3982421875), (1, 3170.453125), (3, 3502.2786458333335), (5, 3576.484375), (0, 3614.538628472222), (2, 3623.380859375)]","[(0, 20675.005859375), (1, 20619.771484375)]","[(1, 1823.5764322916666), (0, 1844.595703125), (4, 1933.8167067307693), (2, 1999.843470982143), (3, 2053.546697443182), (5, 2122.70947265625)]","[(0, 30950.9921875), (1, 28328.62109375)]"
46,"[(0, 33181.25390625), (1, 34299.24609375)]","[(0, 19948.521484375), (1, 18206.693359375)]","[(0, 20957.5546875), (1, 23143.6484375)]","[(0, 27456.701171875), (1, 27459.94921875)]","[(0, 31052.84765625), (1, 29571.861328125)]","[(0, 30064.490234375), (1, 30603.474609375)]","[(0, 26423.365234375), (1, 25469.162109375)]","[(0, 29162.439453125), (1, 33859.45703125)]","[(4, 1959.00048828125), (5, 1992.0297154017858), (3, 1997.0984375), (1, 2433.6893229166667), (0, 2555.071707589286), (2, 2745.746394230769)]","[(0, 31697.095703125), (1, 28005.09765625)]","[(1, 1728.888671875), (2, 1951.1910511363637), (4, 1960.8818359375), (0, 2049.0374644886365), (5, 2161.8343394886365), (3, 2276.5813210227275)]","[(0, 33855.16015625), (1, 30369.11328125)]","[(1, 1745.542724609375), (0, 1984.5531529017858), (2, 2003.8579427083334), (4, 2173.4755859375), (5, 2294.953575721154), (3, 2318.2018229166665)]","[(0, 27087.591796875), (1, 29094.57421875)]"
47,"[(0, 22110.650390625), (1, 21946.326171875)]","[(0, 21018.90234375), (1, 21204.171875)]","[(0, 31461.5546875), (1, 31415.62109375)]","[(0, 29221.513671875), (1, 27295.615234375)]","[(0, 31782.1796875), (1, 31391.75390625)]","[(0, 26153.208984375), (1, 26175.140625)]","[(0, 23652.1640625), (1, 24475.23828125)]","[(0, 26210.763671875), (1, 28399.060546875)]","[(4, 1359.9300130208333), (3, 1365.012451171875), (5, 1398.1732177734375), (1, 1455.6382123161766), (0, 1508.7791666666667), (2, 1531.6184895833333)]","[(0, 20075.83984375), (1, 23845.90234375)]","[(4, 1583.518359375), (3, 1653.578125), (5, 1697.1705228365386), (1, 2065.8275240384614), (0, 2147.3400065104165), (2, 2291.268465909091)]","[(0, 30073.263671875), (1, 31556.482421875)]","[(3, 1965.262920673077), (4, 2048.6530412946427), (0, 2063.4033203125), (1, 2064.7265625), (2, 2269.0296519886365), (5, 2286.7255859375)]","[(0, 29633.6328125), (1, 30172.142578125)]"
48,"[(0, 28548.0546875), (1, 28132.490234375)]","[(0, 20515.814453125), (1, 20532.7265625)]","[(0, 23745.6640625), (1, 24530.76171875)]","[(0, 24675.3671875), (1, 23827.306640625)]","[(0, 26330.46875), (1, 25592.751953125)]","[(0, 27787.982421875), (1, 27382.41015625)]","[(0, 23733.708984375), (1, 23354.748046875)]","[(0, 27413.896484375), (1, 25704.53515625)]","[(1, 1795.345703125), (0, 1844.0697115384614), (4, 1898.0307291666666), (2, 1901.926532451923), (3, 1920.7943209134614), (5, 2014.03515625)]","[(0, 18639.71484375), (1, 19044.52734375)]","[(1, 1711.684291294643), (0, 1825.2068684895833), (2, 1889.2213541666667), (4, 1978.3170072115386), (3, 2133.6285511363635), (5, 2253.717684659091)]","[(0, 24669.037109375), (1, 26156.92578125)]","[(1, 1621.6580729166667), (0, 1744.76171875), (2, 1767.0298549107142), (4, 1843.653094951923), (3, 1853.1647727272727), (5, 2024.6324869791667)]","[(0, 29483.720703125), (1, 32099.490234375)]"
49,"[(0, 26559.13671875), (1, 27157.064453125)]","[(0, 30964.544921875), (1, 31611.119140625)]","[(0, 30675.38671875), (1, 31822.638671875)]","[(0, 35004.70703125), (1, 37569.578125)]","[(0, 24865.505859375), (1, 23625.923828125)]","[(0, 35098.83984375), (1, 34891.0859375)]","[(0, 30283.41796875), (1, 30913.677734375)]","[(0, 34961.30078125), (1, 30474.30859375)]","[(4, 1860.6095052083333), (3, 1957.5620814732142), (5, 2139.1298076923076), (1, 2636.2154447115386), (0, 2855.9111328125), (2, 2903.5395951704545)]","[(0, 25068.392578125), (1, 24425.96875)]","[(4, 2117.650568181818), (3, 2227.1212890625), (5, 2453.019921875), (1, 2599.374822443182), (0, 2740.351953125), (2, 3033.6142578125)]","[(0, 25634.30078125), (1, 31796.79296875)]","[(4, 2207.942940848214), (5, 2390.6765950520835), (3, 2392.2665264423076), (1, 2406.148137019231), (0, 2425.03125), (2, 2525.382990056818)]","[(0, 25445.46484375), (1, 25722.21484375)]"
50,"[(0, 28854.146484375), (1, 30703.98046875)]","[(0, 32034.26171875), (1, 32603.8671875)]","[(0, 25466.150390625), (1, 25887.0)]","[(0, 23490.0234375), (1, 23344.4375)]","[(0, 25626.748046875), (1, 24557.84375)]","[(0, 29713.970703125), (1, 30562.322265625)]","[(0, 18992.890625), (1, 20728.765625)]","[(0, 30548.91796875), (1, 30680.126953125)]","[(4, 1906.697998046875), (3, 1967.3010416666666), (5, 2090.3385881696427), (1, 2154.696354166667), (0, 2299.4228515625), (2, 2477.496844951923)]","[(0, 24855.05078125), (1, 23972.90625)]","[(4, 2596.909268465909), (1, 2603.0983664772725), (5, 2790.9859375), (2, 2800.4751953125), (0, 2944.4607421875), (3, 2956.1849609375)]","[(0, 33031.82421875), (1, 28142.580078125)]","[(1, 2290.027794471154), (2, 2530.4431966145835), (0, 2671.1439985795455), (4, 2938.7125651041665), (5, 3214.615056818182), (3, 3227.32578125)]","[(0, 24731.01171875), (1, 25037.689453125)]"
51,"[(0, 29045.806640625), (1, 30071.916015625)]","[(0, 31193.654296875), (1, 30302.05078125)]","[(0, 26136.455078125), (1, 26502.484375)]","[(0, 25599.05078125), (1, 25077.21484375)]","[(0, 28037.486328125), (1, 28826.06640625)]","[(0, 26034.43359375), (1, 27122.48828125)]","[(0, 24689.041015625), (1, 26546.955078125)]","[(0, 25566.55078125), (1, 27076.560546875)]","[(4, 1777.478759765625), (1, 1878.97509765625), (3, 1925.0288783482142), (5, 1941.8745814732142), (2, 2048.1315569196427), (0, 2054.6227678571427)]","[(0, 23817.900390625), (1, 23571.078125)]","[(4, 1975.0970552884614), (3, 2056.5472005208335), (5, 2149.192294034091), (1, 2906.6452414772725), (0, 3250.2998046875), (2, 3365.732421875)]","[(0, 25939.63671875), (1, 30158.736328125)]","[(1, 1939.721958705357), (4, 1951.4741586538462), (3, 2050.3022017045455), (0, 2083.755859375), (5, 2130.3365885416665), (2, 2223.331280048077)]","[(0, 32483.4140625), (1, 34700.48046875)]"
52,"[(0, 21614.5703125), (1, 22481.876953125)]","[(0, 21821.376953125), (1, 22103.86328125)]","[(0, 25695.517578125), (1, 25580.52734375)]","[(0, 25482.23046875), (1, 24484.25)]","[(0, 25548.85546875), (1, 25305.56640625)]","[(0, 26639.47265625), (1, 25881.02734375)]","[(0, 27714.408203125), (1, 27637.443359375)]","[(0, 30363.05859375), (1, 31074.947265625)]","[(4, 1648.959263392857), (1, 1677.7212611607142), (5, 1787.7819010416667), (2, 1850.4873046875), (3, 1877.87060546875), (0, 1983.4436848958333)]","[(0, 25688.630859375), (1, 25925.41796875)]","[(1, 2277.30419921875), (4, 2339.10595703125), (2, 2484.526278409091), (5, 2556.3918678977275), (0, 2582.3137428977275), (3, 2605.080078125)]","[(0, 26982.373046875), (1, 26040.318359375)]","[(4, 2418.507254464286), (3, 2701.3064903846152), (5, 2980.6497395833335), (1, 3000.817608173077), (2, 3312.911931818182), (0, 3415.5266927083335)]","[(0, 31815.11328125), (1, 31770.576171875)]"
53,"[(0, 28099.9921875), (1, 29848.482421875)]","[(0, 20996.705078125), (1, 21160.537109375)]","[(0, 23427.404296875), (1, 24269.3515625)]","[(0, 25752.037109375), (1, 24504.689453125)]","[(0, 26718.498046875), (1, 28768.916015625)]","[(0, 30595.859375), (1, 29875.87890625)]","[(0, 35861.4140625), (1, 34182.44140625)]","[(0, 28356.109375), (1, 23405.5859375)]","[(1, 1502.4176025390625), (4, 1539.638671875), (2, 1583.4447544642858), (5, 1618.0883091517858), (3, 1642.3553292410713), (0, 1647.1974051339287)]","[(0, 28307.771484375), (1, 31197.76171875)]","[(1, 1655.1435546875), (0, 1707.5267857142858), (2, 1742.139927455357), (3, 1983.4666466346155), (4, 2025.9748697916666), (5, 2089.8021334134614)]","[(0, 31034.25390625), (1, 29341.6484375)]","[(4, 2244.2512555803573), (3, 2301.039362980769), (5, 2457.0634765625), (1, 2868.6998697916665), (2, 3115.7294921875), (0, 3190.024502840909)]","[(0, 26655.787109375), (1, 28657.876953125)]"
54,"[(0, 29039.76953125), (1, 29318.68359375)]","[(0, 21152.84765625), (1, 20191.197265625)]","[(0, 21696.93359375), (1, 19579.14453125)]","[(0, 27040.177734375), (1, 27208.62890625)]","[(0, 26028.75), (1, 28050.5390625)]","[(0, 26551.158203125), (1, 27648.779296875)]","[(0, 31745.708984375), (1, 33987.24609375)]","[(0, 28492.568359375), (1, 24639.57421875)]","[(1, 2254.5990767045455), (4, 2450.6537642045455), (2, 2477.2462890625), (0, 2623.309375), (5, 2628.1875), (3, 2821.069921875)]","[(0, 24222.943359375), (1, 31420.595703125)]","[(1, 2108.139737215909), (4, 2249.3032670454545), (2, 2347.121484375), (5, 2436.0064453125), (0, 2476.0818359375), (3, 2587.3275390625)]","[(0, 35014.484375), (1, 36607.765625)]","[(1, 2250.940625), (0, 2408.956280048077), (4, 2448.8546875), (2, 2587.5721153846152), (3, 2591.869591346154), (5, 2836.1658653846152)]","[(0, 29762.611328125), (1, 30764.888671875)]"
55,"[(0, 30910.611328125), (1, 31773.05859375)]","[(0, 20574.927734375), (1, 22176.64453125)]","[(0, 27916.755859375), (1, 26571.3203125)]","[(0, 30039.46875), (1, 30735.03515625)]","[(0, 31130.5625), (1, 32572.4453125)]","[(0, 28546.50390625), (1, 29425.630859375)]","[(0, 30447.001953125), (1, 30565.03125)]","[(0, 24987.455078125), (1, 22241.09375)]","[(4, 2075.3592247596152), (3, 2129.0530598958335), (5, 2390.0795454545455), (1, 2419.2470703125), (0, 2465.998046875), (2, 2922.7505859375)]","[(0, 27976.134765625), (1, 30449.64453125)]","[(1, 1958.8580228365386), (2, 2027.5712890625), (4, 2042.91064453125), (5, 2210.4369673295455), (0, 2210.483309659091), (3, 2307.8607421875)]","[(0, 31902.70703125), (1, 30273.599609375)]","[(4, 2050.883263221154), (3, 2166.841796875), (1, 2232.784855769231), (5, 2243.9982096354165), (0, 2453.5838216145835), (2, 2455.8076171875)]","[(0, 26889.201171875), (1, 28646.5625)]"
56,"[(0, 29361.830078125), (1, 30184.75)]","[(0, 18299.439453125), (1, 19361.63671875)]","[(0, 24332.1328125), (1, 20975.73046875)]","[(0, 22878.40234375), (1, 21672.201171875)]","[(0, 25508.759765625), (1, 25877.544921875)]","[(0, 27828.693359375), (1, 28551.267578125)]","[(0, 35595.7109375), (1, 32126.962890625)]","[(0, 26327.33203125), (1, 26186.501953125)]","[(4, 1750.3244485294117), (1, 1839.28515625), (3, 1850.9604166666666), (5, 1897.7247395833333), (0, 1950.7259114583333), (2, 1966.8489583333333)]","[(0, 26689.3125), (1, 24334.615234375)]","[(4, 1965.7688802083333), (3, 2116.8049665178573), (1, 2136.934012276786), (5, 2194.551231971154), (0, 2338.225060096154), (2, 2417.9392903645835)]","[(0, 30499.896484375), (1, 32427.951171875)]","[(1, 2173.7532087053573), (2, 2350.1947115384614), (0, 2514.3572591145835), (4, 2807.945012019231), (5, 2824.1975911458335), (3, 3125.7144886363635)]","[(0, 26287.83984375), (1, 23218.701171875)]"
57,"[(0, 25060.455078125), (1, 26587.72265625)]","[(0, 19159.16796875), (1, 19975.40234375)]","[(0, 28991.59375), (1, 29701.08203125)]","[(0, 26923.63671875), (1, 26940.486328125)]","[(0, 24879.927734375), (1, 21620.984375)]","[(0, 24076.927734375), (1, 23190.9296875)]","[(0, 26094.486328125), (1, 29629.4765625)]","[(0, 24634.5), (1, 22769.08984375)]","[(1, 1771.3377685546875), (0, 1911.126953125), (2, 1957.6662760416666), (4, 2078.294921875), (5, 2273.1580528846152), (3, 2304.1354166666665)]","[(0, 22369.791015625), (1, 25371.9453125)]","[(1, 1588.509765625), (2, 1719.789950284091), (4, 1754.4290364583333), (0, 1754.8307883522727), (5, 1946.015625), (3, 1974.9330610795455)]","[(0, 26750.291015625), (1, 21569.291015625)]","[(4, 1643.8250558035713), (3, 1824.832782451923), (5, 1914.4612379807693), (1, 1950.9087611607142), (0, 2125.365234375), (2, 2240.6111778846152)]","[(0, 28239.58203125), (1, 29805.529296875)]"
58,"[(0, 28618.548828125), (1, 30320.234375)]","[(0, 23356.529296875), (1, 23185.798828125)]","[(0, 25043.73046875), (1, 26271.400390625)]","[(0, 26851.044921875), (1, 25666.029296875)]","[(0, 26892.203125), (1, 22846.328125)]","[(0, 28663.369140625), (1, 30120.365234375)]","[(0, 31357.3125), (1, 29174.482421875)]","[(0, 24564.37890625), (1, 25081.04296875)]","[(3, 1254.45166015625), (4, 1266.069393382353), (5, 1338.7957763671875), (1, 1424.2867647058824), (0, 1445.478271484375), (2, 1531.9390869140625)]","[(0, 26868.283203125), (1, 29570.25390625)]","[(4, 2883.183984375), (3, 3057.7350260416665), (1, 3110.735546875), (5, 3182.3747829861113), (0, 3341.3971354166665), (2, 3452.5479600694443)]","[(0, 27419.412109375), (1, 25245.49609375)]","[(4, 2010.2084635416666), (3, 2174.346261160714), (5, 2217.442608173077), (1, 2360.9685997596152), (2, 2565.753728693182), (0, 2878.5794270833335)]","[(0, 32633.51171875), (1, 33157.12109375)]"
59,"[(0, 25014.634765625), (1, 25881.9140625)]","[(0, 21673.73046875), (1, 22917.40234375)]","[(0, 25844.0546875), (1, 27320.0703125)]","[(0, 23339.787109375), (1, 22389.767578125)]","[(0, 27923.4921875), (1, 27656.26953125)]","[(0, 29151.56640625), (1, 28904.98828125)]","[(0, 30309.392578125), (1, 28868.322265625)]","[(0, 26290.0703125), (1, 24901.029296875)]","[(1, 2561.2578125), (2, 2564.3177734375), (0, 2719.1638671875), (4, 2827.037997159091), (5, 2864.751953125), (3, 2977.9021484375)]","[(0, 24283.9375), (1, 23341.767578125)]","[(4, 1922.9735576923076), (3, 1994.4033203125), (5, 2044.3803267045455), (1, 2229.365234375), (0, 2362.2544389204545), (2, 2410.3048828125)]","[(0, 26289.0703125), (1, 28152.966796875)]","[(1, 2137.013671875), (0, 2316.0916341145835), (2, 2377.176983173077), (4, 2577.2088216145835), (5, 2769.462002840909), (3, 2845.5421875)]","[(0, 28584.724609375), (1, 30663.48046875)]"
60,"[(0, 24778.416015625), (1, 24769.91015625)]","[(0, 18224.23828125), (1, 18925.052734375)]","[(0, 33963.78515625), (1, 32711.658203125)]","[(0, 29501.1875), (1, 29974.251953125)]","[(0, 24368.220703125), (1, 22738.5390625)]","[(0, 36890.1328125), (1, 36530.65234375)]","[(0, 30550.169921875), (1, 30582.90625)]","[(0, 28421.169921875), (1, 26872.974609375)]","[(4, 2628.4104817708335), (3, 2679.9140625), (5, 2698.631036931818), (1, 2944.0143229166665), (2, 3039.545099431818), (0, 3077.806463068182)]","[(0, 27490.185546875), (1, 31712.060546875)]","[(1, 2331.76484375), (0, 2366.9685329861113), (2, 2695.6100260416665), (4, 2705.6298828125), (3, 2821.8595920138887), (5, 3115.7962239583335)]","[(0, 24004.33984375), (1, 25411.34375)]","[(4, 2279.788311298077), (1, 2367.744140625), (0, 2463.6615767045455), (5, 2533.0871803977275), (2, 2598.6087890625), (3, 2606.0193684895835)]","[(0, 27216.0234375), (1, 23205.53125)]"
61,"[(0, 33232.11328125), (1, 34062.91796875)]","[(0, 21788.001953125), (1, 21607.83203125)]","[(0, 31459.84375), (1, 29486.64453125)]","[(0, 28319.302734375), (1, 26550.576171875)]","[(0, 24272.685546875), (1, 25531.029296875)]","[(0, 27995.45703125), (1, 28085.5234375)]","[(0, 28279.08984375), (1, 27475.71875)]","[(0, 25380.5625), (1, 30767.94140625)]","[(0, 2228.6640625), (1, 2245.6043526785716), (2, 2305.254356971154), (3, 2453.5276692708335), (5, 2587.2635091145835), (4, 2668.4405048076924)]","[(0, 24023.166015625), (1, 29255.978515625)]","[(1, 2012.1438802083333), (4, 2110.36640625), (0, 2186.6712740384614), (2, 2218.189152644231), (3, 2268.3267728365386), (5, 2343.480168269231)]","[(0, 28815.017578125), (1, 36997.453125)]","[(3, 1842.2117513020833), (4, 1890.8076923076924), (5, 1952.7194010416667), (1, 1962.8786057692307), (0, 1991.9474283854167), (2, 2067.8357747395835)]","[(0, 22333.830078125), (1, 23242.275390625)]"
62,"[(0, 31311.115234375), (1, 32166.41796875)]","[(0, 22151.046875), (1, 22400.9375)]","[(0, 29570.0859375), (1, 29773.939453125)]","[(0, 28436.67578125), (1, 27829.408203125)]","[(0, 26491.162109375), (1, 28843.197265625)]","[(0, 32886.29296875), (1, 32352.421875)]","[(0, 30050.21484375), (1, 29321.759765625)]","[(0, 23150.912109375), (1, 23138.814453125)]","[(4, 1580.65234375), (3, 1646.7540364583333), (1, 1731.129603794643), (5, 1757.0532924107142), (0, 1937.8043870192307), (2, 1998.7903645833333)]","[(0, 22237.0), (1, 26118.712890625)]","[(1, 2327.514737215909), (4, 2450.0227272727275), (2, 2617.0599609375), (0, 2623.925), (5, 2725.716796875), (3, 2808.4560546875)]","[(0, 29718.505859375), (1, 29953.705078125)]","[(4, 2210.1806640625), (5, 2326.8250558035716), (3, 2348.27890625), (1, 2667.4479166666665), (2, 2761.937199519231), (0, 2997.1116071428573)]","[(0, 29405.458984375), (1, 25167.900390625)]"
63,"[(0, 26976.787109375), (1, 26817.46875)]","[(0, 23060.4140625), (1, 22718.18359375)]","[(0, 32642.6953125), (1, 31334.4765625)]","[(0, 22388.955078125), (1, 20803.169921875)]","[(0, 30097.279296875), (1, 30657.837890625)]","[(0, 24105.85546875), (1, 24040.65234375)]","[(0, 28397.43359375), (1, 28806.4453125)]","[(0, 33987.92578125), (1, 26170.0234375)]","[(4, 2032.49453125), (1, 2046.1356770833333), (3, 2175.7025240384614), (0, 2195.1248497596152), (2, 2324.733173076923), (5, 2355.0228365384614)]","[(0, 21191.98046875), (1, 24790.2578125)]","[(4, 2136.2486979166665), (0, 2185.247159090909), (3, 2185.6097301136365), (1, 2228.75927734375), (5, 2267.539240056818), (2, 2326.1390269886365)]","[(0, 31220.6484375), (1, 29615.8046875)]","[(4, 1969.3432904411766), (3, 2147.771240234375), (5, 2234.61875), (1, 2699.05546875), (2, 2785.917668269231), (0, 3021.5518973214284)]","[(0, 28676.66015625), (1, 24405.640625)]"
64,"[(0, 31676.9375), (1, 34401.0)]","[(0, 25790.919921875), (1, 26562.25)]","[(0, 30126.828125), (1, 30137.748046875)]","[(0, 26617.810546875), (1, 25552.025390625)]","[(0, 26761.517578125), (1, 26534.01953125)]","[(0, 25181.3203125), (1, 24384.07421875)]","[(0, 24400.3125), (1, 24603.8828125)]","[(0, 23356.642578125), (1, 23306.19921875)]","[(4, 1455.5733816964287), (3, 1618.7379807692307), (5, 1713.0231370192307), (1, 1811.198521205357), (0, 2022.1126802884614), (2, 2130.3533653846152)]","[(0, 30464.953125), (1, 28034.171875)]","[(1, 1484.576171875), (0, 1569.2233072916667), (2, 1636.0798177083334), (4, 1639.293212890625), (3, 1695.1648995535713), (5, 1776.8055245535713)]","[(0, 27390.087890625), (1, 24805.416015625)]","[(1, 2303.2307477678573), (0, 2495.7708333333335), (4, 2505.1353665865386), (3, 2600.5179332386365), (2, 2640.1153846153848), (5, 2730.1705729166665)]","[(0, 27788.16796875), (1, 23727.48828125)]"
65,"[(0, 23612.3203125), (1, 24703.41015625)]","[(0, 26362.478515625), (1, 26974.345703125)]","[(0, 35652.17578125), (1, 33919.0859375)]","[(0, 28965.75390625), (1, 27427.755859375)]","[(0, 28410.6796875), (1, 25766.138671875)]","[(0, 28532.83984375), (1, 27858.0859375)]","[(0, 21595.65625), (1, 21743.291015625)]","[(0, 24157.197265625), (1, 19778.16796875)]","[(2, 1549.2248697916666), (1, 1594.2471923828125), (0, 1737.6681082589287), (5, 1935.6508413461538), (4, 1973.141322544643), (3, 2188.45654296875)]","[(0, 24436.732421875), (1, 22793.619140625)]","[(4, 1867.972377232143), (3, 2095.991436298077), (5, 2255.1819661458335), (1, 2613.6378580729165), (0, 2831.9760298295455), (2, 3009.2572265625)]","[(0, 20762.162109375), (1, 20872.94140625)]","[(1, 1885.8128662109375), (0, 1931.1410435267858), (2, 2046.898828125), (4, 2331.3118024553573), (5, 2560.8037860576924), (3, 2618.68017578125)]","[(0, 23825.716796875), (1, 20948.181640625)]"
66,"[(0, 32128.189453125), (1, 32597.306640625)]","[(0, 24118.064453125), (1, 24823.78125)]","[(0, 26257.248046875), (1, 27789.123046875)]","[(0, 31028.455078125), (1, 30187.830078125)]","[(0, 29609.28125), (1, 26733.28125)]","[(0, 29402.01171875), (1, 29762.326171875)]","[(0, 25643.91015625), (1, 24575.484375)]","[(0, 26571.041015625), (1, 29403.72265625)]","[(4, 1376.8296274038462), (3, 1423.8155924479167), (5, 1520.1907552083333), (1, 1947.430438701923), (0, 2035.63720703125), (2, 2174.3684895833335)]","[(0, 29449.212890625), (1, 28513.609375)]","[(1, 1810.1572265625), (2, 2012.1307091346155), (0, 2033.9217122395833), (4, 2071.2998798076924), (5, 2247.5963541666665), (3, 2402.202059659091)]","[(0, 27862.09765625), (1, 28339.51171875)]","[(1, 1913.093017578125), (2, 1998.609375), (0, 2004.9669363839287), (4, 2088.2897135416665), (5, 2190.6183035714284), (3, 2302.060096153846)]","[(0, 25239.83984375), (1, 22091.6171875)]"
67,"[(0, 25106.552734375), (1, 24927.09375)]","[(0, 23284.31640625), (1, 22977.826171875)]","[(0, 35845.27734375), (1, 35058.32421875)]","[(0, 21414.197265625), (1, 20786.154296875)]","[(0, 29732.453125), (1, 27881.1015625)]","[(0, 27645.931640625), (1, 30374.1796875)]","[(0, 23003.26171875), (1, 23479.787109375)]","[(0, 20593.498046875), (1, 23876.826171875)]","[(0, 1616.3821614583333), (2, 1705.67734375), (1, 1715.7459716796875), (3, 1758.4811197916667), (5, 1833.137109375), (4, 1849.3486328125)]","[(0, 28509.50390625), (1, 31808.681640625)]","[(4, 1861.8080357142858), (5, 2183.5721028645835), (3, 2184.997295673077), (1, 2194.3250325520835), (2, 2504.2490234375), (0, 2532.4011008522725)]","[(0, 29353.234375), (1, 31195.974609375)]","[(1, 1824.4408318014705), (0, 1901.0196614583333), (4, 1905.7327880859375), (2, 1954.0104166666667), (5, 2002.9164341517858), (3, 2050.1522042410716)]","[(0, 27522.765625), (1, 28721.298828125)]"
68,"[(0, 30473.642578125), (1, 30018.8203125)]","[(0, 21069.87890625), (1, 20115.01171875)]","[(0, 21266.28125), (1, 21875.34375)]","[(0, 26887.150390625), (1, 24922.103515625)]","[(0, 25713.140625), (1, 26610.830078125)]","[(0, 36623.05859375), (1, 33358.5234375)]","[(0, 23234.740234375), (1, 20963.931640625)]","[(0, 27312.435546875), (1, 30116.7734375)]","[(1, 2569.916903409091), (4, 2576.228338068182), (0, 2815.1330078125), (3, 2818.89140625), (2, 2839.83828125), (5, 2857.0607421875)]","[(0, 27354.92578125), (1, 27964.263671875)]","[(0, 1148.6314174107142), (1, 1154.713671875), (2, 1170.5581752232142), (4, 1319.8352864583333), (3, 1337.8191964285713), (5, 1366.790318080357)]","[(0, 26180.384765625), (1, 29076.3203125)]","[(2, 1673.3760516826924), (1, 1677.538783482143), (0, 1791.530048076923), (5, 1965.6209435096155), (4, 2006.4361049107142), (3, 2092.7896634615386)]","[(0, 31183.69140625), (1, 27079.712890625)]"
69,"[(0, 24594.099609375), (1, 25908.9296875)]","[(0, 24161.642578125), (1, 25867.3046875)]","[(0, 23365.28515625), (1, 22444.197265625)]","[(0, 35333.359375), (1, 35281.203125)]","[(0, 23989.146484375), (1, 24114.798828125)]","[(0, 32779.67578125), (1, 32161.203125)]","[(0, 25171.908203125), (1, 22965.296875)]","[(0, 31375.951171875), (1, 26955.162109375)]","[(2, 1300.2904730902778), (1, 1310.1544921875), (0, 1361.2535807291667), (4, 1363.7813527960527), (5, 1366.7350643382354), (3, 1435.7081801470588)]","[(0, 25210.564453125), (1, 26734.88671875)]","[(1, 1854.470005580357), (2, 1975.8036358173076), (0, 2202.20751953125), (4, 2334.5729166666665), (5, 2418.591974431818), (3, 2666.3416015625)]","[(0, 30372.5859375), (1, 29293.109375)]","[(1, 1960.3120814732142), (2, 2178.5990084134614), (0, 2216.1463216145835), (4, 2415.7057291666665), (3, 2461.188671875), (5, 2610.8726917613635)]","[(0, 26316.63671875), (1, 23476.5625)]"
70,"[(0, 31844.49609375), (1, 32661.9375)]","[(0, 25867.20703125), (1, 26639.193359375)]","[(0, 28023.958984375), (1, 26166.806640625)]","[(0, 24598.041015625), (1, 25071.69140625)]","[(0, 29051.181640625), (1, 29048.328125)]","[(0, 31032.744140625), (1, 30730.638671875)]","[(0, 27216.62109375), (1, 26850.353515625)]","[(0, 26349.1328125), (1, 26361.69921875)]","[(1, 1647.0853630514705), (2, 1716.6591796875), (4, 1802.350830078125), (0, 1878.4384114583333), (5, 1925.72421875), (3, 2048.1922433035716)]","[(0, 25115.248046875), (1, 24053.6328125)]","[(4, 2121.6124674479165), (3, 2408.427734375), (5, 2604.362109375), (1, 2783.5539772727275), (0, 3353.13671875), (2, 3480.9244791666665)]","[(0, 33400.2890625), (1, 26361.22265625)]","[(4, 2254.9002278645835), (1, 2281.7630208333335), (3, 2451.4390980113635), (5, 2455.6977982954545), (0, 2509.9467329545455), (2, 2515.115056818182)]","[(0, 28399.57421875), (1, 29650.62109375)]"
71,"[(0, 29034.09375), (1, 29267.8671875)]","[(0, 27517.884765625), (1, 28334.16015625)]","[(0, 24989.240234375), (1, 24479.27734375)]","[(0, 23617.677734375), (1, 22579.1484375)]","[(0, 26628.5), (1, 27617.025390625)]","[(0, 26961.8203125), (1, 27085.6796875)]","[(0, 25961.267578125), (1, 26418.326171875)]","[(0, 29110.421875), (1, 38594.03515625)]","[(4, 2031.7823486328125), (3, 2086.442447916667), (5, 2214.7840401785716), (1, 2435.677176339286), (0, 2480.2603665865386), (2, 2765.38671875)]","[(0, 26695.345703125), (1, 27424.72265625)]","[(4, 2495.714092548077), (3, 2719.8483072916665), (1, 2788.8177083333335), (5, 2882.87890625), (0, 3005.333806818182), (2, 3287.917578125)]","[(0, 28131.73828125), (1, 26500.6640625)]","[(4, 2819.2705078125), (1, 2961.1907552083335), (5, 2974.768643465909), (3, 3040.588778409091), (2, 3172.9399857954545), (0, 3260.825284090909)]","[(0, 31264.537109375), (1, 27882.458984375)]"
72,"[(0, 25653.767578125), (1, 26789.376953125)]","[(0, 21385.09375), (1, 21817.27734375)]","[(0, 27079.220703125), (1, 26604.818359375)]","[(0, 32963.44140625), (1, 32868.890625)]","[(0, 30294.01953125), (1, 29345.81640625)]","[(0, 28146.095703125), (1, 26471.36328125)]","[(0, 28078.373046875), (1, 28779.287109375)]","[(0, 24806.552734375), (1, 27991.587890625)]","[(1, 1943.37548828125), (2, 2080.277762276786), (0, 2165.4582868303573), (4, 2172.333203125), (5, 2440.755408653846), (3, 2514.5303485576924)]","[(0, 31060.78515625), (1, 25116.228515625)]","[(4, 1982.8010817307693), (5, 2132.9838423295455), (3, 2139.0662434895835), (1, 2470.64013671875), (0, 2622.3089488636365), (2, 2664.5544921875)]","[(0, 26160.341796875), (1, 33065.484375)]","[(0, 1510.51171875), (3, 1540.979736328125), (1, 1543.9329427083333), (2, 1558.5914306640625), (4, 1585.848849826389), (5, 1586.8873291015625)]","[(0, 23266.29296875), (1, 24351.75)]"
73,"[(0, 25825.87109375), (1, 27169.888671875)]","[(0, 24987.59765625), (1, 22927.525390625)]","[(0, 21968.48046875), (1, 21989.548828125)]","[(0, 24817.86328125), (1, 25230.86328125)]","[(0, 36659.29296875), (1, 40165.8671875)]","[(0, 27891.181640625), (1, 28233.171875)]","[(0, 25583.064453125), (1, 25750.197265625)]","[(0, 29922.470703125), (1, 25661.330078125)]","[(4, 2897.603515625), (5, 3096.401278409091), (3, 3099.0337357954545), (1, 3154.017578125), (2, 3372.568181818182), (0, 3447.791903409091)]","[(0, 22125.818359375), (1, 21426.0234375)]","[(4, 2800.6567826704545), (5, 2975.2650390625), (1, 3042.326349431818), (3, 3127.2826171875), (2, 3282.109375), (0, 3512.006640625)]","[(0, 24389.19140625), (1, 27403.572265625)]","[(4, 2057.534114583333), (1, 2123.746651785714), (5, 2188.6697716346152), (2, 2256.1822916666665), (3, 2331.669621394231), (0, 2385.9617513020835)]","[(0, 32232.1640625), (1, 27362.1015625)]"
74,"[(0, 26231.66796875), (1, 26493.462890625)]","[(0, 24197.5234375), (1, 21646.587890625)]","[(0, 27876.7421875), (1, 29850.41796875)]","[(0, 23896.2109375), (1, 23776.9375)]","[(0, 34555.34375), (1, 37287.0546875)]","[(0, 33877.51171875), (1, 33576.23046875)]","[(0, 29245.658203125), (1, 32277.62890625)]","[(0, 29049.576171875), (1, 25926.802734375)]","[(4, 1947.5641526442307), (5, 2132.6969105113635), (1, 2195.6708984375), (3, 2290.3746744791665), (2, 2290.4162109375), (0, 2410.431463068182)]","[(0, 30382.95703125), (1, 30195.171875)]","[(1, 1722.6173095703125), (2, 1855.1381510416666), (0, 1884.908203125), (4, 2517.4748883928573), (3, 2751.1350911458335), (5, 2805.3272235576924)]","[(0, 37790.75390625), (1, 41618.22265625)]","[(4, 1877.6701822916666), (3, 1955.668247767857), (5, 2094.005558894231), (0, 2188.7345252403848), (1, 2217.5380859375), (2, 2506.3515625)]","[(0, 25761.421875), (1, 27553.88671875)]"
75,"[(0, 24742.193359375), (1, 26415.453125)]","[(0, 24389.052734375), (1, 22918.5390625)]","[(0, 23678.68359375), (1, 24037.12109375)]","[(0, 27263.330078125), (1, 27511.21875)]","[(0, 31455.314453125), (1, 31093.0)]","[(0, 32019.845703125), (1, 31616.3671875)]","[(0, 30482.53515625), (1, 30019.765625)]","[(0, 29009.486328125), (1, 27091.4140625)]","[(3, 1892.4510091145833), (4, 1942.4743088942307), (5, 2160.02294921875), (0, 2199.0784505208335), (1, 2229.4951923076924), (2, 2460.0810546875)]","[(0, 23533.208984375), (1, 22065.82421875)]","[(4, 1564.274609375), (1, 1667.308872767857), (5, 1699.340594951923), (3, 1741.2978515625), (2, 1754.8958333333333), (0, 1849.2932692307693)]","[(0, 33075.703125), (1, 32786.23828125)]","[(4, 2499.3890269886365), (1, 2558.028409090909), (5, 2661.308984375), (2, 2746.6443359375), (3, 2753.7361328125), (0, 2782.0650390625)]","[(0, 23939.1171875), (1, 24947.310546875)]"
76,"[(0, 27195.78515625), (1, 28133.669921875)]","[(0, 23048.189453125), (1, 22739.599609375)]","[(0, 30286.017578125), (1, 30358.54296875)]","[(0, 25596.802734375), (1, 24139.6015625)]","[(0, 23793.67578125), (1, 24064.9453125)]","[(0, 39630.85546875), (1, 39101.40234375)]","[(0, 26193.970703125), (1, 26027.30859375)]","[(0, 27306.888671875), (1, 25350.130859375)]","[(2, 1531.9632161458333), (0, 1626.35400390625), (1, 1657.283203125), (5, 1774.1077473958333), (4, 1891.6482872596155), (3, 1907.3391927083333)]","[(0, 26704.333984375), (1, 27093.248046875)]","[(4, 2172.6025390625), (3, 2346.6312144886365), (5, 2494.6787109375), (1, 2779.0289417613635), (0, 3239.2033203125), (2, 3451.379340277778)]","[(0, 31760.818359375), (1, 29172.453125)]","[(1, 1836.04140625), (2, 1883.165318080357), (4, 1947.343470982143), (3, 1980.1702473958333), (0, 2005.978515625), (5, 2104.265324519231)]","[(0, 28715.95703125), (1, 24885.7421875)]"
77,"[(0, 29103.34375), (1, 30358.802734375)]","[(0, 19896.46484375), (1, 20268.560546875)]","[(0, 21328.1875), (1, 21940.1328125)]","[(0, 23463.984375), (1, 22913.533203125)]","[(0, 29760.0), (1, 29988.43359375)]","[(0, 28806.748046875), (1, 28166.826171875)]","[(0, 28325.568359375), (1, 30126.42578125)]","[(0, 31232.91796875), (1, 27133.794921875)]","[(1, 2006.5145089285713), (2, 2156.1436298076924), (0, 2289.0908203125), (4, 2831.0608723958335), (5, 2839.139559659091), (3, 3021.222265625)]","[(0, 21868.35546875), (1, 25976.572265625)]","[(4, 2287.5546875), (3, 2487.1077473958335), (5, 2603.736505681818), (1, 2624.4303385416665), (0, 2738.465731534091), (2, 2961.8005859375)]","[(0, 31189.431640625), (1, 36472.27734375)]","[(4, 2490.668419471154), (5, 2575.32421875), (3, 2745.3873697916665), (1, 3212.9446614583335), (2, 3269.5814453125), (0, 3387.7446732954545)]","[(0, 31852.7890625), (1, 27815.3984375)]"
78,"[(0, 25347.470703125), (1, 25667.130859375)]","[(0, 19300.28515625), (1, 20092.65625)]","[(0, 28740.533203125), (1, 27839.361328125)]","[(0, 26630.27734375), (1, 26246.533203125)]","[(0, 25010.984375), (1, 24309.703125)]","[(0, 30585.998046875), (1, 30662.3125)]","[(0, 27233.26171875), (1, 28959.923828125)]","[(0, 32592.427734375), (1, 29739.259765625)]","[(5, 2408.5791015625), (2, 2437.1194661458335), (4, 2443.785456730769), (1, 2480.7264122596152), (3, 2483.2329545454545), (0, 2632.7581676136365)]","[(0, 28955.5078125), (1, 29376.03125)]","[(1, 2464.7283203125), (0, 2692.9249131944443), (4, 2815.36640625), (2, 2830.2306857638887), (3, 3026.4147135416665), (5, 3253.5455729166665)]","[(0, 32600.3203125), (1, 38783.94140625)]","[(3, 2057.341796875), (4, 2348.4334309895835), (0, 2358.1667258522725), (5, 2603.6147017045455), (1, 2709.1180013020835), (2, 3024.5376420454545)]","[(0, 33223.75), (1, 36598.19921875)]"
79,"[(0, 31557.865234375), (1, 32371.21875)]","[(0, 17222.501953125), (1, 18004.98046875)]","[(0, 22101.248046875), (1, 20352.72265625)]","[(0, 21992.966796875), (1, 19901.322265625)]","[(0, 24658.9453125), (1, 24086.13671875)]","[(0, 28934.859375), (1, 29973.392578125)]","[(0, 32748.5859375), (1, 31101.15625)]","[(0, 25737.037109375), (1, 24874.875)]","[(1, 1977.2208333333333), (4, 2020.4026041666666), (2, 2165.796875), (5, 2200.9923377403848), (3, 2245.012920673077), (0, 2258.5225360576924)]","[(0, 24294.91796875), (1, 31499.802734375)]","[(1, 3272.7105823863635), (4, 3535.813565340909), (0, 3579.33203125), (2, 3660.133984375), (3, 3889.39140625), (5, 4090.817578125)]","[(0, 29129.83203125), (1, 24923.6015625)]","[(4, 2123.462890625), (5, 2183.6053059895835), (3, 2277.5021158854165), (1, 2471.98828125), (2, 2612.1202799479165), (0, 2675.2893880208335)]","[(0, 27625.98046875), (1, 29500.990234375)]"
80,"[(0, 30993.91015625), (1, 31604.1875)]","[(0, 19677.4765625), (1, 19106.234375)]","[(0, 27790.12890625), (1, 26866.900390625)]","[(0, 35435.30078125), (1, 33352.48046875)]","[(0, 29299.927734375), (1, 30285.5234375)]","[(0, 28714.287109375), (1, 28508.361328125)]","[(0, 30576.78125), (1, 31854.763671875)]","[(0, 19676.98828125), (1, 22745.478515625)]","[(1, 2101.523737980769), (2, 2128.4807942708335), (4, 2241.99609375), (5, 2254.7452799479165), (0, 2282.4009232954545), (3, 2373.0339133522725)]","[(0, 27841.40625), (1, 31488.08984375)]","[(1, 3094.0191761363635), (4, 3162.8401988636365), (2, 3353.34453125), (0, 3406.26875), (5, 3416.38359375), (3, 3426.361328125)]","[(0, 36637.171875), (1, 32703.05078125)]","[(0, 2571.8733723958335), (1, 2579.151785714286), (3, 2678.230291193182), (2, 2722.854266826923), (4, 2801.512019230769), (5, 2855.2467447916665)]","[(0, 28303.615234375), (1, 29783.736328125)]"
81,"[(0, 28986.64453125), (1, 30107.755859375)]","[(0, 20572.669921875), (1, 20151.03125)]","[(0, 26707.74609375), (1, 25473.193359375)]","[(0, 28457.701171875), (1, 27714.8046875)]","[(0, 27923.46484375), (1, 27848.23046875)]","[(0, 31493.13671875), (1, 30961.47265625)]","[(0, 35627.63671875), (1, 37646.36328125)]","[(0, 22884.140625), (1, 22051.8359375)]","[(5, 2076.911358173077), (4, 2094.9807477678573), (2, 2269.5900065104165), (1, 2315.888671875), (3, 2334.942908653846), (0, 2538.0078125)]","[(0, 20944.98828125), (1, 25572.306640625)]","[(4, 1345.0787760416667), (1, 1455.606670673077), (3, 1469.4554966517858), (5, 1531.2651742788462), (2, 1544.508700284091), (0, 1598.3797200520833)]","[(0, 23875.505859375), (1, 30572.14453125)]","[(4, 2322.0546875), (3, 2449.277794471154), (5, 2588.28515625), (1, 3057.9173177083335), (0, 3319.0656960227275), (2, 3435.24765625)]","[(0, 27052.041015625), (1, 23777.390625)]"
82,"[(0, 32546.361328125), (1, 33814.5078125)]","[(0, 22111.599609375), (1, 21209.306640625)]","[(0, 26998.560546875), (1, 23207.744140625)]","[(0, 26064.39453125), (1, 27871.638671875)]","[(0, 31504.8828125), (1, 33256.58984375)]","[(0, 34014.64453125), (1, 34877.4140625)]","[(0, 29303.337890625), (1, 29909.48828125)]","[(0, 28375.099609375), (1, 31870.443359375)]","[(4, 2005.268612132353), (5, 2161.0098958333333), (3, 2175.253173828125), (1, 2460.409635416667), (2, 2669.201622596154), (0, 2750.7081473214284)]","[(0, 21884.06640625), (1, 20510.84375)]","[(4, 1582.783203125), (3, 1632.3351004464287), (5, 1753.9891826923076), (1, 1826.046123798077), (2, 2035.0122514204545), (0, 2035.5187174479167)]","[(0, 31043.4609375), (1, 36615.09375)]","[(1, 2322.3005022321427), (2, 2573.61328125), (0, 2630.4591471354165), (4, 3168.7518028846152), (3, 3319.885653409091), (5, 3445.9544270833335)]","[(0, 30823.388671875), (1, 32100.37890625)]"
83,"[(0, 29145.201171875), (1, 29934.029296875)]","[(0, 26494.421875), (1, 28125.140625)]","[(0, 29198.115234375), (1, 27893.83984375)]","[(0, 23146.583984375), (1, 21644.728515625)]","[(0, 27250.955078125), (1, 27604.38671875)]","[(0, 25464.255859375), (1, 25755.7734375)]","[(0, 29600.5546875), (1, 28988.607421875)]","[(0, 21620.34375), (1, 23875.4375)]","[(1, 2230.1357421875), (2, 2379.1502403846152), (4, 2420.0968191964284), (0, 2434.7989783653848), (5, 2592.257512019231), (3, 2624.1454326923076)]","[(0, 29279.48046875), (1, 27192.544921875)]","[(4, 2096.6509765625), (1, 2112.3134765625), (5, 2168.6950954861113), (2, 2249.0232204861113), (3, 2335.7209201388887), (0, 2373.09375)]","[(0, 26171.99609375), (1, 24931.16015625)]","[(2, 2416.0382254464284), (1, 2561.4434895833333), (0, 2745.1466346153848), (4, 2962.981971153846), (5, 3060.9983723958335), (3, 3377.23828125)]","[(0, 23513.73828125), (1, 24719.787109375)]"
84,"[(0, 29716.23828125), (1, 30652.837890625)]","[(0, 27119.640625), (1, 28649.841796875)]","[(0, 24689.69921875), (1, 25780.4921875)]","[(0, 25459.59375), (1, 22891.060546875)]","[(0, 24282.41015625), (1, 23489.552734375)]","[(0, 31711.396484375), (1, 30812.3984375)]","[(0, 27166.287109375), (1, 28058.029296875)]","[(0, 28605.259765625), (1, 32311.724609375)]","[(1, 1822.7889322916667), (2, 1914.047154017857), (0, 2077.1571514423076), (4, 2135.6608537946427), (5, 2355.1126802884614), (3, 2357.015625)]","[(0, 27787.21484375), (1, 29118.390625)]","[(4, 1906.9679361979167), (3, 2004.1312144886363), (5, 2175.283203125), (1, 2238.5476888020835), (0, 2373.583984375), (2, 2566.257990056818)]","[(0, 27948.61328125), (1, 27587.146484375)]","[(4, 2206.3278645833334), (1, 2227.1341145833335), (3, 2289.669621394231), (5, 2345.175030048077), (0, 2350.178936298077), (2, 2387.222956730769)]","[(0, 34614.34375), (1, 34884.3359375)]"
85,"[(0, 29781.29296875), (1, 31087.603515625)]","[(0, 26339.16015625), (1, 26971.23046875)]","[(0, 32628.126953125), (1, 31745.921875)]","[(0, 24574.3125), (1, 23983.953125)]","[(0, 20276.56640625), (1, 20922.546875)]","[(0, 26632.359375), (1, 25410.787109375)]","[(0, 30989.802734375), (1, 34633.0)]","[(0, 27699.794921875), (1, 30039.7265625)]","[(4, 1901.4548177083334), (3, 1984.390345982143), (5, 2032.078404017857), (1, 2100.2272135416665), (0, 2242.7599051339284), (2, 2243.3203125)]","[(0, 30527.076171875), (1, 33032.98828125)]","[(4, 1839.4330357142858), (3, 1921.3861177884614), (5, 1951.8499348958333), (1, 2127.575871394231), (0, 2190.9793294270835), (2, 2272.3970170454545)]","[(0, 28977.85546875), (1, 28977.357421875)]","[(3, 2189.0494140625), (4, 2282.1461292613635), (0, 2389.38671875), (5, 2544.69453125), (1, 2552.5113636363635), (2, 2769.4962890625)]","[(0, 27144.40625), (1, 24655.32421875)]"
86,"[(0, 24074.380859375), (1, 24452.630859375)]","[(0, 27214.6484375), (1, 26871.640625)]","[(0, 24615.0078125), (1, 24739.337890625)]","[(0, 30285.3515625), (1, 28832.52734375)]","[(0, 21744.28515625), (1, 21516.55078125)]","[(0, 25770.80859375), (1, 26828.59765625)]","[(0, 27135.759765625), (1, 30051.130859375)]","[(0, 33290.57421875), (1, 27653.921875)]","[(1, 1789.3123604910713), (2, 1913.1598557692307), (4, 2010.58251953125), (5, 2075.2679332386365), (0, 2106.5338541666665), (3, 2372.4818359375)]","[(0, 24725.044921875), (1, 32417.033203125)]","[(4, 1486.2251302083334), (3, 1633.9892578125), (5, 1663.471454326923), (1, 1684.8207632211538), (2, 1799.8922230113637), (0, 1849.3564453125)]","[(0, 34359.09375), (1, 35422.02734375)]","[(1, 2590.819754464286), (2, 2705.8341346153848), (0, 3033.8831380208335), (5, 3128.6999289772725), (4, 3143.8821614583335), (3, 3383.541015625)]","[(0, 24211.349609375), (1, 21423.572265625)]"
87,"[(0, 28150.470703125), (1, 29995.927734375)]","[(0, 28509.693359375), (1, 27705.4765625)]","[(0, 30781.763671875), (1, 30186.849609375)]","[(0, 28558.265625), (1, 27917.447265625)]","[(0, 28595.548828125), (1, 28055.73046875)]","[(0, 28165.939453125), (1, 27535.470703125)]","[(0, 28708.42578125), (1, 27805.71875)]","[(0, 29650.30859375), (1, 28060.357421875)]","[(4, 1722.3569623161766), (1, 1739.4267578125), (2, 1814.3487548828125), (5, 1836.1270833333333), (0, 2009.3814697265625), (3, 2019.4451822916667)]","[(0, 32032.794921875), (1, 34120.625)]","[(4, 1955.7426382211538), (5, 1992.3655894886363), (3, 2125.693359375), (1, 2509.5517578125), (0, 2669.6237571022725), (2, 2677.76015625)]","[(0, 28617.728515625), (1, 28737.080078125)]","[(4, 2548.3309151785716), (1, 2834.359675480769), (3, 2874.626502403846), (5, 3012.9527994791665), (2, 3071.3764204545455), (0, 3288.6041666666665)]","[(0, 30293.556640625), (1, 27901.689453125)]"
88,"[(0, 28454.14453125), (1, 29232.021484375)]","[(0, 28845.123046875), (1, 27203.984375)]","[(0, 22319.392578125), (1, 23864.169921875)]","[(0, 18955.904296875), (1, 19414.943359375)]","[(0, 30316.619140625), (1, 29921.12890625)]","[(0, 27592.462890625), (1, 27103.04296875)]","[(0, 23221.42578125), (1, 23409.29296875)]","[(0, 31312.310546875), (1, 34760.0)]","[(1, 2351.786358173077), (0, 2393.7130533854165), (4, 2466.8475060096152), (3, 2552.48681640625), (2, 2554.4348958333335), (5, 2731.1891276041665)]","[(0, 30934.46875), (1, 31501.3359375)]","[(4, 2361.236328125), (1, 2369.5625), (3, 2462.315518465909), (0, 2478.37109375), (5, 2612.995028409091), (2, 2665.6628196022725)]","[(0, 31275.958984375), (1, 29271.49609375)]","[(1, 2425.207331730769), (2, 2672.80810546875), (4, 2693.0955403645835), (0, 2832.605646306818), (3, 2922.4607421875), (5, 3006.1253551136365)]","[(0, 27017.46875), (1, 28055.2734375)]"
89,"[(0, 28388.06640625), (1, 28999.52734375)]","[(0, 24861.30859375), (1, 24046.017578125)]","[(0, 29622.216796875), (1, 30098.140625)]","[(0, 27451.150390625), (1, 28364.142578125)]","[(0, 25270.04296875), (1, 24170.216796875)]","[(0, 26027.01171875), (1, 26512.419921875)]","[(0, 27490.7109375), (1, 24977.2578125)]","[(0, 26520.939453125), (1, 25579.501953125)]","[(1, 1958.281494140625), (0, 2072.8493303571427), (2, 2126.4983072916666), (4, 2323.4010416666665), (5, 2491.1037946428573), (3, 2575.8380408653848)]","[(0, 30566.404296875), (1, 35094.28515625)]","[(4, 2284.8291015625), (3, 2357.015625), (5, 2474.45546875), (1, 2632.369140625), (0, 2819.7275390625), (2, 3197.7473958333335)]","[(0, 32617.20703125), (1, 30656.931640625)]","[(4, 1651.091517857143), (1, 1799.0794677734375), (5, 1864.7504507211538), (2, 1903.196484375), (0, 2034.380161830357), (3, 2059.326171875)]","[(0, 27982.701171875), (1, 28895.591796875)]"
90,"[(0, 31644.783203125), (1, 33280.89453125)]","[(0, 29184.109375), (1, 29363.005859375)]","[(0, 26931.134765625), (1, 27113.642578125)]","[(0, 36230.6796875), (1, 33729.796875)]","[(0, 23677.5078125), (1, 23573.642578125)]","[(0, 28638.26171875), (1, 27377.396484375)]","[(0, 23387.201171875), (1, 22408.16015625)]","[(0, 26902.591796875), (1, 28631.40625)]","[(1, 1758.4566650390625), (0, 1933.6343470982142), (4, 1949.3330729166667), (2, 1978.5563802083334), (5, 2041.8653738839287), (3, 2160.6475360576924)]","[(0, 28249.4921875), (1, 27674.580078125)]","[(1, 1696.5227481617646), (4, 1797.441650390625), (2, 1860.029296875), (0, 1921.5178385416666), (5, 1970.736049107143), (3, 2095.8498883928573)]","[(0, 21386.74609375), (1, 26461.115234375)]","[(1, 1186.155330882353), (2, 1276.0359375), (0, 1300.4794921875), (4, 1343.548068576389), (3, 1344.5824908088234), (5, 1396.548828125)]","[(0, 30203.638671875), (1, 25743.099609375)]"
91,"[(0, 27760.673828125), (1, 29222.126953125)]","[(0, 22579.041015625), (1, 21788.689453125)]","[(0, 25131.298828125), (1, 23062.96484375)]","[(0, 29737.69921875), (1, 27330.8828125)]","[(0, 31718.71484375), (1, 31319.267578125)]","[(0, 29874.681640625), (1, 29389.19921875)]","[(0, 25517.712890625), (1, 24783.51953125)]","[(0, 25462.580078125), (1, 33766.5546875)]","[(1, 1919.6770833333333), (4, 1958.557861328125), (3, 2035.4009486607142), (5, 2081.035714285714), (2, 2099.656700721154), (0, 2194.771033653846)]","[(0, 20932.447265625), (1, 24461.052734375)]","[(1, 1720.9945591517858), (2, 1956.4290865384614), (0, 1981.52099609375), (4, 2384.078876201923), (5, 2530.93798828125), (3, 2804.6099076704545)]","[(0, 31532.654296875), (1, 34963.00390625)]","[(1, 2063.5751953125), (0, 2255.1775716145835), (2, 2454.749549278846), (4, 2698.9036458333335), (3, 2883.733984375), (5, 2974.9671519886365)]","[(0, 26876.84375), (1, 22852.38671875)]"
92,"[(0, 26609.763671875), (1, 26904.669921875)]","[(0, 24219.38671875), (1, 23073.544921875)]","[(0, 22083.82421875), (1, 23913.126953125)]","[(0, 25551.05078125), (1, 25559.23828125)]","[(0, 30078.76953125), (1, 28485.478515625)]","[(0, 31221.630859375), (1, 31785.60546875)]","[(0, 28035.3203125), (1, 28627.447265625)]","[(0, 20062.728515625), (1, 26319.798828125)]","[(1, 1408.948396381579), (0, 1480.2501148897059), (2, 1501.5001085069443), (5, 1898.3997012867646), (4, 1946.6690538194443), (3, 2027.063720703125)]","[(0, 27795.98828125), (1, 24513.994140625)]","[(4, 2708.3173828125), (5, 2821.751953125), (1, 2977.80546875), (3, 3048.3684895833335), (2, 3126.804253472222), (0, 3418.6043836805557)]","[(0, 30007.341796875), (1, 26360.99609375)]","[(1, 2215.3920454545455), (2, 2240.7369140625), (0, 2362.3423828125), (4, 2592.383700284091), (5, 2723.6302734375), (3, 2771.7818359375)]","[(0, 27185.8828125), (1, 27195.2421875)]"
93,"[(0, 28467.716796875), (1, 30181.177734375)]","[(0, 26387.984375), (1, 25005.046875)]","[(0, 21386.685546875), (1, 22447.12890625)]","[(0, 26683.763671875), (1, 27978.77734375)]","[(0, 27646.51171875), (1, 28985.81640625)]","[(0, 29131.0), (1, 28936.017578125)]","[(0, 30665.52734375), (1, 32530.66015625)]","[(0, 29652.203125), (1, 26655.76171875)]","[(2, 1834.912806919643), (1, 1895.1872395833334), (5, 1920.8038504464287), (0, 1973.1541466346155), (4, 1984.99921875), (3, 2026.8526141826924)]","[(0, 20644.60546875), (1, 19583.982421875)]","[(4, 1746.7309895833334), (3, 1820.5205078125), (5, 1947.7369290865386), (1, 2043.686802455357), (0, 2257.118689903846), (2, 2275.2355143229165)]","[(0, 26683.41015625), (1, 27336.01953125)]","[(4, 2652.190340909091), (3, 2822.8083984375), (5, 2973.31640625), (1, 3182.0422585227275), (0, 3415.474609375), (2, 3589.282421875)]","[(0, 25221.865234375), (1, 21305.966796875)]"
94,"[(0, 24560.373046875), (1, 26081.42578125)]","[(0, 22368.98046875), (1, 21413.9921875)]","[(0, 28215.4609375), (1, 29949.564453125)]","[(0, 34069.70703125), (1, 32408.75)]","[(0, 30350.1484375), (1, 29272.08203125)]","[(0, 32096.369140625), (1, 31345.86328125)]","[(0, 20712.818359375), (1, 22671.197265625)]","[(0, 28768.421875), (1, 28513.962890625)]","[(0, 1901.2645733173076), (1, 1952.5652901785713), (2, 2009.3846153846155), (3, 2034.9017427884614), (4, 2079.2106584821427), (5, 2120.876502403846)]","[(0, 27623.845703125), (1, 33426.9921875)]","[(4, 2467.289813701923), (1, 2554.384014423077), (5, 2586.5281575520835), (3, 2610.2501627604165), (2, 2781.2320963541665), (0, 2840.6614583333335)]","[(0, 32487.84375), (1, 30137.2890625)]","[(0, 1468.599853515625), (1, 1665.3282398897059), (2, 1733.0526123046875), (3, 1748.9830729166667), (4, 1822.737548828125), (5, 2060.0865885416665)]","[(0, 31168.259765625), (1, 32428.845703125)]"
95,"[(0, 29121.361328125), (1, 30370.298828125)]","[(0, 26665.34765625), (1, 26063.474609375)]","[(0, 31722.73828125), (1, 32773.33203125)]","[(0, 34939.3359375), (1, 35655.37109375)]","[(0, 27499.650390625), (1, 25749.87890625)]","[(0, 32720.80078125), (1, 32598.177734375)]","[(0, 22319.564453125), (1, 26638.35546875)]","[(0, 25401.41015625), (1, 27718.345703125)]","[(1, 1828.1805555555557), (2, 1931.7677001953125), (0, 1983.3406982421875), (4, 2018.87109375), (5, 2185.171875), (3, 2247.24921875)]","[(0, 27799.380859375), (1, 28198.216796875)]","[(1, 2486.6884014423076), (2, 2626.8391927083335), (4, 2672.23193359375), (0, 2743.419034090909), (5, 2852.8460582386365), (3, 2945.36484375)]","[(0, 29767.55078125), (1, 32384.712890625)]","[(2, 1859.5281982421875), (4, 1866.076416015625), (1, 1892.091796875), (5, 1894.2423177083333), (3, 1946.647181919643), (0, 2075.501432291667)]","[(0, 22906.826171875), (1, 23787.9140625)]"
96,"[(0, 24389.236328125), (1, 25638.8984375)]","[(0, 19346.095703125), (1, 19065.98828125)]","[(0, 36598.3359375), (1, 35396.53125)]","[(0, 23511.068359375), (1, 22511.03515625)]","[(0, 27790.44921875), (1, 28406.291015625)]","[(0, 31622.697265625), (1, 32564.15234375)]","[(0, 23981.3671875), (1, 26389.5703125)]","[(0, 28222.02734375), (1, 28154.79296875)]","[(4, 2260.9084821428573), (3, 2481.469501201923), (5, 2552.8811848958335), (1, 3061.372596153846), (0, 3273.7623697916665), (2, 3383.857244318182)]","[(0, 24313.158203125), (1, 21964.0390625)]","[(4, 1929.4046223958333), (3, 2045.909268465909), (5, 2171.643359375), (1, 2461.500887784091), (2, 2861.223090277778), (0, 2909.99296875)]","[(0, 31779.544921875), (1, 30848.060546875)]","[(1, 2928.3035714285716), (2, 3055.256310096154), (0, 3358.9104817708335), (4, 3447.9666466346152), (5, 3530.0625), (3, 3800.025568181818)]","[(0, 35648.77734375), (1, 35797.14453125)]"
97,"[(0, 25013.89453125), (1, 25657.9765625)]","[(0, 22255.48046875), (1, 22851.384765625)]","[(0, 27281.404296875), (1, 27362.1796875)]","[(0, 24835.548828125), (1, 25321.8125)]","[(0, 24094.798828125), (1, 23629.935546875)]","[(0, 25872.166015625), (1, 27743.337890625)]","[(0, 24531.791015625), (1, 24378.7734375)]","[(0, 39919.02734375), (1, 35730.0859375)]","[(4, 1779.4028033088234), (3, 1798.6094970703125), (5, 2033.9119791666667), (1, 2323.8596354166666), (0, 2352.693359375), (2, 2554.951622596154)]","[(0, 31022.150390625), (1, 23725.517578125)]","[(1, 1551.5330729166667), (4, 1629.9654181985295), (5, 1655.4001302083334), (2, 1675.3432992788462), (3, 1692.7564697265625), (0, 1697.160853794643)]","[(0, 30061.623046875), (1, 24683.037109375)]","[(4, 1916.335658482143), (3, 2021.2662259615386), (5, 2189.8680013020835), (1, 2195.7256610576924), (2, 2217.0617897727275), (0, 2403.1023763020835)]","[(0, 29428.80078125), (1, 24901.1484375)]"
98,"[(0, 25434.0625), (1, 27275.78515625)]","[(0, 20390.294921875), (1, 20437.291015625)]","[(0, 29848.5390625), (1, 28689.322265625)]","[(0, 28409.947265625), (1, 28336.888671875)]","[(0, 30379.076171875), (1, 29717.91015625)]","[(0, 35249.5546875), (1, 31754.791015625)]","[(0, 28908.048828125), (1, 28688.33984375)]","[(0, 30341.697265625), (1, 31261.525390625)]","[(4, 1910.341517857143), (3, 2087.3841646634614), (5, 2292.02001953125), (1, 2338.18701171875), (0, 2587.1500355113635), (2, 2723.076953125)]","[(0, 26858.8828125), (1, 22133.45703125)]","[(1, 1877.3734654017858), (2, 1954.15234375), (0, 2035.41015625), (4, 2078.0982572115386), (5, 2166.72412109375), (3, 2409.126065340909)]","[(0, 30713.087890625), (1, 31385.947265625)]","[(1, 1942.6131510416667), (4, 2010.5114583333334), (0, 2013.6875), (2, 2084.3404447115386), (3, 2084.5234375), (5, 2113.6517427884614)]","[(0, 30539.771484375), (1, 24879.546875)]"
99,"[(0, 29201.37109375), (1, 30701.755859375)]","[(0, 22286.787109375), (1, 22112.443359375)]","[(0, 28106.7734375), (1, 28670.453125)]","[(0, 23388.31640625), (1, 23575.8671875)]","[(0, 25148.560546875), (1, 24095.51171875)]","[(0, 32301.955078125), (1, 31319.984375)]","[(0, 27923.837890625), (1, 28788.62109375)]","[(0, 25115.67578125), (1, 26432.16015625)]","[(1, 3104.2041015625), (2, 3254.1431107954545), (0, 3279.380681818182), (4, 3348.0335286458335), (3, 3524.982599431818), (5, 3539.440340909091)]","[(0, 26739.578125), (1, 30650.0625)]","[(4, 2585.9609375), (5, 2715.992621527778), (1, 2719.316796875), (3, 2829.4587673611113), (2, 2913.654296875), (0, 2950.8938802083335)]","[(0, 27564.13671875), (1, 24712.716796875)]","[(4, 1830.7542067307693), (0, 1873.8328450520833), (3, 1882.7032877604167), (1, 2009.0588942307693), (5, 2039.4845377604167), (2, 2059.3772786458335)]","[(0, 27308.7890625), (1, 28948.990234375)]"
100,"[(0, 27795.060546875), (1, 30352.666015625)]","[(0, 15877.72265625), (1, 16173.6435546875)]","[(0, 22642.458984375), (1, 22854.806640625)]","[(0, 31146.2421875), (1, 28763.591796875)]","[(0, 26764.044921875), (1, 26779.56640625)]","[(0, 29641.658203125), (1, 31257.591796875)]","[(0, 18942.314453125), (1, 21373.57421875)]","[(0, 35460.15234375), (1, 29388.638671875)]","[(4, 1442.4267578125), (3, 1531.0854166666666), (5, 1558.2804129464287), (1, 1678.6057291666666), (0, 1704.2601841517858), (2, 1863.4864783653845)]","[(0, 29269.654296875), (1, 22446.421875)]","[(2, 2185.3658854166665), (1, 2223.170222355769), (0, 2371.090731534091), (4, 3013.9215198863635), (5, 3032.778125), (3, 3574.9396701388887)]","[(0, 22947.49609375), (1, 22179.984375)]","[(4, 1715.9448784722222), (1, 1725.6615668402778), (5, 1746.110595703125), (2, 1823.6417236328125), (3, 1850.1829833984375), (0, 1938.6478271484375)]","[(0, 33414.9453125), (1, 29983.19921875)]"
101,"[(0, 22554.572265625), (1, 23711.810546875)]","[(0, 20855.810546875), (1, 20667.849609375)]","[(0, 26304.31640625), (1, 24847.30078125)]","[(0, 30749.986328125), (1, 30650.705078125)]","[(0, 24031.025390625), (1, 22719.9609375)]","[(0, 31874.15234375), (1, 32806.7578125)]","[(0, 21663.64453125), (1, 21104.609375)]","[(0, 21840.283203125), (1, 24477.48046875)]","[(4, 1953.1650390625), (3, 2259.9444110576924), (5, 2263.13427734375), (1, 2561.4703776041665), (2, 2867.57578125), (0, 2873.8725142045455)]","[(0, 30574.7421875), (1, 27706.427734375)]","[(1, 1975.1724759615386), (0, 2051.839666193182), (2, 2266.4236653645835), (4, 2390.546875), (3, 2731.1484375), (5, 2862.5701171875)]","[(0, 37418.43359375), (1, 30121.88671875)]","[(4, 1903.9805836397059), (1, 1964.7576904296875), (3, 2007.02109375), (5, 2178.8397135416667), (0, 2278.5432477678573), (2, 2308.2861328125)]","[(0, 30243.2109375), (1, 32080.060546875)]"
102,"[(0, 25070.51953125), (1, 27637.154296875)]","[(0, 20102.0859375), (1, 19525.796875)]","[(0, 17453.556640625), (1, 19241.033203125)]","[(0, 29950.220703125), (1, 28546.748046875)]","[(0, 19611.681640625), (1, 19355.951171875)]","[(0, 30886.44921875), (1, 30001.791015625)]","[(0, 21535.02734375), (1, 21464.125)]","[(0, 22274.14453125), (1, 24355.55859375)]","[(1, 1932.987548828125), (0, 2065.6150948660716), (4, 2084.7936197916665), (2, 2159.2361979166667), (3, 2213.4705528846152), (5, 2294.4635881696427)]","[(0, 28269.759765625), (1, 27218.72265625)]","[(4, 2251.5655048076924), (5, 2351.4856770833335), (1, 2402.637469951923), (3, 2425.6510416666665), (2, 2673.6876627604165), (0, 2678.3271484375)]","[(0, 28776.736328125), (1, 29228.8984375)]","[(4, 1986.8389892578125), (1, 2093.9443359375), (3, 2134.1602957589284), (0, 2221.3670479910716), (5, 2304.0919363839284), (2, 2350.450613839286)]","[(0, 28947.884765625), (1, 31314.81640625)]"
103,"[(0, 33706.80859375), (1, 36325.51171875)]","[(0, 18766.0859375), (1, 18476.73046875)]","[(0, 32130.916015625), (1, 30258.330078125)]","[(0, 22889.400390625), (1, 23029.974609375)]","[(0, 19237.087890625), (1, 18519.810546875)]","[(0, 28175.6640625), (1, 27029.86328125)]","[(0, 27394.29296875), (1, 26025.19921875)]","[(0, 25068.154296875), (1, 27677.45703125)]","[(4, 1645.2337646484375), (1, 1681.0990513392858), (3, 1792.075), (5, 1865.7967354910713), (2, 1868.5973307291667), (0, 1871.2563100961538)]","[(0, 25481.4296875), (1, 29413.6484375)]","[(4, 1598.4376627604167), (1, 1605.9720052083333), (5, 1734.8444602272727), (3, 1759.3449928977273), (0, 1782.0046164772727), (2, 1784.390625)]","[(0, 27900.171875), (1, 25516.423828125)]","[(3, 2456.7798828125), (4, 2504.0962357954545), (0, 2707.1322265625), (5, 2754.4978515625), (1, 2765.318359375), (2, 3112.71484375)]","[(0, 29633.236328125), (1, 25585.111328125)]"
104,"[(0, 29371.32421875), (1, 30529.51953125)]","[(0, 24916.01953125), (1, 26384.990234375)]","[(0, 26253.841796875), (1, 24422.82421875)]","[(0, 23947.6796875), (1, 24570.611328125)]","[(0, 26036.94140625), (1, 25736.30078125)]","[(0, 32568.90625), (1, 34336.36328125)]","[(0, 38814.13671875), (1, 39233.70703125)]","[(0, 30907.751953125), (1, 25690.982421875)]","[(1, 2191.4852764423076), (2, 2207.8411458333335), (0, 2220.4430338541665), (4, 2247.0821814903848), (3, 2256.22509765625), (5, 2259.65771484375)]","[(0, 29959.10546875), (1, 34123.1953125)]","[(1, 1614.7417689732142), (0, 1666.4007161458333), (2, 1786.6161358173076), (5, 1916.0885416666667), (4, 1978.0112680288462), (3, 2001.6613991477273)]","[(0, 31241.556640625), (1, 38273.796875)]","[(2, 2116.2759915865386), (1, 2123.1067243303573), (0, 2336.62646484375), (4, 2935.8050130208335), (5, 2987.969815340909), (3, 3259.391796875)]","[(0, 26362.5546875), (1, 23393.24609375)]"
105,"[(0, 30884.796875), (1, 31505.51171875)]","[(0, 32326.517578125), (1, 31158.48046875)]","[(0, 19980.28125), (1, 18584.884765625)]","[(0, 21885.9453125), (1, 21728.697265625)]","[(0, 25709.611328125), (1, 24763.201171875)]","[(0, 26375.65625), (1, 27421.50390625)]","[(0, 33231.2265625), (1, 32523.52734375)]","[(0, 24536.9140625), (1, 27907.970703125)]","[(5, 2075.6637073863635), (4, 2103.0953776041665), (2, 2347.9228515625), (3, 2351.2727272727275), (1, 2362.3130326704545), (0, 2636.9443359375)]","[(0, 22680.841796875), (1, 23171.076171875)]","[(3, 2382.410333806818), (4, 2423.31787109375), (5, 2428.361328125), (0, 2740.903231534091), (1, 2762.6559244791665), (2, 2851.0754616477275)]","[(0, 25050.73046875), (1, 26339.435546875)]","[(1, 1823.8882533482142), (2, 1973.0223858173076), (0, 2071.9337565104165), (3, 2439.9916015625), (4, 2505.3811848958335), (5, 2563.960759943182)]","[(0, 26423.896484375), (1, 26920.22265625)]"
106,"[(0, 32079.201171875), (1, 34560.31640625)]","[(0, 29657.689453125), (1, 28824.8828125)]","[(0, 33896.67578125), (1, 32687.583984375)]","[(0, 25768.154296875), (1, 25394.119140625)]","[(0, 25270.837890625), (1, 23916.9375)]","[(0, 26839.6015625), (1, 25874.681640625)]","[(0, 25211.5234375), (1, 26829.23828125)]","[(0, 30734.9453125), (1, 32574.994140625)]","[(4, 1797.8592447916667), (1, 1845.467075892857), (3, 1897.2762920673076), (5, 1926.9185697115386), (0, 2083.9724934895835), (2, 2110.80908203125)]","[(0, 22105.169921875), (1, 23400.921875)]","[(4, 1994.89453125), (5, 2110.5316051136365), (3, 2178.4012044270835), (1, 2449.256747159091), (2, 2771.0271267361113), (0, 2959.175)]","[(0, 34678.015625), (1, 36911.28125)]","[(1, 1884.257533482143), (4, 1922.575390625), (3, 2092.5342548076924), (5, 2144.105018028846), (0, 2167.4659830729165), (2, 2197.0472005208335)]","[(0, 25784.525390625), (1, 25835.82421875)]"
107,"[(0, 24183.912109375), (1, 26384.412109375)]","[(0, 30907.3671875), (1, 29671.94921875)]","[(0, 26238.974609375), (1, 26995.318359375)]","[(0, 26131.044921875), (1, 26422.9140625)]","[(0, 24915.830078125), (1, 23261.099609375)]","[(0, 30733.951171875), (1, 30374.35546875)]","[(0, 28198.083984375), (1, 29209.44921875)]","[(0, 25267.703125), (1, 29773.2578125)]","[(4, 2111.393329326923), (5, 2314.501775568182), (3, 2370.1139322916665), (1, 2687.8893229166665), (2, 2808.598046875), (0, 2863.340021306818)]","[(0, 29920.07421875), (1, 30748.78515625)]","[(2, 1603.2684151785713), (1, 1607.5673177083333), (0, 1698.0510817307693), (4, 1992.1149338942307), (5, 2082.1847330729165), (3, 2252.8346946022725)]","[(0, 27685.216796875), (1, 27831.69140625)]","[(1, 2338.035606971154), (2, 2451.240234375), (4, 2528.5618990384614), (0, 2560.9964192708335), (5, 2725.6101888020835), (3, 2847.3880208333335)]","[(0, 29217.751953125), (1, 26389.671875)]"
108,"[(0, 29260.193359375), (1, 28474.341796875)]","[(0, 27520.978515625), (1, 26183.9296875)]","[(0, 25661.697265625), (1, 24725.162109375)]","[(0, 28334.376953125), (1, 29418.08203125)]","[(0, 31966.115234375), (1, 32094.83984375)]","[(0, 30340.884765625), (1, 31584.1796875)]","[(0, 30622.21875), (1, 30848.47265625)]","[(0, 23346.7109375), (1, 26694.861328125)]","[(4, 1876.6788504464287), (5, 2089.64453125), (3, 2113.085486778846), (1, 2745.2197265625), (0, 2899.8119673295455), (2, 3111.8509765625)]","[(0, 31015.349609375), (1, 30829.62109375)]","[(1, 2082.7155412946427), (2, 2172.538611778846), (0, 2405.55126953125), (4, 2938.7125651041665), (5, 3001.275568181818), (3, 3303.2234375)]","[(0, 34913.0234375), (1, 40890.35546875)]","[(1, 1755.4065104166666), (4, 1779.0124080882354), (5, 1831.8838541666667), (2, 1845.7905649038462), (0, 1896.892857142857), (3, 1903.8980712890625)]","[(0, 34213.42578125), (1, 35810.87109375)]"
109,"[(0, 30689.75390625), (1, 33160.88671875)]","[(0, 29832.97265625), (1, 28499.5546875)]","[(0, 26292.98046875), (1, 27587.7265625)]","[(0, 36596.3515625), (1, 34886.06640625)]","[(0, 29335.1015625), (1, 28557.83203125)]","[(0, 28284.7265625), (1, 30610.392578125)]","[(0, 25373.326171875), (1, 24766.6015625)]","[(0, 32100.07421875), (1, 35967.80078125)]","[(1, 2160.138494318182), (2, 2306.4525390625), (0, 2307.5482421875), (4, 2427.8265269886365), (5, 2611.0419921875), (3, 2684.113671875)]","[(0, 25654.919921875), (1, 27221.630859375)]","[(4, 2363.50732421875), (1, 2407.029296875), (5, 2487.7388139204545), (3, 2501.2514204545455), (2, 2594.2730823863635), (0, 2643.6624644886365)]","[(0, 28430.220703125), (1, 31799.765625)]","[(4, 1637.3917236328125), (1, 1643.1749267578125), (5, 1730.4412667410713), (2, 1763.6661551339287), (3, 1804.4005301339287), (0, 1859.3097098214287)]","[(0, 30533.974609375), (1, 26884.3046875)]"
110,"[(0, 31403.310546875), (1, 33070.27734375)]","[(0, 22637.947265625), (1, 22584.46875)]","[(0, 19656.2265625), (1, 20309.484375)]","[(0, 25957.75390625), (1, 26344.107421875)]","[(0, 25995.580078125), (1, 25635.181640625)]","[(0, 27249.603515625), (1, 25532.390625)]","[(0, 30078.255859375), (1, 29709.865234375)]","[(0, 28979.595703125), (1, 25050.921875)]","[(5, 2396.7351888020835), (4, 2428.8018329326924), (2, 2432.39208984375), (1, 2465.5326021634614), (3, 2497.123046875), (0, 2598.7672526041665)]","[(0, 27099.630859375), (1, 21978.05859375)]","[(1, 2151.2657645089284), (2, 2359.856670673077), (0, 2548.2303059895835), (4, 2716.2821514423076), (5, 2798.2887369791665), (3, 3027.986505681818)]","[(0, 26022.39453125), (1, 23890.92578125)]","[(1, 2035.9536576704545), (4, 2154.8648792613635), (0, 2311.808203125), (2, 2408.4666015625), (3, 2456.559765625), (5, 2526.5318359375)]","[(0, 27682.287109375), (1, 31129.671875)]"
111,"[(0, 30373.833984375), (1, 32318.78125)]","[(0, 23113.033203125), (1, 22745.04296875)]","[(0, 33842.21875), (1, 35807.21484375)]","[(0, 22624.046875), (1, 20818.669921875)]","[(0, 25712.111328125), (1, 24159.77734375)]","[(0, 32469.044921875), (1, 31918.044921875)]","[(0, 23868.5390625), (1, 24181.23828125)]","[(0, 19691.931640625), (1, 20399.10546875)]","[(1, 2534.0954241071427), (4, 2583.1199776785716), (2, 2615.2412860576924), (5, 2671.959735576923), (0, 2841.458533653846), (3, 2924.153545673077)]","[(0, 27787.82421875), (1, 25678.8828125)]","[(4, 2248.6774553571427), (5, 2376.784855769231), (3, 2398.761418269231), (2, 2599.9423828125), (0, 2651.76513671875), (1, 2708.984074519231)]","[(0, 23519.43359375), (1, 23049.79296875)]","[(1, 1826.9393382352941), (2, 1879.0860595703125), (4, 1879.7467447916667), (0, 1909.2428385416667), (5, 1956.4796316964287), (3, 2102.076923076923)]","[(0, 29227.3671875), (1, 25906.23828125)]"
112,"[(0, 30645.326171875), (1, 32027.84765625)]","[(0, 23252.9609375), (1, 21509.453125)]","[(0, 28551.83984375), (1, 28917.287109375)]","[(0, 31264.984375), (1, 29449.3515625)]","[(0, 27570.208984375), (1, 28158.123046875)]","[(0, 31856.830078125), (1, 32699.15234375)]","[(0, 25266.37890625), (1, 26213.412109375)]","[(0, 25495.650390625), (1, 23985.53125)]","[(2, 1909.505580357143), (1, 1913.3221354166667), (0, 2151.885216346154), (4, 2378.2522321428573), (5, 2397.5240384615386), (3, 2735.599609375)]","[(0, 30365.142578125), (1, 36109.7109375)]","[(1, 1554.3868489583333), (4, 1686.141796875), (2, 1686.916015625), (5, 1724.6470424107142), (0, 1735.372767857143), (3, 1790.2647879464287)]","[(0, 30249.935546875), (1, 30878.818359375)]","[(4, 1971.3505108173076), (5, 2110.654296875), (1, 2206.97607421875), (2, 2229.618359375), (3, 2279.1466471354165), (0, 2366.7125355113635)]","[(0, 28668.810546875), (1, 25689.12109375)]"
113,"[(0, 25591.822265625), (1, 25948.96484375)]","[(0, 21975.857421875), (1, 21069.376953125)]","[(0, 19523.041015625), (1, 18988.65234375)]","[(0, 29589.181640625), (1, 28126.427734375)]","[(0, 28864.744140625), (1, 30561.185546875)]","[(0, 28895.94921875), (1, 29118.890625)]","[(0, 24812.064453125), (1, 23717.533203125)]","[(0, 28024.359375), (1, 28568.619140625)]","[(4, 1872.2149939903845), (3, 1990.5553385416667), (5, 2021.1617838541667), (1, 2237.3013822115386), (0, 2381.7810872395835), (2, 2440.2639973958335)]","[(0, 29412.640625), (1, 25405.3125)]","[(1, 2347.2385602678573), (2, 2529.451923076923), (0, 2644.0179036458335), (5, 2699.63232421875), (4, 2746.922175480769), (3, 2934.7496448863635)]","[(0, 29287.328125), (1, 28473.90625)]","[(4, 1569.33251953125), (1, 1731.1544363839287), (5, 1760.4493963068182), (3, 1766.3201171875), (2, 1878.1771334134614), (0, 1888.3369140625)]","[(0, 32226.78515625), (1, 33319.54296875)]"
114,"[(0, 29629.732421875), (1, 30884.533203125)]","[(0, 21800.451171875), (1, 21888.57421875)]","[(0, 29314.0703125), (1, 29323.71484375)]","[(0, 34168.3984375), (1, 33526.08984375)]","[(0, 26182.181640625), (1, 26801.642578125)]","[(0, 30366.099609375), (1, 29649.40625)]","[(0, 27844.59375), (1, 28672.66796875)]","[(0, 25772.30859375), (1, 29672.064453125)]","[(1, 2497.952059659091), (2, 2684.7384765625), (0, 2966.66875), (4, 3030.228338068182), (5, 3311.266015625), (3, 3601.962890625)]","[(0, 24666.048828125), (1, 26318.744140625)]","[(1, 1749.757533482143), (2, 1846.6338641826924), (0, 1901.32958984375), (4, 2034.9405048076924), (5, 2069.8264973958335), (3, 2403.432705965909)]","[(0, 30759.16796875), (1, 30820.126953125)]","[(1, 1889.2987132352941), (2, 1985.2442626953125), (0, 2036.720703125), (4, 2130.3692708333333), (3, 2217.8783052884614), (5, 2362.6266741071427)]","[(0, 29144.337890625), (1, 25346.287109375)]"
115,"[(0, 25460.17578125), (1, 25950.251953125)]","[(0, 22729.453125), (1, 22051.876953125)]","[(0, 31676.96875), (1, 32602.060546875)]","[(0, 23064.5703125), (1, 21278.77734375)]","[(0, 28467.47265625), (1, 25358.6171875)]","[(0, 30468.701171875), (1, 30734.30078125)]","[(0, 25471.12890625), (1, 28104.869140625)]","[(0, 29635.12890625), (1, 38652.6015625)]","[(4, 2062.845284598214), (1, 2191.9306640625), (5, 2207.5362079326924), (3, 2307.497746394231), (2, 2339.5923978365386), (0, 2481.594951923077)]","[(0, 28890.740234375), (1, 24115.328125)]","[(1, 1481.3179086538462), (2, 1641.1852213541667), (0, 1845.1022135416667), (4, 1901.0489783653845), (5, 1925.38818359375), (3, 2179.0764973958335)]","[(0, 24712.314453125), (1, 24152.935546875)]","[(3, 1881.289794921875), (4, 1956.9774305555557), (0, 1977.1783447265625), (5, 1995.345947265625), (1, 2003.6571180555557), (2, 2154.532958984375)]","[(0, 31368.619140625), (1, 32177.740234375)]"
116,"[(0, 26524.861328125), (1, 27607.203125)]","[(0, 21025.498046875), (1, 20136.125)]","[(0, 24701.736328125), (1, 21255.130859375)]","[(0, 22057.19921875), (1, 23020.880859375)]","[(0, 28896.720703125), (1, 25936.49609375)]","[(0, 31737.232421875), (1, 32124.755859375)]","[(0, 19881.83984375), (1, 21774.375)]","[(0, 28498.95703125), (1, 32450.16015625)]","[(4, 2264.1510416666665), (1, 2430.0641276041665), (5, 2442.953302556818), (3, 2540.082919034091), (2, 2618.0285866477275), (0, 2766.2336647727275)]","[(0, 29524.37890625), (1, 30483.958984375)]","[(4, 2481.467247596154), (1, 2551.2361778846152), (3, 2647.4847005208335), (5, 2706.93310546875), (0, 2892.1754557291665), (2, 2925.7513020833335)]","[(0, 24841.28125), (1, 27887.326171875)]","[(4, 1615.4265854779412), (1, 1662.358642578125), (3, 1718.8322916666666), (5, 1733.1131510416667), (2, 1842.7919921875), (0, 1849.4310825892858)]","[(0, 23425.68359375), (1, 25406.498046875)]"
117,"[(0, 32341.1328125), (1, 33407.10546875)]","[(0, 24558.7578125), (1, 24229.830078125)]","[(0, 32420.466796875), (1, 30582.0625)]","[(0, 24141.720703125), (1, 22549.60546875)]","[(0, 24510.978515625), (1, 22535.99609375)]","[(0, 26628.14453125), (1, 27560.82421875)]","[(0, 26058.80078125), (1, 25224.681640625)]","[(0, 29962.591796875), (1, 38778.984375)]","[(4, 1949.59375), (3, 2019.786358173077), (1, 2023.8338448660713), (0, 2096.5772235576924), (5, 2152.8396935096152), (2, 2262.743689903846)]","[(0, 24812.751953125), (1, 21661.310546875)]","[(4, 2238.1121419270835), (1, 2458.6595052083335), (3, 2483.453125), (5, 2488.398615056818), (2, 2689.2844460227275), (0, 2736.966974431818)]","[(0, 29841.28125), (1, 30967.8515625)]","[(1, 1865.2823016826924), (2, 1935.4049479166667), (0, 2096.023259943182), (4, 2336.4772135416665), (5, 2539.2571022727275), (3, 2555.5119140625)]","[(0, 29297.63671875), (1, 30631.916015625)]"
118,"[(0, 23093.623046875), (1, 23239.904296875)]","[(0, 20535.154296875), (1, 20747.376953125)]","[(0, 27289.62890625), (1, 26877.818359375)]","[(0, 22842.66796875), (1, 21463.83984375)]","[(0, 22649.54296875), (1, 22295.119140625)]","[(0, 26073.890625), (1, 24523.158203125)]","[(0, 26216.11328125), (1, 27933.826171875)]","[(0, 24364.7578125), (1, 33310.10546875)]","[(4, 1881.3643229166667), (3, 1958.2660435267858), (5, 2001.0564903846155), (1, 2204.2421875), (2, 2320.2389322916665), (0, 2322.100811298077)]","[(0, 28942.44921875), (1, 27366.615234375)]","[(4, 2979.0269886363635), (1, 3098.0170454545455), (3, 3164.94296875), (5, 3285.50078125), (0, 3354.281640625), (2, 3418.919140625)]","[(0, 25954.310546875), (1, 21823.8125)]","[(1, 2204.1027018229165), (4, 2257.0279947916665), (0, 2297.795809659091), (3, 2325.2251420454545), (2, 2347.9094460227275), (5, 2441.439453125)]","[(0, 31591.017578125), (1, 32405.564453125)]"
119,"[(0, 31238.99609375), (1, 32681.537109375)]","[(0, 22664.345703125), (1, 22789.59765625)]","[(0, 28350.431640625), (1, 28899.08984375)]","[(0, 26674.30078125), (1, 27986.890625)]","[(0, 23038.716796875), (1, 22745.998046875)]","[(0, 33060.21875), (1, 31631.4453125)]","[(0, 20258.453125), (1, 21490.689453125)]","[(0, 22802.70703125), (1, 27364.267578125)]","[(4, 1514.955078125), (5, 1631.2412109375), (3, 1659.1696614583334), (1, 2111.2607421875), (2, 2267.98681640625), (0, 2307.4627403846152)]","[(0, 18904.3984375), (1, 20150.435546875)]","[(1, 1944.273828125), (4, 1989.8817708333333), (0, 2087.7603665865386), (3, 2141.795673076923), (2, 2223.271935096154), (5, 2270.926231971154)]","[(0, 28876.333984375), (1, 32024.73046875)]","[(4, 2254.4012044270835), (3, 2350.2125355113635), (5, 2565.876065340909), (1, 2597.28564453125), (0, 2748.4446022727275), (2, 2986.2379261363635)]","[(0, 28290.013671875), (1, 26079.8828125)]"
120,"[(0, 26768.537109375), (1, 28314.14453125)]","[(0, 23162.26171875), (1, 22683.0703125)]","[(0, 29240.83203125), (1, 27688.361328125)]","[(0, 34982.84375), (1, 34171.5234375)]","[(0, 33341.03125), (1, 30642.580078125)]","[(0, 28785.216796875), (1, 29284.953125)]","[(0, 18613.689453125), (1, 20199.865234375)]","[(0, 31591.138671875), (1, 31815.962890625)]","[(4, 1814.5209635416666), (1, 1827.2322916666667), (3, 1997.9713040865386), (0, 2014.3598257211538), (5, 2075.1314603365386), (2, 2079.787409855769)]","[(0, 23222.177734375), (1, 23676.876953125)]","[(1, 2252.58740234375), (4, 2409.712002840909), (2, 2523.286044034091), (0, 2540.3494140625), (5, 2800.8515625), (3, 2972.6145833333335)]","[(0, 33534.1484375), (1, 34463.421875)]","[(0, 2306.1276506696427), (1, 2504.3518229166666), (2, 2530.8203125), (4, 2798.788504464286), (3, 2817.9696514423076), (5, 3146.5279447115386)]","[(0, 26926.9765625), (1, 23534.623046875)]"
121,"[(0, 22954.9375), (1, 24470.736328125)]","[(0, 21360.67578125), (1, 20534.859375)]","[(0, 21721.921875), (1, 20933.185546875)]","[(0, 26943.158203125), (1, 27010.048828125)]","[(0, 27162.14453125), (1, 23535.859375)]","[(0, 25453.18359375), (1, 25945.205078125)]","[(0, 30008.431640625), (1, 28769.244140625)]","[(0, 28795.759765625), (1, 31789.546875)]","[(1, 2116.3907552083333), (4, 2251.881417410714), (0, 2302.1259014423076), (2, 2384.760967548077), (5, 2576.6827799479165), (3, 2586.1261393229165)]","[(0, 28720.064453125), (1, 23347.689453125)]","[(4, 2032.9756610576924), (5, 2240.2689985795455), (3, 2286.2981770833335), (1, 2696.724609375), (0, 2932.069424715909), (2, 2993.2947265625)]","[(0, 34749.2265625), (1, 31743.255859375)]","[(1, 1736.5799560546875), (2, 1825.0065104166667), (0, 1933.8409598214287), (4, 2098.8741629464284), (5, 2201.5401141826924), (3, 2274.0836588541665)]","[(0, 29684.62890625), (1, 30048.12109375)]"
122,"[(0, 31588.45703125), (1, 33435.76171875)]","[(0, 23573.1484375), (1, 23171.275390625)]","[(0, 23206.705078125), (1, 22124.21484375)]","[(0, 25134.87109375), (1, 23728.052734375)]","[(0, 30908.931640625), (1, 31361.919921875)]","[(0, 30192.80859375), (1, 29675.091796875)]","[(0, 28319.626953125), (1, 28212.849609375)]","[(0, 28759.64453125), (1, 32980.296875)]","[(1, 1633.8297334558824), (0, 1747.605859375), (2, 1753.1068115234375), (4, 2135.21533203125), (3, 2236.5274832589284), (5, 2253.3244791666666)]","[(0, 24993.72265625), (1, 30748.373046875)]","[(4, 1480.686802455357), (3, 1538.6165865384614), (5, 1713.8173076923076), (1, 1908.8846261160713), (0, 1942.2095853365386), (2, 2188.4423076923076)]","[(0, 27621.0546875), (1, 22323.140625)]","[(1, 2217.8448660714284), (4, 2365.9684709821427), (2, 2403.973858173077), (0, 2518.7759915865386), (5, 2540.100360576923), (3, 2629.473858173077)]","[(0, 29029.248046875), (1, 26789.01953125)]"
123,"[(0, 32923.82421875), (1, 33133.03125)]","[(0, 23047.353515625), (1, 22676.171875)]","[(0, 24279.931640625), (1, 21948.208984375)]","[(0, 26091.748046875), (1, 25126.53125)]","[(0, 27237.6796875), (1, 26516.3125)]","[(0, 31334.115234375), (1, 30696.806640625)]","[(0, 26542.751953125), (1, 27265.6171875)]","[(0, 29971.107421875), (1, 25810.5546875)]","[(4, 1698.2830636160713), (5, 1768.6663411458333), (1, 1782.6300455729167), (2, 1792.8990234375), (3, 1993.9661959134614), (0, 2050.3629261363635)]","[(0, 25984.75), (1, 28547.1015625)]","[(4, 2091.0299479166665), (5, 2178.104403409091), (3, 2285.4153053977275), (1, 2334.20556640625), (2, 2478.347478693182), (0, 2518.746981534091)]","[(0, 37539.20703125), (1, 30312.1953125)]","[(4, 2307.224909855769), (1, 2324.7218424479165), (3, 2413.1038411458335), (5, 2435.8647017045455), (2, 2441.3509765625), (0, 2500.580965909091)]","[(0, 32420.095703125), (1, 33899.06640625)]"
124,"[(0, 29834.08203125), (1, 31524.115234375)]","[(0, 27194.1796875), (1, 26034.009765625)]","[(0, 24616.44140625), (1, 26376.86328125)]","[(0, 26731.34375), (1, 24973.13671875)]","[(0, 24864.984375), (1, 24863.916015625)]","[(0, 28334.1328125), (1, 28861.880859375)]","[(0, 19932.111328125), (1, 21636.8671875)]","[(0, 28214.89453125), (1, 25832.64453125)]","[(4, 2122.958683894231), (3, 2203.1591796875), (5, 2335.0094105113635), (1, 2819.6389973958335), (0, 2855.8405539772725), (2, 3206.6662109375)]","[(0, 26722.2421875), (1, 28017.251953125)]","[(3, 1867.122767857143), (4, 1876.5782552083333), (5, 1982.2280649038462), (1, 2272.7053571428573), (0, 2300.100360576923), (2, 2352.8585611979165)]","[(0, 31117.591796875), (1, 32273.041015625)]","[(4, 1950.3893821022727), (3, 2060.34765625), (5, 2160.204296875), (1, 2308.802911931818), (0, 2543.624609375), (2, 2572.430078125)]","[(0, 24927.6640625), (1, 22705.33984375)]"
125,"[(0, 26383.328125), (1, 26204.814453125)]","[(0, 24863.111328125), (1, 23300.443359375)]","[(0, 26303.013671875), (1, 25700.025390625)]","[(0, 29303.30859375), (1, 29845.1796875)]","[(0, 23837.421875), (1, 22780.64453125)]","[(0, 25162.1875), (1, 25290.294921875)]","[(0, 30217.95703125), (1, 30788.10546875)]","[(0, 29678.5703125), (1, 31853.154296875)]","[(1, 2425.6209309895835), (2, 2564.6969105113635), (4, 2667.3917643229165), (0, 2738.9905894886365), (5, 2846.5246803977275), (3, 2987.975497159091)]","[(0, 24390.75), (1, 31415.890625)]","[(1, 2621.741299715909), (2, 2730.76953125), (4, 2915.2066761363635), (0, 2982.8791015625), (5, 3115.28671875), (3, 3434.998828125)]","[(0, 23445.57421875), (1, 27267.205078125)]","[(4, 2196.307674632353), (3, 2218.98671875), (1, 2291.657169117647), (5, 2340.1346354166667), (0, 2440.4895833333335), (2, 2529.44921875)]","[(0, 31851.1171875), (1, 32334.994140625)]"
126,"[(0, 24098.384765625), (1, 25244.484375)]","[(0, 24385.423828125), (1, 23242.076171875)]","[(0, 20908.384765625), (1, 21693.126953125)]","[(0, 30187.830078125), (1, 29682.109375)]","[(0, 31743.4375), (1, 31253.568359375)]","[(0, 26649.33203125), (1, 26627.712890625)]","[(0, 27865.685546875), (1, 28723.0234375)]","[(0, 27811.7109375), (1, 24743.869140625)]","[(2, 1685.0592041015625), (1, 1760.670840992647), (4, 1864.9022216796875), (5, 1895.0752604166667), (0, 1967.353515625), (3, 2054.0114397321427)]","[(0, 26565.646484375), (1, 25746.31640625)]","[(1, 3232.8522727272725), (0, 3425.766796875), (2, 3523.412890625), (4, 3700.1118607954545), (3, 3946.317578125), (5, 4090.537109375)]","[(0, 40431.5859375), (1, 31114.208984375)]","[(1, 2301.1932198660716), (4, 2435.4241071428573), (3, 2520.8858173076924), (0, 2533.877403846154), (5, 2587.6189903846152), (2, 2622.0516826923076)]","[(0, 32008.365234375), (1, 32120.1015625)]"
127,"[(0, 28893.828125), (1, 29543.052734375)]","[(0, 26473.15625), (1, 25935.75390625)]","[(0, 26208.462890625), (1, 24810.9296875)]","[(0, 25597.486328125), (1, 24559.2734375)]","[(0, 26145.578125), (1, 25708.60546875)]","[(0, 30204.58984375), (1, 29222.4609375)]","[(0, 25992.03515625), (1, 25627.1640625)]","[(0, 28451.162109375), (1, 36368.703125)]","[(4, 1672.0369140625), (1, 1778.755550986842), (2, 1793.6034007352941), (5, 1794.802951388889), (0, 1819.9956341911766), (3, 1825.250217013889)]","[(0, 26735.193359375), (1, 22616.736328125)]","[(1, 1608.825), (2, 1711.9471261160713), (0, 1986.8707932692307), (4, 2113.3775540865386), (5, 2229.73095703125), (3, 2488.0355113636365)]","[(0, 34094.5390625), (1, 31686.908203125)]","[(1, 1776.6507352941176), (0, 1814.9138020833334), (4, 1820.1302490234375), (2, 1841.3651041666667), (5, 1882.6248604910713), (3, 2016.6551339285713)]","[(0, 32268.669921875), (1, 27717.60546875)]"
128,"[(0, 27831.107421875), (1, 31198.1484375)]","[(0, 28155.94921875), (1, 27076.224609375)]","[(0, 29511.5703125), (1, 29157.59765625)]","[(0, 30788.25), (1, 28099.509765625)]","[(0, 29348.447265625), (1, 28347.8359375)]","[(0, 27421.294921875), (1, 28566.65625)]","[(0, 21140.791015625), (1, 21070.30078125)]","[(0, 29641.798828125), (1, 27375.751953125)]","[(1, 1914.0265625), (2, 1962.906947544643), (0, 2148.8153545673076), (4, 2873.820612980769), (5, 3059.9358723958335), (3, 3184.8050426136365)]","[(0, 23063.91015625), (1, 28623.21484375)]","[(4, 2402.1194661458335), (5, 2530.2164417613635), (3, 2566.338778409091), (1, 2580.6591796875), (2, 2802.251953125), (0, 2841.6887428977275)]","[(0, 26720.61328125), (1, 28233.65625)]","[(3, 2237.6533203125), (0, 2258.7183948863635), (1, 2325.0919596354165), (4, 2403.836115056818), (5, 2572.901171875), (2, 2661.715021306818)]","[(0, 28138.419921875), (1, 29855.087890625)]"
129,"[(0, 27230.640625), (1, 27955.919921875)]","[(0, 17584.189453125), (1, 18824.701171875)]","[(0, 39865.765625), (1, 39480.44921875)]","[(0, 24139.947265625), (1, 23076.296875)]","[(0, 23604.84375), (1, 21550.5390625)]","[(0, 25540.697265625), (1, 26539.259765625)]","[(0, 30376.150390625), (1, 32252.3359375)]","[(0, 31069.494140625), (1, 24134.423828125)]","[(4, 1909.6271033653845), (3, 1923.4319661458333), (5, 2018.5594075520833), (1, 2075.792668269231), (0, 2136.57275390625), (2, 2275.6739908854165)]","[(0, 30246.47265625), (1, 21228.470703125)]","[(1, 2494.091346153846), (4, 2717.958533653846), (0, 2727.9923502604165), (2, 2767.2809244791665), (3, 2905.5921223958335), (5, 3014.708984375)]","[(0, 37444.59765625), (1, 29852.26953125)]","[(4, 1836.6576286764705), (1, 1860.125), (2, 2043.8830729166666), (0, 2069.8009114583333), (3, 2082.182682291667), (5, 2084.986328125)]","[(0, 26529.388671875), (1, 24398.66015625)]"
130,"[(0, 27156.0546875), (1, 27638.130859375)]","[(0, 18279.380859375), (1, 19181.525390625)]","[(0, 24594.451171875), (1, 27554.46484375)]","[(0, 28723.681640625), (1, 28966.609375)]","[(0, 19645.525390625), (1, 19691.38671875)]","[(0, 31923.16015625), (1, 30998.58203125)]","[(0, 26117.29296875), (1, 26996.21875)]","[(0, 27046.8046875), (1, 24813.484375)]","[(4, 1925.228515625), (3, 2116.508231026786), (5, 2284.984074519231), (1, 2455.648737980769), (0, 2785.904296875), (2, 2862.8128551136365)]","[(0, 24537.779296875), (1, 29312.251953125)]","[(4, 1605.6695556640625), (3, 1690.629296875), (0, 1754.181919642857), (1, 1767.8182291666667), (5, 1841.9204799107142), (2, 1859.8628305288462)]","[(0, 28248.388671875), (1, 27849.400390625)]","[(1, 2847.8902994791665), (0, 3001.7162642045455), (2, 3012.0969460227275), (4, 3111.3258463541665), (5, 3311.0543323863635), (3, 3332.126065340909)]","[(0, 31291.4140625), (1, 31413.255859375)]"
131,"[(0, 31380.767578125), (1, 32815.26953125)]","[(0, 18596.904296875), (1, 17427.826171875)]","[(0, 20687.923828125), (1, 20495.0078125)]","[(0, 28517.580078125), (1, 29836.357421875)]","[(0, 29868.955078125), (1, 29998.1015625)]","[(0, 31495.509765625), (1, 30864.275390625)]","[(0, 27065.3046875), (1, 31281.119140625)]","[(0, 31111.7734375), (1, 29595.220703125)]","[(1, 2237.478934151786), (2, 2488.332331730769), (0, 2511.7880859375), (4, 2648.144230769231), (5, 2882.8981119791665), (3, 2971.7063210227275)]","[(0, 25539.380859375), (1, 24418.306640625)]","[(1, 1915.6397705078125), (2, 2037.1053385416667), (0, 2104.6067243303573), (4, 2510.1579241071427), (5, 2606.536658653846), (3, 2759.0963541666665)]","[(0, 38190.59375), (1, 32710.50390625)]","[(1, 2850.5048076923076), (4, 2881.48828125), (2, 2946.1767578125), (5, 2995.7705078125), (3, 3022.87109375), (0, 3086.93359375)]","[(0, 29180.271484375), (1, 26030.734375)]"
132,"[(0, 29635.26953125), (1, 30314.912109375)]","[(0, 21749.244140625), (1, 21619.189453125)]","[(0, 29883.88671875), (1, 29210.841796875)]","[(0, 26836.939453125), (1, 27373.4296875)]","[(0, 21938.458984375), (1, 20861.259765625)]","[(0, 26032.49609375), (1, 26656.322265625)]","[(0, 26385.08984375), (1, 29848.708984375)]","[(0, 29557.3125), (1, 27787.451171875)]","[(1, 1812.6590576171875), (2, 1868.5170572916666), (0, 1901.2667410714287), (4, 2238.537527901786), (5, 2400.1893028846152), (3, 2609.3717447916665)]","[(0, 25416.0234375), (1, 29593.30078125)]","[(1, 2189.78857421875), (2, 2361.139559659091), (0, 2622.6990234375), (4, 2852.103338068182), (5, 3289.978125), (3, 3776.2274305555557)]","[(0, 27461.466796875), (1, 32809.26171875)]","[(4, 2621.0240384615386), (3, 2841.5504557291665), (5, 2877.295099431818), (1, 3276.4580078125), (2, 3331.2140625), (0, 3496.0699573863635)]","[(0, 27795.85546875), (1, 23336.025390625)]"
133,"[(0, 25789.666015625), (1, 25828.630859375)]","[(0, 21945.740234375), (1, 23160.052734375)]","[(0, 24043.564453125), (1, 23553.8203125)]","[(0, 26578.771484375), (1, 25079.84765625)]","[(0, 19945.060546875), (1, 19208.125)]","[(0, 35511.25), (1, 34455.43359375)]","[(0, 29999.6171875), (1, 29265.884765625)]","[(0, 31340.900390625), (1, 35060.33203125)]","[(4, 1517.2308349609375), (5, 1584.9737723214287), (3, 1620.28984375), (1, 2028.8931361607142), (0, 2115.9974459134614), (2, 2167.6087239583335)]","[(0, 22816.650390625), (1, 26345.892578125)]","[(1, 1609.5975341796875), (2, 1627.044642857143), (5, 1628.6375558035713), (4, 1634.4835205078125), (3, 1742.50390625), (0, 1773.7918526785713)]","[(0, 29370.005859375), (1, 28050.32421875)]","[(4, 2445.2804129464284), (2, 2550.2314453125), (5, 2614.0965169270835), (1, 2653.7459309895835), (3, 2856.6087740384614), (0, 2943.152521306818)]","[(0, 26520.107421875), (1, 23115.634765625)]"
134,"[(0, 33287.6875), (1, 34500.1171875)]","[(0, 20114.80078125), (1, 20262.87890625)]","[(0, 31841.765625), (1, 31555.15625)]","[(0, 21727.826171875), (1, 21329.9375)]","[(0, 23492.130859375), (1, 22647.16796875)]","[(0, 32015.478515625), (1, 31315.68359375)]","[(0, 23081.115234375), (1, 23349.44921875)]","[(0, 25646.55078125), (1, 32428.3828125)]","[(2, 1101.2083333333333), (1, 1131.4267578125), (0, 1175.571875), (5, 1261.5907552083333), (4, 1292.19775390625), (3, 1358.3811197916666)]","[(0, 20845.03125), (1, 24435.61328125)]","[(4, 1766.3157958984375), (3, 1914.9212239583333), (5, 1994.944056919643), (1, 2265.7370256696427), (0, 2558.8701923076924), (2, 2593.7312825520835)]","[(0, 23910.369140625), (1, 23844.10546875)]","[(4, 1971.7120361328125), (1, 1973.4786376953125), (0, 2113.4827008928573), (3, 2142.9748883928573), (5, 2201.4395926339284), (2, 2216.01171875)]","[(0, 29299.28515625), (1, 31375.978515625)]"
135,"[(0, 28138.982421875), (1, 27997.75390625)]","[(0, 22184.40625), (1, 22964.22265625)]","[(0, 25875.767578125), (1, 26859.341796875)]","[(0, 30054.54296875), (1, 31371.611328125)]","[(0, 27173.2578125), (1, 26853.96484375)]","[(0, 32939.33984375), (1, 33139.60546875)]","[(0, 29647.0859375), (1, 28188.0546875)]","[(0, 36311.66015625), (1, 27528.3046875)]","[(4, 1520.9481026785713), (1, 1628.640869140625), (3, 1637.0271809895833), (5, 1722.8795072115386), (2, 1790.2421875), (0, 1826.5184151785713)]","[(0, 35095.5234375), (1, 28590.72265625)]","[(1, 2009.5093149038462), (0, 2139.317294034091), (4, 2186.0286458333335), (2, 2267.2062174479165), (3, 2346.5126953125), (5, 2561.243252840909)]","[(0, 34332.5), (1, 27471.2890625)]","[(0, 2470.8709309895835), (1, 2526.4263822115386), (3, 2574.5189985795455), (2, 2652.9363606770835), (4, 2727.6593424479165), (5, 2998.3061079545455)]","[(0, 30292.748046875), (1, 26675.2421875)]"
136,"[(0, 32430.392578125), (1, 33997.91015625)]","[(0, 20580.736328125), (1, 21115.9453125)]","[(0, 23021.935546875), (1, 22466.896484375)]","[(0, 22606.771484375), (1, 22442.890625)]","[(0, 23816.2890625), (1, 22321.755859375)]","[(0, 27879.720703125), (1, 28079.765625)]","[(0, 23165.46484375), (1, 22509.33984375)]","[(0, 24483.22265625), (1, 31755.642578125)]","[(4, 1719.68408203125), (5, 1778.8532552083334), (3, 1839.6009114583333), (1, 1937.3319091796875), (2, 1991.85625), (0, 2093.037109375)]","[(0, 30526.142578125), (1, 26571.650390625)]","[(4, 2359.2420247395835), (3, 2477.2272727272725), (1, 2487.90966796875), (5, 2489.3883167613635), (0, 2534.370028409091), (2, 2560.6644176136365)]","[(0, 27751.408203125), (1, 28438.845703125)]","[(1, 1627.1997767857142), (2, 1710.5614483173076), (0, 1798.1232096354167), (4, 1997.092998798077), (3, 2033.7395241477273), (5, 2099.19189453125)]","[(0, 28273.966796875), (1, 29589.83203125)]"
137,"[(0, 24509.99609375), (1, 25289.66796875)]","[(0, 24877.98046875), (1, 24221.880859375)]","[(0, 17822.986328125), (1, 17757.751953125)]","[(0, 33960.7734375), (1, 31924.1953125)]","[(0, 21780.669921875), (1, 21505.2265625)]","[(0, 26755.1640625), (1, 25881.939453125)]","[(0, 29456.009765625), (1, 29014.107421875)]","[(0, 28315.8984375), (1, 26476.58984375)]","[(4, 2350.1883370535716), (3, 2514.597355769231), (5, 2694.0665690104165), (1, 2826.9654447115386), (0, 2968.2027994791665), (2, 3041.084872159091)]","[(0, 22302.775390625), (1, 21842.259765625)]","[(1, 2560.0321514423076), (0, 2758.7991536458335), (2, 2833.5185546875), (3, 3094.7923177083335), (4, 3106.505408653846), (5, 3192.6966145833335)]","[(0, 22919.216796875), (1, 25788.4609375)]","[(1, 2354.77783203125), (2, 2612.905184659091), (0, 2810.294034090909), (4, 2983.7552083333335), (5, 3350.173650568182), (3, 3581.544744318182)]","[(0, 27425.087890625), (1, 29433.041015625)]"
138,"[(0, 30853.947265625), (1, 33378.5078125)]","[(0, 21041.7265625), (1, 21834.345703125)]","[(0, 25368.994140625), (1, 27120.443359375)]","[(0, 21948.251953125), (1, 22735.134765625)]","[(0, 32488.0), (1, 32256.33203125)]","[(0, 28442.42578125), (1, 29647.65234375)]","[(0, 22409.080078125), (1, 21184.564453125)]","[(0, 29428.296875), (1, 35254.86328125)]","[(1, 1670.2891710069443), (2, 1756.5583639705883), (0, 1799.3214111328125), (4, 2373.093994140625), (3, 2524.955078125), (5, 2538.063541666667)]","[(0, 28248.900390625), (1, 27257.662109375)]","[(4, 1482.16064453125), (5, 1524.8345424107142), (3, 1565.7895833333334), (1, 1863.419224330357), (0, 1906.9229266826924), (2, 1946.3292643229167)]","[(0, 28374.5859375), (1, 33494.453125)]","[(4, 1889.5133463541667), (3, 1890.4685546875), (1, 1929.6072716346155), (5, 2038.2052556818182), (0, 2085.0520241477275), (2, 2183.03076171875)]","[(0, 30414.759765625), (1, 30849.35546875)]"
139,"[(0, 31406.787109375), (1, 32964.82421875)]","[(0, 20773.3515625), (1, 21415.994140625)]","[(0, 36580.54296875), (1, 38726.875)]","[(0, 23490.650390625), (1, 22581.884765625)]","[(0, 25578.890625), (1, 24270.115234375)]","[(0, 26310.337890625), (1, 25837.5234375)]","[(0, 19705.13671875), (1, 19898.3046875)]","[(0, 22706.705078125), (1, 26392.666015625)]","[(1, 2074.6604817708335), (2, 2141.5667613636365), (0, 2343.9808238636365), (4, 2414.31005859375), (5, 2551.9272017045455), (3, 2716.9838423295455)]","[(0, 35482.20703125), (1, 28812.130859375)]","[(4, 1686.341796875), (5, 1736.8855794270833), (3, 1782.1186899038462), (0, 1953.5016276041667), (1, 2019.4723557692307), (2, 2046.092862215909)]","[(0, 31265.015625), (1, 34980.41015625)]","[(4, 1664.2650669642858), (1, 1794.821875), (0, 1933.9181189903845), (2, 1949.7423377403845), (3, 1975.1233723958333), (5, 1977.5867513020833)]","[(0, 28078.828125), (1, 28500.53125)]"
140,"[(0, 28548.87109375), (1, 29110.3671875)]","[(0, 20618.6328125), (1, 20563.275390625)]","[(0, 20275.501953125), (1, 20881.880859375)]","[(0, 31669.0859375), (1, 32184.984375)]","[(0, 26610.830078125), (1, 25995.3828125)]","[(0, 29766.443359375), (1, 28457.265625)]","[(0, 26570.232421875), (1, 27585.173828125)]","[(0, 30254.146484375), (1, 35653.296875)]","[(1, 2212.8347981770835), (0, 2248.1086647727275), (2, 2316.8515625), (4, 2349.2867838541665), (3, 2408.0142045454545), (5, 2509.0875355113635)]","[(0, 27402.734375), (1, 26286.83984375)]","[(4, 2712.79453125), (1, 2877.3744140625), (3, 3131.5998263888887), (5, 3215.091796875), (0, 3247.4698350694443), (2, 3387.1258680555557)]","[(0, 25825.427734375), (1, 27009.919921875)]","[(1, 1801.3814174107142), (4, 1887.3917643229167), (5, 1936.749112215909), (2, 1978.8509615384614), (0, 2178.05859375), (3, 2238.432421875)]","[(0, 27950.21484375), (1, 29753.982421875)]"
141,"[(0, 26362.73046875), (1, 27475.349609375)]","[(0, 22653.173828125), (1, 22381.677734375)]","[(0, 22493.673828125), (1, 23635.771484375)]","[(0, 27274.3046875), (1, 25767.294921875)]","[(0, 29562.33203125), (1, 28552.220703125)]","[(0, 28848.287109375), (1, 29980.7421875)]","[(0, 21092.134765625), (1, 20348.083984375)]","[(0, 38863.47265625), (1, 32454.494140625)]","[(1, 1830.9906005859375), (0, 1971.3846261160713), (2, 1983.7880208333333), (4, 2513.51171875), (5, 2778.5760216346152), (3, 2905.1627604166665)]","[(0, 24500.646484375), (1, 22456.591796875)]","[(4, 2071.7306189903848), (3, 2203.3125), (5, 2282.746981534091), (1, 2560.642400568182), (0, 2905.231640625), (2, 2906.0423177083335)]","[(0, 29147.283203125), (1, 26486.9453125)]","[(4, 2165.931222098214), (3, 2348.444861778846), (5, 2435.5302734375), (1, 2609.2373798076924), (2, 2914.3393110795455), (0, 2975.5657552083335)]","[(0, 32048.41015625), (1, 31800.21875)]"
142,"[(0, 32633.263671875), (1, 34051.875)]","[(0, 22035.333984375), (1, 21275.55078125)]","[(0, 40840.23828125), (1, 37210.75)]","[(0, 29094.32421875), (1, 30346.240234375)]","[(0, 30096.244140625), (1, 27986.943359375)]","[(0, 12843.7216796875), (1, 12923.166015625)]","[(0, 26549.892578125), (1, 25643.080078125)]","[(0, 32841.09765625), (1, 22746.28125)]","[(1, 1810.033203125), (2, 1902.6181640625), (4, 1951.4330729166666), (0, 2047.5574776785713), (5, 2187.653545673077), (3, 2280.971454326923)]","[(0, 32766.078125), (1, 29023.12890625)]","[(1, 1768.5167410714287), (0, 1908.46533203125), (2, 1960.753155048077), (4, 2153.7432391826924), (3, 2322.5324928977275), (5, 2351.16064453125)]","[(0, 26852.759765625), (1, 21023.65234375)]","[(4, 1910.2645833333333), (1, 1991.7786959134614), (3, 2010.0615234375), (5, 2075.796574519231), (2, 2222.334872159091), (0, 2328.9002278645835)]","[(0, 30949.607421875), (1, 26406.94140625)]"
143,"[(0, 29607.021484375), (1, 30844.591796875)]","[(0, 23166.060546875), (1, 23640.123046875)]","[(0, 19862.07421875), (1, 19740.046875)]","[(0, 25139.44921875), (1, 25244.484375)]","[(0, 26436.169921875), (1, 23589.40625)]","[(0, 33229.9296875), (1, 32414.77734375)]","[(0, 26280.498046875), (1, 25931.796875)]","[(0, 26872.744140625), (1, 28564.83203125)]","[(4, 1753.6662454044117), (3, 1850.7301025390625), (5, 1857.7548177083333), (1, 1926.070556640625), (0, 1979.871875), (2, 2045.9139229910713)]","[(0, 26771.244140625), (1, 24838.154296875)]","[(4, 1659.290318080357), (0, 1683.5357572115386), (1, 1692.4473958333333), (3, 1762.3424479166667), (2, 1775.2269810267858), (5, 1972.8360877403845)]","[(0, 37812.7421875), (1, 33871.6953125)]","[(1, 2644.6593191964284), (0, 2819.3079427083335), (2, 2837.856971153846), (4, 3433.142127403846), (3, 3728.8053977272725), (5, 3789.6461588541665)]","[(0, 30173.5234375), (1, 31877.283203125)]"
144,"[(0, 29389.984375), (1, 30179.193359375)]","[(0, 21999.97265625), (1, 21948.376953125)]","[(0, 36172.61328125), (1, 35539.74609375)]","[(0, 23173.576171875), (1, 23366.80078125)]","[(0, 23395.677734375), (1, 23524.27734375)]","[(0, 17687.59375), (1, 18257.4296875)]","[(0, 27024.50390625), (1, 26977.328125)]","[(0, 22183.6875), (1, 25901.248046875)]","[(1, 2732.6507457386365), (4, 2945.199396306818), (0, 3016.6302734375), (2, 3073.1634765625), (3, 3311.480859375), (5, 3370.912109375)]","[(0, 23021.783203125), (1, 27003.890625)]","[(4, 2210.8182291666667), (5, 2395.2821514423076), (3, 2418.3180803571427), (1, 2768.7126116071427), (0, 2877.986778846154), (2, 3015.7184244791665)]","[(0, 38483.1875), (1, 34634.5859375)]","[(4, 1953.8602294921875), (3, 1981.89140625), (5, 2061.258231026786), (1, 2123.446484375), (0, 2341.1350446428573), (2, 2379.926231971154)]","[(0, 24456.455078125), (1, 22649.392578125)]"
145,"[(0, 28230.48046875), (1, 29354.998046875)]","[(0, 22338.962890625), (1, 21107.10546875)]","[(0, 23898.103515625), (1, 23929.828125)]","[(0, 28780.9609375), (1, 30480.005859375)]","[(0, 28305.4765625), (1, 28658.287109375)]","[(0, 28606.078125), (1, 29025.26171875)]","[(0, 27573.365234375), (1, 25432.244140625)]","[(0, 28638.615234375), (1, 35541.47265625)]","[(4, 1755.6124131944443), (1, 1771.7827690972222), (5, 1865.32373046875), (2, 1883.677490234375), (3, 1893.9521484375), (0, 1897.5970458984375)]","[(0, 30577.890625), (1, 25163.171875)]","[(4, 1992.0255408653845), (3, 2054.3850911458335), (5, 2349.540127840909), (1, 2775.545987215909), (0, 3109.2140625), (2, 3456.91015625)]","[(0, 24960.13671875), (1, 23399.203125)]","[(5, 2141.8856670673076), (4, 2169.997526041667), (3, 2203.3069196428573), (1, 2593.6032366071427), (0, 2672.255408653846), (2, 2808.6246744791665)]","[(0, 28121.6796875), (1, 30008.74609375)]"
146,"[(0, 30745.060546875), (1, 31867.587890625)]","[(0, 23202.212890625), (1, 22691.09765625)]","[(0, 23538.28125), (1, 26341.4453125)]","[(0, 24467.701171875), (1, 24802.505859375)]","[(0, 26558.25), (1, 25046.59765625)]","[(0, 29623.826171875), (1, 28506.431640625)]","[(0, 24618.341796875), (1, 22010.421875)]","[(0, 25488.4296875), (1, 31794.76171875)]","[(1, 1973.36181640625), (4, 1981.4991455078125), (5, 2189.7724609375), (0, 2190.726981026786), (3, 2203.2166573660716), (2, 2209.1604352678573)]","[(0, 26630.48046875), (1, 19991.126953125)]","[(1, 2000.89013671875), (0, 2099.8947265625), (2, 2111.928799715909), (4, 2639.6315696022725), (5, 3091.24375), (3, 3190.716796875)]","[(0, 36056.921875), (1, 38020.4140625)]","[(1, 1740.017857142857), (0, 1856.41943359375), (2, 1933.6248497596155), (4, 2138.5359700520835), (3, 2304.484765625), (5, 2343.7347301136365)]","[(0, 31066.826171875), (1, 27568.134765625)]"
147,"[(0, 25904.73046875), (1, 27662.705078125)]","[(0, 22765.0078125), (1, 21794.818359375)]","[(0, 34921.1796875), (1, 35213.09765625)]","[(0, 30802.171875), (1, 30103.5078125)]","[(0, 30111.662109375), (1, 30088.69921875)]","[(0, 33045.75), (1, 31969.95703125)]","[(0, 24661.1796875), (1, 25807.8984375)]","[(0, 29847.060546875), (1, 26335.666015625)]","[(4, 1686.1498161764705), (1, 1725.7126608455883), (3, 1821.5828125), (0, 1864.995703125), (5, 1871.1723958333334), (2, 1940.40234375)]","[(0, 29114.25390625), (1, 23527.533203125)]","[(1, 1653.333705357143), (0, 1931.69677734375), (4, 1969.5688100961538), (2, 1984.2421875), (3, 2165.5012428977275), (5, 2209.9078480113635)]","[(0, 24842.7265625), (1, 29754.75)]","[(0, 1632.8165283203125), (1, 1641.4449678308824), (2, 1705.5203857421875), (4, 1813.2113970588234), (3, 1827.297607421875), (5, 1931.2298583984375)]","[(0, 30166.388671875), (1, 31117.978515625)]"
148,"[(0, 25523.798828125), (1, 25963.173828125)]","[(0, 20778.5234375), (1, 21124.6875)]","[(0, 16917.099609375), (1, 17785.087890625)]","[(0, 26387.958984375), (1, 26777.447265625)]","[(0, 25973.080078125), (1, 25433.21484375)]","[(0, 35476.08203125), (1, 36591.39453125)]","[(0, 20437.71875), (1, 21446.48828125)]","[(0, 31172.005859375), (1, 23836.080078125)]","[(1, 2402.3604266826924), (4, 2430.7806490384614), (2, 2545.14599609375), (0, 2559.0970052083335), (5, 2582.6930338541665), (3, 2615.7000325520835)]","[(0, 26303.890625), (1, 22886.671875)]","[(4, 2119.2975725446427), (3, 2165.7388822115386), (1, 2175.8583984375), (5, 2271.576171875), (0, 2452.931189903846), (2, 2524.945012019231)]","[(0, 40592.92578125), (1, 35857.27734375)]","[(0, 1912.1385216346155), (1, 1926.96484375), (3, 1937.3828125), (4, 2004.2478966346155), (2, 2219.4481670673076), (5, 2283.9313151041665)]","[(0, 31212.908203125), (1, 25401.84765625)]"
149,"[(0, 28946.451171875), (1, 30210.177734375)]","[(0, 20391.83203125), (1, 20177.703125)]","[(0, 32469.94140625), (1, 31986.1796875)]","[(0, 25555.2890625), (1, 25444.34765625)]","[(0, 26177.712890625), (1, 28911.908203125)]","[(0, 26382.57421875), (1, 26195.994140625)]","[(0, 31187.794921875), (1, 30289.13671875)]","[(0, 28087.2109375), (1, 30856.30078125)]","[(1, 2039.846958705357), (0, 2101.1446940104165), (2, 2218.578425480769), (4, 2641.8427734375), (3, 2772.633203125), (5, 2827.2024147727275)]","[(0, 23409.759765625), (1, 26814.24609375)]","[(4, 1768.4118489583334), (3, 1959.5064603365386), (1, 1982.009068080357), (5, 1996.4950420673076), (2, 2225.4736328125), (0, 2293.42822265625)]","[(0, 37456.09765625), (1, 31892.73046875)]","[(4, 1973.8843149038462), (1, 2027.5913783482142), (3, 2080.1184303977275), (5, 2338.49462890625), (0, 2359.1407877604165), (2, 2364.176983173077)]","[(0, 30143.23828125), (1, 28241.87109375)]"
150,"[(0, 24631.259765625), (1, 26014.181640625)]","[(0, 21203.625), (1, 21332.521484375)]","[(0, 24231.654296875), (1, 22691.248046875)]","[(0, 27227.70703125), (1, 26211.314453125)]","[(0, 27220.64453125), (1, 29715.8984375)]","[(0, 34479.62890625), (1, 33205.28125)]","[(0, 27417.818359375), (1, 28720.28515625)]","[(0, 36599.875), (1, 27746.328125)]","[(1, 1560.448184742647), (4, 1602.552734375), (0, 1618.89375), (2, 1671.6859130859375), (3, 1731.3423978365386), (5, 1769.7347935267858)]","[(0, 27918.83203125), (1, 25179.3984375)]","[(4, 1804.1800130208333), (1, 1837.7493990384614), (2, 2066.9484049479165), (5, 2102.6441761363635), (3, 2103.255859375), (0, 2117.830255681818)]","[(0, 31642.42578125), (1, 32305.220703125)]","[(4, 1554.39794921875), (5, 1604.7921316964287), (3, 1645.062109375), (1, 1695.635463169643), (2, 1701.4078776041667), (0, 1872.6826923076924)]","[(0, 26586.30078125), (1, 27025.5078125)]"
151,"[(0, 27752.23046875), (1, 28888.373046875)]","[(0, 22326.845703125), (1, 23539.5625)]","[(0, 27670.69921875), (1, 27356.54296875)]","[(0, 21790.287109375), (1, 21943.7109375)]","[(0, 30519.650390625), (1, 31804.646484375)]","[(0, 31537.73828125), (1, 31389.1484375)]","[(0, 25444.98046875), (1, 26267.166015625)]","[(0, 28764.22265625), (1, 22453.57421875)]","[(1, 1485.8270733173076), (2, 1507.2229817708333), (0, 1636.5712890625), (4, 1707.9385516826924), (5, 1755.8668619791667), (3, 1902.3487955729167)]","[(0, 25162.884765625), (1, 22396.73046875)]","[(4, 2880.337002840909), (3, 3128.959375), (1, 3200.4857954545455), (5, 3250.78359375), (0, 3546.46171875), (2, 3605.46875)]","[(0, 25395.234375), (1, 21891.30859375)]","[(1, 2285.254464285714), (2, 2546.965144230769), (0, 2585.8821614583335), (3, 2938.4576171875), (4, 3005.6149088541665), (5, 3244.821377840909)]","[(0, 25362.8984375), (1, 26207.814453125)]"
152,"[(0, 26810.822265625), (1, 28311.525390625)]","[(0, 26189.30078125), (1, 24867.1171875)]","[(0, 23690.54296875), (1, 22612.55078125)]","[(0, 33698.9296875), (1, 32889.5859375)]","[(0, 26079.80859375), (1, 26634.94921875)]","[(0, 29142.69921875), (1, 29236.81640625)]","[(0, 20869.677734375), (1, 21365.626953125)]","[(0, 27842.576171875), (1, 26958.015625)]","[(4, 1988.0385044642858), (3, 2175.223407451923), (1, 2202.659737723214), (5, 2203.2877103365386), (2, 2435.839543269231), (0, 2454.435997596154)]","[(0, 31141.935546875), (1, 25363.28515625)]","[(4, 2704.141512784091), (1, 2838.235440340909), (5, 3048.27109375), (3, 3150.6173828125), (2, 3244.4900390625), (0, 3269.3041015625)]","[(0, 28201.17578125), (1, 24130.833984375)]","[(1, 1432.8807444852941), (0, 1495.7903645833333), (2, 1497.2346354166666), (4, 1513.846622242647), (3, 1541.4509114583334), (5, 1567.4627604166667)]","[(0, 21835.57421875), (1, 22622.365234375)]"
153,"[(0, 34153.5078125), (1, 35629.70703125)]","[(0, 25144.62890625), (1, 23515.732421875)]","[(0, 30275.6484375), (1, 27493.85546875)]","[(0, 27009.095703125), (1, 24768.919921875)]","[(0, 30276.3984375), (1, 27889.240234375)]","[(0, 26964.802734375), (1, 26737.513671875)]","[(0, 23028.349609375), (1, 22113.181640625)]","[(0, 31520.328125), (1, 30220.146484375)]","[(1, 2123.685965401786), (2, 2335.223407451923), (0, 2366.5341796875), (4, 2618.66015625), (5, 2759.2963423295455), (3, 3006.1681640625)]","[(0, 24765.021484375), (1, 24230.130859375)]","[(1, 2243.865685096154), (2, 2415.0515950520835), (0, 2431.895596590909), (4, 2728.1326497395835), (5, 2926.3316761363635), (3, 2927.7943359375)]","[(0, 25953.8671875), (1, 29590.02734375)]","[(2, 1920.9829545454545), (1, 1921.6131184895833), (0, 2166.823330965909), (4, 2318.9669596354165), (5, 2332.7613636363635), (3, 2635.3707386363635)]","[(0, 29731.4609375), (1, 26249.9609375)]"
154,"[(0, 31249.9609375), (1, 32648.453125)]","[(0, 25370.3984375), (1, 24635.60546875)]","[(0, 20914.5078125), (1, 20450.880859375)]","[(0, 27836.390625), (1, 27880.96875)]","[(0, 29723.494140625), (1, 31796.76171875)]","[(0, 35222.94140625), (1, 35170.4765625)]","[(0, 23401.14453125), (1, 22787.51171875)]","[(0, 22733.072265625), (1, 26803.076171875)]","[(4, 2025.1216517857142), (3, 2131.6377704326924), (5, 2196.4986478365386), (1, 2200.5622209821427), (0, 2348.355168269231), (2, 2387.8673377403848)]","[(0, 22362.5390625), (1, 18980.26953125)]","[(4, 1870.7103365384614), (5, 1955.787109375), (3, 2028.2096354166667), (1, 2310.9948508522725), (0, 2558.2501953125), (2, 2577.303168402778)]","[(0, 33506.11328125), (1, 39344.08984375)]","[(4, 2476.6134314903848), (1, 2517.3494591346152), (5, 2609.4212239583335), (3, 2633.9461263020835), (2, 2658.8277994791665), (0, 2726.3434244791665)]","[(0, 28536.404296875), (1, 30621.3125)]"
155,"[(0, 28388.986328125), (1, 28711.35546875)]","[(0, 22053.517578125), (1, 22992.578125)]","[(0, 27554.59765625), (1, 28266.95703125)]","[(0, 22764.576171875), (1, 21595.73828125)]","[(0, 26741.287109375), (1, 27595.4375)]","[(0, 37893.5703125), (1, 37316.12109375)]","[(0, 28217.505859375), (1, 27391.76171875)]","[(0, 25824.861328125), (1, 24879.453125)]","[(4, 1858.187109375), (5, 2025.318359375), (3, 2042.3152901785713), (1, 2424.0608258928573), (2, 2463.861328125), (0, 2584.812199519231)]","[(0, 26633.70703125), (1, 35452.171875)]","[(1, 1547.4949951171875), (4, 1680.85400390625), (0, 1713.0496651785713), (3, 1773.0341796875), (2, 1805.3422154017858), (5, 1857.4630301339287)]","[(0, 29597.875), (1, 28169.888671875)]","[(1, 2329.915625), (2, 2409.3127790178573), (0, 2473.5334821428573), (4, 2484.02890625), (5, 2537.5945870535716), (3, 2603.1760602678573)]","[(0, 28050.08203125), (1, 28890.521484375)]"
156,"[(0, 23276.412109375), (1, 24421.169921875)]","[(0, 23993.7421875), (1, 22855.416015625)]","[(0, 26791.8046875), (1, 26328.259765625)]","[(0, 30208.966796875), (1, 30140.10546875)]","[(0, 28980.205078125), (1, 30157.90234375)]","[(0, 32966.17578125), (1, 33819.6015625)]","[(0, 30352.75390625), (1, 32044.40625)]","[(0, 28250.46484375), (1, 26965.162109375)]","[(4, 1709.487025669643), (3, 1838.498046875), (5, 1960.2649739583333), (1, 1994.0305989583333), (0, 2066.9604048295455), (2, 2380.207421875)]","[(0, 25348.53515625), (1, 24870.01171875)]","[(4, 1898.0203683035713), (5, 2185.28662109375), (3, 2237.4462890625), (1, 2394.3389423076924), (2, 2747.055752840909), (0, 2749.941583806818)]","[(0, 27366.25), (1, 25824.8125)]","[(4, 2075.7434430803573), (3, 2452.201622596154), (5, 2457.0353190104165), (1, 2607.2273763020835), (0, 2855.742365056818), (2, 2990.044921875)]","[(0, 25357.794921875), (1, 23292.357421875)]"
157,"[(0, 31762.63671875), (1, 32591.7109375)]","[(0, 23649.388671875), (1, 24699.685546875)]","[(0, 32617.986328125), (1, 31551.42578125)]","[(0, 25534.38671875), (1, 24454.662109375)]","[(0, 28097.8203125), (1, 27527.7265625)]","[(0, 32986.96484375), (1, 33733.40234375)]","[(0, 19292.830078125), (1, 20927.2578125)]","[(0, 30342.4765625), (1, 37322.3828125)]","[(4, 1829.6268136160713), (3, 2048.9810697115386), (5, 2203.2726236979165), (1, 2215.22509765625), (0, 2507.9296875), (2, 2625.6646484375)]","[(0, 27230.3046875), (1, 34342.09375)]","[(4, 1297.6520432692307), (3, 1313.6632486979167), (5, 1474.0432942708333), (1, 1611.7506009615386), (0, 1633.6507161458333), (2, 1849.9085286458333)]","[(0, 25997.515625), (1, 22663.890625)]","[(1, 2128.211669921875), (4, 2193.259880514706), (0, 2299.9778180803573), (2, 2300.611886160714), (3, 2303.1776041666667), (5, 2427.030208333333)]","[(0, 30212.71484375), (1, 30476.953125)]"
158,"[(0, 23577.509765625), (1, 23473.36328125)]","[(0, 26638.658203125), (1, 27269.517578125)]","[(0, 30307.224609375), (1, 28630.751953125)]","[(0, 21171.21484375), (1, 21238.3515625)]","[(0, 29829.81640625), (1, 29736.70703125)]","[(0, 32227.27734375), (1, 31156.25390625)]","[(0, 21195.052734375), (1, 23713.732421875)]","[(0, 31758.912109375), (1, 25485.90234375)]","[(4, 2169.230168269231), (1, 2223.547626201923), (3, 2292.43115234375), (5, 2293.2159830729165), (2, 2298.1923828125), (0, 2319.6370442708335)]","[(0, 23806.228515625), (1, 21618.94140625)]","[(4, 2940.91328125), (1, 3174.4681640625), (5, 3222.1514756944443), (3, 3227.5243055555557), (0, 3448.7799479166665), (2, 3563.5842013888887)]","[(0, 31383.40234375), (1, 32161.818359375)]","[(2, 1750.603794642857), (1, 1798.936328125), (0, 2113.581280048077), (5, 2127.3868815104165), (4, 2135.5342548076924), (3, 2466.9085582386365)]","[(0, 32897.9609375), (1, 29403.77734375)]"
159,"[(0, 30998.759765625), (1, 32057.181640625)]","[(0, 25365.77734375), (1, 24808.349609375)]","[(0, 21983.634765625), (1, 21994.140625)]","[(0, 23779.724609375), (1, 25802.728515625)]","[(0, 24677.71875), (1, 23559.392578125)]","[(0, 32313.755859375), (1, 31837.908203125)]","[(0, 27287.544921875), (1, 26060.31640625)]","[(0, 30405.9453125), (1, 27807.150390625)]","[(1, 1844.4864430147059), (0, 1865.9794270833333), (4, 1893.439453125), (3, 1956.763392857143), (2, 1967.4174479166666), (5, 1986.3784877232142)]","[(0, 23392.3984375), (1, 20803.126953125)]","[(1, 1856.8266927083334), (2, 1870.0703125), (0, 2049.9329927884614), (4, 2290.2028459821427), (5, 2291.755859375), (3, 2417.0193684895835)]","[(0, 26035.177734375), (1, 31106.01953125)]","[(4, 2267.154474431818), (5, 2474.054296875), (3, 2481.2798828125), (1, 2787.179865056818), (0, 3005.557421875), (2, 3130.3203125)]","[(0, 28412.44140625), (1, 29199.591796875)]"
160,"[(0, 23772.4921875), (1, 23980.796875)]","[(0, 25885.123046875), (1, 25795.32421875)]","[(0, 29101.84375), (1, 28774.263671875)]","[(0, 26221.814453125), (1, 24734.431640625)]","[(0, 22336.279296875), (1, 22508.07421875)]","[(0, 36746.94140625), (1, 37030.5625)]","[(0, 22522.544921875), (1, 23287.115234375)]","[(0, 32183.234375), (1, 34202.66015625)]","[(2, 2054.6305803571427), (1, 2088.881380208333), (4, 2293.0744977678573), (5, 2402.032752403846), (0, 2406.595703125), (3, 2696.4724934895835)]","[(0, 25512.359375), (1, 25737.16015625)]","[(1, 1793.7322823660713), (0, 1876.5854867788462), (2, 1945.6373197115386), (3, 2117.9938151041665), (4, 2146.7997295673076), (5, 2234.63134765625)]","[(0, 29487.06640625), (1, 30237.734375)]","[(4, 2753.0983072916665), (5, 2766.9144176136365), (2, 2880.7021484375), (1, 2950.152521306818), (3, 3066.5209517045455), (0, 3308.182421875)]","[(0, 32970.01171875), (1, 29055.28125)]"
161,"[(0, 32253.62890625), (1, 33564.54296875)]","[(0, 21873.1953125), (1, 22352.984375)]","[(0, 23148.328125), (1, 23148.947265625)]","[(0, 29905.8125), (1, 28963.07421875)]","[(0, 28386.90234375), (1, 28927.93359375)]","[(0, 28314.359375), (1, 28460.849609375)]","[(0, 24009.720703125), (1, 22703.953125)]","[(0, 24161.4140625), (1, 28108.728515625)]","[(4, 2063.592548076923), (3, 2214.4309895833335), (5, 2214.466796875), (1, 2840.9026692708335), (0, 3006.9996448863635), (2, 3109.104296875)]","[(0, 28259.705078125), (1, 28095.0078125)]","[(1, 1387.5645833333333), (2, 1426.4253627232142), (0, 1482.1021634615386), (4, 1568.1075613839287), (5, 1679.268780048077), (3, 1710.0719401041667)]","[(0, 28908.544921875), (1, 25745.974609375)]","[(5, 2435.7814002403848), (4, 2494.371614583333), (2, 2517.9522235576924), (1, 2564.0096354166667), (3, 2625.8302283653848), (0, 2677.6685697115386)]","[(0, 28367.580078125), (1, 29842.447265625)]"
162,"[(0, 25381.09375), (1, 25761.32421875)]","[(0, 21395.7421875), (1, 21135.568359375)]","[(0, 23631.0390625), (1, 23851.22265625)]","[(0, 25821.119140625), (1, 26251.138671875)]","[(0, 27533.6875), (1, 26548.017578125)]","[(0, 28908.076171875), (1, 28527.671875)]","[(0, 20799.658203125), (1, 19457.31640625)]","[(0, 31074.857421875), (1, 29507.939453125)]","[(4, 1979.9908854166667), (1, 2134.3329326923076), (3, 2221.6318359375), (5, 2245.6231971153848), (2, 2339.1841264204545), (0, 2500.86474609375)]","[(0, 29589.802734375), (1, 26629.6171875)]","[(4, 2558.3041548295455), (3, 2631.580859375), (5, 2672.326171875), (1, 2883.816583806818), (0, 2998.44296875), (2, 3061.5033203125)]","[(0, 28362.791015625), (1, 26057.90625)]","[(0, 2362.6060697115386), (1, 2451.1124441964284), (3, 2617.53173828125), (2, 2693.162860576923), (4, 2932.509014423077), (5, 3104.6389973958335)]","[(0, 25559.65234375), (1, 27040.796875)]"
163,"[(0, 27262.57421875), (1, 28268.357421875)]","[(0, 22013.572265625), (1, 22491.873046875)]","[(0, 21753.2265625), (1, 21429.478515625)]","[(0, 26131.94140625), (1, 25490.30078125)]","[(0, 22688.478515625), (1, 24338.69921875)]","[(0, 29590.19921875), (1, 28651.646484375)]","[(0, 30087.953125), (1, 29249.255859375)]","[(0, 34609.921875), (1, 37205.4296875)]","[(1, 1892.2133091517858), (4, 1973.7111002604167), (0, 2010.1818033854167), (3, 2102.4576171875), (2, 2243.951171875), (5, 2257.7643821022725)]","[(0, 27036.748046875), (1, 29999.6484375)]","[(1, 2085.5733173076924), (2, 2283.0037434895835), (4, 2293.4765625), (5, 2349.2330729166665), (0, 2378.1767578125), (3, 2440.5315755208335)]","[(0, 23159.546875), (1, 22528.49609375)]","[(4, 2684.034855769231), (5, 2721.95263671875), (3, 2790.48046875), (2, 3137.4098011363635), (1, 3216.8902994791665), (0, 3293.9936079545455)]","[(0, 31037.685546875), (1, 27171.884765625)]"
164,"[(0, 29937.0859375), (1, 31036.830078125)]","[(0, 20637.8515625), (1, 21482.86328125)]","[(0, 26477.068359375), (1, 24613.857421875)]","[(0, 31354.623046875), (1, 28424.5546875)]","[(0, 22797.9453125), (1, 22233.693359375)]","[(0, 27386.275390625), (1, 27839.654296875)]","[(0, 39856.18359375), (1, 39492.8046875)]","[(0, 30560.486328125), (1, 30876.31640625)]","[(4, 1806.4834635416667), (1, 1863.7572021484375), (5, 1910.4525669642858), (3, 1915.6612079326924), (0, 1953.956752232143), (2, 2098.5794270833335)]","[(0, 23403.798828125), (1, 20878.435546875)]","[(4, 2263.4342447916665), (1, 2418.8805042613635), (3, 2453.2494673295455), (5, 2528.653125), (0, 2854.149609375), (2, 2892.3313802083335)]","[(0, 26378.021484375), (1, 25476.47265625)]","[(1, 1701.3162841796875), (2, 1767.8958333333333), (0, 1786.5806361607142), (3, 1918.9139122596155), (4, 1950.8432291666666), (5, 2051.0673828125)]","[(0, 29082.83984375), (1, 30593.5234375)]"
165,"[(0, 29546.01171875), (1, 30488.9609375)]","[(0, 21296.64453125), (1, 21381.8515625)]","[(0, 30139.38671875), (1, 31442.08984375)]","[(0, 27616.259765625), (1, 27081.701171875)]","[(0, 27000.33984375), (1, 26284.857421875)]","[(0, 28812.3515625), (1, 28967.853515625)]","[(0, 27028.13671875), (1, 26838.806640625)]","[(0, 25281.734375), (1, 24139.2578125)]","[(4, 2165.010323660714), (5, 2185.8330829326924), (3, 2210.8270733173076), (2, 2454.6861979166665), (0, 2496.81103515625), (1, 2536.935997596154)]","[(0, 29444.97265625), (1, 28892.3125)]","[(4, 1881.2611083984375), (3, 1929.4248697916667), (5, 2067.0574776785716), (1, 2286.0545479910716), (0, 2393.2294170673076), (2, 2488.8709309895835)]","[(0, 29542.4609375), (1, 29360.822265625)]","[(1, 1363.165798611111), (0, 1420.79541015625), (2, 1424.5774356617646), (4, 1790.4725413602941), (3, 1860.998046875), (5, 1864.7706298828125)]","[(0, 32604.642578125), (1, 33008.9921875)]"
166,"[(0, 31774.6953125), (1, 33440.2890625)]","[(0, 21114.455078125), (1, 21133.7734375)]","[(0, 24988.861328125), (1, 24229.736328125)]","[(0, 30837.794921875), (1, 30608.49609375)]","[(0, 22307.880859375), (1, 21775.9140625)]","[(0, 28664.818359375), (1, 28007.634765625)]","[(0, 21471.044921875), (1, 21648.36328125)]","[(0, 29828.0234375), (1, 25487.845703125)]","[(4, 1940.3291015625), (3, 2098.097265625), (5, 2117.3703962053573), (1, 2124.2282552083334), (0, 2298.190848214286), (2, 2397.14453125)]","[(0, 19708.37109375), (1, 23710.2734375)]","[(4, 1622.7503255208333), (5, 1725.4280894886363), (3, 1775.1384943181818), (1, 1831.6357421875), (2, 1995.0768821022727), (0, 2061.845525568182)]","[(0, 36225.9140625), (1, 33285.40234375)]","[(1, 3081.048650568182), (2, 3140.8193359375), (4, 3191.120028409091), (5, 3265.6923828125), (0, 3459.629296875), (3, 3618.844921875)]","[(0, 23156.166015625), (1, 25299.89453125)]"
167,"[(0, 27299.36328125), (1, 30297.919921875)]","[(0, 21776.203125), (1, 20198.341796875)]","[(0, 24371.173828125), (1, 24429.509765625)]","[(0, 33516.46875), (1, 30803.23046875)]","[(0, 29447.076171875), (1, 30212.626953125)]","[(0, 25977.6640625), (1, 24714.435546875)]","[(0, 23227.517578125), (1, 21667.48828125)]","[(0, 27109.583984375), (1, 33677.0546875)]","[(0, 2628.5859375), (1, 2693.0441080729165), (3, 2864.3449928977275), (4, 2900.0390625), (2, 2936.701171875), (5, 3235.529474431818)]","[(0, 24264.490234375), (1, 23684.578125)]","[(4, 1700.3033854166667), (5, 1827.8302283653845), (3, 1831.697544642857), (1, 1844.6417410714287), (2, 1879.1228841145833), (0, 1993.6239483173076)]","[(0, 35587.26171875), (1, 32116.36328125)]","[(4, 2363.0611979166665), (3, 2367.715401785714), (1, 2637.4453125), (5, 2643.466045673077), (0, 2826.3909505208335), (2, 3158.084161931818)]","[(0, 28860.1484375), (1, 31650.365234375)]"
168,"[(0, 28461.119140625), (1, 30514.587890625)]","[(0, 21075.70703125), (1, 20497.703125)]","[(0, 31972.458984375), (1, 30902.416015625)]","[(0, 31335.8203125), (1, 33003.83203125)]","[(0, 30850.091796875), (1, 30489.310546875)]","[(0, 24630.857421875), (1, 25874.263671875)]","[(0, 19771.435546875), (1, 17156.86328125)]","[(0, 24666.166015625), (1, 27347.884765625)]","[(4, 1601.2146935096155), (3, 1675.29833984375), (1, 1809.2699819711538), (5, 1842.3697916666667), (0, 1919.4609375), (2, 2093.0929361979165)]","[(0, 27209.744140625), (1, 29235.92578125)]","[(1, 1584.7178385416667), (2, 1756.0113002232142), (0, 1840.992938701923), (5, 1978.5431315104167), (4, 2043.0863882211538), (3, 2132.757990056818)]","[(0, 30947.748046875), (1, 27056.7109375)]","[(4, 1683.16796875), (1, 1761.6870404411766), (0, 1785.94140625), (3, 1790.045703125), (5, 2018.838671875), (2, 2048.2813802083333)]","[(0, 26639.142578125), (1, 22898.330078125)]"
169,"[(0, 32323.21875), (1, 34377.41796875)]","[(0, 22872.599609375), (1, 23506.62890625)]","[(0, 27055.05859375), (1, 26679.236328125)]","[(0, 29976.82421875), (1, 28730.66796875)]","[(0, 29366.337890625), (1, 28729.296875)]","[(0, 30992.90625), (1, 31557.50390625)]","[(0, 31650.154296875), (1, 31033.27734375)]","[(0, 31665.009765625), (1, 37019.0859375)]","[(1, 1336.2396484375), (2, 1407.3939887152778), (0, 1421.1809895833333), (4, 1467.759765625), (3, 1544.7752821180557), (5, 1551.531467013889)]","[(0, 24480.1640625), (1, 26340.642578125)]","[(1, 1894.1953125), (2, 1903.7470703125), (4, 1993.975864955357), (0, 2022.743389423077), (5, 2174.8810096153848), (3, 2287.0657552083335)]","[(0, 27112.296875), (1, 36943.296875)]","[(1, 2111.9655412946427), (4, 2337.023737980769), (2, 2469.033954326923), (0, 2471.4200846354165), (3, 2559.7952769886365), (5, 2711.2814127604165)]","[(0, 28215.3515625), (1, 30116.859375)]"
170,"[(0, 29993.810546875), (1, 31161.720703125)]","[(0, 23850.541015625), (1, 24098.66015625)]","[(0, 26908.544921875), (1, 26924.35546875)]","[(0, 25398.48046875), (1, 25480.166015625)]","[(0, 24931.396484375), (1, 23392.62109375)]","[(0, 33494.64453125), (1, 32891.84375)]","[(0, 32837.83984375), (1, 33613.23046875)]","[(0, 28688.4765625), (1, 34851.515625)]","[(1, 1518.2201822916666), (4, 1573.0311279296875), (2, 1615.6748798076924), (5, 1629.7607421875), (0, 1642.7186104910713), (3, 1766.171875)]","[(0, 24932.9921875), (1, 24382.330078125)]","[(4, 1679.2528545673076), (5, 1783.735440340909), (3, 1905.7408854166667), (1, 1939.580965909091), (2, 2201.2994791666665), (0, 2296.869140625)]","[(0, 26956.11328125), (1, 28378.99609375)]","[(4, 2654.2855113636365), (3, 2667.62578125), (1, 2994.5110085227275), (0, 3036.841796875), (5, 3329.283203125), (2, 3717.531640625)]","[(0, 31529.138671875), (1, 32819.37109375)]"
171,"[(0, 24735.255859375), (1, 25175.1484375)]","[(0, 24184.328125), (1, 23005.498046875)]","[(0, 25548.39453125), (1, 25639.533203125)]","[(0, 26132.515625), (1, 26804.404296875)]","[(0, 19372.498046875), (1, 18725.966796875)]","[(0, 33431.48828125), (1, 31190.859375)]","[(0, 29394.048828125), (1, 26042.900390625)]","[(0, 26136.951171875), (1, 30718.09765625)]","[(1, 1674.0256510416666), (2, 1675.465122767857), (0, 1781.2010216346155), (4, 2213.3758370535716), (5, 2264.619891826923), (3, 2464.4156901041665)]","[(0, 23151.75), (1, 23548.90234375)]","[(1, 2297.482979910714), (2, 2472.9693509615386), (0, 2488.4982096354165), (5, 2584.7477213541665), (4, 2633.9639423076924), (3, 2743.068536931818)]","[(0, 22623.357421875), (1, 25580.720703125)]","[(1, 2084.0764508928573), (4, 2285.1756184895835), (0, 2316.6569010416665), (3, 2415.9916015625), (2, 2434.949969951923), (5, 2658.825284090909)]","[(0, 30978.751953125), (1, 26345.615234375)]"
172,"[(0, 24919.677734375), (1, 27395.3671875)]","[(0, 26419.9140625), (1, 26243.5546875)]","[(0, 23025.625), (1, 22964.22265625)]","[(0, 29031.15625), (1, 31385.705078125)]","[(0, 19095.99609375), (1, 18102.0)]","[(0, 29436.7734375), (1, 30093.375)]","[(0, 22982.47265625), (1, 21751.62890625)]","[(0, 33242.00390625), (1, 29648.896484375)]","[(4, 1975.9584263392858), (1, 2036.7523716517858), (5, 2253.5843098958335), (3, 2256.6168619791665), (0, 2325.9415690104165), (2, 2346.2799479166665)]","[(0, 38113.12890625), (1, 30292.8046875)]","[(1, 1958.9535435267858), (2, 2191.0774739583335), (0, 2201.6658528645835), (4, 2249.082331730769), (3, 2326.31640625), (5, 2416.662286931818)]","[(0, 31651.302734375), (1, 31471.486328125)]","[(1, 3107.583806818182), (0, 3164.9158203125), (3, 3318.7109375), (4, 3332.8412642045455), (2, 3434.33046875), (5, 3709.244921875)]","[(0, 25314.787109375), (1, 23035.00390625)]"
173,"[(0, 31911.107421875), (1, 32309.443359375)]","[(0, 19871.072265625), (1, 19684.119140625)]","[(0, 28889.30859375), (1, 30958.728515625)]","[(0, 29291.65625), (1, 28188.376953125)]","[(0, 31207.431640625), (1, 31113.138671875)]","[(0, 26020.482421875), (1, 25690.517578125)]","[(0, 32086.26953125), (1, 31103.201171875)]","[(0, 26787.69140625), (1, 28399.4375)]","[(4, 2204.084284855769), (3, 2270.904296875), (1, 2313.178034855769), (0, 2359.4490559895835), (5, 2516.35546875), (2, 2556.821200284091)]","[(0, 32999.171875), (1, 29722.078125)]","[(4, 1941.0580357142858), (3, 2185.643329326923), (5, 2268.8347981770835), (1, 2850.2516276041665), (0, 3248.608309659091), (2, 3370.89296875)]","[(0, 35640.2421875), (1, 32034.4765625)]","[(4, 1917.670654296875), (3, 2009.4036458333333), (5, 2164.4610770089284), (1, 2230.577604166667), (0, 2263.8796037946427), (2, 2588.524939903846)]","[(0, 27683.87109375), (1, 29394.693359375)]"
174,"[(0, 24152.498046875), (1, 26772.75)]","[(0, 23844.126953125), (1, 23280.03125)]","[(0, 23312.357421875), (1, 22119.994140625)]","[(0, 28279.44140625), (1, 26035.40234375)]","[(0, 25853.173828125), (1, 24660.9921875)]","[(0, 25280.1171875), (1, 25951.73828125)]","[(0, 23274.392578125), (1, 24564.68359375)]","[(0, 33047.80078125), (1, 28914.529296875)]","[(4, 1985.0584542410713), (3, 2096.847205528846), (5, 2140.3583233173076), (1, 2154.8406808035716), (0, 2323.5716646634614), (2, 2387.808143028846)]","[(0, 24938.81640625), (1, 32667.169921875)]","[(4, 1746.6681082589287), (5, 2059.39306640625), (1, 2142.57421875), (3, 2155.8966471354165), (2, 2394.738458806818), (0, 2503.8909801136365)]","[(0, 20076.146484375), (1, 21775.580078125)]","[(2, 2113.490534855769), (1, 2159.91171875), (0, 2325.706730769231), (4, 2357.480989583333), (5, 2394.8209134615386), (3, 2619.394831730769)]","[(0, 24254.658203125), (1, 25304.818359375)]"
175,"[(0, 30605.83984375), (1, 31430.875)]","[(0, 24136.83984375), (1, 23209.6484375)]","[(0, 28260.083984375), (1, 26839.44921875)]","[(0, 22855.001953125), (1, 22861.30078125)]","[(0, 24567.541015625), (1, 25469.818359375)]","[(0, 24738.134765625), (1, 24991.935546875)]","[(0, 25869.525390625), (1, 26654.134765625)]","[(0, 26362.427734375), (1, 27360.90234375)]","[(4, 2188.586115056818), (3, 2337.4267578125), (5, 2417.85625), (1, 2434.0326704545455), (0, 2646.8435546875), (2, 2678.117578125)]","[(0, 27863.42578125), (1, 26341.142578125)]","[(1, 1929.9078369140625), (2, 2038.6192708333333), (0, 2078.5604073660716), (4, 2422.0987723214284), (5, 2613.2842548076924), (3, 2662.2303059895835)]","[(0, 28842.7578125), (1, 27693.45703125)]","[(1, 2492.18408203125), (4, 2574.6243489583335), (0, 2601.847478693182), (2, 2622.281427556818), (3, 2661.5044389204545), (5, 2712.5152698863635)]","[(0, 25526.037109375), (1, 23341.01171875)]"
176,"[(0, 32802.62890625), (1, 33654.3203125)]","[(0, 23345.908203125), (1, 22660.6484375)]","[(0, 22837.353515625), (1, 23164.58203125)]","[(0, 23441.998046875), (1, 26369.595703125)]","[(0, 23603.470703125), (1, 24773.80859375)]","[(0, 30611.8828125), (1, 30816.541015625)]","[(0, 22796.57421875), (1, 22672.451171875)]","[(0, 25776.6328125), (1, 28043.369140625)]","[(3, 1926.03466796875), (0, 1954.5974934895833), (4, 1957.0243389423076), (1, 1986.2833533653845), (5, 2072.2164713541665), (2, 2090.16259765625)]","[(0, 27343.109375), (1, 22702.6328125)]","[(1, 1602.3468191964287), (2, 1701.5575420673076), (0, 1741.10791015625), (4, 2191.2467447916665), (5, 2415.4225852272725), (3, 2501.2990234375)]","[(0, 27851.28515625), (1, 29235.87109375)]","[(4, 1886.1036658653845), (5, 2124.019708806818), (3, 2152.8352864583335), (1, 2239.7263997395835), (0, 2396.9730113636365), (2, 2407.11875)]","[(0, 21671.125), (1, 23526.521484375)]"
177,"[(0, 28841.876953125), (1, 30199.89453125)]","[(0, 23042.49609375), (1, 23341.078125)]","[(0, 27620.6328125), (1, 27877.513671875)]","[(0, 27757.3125), (1, 27120.521484375)]","[(0, 28298.783203125), (1, 29857.736328125)]","[(0, 29881.3203125), (1, 30727.328125)]","[(0, 25792.642578125), (1, 25178.60546875)]","[(0, 31552.328125), (1, 29997.072265625)]","[(4, 1989.9388521634614), (1, 2056.366796875), (3, 2058.0854048295455), (0, 2194.513671875), (2, 2331.9412667410716), (5, 2333.4822591145835)]","[(0, 23988.52734375), (1, 22453.89453125)]","[(1, 1690.6341145833333), (2, 1790.506747159091), (4, 1959.1510416666667), (0, 1965.7201704545455), (5, 2045.3513849431818), (3, 2166.1003196022725)]","[(0, 27274.927734375), (1, 27679.330078125)]","[(1, 2345.3837890625), (4, 2417.735107421875), (2, 2448.86875), (5, 2493.781770833333), (0, 2566.7578125), (3, 2577.09375)]","[(0, 29100.595703125), (1, 31182.056640625)]"
178,"[(0, 23512.998046875), (1, 24295.984375)]","[(0, 25654.35546875), (1, 25563.72265625)]","[(0, 22533.1796875), (1, 23319.763671875)]","[(0, 39544.55078125), (1, 39439.16796875)]","[(0, 24428.322265625), (1, 25008.6953125)]","[(0, 31097.921875), (1, 30463.763671875)]","[(0, 29856.767578125), (1, 30077.30859375)]","[(0, 22657.537109375), (1, 25831.658203125)]","[(4, 1486.33349609375), (3, 1540.7734375), (5, 1588.8041294642858), (1, 1987.05859375), (2, 2121.4303385416665), (0, 2179.4239783653848)]","[(0, 21575.2578125), (1, 17804.265625)]","[(4, 2151.1262555803573), (3, 2462.0692608173076), (5, 2519.244140625), (1, 2934.4055989583335), (2, 3230.8978515625), (0, 3271.231534090909)]","[(0, 21435.671875), (1, 21208.66015625)]","[(1, 2138.328125), (4, 2199.188058035714), (0, 2232.71875), (2, 2376.657902644231), (3, 2517.67822265625), (5, 2637.525390625)]","[(0, 28440.255859375), (1, 28991.92578125)]"
179,"[(0, 26904.951171875), (1, 27934.91796875)]","[(0, 27208.31640625), (1, 26550.904296875)]","[(0, 20795.728515625), (1, 20550.865234375)]","[(0, 26451.705078125), (1, 25484.345703125)]","[(0, 31709.55078125), (1, 31621.974609375)]","[(0, 29683.779296875), (1, 27707.6953125)]","[(0, 27326.193359375), (1, 26420.544921875)]","[(0, 23200.619140625), (1, 25204.3125)]","[(4, 2247.1419270833335), (5, 2350.624822443182), (1, 2384.2537434895835), (3, 2460.702947443182), (2, 2559.055752840909), (0, 2617.546697443182)]","[(0, 28174.912109375), (1, 25817.720703125)]","[(2, 1699.410435267857), (1, 1712.4725260416667), (0, 1815.6204927884614), (4, 2232.4100060096152), (5, 2284.763671875), (3, 2508.520596590909)]","[(0, 22337.17578125), (1, 22201.25390625)]","[(1, 2160.5338541666665), (4, 2260.672916666667), (0, 2506.232421875), (2, 2516.7734375), (3, 2534.5880408653848), (5, 2657.3046875)]","[(0, 27394.529296875), (1, 25370.517578125)]"
180,"[(0, 31001.744140625), (1, 32320.322265625)]","[(0, 24566.298828125), (1, 23823.556640625)]","[(0, 27235.5234375), (1, 26452.48828125)]","[(0, 30709.662109375), (1, 32069.71875)]","[(0, 26954.671875), (1, 25744.08203125)]","[(0, 27128.98046875), (1, 27645.642578125)]","[(0, 21505.2265625), (1, 22005.470703125)]","[(0, 26190.224609375), (1, 23053.771484375)]","[(1, 2273.5701729910716), (2, 2398.544170673077), (0, 2568.8828125), (4, 3027.0279947916665), (5, 3059.583096590909), (3, 3468.129296875)]","[(0, 24853.580078125), (1, 23414.224609375)]","[(1, 2127.9490685096152), (2, 2192.8606770833335), (0, 2353.8753551136365), (4, 2881.7024147727275), (5, 3182.7890625), (3, 3732.5108506944443)]","[(0, 27044.173828125), (1, 28826.97265625)]","[(3, 2009.5951822916666), (0, 2040.5804966517858), (4, 2041.014892578125), (1, 2094.2190104166666), (5, 2254.7610212053573), (2, 2430.483924278846)]","[(0, 27123.625), (1, 29249.060546875)]"
181,"[(0, 29741.8125), (1, 30153.759765625)]","[(0, 28902.3984375), (1, 27910.953125)]","[(0, 20833.783203125), (1, 22368.552734375)]","[(0, 32105.064453125), (1, 32903.421875)]","[(0, 23644.3828125), (1, 22468.41796875)]","[(0, 30932.01953125), (1, 30042.994140625)]","[(0, 24876.130859375), (1, 26910.263671875)]","[(0, 26512.798828125), (1, 29092.9921875)]","[(4, 1773.1048177083333), (3, 1778.324497767857), (1, 2015.5726841517858), (5, 2116.308143028846), (0, 2262.4200721153848), (2, 2354.9104817708335)]","[(0, 27933.61328125), (1, 34122.38671875)]","[(1, 2108.1336263020835), (0, 2315.4113991477275), (4, 2320.70361328125), (2, 2340.2729048295455), (3, 2558.4699928977275), (5, 2581.3781960227275)]","[(0, 28506.240234375), (1, 27119.798828125)]","[(1, 2328.5895833333334), (0, 2349.5764508928573), (2, 2474.7745535714284), (3, 2489.412667410714), (4, 2513.4296875), (5, 2606.73828125)]","[(0, 35875.234375), (1, 36253.83984375)]"
182,"[(0, 27186.0625), (1, 27715.572265625)]","[(0, 24110.544921875), (1, 22174.740234375)]","[(0, 30678.28125), (1, 29151.591796875)]","[(0, 21506.662109375), (1, 21322.453125)]","[(0, 25796.603515625), (1, 24315.220703125)]","[(0, 26110.81640625), (1, 26992.279296875)]","[(0, 23193.296875), (1, 23707.7421875)]","[(0, 24059.529296875), (1, 26475.95703125)]","[(4, 1767.8895089285713), (5, 1795.3560697115386), (3, 1859.9266826923076), (2, 2119.3375651041665), (1, 2172.3541165865386), (0, 2229.0419921875)]","[(0, 29002.18359375), (1, 32112.015625)]","[(1, 1893.162806919643), (2, 2014.1908052884614), (0, 2119.5416666666665), (4, 2249.2947716346152), (3, 2332.076349431818), (5, 2396.70556640625)]","[(0, 27603.83203125), (1, 29792.201171875)]","[(1, 1726.458984375), (4, 1878.6122395833333), (2, 1942.1220703125), (0, 1963.4454752604167), (3, 2007.850360576923), (5, 2093.909705528846)]","[(0, 33551.7109375), (1, 34893.84765625)]"
183,"[(0, 24440.998046875), (1, 25526.376953125)]","[(0, 18888.955078125), (1, 18868.05078125)]","[(0, 22959.361328125), (1, 22498.072265625)]","[(0, 27856.171875), (1, 27035.09765625)]","[(0, 29509.037109375), (1, 29198.69921875)]","[(0, 25375.189453125), (1, 26012.83984375)]","[(0, 35930.46484375), (1, 37550.734375)]","[(0, 26752.3828125), (1, 26215.537109375)]","[(1, 1974.7485677083334), (2, 2112.050223214286), (0, 2241.530048076923), (4, 2563.068810096154), (5, 2847.6949869791665), (3, 2923.411221590909)]","[(0, 25400.7578125), (1, 25561.359375)]","[(4, 1724.0665457589287), (1, 1763.9974888392858), (5, 1806.7936197916667), (2, 1836.3634440104167), (3, 2028.6796875), (0, 2076.7784830729165)]","[(0, 30971.900390625), (1, 25529.689453125)]","[(4, 1791.0036458333334), (1, 1896.3751302083333), (3, 1914.033954326923), (0, 1981.842548076923), (5, 2053.5646033653848), (2, 2166.5279447115386)]","[(0, 30221.791015625), (1, 26347.423828125)]"
184,"[(0, 29833.5703125), (1, 30300.490234375)]","[(0, 23264.005859375), (1, 24001.662109375)]","[(0, 30521.630859375), (1, 29387.349609375)]","[(0, 26297.595703125), (1, 25722.19140625)]","[(0, 25989.681640625), (1, 24611.86328125)]","[(0, 28545.904296875), (1, 27028.498046875)]","[(0, 23410.138671875), (1, 24277.59375)]","[(0, 27879.134765625), (1, 34226.15625)]","[(4, 2477.4563802083335), (5, 2534.42578125), (1, 2648.6842447916665), (3, 2677.3492542613635), (2, 2719.832919034091), (0, 2860.4769176136365)]","[(0, 23269.421875), (1, 25271.921875)]","[(1, 2055.290564903846), (0, 2253.066583806818), (2, 2295.1370442708335), (4, 2499.5749289772725), (5, 2772.9609375), (3, 2897.6236979166665)]","[(0, 29322.291015625), (1, 24661.767578125)]","[(4, 1726.5740792410713), (5, 1852.1663411458333), (3, 1899.705829326923), (1, 1999.3318684895833), (2, 2159.6171875), (0, 2245.4859730113635)]","[(0, 32296.41015625), (1, 28679.640625)]"
185,"[(0, 28170.3984375), (1, 29770.73046875)]","[(0, 23250.43359375), (1, 23271.21875)]","[(0, 31707.40234375), (1, 33774.15625)]","[(0, 33078.54296875), (1, 33411.44140625)]","[(0, 22047.50390625), (1, 23616.486328125)]","[(0, 29559.3984375), (1, 27858.775390625)]","[(0, 28788.345703125), (1, 29572.482421875)]","[(0, 23663.107421875), (1, 30119.21484375)]","[(1, 1732.708705357143), (2, 1833.7387319711538), (0, 1901.6036658653845), (4, 1933.298828125), (5, 2062.585186298077), (3, 2107.3439002403848)]","[(0, 27396.724609375), (1, 20896.90234375)]","[(1, 2673.1166548295455), (4, 2914.0363991477275), (2, 2932.8947265625), (0, 2945.6205078125), (5, 3130.1771484375), (3, 3280.84765625)]","[(0, 29154.013671875), (1, 33103.6640625)]","[(1, 1921.6518930288462), (2, 1924.8631184895833), (0, 1935.52490234375), (3, 2178.83984375), (5, 2240.20703125), (4, 2322.180438701923)]","[(0, 28624.69140625), (1, 24947.619140625)]"
186,"[(0, 29772.263671875), (1, 31605.72265625)]","[(0, 21891.6640625), (1, 21394.8046875)]","[(0, 24433.259765625), (1, 24717.076171875)]","[(0, 25952.80078125), (1, 24333.224609375)]","[(0, 20781.93359375), (1, 21463.921875)]","[(0, 23641.205078125), (1, 24266.69140625)]","[(0, 25548.248046875), (1, 25743.396484375)]","[(0, 25330.7734375), (1, 28571.697265625)]","[(1, 1966.712611607143), (2, 2094.822566105769), (0, 2271.5281575520835), (4, 2681.2794471153848), (5, 2747.10546875), (3, 2899.8423295454545)]","[(0, 27387.2421875), (1, 28715.6015625)]","[(4, 2207.5296223958335), (1, 2221.6481119791665), (0, 2389.3158735795455), (2, 2429.5960582386365), (5, 2516.5092329545455), (3, 2521.0394176136365)]","[(0, 26807.11328125), (1, 26786.056640625)]","[(1, 2303.9294084821427), (0, 2434.75927734375), (2, 2484.261268028846), (4, 2659.3450520833335), (5, 2886.045099431818), (3, 3062.8818359375)]","[(0, 27865.4453125), (1, 29664.337890625)]"
187,"[(0, 29093.990234375), (1, 30122.8359375)]","[(0, 27196.228515625), (1, 27474.697265625)]","[(0, 24697.58984375), (1, 25205.99609375)]","[(0, 25127.34375), (1, 27319.3125)]","[(0, 27231.263671875), (1, 26231.84375)]","[(0, 30825.154296875), (1, 32530.0703125)]","[(0, 25345.560546875), (1, 25280.50390625)]","[(0, 22756.1953125), (1, 27590.3046875)]","[(4, 1836.4039963942307), (5, 1994.8790838068182), (3, 2078.83544921875), (1, 2641.4951171875), (0, 2654.1663707386365), (2, 2861.3826171875)]","[(0, 25501.462890625), (1, 24244.71484375)]","[(1, 1865.1402064732142), (0, 2009.876953125), (2, 2077.8623046875), (4, 2255.838341346154), (3, 2334.368075284091), (5, 2543.607599431818)]","[(0, 25764.958984375), (1, 27710.76171875)]","[(3, 1775.1029947916666), (5, 1787.1363002232142), (4, 1793.6607666015625), (1, 1950.7412109375), (2, 2120.73046875), (0, 2137.777644230769)]","[(0, 26733.943359375), (1, 30093.8359375)]"
188,"[(0, 26829.978515625), (1, 27201.28515625)]","[(0, 28817.021484375), (1, 26485.4296875)]","[(0, 20186.15234375), (1, 20705.056640625)]","[(0, 26488.30859375), (1, 25687.873046875)]","[(0, 25978.77734375), (1, 24275.625)]","[(0, 29213.685546875), (1, 27787.505859375)]","[(0, 28889.169921875), (1, 29051.486328125)]","[(0, 23227.296875), (1, 22522.802734375)]","[(4, 1493.9727864583333), (3, 1507.8115234375), (5, 1629.3038504464287), (1, 1693.438671875), (0, 1734.7606026785713), (2, 1849.1859654017858)]","[(0, 24531.18359375), (1, 27994.498046875)]","[(1, 1740.9768880208333), (4, 1826.0441080729167), (0, 1838.7223011363637), (2, 1899.4955610795455), (3, 1953.1700994318182), (5, 2002.1635298295455)]","[(0, 26071.52734375), (1, 27942.9375)]","[(1, 2619.86669921875), (0, 2632.097833806818), (2, 2741.6038707386365), (3, 2778.228515625), (4, 2780.7360026041665), (5, 2978.0188210227275)]","[(0, 29391.833984375), (1, 31089.88671875)]"
189,"[(0, 28137.373046875), (1, 29532.7421875)]","[(0, 28571.833984375), (1, 26692.572265625)]","[(0, 35426.6171875), (1, 32289.7890625)]","[(0, 29116.806640625), (1, 27300.8203125)]","[(0, 29209.44921875), (1, 27178.365234375)]","[(0, 30788.3984375), (1, 30905.54296875)]","[(0, 21805.046875), (1, 22538.1015625)]","[(0, 22967.57421875), (1, 23553.03515625)]","[(4, 1643.4201516544117), (3, 1805.9881591796875), (5, 1838.38046875), (1, 2062.680419921875), (0, 2194.33984375), (2, 2259.1003069196427)]","[(0, 25033.177734375), (1, 26704.10546875)]","[(1, 2078.83203125), (2, 2197.0955528846152), (0, 2465.3912760416665), (4, 3080.0029296875), (5, 3287.7578125), (3, 3672.952734375)]","[(0, 27253.138671875), (1, 33016.609375)]","[(4, 2057.2888020833334), (3, 2167.0221819196427), (1, 2177.5587332589284), (0, 2308.1514423076924), (5, 2377.8299278846152), (2, 2593.4269205729165)]","[(0, 27868.955078125), (1, 24285.60546875)]"
190,"[(0, 28011.240234375), (1, 29400.3828125)]","[(0, 25827.49609375), (1, 24407.642578125)]","[(0, 27050.724609375), (1, 26630.150390625)]","[(0, 26864.44140625), (1, 24767.572265625)]","[(0, 27338.337890625), (1, 25449.857421875)]","[(0, 33052.0859375), (1, 33134.6796875)]","[(0, 23803.59375), (1, 22851.580078125)]","[(0, 21371.8828125), (1, 20943.26953125)]","[(1, 1992.2918526785713), (2, 2145.6556490384614), (0, 2274.0509440104165), (4, 2554.349609375), (5, 2582.303799715909), (3, 2746.5814453125)]","[(0, 18719.6484375), (1, 20940.373046875)]","[(1, 2102.22705078125), (2, 2224.5465198863635), (0, 2382.9009765625), (4, 2787.7858664772725), (5, 3178.39375), (3, 3310.6204427083335)]","[(0, 36119.078125), (1, 31828.55859375)]","[(5, 2237.4034830729165), (4, 2261.315655048077), (2, 2311.6891276041665), (3, 2404.9412434895835), (1, 2454.3587740384614), (0, 2500.3186848958335)]","[(0, 26085.705078125), (1, 23332.552734375)]"
191,"[(0, 29442.837890625), (1, 31210.376953125)]","[(0, 29060.103515625), (1, 28013.404296875)]","[(0, 26553.232421875), (1, 26416.412109375)]","[(0, 25432.220703125), (1, 25234.447265625)]","[(0, 30196.611328125), (1, 29584.498046875)]","[(0, 28612.353515625), (1, 30157.126953125)]","[(0, 28040.1875), (1, 26098.39453125)]","[(0, 34307.19921875), (1, 30890.0703125)]","[(4, 2343.3346354166665), (1, 2534.35302734375), (3, 2575.2063210227275), (5, 2617.1898082386365), (0, 2851.1379616477275), (2, 2883.0383522727275)]","[(0, 26163.212890625), (1, 24502.890625)]","[(1, 1327.75537109375), (0, 1409.4493582589287), (2, 1409.8607700892858), (4, 1480.41953125), (3, 1650.0350060096155), (5, 1650.837890625)]","[(0, 25107.486328125), (1, 29828.876953125)]","[(4, 1937.873046875), (3, 1970.6981670673076), (1, 2179.1305338541665), (5, 2228.2322591145835), (0, 2238.5454545454545), (2, 2623.547265625)]","[(0, 35311.1953125), (1, 34971.9375)]"
192,"[(0, 29438.31640625), (1, 29906.49609375)]","[(0, 25541.5234375), (1, 24965.70703125)]","[(0, 30431.009765625), (1, 29850.189453125)]","[(0, 28817.7109375), (1, 26816.830078125)]","[(0, 29098.431640625), (1, 27614.154296875)]","[(0, 30563.427734375), (1, 29863.66015625)]","[(0, 28678.408203125), (1, 31196.2734375)]","[(0, 39346.0), (1, 27570.947265625)]","[(1, 2518.13916015625), (2, 2561.0014204545455), (4, 2844.8639322916665), (0, 2910.0012428977275), (5, 2956.6420454545455), (3, 3302.9808238636365)]","[(0, 23183.875), (1, 28580.5546875)]","[(3, 1237.9451904296875), (4, 1238.1487821691176), (5, 1285.8294270833333), (1, 1417.736572265625), (0, 1445.8360677083333), (2, 1484.8031529017858)]","[(0, 37565.6015625), (1, 39407.0625)]","[(3, 1851.740985576923), (4, 1865.3869791666666), (0, 1897.5352957589287), (1, 1962.6826171875), (5, 2039.5922154017858), (2, 2211.415104166667)]","[(0, 25079.6796875), (1, 22441.736328125)]"
193,"[(0, 23659.8125), (1, 24414.744140625)]","[(0, 26419.5625), (1, 25335.84765625)]","[(0, 25812.57421875), (1, 25409.50390625)]","[(0, 31880.203125), (1, 30922.109375)]","[(0, 26422.962890625), (1, 25523.01953125)]","[(0, 34406.9375), (1, 34130.390625)]","[(0, 23135.1953125), (1, 21940.927734375)]","[(0, 30128.611328125), (1, 28978.62890625)]","[(4, 1783.9038628472222), (5, 1825.8936767578125), (3, 1867.591552734375), (1, 1996.1730238970588), (0, 2050.4489583333334), (2, 2083.6764322916665)]","[(0, 36378.76171875), (1, 28413.7421875)]","[(1, 1257.3171875), (4, 1341.3543701171875), (2, 1391.6622596153845), (3, 1434.4381510416667), (0, 1438.1107700892858), (5, 1503.5380859375)]","[(0, 23030.412109375), (1, 27194.775390625)]","[(4, 2296.4928850446427), (3, 2576.582331730769), (5, 2603.4431966145835), (1, 2828.845252403846), (2, 2970.3970170454545), (0, 3007.7994791666665)]","[(0, 29421.673828125), (1, 25762.0859375)]"
194,"[(0, 26854.1953125), (1, 27275.86328125)]","[(0, 24964.16015625), (1, 24120.6171875)]","[(0, 19194.701171875), (1, 19770.830078125)]","[(0, 30567.013671875), (1, 31218.68359375)]","[(0, 29928.064453125), (1, 29116.529296875)]","[(0, 31517.712890625), (1, 32393.732421875)]","[(0, 19176.60546875), (1, 18106.28125)]","[(0, 30665.6171875), (1, 34621.54296875)]","[(1, 1944.48779296875), (0, 2021.8872767857142), (2, 2053.5545572916667), (4, 2196.4465680803573), (5, 2390.733924278846), (3, 2393.4119466145835)]","[(0, 31602.017578125), (1, 26392.162109375)]","[(1, 2068.4944661458335), (4, 2137.0455729166665), (2, 2304.4165482954545), (5, 2329.620028409091), (0, 2419.3464133522725), (3, 2433.097478693182)]","[(0, 23950.0546875), (1, 23474.99609375)]","[(1, 1567.6271829044117), (0, 1762.4264322916667), (4, 1806.0408854166667), (2, 1807.075439453125), (5, 2018.390625), (3, 2099.4845252403848)]","[(0, 28378.34765625), (1, 29912.45703125)]"
195,"[(0, 28013.9921875), (1, 28642.466796875)]","[(0, 25190.328125), (1, 25546.615234375)]","[(0, 28897.408203125), (1, 28738.66796875)]","[(0, 22779.232421875), (1, 22589.12109375)]","[(0, 24806.29296875), (1, 22984.421875)]","[(0, 34545.5546875), (1, 35394.84375)]","[(0, 26779.796875), (1, 26882.125)]","[(0, 32226.263671875), (1, 27479.046875)]","[(4, 1890.9506138392858), (3, 1955.0171274038462), (5, 2205.2781575520835), (1, 2427.470252403846), (0, 2498.7024739583335), (2, 2780.974786931818)]","[(0, 24383.28515625), (1, 27626.533203125)]","[(1, 1523.1888020833333), (4, 1530.7166748046875), (5, 1608.923549107143), (2, 1630.141376201923), (3, 1696.882533482143), (0, 1759.1975661057693)]","[(0, 30016.90234375), (1, 27555.83203125)]","[(1, 1995.528094951923), (2, 2052.6399739583335), (5, 2110.706730769231), (4, 2114.4787946428573), (3, 2427.528094951923), (0, 2503.728515625)]","[(0, 22788.1640625), (1, 23931.69921875)]"
196,"[(0, 28690.30859375), (1, 29163.66015625)]","[(0, 24611.62890625), (1, 24265.025390625)]","[(0, 27707.80078125), (1, 27967.439453125)]","[(0, 26708.12890625), (1, 26106.0859375)]","[(0, 25931.03125), (1, 26485.15234375)]","[(0, 31838.029296875), (1, 31820.05859375)]","[(0, 26170.400390625), (1, 26582.47265625)]","[(0, 31743.921875), (1, 28790.185546875)]","[(1, 1648.2686197916667), (3, 1722.7890625), (4, 1745.2044771634614), (0, 1800.7198016826924), (2, 1869.8687220982142), (5, 2048.6466471354165)]","[(0, 22716.19140625), (1, 25321.69140625)]","[(0, 2072.3388671875), (1, 2160.3631310096152), (2, 2187.7347005208335), (4, 2463.12109375), (3, 2536.372159090909), (5, 2645.745916193182)]","[(0, 30144.705078125), (1, 28525.521484375)]","[(4, 1757.5362548828125), (3, 1850.3938802083333), (1, 1983.257114955357), (5, 1993.4321986607142), (0, 2183.2705829326924), (2, 2193.8688151041665)]","[(0, 26766.623046875), (1, 27927.193359375)]"
197,"[(0, 27299.0), (1, 26138.298828125)]","[(0, 18857.1875), (1, 18404.310546875)]","[(0, 28299.67578125), (1, 27371.052734375)]","[(0, 26734.68359375), (1, 26688.08984375)]","[(0, 27608.78125), (1, 26943.36328125)]","[(0, 29733.19140625), (1, 28867.962890625)]","[(0, 23443.1171875), (1, 24658.708984375)]","[(0, 29037.416015625), (1, 30620.669921875)]","[(1, 1393.504728618421), (2, 1396.8212890625), (0, 1404.2032398897059), (4, 1444.3614366319443), (3, 1479.8076171875), (5, 1496.3453584558824)]","[(0, 22235.771484375), (1, 27228.43359375)]","[(1, 1601.256138392857), (2, 1704.419170673077), (0, 1738.04052734375), (4, 1894.4520733173076), (5, 1989.9158528645833), (3, 2073.5804332386365)]","[(0, 33491.16015625), (1, 30842.474609375)]","[(3, 2608.4412109375), (4, 2795.258877840909), (0, 3031.653125), (5, 3178.4423828125), (1, 3187.892400568182), (2, 3610.16171875)]","[(0, 25428.265625), (1, 23733.708984375)]"
198,"[(0, 31073.34765625), (1, 32597.5546875)]","[(0, 24098.0625), (1, 24083.75)]","[(0, 22415.619140625), (1, 23433.615234375)]","[(0, 22355.01171875), (1, 20127.982421875)]","[(0, 31204.12890625), (1, 30901.236328125)]","[(0, 31000.53125), (1, 31654.80078125)]","[(0, 24677.294921875), (1, 25821.9296875)]","[(0, 22910.431640625), (1, 23054.9140625)]","[(1, 2216.6436941964284), (2, 2484.953125), (0, 2541.30419921875), (4, 3106.4990234375), (5, 3381.776278409091), (3, 3509.12734375)]","[(0, 33996.6796875), (1, 32483.94140625)]","[(4, 2114.9339192708335), (1, 2121.56201171875), (2, 2164.2562144886365), (5, 2287.137784090909), (0, 2485.7776988636365), (3, 2584.363458806818)]","[(0, 24051.68359375), (1, 22214.998046875)]","[(4, 1519.8116455078125), (5, 1746.588169642857), (3, 1761.7458333333334), (1, 1859.9317708333333), (0, 1944.4243861607142), (2, 1970.839092548077)]","[(0, 30517.177734375), (1, 26295.712890625)]"
199,"[(0, 26052.439453125), (1, 26961.203125)]","[(0, 22400.146484375), (1, 22079.9296875)]","[(0, 26018.498046875), (1, 27626.138671875)]","[(0, 27932.89453125), (1, 27013.603515625)]","[(0, 25803.146484375), (1, 24423.685546875)]","[(0, 25861.6328125), (1, 25143.40625)]","[(0, 25107.22265625), (1, 24497.376953125)]","[(0, 21469.181640625), (1, 20249.181640625)]","[(1, 1739.6064453125), (2, 1883.7594651442307), (4, 2005.4871651785713), (0, 2083.73046875), (5, 2174.2525540865386), (3, 2332.3701923076924)]","[(0, 23088.359375), (1, 19116.021484375)]","[(4, 1775.516015625), (5, 1839.987079326923), (3, 1856.825474330357), (1, 2309.6448102678573), (2, 2401.6842447916665), (0, 2418.5091646634614)]","[(0, 33443.765625), (1, 32613.318359375)]","[(4, 1981.5247395833333), (3, 2183.432528409091), (5, 2222.334872159091), (1, 2649.6643880208335), (0, 2974.4508167613635), (2, 3009.7624289772725)]","[(0, 28446.169921875), (1, 24534.71484375)]"
200,"[(0, 24550.234375), (1, 25326.98046875)]","[(0, 23418.625), (1, 23015.39453125)]","[(0, 21328.43359375), (1, 20410.490234375)]","[(0, 34502.8828125), (1, 35480.921875)]","[(0, 23157.625), (1, 23833.578125)]","[(0, 29731.6328125), (1, 29509.7421875)]","[(0, 28592.46875), (1, 28931.35546875)]","[(0, 30125.4765625), (1, 31185.296875)]","[(1, 2362.632990056818), (4, 2483.128728693182), (2, 2628.8591796875), (0, 2633.59921875), (3, 2732.6818359375), (5, 2766.1095703125)]","[(0, 32213.017578125), (1, 30615.23828125)]","[(1, 1978.8924278846155), (0, 2097.911221590909), (2, 2119.9035866477275), (4, 2131.058293269231), (3, 2296.2535511363635), (5, 2339.369318181818)]","[(0, 26118.861328125), (1, 27260.912109375)]","[(0, 2646.265802556818), (4, 2684.1165865384614), (1, 2816.9189453125), (3, 2888.4599609375), (5, 2906.7006392045455), (2, 3139.2560546875)]","[(0, 23856.662109375), (1, 22726.484375)]"
201,"[(0, 28660.74609375), (1, 30083.5625)]","[(0, 30090.70703125), (1, 29355.978515625)]","[(0, 35146.19921875), (1, 35121.875)]","[(0, 23833.375), (1, 22445.244140625)]","[(0, 21654.66015625), (1, 21744.951171875)]","[(0, 29664.931640625), (1, 29143.087890625)]","[(0, 16377.283203125), (1, 15903.8779296875)]","[(0, 26569.953125), (1, 26853.5546875)]","[(4, 1748.148193359375), (3, 1817.766796875), (5, 1887.6280691964287), (1, 2024.258510044643), (0, 2188.684344951923), (2, 2193.9065755208335)]","[(0, 27832.30078125), (1, 24880.7578125)]","[(4, 1859.0876302083334), (1, 1873.4311197916666), (5, 2114.9603365384614), (0, 2128.172325721154), (3, 2128.7244591346152), (2, 2146.9513221153848)]","[(0, 30721.49609375), (1, 25138.75390625)]","[(1, 1830.2913707386363), (2, 1836.0974609375), (0, 2071.4298828125), (4, 2163.467862215909), (5, 2175.2375), (3, 2476.2564453125)]","[(0, 28081.560546875), (1, 29929.0078125)]"
202,"[(0, 22092.693359375), (1, 23228.7578125)]","[(0, 26756.4140625), (1, 25544.837890625)]","[(0, 27367.3203125), (1, 28525.4140625)]","[(0, 33995.51171875), (1, 33095.61328125)]","[(0, 33385.80078125), (1, 34119.09765625)]","[(0, 33810.859375), (1, 34189.453125)]","[(0, 21062.103515625), (1, 18327.716796875)]","[(0, 26264.8359375), (1, 27715.994140625)]","[(1, 2336.0186298076924), (3, 2345.9060872395835), (0, 2359.525390625), (2, 2365.9991861979165), (4, 2367.751201923077), (5, 2394.44384765625)]","[(0, 31101.71875), (1, 25750.07421875)]","[(2, 2011.572265625), (1, 2061.9283353365386), (0, 2213.396306818182), (4, 3087.5905539772725), (5, 3294.835546875), (3, 3573.8009982638887)]","[(0, 32777.05078125), (1, 33620.671875)]","[(3, 2087.4156605113635), (5, 2165.0944602272725), (4, 2190.8707682291665), (1, 2543.9909446022725), (0, 2567.1953125), (2, 2596.75078125)]","[(0, 28189.31640625), (1, 29465.39453125)]"
203,"[(0, 27118.91796875), (1, 27778.28515625)]","[(0, 24065.76953125), (1, 24731.19921875)]","[(0, 34851.31640625), (1, 34955.734375)]","[(0, 25821.955078125), (1, 26273.60546875)]","[(0, 27681.443359375), (1, 27379.564453125)]","[(0, 26978.435546875), (1, 26291.65234375)]","[(0, 21122.126953125), (1, 21608.57421875)]","[(0, 29555.56640625), (1, 23378.94921875)]","[(3, 1232.869140625), (5, 1250.0132378472222), (4, 1262.059375), (1, 1300.3070518092106), (2, 1342.9484145220588), (0, 1345.3866038602941)]","[(0, 22656.998046875), (1, 20683.25)]","[(1, 1718.4390980113637), (0, 1949.2939453125), (2, 1961.0708984375), (4, 2075.824041193182), (5, 2377.348828125), (3, 2399.880078125)]","[(0, 33258.2109375), (1, 35241.92578125)]","[(1, 2691.598697916667), (2, 2834.127511160714), (0, 2897.404747596154), (4, 3454.760216346154), (5, 3870.4534505208335), (3, 3939.5678267045455)]","[(0, 30211.21484375), (1, 32332.900390625)]"
204,"[(0, 33291.37109375), (1, 35880.0234375)]","[(0, 24117.142578125), (1, 24620.1015625)]","[(0, 33727.09765625), (1, 34202.26953125)]","[(0, 27468.9296875), (1, 26149.841796875)]","[(0, 24383.470703125), (1, 23723.77734375)]","[(0, 28676.822265625), (1, 28147.060546875)]","[(0, 26040.96484375), (1, 25266.740234375)]","[(0, 26045.185546875), (1, 30474.482421875)]","[(1, 1944.9457310267858), (2, 2145.166466346154), (0, 2166.0133463541665), (4, 2622.071514423077), (3, 2732.3900923295455), (5, 2860.7412109375)]","[(0, 26778.4453125), (1, 25175.125)]","[(4, 2476.6154296875), (3, 2605.4490017361113), (5, 2624.2139756944443), (1, 2805.8806640625), (0, 2994.2667100694443), (2, 3048.589409722222)]","[(0, 21885.52734375), (1, 22938.591796875)]","[(3, 1377.0533447265625), (4, 1383.0318244485295), (5, 1435.5192708333334), (1, 1486.2307291666666), (0, 1574.6834542410713), (2, 1695.9666466346155)]","[(0, 26609.232421875), (1, 24253.48046875)]"
205,"[(0, 25088.83984375), (1, 25956.513671875)]","[(0, 23661.30078125), (1, 23600.74609375)]","[(0, 24093.212890625), (1, 24491.818359375)]","[(0, 25989.0625), (1, 26261.654296875)]","[(0, 24522.412109375), (1, 23668.20703125)]","[(0, 26612.810546875), (1, 27747.17578125)]","[(0, 20302.474609375), (1, 18852.2421875)]","[(0, 27579.755859375), (1, 26953.181640625)]","[(1, 1953.209681919643), (0, 2097.915264423077), (4, 2157.326590401786), (2, 2162.350060096154), (3, 2305.9689002403848), (5, 2353.029296875)]","[(0, 18856.32421875), (1, 20966.2109375)]","[(1, 2196.3056640625), (4, 2326.9464518229165), (2, 2356.7796519886365), (0, 2417.5150923295455), (5, 2602.4232954545455), (3, 2611.400568181818)]","[(0, 32128.06640625), (1, 30697.244140625)]","[(4, 1763.255859375), (3, 1867.3131009615386), (5, 2136.3017578125), (1, 2395.9078776041665), (0, 2665.9321732954545), (2, 2840.16328125)]","[(0, 26130.22265625), (1, 23024.1328125)]"
206,"[(0, 25548.953125), (1, 26185.65234375)]","[(0, 24366.779296875), (1, 23292.24609375)]","[(0, 25636.599609375), (1, 25590.45703125)]","[(0, 26920.171875), (1, 27454.501953125)]","[(0, 29807.60546875), (1, 30211.30078125)]","[(0, 31072.6953125), (1, 31395.49609375)]","[(0, 16470.90234375), (1, 15991.787109375)]","[(0, 31398.189453125), (1, 25301.77734375)]","[(3, 2328.4072265625), (4, 2407.4449573863635), (0, 2617.90859375), (1, 2668.185724431818), (5, 2838.646875), (2, 3128.03125)]","[(0, 24770.689453125), (1, 25293.28515625)]","[(1, 2315.490985576923), (2, 2405.6316731770835), (4, 2515.1873497596152), (0, 2588.59375), (5, 2609.4462890625), (3, 2733.7320963541665)]","[(0, 33468.8125), (1, 28304.8828125)]","[(2, 1967.0595703125), (1, 2066.704166666667), (4, 2067.546316964286), (3, 2155.74853515625), (0, 2240.724308894231), (5, 2240.7435396634614)]","[(0, 24164.455078125), (1, 25909.697265625)]"
207,"[(0, 26097.97265625), (1, 26626.798828125)]","[(0, 24787.27734375), (1, 23468.056640625)]","[(0, 23646.09765625), (1, 24582.306640625)]","[(0, 35815.4453125), (1, 34875.5546875)]","[(0, 24993.484375), (1, 24382.5625)]","[(0, 36039.04296875), (1, 35379.62109375)]","[(0, 25935.13671875), (1, 26073.294921875)]","[(0, 24926.619140625), (1, 22616.130859375)]","[(1, 1535.7686767578125), (2, 1660.0675223214287), (4, 1673.39892578125), (0, 1682.1607142857142), (5, 1802.4554966517858), (3, 1833.8910435267858)]","[(0, 24173.791015625), (1, 27052.892578125)]","[(4, 2359.3141276041665), (1, 2405.93896484375), (5, 2523.3824573863635), (3, 2530.7739701704545), (2, 2551.357599431818), (0, 2589.929865056818)]","[(0, 28425.640625), (1, 32940.59765625)]","[(4, 1927.0513392857142), (3, 2110.9806189903848), (5, 2165.0302734375), (1, 2355.6720252403848), (2, 2509.6715198863635), (0, 2513.2568359375)]","[(0, 26238.1484375), (1, 24406.013671875)]"
208,"[(0, 23313.091796875), (1, 23711.87890625)]","[(0, 18088.609375), (1, 19472.427734375)]","[(0, 25260.234375), (1, 27215.271484375)]","[(0, 27332.265625), (1, 29449.66015625)]","[(0, 27168.255859375), (1, 26900.359375)]","[(0, 31213.861328125), (1, 30711.595703125)]","[(0, 27826.806640625), (1, 28340.673828125)]","[(0, 23144.19921875), (1, 27176.755859375)]","[(1, 2123.726111778846), (0, 2228.07080078125), (2, 2231.4562174479165), (4, 2237.4060997596152), (5, 2363.115234375), (3, 2373.68798828125)]","[(0, 25209.76953125), (1, 27752.072265625)]","[(4, 2853.0173828125), (3, 3093.4216579861113), (1, 3166.349609375), (5, 3211.956597222222), (0, 3470.453125), (2, 3598.8743489583335)]","[(0, 25539.76953125), (1, 26287.615234375)]","[(4, 2505.2028459821427), (5, 2614.6228966346152), (1, 2650.8858816964284), (3, 2690.5982572115386), (2, 2734.3194110576924), (0, 2848.8768028846152)]","[(0, 30516.21875), (1, 31686.244140625)]"
209,"[(0, 27842.998046875), (1, 30114.103515625)]","[(0, 18586.94140625), (1, 19899.556640625)]","[(0, 26038.654296875), (1, 27508.8046875)]","[(0, 21880.1640625), (1, 22185.6328125)]","[(0, 22359.9140625), (1, 21863.24609375)]","[(0, 29141.11328125), (1, 29831.208984375)]","[(0, 19127.271484375), (1, 19452.029296875)]","[(0, 24523.767578125), (1, 25993.001953125)]","[(1, 2142.851862980769), (2, 2168.3590494791665), (0, 2330.6554361979165), (4, 2517.5799278846152), (5, 2596.0374348958335), (3, 2724.8304036458335)]","[(0, 21946.93359375), (1, 21198.833984375)]","[(1, 1727.57080078125), (4, 1810.2879136029412), (5, 1939.4552083333333), (2, 1947.124302455357), (3, 1987.681640625), (0, 2079.843331473214)]","[(0, 31010.498046875), (1, 34746.7109375)]","[(4, 2128.1748046875), (5, 2216.829326923077), (3, 2436.96875), (1, 2605.907752403846), (0, 2658.8126627604165), (2, 2689.2353515625)]","[(0, 25594.60546875), (1, 26963.361328125)]"
210,"[(0, 29862.40625), (1, 30924.96875)]","[(0, 18323.048828125), (1, 19182.130859375)]","[(0, 20992.720703125), (1, 20745.099609375)]","[(0, 21676.333984375), (1, 21974.580078125)]","[(0, 20975.7890625), (1, 21393.45703125)]","[(0, 31169.271484375), (1, 32449.171875)]","[(0, 21601.361328125), (1, 23188.763671875)]","[(0, 29637.701171875), (1, 29130.8046875)]","[(1, 1768.2262178308824), (2, 1836.423828125), (0, 2052.139192708333), (4, 2196.81484375), (5, 2326.363699776786), (3, 2457.319110576923)]","[(0, 29734.837890625), (1, 32493.11328125)]","[(4, 1845.116436298077), (5, 2013.0632102272727), (3, 2024.095703125), (1, 2571.0198863636365), (0, 2809.9669921875), (2, 2892.896918402778)]","[(0, 24450.32421875), (1, 24554.541015625)]","[(5, 2877.7750355113635), (2, 3135.0853515625), (4, 3178.0787760416665), (1, 3349.8668323863635), (3, 3372.9382102272725), (0, 3392.273828125)]","[(0, 24892.43359375), (1, 21261.5546875)]"
211,"[(0, 31853.69921875), (1, 34552.1796875)]","[(0, 22140.677734375), (1, 23031.181640625)]","[(0, 28572.705078125), (1, 29718.337890625)]","[(0, 29360.26171875), (1, 27506.759765625)]","[(0, 32769.296875), (1, 31975.59765625)]","[(0, 29031.21484375), (1, 28439.849609375)]","[(0, 27677.71875), (1, 27483.291015625)]","[(0, 22451.75390625), (1, 24358.80859375)]","[(4, 1973.0701904296875), (3, 2044.1852864583334), (5, 2246.7696707589284), (1, 2317.7932291666666), (0, 2375.7790178571427), (2, 2560.029747596154)]","[(0, 22749.90234375), (1, 23286.44921875)]","[(1, 1867.395228794643), (4, 1997.7977764423076), (2, 2015.3395182291667), (0, 2064.8896484375), (3, 2123.2258522727275), (5, 2148.9914772727275)]","[(0, 30434.869140625), (1, 32183.263671875)]","[(4, 2273.511418269231), (3, 2353.55419921875), (5, 2515.383877840909), (0, 2837.2233664772725), (1, 2950.8955078125), (2, 3191.2720703125)]","[(0, 26722.396484375), (1, 29192.267578125)]"
212,"[(0, 24430.65234375), (1, 24777.94140625)]","[(0, 21390.541015625), (1, 21720.203125)]","[(0, 29715.984375), (1, 29173.6484375)]","[(0, 27799.03515625), (1, 24878.763671875)]","[(0, 26433.57421875), (1, 24247.60546875)]","[(0, 31484.06640625), (1, 28133.6171875)]","[(0, 26278.365234375), (1, 25988.01953125)]","[(0, 30211.84765625), (1, 30757.84765625)]","[(4, 1666.5548023897059), (1, 1671.5798483455883), (0, 1760.183984375), (3, 1766.1600260416667), (2, 1855.8053385416667), (5, 1877.8850260416666)]","[(0, 25003.068359375), (1, 20392.31640625)]","[(1, 1618.83046875), (2, 1698.689453125), (0, 1796.4813701923076), (4, 1989.3563701923076), (5, 2029.25634765625), (3, 2143.0500710227275)]","[(0, 29582.75), (1, 29537.896484375)]","[(1, 3402.8857421875), (2, 3416.1097301136365), (4, 3438.2236328125), (5, 3444.0983664772725), (0, 3871.9343039772725), (3, 3923.745028409091)]","[(0, 34487.421875), (1, 29758.8359375)]"
213,"[(0, 24325.798828125), (1, 24632.87890625)]","[(0, 22992.359375), (1, 23822.330078125)]","[(0, 32483.3203125), (1, 31531.814453125)]","[(0, 24771.515625), (1, 24622.7109375)]","[(0, 29507.236328125), (1, 28178.404296875)]","[(0, 27291.99609375), (1, 30391.421875)]","[(0, 23178.681640625), (1, 24639.787109375)]","[(0, 31072.279296875), (1, 24538.599609375)]","[(4, 1867.929931640625), (3, 2102.714322916667), (5, 2184.8515625), (1, 2389.311458333333), (0, 2545.518136160714), (2, 2752.799278846154)]","[(0, 17984.19921875), (1, 18246.46484375)]","[(4, 1743.572265625), (1, 1796.54296875), (3, 1813.4328835227273), (5, 1937.3217329545455), (0, 2024.94140625), (2, 2134.1782670454545)]","[(0, 31939.484375), (1, 32445.087890625)]","[(4, 2343.55390625), (3, 2482.499441964286), (5, 2619.015324519231), (1, 2709.9453125), (2, 2980.845880681818), (0, 3115.7978515625)]","[(0, 27515.310546875), (1, 29354.046875)]"
214,"[(0, 30046.775390625), (1, 31839.7890625)]","[(0, 22940.91015625), (1, 23334.7578125)]","[(0, 31086.416015625), (1, 32267.041015625)]","[(0, 23814.65234375), (1, 21951.265625)]","[(0, 27568.31640625), (1, 25023.416015625)]","[(0, 27044.947265625), (1, 27522.029296875)]","[(0, 26385.64453125), (1, 27047.474609375)]","[(0, 23977.75390625), (1, 28733.984375)]","[(4, 2500.4810014204545), (3, 2544.003125), (5, 2701.120703125), (1, 2715.913884943182), (0, 2723.9833984375), (2, 2937.5328125)]","[(0, 23868.767578125), (1, 24776.87890625)]","[(4, 2437.2706705729165), (1, 2514.4554036458335), (5, 2593.9291548295455), (3, 2687.5768821022725), (2, 2789.275213068182), (0, 2921.7473366477275)]","[(0, 21031.07421875), (1, 30580.77734375)]","[(4, 1551.9652944711538), (3, 1704.1767578125), (5, 1733.4137369791667), (1, 2135.310096153846), (0, 2253.9283854166665), (2, 2352.0418294270835)]","[(0, 28528.10546875), (1, 29299.591796875)]"
215,"[(0, 31342.814453125), (1, 31941.828125)]","[(0, 22088.583984375), (1, 21991.392578125)]","[(0, 20788.056640625), (1, 20298.951171875)]","[(0, 31901.673828125), (1, 32062.50390625)]","[(0, 25237.240234375), (1, 27740.05859375)]","[(0, 31539.0), (1, 30754.00390625)]","[(0, 29532.06640625), (1, 28716.478515625)]","[(0, 26901.28125), (1, 22894.203125)]","[(4, 1999.5767822265625), (3, 2097.849609375), (5, 2148.8995535714284), (1, 2195.3005208333334), (0, 2338.115985576923), (2, 2479.586388221154)]","[(0, 25808.439453125), (1, 21291.708984375)]","[(4, 2199.6258138020835), (1, 2233.3680013020835), (5, 2352.5378196022725), (3, 2378.60546875), (0, 2443.766512784091), (2, 2487.681818181818)]","[(0, 39077.58203125), (1, 30495.037109375)]","[(4, 2491.6521935096152), (5, 2591.1005859375), (2, 2796.653409090909), (3, 2886.5872395833335), (0, 3008.626065340909), (1, 3009.943359375)]","[(0, 31287.50390625), (1, 28934.41796875)]"
216,"[(0, 31267.130859375), (1, 34018.41015625)]","[(0, 23652.45703125), (1, 22664.755859375)]","[(0, 34207.8828125), (1, 33330.890625)]","[(0, 22599.873046875), (1, 24002.623046875)]","[(0, 24179.369140625), (1, 26242.953125)]","[(0, 31728.154296875), (1, 30068.84765625)]","[(0, 29072.578125), (1, 29672.54296875)]","[(0, 34063.76171875), (1, 29133.58203125)]","[(1, 2052.803292410714), (2, 2252.7725360576924), (0, 2431.0470377604165), (4, 2730.8580729166665), (5, 2977.2123579545455), (3, 3168.712109375)]","[(0, 25060.216796875), (1, 21191.697265625)]","[(1, 1623.663671875), (2, 1713.337193080357), (0, 1888.637920673077), (4, 2063.663311298077), (5, 2147.5939127604165), (3, 2442.685369318182)]","[(0, 27072.5859375), (1, 29267.4765625)]","[(3, 2097.191105769231), (4, 2168.9697265625), (5, 2315.9811197916665), (0, 2772.1333451704545), (1, 3013.447265625), (2, 3395.151171875)]","[(0, 29636.65625), (1, 30606.044921875)]"
217,"[(0, 25723.22265625), (1, 25906.361328125)]","[(0, 21942.119140625), (1, 23344.86328125)]","[(0, 18779.13671875), (1, 19661.53125)]","[(0, 25537.3828125), (1, 25726.75390625)]","[(0, 31912.689453125), (1, 32666.890625)]","[(0, 29022.853515625), (1, 30685.302734375)]","[(0, 24243.537109375), (1, 25378.84375)]","[(0, 28283.296875), (1, 28855.962890625)]","[(4, 2086.5325055803573), (3, 2161.6470853365386), (1, 2202.6116071428573), (5, 2265.272235576923), (0, 2279.833984375), (2, 2380.954627403846)]","[(0, 20497.37109375), (1, 24557.5390625)]","[(4, 1417.772403492647), (3, 1444.031494140625), (5, 1448.447265625), (1, 1825.63671875), (0, 1922.6512276785713), (2, 2007.4731069711538)]","[(0, 28159.14453125), (1, 26017.03515625)]","[(4, 2356.50390625), (5, 2366.726111778846), (3, 2398.9513221153848), (0, 2795.0296223958335), (1, 2815.377704326923), (2, 2855.3447265625)]","[(0, 30920.015625), (1, 25488.138671875)]"
218,"[(0, 24163.6484375), (1, 24879.85546875)]","[(0, 17896.275390625), (1, 18584.28125)]","[(0, 28091.498046875), (1, 26116.24609375)]","[(0, 33506.2734375), (1, 32714.060546875)]","[(0, 27192.85546875), (1, 26995.833984375)]","[(0, 27781.8359375), (1, 27891.607421875)]","[(0, 18865.333984375), (1, 20787.06640625)]","[(0, 21945.42578125), (1, 22010.171875)]","[(4, 1690.983154296875), (5, 1747.903041294643), (3, 1811.7404947916666), (1, 2214.8602120535716), (0, 2387.778545673077), (2, 2509.4415690104165)]","[(0, 23518.6484375), (1, 22904.29296875)]","[(2, 1807.0267857142858), (1, 1836.3494791666667), (0, 1905.7249098557693), (4, 2519.8426983173076), (5, 2618.435546875), (3, 2957.1635298295455)]","[(0, 29596.041015625), (1, 30299.044921875)]","[(4, 2142.5827287946427), (1, 2193.120342548077), (2, 2349.143465909091), (3, 2419.6119290865386), (5, 2530.8196614583335), (0, 2532.9781901041665)]","[(0, 27744.34375), (1, 30352.75390625)]"
219,"[(0, 32093.09375), (1, 33321.453125)]","[(0, 22172.646484375), (1, 21862.12109375)]","[(0, 24639.19921875), (1, 21170.568359375)]","[(0, 29490.1328125), (1, 29272.947265625)]","[(0, 28217.263671875), (1, 28520.84375)]","[(0, 30475.123046875), (1, 30377.30859375)]","[(0, 28044.681640625), (1, 25522.556640625)]","[(0, 24314.828125), (1, 26123.396484375)]","[(4, 2025.4559151785713), (3, 2286.317908653846), (5, 2317.9763997395835), (1, 2381.522235576923), (2, 2668.928799715909), (0, 2682.9466145833335)]","[(0, 26756.669921875), (1, 25611.869140625)]","[(1, 2786.9673295454545), (4, 2796.240056818182), (0, 2901.8423828125), (3, 2933.1603515625), (2, 2953.4517578125), (5, 3032.9140625)]","[(0, 28761.64453125), (1, 27073.978515625)]","[(0, 1540.1244419642858), (1, 1542.912109375), (2, 1607.2009114583334), (4, 1925.2769252232142), (5, 2055.3494591346152), (3, 2080.8883463541665)]","[(0, 30564.24609375), (1, 27492.310546875)]"
220,"[(0, 24495.228515625), (1, 24675.90625)]","[(0, 23298.533203125), (1, 23185.623046875)]","[(0, 21673.853515625), (1, 21008.802734375)]","[(0, 31005.9140625), (1, 31259.556640625)]","[(0, 23083.12109375), (1, 22437.349609375)]","[(0, 32891.59375), (1, 32512.580078125)]","[(0, 23841.740234375), (1, 22352.49609375)]","[(0, 24921.650390625), (1, 27151.111328125)]","[(4, 2168.2169363839284), (3, 2322.1119290865386), (5, 2472.3323567708335), (1, 2509.217097355769), (0, 2722.1943359375), (2, 2788.4319957386365)]","[(0, 19807.935546875), (1, 19891.056640625)]","[(5, 1772.14453125), (4, 1810.2279146634614), (3, 1939.5402018229167), (2, 2257.673828125), (1, 2267.2775065104165), (0, 2556.950284090909)]","[(0, 29506.16796875), (1, 28379.8359375)]","[(2, 1970.027622767857), (1, 1978.1223958333333), (0, 2356.337139423077), (4, 2370.374248798077), (5, 2464.2535807291665), (3, 2836.08984375)]","[(0, 28857.44921875), (1, 24738.890625)]"
221,"[(0, 29077.345703125), (1, 30257.6953125)]","[(0, 20202.50390625), (1, 19296.4921875)]","[(0, 34072.92578125), (1, 30065.03515625)]","[(0, 32785.42578125), (1, 33175.37109375)]","[(0, 23400.765625), (1, 23627.5234375)]","[(0, 30261.302734375), (1, 31356.8046875)]","[(0, 30338.33984375), (1, 28725.1328125)]","[(0, 27341.806640625), (1, 27715.96875)]","[(4, 2004.5311104910713), (3, 2252.0658052884614), (5, 2329.4910481770835), (1, 2545.7265625), (0, 2809.3746744791665), (2, 2841.965021306818)]","[(0, 22892.390625), (1, 26787.359375)]","[(1, 1691.5098958333333), (2, 1706.157924107143), (0, 1834.0377103365386), (4, 2086.440655048077), (5, 2266.9187825520835), (3, 2311.673828125)]","[(0, 25217.271484375), (1, 30532.314453125)]","[(3, 1270.6417100694443), (4, 1316.142886513158), (5, 1409.614315257353), (1, 1430.9048713235295), (0, 1486.723388671875), (2, 1615.7532552083333)]","[(0, 25075.16015625), (1, 26210.36328125)]"
222,"[(0, 29987.802734375), (1, 30718.91796875)]","[(0, 23941.994140625), (1, 24651.796875)]","[(0, 24440.04296875), (1, 25383.611328125)]","[(0, 28937.58984375), (1, 26724.078125)]","[(0, 23553.8203125), (1, 23817.810546875)]","[(0, 28257.46875), (1, 28432.63671875)]","[(0, 30203.119140625), (1, 31678.0546875)]","[(0, 33356.234375), (1, 25619.490234375)]","[(1, 1396.8427734375), (2, 1483.3536658653845), (0, 1562.7388822115386), (4, 1582.095424107143), (5, 1688.676532451923), (3, 1807.5609975961538)]","[(0, 33413.03125), (1, 31276.2265625)]","[(1, 1750.444921875), (2, 1809.9174107142858), (0, 1945.1975661057693), (4, 2083.4759615384614), (5, 2125.40576171875), (3, 2286.2503551136365)]","[(0, 30967.201171875), (1, 29724.685546875)]","[(4, 1875.0539772727273), (3, 1983.5705078125), (5, 2065.4609375), (1, 2145.3178267045455), (0, 2250.405859375), (2, 2390.166015625)]","[(0, 30769.7890625), (1, 25570.330078125)]"
223,"[(0, 32722.298828125), (1, 36033.33984375)]","[(0, 25871.599609375), (1, 26546.044921875)]","[(0, 26198.091796875), (1, 26532.931640625)]","[(0, 26593.25), (1, 28074.97265625)]","[(0, 31680.5625), (1, 33036.8671875)]","[(0, 27673.603515625), (1, 26734.478515625)]","[(0, 28565.158203125), (1, 27325.17578125)]","[(0, 29717.939453125), (1, 32139.833984375)]","[(1, 1715.3402099609375), (0, 1813.177455357143), (2, 1900.1985677083333), (4, 2320.2527901785716), (3, 2600.076171875), (5, 2602.9146634615386)]","[(0, 29205.21484375), (1, 28554.427734375)]","[(1, 2741.305859375), (4, 3013.197265625), (2, 3058.3474392361113), (0, 3110.7903645833335), (5, 3394.4114583333335), (3, 3466.2326388888887)]","[(0, 32773.234375), (1, 30998.669921875)]","[(1, 1952.84130859375), (2, 2053.260807291667), (0, 2125.558175223214), (4, 2487.2580915178573), (5, 2524.682391826923), (3, 2832.8053385416665)]","[(0, 28651.673828125), (1, 26090.60546875)]"
224,"[(0, 35683.5390625), (1, 36988.984375)]","[(0, 23554.9453125), (1, 23703.0625)]","[(0, 21962.63671875), (1, 22804.2734375)]","[(0, 27851.685546875), (1, 28971.77734375)]","[(0, 28567.1484375), (1, 28693.044921875)]","[(0, 27563.505859375), (1, 28220.70703125)]","[(0, 24079.431640625), (1, 25235.484375)]","[(0, 26677.404296875), (1, 22525.423828125)]","[(4, 1666.4196920955883), (3, 1784.8184814453125), (5, 1829.0263020833333), (1, 2037.016015625), (0, 2199.767020089286), (2, 2201.77734375)]","[(0, 25818.951171875), (1, 24433.400390625)]","[(1, 1864.0621995192307), (0, 1871.4773763020833), (2, 2015.0013020833333), (4, 2163.7486478365386), (3, 2186.9044596354165), (5, 2274.931640625)]","[(0, 31750.5234375), (1, 32003.14453125)]","[(1, 1838.7471454326924), (3, 1924.221400669643), (4, 1954.8658854166667), (2, 2016.931640625), (5, 2068.8045372596152), (0, 2201.1051432291665)]","[(0, 28000.53125), (1, 30443.779296875)]"
225,"[(0, 25844.47265625), (1, 27060.013671875)]","[(0, 27037.263671875), (1, 27383.24609375)]","[(0, 25056.513671875), (1, 24882.5859375)]","[(0, 33947.23828125), (1, 36166.78125)]","[(0, 29626.734375), (1, 28120.9296875)]","[(0, 31074.02734375), (1, 31547.6953125)]","[(0, 28332.86328125), (1, 28021.84765625)]","[(0, 25898.6796875), (1, 23568.515625)]","[(4, 1584.1300551470588), (3, 1733.2989501953125), (5, 1774.4817708333333), (1, 2002.0506510416667), (2, 2139.664362980769), (0, 2143.9397321428573)]","[(0, 26526.78515625), (1, 30344.041015625)]","[(4, 2090.184481534091), (3, 2150.83046875), (5, 2327.7767578125), (1, 2612.0456321022725), (0, 2722.1423828125), (2, 2880.2654296875)]","[(0, 30605.37109375), (1, 28410.81640625)]","[(4, 1808.9782552083334), (5, 1861.9125600961538), (1, 1952.1610576923076), (2, 2016.6429332386363), (3, 2043.7142857142858), (0, 2316.8204752604165)]","[(0, 26618.8515625), (1, 24047.578125)]"
226,"[(0, 32638.4609375), (1, 33285.97265625)]","[(0, 17404.142578125), (1, 16973.626953125)]","[(0, 17639.146484375), (1, 18525.904296875)]","[(0, 22661.427734375), (1, 23838.103515625)]","[(0, 29917.01953125), (1, 30143.583984375)]","[(0, 26972.107421875), (1, 26193.76953125)]","[(0, 26437.759765625), (1, 27798.71875)]","[(0, 27571.708984375), (1, 30659.85546875)]","[(4, 2010.8682291666667), (1, 2136.506277901786), (5, 2223.7725360576924), (3, 2295.7569110576924), (2, 2435.0843098958335), (0, 2600.3092447916665)]","[(0, 26039.498046875), (1, 32735.033203125)]","[(4, 1998.1311598557693), (3, 2140.9806315104165), (5, 2170.610262784091), (1, 2540.291193181818), (0, 2914.6560546875), (2, 3001.001953125)]","[(0, 26370.09765625), (1, 24135.689453125)]","[(4, 2709.9474283854165), (5, 2759.651455965909), (1, 2851.4697265625), (3, 2854.9117542613635), (0, 2981.7272727272725), (2, 2988.5454545454545)]","[(0, 32514.8125), (1, 27238.431640625)]"
227,"[(0, 27074.4453125), (1, 27424.72265625)]","[(0, 23687.310546875), (1, 23569.9765625)]","[(0, 25993.8203125), (1, 27417.2421875)]","[(0, 23747.431640625), (1, 23395.322265625)]","[(0, 32998.26171875), (1, 32504.548828125)]","[(0, 27225.1875), (1, 27011.052734375)]","[(0, 22514.427734375), (1, 24741.837890625)]","[(0, 24260.2578125), (1, 22612.291015625)]","[(0, 2233.121651785714), (1, 2315.152864583333), (2, 2440.0457589285716), (3, 2703.6595552884614), (4, 2726.3390066964284), (5, 2950.549579326923)]","[(0, 28081.158203125), (1, 28766.47265625)]","[(4, 1502.916259765625), (3, 1557.1287760416667), (5, 1660.6708984375), (1, 1995.2237723214287), (0, 2091.664513221154), (2, 2174.646484375)]","[(0, 27400.017578125), (1, 27512.556640625)]","[(4, 2283.64609375), (1, 2421.6453125), (5, 2481.888371394231), (2, 2542.2208533653848), (3, 2719.8563701923076), (0, 2862.08984375)]","[(0, 33147.953125), (1, 28711.41015625)]"
228,"[(0, 25214.673828125), (1, 25042.37109375)]","[(0, 22087.595703125), (1, 20943.708984375)]","[(0, 30526.724609375), (1, 29790.951171875)]","[(0, 29012.55859375), (1, 28305.154296875)]","[(0, 29131.640625), (1, 28477.166015625)]","[(0, 28483.251953125), (1, 28472.685546875)]","[(0, 21283.32421875), (1, 22863.94140625)]","[(0, 32259.8125), (1, 29031.1015625)]","[(4, 1920.27578125), (3, 1979.976283482143), (1, 2081.0457589285716), (5, 2122.197566105769), (0, 2307.200721153846), (2, 2438.984375)]","[(0, 21069.859375), (1, 27414.025390625)]","[(1, 2098.1954627403848), (2, 2212.1848958333335), (0, 2411.5649857954545), (4, 2651.517578125), (5, 2852.97109375), (3, 3499.1506076388887)]","[(0, 20831.37890625), (1, 25809.791015625)]","[(4, 2171.2546037946427), (5, 2396.9249674479165), (3, 2447.153094951923), (1, 2823.6591796875), (0, 3030.7109375), (2, 3113.7419921875)]","[(0, 28710.8359375), (1, 25650.1484375)]"
229,"[(0, 30556.66796875), (1, 31695.12890625)]","[(0, 23498.5390625), (1, 23496.6328125)]","[(0, 22993.455078125), (1, 21955.748046875)]","[(0, 29590.39453125), (1, 29708.84375)]","[(0, 26153.283203125), (1, 24830.458984375)]","[(0, 29940.310546875), (1, 30134.12890625)]","[(0, 25007.001953125), (1, 25502.36328125)]","[(0, 29217.52734375), (1, 26472.576171875)]","[(5, 2252.765802556818), (4, 2276.47705078125), (3, 2357.5012428977275), (2, 2591.0734375), (1, 2637.935369318182), (0, 2738.050390625)]","[(0, 25116.73046875), (1, 28276.2578125)]","[(1, 2143.201171875), (2, 2259.463778409091), (4, 2371.2874644886365), (0, 2444.4634765625), (5, 2705.0830078125), (3, 2952.8815104166665)]","[(0, 27432.751953125), (1, 30410.583984375)]","[(1, 2220.7502604166666), (4, 2245.0304129464284), (0, 2279.0274939903848), (2, 2308.543419471154), (5, 2347.9295247395835), (3, 2394.08984375)]","[(0, 27124.99609375), (1, 23384.703125)]"
230,"[(0, 23552.921875), (1, 24283.521484375)]","[(0, 26454.37890625), (1, 28148.509765625)]","[(0, 26681.421875), (1, 24731.01171875)]","[(0, 35525.6484375), (1, 36105.54296875)]","[(0, 26308.984375), (1, 25330.0)]","[(0, 36961.97265625), (1, 35943.8984375)]","[(0, 19826.2109375), (1, 18564.8671875)]","[(0, 27001.31640625), (1, 24711.84375)]","[(4, 1997.2074497767858), (1, 2053.0499441964284), (3, 2134.994591346154), (5, 2163.393780048077), (0, 2180.5966045673076), (2, 2199.6954627403848)]","[(0, 26073.765625), (1, 22899.662109375)]","[(4, 2312.4609375), (3, 2449.436328125), (5, 2566.92109375), (1, 2569.90234375), (0, 2707.3955078125), (2, 2768.587890625)]","[(0, 22193.462890625), (1, 21926.076171875)]","[(5, 1874.1904296875), (4, 1935.0010516826924), (3, 2132.3102213541665), (2, 2361.3039772727275), (1, 2434.2576497395835), (0, 2541.8737571022725)]","[(0, 28209.728515625), (1, 24315.24609375)]"
231,"[(0, 23010.873046875), (1, 23883.83984375)]","[(0, 24260.697265625), (1, 23816.447265625)]","[(0, 27753.52734375), (1, 26485.91015625)]","[(0, 30747.96484375), (1, 31080.48828125)]","[(0, 27919.283203125), (1, 28100.15234375)]","[(0, 34301.8984375), (1, 35589.7734375)]","[(0, 28690.30859375), (1, 27644.19140625)]","[(0, 34809.49609375), (1, 31106.435546875)]","[(4, 2082.773018973214), (1, 2112.4950420673076), (2, 2259.506924715909), (5, 2313.1865234375), (0, 2362.7005208333335), (3, 2416.390324519231)]","[(0, 23015.263671875), (1, 19793.9609375)]","[(1, 2130.3751953125), (2, 2333.0850694444443), (4, 2548.16484375), (0, 2579.1866319444443), (5, 2821.310546875), (3, 3151.7248263888887)]","[(0, 35508.84765625), (1, 31494.45703125)]","[(1, 2230.095284598214), (2, 2334.297325721154), (0, 2537.2937825520835), (4, 3091.9514973958335), (5, 3127.4289772727275), (3, 3299.66875)]","[(0, 31948.1640625), (1, 32425.072265625)]"
232,"[(0, 31708.9453125), (1, 31891.392578125)]","[(0, 22347.251953125), (1, 21710.28515625)]","[(0, 31444.27734375), (1, 31836.451171875)]","[(0, 28237.6953125), (1, 28326.892578125)]","[(0, 26012.791015625), (1, 24798.865234375)]","[(0, 30284.33984375), (1, 29294.201171875)]","[(0, 22701.01171875), (1, 23196.4140625)]","[(0, 29333.955078125), (1, 28830.189453125)]","[(1, 1993.5538504464287), (2, 2107.940955528846), (0, 2246.6512044270835), (4, 2549.3291015625), (5, 2616.3938210227275), (3, 2706.0455078125)]","[(0, 26800.365234375), (1, 35288.19921875)]","[(0, 2038.2830403645833), (2, 2134.5729166666665), (1, 2169.3377403846152), (4, 2527.78515625), (3, 2606.670809659091), (5, 2691.9195667613635)]","[(0, 22334.595703125), (1, 27711.314453125)]","[(4, 3368.4954427083335), (1, 3553.6458333333335), (3, 3716.3480113636365), (5, 3779.4573863636365), (0, 4007.633877840909), (2, 4065.7592329545455)]","[(0, 32885.4140625), (1, 34624.74609375)]"
233,"[(0, 25766.58203125), (1, 28098.140625)]","[(0, 22861.388671875), (1, 22910.71484375)]","[(0, 17218.970703125), (1, 17222.140625)]","[(0, 29002.267578125), (1, 28960.201171875)]","[(0, 34334.203125), (1, 33235.4453125)]","[(0, 28535.5625), (1, 27742.861328125)]","[(0, 28885.64453125), (1, 28089.16796875)]","[(0, 29793.70703125), (1, 27855.66796875)]","[(1, 1805.87451171875), (2, 1936.6291666666666), (0, 1995.756556919643), (4, 2387.1735491071427), (5, 2621.1841947115386), (3, 2672.6295572916665)]","[(0, 30656.0546875), (1, 24859.173828125)]","[(4, 1324.6642578125), (1, 1338.5109991776317), (0, 1380.5714613970588), (2, 1391.3675321691176), (3, 1400.8407118055557), (5, 1495.201388888889)]","[(0, 33301.43359375), (1, 35888.71875)]","[(4, 1653.494873046875), (3, 1679.5329427083334), (5, 1731.0587332589287), (1, 1820.218470982143), (2, 1986.40234375), (0, 1993.662109375)]","[(0, 30054.02734375), (1, 31739.595703125)]"
234,"[(0, 22811.189453125), (1, 22879.3828125)]","[(0, 27978.564453125), (1, 27643.19140625)]","[(0, 26471.76953125), (1, 30714.81640625)]","[(0, 32471.212890625), (1, 30651.318359375)]","[(0, 28015.0625), (1, 25902.58203125)]","[(0, 27496.50390625), (1, 26575.578125)]","[(0, 29056.056640625), (1, 29269.041015625)]","[(0, 28295.681640625), (1, 31796.640625)]","[(0, 2331.46240234375), (3, 2427.3380533854165), (1, 2469.938251201923), (2, 2495.8756510416665), (4, 2546.6298076923076), (5, 2559.6780598958335)]","[(0, 30445.34765625), (1, 32972.40234375)]","[(4, 1807.5249720982142), (1, 1910.3779296875), (5, 2091.8595377604165), (3, 2102.2550455729165), (0, 2234.5673828125), (2, 2237.3287760416665)]","[(0, 34199.53125), (1, 31878.224609375)]","[(4, 2073.0880208333333), (3, 2157.9211774553573), (5, 2229.3739483173076), (1, 2260.4834735576924), (2, 2443.724786931818), (0, 2547.404296875)]","[(0, 28126.158203125), (1, 29397.888671875)]"
235,"[(0, 28831.564453125), (1, 31208.234375)]","[(0, 19910.4921875), (1, 21209.955078125)]","[(0, 28664.19140625), (1, 29213.935546875)]","[(0, 26352.576171875), (1, 27270.53125)]","[(0, 24125.818359375), (1, 23436.6796875)]","[(0, 30147.205078125), (1, 30891.33984375)]","[(0, 34966.03515625), (1, 36702.7421875)]","[(0, 30190.708984375), (1, 33338.23046875)]","[(1, 2765.7377485795455), (0, 2969.2103515625), (2, 3011.585546875), (4, 3076.8529829545455), (3, 3280.863671875), (5, 3381.901953125)]","[(0, 28711.1640625), (1, 26140.341796875)]","[(2, 1924.0006510416667), (1, 1965.6733774038462), (0, 2055.8473011363635), (5, 2118.3433948863635), (4, 2127.9894205729165), (3, 2402.543359375)]","[(0, 31797.248046875), (1, 28851.33984375)]","[(4, 2295.496651785714), (3, 2385.559344951923), (0, 2405.8196614583335), (1, 2429.760967548077), (5, 2524.11376953125), (2, 2614.3659446022725)]","[(0, 23394.451171875), (1, 25071.0234375)]"
236,"[(0, 30712.12109375), (1, 32634.416015625)]","[(0, 21615.046875), (1, 23036.716796875)]","[(0, 35662.515625), (1, 32379.958984375)]","[(0, 25192.009765625), (1, 23614.279296875)]","[(0, 24951.92578125), (1, 23319.939453125)]","[(0, 31049.765625), (1, 32421.673828125)]","[(0, 26468.83984375), (1, 28415.04296875)]","[(0, 22254.50390625), (1, 26331.94921875)]","[(1, 1623.1448759191176), (4, 1692.5457899305557), (2, 1746.09140625), (5, 1757.8077392578125), (3, 1807.2243795955883), (0, 1819.4290771484375)]","[(0, 19209.11328125), (1, 23338.873046875)]","[(4, 1607.7041015625), (5, 1770.1953125), (3, 1840.046875), (1, 1956.1547475961538), (0, 2108.8977864583335), (2, 2141.9651988636365)]","[(0, 34793.99609375), (1, 39230.26171875)]","[(4, 3166.1383463541665), (1, 3242.1705729166665), (5, 3462.5969460227275), (2, 3581.9818892045455), (3, 3667.6257102272725), (0, 3700.6732954545455)]","[(0, 26285.685546875), (1, 23232.279296875)]"
237,"[(0, 21567.08984375), (1, 22490.521484375)]","[(0, 18893.349609375), (1, 19541.94921875)]","[(0, 23380.978515625), (1, 23588.552734375)]","[(0, 28581.75390625), (1, 27925.755859375)]","[(0, 33825.828125), (1, 32481.587890625)]","[(0, 33790.39453125), (1, 33746.62890625)]","[(0, 24691.8671875), (1, 25888.234375)]","[(0, 32704.046875), (1, 27646.98828125)]","[(1, 1876.224330357143), (0, 1906.1920072115386), (2, 2037.1580528846155), (3, 2395.8873697916665), (4, 2423.873046875), (5, 2579.830078125)]","[(0, 29975.166015625), (1, 26989.525390625)]","[(1, 2268.4564302884614), (2, 2387.2796223958335), (0, 2404.4895241477275), (4, 2831.155362215909), (5, 3111.5484375), (3, 3345.6510416666665)]","[(0, 20093.708984375), (1, 18371.16796875)]","[(1, 1977.9439697265625), (2, 2075.04296875), (0, 2145.7848772321427), (4, 2159.8818359375), (5, 2225.0202287946427), (3, 2308.0725446428573)]","[(0, 24765.068359375), (1, 23620.765625)]"
238,"[(0, 30094.58203125), (1, 30880.939453125)]","[(0, 22335.619140625), (1, 23305.998046875)]","[(0, 21766.216796875), (1, 21259.205078125)]","[(0, 22959.755859375), (1, 20237.927734375)]","[(0, 25294.177734375), (1, 24463.478515625)]","[(0, 33132.59375), (1, 33263.15625)]","[(0, 32303.896484375), (1, 31943.685546875)]","[(0, 27122.90234375), (1, 29529.896484375)]","[(4, 2295.826923076923), (5, 2420.3549360795455), (3, 2460.9352213541665), (1, 2976.0709635416665), (0, 3117.8547585227275), (2, 3230.9689453125)]","[(0, 20869.59765625), (1, 23708.1015625)]","[(1, 1687.5895182291667), (4, 1822.3317057291667), (2, 1892.3119673295455), (0, 1988.7624289772727), (5, 1989.1606889204545), (3, 2111.171697443182)]","[(0, 26726.244140625), (1, 29099.068359375)]","[(1, 2204.4606584821427), (4, 2355.5079627403848), (2, 2385.3478064903848), (3, 2386.2668678977275), (0, 2429.1233723958335), (5, 2530.2887369791665)]","[(0, 28996.626953125), (1, 24964.3515625)]"
239,"[(0, 29405.0390625), (1, 32258.45703125)]","[(0, 23914.267578125), (1, 23663.4453125)]","[(0, 31556.509765625), (1, 32021.919921875)]","[(0, 28762.66015625), (1, 26846.8203125)]","[(0, 28440.01171875), (1, 28071.572265625)]","[(0, 31853.763671875), (1, 32402.07421875)]","[(0, 20536.798828125), (1, 19786.76953125)]","[(0, 26843.134765625), (1, 24236.25390625)]","[(3, 1649.494384765625), (0, 1655.4696614583333), (4, 1720.0637637867646), (1, 1749.9798583984375), (5, 1930.5622395833334), (2, 1952.371791294643)]","[(0, 20610.51171875), (1, 26049.283203125)]","[(1, 1998.5809795673076), (2, 2129.15869140625), (0, 2173.9476207386365), (4, 2829.770419034091), (5, 3093.190234375), (3, 3376.9177517361113)]","[(0, 39379.22265625), (1, 32951.40234375)]","[(3, 1950.321010044643), (4, 2004.823974609375), (5, 2127.148018973214), (0, 2154.932842548077), (1, 2187.33203125), (2, 2412.975360576923)]","[(0, 24577.267578125), (1, 25841.29296875)]"
240,"[(0, 26049.310546875), (1, 27288.2734375)]","[(0, 22359.275390625), (1, 21399.662109375)]","[(0, 20724.1015625), (1, 21265.896484375)]","[(0, 28431.388671875), (1, 26060.689453125)]","[(0, 23635.9296875), (1, 22386.115234375)]","[(0, 27136.45703125), (1, 27586.3828125)]","[(0, 25088.79296875), (1, 23949.78125)]","[(0, 20512.9765625), (1, 23175.41015625)]","[(3, 1172.167578125), (4, 1185.0909423828125), (5, 1273.2279947916666), (1, 1374.290283203125), (0, 1375.3438802083333), (2, 1479.434375)]","[(0, 22472.25390625), (1, 22630.046875)]","[(2, 1672.1572916666667), (1, 1729.7469482421875), (0, 1775.2421875), (4, 1872.059849330357), (5, 2064.9627403846152), (3, 2139.5069986979165)]","[(0, 25160.724609375), (1, 24098.291015625)]","[(1, 2361.451416015625), (2, 2416.261197916667), (0, 2522.018973214286), (5, 2688.459542410714), (4, 2892.9864583333333), (3, 2952.0357572115386)]","[(0, 27557.27734375), (1, 29462.58203125)]"
241,"[(0, 28345.4296875), (1, 28009.42578125)]","[(0, 22268.8125), (1, 21284.07421875)]","[(0, 27858.564453125), (1, 30402.349609375)]","[(0, 26778.392578125), (1, 24789.123046875)]","[(0, 28128.224609375), (1, 27424.25)]","[(0, 29800.75390625), (1, 29221.59765625)]","[(0, 25589.796875), (1, 25519.1484375)]","[(0, 29050.6015625), (1, 28326.43359375)]","[(1, 1707.5670572916667), (2, 1737.167689732143), (0, 1940.0399639423076), (4, 2042.7573939732142), (5, 2183.1766826923076), (3, 2299.03857421875)]","[(0, 21972.62890625), (1, 27644.71875)]","[(1, 1839.9430989583334), (2, 2034.0425502232142), (0, 2113.099609375), (4, 2361.75), (5, 2593.2413736979165), (3, 2652.294034090909)]","[(0, 33024.328125), (1, 38359.484375)]","[(4, 2183.4102957589284), (3, 2320.867638221154), (5, 2376.5967548076924), (1, 2393.7801339285716), (0, 2590.5970552884614), (2, 2618.852764423077)]","[(0, 29290.734375), (1, 29709.580078125)]"
242,"[(0, 22870.19921875), (1, 22977.41015625)]","[(0, 25171.66796875), (1, 23786.326171875)]","[(0, 33331.65234375), (1, 33142.0078125)]","[(0, 22528.41015625), (1, 22033.56640625)]","[(0, 28011.85546875), (1, 27061.873046875)]","[(0, 31239.591796875), (1, 30602.83203125)]","[(0, 25856.849609375), (1, 24502.16796875)]","[(0, 25000.0390625), (1, 29330.0078125)]","[(4, 1673.1158088235295), (3, 1690.32373046875), (5, 1865.849609375), (1, 2274.3419270833333), (0, 2478.236886160714), (2, 2550.932091346154)]","[(0, 22723.255859375), (1, 23786.439453125)]","[(4, 1724.4509114583334), (3, 1759.746372767857), (5, 1900.0537860576924), (1, 2230.052283653846), (0, 2501.4588216145835), (2, 2566.7425426136365)]","[(0, 30517.701171875), (1, 29769.5078125)]","[(2, 1499.4451497395833), (1, 1534.4783653846155), (0, 1632.8282877604167), (4, 1864.0746694711538), (5, 1878.58544921875), (3, 2068.4786783854165)]","[(0, 35257.82421875), (1, 32221.130859375)]"
243,"[(0, 23612.41015625), (1, 23775.869140625)]","[(0, 21337.240234375), (1, 20225.63671875)]","[(0, 27836.759765625), (1, 29034.841796875)]","[(0, 23736.064453125), (1, 24775.88671875)]","[(0, 26729.8125), (1, 27789.6796875)]","[(0, 25478.24609375), (1, 25941.9375)]","[(0, 28403.908203125), (1, 27073.283203125)]","[(0, 29078.677734375), (1, 35326.72265625)]","[(4, 1869.9154052734375), (3, 1938.6341145833333), (5, 2025.817103794643), (1, 2182.17578125), (2, 2435.9485677083335), (0, 2452.119891826923)]","[(0, 27219.42578125), (1, 34501.40625)]","[(4, 2067.2679036458335), (3, 2221.9534801136365), (1, 2260.78271484375), (5, 2282.093927556818), (0, 2584.235440340909), (2, 2649.1770241477275)]","[(0, 34891.35546875), (1, 36101.4453125)]","[(2, 2094.1171875), (4, 2137.050223214286), (5, 2156.0857747395835), (1, 2246.4560546875), (3, 2338.158203125), (0, 2484.000177556818)]","[(0, 26270.447265625), (1, 22837.267578125)]"
244,"[(0, 29264.57421875), (1, 30671.9609375)]","[(0, 24189.494140625), (1, 24366.384765625)]","[(0, 27427.494140625), (1, 26832.2578125)]","[(0, 25204.3359375), (1, 26449.63671875)]","[(0, 25261.705078125), (1, 25261.416015625)]","[(0, 30830.73828125), (1, 30906.71875)]","[(0, 24335.197265625), (1, 25305.9765625)]","[(0, 32524.427734375), (1, 29167.138671875)]","[(4, 1716.6600413602941), (3, 1757.3367919921875), (1, 1815.8019301470588), (5, 1827.802978515625), (0, 1880.87353515625), (2, 1947.4366455078125)]","[(0, 22602.611328125), (1, 22588.69140625)]","[(1, 1923.6338641826924), (0, 1969.9990234375), (2, 2106.4153645833335), (4, 2547.3458658854165), (3, 2626.3256392045455), (5, 2837.1555397727275)]","[(0, 26427.44921875), (1, 26172.720703125)]","[(1, 1786.8323759191176), (0, 1835.9029947916667), (3, 1877.22421875), (4, 1887.9965533088234), (2, 1969.82421875), (5, 2003.3342447916666)]","[(0, 26236.498046875), (1, 28363.953125)]"
245,"[(0, 28782.47265625), (1, 29827.455078125)]","[(0, 23037.75), (1, 24907.751953125)]","[(0, 20210.2890625), (1, 19485.376953125)]","[(0, 25646.845703125), (1, 26780.00390625)]","[(0, 29713.091796875), (1, 28618.73828125)]","[(0, 27248.642578125), (1, 26998.509765625)]","[(0, 23649.029296875), (1, 22780.2109375)]","[(0, 28556.171875), (1, 22232.14453125)]","[(1, 1874.3822544642858), (4, 1884.27685546875), (5, 2069.1672585227275), (3, 2086.00078125), (2, 2132.6564002403848), (0, 2192.0472005208335)]","[(0, 20462.294921875), (1, 21924.08984375)]","[(4, 1945.4313401442307), (1, 1955.95703125), (3, 1982.443359375), (0, 2031.2970377604167), (5, 2071.10986328125), (2, 2150.6808268229165)]","[(0, 33560.54296875), (1, 32041.9296875)]","[(1, 1854.4625), (2, 1975.242466517857), (4, 2169.2862723214284), (0, 2197.1669170673076), (5, 2444.902043269231), (3, 2597.2112630208335)]","[(0, 28543.15625), (1, 24009.421875)]"
246,"[(0, 30466.43359375), (1, 31508.09765625)]","[(0, 21603.546875), (1, 23201.923828125)]","[(0, 24420.8671875), (1, 25349.62109375)]","[(0, 30024.17578125), (1, 29197.779296875)]","[(0, 24608.3203125), (1, 22884.70703125)]","[(0, 28781.7578125), (1, 26387.482421875)]","[(0, 22299.265625), (1, 22586.9453125)]","[(0, 27485.44140625), (1, 28954.84375)]","[(1, 1977.421177455357), (2, 2136.713641826923), (0, 2254.9905598958335), (4, 2347.8290264423076), (5, 2464.6907552083335), (3, 2643.7707741477275)]","[(0, 31413.52734375), (1, 32272.302734375)]","[(2, 1855.3203125), (1, 1861.6888521634614), (0, 1997.7078450520833), (5, 2289.5994466145835), (4, 2299.7801983173076), (3, 2457.8719075520835)]","[(0, 31886.919921875), (1, 29786.12109375)]","[(4, 2455.0587439903848), (5, 2529.2247721354165), (2, 2616.0619673295455), (1, 2652.47607421875), (3, 2827.4694010416665), (0, 2844.432528409091)]","[(0, 30268.23046875), (1, 30763.1875)]"
247,"[(0, 25491.955078125), (1, 26582.955078125)]","[(0, 21283.873046875), (1, 22136.158203125)]","[(0, 32824.1875), (1, 35409.19140625)]","[(0, 27934.197265625), (1, 27353.359375)]","[(0, 24453.9375), (1, 24376.8203125)]","[(0, 34705.51171875), (1, 34308.8671875)]","[(0, 24727.78125), (1, 23984.8671875)]","[(0, 24423.3828125), (1, 20185.75)]","[(1, 2032.7801339285713), (2, 2215.392277644231), (0, 2348.51171875), (4, 2710.849609375), (5, 2804.010830965909), (3, 2938.9396484375)]","[(0, 28125.73046875), (1, 34093.2734375)]","[(1, 1704.2554931640625), (4, 1717.912890625), (0, 1805.578125), (2, 1810.0089285714287), (3, 1873.8118990384614), (5, 1884.0021033653845)]","[(0, 20976.330078125), (1, 21553.9921875)]","[(4, 2198.48291015625), (1, 2328.62939453125), (5, 2330.8178267045455), (3, 2360.763494318182), (2, 2508.668856534091), (0, 2514.342862215909)]","[(0, 33549.82421875), (1, 28297.40625)]"
248,"[(0, 22802.251953125), (1, 24135.158203125)]","[(0, 23274.63671875), (1, 23131.6015625)]","[(0, 18249.6484375), (1, 19591.845703125)]","[(0, 33787.4921875), (1, 31757.578125)]","[(0, 25506.44921875), (1, 25445.150390625)]","[(0, 32671.56640625), (1, 31849.751953125)]","[(0, 29946.79296875), (1, 30866.984375)]","[(0, 27845.41796875), (1, 29128.859375)]","[(1, 1800.6568603515625), (2, 1857.9178385416667), (0, 1964.1502511160713), (4, 2450.8063616071427), (5, 2613.905048076923), (3, 2790.6774088541665)]","[(0, 27990.734375), (1, 27247.939453125)]","[(4, 1495.048095703125), (5, 1600.8042689732142), (3, 1663.938197544643), (1, 1665.6635416666666), (2, 1741.7758413461538), (0, 1814.4104567307693)]","[(0, 35445.6796875), (1, 32183.35546875)]","[(0, 2747.2260298295455), (1, 3020.2399088541665), (2, 3240.0532670454545), (3, 3255.1609375), (4, 3437.6207386363635), (5, 4033.11875)]","[(0, 25965.52734375), (1, 27895.3046875)]"
249,"[(0, 28845.921875), (1, 31618.416015625)]","[(0, 20377.873046875), (1, 18590.521484375)]","[(0, 24658.544921875), (1, 25312.130859375)]","[(0, 26904.30859375), (1, 26340.416015625)]","[(0, 31804.619140625), (1, 31641.0703125)]","[(0, 35111.9609375), (1, 35714.1796875)]","[(0, 22545.240234375), (1, 21371.537109375)]","[(0, 21608.4921875), (1, 25782.19140625)]","[(4, 1864.0140625), (3, 1989.0170200892858), (5, 2026.9568810096155), (1, 2352.4196428571427), (2, 2524.8193359375), (0, 2649.649939903846)]","[(0, 29491.8203125), (1, 32754.673828125)]","[(4, 1649.7618408203125), (3, 1780.2311197916667), (5, 1917.9921875), (1, 2084.309012276786), (0, 2322.860576923077), (2, 2462.6209309895835)]","[(0, 33931.5078125), (1, 40350.26953125)]","[(1, 1912.3462239583334), (4, 1933.7962239583333), (0, 1936.0845853365386), (3, 1954.3460036057693), (2, 2105.365234375), (5, 2122.0721153846152)]","[(0, 31746.49609375), (1, 33825.1171875)]"
250,"[(0, 34293.91796875), (1, 36017.70703125)]","[(0, 22762.20703125), (1, 22657.947265625)]","[(0, 28252.7265625), (1, 27395.810546875)]","[(0, 41733.36328125), (1, 41048.98828125)]","[(0, 27068.919921875), (1, 27278.517578125)]","[(0, 29245.517578125), (1, 29662.330078125)]","[(0, 25676.1875), (1, 25205.177734375)]","[(0, 29017.263671875), (1, 25100.08984375)]","[(4, 1801.25546875), (3, 1861.0426682692307), (1, 1952.6361607142858), (5, 2040.9442608173076), (0, 2356.90771484375), (2, 2371.255859375)]","[(0, 30606.16015625), (1, 33523.8515625)]","[(1, 1984.7820870535713), (2, 2158.091796875), (0, 2225.337890625), (4, 3021.7180989583335), (5, 3317.9296875), (3, 3379.922265625)]","[(0, 28152.75390625), (1, 27122.5390625)]","[(4, 2580.976740056818), (3, 2599.99453125), (1, 2679.6097301136365), (5, 2722.770703125), (0, 2724.1341796875), (2, 2860.255859375)]","[(0, 24763.74609375), (1, 24048.21875)]"
251,"[(0, 29981.5703125), (1, 31274.9453125)]","[(0, 23200.83984375), (1, 22126.47265625)]","[(0, 21033.94140625), (1, 19902.0625)]","[(0, 24768.634765625), (1, 23938.408203125)]","[(0, 30737.701171875), (1, 29366.19921875)]","[(0, 27789.626953125), (1, 27679.857421875)]","[(0, 25949.78125), (1, 26323.462890625)]","[(0, 33102.3984375), (1, 28661.23828125)]","[(1, 1921.02392578125), (0, 2110.5379464285716), (2, 2185.628385416667), (4, 2246.3603515625), (5, 2514.9188701923076), (3, 2586.6886393229165)]","[(0, 37484.5078125), (1, 26519.625)]","[(1, 2310.1709735576924), (2, 2331.6915690104165), (0, 2462.3765980113635), (4, 2992.0561079545455), (5, 3082.612109375), (3, 3478.9796006944443)]","[(0, 29078.26171875), (1, 30727.181640625)]","[(4, 1763.5965073529412), (1, 1866.393310546875), (5, 1965.808203125), (3, 1991.115625), (2, 2031.2938058035713), (0, 2122.2099609375)]","[(0, 24414.814453125), (1, 22839.271484375)]"
252,"[(0, 31303.560546875), (1, 31368.380859375)]","[(0, 22741.724609375), (1, 22639.00390625)]","[(0, 21693.4375), (1, 24984.119140625)]","[(0, 32325.314453125), (1, 29162.244140625)]","[(0, 26846.28125), (1, 24049.205078125)]","[(0, 23761.998046875), (1, 23802.255859375)]","[(0, 23627.748046875), (1, 23326.16796875)]","[(0, 33520.11328125), (1, 30978.544921875)]","[(1, 1708.9876302083333), (0, 1861.344501201923), (2, 1900.605189732143), (4, 1905.3213641826924), (3, 1970.6471946022727), (5, 2121.08447265625)]","[(0, 23387.736328125), (1, 26011.40234375)]","[(4, 1888.4200721153845), (1, 1938.2701322115386), (3, 2009.2830255681818), (0, 2049.899502840909), (5, 2189.1352982954545), (2, 2208.1107954545455)]","[(0, 31029.607421875), (1, 35054.37890625)]","[(4, 1874.0528645833333), (5, 2022.080078125), (1, 2048.80703125), (3, 2096.2516741071427), (2, 2212.7405133928573), (0, 2274.552734375)]","[(0, 28193.134765625), (1, 26223.388671875)]"
253,"[(0, 28541.794921875), (1, 29331.884765625)]","[(0, 25717.654296875), (1, 27126.263671875)]","[(0, 26694.021484375), (1, 27167.81640625)]","[(0, 25721.67578125), (1, 23106.08984375)]","[(0, 22350.365234375), (1, 23244.95703125)]","[(0, 25057.70703125), (1, 26239.19921875)]","[(0, 24752.24609375), (1, 24890.677734375)]","[(0, 37424.67578125), (1, 25749.041015625)]","[(1, 2623.7747395833335), (4, 2641.5906575520835), (2, 2731.7700639204545), (0, 2739.732599431818), (3, 2779.6702769886365), (5, 2785.2878196022725)]","[(0, 23533.927734375), (1, 22207.541015625)]","[(4, 1571.0215928819443), (1, 1599.290707236842), (5, 1790.1473388671875), (3, 1795.649658203125), (2, 1831.5780101102941), (0, 1875.5652573529412)]","[(0, 33796.3203125), (1, 33993.98828125)]","[(1, 2671.6739908854165), (4, 2694.030949519231), (0, 2767.6058238636365), (3, 2789.4694010416665), (2, 2794.1685546875), (5, 2856.18359375)]","[(0, 24213.8203125), (1, 26378.296875)]"
254,"[(0, 28649.40625), (1, 29633.009765625)]","[(0, 28370.3125), (1, 27120.59765625)]","[(0, 20848.791015625), (1, 22251.212890625)]","[(0, 27295.40625), (1, 26252.96484375)]","[(0, 25645.94140625), (1, 27116.486328125)]","[(0, 29398.4765625), (1, 30524.5703125)]","[(0, 28152.404296875), (1, 28570.0078125)]","[(0, 23748.92578125), (1, 25203.255859375)]","[(1, 1573.3148193359375), (0, 1718.0379464285713), (2, 1721.97421875), (4, 2054.0680803571427), (3, 2110.3583984375), (5, 2258.111328125)]","[(0, 31336.119140625), (1, 29038.828125)]","[(1, 1441.5162353515625), (4, 1551.4759521484375), (2, 1571.0011160714287), (5, 1634.8978794642858), (0, 1638.8441685267858), (3, 1715.770228794643)]","[(0, 24802.435546875), (1, 25770.095703125)]","[(4, 2311.9778645833335), (1, 2330.22216796875), (3, 2412.869318181818), (0, 2430.536931818182), (5, 2479.0825639204545), (2, 2527.0814985795455)]","[(0, 28836.265625), (1, 30298.755859375)]"
255,"[(0, 27664.869140625), (1, 29289.00390625)]","[(0, 26743.09765625), (1, 25172.677734375)]","[(0, 30786.87109375), (1, 35328.57421875)]","[(0, 25178.89453125), (1, 22719.9609375)]","[(0, 22511.271484375), (1, 24199.669921875)]","[(0, 25287.013671875), (1, 25279.947265625)]","[(0, 17152.7890625), (1, 16840.57421875)]","[(0, 27630.564453125), (1, 38000.47265625)]","[(3, 1355.4684495192307), (4, 1357.318359375), (5, 1489.005859375), (1, 1581.2205636160713), (0, 1603.2653245192307), (2, 1742.15625)]","[(0, 37180.671875), (1, 30973.287109375)]","[(1, 1585.1305989583334), (2, 1695.720982142857), (0, 1797.6502403846155), (4, 2345.8302283653848), (5, 2452.40478515625), (3, 2726.262784090909)]","[(0, 30669.037109375), (1, 28707.46875)]","[(4, 1961.376255580357), (3, 2207.0099158653848), (5, 2353.6868990384614), (1, 2435.609933035714), (0, 2775.032752403846), (2, 2932.7466947115386)]","[(0, 21378.609375), (1, 19812.091796875)]"
256,"[(0, 29231.017578125), (1, 31666.8515625)]","[(0, 25888.826171875), (1, 23976.9765625)]","[(0, 19186.228515625), (1, 20482.052734375)]","[(0, 26948.9921875), (1, 27926.927734375)]","[(0, 34321.53125), (1, 33487.4609375)]","[(0, 31707.130859375), (1, 31117.234375)]","[(0, 20006.421875), (1, 20879.11328125)]","[(0, 35463.53515625), (1, 30158.275390625)]","[(3, 1305.3062065972222), (4, 1317.0596217105262), (5, 1434.6501608455883), (1, 1645.909237132353), (0, 1647.2197265625), (2, 1819.40390625)]","[(0, 30013.953125), (1, 27467.8046875)]","[(4, 1558.11953125), (3, 1602.7273995535713), (5, 1648.0960036057693), (1, 1816.0758713942307), (0, 2061.2478841145835), (2, 2080.5628551136365)]","[(0, 24563.37109375), (1, 27232.380859375)]","[(4, 1346.7415707236842), (1, 1465.9829358552631), (3, 1470.5708869485295), (5, 1513.3601792279412), (0, 1559.5183823529412), (2, 1629.8815487132354)]","[(0, 32050.9765625), (1, 31493.1640625)]"
257,"[(0, 26413.490234375), (1, 29025.12109375)]","[(0, 30257.724609375), (1, 28610.08984375)]","[(0, 20931.26953125), (1, 20909.48046875)]","[(0, 31848.201171875), (1, 28695.341796875)]","[(0, 26506.123046875), (1, 25154.341796875)]","[(0, 28164.40625), (1, 28252.833984375)]","[(0, 31708.64453125), (1, 30976.4765625)]","[(0, 23536.240234375), (1, 26809.568359375)]","[(1, 1954.312779017857), (0, 2148.2862955729165), (2, 2151.382512019231), (4, 2840.6318359375), (5, 3099.530184659091), (3, 3319.828515625)]","[(0, 29432.560546875), (1, 24302.240234375)]","[(4, 2130.88125), (3, 2194.7845052083335), (5, 2484.1864149305557), (1, 2723.3626953125), (0, 2823.5340711805557), (2, 3238.4388020833335)]","[(0, 26545.283203125), (1, 28383.00390625)]","[(0, 2101.7298177083335), (1, 2112.271484375), (2, 2286.94580078125), (3, 2307.9025065104165), (4, 2317.704777644231), (5, 2552.17529296875)]","[(0, 25612.11328125), (1, 23550.498046875)]"
258,"[(0, 28427.0234375), (1, 28900.771484375)]","[(0, 24726.4375), (1, 26058.40234375)]","[(0, 26163.138671875), (1, 27058.052734375)]","[(0, 27929.884765625), (1, 28215.623046875)]","[(0, 20547.181640625), (1, 20037.69921875)]","[(0, 27719.087890625), (1, 27441.30859375)]","[(0, 31537.52734375), (1, 31424.28125)]","[(0, 32617.14453125), (1, 29711.6484375)]","[(1, 1610.9681755514705), (2, 1638.2288818359375), (0, 1644.0833333333333), (4, 1731.8961181640625), (5, 1756.774609375), (3, 1763.3699776785713)]","[(0, 24059.345703125), (1, 23576.248046875)]","[(1, 1514.9731770833334), (2, 1522.399135044643), (0, 1691.2149939903845), (4, 1826.197963169643), (5, 1826.8264723557693), (3, 1997.2355143229167)]","[(0, 40837.46875), (1, 41464.7890625)]","[(1, 2133.131893382353), (2, 2162.016845703125), (0, 2390.0294270833333), (4, 2517.334895833333), (5, 2719.690848214286), (3, 2772.509314903846)]","[(0, 26663.134765625), (1, 24526.50390625)]"
259,"[(0, 28434.453125), (1, 30189.46875)]","[(0, 27786.923828125), (1, 29145.33984375)]","[(0, 34161.23046875), (1, 32382.087890625)]","[(0, 26139.220703125), (1, 23715.724609375)]","[(0, 21047.70703125), (1, 20093.384765625)]","[(0, 30596.150390625), (1, 30197.705078125)]","[(0, 21544.681640625), (1, 22318.1171875)]","[(0, 38654.59375), (1, 28353.380859375)]","[(0, 2491.939275568182), (1, 2527.6043294270835), (2, 2574.3199573863635), (3, 2987.337109375), (4, 3003.8870738636365), (5, 3181.8453125)]","[(0, 26900.58984375), (1, 26624.28515625)]","[(1, 1824.0305989583333), (2, 1854.4965122767858), (4, 2022.367466517857), (0, 2059.841045673077), (5, 2223.371544471154), (3, 2285.53955078125)]","[(0, 32048.9609375), (1, 37025.12109375)]","[(3, 2535.43359375), (1, 2569.814453125), (0, 2576.7000325520835), (4, 2644.3741629464284), (2, 2751.455528846154), (5, 2823.3146033653848)]","[(0, 29642.421875), (1, 26290.021484375)]"
260,"[(0, 25637.529296875), (1, 27561.666015625)]","[(0, 26373.392578125), (1, 25722.21484375)]","[(0, 20169.583984375), (1, 20974.03125)]","[(0, 30057.09375), (1, 28910.75)]","[(0, 30539.857421875), (1, 31929.5859375)]","[(0, 30395.94140625), (1, 30400.3203125)]","[(0, 19305.34765625), (1, 19556.09765625)]","[(0, 29399.794921875), (1, 30392.927734375)]","[(1, 2072.6043526785716), (2, 2105.8673377403848), (4, 2520.8837139423076), (5, 2522.8264973958335), (0, 2526.7801106770835), (3, 2943.393643465909)]","[(0, 28235.029296875), (1, 26635.330078125)]","[(4, 1794.055438701923), (3, 1940.41162109375), (5, 1976.6665482954545), (1, 2527.30078125), (0, 2803.655078125), (2, 2921.999565972222)]","[(0, 30845.70703125), (1, 32540.25)]","[(4, 2118.36953125), (1, 2150.8754595588234), (2, 2189.948486328125), (3, 2199.915715144231), (0, 2247.9864583333333), (5, 2267.234933035714)]","[(0, 23600.20703125), (1, 22075.0859375)]"
261,"[(0, 22250.15234375), (1, 22078.5390625)]","[(0, 27051.421875), (1, 27511.40234375)]","[(0, 33216.68359375), (1, 32831.203125)]","[(0, 19487.21484375), (1, 18818.8125)]","[(0, 29064.20703125), (1, 29696.32421875)]","[(0, 27700.271484375), (1, 27615.390625)]","[(0, 28016.6640625), (1, 26573.1953125)]","[(0, 34319.04296875), (1, 26560.197265625)]","[(1, 2081.208426339286), (2, 2211.324669471154), (4, 2291.3475167410716), (0, 2333.644981971154), (5, 2452.2950721153848), (3, 2554.6349158653848)]","[(0, 28782.52734375), (1, 29339.96875)]","[(0, 2282.230859375), (1, 2284.495916193182), (2, 2619.1970703125), (3, 3166.4357638888887), (4, 3188.585546875), (5, 3713.32421875)]","[(0, 29879.01171875), (1, 33593.4921875)]","[(4, 2205.462158203125), (5, 2433.327566964286), (3, 2463.40078125), (1, 2764.901822916667), (2, 2814.333233173077), (0, 2911.6397879464284)]","[(0, 27147.564453125), (1, 28877.080078125)]"
262,"[(0, 30625.986328125), (1, 31865.064453125)]","[(0, 24714.294921875), (1, 23870.724609375)]","[(0, 22234.392578125), (1, 22189.166015625)]","[(0, 20547.611328125), (1, 20621.974609375)]","[(0, 31952.310546875), (1, 28543.15625)]","[(0, 27584.7265625), (1, 27718.162109375)]","[(0, 25858.919921875), (1, 27036.64453125)]","[(0, 20978.75), (1, 21768.478515625)]","[(4, 1735.366455078125), (1, 1767.4000459558824), (0, 1784.4790364583334), (3, 1796.6478794642858), (5, 1900.315150669643), (2, 1945.7354166666667)]","[(0, 29094.740234375), (1, 21010.025390625)]","[(1, 1888.2905970982142), (0, 1921.9392903645833), (2, 2113.8291766826924), (4, 2337.215294471154), (3, 2491.7160866477275), (5, 2535.4602864583335)]","[(0, 31065.494140625), (1, 34380.07421875)]","[(3, 2215.5990767045455), (4, 2242.9881184895835), (5, 2447.5591264204545), (1, 2600.1505533854165), (0, 2632.0326704545455), (2, 2884.0834517045455)]","[(0, 30578.443359375), (1, 30996.0703125)]"
263,"[(0, 28539.345703125), (1, 29608.970703125)]","[(0, 20011.326171875), (1, 19514.92578125)]","[(0, 27192.259765625), (1, 30313.466796875)]","[(0, 28068.119140625), (1, 26269.921875)]","[(0, 28636.94921875), (1, 25446.533203125)]","[(0, 30515.578125), (1, 29897.42578125)]","[(0, 30739.373046875), (1, 30576.6953125)]","[(0, 22161.189453125), (1, 21509.53515625)]","[(1, 2112.3197115384614), (2, 2284.7506510416665), (4, 2325.4757486979165), (0, 2373.049715909091), (5, 2479.3757102272725), (3, 2723.6458984375)]","[(0, 26501.876953125), (1, 22624.15625)]","[(1, 1834.5151041666666), (2, 1986.668247767857), (0, 2041.1370192307693), (4, 2312.0403180803573), (5, 2640.938701923077), (3, 2729.0069986979165)]","[(0, 29875.822265625), (1, 27697.47265625)]","[(0, 1566.2179457720588), (4, 1633.5385199652778), (3, 1665.80712890625), (1, 1673.710115131579), (2, 1755.48828125), (5, 1811.9676513671875)]","[(0, 27609.283203125), (1, 24943.90625)]"
264,"[(0, 26608.775390625), (1, 26988.369140625)]","[(0, 21849.865234375), (1, 21363.32421875)]","[(0, 27652.208984375), (1, 28538.853515625)]","[(0, 26019.341796875), (1, 26442.751953125)]","[(0, 26154.28125), (1, 26086.400390625)]","[(0, 31802.857421875), (1, 30791.158203125)]","[(0, 30913.587890625), (1, 30499.48828125)]","[(0, 27621.869140625), (1, 27029.16796875)]","[(1, 1868.7720853365386), (0, 1955.432705965909), (2, 2051.4345703125), (4, 2103.04931640625), (3, 2187.5740234375), (5, 2381.070134943182)]","[(0, 22910.19140625), (1, 26371.078125)]","[(1, 1605.8098958333333), (2, 1747.569614955357), (4, 1983.794224330357), (0, 2030.3018329326924), (5, 2067.1853966346152), (3, 2272.8024088541665)]","[(0, 27526.439453125), (1, 26429.2890625)]","[(3, 2220.346261160714), (4, 2260.07578125), (5, 2584.942908653846), (0, 2605.6614583333335), (1, 2610.994891826923), (2, 3068.6331676136365)]","[(0, 26711.515625), (1, 28577.203125)]"
265,"[(0, 29751.71484375), (1, 32225.494140625)]","[(0, 23416.83984375), (1, 23547.263671875)]","[(0, 27891.501953125), (1, 32125.4296875)]","[(0, 21306.96484375), (1, 21106.05859375)]","[(0, 22861.912109375), (1, 21791.201171875)]","[(0, 29022.353515625), (1, 30426.857421875)]","[(0, 33380.26171875), (1, 32256.3046875)]","[(0, 26792.72265625), (1, 31809.654296875)]","[(4, 1608.666015625), (3, 1651.51171875), (5, 1759.060267857143), (0, 2031.6460336538462), (1, 2071.0373883928573), (2, 2159.49560546875)]","[(0, 27169.8359375), (1, 29732.708984375)]","[(2, 2492.9982638888887), (1, 2508.0732421875), (4, 2875.122265625), (5, 2879.3604600694443), (0, 2946.5631510416665), (3, 3320.6345486111113)]","[(0, 31349.1796875), (1, 32606.353515625)]","[(5, 2106.499822443182), (4, 2161.4158528645835), (3, 2433.784268465909), (2, 2558.808984375), (1, 2572.0181107954545), (0, 2774.93203125)]","[(0, 28663.86328125), (1, 26116.197265625)]"
266,"[(0, 29682.931640625), (1, 32985.328125)]","[(0, 22519.55859375), (1, 21139.015625)]","[(0, 19750.40234375), (1, 21530.6328125)]","[(0, 27376.796875), (1, 29204.603515625)]","[(0, 19181.32421875), (1, 18723.056640625)]","[(0, 30243.6171875), (1, 30947.423828125)]","[(0, 27774.498046875), (1, 28529.05859375)]","[(0, 24468.16796875), (1, 21986.359375)]","[(1, 1829.165798611111), (0, 1902.70361328125), (3, 1953.483203125), (2, 1970.734619140625), (4, 1980.7858455882354), (5, 2066.641145833333)]","[(0, 25670.166015625), (1, 24053.5625)]","[(4, 1490.59912109375), (1, 1542.6693115234375), (3, 1598.6089564732142), (5, 1630.8304966517858), (0, 1678.074916294643), (2, 1699.5952845982142)]","[(0, 39355.53515625), (1, 42125.67578125)]","[(4, 2151.7249348958335), (3, 2216.98984375), (1, 2367.717247596154), (5, 2445.3053977272725), (0, 2637.1985085227275), (2, 2714.6785481770835)]","[(0, 29742.806640625), (1, 32085.015625)]"
267,"[(0, 27684.0546875), (1, 28711.083984375)]","[(0, 23529.57421875), (1, 23792.564453125)]","[(0, 28437.21875), (1, 28285.078125)]","[(0, 23657.623046875), (1, 22459.142578125)]","[(0, 21903.1484375), (1, 21053.80859375)]","[(0, 33987.47265625), (1, 33193.15625)]","[(0, 32427.82421875), (1, 30175.220703125)]","[(0, 35891.38671875), (1, 27724.744140625)]","[(1, 1995.5373697916666), (4, 2019.979213169643), (0, 2150.8572716346152), (3, 2239.3077799479165), (2, 2252.4181189903848), (5, 2304.8758138020835)]","[(0, 19424.57421875), (1, 18899.529296875)]","[(3, 1967.1960227272727), (4, 1969.1236979166667), (5, 2080.7455078125), (1, 2509.212002840909), (0, 2761.9763671875), (2, 2824.481987847222)]","[(0, 36144.6796875), (1, 33468.74609375)]","[(4, 1959.5958658854167), (1, 2060.9987444196427), (3, 2125.4521484375), (5, 2161.6262428977275), (0, 2271.3938802083335), (2, 2312.9771634615386)]","[(0, 21741.568359375), (1, 20397.4140625)]"
268,"[(0, 25612.7734375), (1, 25979.322265625)]","[(0, 23047.330078125), (1, 24181.767578125)]","[(0, 26342.021484375), (1, 26097.423828125)]","[(0, 28759.505859375), (1, 27132.162109375)]","[(0, 31848.01953125), (1, 33917.17578125)]","[(0, 28452.490234375), (1, 30925.265625)]","[(0, 28961.58203125), (1, 28054.845703125)]","[(0, 30686.884765625), (1, 31991.3671875)]","[(1, 2105.389423076923), (2, 2106.0859375), (0, 2277.1023763020835), (4, 2541.8377403846152), (5, 2568.18701171875), (3, 2747.2757161458335)]","[(0, 22829.6015625), (1, 24777.28125)]","[(4, 1753.6219482421875), (3, 1948.1640625), (5, 2092.0339006696427), (1, 2351.9168526785716), (0, 2537.1490384615386), (2, 2868.7106119791665)]","[(0, 37894.7265625), (1, 33655.92578125)]","[(1, 2423.1707589285716), (2, 2518.958533653846), (0, 2532.00732421875), (4, 3046.57421875), (5, 3098.8502604166665), (3, 3240.3590198863635)]","[(0, 25770.759765625), (1, 22525.31640625)]"
269,"[(0, 29542.544921875), (1, 29738.267578125)]","[(0, 22372.77734375), (1, 23581.3984375)]","[(0, 20521.390625), (1, 21613.29296875)]","[(0, 25142.8046875), (1, 24495.134765625)]","[(0, 26934.783203125), (1, 27612.154296875)]","[(0, 26762.2578125), (1, 27728.4453125)]","[(0, 22660.4765625), (1, 22943.775390625)]","[(0, 28599.3671875), (1, 24600.94921875)]","[(1, 1317.0018310546875), (0, 1382.7367466517858), (4, 1431.7734375), (2, 1526.421484375), (3, 1538.6941731770833), (5, 1678.3451021634614)]","[(0, 20084.28515625), (1, 26232.46875)]","[(4, 1627.345703125), (3, 1678.0057091346155), (5, 1836.93115234375), (1, 1853.944561298077), (0, 1887.4060872395833), (2, 2171.3410866477275)]","[(0, 26040.765625), (1, 29119.97265625)]","[(1, 2642.6925223214284), (2, 2681.731971153846), (5, 2707.387920673077), (4, 2714.943359375), (0, 2933.602764423077), (3, 2984.549579326923)]","[(0, 28226.19921875), (1, 25028.474609375)]"
270,"[(0, 26041.95703125), (1, 27199.341796875)]","[(0, 23524.189453125), (1, 24606.06640625)]","[(0, 30954.68359375), (1, 30360.220703125)]","[(0, 27618.052734375), (1, 27902.03515625)]","[(0, 32372.298828125), (1, 33307.24609375)]","[(0, 30212.970703125), (1, 29586.5859375)]","[(0, 29640.7265625), (1, 30096.6484375)]","[(0, 29427.734375), (1, 35433.3125)]","[(2, 2890.984197443182), (5, 2923.4836647727275), (1, 2940.4674479166665), (4, 2988.8645833333335), (0, 3279.7219460227275), (3, 3365.4133522727275)]","[(0, 24258.03515625), (1, 29581.0)]","[(1, 1611.3696986607142), (4, 1680.1678292410713), (2, 1786.8733723958333), (5, 1840.8224283854167), (0, 1845.4013671875), (3, 1925.20458984375)]","[(0, 24515.0234375), (1, 32713.65625)]","[(1, 1950.696568080357), (2, 2148.5528846153848), (0, 2350.67626953125), (4, 2522.19140625), (5, 2689.4870383522725), (3, 2805.460546875)]","[(0, 32041.349609375), (1, 27180.462890625)]"
271,"[(0, 23744.87109375), (1, 24583.080078125)]","[(0, 23941.650390625), (1, 23321.609375)]","[(0, 25893.4921875), (1, 25289.0625)]","[(0, 24209.1796875), (1, 23189.869140625)]","[(0, 28467.203125), (1, 28156.216796875)]","[(0, 29875.53515625), (1, 30762.748046875)]","[(0, 22685.0390625), (1, 23014.84765625)]","[(0, 23270.0), (1, 28908.8203125)]","[(4, 1852.3290364583333), (3, 1941.5450613839287), (5, 2033.1500901442307), (1, 2414.395926339286), (0, 2551.280048076923), (2, 2607.669921875)]","[(0, 26627.43359375), (1, 24915.591796875)]","[(4, 2304.776953125), (5, 2460.46484375), (1, 2686.1314453125), (3, 2760.271484375), (2, 2933.7686631944443), (0, 3183.4615885416665)]","[(0, 30293.7578125), (1, 23285.138671875)]","[(0, 2380.7410481770835), (1, 2439.7684795673076), (2, 2579.5543619791665), (3, 2811.7310014204545), (4, 2938.8863932291665), (5, 3054.955965909091)]","[(0, 30206.951171875), (1, 26696.46484375)]"
272,"[(0, 29702.15625), (1, 30268.19921875)]","[(0, 24221.880859375), (1, 24006.5390625)]","[(0, 19966.357421875), (1, 20720.6015625)]","[(0, 28611.1796875), (1, 27073.876953125)]","[(0, 29624.193359375), (1, 30256.5703125)]","[(0, 32852.78515625), (1, 32201.9609375)]","[(0, 27095.935546875), (1, 28258.357421875)]","[(0, 26624.234375), (1, 26870.025390625)]","[(1, 1765.45625), (2, 1876.437220982143), (0, 1972.5294471153845), (3, 2333.5867513020835), (4, 2364.486328125), (5, 2466.6826923076924)]","[(0, 28534.390625), (1, 32618.171875)]","[(4, 2079.3370768229165), (3, 2188.502840909091), (1, 2285.2996419270835), (0, 2402.7038352272725), (5, 2418.329012784091), (2, 2630.677556818182)]","[(0, 25542.279296875), (1, 28915.87890625)]","[(3, 1926.8072509765625), (4, 1997.7019761029412), (5, 2140.831640625), (1, 2379.190625), (2, 2525.306189903846), (0, 2583.142020089286)]","[(0, 29538.658203125), (1, 29482.5390625)]"
273,"[(0, 34291.171875), (1, 35329.55078125)]","[(0, 24763.25), (1, 24366.662109375)]","[(0, 26938.791015625), (1, 28208.6796875)]","[(0, 21319.626953125), (1, 19772.736328125)]","[(0, 27460.94140625), (1, 26898.048828125)]","[(0, 29740.791015625), (1, 28963.681640625)]","[(0, 29538.34765625), (1, 28648.859375)]","[(0, 26138.521484375), (1, 29027.53125)]","[(1, 1712.0218098958333), (0, 1789.0823974609375), (4, 1791.8784466911766), (2, 1814.888671875), (5, 1986.8912760416667), (3, 2000.3369791666667)]","[(0, 20983.552734375), (1, 20688.693359375)]","[(4, 1502.63818359375), (1, 1615.0177001953125), (5, 1634.5404947916666), (3, 1646.944140625), (2, 1764.1096354166666), (0, 1804.4930989583333)]","[(0, 24245.939453125), (1, 27953.732421875)]","[(4, 1826.887469951923), (5, 1993.4640299479167), (3, 2003.6686197916667), (1, 2245.9744591346152), (2, 2357.2472330729165), (0, 2410.1025390625)]","[(0, 29051.791015625), (1, 25641.685546875)]"
274,"[(0, 26510.80078125), (1, 28008.732421875)]","[(0, 23253.73828125), (1, 22761.861328125)]","[(0, 24832.328125), (1, 24525.521484375)]","[(0, 26645.9765625), (1, 28344.673828125)]","[(0, 31030.703125), (1, 29979.283203125)]","[(0, 33438.50390625), (1, 33277.2109375)]","[(0, 27396.830078125), (1, 28721.544921875)]","[(0, 24528.283203125), (1, 23759.34765625)]","[(1, 2041.8046875), (0, 2193.8794389204545), (2, 2205.09716796875), (3, 2542.2423828125), (4, 2601.1028645833335), (5, 2643.0775923295455)]","[(0, 27997.140625), (1, 24601.349609375)]","[(1, 1686.4923177083333), (2, 1714.785435267857), (0, 1925.0966045673076), (4, 2382.4400540865386), (5, 2491.40478515625), (3, 2966.187677556818)]","[(0, 22317.541015625), (1, 19564.99609375)]","[(2, 2639.435369318182), (1, 2645.9524739583335), (5, 2742.6214192708335), (4, 2768.622596153846), (0, 2912.8444602272725), (3, 2925.5419921875)]","[(0, 29446.65625), (1, 31672.7109375)]"
275,"[(0, 26213.611328125), (1, 27484.6796875)]","[(0, 24434.47265625), (1, 22280.197265625)]","[(0, 24518.037109375), (1, 26071.900390625)]","[(0, 35578.57421875), (1, 33273.24609375)]","[(0, 23665.90625), (1, 24183.658203125)]","[(0, 36308.47265625), (1, 37249.41796875)]","[(0, 31173.552734375), (1, 30575.294921875)]","[(0, 25652.373046875), (1, 23579.306640625)]","[(1, 1726.3530560661766), (2, 1778.5689697265625), (0, 1920.20625), (4, 2123.1770833333335), (5, 2166.0966796875), (3, 2310.4463641826924)]","[(0, 24667.435546875), (1, 23814.923828125)]","[(4, 2473.934044471154), (5, 2535.0008138020835), (1, 2576.189002403846), (3, 2656.6378580729165), (2, 2696.4287109375), (0, 2858.1943359375)]","[(0, 24797.517578125), (1, 23583.041015625)]","[(3, 1715.3663330078125), (4, 1741.8536305147059), (1, 1843.462890625), (5, 1846.3501302083334), (0, 1970.166713169643), (2, 1992.289813701923)]","[(0, 27798.265625), (1, 27928.3125)]"
276,"[(0, 30641.529296875), (1, 32031.6640625)]","[(0, 25144.794921875), (1, 24743.27734375)]","[(0, 22152.44140625), (1, 22759.27734375)]","[(0, 25431.927734375), (1, 25780.150390625)]","[(0, 28570.689453125), (1, 28592.685546875)]","[(0, 31912.080078125), (1, 34209.28125)]","[(0, 28504.23046875), (1, 28750.8671875)]","[(0, 30163.798828125), (1, 27956.90625)]","[(1, 1557.1873779296875), (2, 1594.7361979166667), (4, 1607.270228794643), (5, 1655.9214242788462), (0, 1692.4073660714287), (3, 1892.90771484375)]","[(0, 26633.248046875), (1, 31829.587890625)]","[(1, 1937.2350852272727), (2, 2125.48046875), (0, 2233.1275390625), (4, 2374.883700284091), (5, 2675.29453125), (3, 2769.2583984375)]","[(0, 22991.87890625), (1, 23959.513671875)]","[(1, 1984.19287109375), (2, 2004.639559659091), (0, 2146.695134943182), (4, 2331.1599934895835), (5, 2396.904474431818), (3, 2550.9147727272725)]","[(0, 31043.81640625), (1, 32225.404296875)]"
277,"[(0, 32409.212890625), (1, 31293.771484375)]","[(0, 23282.162109375), (1, 22241.666015625)]","[(0, 27728.736328125), (1, 27391.23828125)]","[(0, 31309.681640625), (1, 33159.11328125)]","[(0, 27647.330078125), (1, 26394.705078125)]","[(0, 27228.458984375), (1, 25796.060546875)]","[(0, 29640.443359375), (1, 31230.982421875)]","[(0, 25002.3515625), (1, 22819.458984375)]","[(0, 2419.208096590909), (1, 2544.6555989583335), (2, 2627.6262428977275), (4, 3173.9534801136365), (3, 3269.937109375), (5, 3558.24765625)]","[(0, 25938.9453125), (1, 25156.4765625)]","[(4, 1598.866489955357), (1, 1765.9193209134614), (3, 1781.56103515625), (0, 1915.713955965909), (5, 1961.9143880208333), (2, 2020.774502840909)]","[(0, 27272.794921875), (1, 23787.166015625)]","[(4, 2483.0203683035716), (3, 2593.3728966346152), (5, 2769.4459635416665), (0, 2992.900568181818), (1, 3205.119140625), (2, 3445.37265625)]","[(0, 28906.64453125), (1, 25159.810546875)]"
278,"[(0, 21653.525390625), (1, 22407.197265625)]","[(0, 24601.232421875), (1, 24161.529296875)]","[(0, 21083.447265625), (1, 20105.365234375)]","[(0, 32485.05859375), (1, 29894.4921875)]","[(0, 27843.423828125), (1, 27561.271484375)]","[(0, 28868.955078125), (1, 27055.39453125)]","[(0, 22182.4609375), (1, 21686.3828125)]","[(0, 24603.4609375), (1, 23313.625)]","[(4, 2888.784978693182), (1, 2916.310546875), (5, 2990.4298828125), (2, 3019.419140625), (3, 3054.00625), (0, 3159.373046875)]","[(0, 27274.6953125), (1, 30429.09375)]","[(4, 1900.6570638020833), (1, 1961.33447265625), (2, 2045.0159801136363), (5, 2129.6340553977275), (0, 2189.0161576704545), (3, 2246.312677556818)]","[(0, 34666.1484375), (1, 34468.44921875)]","[(1, 2392.770596590909), (2, 2625.67734375), (4, 2685.0969460227275), (0, 2686.5517578125), (5, 2975.2537109375), (3, 3022.6689453125)]","[(0, 31113.37890625), (1, 25375.4296875)]"
279,"[(0, 30212.080078125), (1, 31293.083984375)]","[(0, 25771.423828125), (1, 26393.748046875)]","[(0, 24686.02734375), (1, 24778.74609375)]","[(0, 28461.28515625), (1, 28118.650390625)]","[(0, 33546.046875), (1, 33938.20703125)]","[(0, 25341.236328125), (1, 27693.693359375)]","[(0, 33094.88671875), (1, 31256.576171875)]","[(0, 30512.056640625), (1, 26041.908203125)]","[(3, 1881.8345703125), (4, 1893.8411458333333), (1, 1911.444056919643), (0, 1958.4280598958333), (5, 2154.4046519886365), (2, 2196.540564903846)]","[(0, 27897.9921875), (1, 21844.34375)]","[(1, 1438.6645220588234), (2, 1623.7340087890625), (0, 1679.0555989583333), (4, 2161.580859375), (3, 2256.8819110576924), (5, 2318.715401785714)]","[(0, 23177.08984375), (1, 28621.7421875)]","[(2, 1966.4288736979167), (1, 1980.3216646634614), (0, 2133.412997159091), (4, 2499.7177734375), (3, 2685.4041015625), (5, 2706.0015980113635)]","[(0, 31315.564453125), (1, 33110.921875)]"
280,"[(0, 33139.0390625), (1, 35841.890625)]","[(0, 24714.6015625), (1, 23433.279296875)]","[(0, 21591.3125), (1, 20701.029296875)]","[(0, 32963.50390625), (1, 30107.3828125)]","[(0, 19808.10546875), (1, 18884.810546875)]","[(0, 15758.9091796875), (1, 15584.552734375)]","[(0, 27053.046875), (1, 28425.1796875)]","[(0, 29179.630859375), (1, 29482.119140625)]","[(3, 1567.0322265625), (4, 1626.0658482142858), (1, 1667.9404296875), (0, 1670.9015066964287), (5, 1850.7594651442307), (2, 1912.8514322916667)]","[(0, 29165.88671875), (1, 40161.73046875)]","[(1, 2126.263371394231), (2, 2199.8714192708335), (0, 2254.0122514204545), (4, 3042.4566761363635), (5, 3396.1875), (3, 3639.297309027778)]","[(0, 43375.01953125), (1, 37308.7890625)]","[(4, 2190.997931985294), (1, 2224.341796875), (5, 2336.617708333333), (3, 2377.15859375), (2, 2437.9268973214284), (0, 2502.2419084821427)]","[(0, 25551.78125), (1, 27474.7734375)]"
281,"[(0, 30965.341796875), (1, 32577.23046875)]","[(0, 24477.783203125), (1, 23161.91015625)]","[(0, 31333.310546875), (1, 32733.81640625)]","[(0, 27981.685546875), (1, 28537.984375)]","[(0, 31536.205078125), (1, 29794.9296875)]","[(0, 34587.19140625), (1, 33679.49609375)]","[(0, 30704.56640625), (1, 29965.4765625)]","[(0, 23908.15625), (1, 20621.837890625)]","[(1, 2440.1569602272725), (2, 2468.049609375), (4, 2787.7114701704545), (5, 2822.601171875), (0, 2916.903125), (3, 3284.823828125)]","[(0, 23485.095703125), (1, 29764.173828125)]","[(1, 2007.07666015625), (2, 2200.3014914772725), (0, 2243.28125), (4, 2344.8551136363635), (3, 2693.0583767361113), (5, 2728.6220703125)]","[(0, 26099.06640625), (1, 30122.490234375)]","[(3, 1879.31484375), (4, 1917.4373372395833), (1, 2128.192608173077), (5, 2138.4360795454545), (0, 2278.7427201704545), (2, 2441.5)]","[(0, 23884.3203125), (1, 21289.455078125)]"
282,"[(0, 28365.767578125), (1, 29537.388671875)]","[(0, 24818.80859375), (1, 22620.85546875)]","[(0, 18873.26953125), (1, 19743.88671875)]","[(0, 21388.419921875), (1, 19931.388671875)]","[(0, 27909.142578125), (1, 25110.3125)]","[(0, 28154.23046875), (1, 27979.498046875)]","[(0, 27349.029296875), (1, 27842.44140625)]","[(0, 28137.80078125), (1, 24546.13671875)]","[(4, 1936.6705322265625), (5, 2018.2997395833333), (3, 2031.8705729166666), (2, 2079.1591796875), (0, 2088.808175223214), (1, 2237.234895833333)]","[(0, 26473.2578125), (1, 26490.3046875)]","[(2, 2110.9480794270835), (1, 2118.192157451923), (0, 2154.0901692708335), (5, 2254.11328125), (4, 2287.515324519231), (3, 2371.95458984375)]","[(0, 30394.232421875), (1, 28816.802734375)]","[(1, 2084.4915865384614), (4, 2175.7088341346152), (0, 2200.6539713541665), (2, 2223.9757486979165), (3, 2273.3528645833335), (5, 2343.0040690104165)]","[(0, 31572.794921875), (1, 29328.52734375)]"
283,"[(0, 28026.447265625), (1, 28390.041015625)]","[(0, 23877.873046875), (1, 23186.28515625)]","[(0, 32888.58203125), (1, 33339.28125)]","[(0, 38890.01953125), (1, 38098.73828125)]","[(0, 24759.51953125), (1, 26569.216796875)]","[(0, 14615.0283203125), (1, 14800.525390625)]","[(0, 33628.17578125), (1, 36231.44140625)]","[(0, 32422.197265625), (1, 35971.16015625)]","[(0, 2767.4712890625), (3, 2806.134765625), (1, 2936.8831676136365), (4, 2965.0), (2, 3040.83515625), (5, 3051.56640625)]","[(0, 29759.716796875), (1, 23063.732421875)]","[(2, 1699.9611979166666), (1, 1742.572265625), (0, 1746.7647879464287), (4, 1965.345703125), (5, 2112.3197115384614), (3, 2202.20751953125)]","[(0, 33108.4921875), (1, 30236.408203125)]","[(4, 2103.082275390625), (1, 2172.2317708333335), (3, 2306.9656808035716), (0, 2335.708984375), (5, 2374.272879464286), (2, 2436.5365084134614)]","[(0, 27592.06640625), (1, 28842.3984375)]"
284,"[(0, 25820.453125), (1, 26291.65234375)]","[(0, 29114.140625), (1, 27005.74609375)]","[(0, 30778.328125), (1, 30740.60546875)]","[(0, 27052.22265625), (1, 26186.501953125)]","[(0, 34728.38671875), (1, 33151.36328125)]","[(0, 26636.44921875), (1, 26962.154296875)]","[(0, 22444.861328125), (1, 23310.55859375)]","[(0, 34841.3125), (1, 34044.1796875)]","[(0, 1775.8055555555557), (1, 1781.942228618421), (2, 1866.8374565972222), (3, 2052.1978400735293), (4, 2123.5538194444443), (5, 2192.624310661765)]","[(0, 34539.625), (1, 30721.322265625)]","[(1, 2658.658203125), (2, 2885.5828125), (0, 2926.43515625), (4, 2958.4272017045455), (3, 3261.4810546875), (5, 3268.3625)]","[(0, 31933.146484375), (1, 29772.349609375)]","[(4, 1950.2857142857142), (5, 2106.092097355769), (1, 2141.4345703125), (3, 2152.5603966346152), (2, 2253.483924278846), (0, 2300.8748497596152)]","[(0, 28434.044921875), (1, 29571.267578125)]"
285,"[(0, 30715.080078125), (1, 32535.376953125)]","[(0, 23438.443359375), (1, 23647.29296875)]","[(0, 24059.91796875), (1, 23497.05859375)]","[(0, 27395.7578125), (1, 26550.77734375)]","[(0, 29988.375), (1, 27628.748046875)]","[(0, 28777.255859375), (1, 28862.54296875)]","[(0, 26917.345703125), (1, 29719.525390625)]","[(0, 30557.1328125), (1, 27334.24609375)]","[(4, 1873.2156982421875), (1, 1914.1614200367646), (5, 2019.3282645089287), (0, 2023.775390625), (3, 2044.8722098214287), (2, 2047.0764322916666)]","[(0, 24961.9453125), (1, 27663.83984375)]","[(4, 1755.0958251953125), (3, 1825.036328125), (1, 1839.2678385416666), (0, 1961.8812779017858), (5, 2132.5712890625), (2, 2241.149639423077)]","[(0, 33242.2265625), (1, 31685.91015625)]","[(4, 2083.128125), (1, 2160.6408854166666), (3, 2299.380859375), (0, 2349.0115685096152), (5, 2500.7052283653848), (2, 2520.277644230769)]","[(0, 31306.486328125), (1, 31272.6484375)]"
286,"[(0, 30270.01953125), (1, 31917.04296875)]","[(0, 22672.818359375), (1, 22061.111328125)]","[(0, 28767.267578125), (1, 28016.611328125)]","[(0, 24551.26171875), (1, 23975.53515625)]","[(0, 29815.138671875), (1, 29168.583984375)]","[(0, 30076.44921875), (1, 29327.044921875)]","[(0, 27059.267578125), (1, 29877.673828125)]","[(0, 23343.75), (1, 26764.68359375)]","[(1, 1412.3324908088234), (4, 1416.4479166666667), (0, 1480.833203125), (3, 1482.516376201923), (2, 1509.1265869140625), (5, 1564.903041294643)]","[(0, 25338.0703125), (1, 32319.056640625)]","[(4, 1997.5916341145833), (5, 2024.1479048295455), (1, 2115.2809244791665), (3, 2136.1859019886365), (2, 2160.296875), (0, 2228.340909090909)]","[(0, 32757.92578125), (1, 24459.51171875)]","[(4, 2323.6335227272725), (3, 2466.8025390625), (1, 2569.5003551136365), (5, 2679.0041015625), (0, 2710.304296875), (2, 2946.55625)]","[(0, 27483.39453125), (1, 24552.90234375)]"
287,"[(0, 30945.267578125), (1, 32167.27734375)]","[(0, 22729.12890625), (1, 22779.625)]","[(0, 20018.234375), (1, 21082.904296875)]","[(0, 32493.048828125), (1, 32811.390625)]","[(0, 25684.78515625), (1, 26594.03515625)]","[(0, 32507.619140625), (1, 34195.94140625)]","[(0, 25295.1171875), (1, 24515.466796875)]","[(0, 32954.953125), (1, 34601.34375)]","[(4, 3034.022372159091), (1, 3045.775213068182), (2, 3218.219140625), (5, 3225.0427734375), (0, 3335.785546875), (3, 3363.8953125)]","[(0, 21961.33984375), (1, 20752.005859375)]","[(0, 2009.6415264423076), (1, 2029.357421875), (4, 2080.7459542410716), (3, 2095.833683894231), (2, 2183.3536658653848), (5, 2259.5220853365386)]","[(0, 23199.888671875), (1, 21332.115234375)]","[(5, 2383.451729910714), (4, 2428.734375), (3, 2517.4268973214284), (1, 2532.9522879464284), (2, 2544.3795072115386), (0, 2547.812800480769)]","[(0, 27941.951171875), (1, 24892.93359375)]"
288,"[(0, 33964.3359375), (1, 35716.390625)]","[(0, 23150.26953125), (1, 24032.97265625)]","[(0, 30338.888671875), (1, 30398.55078125)]","[(0, 28295.302734375), (1, 28084.720703125)]","[(0, 26069.091796875), (1, 26295.5625)]","[(0, 29534.99609375), (1, 28559.65625)]","[(0, 21587.11328125), (1, 20349.67578125)]","[(0, 27958.2109375), (1, 31814.505859375)]","[(2, 2150.78125), (1, 2219.16650390625), (5, 2483.503018465909), (0, 2512.7991832386365), (4, 2525.1131184895835), (3, 2794.587002840909)]","[(0, 28988.3046875), (1, 27257.220703125)]","[(1, 1993.83671875), (2, 2049.819893973214), (0, 2172.200871394231), (4, 2341.8231026785716), (5, 2563.907451923077), (3, 2572.0818684895835)]","[(0, 24994.62890625), (1, 28988.0546875)]","[(1, 1214.8959635416666), (2, 1305.3798076923076), (0, 1350.7611607142858), (4, 1357.9879150390625), (3, 1423.5942708333334), (5, 1454.818638392857)]","[(0, 25808.662109375), (1, 22452.587890625)]"
289,"[(0, 28232.443359375), (1, 27342.380859375)]","[(0, 25557.140625), (1, 24561.919921875)]","[(0, 18432.748046875), (1, 19848.98828125)]","[(0, 27062.95703125), (1, 24382.37890625)]","[(0, 30259.484375), (1, 30249.185546875)]","[(0, 31981.544921875), (1, 30833.208984375)]","[(0, 31901.826171875), (1, 29472.50390625)]","[(0, 29958.50390625), (1, 27894.986328125)]","[(1, 1938.3733072916666), (2, 2068.739676339286), (0, 2325.7110877403848), (4, 2543.731670673077), (5, 2850.1129557291665), (3, 2858.4506392045455)]","[(0, 24958.279296875), (1, 28858.193359375)]","[(1, 1396.3582763671875), (2, 1456.728515625), (0, 1517.365234375), (4, 1578.2406529017858), (5, 1739.9196213942307), (3, 1785.0592447916667)]","[(0, 30978.1015625), (1, 29026.39453125)]","[(4, 1423.50400390625), (3, 1586.784333881579), (5, 1615.6161024305557), (1, 1790.5084635416667), (2, 1795.1976318359375), (0, 2021.5896139705883)]","[(0, 27283.564453125), (1, 24512.82421875)]"
290,"[(0, 28644.349609375), (1, 29159.57421875)]","[(0, 20985.634765625), (1, 22167.720703125)]","[(0, 25510.439453125), (1, 27024.8125)]","[(0, 25975.78125), (1, 24469.1953125)]","[(0, 27784.85546875), (1, 27108.08203125)]","[(0, 29010.373046875), (1, 28935.576171875)]","[(0, 23422.982421875), (1, 26457.28125)]","[(0, 27088.751953125), (1, 24219.962890625)]","[(4, 2422.7887369791665), (1, 2493.3942057291665), (3, 2568.8755326704545), (0, 2647.280362215909), (5, 2666.636541193182), (2, 2779.988458806818)]","[(0, 26693.384765625), (1, 27006.69921875)]","[(1, 2040.7379807692307), (2, 2233.04638671875), (4, 2250.418856534091), (0, 2259.743963068182), (3, 2550.0451388888887), (5, 2585.090625)]","[(0, 33842.18359375), (1, 38331.328125)]","[(1, 2477.718927556818), (4, 2510.9428267045455), (5, 2531.157421875), (2, 2541.4037109375), (0, 2698.3427734375), (3, 2743.450390625)]","[(0, 28172.62890625), (1, 23285.560546875)]"
291,"[(0, 31955.203125), (1, 32857.640625)]","[(0, 22204.578125), (1, 23033.970703125)]","[(0, 29814.23046875), (1, 31546.0078125)]","[(0, 20187.556640625), (1, 19997.419921875)]","[(0, 24775.626953125), (1, 27625.111328125)]","[(0, 29652.712890625), (1, 29952.677734375)]","[(0, 28013.19140625), (1, 27095.16015625)]","[(0, 28589.359375), (1, 24385.306640625)]","[(4, 2404.82421875), (5, 2536.9213423295455), (3, 2581.3512073863635), (1, 2714.2618815104165), (2, 2916.2242542613635), (0, 2959.028409090909)]","[(0, 22098.8046875), (1, 24006.5625)]","[(4, 1609.8582589285713), (3, 1727.8701923076924), (5, 1767.54345703125), (0, 2115.8557942708335), (1, 2161.9356971153848), (2, 2454.6722301136365)]","[(0, 38201.26171875), (1, 37538.12890625)]","[(4, 1882.737530048077), (5, 1958.8259943181818), (3, 2281.16259765625), (1, 2700.6106770833335), (2, 2760.09375), (0, 2813.941228693182)]","[(0, 26746.48828125), (1, 28183.107421875)]"
292,"[(0, 33121.37890625), (1, 34505.7109375)]","[(0, 20680.724609375), (1, 18953.517578125)]","[(0, 28198.486328125), (1, 30294.365234375)]","[(0, 26416.587890625), (1, 25886.529296875)]","[(0, 23533.3203125), (1, 22743.0703125)]","[(0, 33901.78125), (1, 34706.10546875)]","[(0, 31760.486328125), (1, 32309.072265625)]","[(0, 27886.8984375), (1, 28819.083984375)]","[(1, 2056.221905048077), (2, 2060.5716145833335), (0, 2330.531072443182), (5, 2641.308771306818), (4, 2742.1559244791665), (3, 3037.5193359375)]","[(0, 26088.9375), (1, 27406.681640625)]","[(1, 2091.865985576923), (0, 2105.1700846354165), (4, 2250.0302734375), (3, 2264.083984375), (2, 2352.6769205729165), (5, 2584.4202769886365)]","[(0, 38159.46484375), (1, 39969.61328125)]","[(3, 1897.346958705357), (4, 1929.1671875), (5, 2046.6124441964287), (1, 2111.2561197916666), (0, 2286.4928850446427), (2, 2415.9483816964284)]","[(0, 24835.927734375), (1, 26826.93359375)]"
293,"[(0, 32501.046875), (1, 32348.134765625)]","[(0, 25014.73046875), (1, 23957.638671875)]","[(0, 27395.7578125), (1, 27175.900390625)]","[(0, 24261.298828125), (1, 23101.46484375)]","[(0, 30911.61328125), (1, 31059.51171875)]","[(0, 31596.955078125), (1, 30477.796875)]","[(0, 30898.115234375), (1, 28885.232421875)]","[(0, 29861.666015625), (1, 24656.193359375)]","[(1, 2116.910400390625), (4, 2184.534635416667), (0, 2208.5305524553573), (3, 2288.798527644231), (2, 2289.405691964286), (5, 2447.7109375)]","[(0, 28949.15625), (1, 28147.03515625)]","[(1, 2227.6947265625), (4, 2389.637109375), (2, 2647.5998263888887), (0, 2687.424262152778), (5, 2777.7717013888887), (3, 2855.2315538194443)]","[(0, 29580.775390625), (1, 30804.404296875)]","[(3, 1871.912890625), (4, 1940.908447265625), (0, 2036.124609375), (1, 2059.953857421875), (5, 2166.179129464286), (2, 2314.5090680803573)]","[(0, 27484.62890625), (1, 27885.064453125)]"
294,"[(0, 22290.91015625), (1, 23381.37890625)]","[(0, 25375.818359375), (1, 25167.03515625)]","[(0, 19052.994140625), (1, 19798.095703125)]","[(0, 25268.330078125), (1, 24482.3125)]","[(0, 26113.20703125), (1, 28059.9296875)]","[(0, 32517.16796875), (1, 31425.359375)]","[(0, 27042.806640625), (1, 26008.005859375)]","[(0, 28536.025390625), (1, 31149.30078125)]","[(1, 1822.489013671875), (2, 2029.80859375), (0, 2049.3176618303573), (4, 2070.969791666667), (5, 2315.5440204326924), (3, 2379.896784855769)]","[(0, 28061.935546875), (1, 25601.80859375)]","[(1, 2309.908653846154), (4, 2471.4646809895835), (2, 2486.1806640625), (5, 2548.2961647727275), (0, 2592.9300426136365), (3, 2830.372265625)]","[(0, 28418.62109375), (1, 24932.82421875)]","[(4, 1722.9210379464287), (5, 1772.4217122395833), (3, 1908.3891225961538), (1, 2128.0504557291665), (2, 2284.7484375), (0, 2319.2611860795455)]","[(0, 33106.9140625), (1, 27699.50390625)]"
295,"[(0, 26155.828125), (1, 27310.169921875)]","[(0, 25862.001953125), (1, 25858.697265625)]","[(0, 25780.71484375), (1, 27771.84765625)]","[(0, 23857.98046875), (1, 21811.162109375)]","[(0, 26054.0546875), (1, 28059.474609375)]","[(0, 35513.99609375), (1, 37623.03515625)]","[(0, 24342.552734375), (1, 24741.462890625)]","[(0, 31083.302734375), (1, 34192.55078125)]","[(4, 1855.6140625), (3, 1980.2313058035713), (5, 2044.7178485576924), (0, 2489.5572415865386), (1, 2520.4221540178573), (2, 2795.78125)]","[(0, 23477.75), (1, 26785.978515625)]","[(4, 1895.1170372596155), (3, 2019.0060221354167), (5, 2265.572265625), (1, 2727.8570667613635), (0, 3162.6255859375), (2, 3483.899956597222)]","[(0, 33450.08203125), (1, 28092.275390625)]","[(1, 1995.813755580357), (4, 2058.9832589285716), (2, 2120.4881310096152), (0, 2162.3419471153848), (3, 2262.4396033653848), (5, 2266.7049278846152)]","[(0, 26532.603515625), (1, 27224.6171875)]"
296,"[(0, 22802.5546875), (1, 23597.75390625)]","[(0, 25001.232421875), (1, 23012.978515625)]","[(0, 22938.4609375), (1, 22947.5390625)]","[(0, 27694.43359375), (1, 30201.99609375)]","[(0, 24171.71484375), (1, 25220.279296875)]","[(0, 31148.052734375), (1, 32492.98828125)]","[(0, 17877.119140625), (1, 18577.8671875)]","[(0, 28809.7421875), (1, 28354.48828125)]","[(4, 2586.21728515625), (3, 2677.252130681818), (1, 2703.7727864583335), (0, 2811.2377485795455), (5, 2967.2063210227275), (2, 3138.1487926136365)]","[(0, 24165.72265625), (1, 25050.251953125)]","[(4, 1795.8595052083333), (3, 1818.457310267857), (5, 2019.3895733173076), (1, 2422.2255108173076), (0, 2628.3377278645835), (2, 2849.398259943182)]","[(0, 28502.978515625), (1, 27376.509765625)]","[(4, 1898.0850260416667), (1, 2072.2104779411766), (3, 2155.7982271634614), (5, 2180.2890625), (0, 2196.0627604166666), (2, 2233.793212890625)]","[(0, 32100.533203125), (1, 29610.55078125)]"
297,"[(0, 23743.0390625), (1, 24851.849609375)]","[(0, 24479.791015625), (1, 23095.185546875)]","[(0, 28124.388671875), (1, 25640.681640625)]","[(0, 28957.91015625), (1, 27764.5390625)]","[(0, 28321.380859375), (1, 27434.923828125)]","[(0, 29246.857421875), (1, 28759.615234375)]","[(0, 30099.833984375), (1, 29298.810546875)]","[(0, 30299.36328125), (1, 23523.94140625)]","[(1, 1641.6954273897059), (2, 1714.7662353515625), (0, 1864.4158854166667), (4, 2281.0104166666665), (3, 2456.9442608173076), (5, 2479.8493303571427)]","[(0, 18328.939453125), (1, 18019.03125)]","[(4, 1906.182842548077), (3, 1990.1341145833333), (5, 2152.9689127604165), (1, 2473.2052283653848), (0, 2694.6935221354165), (2, 2889.8597005208335)]","[(0, 38438.83984375), (1, 31561.9296875)]","[(4, 1992.818603515625), (1, 2126.92529296875), (3, 2228.9151785714284), (5, 2243.2732979910716), (0, 2350.876395089286), (2, 2401.0069754464284)]","[(0, 23026.328125), (1, 23863.623046875)]"
298,"[(0, 24319.419921875), (1, 24527.953125)]","[(0, 25348.80078125), (1, 26225.96484375)]","[(0, 27003.32421875), (1, 27356.908203125)]","[(0, 27683.0), (1, 26491.6171875)]","[(0, 29579.67578125), (1, 28065.015625)]","[(0, 29734.9765625), (1, 31664.1328125)]","[(0, 28162.849609375), (1, 27752.548828125)]","[(0, 27004.3046875), (1, 28356.056640625)]","[(4, 1781.6312779017858), (3, 1840.1766826923076), (5, 1994.78759765625), (1, 2108.3408954326924), (0, 2189.1036783854165), (2, 2262.793146306818)]","[(0, 24105.1171875), (1, 20771.25390625)]","[(4, 1780.817661830357), (3, 1848.2795973557693), (1, 1895.8871694711538), (0, 1971.1678059895833), (5, 2152.7122395833335), (2, 2178.1977982954545)]","[(0, 26349.20703125), (1, 29789.162109375)]","[(3, 1985.3194110576924), (4, 2024.7142857142858), (5, 2378.451171875), (0, 2498.2808948863635), (1, 2874.5576171875), (2, 3079.86484375)]","[(0, 33105.1171875), (1, 29913.626953125)]"
299,"[(0, 25390.150390625), (1, 26541.51171875)]","[(0, 23909.044921875), (1, 23877.556640625)]","[(0, 22024.4921875), (1, 22967.353515625)]","[(0, 26969.095703125), (1, 27081.6484375)]","[(0, 27701.0625), (1, 27481.587890625)]","[(0, 26577.453125), (1, 27190.861328125)]","[(0, 28330.80859375), (1, 27478.021484375)]","[(0, 27797.974609375), (1, 30936.150390625)]","[(4, 1791.0412760416666), (3, 1792.4874441964287), (1, 1941.2111979166666), (0, 1957.857142857143), (5, 2093.0013521634614), (2, 2212.919621394231)]","[(0, 23301.22265625), (1, 28240.73828125)]","[(1, 1830.5880208333333), (2, 1920.3074776785713), (0, 2058.0560396634614), (5, 2407.3251953125), (4, 2411.0546875), (3, 2579.013494318182)]","[(0, 30205.078125), (1, 35700.21875)]","[(4, 1861.9750279017858), (3, 2240.0810546875), (1, 2247.8087439903848), (0, 2301.6402994791665), (5, 2308.0476888020835), (2, 2389.4070638020835)]","[(0, 29433.572265625), (1, 25515.595703125)]"
300,"[(0, 29377.654296875), (1, 30106.521484375)]","[(0, 24217.88671875), (1, 23037.244140625)]","[(0, 31652.900390625), (1, 32654.931640625)]","[(0, 24548.734375), (1, 24328.884765625)]","[(0, 26004.482421875), (1, 24908.392578125)]","[(0, 29206.775390625), (1, 27664.0234375)]","[(0, 21729.029296875), (1, 21558.576171875)]","[(0, 26740.2421875), (1, 25788.830078125)]","[(1, 1729.35107421875), (4, 1791.39404296875), (0, 1852.737583705357), (3, 1928.4154575892858), (2, 2007.3892299107142), (5, 2068.5916573660716)]","[(0, 27457.619140625), (1, 26879.869140625)]","[(0, 2416.3004261363635), (1, 2534.4523111979165), (2, 2583.0971235795455), (3, 2596.3744673295455), (4, 2704.1800130208335), (5, 2772.834161931818)]","[(0, 24008.27734375), (1, 22709.087890625)]","[(1, 1604.3669819078948), (4, 1676.4698988970588), (0, 1678.3399586397059), (2, 1750.8688151041667), (5, 1837.292724609375), (3, 1930.2197916666667)]","[(0, 27529.90625), (1, 28900.49609375)]"
301,"[(0, 27980.96484375), (1, 31344.966796875)]","[(0, 27276.775390625), (1, 27216.20703125)]","[(0, 22814.6484375), (1, 24013.384765625)]","[(0, 32608.904296875), (1, 32905.5234375)]","[(0, 21488.888671875), (1, 22560.466796875)]","[(0, 30652.13671875), (1, 28049.333984375)]","[(0, 25262.2109375), (1, 25369.4296875)]","[(0, 24170.30859375), (1, 27051.138671875)]","[(0, 2006.657421875), (1, 2058.00390625), (2, 2189.4734375), (3, 2499.3752790178573), (4, 2621.80625), (5, 2742.3526785714284)]","[(0, 36070.3359375), (1, 26110.94140625)]","[(1, 2075.8896484375), (4, 2361.198046875), (2, 2412.5598958333335), (0, 2413.67578125), (3, 2776.8817274305557), (5, 2794.6471354166665)]","[(0, 29524.716796875), (1, 33143.58984375)]","[(2, 2735.4951171875), (1, 2824.4886363636365), (0, 2854.065234375), (5, 2869.3345703125), (4, 2959.206143465909), (3, 2973.29921875)]","[(0, 25254.81640625), (1, 27823.0390625)]"
302,"[(0, 30882.32421875), (1, 30288.64453125)]","[(0, 21627.748046875), (1, 21723.33203125)]","[(0, 31506.384765625), (1, 31464.796875)]","[(0, 30758.609375), (1, 28765.541015625)]","[(0, 22211.779296875), (1, 22605.91015625)]","[(0, 30439.9765625), (1, 33604.8359375)]","[(0, 22884.81640625), (1, 23199.0703125)]","[(0, 30283.041015625), (1, 30937.951171875)]","[(1, 2049.831280048077), (2, 2110.17529296875), (0, 2375.1803977272725), (4, 2497.1516927083335), (5, 2576.577237215909), (3, 3044.0470703125)]","[(0, 31127.625), (1, 28389.3125)]","[(1, 1557.257080078125), (0, 1702.395228794643), (2, 1745.4654947916667), (4, 2071.4324776785716), (5, 2255.5779747596152), (3, 2418.3151041666665)]","[(0, 33030.40625), (1, 34536.7265625)]","[(1, 2343.0583147321427), (4, 2522.3532366071427), (2, 2654.10546875), (0, 2750.4557291666665), (5, 2833.2916666666665), (3, 2956.2360026041665)]","[(0, 31455.015625), (1, 33402.13671875)]"
303,"[(0, 36142.85546875), (1, 37012.8359375)]","[(0, 22628.92578125), (1, 23523.134765625)]","[(0, 29366.0859375), (1, 28209.21875)]","[(0, 22993.830078125), (1, 23760.072265625)]","[(0, 29883.05859375), (1, 27592.19921875)]","[(0, 30160.98046875), (1, 31620.94921875)]","[(0, 24733.58203125), (1, 22732.25)]","[(0, 33628.8828125), (1, 28959.4296875)]","[(1, 1841.7162760416666), (2, 1994.9725060096155), (4, 2051.1944754464284), (0, 2082.9236778846152), (5, 2306.7604166666665), (3, 2438.6539713541665)]","[(0, 26210.01171875), (1, 23305.04296875)]","[(4, 2320.76123046875), (1, 2349.4436848958335), (0, 2431.9375), (3, 2456.8900923295455), (2, 2482.7594105113635), (5, 2523.0285866477275)]","[(0, 23310.4453125), (1, 30339.03515625)]","[(1, 3342.071377840909), (2, 3363.6609375), (4, 3632.631036931818), (5, 3657.394921875), (0, 3689.840234375), (3, 4082.8046875)]","[(0, 30063.974609375), (1, 32121.263671875)]"
304,"[(0, 27263.615234375), (1, 28445.81640625)]","[(0, 20912.611328125), (1, 21083.185546875)]","[(0, 25366.9375), (1, 24275.185546875)]","[(0, 27721.544921875), (1, 28384.3828125)]","[(0, 25070.94921875), (1, 22499.48828125)]","[(0, 30869.22265625), (1, 29230.767578125)]","[(0, 24484.484375), (1, 21808.125)]","[(0, 29897.228515625), (1, 34302.02734375)]","[(3, 2036.919170673077), (4, 2170.2878069196427), (5, 2272.6417643229165), (0, 2854.571377840909), (1, 2989.9934895833335), (2, 3272.632421875)]","[(0, 28082.123046875), (1, 30788.57421875)]","[(1, 2174.1279296875), (2, 2379.8851207386365), (0, 2460.8201171875), (4, 2486.832919034091), (5, 2735.1638671875), (3, 2967.8274739583335)]","[(0, 33765.62109375), (1, 33519.05859375)]","[(0, 1781.0757533482142), (1, 1832.2044677734375), (2, 1972.94140625), (4, 2158.5265066964284), (5, 2353.8103966346152), (3, 2369.6778971354165)]","[(0, 30679.27734375), (1, 26280.1953125)]"
305,"[(0, 31219.814453125), (1, 32780.58203125)]","[(0, 22347.2734375), (1, 22202.291015625)]","[(0, 32034.4765625), (1, 30794.44921875)]","[(0, 22330.103515625), (1, 21902.54296875)]","[(0, 28979.486328125), (1, 30113.958984375)]","[(0, 32078.130859375), (1, 31128.869140625)]","[(0, 29255.671875), (1, 27701.5390625)]","[(0, 25451.896484375), (1, 28477.6015625)]","[(0, 2587.100674715909), (1, 2604.40185546875), (2, 2913.664240056818), (4, 3436.126065340909), (3, 3545.565234375), (5, 4018.878125)]","[(0, 25466.63671875), (1, 23973.958984375)]","[(4, 1585.7763020833333), (3, 1637.783482142857), (5, 1767.0464242788462), (1, 2008.58203125), (0, 2133.8053385416665), (2, 2239.222478693182)]","[(0, 18668.267578125), (1, 21343.18359375)]","[(1, 2294.10205078125), (4, 2354.9169921875), (2, 2377.199396306818), (0, 2445.6782670454545), (5, 2461.371981534091), (3, 2552.705965909091)]","[(0, 28064.23828125), (1, 24209.849609375)]"
306,"[(0, 29370.537109375), (1, 31011.08984375)]","[(0, 26494.67578125), (1, 26306.548828125)]","[(0, 24174.181640625), (1, 24837.279296875)]","[(0, 25530.396484375), (1, 24261.298828125)]","[(0, 24849.48046875), (1, 25207.125)]","[(0, 36189.65625), (1, 37160.28515625)]","[(0, 26074.48828125), (1, 27840.822265625)]","[(0, 24210.103515625), (1, 26379.02734375)]","[(4, 1668.794921875), (1, 1738.677978515625), (3, 1804.8773716517858), (5, 1845.6342075892858), (0, 1872.8920200892858), (2, 1934.785435267857)]","[(0, 23414.26953125), (1, 21725.279296875)]","[(0, 1180.122802734375), (2, 1182.7463235294117), (1, 1236.587673611111), (5, 1331.6064453125), (4, 1346.3403033088234), (3, 1415.9549479166667)]","[(0, 35429.7265625), (1, 24181.67578125)]","[(1, 1693.83125), (2, 1703.623046875), (0, 1736.4950420673076), (4, 2016.6704799107142), (3, 2084.17333984375), (5, 2187.2091346153848)]","[(0, 29130.861328125), (1, 25128.7109375)]"
307,"[(0, 25866.271484375), (1, 27693.140625)]","[(0, 23463.916015625), (1, 22484.4296875)]","[(0, 25043.755859375), (1, 25043.994140625)]","[(0, 30468.177734375), (1, 27570.7109375)]","[(0, 24783.544921875), (1, 24289.103515625)]","[(0, 27372.435546875), (1, 26686.00390625)]","[(0, 21963.853515625), (1, 21620.158203125)]","[(0, 25770.4140625), (1, 25039.982421875)]","[(1, 1771.63330078125), (4, 1848.1856617647059), (2, 1878.678989955357), (3, 1900.7967447916667), (0, 1941.4820033482142), (5, 1966.145703125)]","[(0, 26864.185546875), (1, 28855.634765625)]","[(1, 2077.333533653846), (2, 2143.5260416666665), (4, 2354.8653971354165), (0, 2386.346590909091), (5, 2582.9270241477275), (3, 2874.9140625)]","[(0, 22318.287109375), (1, 22590.0703125)]","[(4, 2201.1143973214284), (1, 2236.249479166667), (2, 2296.2257254464284), (0, 2478.6478365384614), (3, 2492.74267578125), (5, 2598.321514423077)]","[(0, 24953.2578125), (1, 26475.150390625)]"
308,"[(0, 25337.998046875), (1, 26540.701171875)]","[(0, 23740.865234375), (1, 22561.4140625)]","[(0, 21555.533203125), (1, 21266.748046875)]","[(0, 31097.861328125), (1, 28327.837890625)]","[(0, 33285.1796875), (1, 34581.8828125)]","[(0, 27689.2578125), (1, 27359.59765625)]","[(0, 26642.013671875), (1, 25504.98828125)]","[(0, 33234.5859375), (1, 36051.5546875)]","[(1, 1626.3702392578125), (0, 1675.810267857143), (2, 1725.0397135416667), (4, 2156.302315848214), (3, 2187.66162109375), (5, 2289.4229266826924)]","[(0, 22991.52734375), (1, 21404.111328125)]","[(4, 2325.573467548077), (5, 2439.8450520833335), (3, 2538.45556640625), (1, 2551.1556490384614), (2, 2587.4856770833335), (0, 2698.17529296875)]","[(0, 32268.208984375), (1, 32825.12890625)]","[(5, 3067.7347301136365), (4, 3174.7311197916665), (3, 3371.2112926136365), (2, 3394.818181818182), (1, 3492.9108072916665), (0, 3739.791903409091)]","[(0, 29039.435546875), (1, 26591.9296875)]"
309,"[(0, 33076.80859375), (1, 34581.8125)]","[(0, 22363.05078125), (1, 20553.748046875)]","[(0, 31504.4296875), (1, 30262.283203125)]","[(0, 26252.865234375), (1, 25351.775390625)]","[(0, 27942.3515625), (1, 27723.978515625)]","[(0, 30641.029296875), (1, 30349.65625)]","[(0, 22036.888671875), (1, 24049.734375)]","[(0, 31585.35546875), (1, 27492.439453125)]","[(4, 2262.7783954326924), (3, 2313.3982747395835), (5, 2372.03369140625), (1, 2637.435096153846), (0, 2781.7705078125), (2, 2795.4397786458335)]","[(0, 27312.044921875), (1, 25989.853515625)]","[(4, 2142.6008649553573), (1, 2242.1397879464284), (3, 2487.4541015625), (5, 2527.4163411458335), (0, 2606.6357421875), (2, 2660.7454427083335)]","[(0, 29268.537109375), (1, 25649.9765625)]","[(5, 2466.021484375), (3, 2568.515447443182), (4, 2603.2049153645835), (2, 2950.8529296875), (0, 3076.6267578125), (1, 3127.5901988636365)]","[(0, 31356.685546875), (1, 27477.16015625)]"
310,"[(0, 32272.1796875), (1, 32675.740234375)]","[(0, 25323.81640625), (1, 24123.767578125)]","[(0, 28223.048828125), (1, 28884.07421875)]","[(0, 27834.052734375), (1, 27795.193359375)]","[(0, 25793.552734375), (1, 26850.865234375)]","[(0, 32549.466796875), (1, 33288.734375)]","[(0, 21528.087890625), (1, 23727.939453125)]","[(0, 30662.33984375), (1, 25225.619140625)]","[(4, 1780.0766314338234), (3, 1911.1673583984375), (5, 1967.576953125), (1, 2074.527734375), (0, 2242.0478515625), (2, 2349.5447716346152)]","[(0, 24151.623046875), (1, 22081.318359375)]","[(4, 2127.283653846154), (1, 2250.88232421875), (5, 2354.1042258522725), (2, 2435.0193359375), (3, 2447.078125), (0, 2486.7734375)]","[(0, 27844.91015625), (1, 32401.765625)]","[(4, 2412.365411931818), (1, 2672.4742542613635), (3, 2696.2771484375), (5, 2794.4296875), (0, 2992.1642578125), (2, 3146.9775390625)]","[(0, 30208.91015625), (1, 31388.28125)]"
311,"[(0, 32878.765625), (1, 33718.83203125)]","[(0, 29059.521484375), (1, 27983.39453125)]","[(0, 30098.16796875), (1, 29561.00390625)]","[(0, 28328.458984375), (1, 28192.111328125)]","[(0, 27292.62109375), (1, 25886.876953125)]","[(0, 26519.474609375), (1, 26534.173828125)]","[(0, 29149.705078125), (1, 28473.365234375)]","[(0, 25875.818359375), (1, 29562.865234375)]","[(4, 1986.208251953125), (1, 2088.7697916666666), (3, 2130.6827566964284), (5, 2169.184988839286), (0, 2328.036808894231), (2, 2492.441105769231)]","[(0, 28199.345703125), (1, 29396.8515625)]","[(4, 1776.1274739583334), (3, 1807.447265625), (5, 1984.9520733173076), (1, 2036.358119419643), (0, 2151.460486778846), (2, 2257.03662109375)]","[(0, 44153.26953125), (1, 37518.984375)]","[(0, 1927.9973958333333), (1, 1978.8920036764705), (3, 1980.3673270089287), (4, 1990.588623046875), (2, 2252.580989583333), (5, 2262.3126395089284)]","[(0, 26262.03125), (1, 24254.427734375)]"
312,"[(0, 30585.91015625), (1, 31589.240234375)]","[(0, 28806.11328125), (1, 27258.857421875)]","[(0, 31389.896484375), (1, 34885.796875)]","[(0, 28805.072265625), (1, 28623.7890625)]","[(0, 25103.033203125), (1, 22910.671875)]","[(0, 26338.607421875), (1, 25714.734375)]","[(0, 28410.51953125), (1, 29802.943359375)]","[(0, 26352.2734375), (1, 26142.3359375)]","[(1, 1924.8325892857142), (2, 2186.8255709134614), (0, 2317.6647135416665), (4, 2395.830078125), (5, 2658.9421164772725), (3, 3035.136328125)]","[(0, 23595.796875), (1, 23099.306640625)]","[(1, 1526.7451171875), (2, 1702.836688701923), (0, 1852.0146484375), (4, 1921.5877403846155), (5, 2100.9905598958335), (3, 2268.062677556818)]","[(0, 27464.556640625), (1, 30987.703125)]","[(1, 2812.5140269886365), (0, 3042.387109375), (2, 3133.558203125), (4, 3171.3093039772725), (3, 3440.749609375), (5, 3517.22890625)]","[(0, 29049.103515625), (1, 29688.6484375)]"
313,"[(0, 23326.279296875), (1, 23595.572265625)]","[(0, 26122.69921875), (1, 24505.6484375)]","[(0, 23650.248046875), (1, 23813.494140625)]","[(0, 29202.263671875), (1, 30888.0078125)]","[(0, 20788.869140625), (1, 21433.66796875)]","[(0, 31680.201171875), (1, 32060.208984375)]","[(0, 29408.43359375), (1, 28447.716796875)]","[(0, 28899.392578125), (1, 20207.783203125)]","[(4, 2239.430106026786), (1, 2342.164620535714), (3, 2399.4181189903848), (5, 2419.464092548077), (0, 2519.0713641826924), (2, 2573.547175480769)]","[(0, 25576.060546875), (1, 26510.80078125)]","[(1, 2476.400390625), (4, 2515.1630859375), (2, 2565.0296519886365), (5, 2620.508877840909), (3, 2764.3295454545455), (0, 2766.070134943182)]","[(0, 47416.81640625), (1, 38602.72265625)]","[(1, 2783.0894886363635), (0, 2791.348046875), (2, 2801.2685546875), (4, 2998.783380681818), (3, 3016.33671875), (5, 3016.840234375)]","[(0, 27801.609375), (1, 23985.095703125)]"
314,"[(0, 31485.748046875), (1, 32993.2265625)]","[(0, 31570.83984375), (1, 31105.72265625)]","[(0, 32376.314453125), (1, 31661.384765625)]","[(0, 21857.53515625), (1, 21138.85546875)]","[(0, 20781.49609375), (1, 22001.62890625)]","[(0, 25944.36328125), (1, 26248.63671875)]","[(0, 25423.68359375), (1, 24101.02734375)]","[(0, 26827.931640625), (1, 33845.9921875)]","[(1, 1904.0502232142858), (2, 1997.938701923077), (0, 2153.5807291666665), (4, 2382.5875651041665), (5, 2475.6237571022725), (3, 2575.2724609375)]","[(0, 31843.5859375), (1, 22758.5390625)]","[(4, 1730.3731770833333), (1, 1751.1009114583333), (3, 1877.4591346153845), (5, 1932.2866586538462), (0, 1936.1548978365386), (2, 1948.4522235576924)]","[(0, 28653.44921875), (1, 30348.81640625)]","[(4, 2028.986049107143), (5, 2126.1922200520835), (3, 2143.8924278846152), (1, 2371.3597005208335), (2, 2555.882421875), (0, 2602.986505681818)]","[(0, 25841.5390625), (1, 28350.0)]"
315,"[(0, 26512.013671875), (1, 27495.48046875)]","[(0, 23077.990234375), (1, 23007.0546875)]","[(0, 20619.517578125), (1, 20607.171875)]","[(0, 22964.2890625), (1, 22124.044921875)]","[(0, 30712.765625), (1, 29719.044921875)]","[(0, 24909.865234375), (1, 24619.681640625)]","[(0, 32076.970703125), (1, 32657.828125)]","[(0, 27776.75), (1, 28040.72265625)]","[(4, 1818.2892020089287), (5, 1956.6863606770833), (3, 1973.026141826923), (1, 2428.560546875), (0, 2513.326349431818), (2, 2666.0212890625)]","[(0, 27431.025390625), (1, 26583.435546875)]","[(1, 2337.299715909091), (0, 2394.9666015625), (2, 2678.4064453125), (4, 2701.4762073863635), (3, 2845.7158203125), (5, 3053.41796875)]","[(0, 28997.26171875), (1, 29177.375)]","[(1, 2463.9411458333334), (2, 2577.784598214286), (0, 2741.1024639423076), (4, 3099.6280048076924), (5, 3134.6012369791665), (3, 3263.142755681818)]","[(0, 30837.294921875), (1, 32439.177734375)]"
316,"[(0, 32197.294921875), (1, 34948.3671875)]","[(0, 23531.412109375), (1, 23650.857421875)]","[(0, 23735.611328125), (1, 22317.712890625)]","[(0, 25820.501953125), (1, 25086.689453125)]","[(0, 24498.98828125), (1, 23534.736328125)]","[(0, 31766.39453125), (1, 30509.69921875)]","[(0, 21880.7890625), (1, 22696.83203125)]","[(0, 28120.0703125), (1, 32124.541015625)]","[(1, 2027.380580357143), (2, 2133.1771334134614), (4, 2307.3639787946427), (0, 2349.374549278846), (5, 2436.8037860576924), (3, 2640.294170673077)]","[(0, 23166.150390625), (1, 28354.32421875)]","[(4, 2324.5887044270835), (0, 2354.51953125), (1, 2403.5126953125), (3, 2405.8519176136365), (2, 2559.5316051136365), (5, 2590.3274147727275)]","[(0, 34465.32421875), (1, 39014.42578125)]","[(1, 2560.403231534091), (2, 2648.7626953125), (0, 2697.3802734375), (4, 2708.3794389204545), (5, 2830.2130859375), (3, 2839.0259765625)]","[(0, 26429.33984375), (1, 28598.029296875)]"
317,"[(0, 32228.322265625), (1, 34696.94140625)]","[(0, 22660.28125), (1, 22242.85546875)]","[(0, 26424.5), (1, 28828.92578125)]","[(0, 26359.2109375), (1, 23992.234375)]","[(0, 24833.890625), (1, 24695.541015625)]","[(0, 27305.22265625), (1, 27028.6015625)]","[(0, 31659.693359375), (1, 27905.89453125)]","[(0, 31513.474609375), (1, 36055.75)]","[(4, 2275.9564302884614), (3, 2486.89208984375), (5, 2533.3020241477275), (1, 2852.2421875), (0, 2955.204012784091), (2, 3360.55078125)]","[(0, 29352.087890625), (1, 33926.71875)]","[(4, 1762.5322916666667), (3, 1879.759765625), (5, 1882.9047475961538), (1, 2181.474609375), (2, 2390.99365234375), (0, 2392.1912560096152)]","[(0, 34241.76171875), (1, 33819.4375)]","[(4, 1802.5400390625), (3, 1862.7096354166667), (1, 1972.6934988839287), (5, 2090.4861886160716), (0, 2198.065955528846), (2, 2285.4523111979165)]","[(0, 25264.95703125), (1, 27102.111328125)]"
318,"[(0, 25358.134765625), (1, 26834.91796875)]","[(0, 23165.796875), (1, 22896.779296875)]","[(0, 32201.37890625), (1, 28763.892578125)]","[(0, 32950.01953125), (1, 33101.86328125)]","[(0, 25805.732421875), (1, 25334.03515625)]","[(0, 24160.861328125), (1, 24340.580078125)]","[(0, 23728.166015625), (1, 23222.953125)]","[(0, 29339.60546875), (1, 26597.435546875)]","[(4, 1742.4783854166667), (1, 1862.6640625), (5, 1914.521484375), (3, 1947.6407645089287), (0, 2091.2774939903848), (2, 2137.3818359375)]","[(0, 28854.974609375), (1, 24717.052734375)]","[(3, 1807.5432942708333), (4, 1869.8828125), (5, 1961.8658854166667), (0, 2213.6876627604165), (1, 2218.072716346154), (2, 2422.1857096354165)]","[(0, 27403.806640625), (1, 34538.33984375)]","[(4, 1653.7369025735295), (5, 1727.9623697916666), (1, 1742.865625), (2, 1829.9633413461538), (3, 1898.6070556640625), (0, 1981.0623604910713)]","[(0, 30584.130859375), (1, 26420.390625)]"
319,"[(0, 26622.634765625), (1, 28696.08203125)]","[(0, 23274.63671875), (1, 23669.04296875)]","[(0, 25635.205078125), (1, 26225.58984375)]","[(0, 19922.68359375), (1, 20793.26953125)]","[(0, 29507.6875), (1, 29087.359375)]","[(0, 25952.8515625), (1, 25494.046875)]","[(0, 28935.8515625), (1, 27877.009765625)]","[(0, 32425.970703125), (1, 30818.71484375)]","[(2, 1898.8599759615386), (1, 1898.8839285714287), (0, 2159.3658854166665), (5, 2295.69091796875), (4, 2357.0204326923076), (3, 2536.584872159091)]","[(0, 22365.267578125), (1, 24824.916015625)]","[(0, 2342.8275390625), (2, 2387.4548828125), (1, 2404.7807173295455), (4, 2843.241796875), (3, 2925.8700086805557), (5, 2971.8263888888887)]","[(0, 34036.58203125), (1, 35716.49609375)]","[(2, 2304.27587890625), (1, 2327.539362980769), (5, 2422.1720377604165), (0, 2439.6240234375), (4, 2453.155799278846), (3, 2579.4978841145835)]","[(0, 32878.515625), (1, 28855.466796875)]"
320,"[(0, 26297.142578125), (1, 26477.474609375)]","[(0, 23975.947265625), (1, 24434.310546875)]","[(0, 27803.6484375), (1, 26346.568359375)]","[(0, 30753.595703125), (1, 29322.765625)]","[(0, 28306.9375), (1, 26374.349609375)]","[(0, 23840.603515625), (1, 23009.359375)]","[(0, 24968.708984375), (1, 25951.61328125)]","[(0, 34449.2890625), (1, 30719.708984375)]","[(2, 1919.4945591517858), (1, 2057.084765625), (5, 2107.617606026786), (0, 2209.113581730769), (4, 2254.54765625), (3, 2390.7064302884614)]","[(0, 22812.38671875), (1, 20559.666015625)]","[(1, 1674.2530517578125), (2, 1765.7358072916666), (0, 1876.3173828125), (4, 2287.3020368303573), (3, 2447.1993815104165), (5, 2472.7735877403848)]","[(0, 32856.38671875), (1, 27865.84375)]","[(1, 2264.3631417410716), (0, 2435.8927408854165), (2, 2485.1971153846152), (4, 2620.2838541666665), (5, 2817.4430042613635), (3, 2897.6169921875)]","[(0, 33668.25390625), (1, 30820.65625)]"
321,"[(0, 27014.68359375), (1, 27300.509765625)]","[(0, 24462.474609375), (1, 24418.05078125)]","[(0, 28467.5546875), (1, 31688.87109375)]","[(0, 28702.185546875), (1, 28149.396484375)]","[(0, 33376.8828125), (1, 33746.66015625)]","[(0, 27073.1796875), (1, 27773.86328125)]","[(0, 22475.42578125), (1, 22905.77734375)]","[(0, 28406.18359375), (1, 22597.84765625)]","[(1, 1904.6983173076924), (2, 1985.3400065104167), (0, 2053.9441731770835), (4, 2074.567608173077), (5, 2125.5333658854165), (3, 2228.7508138020835)]","[(0, 27837.10546875), (1, 29292.943359375)]","[(2, 2042.2840401785713), (1, 2064.135677083333), (0, 2211.0294471153848), (4, 2273.672293526786), (3, 2442.2823893229165), (5, 2564.244591346154)]","[(0, 30222.05078125), (1, 30705.970703125)]","[(5, 2391.3180803571427), (2, 2412.8401227678573), (4, 2549.9153645833335), (1, 2563.2005208333335), (3, 2585.036658653846), (0, 2707.1763822115386)]","[(0, 27693.66796875), (1, 25471.080078125)]"
322,"[(0, 28160.970703125), (1, 28610.03515625)]","[(0, 23466.69140625), (1, 23519.544921875)]","[(0, 30959.080078125), (1, 31288.04296875)]","[(0, 20378.845703125), (1, 20036.62890625)]","[(0, 29914.82421875), (1, 28850.873046875)]","[(0, 28700.48828125), (1, 30046.23046875)]","[(0, 21454.26171875), (1, 23224.3515625)]","[(0, 29480.486328125), (1, 38672.953125)]","[(4, 1585.3924386160713), (1, 1603.3238525390625), (0, 1617.2784598214287), (3, 1683.2898763020833), (5, 1852.2391826923076), (2, 1860.7106770833334)]","[(0, 24525.63671875), (1, 28058.189453125)]","[(4, 2012.0327524038462), (5, 2043.16796875), (3, 2165.8976236979165), (1, 2908.1479048295455), (2, 3280.3927951388887), (0, 3315.437109375)]","[(0, 30185.669921875), (1, 27922.61328125)]","[(1, 2940.8434244791665), (2, 2948.231534090909), (0, 3120.3295454545455), (4, 3145.0123697916665), (5, 3161.772372159091), (3, 3370.4204545454545)]","[(0, 26940.23046875), (1, 28838.7421875)]"
323,"[(0, 21611.625), (1, 22729.01953125)]","[(0, 25143.28515625), (1, 25928.73046875)]","[(0, 23411.970703125), (1, 24361.923828125)]","[(0, 31134.15625), (1, 28621.794921875)]","[(0, 25862.568359375), (1, 24711.84375)]","[(0, 32972.875), (1, 31711.63671875)]","[(0, 28588.26953125), (1, 28362.060546875)]","[(0, 21576.716796875), (1, 20289.37109375)]","[(4, 2273.359375), (1, 2396.8173828125), (3, 2442.310546875), (5, 2502.0862926136365), (0, 2576.6312144886365), (2, 2687.2386363636365)]","[(0, 31047.8125), (1, 30073.46484375)]","[(1, 2002.696514423077), (2, 2171.86083984375), (0, 2299.5648082386365), (4, 2772.337002840909), (5, 3047.567578125), (3, 3458.0740017361113)]","[(0, 29935.029296875), (1, 28678.62890625)]","[(4, 2551.8880208333335), (3, 2813.112215909091), (1, 2835.8382161458335), (5, 2874.5385298295455), (0, 3162.4026988636365), (2, 3200.0522017045455)]","[(0, 27847.275390625), (1, 23162.548828125)]"
324,"[(0, 33328.47265625), (1, 34244.33984375)]","[(0, 20277.048828125), (1, 20415.84375)]","[(0, 22953.798828125), (1, 22999.576171875)]","[(0, 33705.78125), (1, 34466.54296875)]","[(0, 25351.0), (1, 24026.373046875)]","[(0, 28890.080078125), (1, 29815.876953125)]","[(0, 21716.765625), (1, 21564.9296875)]","[(0, 25402.33203125), (1, 29885.083984375)]","[(4, 1274.6919487847222), (3, 1342.6066176470588), (5, 1373.446533203125), (1, 1464.545840992647), (0, 1519.078369140625), (2, 1585.472265625)]","[(0, 29286.072265625), (1, 28812.021484375)]","[(0, 1941.376201923077), (1, 2002.383510044643), (2, 2096.4193209134614), (3, 2211.6407877604165), (4, 2313.5575420673076), (5, 2482.3971354166665)]","[(0, 30951.583984375), (1, 29446.62890625)]","[(1, 3024.390625), (4, 3058.8564453125), (0, 3225.63671875), (2, 3235.693181818182), (5, 3238.4992897727275), (3, 3287.193181818182)]","[(0, 32535.5625), (1, 34089.828125)]"
325,"[(0, 27195.916015625), (1, 28627.228515625)]","[(0, 25076.521484375), (1, 23659.69921875)]","[(0, 27490.8671875), (1, 27262.107421875)]","[(0, 22492.728515625), (1, 21493.0078125)]","[(0, 29188.955078125), (1, 28939.55078125)]","[(0, 30826.828125), (1, 31659.99609375)]","[(0, 24186.47265625), (1, 25674.205078125)]","[(0, 26128.50390625), (1, 26184.10546875)]","[(4, 1736.6476004464287), (3, 1952.578125), (5, 1957.23876953125), (1, 2191.61865234375), (2, 2279.6662109375), (0, 2360.646484375)]","[(0, 33271.46875), (1, 26950.84375)]","[(1, 1683.6735983455883), (0, 1767.0733072916667), (2, 1774.6645833333334), (4, 1794.6333869485295), (3, 1829.4938802083334), (5, 1872.34140625)]","[(0, 31085.52734375), (1, 28980.923828125)]","[(2, 1980.4617745535713), (4, 2032.6270926339287), (5, 2066.942908653846), (1, 2090.326171875), (3, 2217.8990885416665), (0, 2328.289813701923)]","[(0, 28561.48046875), (1, 30791.658203125)]"
326,"[(0, 32573.439453125), (1, 33492.7265625)]","[(0, 23221.44921875), (1, 21241.330078125)]","[(0, 29620.126953125), (1, 32761.828125)]","[(0, 29929.291015625), (1, 30135.248046875)]","[(0, 25088.529296875), (1, 23486.3046875)]","[(0, 35154.78125), (1, 34772.96484375)]","[(0, 20630.041015625), (1, 21879.494140625)]","[(0, 27842.62890625), (1, 30652.224609375)]","[(4, 1444.202392578125), (5, 1532.789341517857), (3, 1556.5735677083333), (1, 1703.2120535714287), (2, 1816.93310546875), (0, 1900.8114483173076)]","[(0, 24518.060546875), (1, 24762.28125)]","[(1, 2789.599786931818), (2, 2965.6447265625), (4, 3043.6875), (0, 3251.4376953125), (5, 3276.6953125), (3, 3533.480859375)]","[(0, 32852.0), (1, 29417.884765625)]","[(3, 2243.9788707386365), (4, 2246.74755859375), (5, 2537.816583806818), (1, 2710.7669270833335), (0, 2758.1125710227275), (2, 3121.7642045454545)]","[(0, 27663.62890625), (1, 29917.419921875)]"
327,"[(0, 22767.072265625), (1, 23819.55859375)]","[(0, 24260.09375), (1, 23592.10546875)]","[(0, 32179.12109375), (1, 30763.978515625)]","[(0, 25962.62890625), (1, 26460.587890625)]","[(0, 32186.947265625), (1, 31940.79296875)]","[(0, 34005.7890625), (1, 32295.763671875)]","[(0, 31988.712890625), (1, 30593.728515625)]","[(0, 26000.0703125), (1, 23552.224609375)]","[(4, 2507.7096354166665), (3, 2706.6624644886365), (5, 2722.632990056818), (1, 2724.1082356770835), (2, 2960.753018465909), (0, 3009.650568181818)]","[(0, 22679.00390625), (1, 29860.412109375)]","[(2, 2012.30703125), (1, 2023.1056463068182), (5, 2079.2141335227275), (4, 2103.8756510416665), (0, 2314.3935546875), (3, 2417.978515625)]","[(0, 34639.609375), (1, 30177.4375)]","[(4, 2177.8345853365386), (3, 2424.138671875), (5, 2469.323330965909), (1, 2612.1974283854165), (0, 2773.852450284091), (2, 2991.259765625)]","[(0, 28573.142578125), (1, 24831.97265625)]"
328,"[(0, 24337.23828125), (1, 25241.37890625)]","[(0, 24324.84765625), (1, 24064.369140625)]","[(0, 31391.365234375), (1, 30674.21484375)]","[(0, 27631.119140625), (1, 28023.958984375)]","[(0, 25531.029296875), (1, 24425.759765625)]","[(0, 31855.068359375), (1, 33444.81640625)]","[(0, 26144.05859375), (1, 26834.482421875)]","[(0, 27846.107421875), (1, 31936.62109375)]","[(4, 1707.253208705357), (3, 1893.4603365384614), (5, 1938.0221354166667), (1, 2422.3912760416665), (0, 2568.9808238636365), (2, 2729.3298828125)]","[(0, 21970.703125), (1, 19339.51171875)]","[(1, 2349.2823893229165), (2, 2453.8203125), (4, 2510.576349431818), (0, 2571.4244140625), (5, 2724.9033203125), (3, 3221.8595920138887)]","[(0, 27594.62109375), (1, 23758.8046875)]","[(4, 2413.8448893229165), (3, 2551.895596590909), (5, 2775.8449928977275), (1, 2961.3714192708335), (0, 3219.7819602272725), (2, 3445.435369318182)]","[(0, 31527.212890625), (1, 31821.728515625)]"
329,"[(0, 33277.0859375), (1, 34760.328125)]","[(0, 20297.8671875), (1, 19105.322265625)]","[(0, 28860.3671875), (1, 29565.318359375)]","[(0, 23332.486328125), (1, 23018.8203125)]","[(0, 32482.14453125), (1, 29303.419921875)]","[(0, 32007.357421875), (1, 32984.1640625)]","[(0, 29801.236328125), (1, 30273.455078125)]","[(0, 28667.060546875), (1, 31500.103515625)]","[(4, 2667.5851236979165), (5, 2686.2649147727275), (3, 2717.113458806818), (1, 3081.4925426136365), (2, 3190.7943359375), (0, 3224.9166015625)]","[(0, 24471.0390625), (1, 23165.08984375)]","[(4, 1229.4266493055557), (5, 1300.4547119140625), (3, 1301.2729779411766), (1, 1475.739013671875), (0, 1490.0356770833334), (2, 1617.0040457589287)]","[(0, 31199.873046875), (1, 36155.81640625)]","[(1, 2071.6932198660716), (2, 2241.3783052884614), (4, 2258.0598493303573), (0, 2258.8692908653848), (5, 2357.078876201923), (3, 2386.2283653846152)]","[(0, 27266.111328125), (1, 28911.220703125)]"
330,"[(0, 30675.150390625), (1, 31536.173828125)]","[(0, 22587.7421875), (1, 21531.2890625)]","[(0, 25976.474609375), (1, 25791.166015625)]","[(0, 30701.638671875), (1, 30902.267578125)]","[(0, 26699.46875), (1, 24190.140625)]","[(0, 30263.09375), (1, 29838.833984375)]","[(0, 25655.5546875), (1, 26649.916015625)]","[(0, 28234.060546875), (1, 34881.97265625)]","[(1, 1960.618359375), (4, 2133.024972098214), (0, 2162.4181189903848), (2, 2193.302283653846), (5, 2472.0281575520835), (3, 2554.4568684895835)]","[(0, 27478.494140625), (1, 33297.53125)]","[(1, 2585.887109375), (2, 2612.717230902778), (0, 2789.31640625), (4, 2939.4328125), (5, 3005.3467881944443), (3, 3163.6165364583335)]","[(0, 28884.5703125), (1, 26696.2109375)]","[(4, 1820.834375), (3, 1968.902622767857), (5, 2108.4756610576924), (1, 2314.453683035714), (2, 2480.1796875), (0, 2534.3849158653848)]","[(0, 26654.923828125), (1, 28089.35546875)]"
331,"[(0, 31851.150390625), (1, 34177.9453125)]","[(0, 26525.216796875), (1, 28499.853515625)]","[(0, 27059.369140625), (1, 29075.93359375)]","[(0, 31603.1015625), (1, 31286.55078125)]","[(0, 27224.2265625), (1, 24956.302734375)]","[(0, 32904.36328125), (1, 31006.208984375)]","[(0, 26094.5625), (1, 27282.86328125)]","[(0, 30574.623046875), (1, 29919.7890625)]","[(3, 1293.5004340277778), (4, 1335.2803248355262), (0, 1353.9493408203125), (5, 1359.2518382352941), (1, 1397.1261488970588), (2, 1455.1317708333333)]","[(0, 20623.705078125), (1, 27867.943359375)]","[(1, 1885.046595982143), (2, 2038.9385516826924), (0, 2078.4765625), (4, 2610.158203125), (5, 2748.014737215909), (3, 2843.6892578125)]","[(0, 32884.19140625), (1, 37325.265625)]","[(1, 1977.4116908482142), (2, 2044.4215745192307), (0, 2067.654296875), (4, 2348.5655924479165), (5, 2430.041015625), (3, 2538.20390625)]","[(0, 28087.640625), (1, 24034.900390625)]"
332,"[(0, 29994.212890625), (1, 32319.427734375)]","[(0, 22948.568359375), (1, 23336.271484375)]","[(0, 22257.21875), (1, 24243.8125)]","[(0, 27811.658203125), (1, 29750.3515625)]","[(0, 26925.0234375), (1, 27619.73828125)]","[(0, 29995.95703125), (1, 31124.744140625)]","[(0, 25929.943359375), (1, 25992.357421875)]","[(0, 33462.78125), (1, 28316.8984375)]","[(4, 2262.696200284091), (3, 2387.3048828125), (5, 2561.844140625), (1, 2669.5092329545455), (0, 2879.133984375), (2, 3014.9017578125)]","[(0, 28263.91015625), (1, 20643.916015625)]","[(1, 1994.1678185096155), (2, 2131.85888671875), (0, 2341.0229048295455), (4, 2365.2097981770835), (5, 2426.2409446022725), (3, 2768.7146484375)]","[(0, 34623.09375), (1, 36208.09375)]","[(4, 2434.3645833333335), (3, 2528.31640625), (5, 2628.701622596154), (1, 3238.221454326923), (2, 3419.8032670454545), (0, 3631.39453125)]","[(0, 27268.322265625), (1, 28808.203125)]"
333,"[(0, 27554.203125), (1, 28831.2890625)]","[(0, 24830.361328125), (1, 23654.599609375)]","[(0, 21738.189453125), (1, 22256.51953125)]","[(0, 31750.09765625), (1, 29605.298828125)]","[(0, 25675.748046875), (1, 25363.3828125)]","[(0, 28367.228515625), (1, 29304.5390625)]","[(0, 26645.62109375), (1, 26821.869140625)]","[(0, 26563.59375), (1, 27285.150390625)]","[(1, 2087.6883138020835), (4, 2172.07421875), (2, 2235.4797585227275), (0, 2250.5969460227275), (5, 2328.091974431818), (3, 2354.7375710227275)]","[(0, 31909.98046875), (1, 23653.765625)]","[(4, 1553.2740885416667), (3, 1718.8849431818182), (5, 1781.5017755681818), (1, 1967.4005533854167), (0, 2109.2194602272725), (2, 2159.734552556818)]","[(0, 36171.12890625), (1, 38323.7578125)]","[(3, 2036.0623697916667), (4, 2036.4827880859375), (5, 2110.2844587053573), (1, 2385.9715401785716), (0, 2468.5724158653848), (2, 2620.8688151041665)]","[(0, 30898.64453125), (1, 31164.990234375)]"
334,"[(0, 23775.41796875), (1, 24777.375)]","[(0, 24477.876953125), (1, 22392.1171875)]","[(0, 26500.259765625), (1, 26812.2265625)]","[(0, 27588.357421875), (1, 26644.197265625)]","[(0, 26521.21875), (1, 25726.92578125)]","[(0, 25489.255859375), (1, 25675.232421875)]","[(0, 30009.83203125), (1, 31132.1953125)]","[(0, 27130.998046875), (1, 33366.16015625)]","[(2, 2253.5372721354165), (1, 2276.2841045673076), (0, 2365.241299715909), (4, 2936.6897786458335), (3, 3111.9935546875), (5, 3121.838778409091)]","[(0, 27196.3046875), (1, 26340.48828125)]","[(4, 2213.160574776786), (5, 2438.64013671875), (3, 2482.2814002403848), (1, 3239.0397135416665), (2, 3651.90546875), (0, 3738.2620738636365)]","[(0, 26808.16015625), (1, 21612.38671875)]","[(1, 2298.480712890625), (0, 2416.476004464286), (4, 2514.68125), (2, 2600.5061383928573), (3, 2749.8001802884614), (5, 2868.194110576923)]","[(0, 30009.404296875), (1, 25610.232421875)]"
335,"[(0, 26139.220703125), (1, 26760.447265625)]","[(0, 24282.732421875), (1, 23880.083984375)]","[(0, 37304.19921875), (1, 37052.921875)]","[(0, 23173.775390625), (1, 22378.21875)]","[(0, 24922.365234375), (1, 22814.41015625)]","[(0, 29190.01171875), (1, 27970.29296875)]","[(0, 24357.37109375), (1, 23933.68359375)]","[(0, 27881.6875), (1, 28366.578125)]","[(3, 1417.793212890625), (4, 1444.602481617647), (5, 1572.4427083333333), (1, 1804.1834635416667), (0, 1819.6976841517858), (2, 2009.8638822115386)]","[(0, 24521.474609375), (1, 31581.5)]","[(4, 2042.52099609375), (3, 2114.927911931818), (5, 2309.985546875), (1, 2331.024502840909), (0, 2421.5669921875), (2, 2806.1495225694443)]","[(0, 31645.32421875), (1, 36888.62109375)]","[(1, 2075.9197823660716), (2, 2197.7997295673076), (0, 2321.36328125), (3, 2742.691796875), (5, 2786.59765625), (4, 2823.1608072916665)]","[(0, 30975.05859375), (1, 26918.6328125)]"
336,"[(0, 25166.05078125), (1, 25509.052734375)]","[(0, 21605.89453125), (1, 20927.775390625)]","[(0, 22477.462890625), (1, 22479.11328125)]","[(0, 32092.91015625), (1, 29400.328125)]","[(0, 29967.935546875), (1, 27524.33984375)]","[(0, 28487.408203125), (1, 29311.38671875)]","[(0, 22253.44140625), (1, 22851.1875)]","[(0, 27905.76171875), (1, 26012.419921875)]","[(4, 1686.1433823529412), (3, 1694.8240966796875), (5, 1772.9204427083334), (1, 2326.47421875), (2, 2549.0694110576924), (0, 2575.604910714286)]","[(0, 26124.09375), (1, 32228.9375)]","[(4, 2474.866015625), (1, 2691.92734375), (3, 2797.4576822916665), (5, 2933.6651475694443), (0, 2993.773003472222), (2, 3164.4192708333335)]","[(0, 30523.7265625), (1, 28891.486328125)]","[(1, 1661.6477864583333), (4, 1709.1653645833333), (2, 1785.0102163461538), (0, 1817.8502103365386), (5, 1836.3532151442307), (3, 1844.6817908653845)]","[(0, 32431.814453125), (1, 29151.37109375)]"
337,"[(0, 30186.158203125), (1, 31481.484375)]","[(0, 23088.84375), (1, 22271.0)]","[(0, 18123.3671875), (1, 19478.705078125)]","[(0, 24362.0625), (1, 24165.60546875)]","[(0, 29032.625), (1, 27493.93359375)]","[(0, 34883.93359375), (1, 34418.68359375)]","[(0, 25685.251953125), (1, 25656.142578125)]","[(0, 31122.33984375), (1, 32162.953125)]","[(2, 1688.7535807291667), (1, 1753.6597055288462), (0, 1856.7132161458333), (5, 1899.2545572916667), (4, 1947.2133413461538), (3, 2074.07275390625)]","[(0, 24313.576171875), (1, 27617.708984375)]","[(1, 1602.1881103515625), (4, 1658.9710693359375), (5, 1794.9969308035713), (3, 1806.7993861607142), (2, 1812.9750279017858), (0, 1866.4907924107142)]","[(0, 33159.5234375), (1, 29627.330078125)]","[(4, 1790.371875), (5, 1942.6466346153845), (1, 1960.4278846153845), (3, 2001.278041294643), (2, 2051.5795454545455), (0, 2245.8092447916665)]","[(0, 22738.64453125), (1, 20812.17578125)]"
338,"[(0, 31959.74609375), (1, 34608.0078125)]","[(0, 22288.2734375), (1, 22513.203125)]","[(0, 26868.490234375), (1, 27238.951171875)]","[(0, 30391.7109375), (1, 30269.15234375)]","[(0, 24391.376953125), (1, 22144.373046875)]","[(0, 30725.36328125), (1, 30238.88671875)]","[(0, 30617.779296875), (1, 29623.572265625)]","[(0, 21137.26171875), (1, 20338.5390625)]","[(4, 1864.8852251838234), (3, 1912.2203125), (1, 1919.9808134191176), (0, 1982.0294270833333), (5, 2038.8059895833333), (2, 2066.475520833333)]","[(0, 25673.86328125), (1, 27359.77734375)]","[(2, 1277.25390625), (1, 1314.7072610294117), (0, 1410.57734375), (4, 1611.77880859375), (5, 1702.190234375), (3, 1794.2525111607142)]","[(0, 30553.8125), (1, 35026.0078125)]","[(4, 1934.1654575892858), (1, 1978.470005580357), (5, 2036.2315204326924), (3, 2090.290564903846), (2, 2107.940955528846), (0, 2176.8212139423076)]","[(0, 28724.966796875), (1, 25025.634765625)]"
339,"[(0, 31821.181640625), (1, 33803.9296875)]","[(0, 21173.677734375), (1, 20557.373046875)]","[(0, 28868.240234375), (1, 28705.03125)]","[(0, 31915.21484375), (1, 33420.36328125)]","[(0, 31001.037109375), (1, 29999.705078125)]","[(0, 30733.658203125), (1, 30545.947265625)]","[(0, 17588.43359375), (1, 17039.00390625)]","[(0, 26972.466796875), (1, 32421.611328125)]","[(1, 1708.6314697265625), (2, 1903.4161458333333), (0, 2005.3935546875), (4, 2147.9326171875), (3, 2430.9705403645835), (5, 2510.6939603365386)]","[(0, 20591.123046875), (1, 22630.607421875)]","[(4, 1806.4318033854167), (3, 1903.610440340909), (1, 1981.5871803977273), (5, 2089.602734375), (0, 2298.0544921875), (2, 2398.554253472222)]","[(0, 30257.349609375), (1, 28809.109375)]","[(1, 2364.230989583333), (0, 2371.464092548077), (4, 2488.3890625), (3, 2519.2564603365386), (2, 2668.3209134615386), (5, 2798.1024639423076)]","[(0, 30433.009765625), (1, 32229.826171875)]"
340,"[(0, 29108.64453125), (1, 29756.9921875)]","[(0, 22429.283203125), (1, 22499.166015625)]","[(0, 29242.060546875), (1, 30683.548828125)]","[(0, 23900.337890625), (1, 22948.240234375)]","[(0, 29544.80078125), (1, 27518.9609375)]","[(0, 32237.359375), (1, 33183.53515625)]","[(0, 19421.72265625), (1, 18920.26953125)]","[(0, 26966.474609375), (1, 29520.435546875)]","[(1, 1729.252197265625), (2, 1843.8391927083333), (0, 1951.4242466517858), (4, 2148.569754464286), (5, 2343.942908653846), (3, 2456.0068359375)]","[(0, 29953.76171875), (1, 24568.501953125)]","[(1, 2798.526278409091), (0, 2889.23671875), (2, 3052.5328125), (4, 3167.4584517045455), (3, 3414.390234375), (5, 3515.46484375)]","[(0, 24639.15234375), (1, 32425.3515625)]","[(1, 1794.07470703125), (2, 1900.140625), (0, 1936.613002232143), (4, 2075.493619791667), (5, 2196.5701729910716), (3, 2397.306941105769)]","[(0, 26820.154296875), (1, 24619.728515625)]"
341,"[(0, 24602.0078125), (1, 25197.873046875)]","[(0, 22850.447265625), (1, 25204.69921875)]","[(0, 33006.91796875), (1, 33110.1640625)]","[(0, 19672.126953125), (1, 19622.625)]","[(0, 27735.666015625), (1, 28470.83984375)]","[(0, 34392.73046875), (1, 34901.5703125)]","[(0, 31280.373046875), (1, 31228.748046875)]","[(0, 26584.73046875), (1, 24072.22265625)]","[(1, 1849.192578125), (2, 1939.7479073660713), (0, 2038.1724759615386), (4, 2238.573800223214), (3, 2449.0882161458335), (5, 2465.8431490384614)]","[(0, 17635.748046875), (1, 21428.19140625)]","[(5, 1541.7631138392858), (4, 1544.2384033203125), (1, 1635.5072916666666), (3, 1665.0714285714287), (2, 1704.2289663461538), (0, 1801.1131310096155)]","[(0, 26308.005859375), (1, 26940.794921875)]","[(1, 1929.6053185096155), (2, 1975.2701822916667), (0, 2155.5), (4, 2260.2548076923076), (5, 2360.7184244791665), (3, 2542.9430338541665)]","[(0, 28173.7578125), (1, 29928.29296875)]"
342,"[(0, 30412.35546875), (1, 31545.919921875)]","[(0, 23177.685546875), (1, 22563.91015625)]","[(0, 24878.265625), (1, 25437.337890625)]","[(0, 24346.17578125), (1, 25665.001953125)]","[(0, 28827.60546875), (1, 29439.2421875)]","[(0, 31058.859375), (1, 31337.61328125)]","[(0, 26537.16015625), (1, 26051.51953125)]","[(0, 28368.3359375), (1, 29740.283203125)]","[(4, 1909.3483072916667), (3, 1985.5880859375), (1, 2084.3982872596152), (5, 2139.362215909091), (0, 2271.768643465909), (2, 2424.4298502604165)]","[(0, 31988.255859375), (1, 27706.798828125)]","[(4, 2728.7779296875), (3, 3050.3196614583335), (1, 3142.946875), (5, 3279.638671875), (0, 3559.71875), (2, 3837.015190972222)]","[(0, 30567.509765625), (1, 29082.08984375)]","[(2, 1997.0431640625), (1, 2064.238103693182), (5, 2200.587002840909), (4, 2311.17333984375), (0, 2485.798828125), (3, 2561.419034090909)]","[(0, 31186.9921875), (1, 27138.193359375)]"
343,"[(0, 26534.626953125), (1, 27417.05859375)]","[(0, 18404.29296875), (1, 19283.02734375)]","[(0, 21071.287109375), (1, 22304.9453125)]","[(0, 27624.373046875), (1, 27161.0546875)]","[(0, 29553.705078125), (1, 28423.25390625)]","[(0, 35547.8125), (1, 36397.8125)]","[(0, 32447.96484375), (1, 32099.953125)]","[(0, 30606.568359375), (1, 29465.955078125)]","[(5, 2864.1755859375), (4, 2880.9303977272725), (1, 2970.0090553977275), (2, 2992.3212890625), (3, 3002.7869140625), (0, 3210.6962890625)]","[(0, 32215.078125), (1, 24911.837890625)]","[(4, 1722.6517333984375), (3, 1851.4888392857142), (1, 1886.6258544921875), (5, 1926.1748046875), (0, 1931.8631417410713), (2, 2017.0994698660713)]","[(0, 28366.84765625), (1, 34859.82421875)]","[(1, 2255.2274639423076), (0, 2336.1697591145835), (4, 2447.4869290865386), (2, 2473.3346354166665), (3, 2591.29833984375), (5, 2735.2447916666665)]","[(0, 28406.48046875), (1, 30381.884765625)]"
344,"[(0, 32741.029296875), (1, 32355.755859375)]","[(0, 17182.619140625), (1, 17724.40234375)]","[(0, 23023.03515625), (1, 22794.857421875)]","[(0, 29888.958984375), (1, 29740.478515625)]","[(0, 23480.19140625), (1, 21642.06640625)]","[(0, 26875.486328125), (1, 28933.865234375)]","[(0, 26516.69140625), (1, 26643.994140625)]","[(0, 27200.2734375), (1, 27152.275390625)]","[(2, 2175.94921875), (1, 2183.151893028846), (0, 2470.6070667613635), (4, 2891.6875), (5, 3057.162286931818), (3, 3431.956640625)]","[(0, 22751.2265625), (1, 24693.208984375)]","[(0, 2422.1072265625), (1, 2435.033203125), (2, 2554.183984375), (4, 3118.9521484375), (3, 3169.8287760416665), (5, 3328.0594618055557)]","[(0, 23611.125), (1, 25300.498046875)]","[(4, 2336.5715680803573), (1, 2423.6930803571427), (3, 2565.4041466346152), (0, 2642.719951923077), (5, 2680.7884615384614), (2, 2746.139122596154)]","[(0, 29304.31640625), (1, 30304.62109375)]"
345,"[(0, 29092.271484375), (1, 29791.974609375)]","[(0, 16897.07421875), (1, 17113.36328125)]","[(0, 28983.328125), (1, 28560.255859375)]","[(0, 32820.40234375), (1, 33372.3984375)]","[(0, 25014.349609375), (1, 23837.98828125)]","[(0, 36966.1328125), (1, 33778.1796875)]","[(0, 26661.228515625), (1, 26068.271484375)]","[(0, 31033.365234375), (1, 21584.744140625)]","[(1, 1830.7173978365386), (2, 1952.4326171875), (0, 2120.2492897727275), (4, 2385.7093098958335), (5, 2582.284268465909), (3, 2872.3818359375)]","[(0, 24930.494140625), (1, 26108.7265625)]","[(4, 2192.877704326923), (3, 2384.5901692708335), (5, 2418.0754616477275), (1, 2691.5652669270835), (0, 2913.0806107954545), (2, 3036.5779296875)]","[(0, 28662.66015625), (1, 26426.994140625)]","[(4, 1972.834201388889), (3, 1978.7543658088234), (1, 2040.95654296875), (0, 2177.435546875), (5, 2205.38232421875), (2, 2480.816964285714)]","[(0, 26018.400390625), (1, 27458.69140625)]"
346,"[(0, 30021.76953125), (1, 32449.232421875)]","[(0, 18360.376953125), (1, 18261.939453125)]","[(0, 22497.96484375), (1, 24168.00390625)]","[(0, 37097.2578125), (1, 35053.64453125)]","[(0, 22891.08203125), (1, 22122.376953125)]","[(0, 32892.81640625), (1, 33198.4765625)]","[(0, 32168.59765625), (1, 33025.65234375)]","[(0, 24998.251953125), (1, 29506.92578125)]","[(1, 1933.0223214285713), (2, 2104.4678485576924), (0, 2145.1988932291665), (4, 2529.1306966145835), (3, 2703.6515625), (5, 2782.0465198863635)]","[(0, 26062.107421875), (1, 28128.814453125)]","[(1, 2286.3877704326924), (2, 2375.4361979166665), (0, 2536.2366832386365), (4, 2846.6468098958335), (5, 3043.8412642045455), (3, 3244.1001953125)]","[(0, 38197.33203125), (1, 37155.2578125)]","[(1, 2178.262469951923), (3, 2203.99140625), (5, 2216.8227982954545), (4, 2261.0372721354165), (0, 2343.6432883522725), (2, 2466.03076171875)]","[(0, 28292.443359375), (1, 23489.95703125)]"
347,"[(0, 26869.693359375), (1, 27717.685546875)]","[(0, 19520.490234375), (1, 19022.52734375)]","[(0, 28768.03515625), (1, 27464.63671875)]","[(0, 33439.97265625), (1, 32104.361328125)]","[(0, 32441.095703125), (1, 32440.87890625)]","[(0, 27466.154296875), (1, 26784.853515625)]","[(0, 18507.23828125), (1, 17019.142578125)]","[(0, 22669.576171875), (1, 21957.046875)]","[(4, 1753.806640625), (1, 1808.5365885416666), (3, 1893.3345947265625), (5, 1901.4204427083334), (2, 1932.0875901442307), (0, 2061.281808035714)]","[(0, 24065.818359375), (1, 19683.669921875)]","[(0, 2605.6689453125), (1, 2647.5504261363635), (2, 2732.21015625), (4, 3380.85390625), (3, 3436.163628472222), (5, 3651.183159722222)]","[(0, 29524.576171875), (1, 34181.0078125)]","[(4, 2817.1475360576924), (5, 2897.503728693182), (3, 2993.7854817708335), (1, 3358.5260416666665), (2, 3610.498828125), (0, 3696.5465198863635)]","[(0, 24314.388671875), (1, 26512.94921875)]"
348,"[(0, 24404.24609375), (1, 26313.875)]","[(0, 19250.779296875), (1, 18283.251953125)]","[(0, 21101.208984375), (1, 22827.7734375)]","[(0, 35121.7421875), (1, 34028.2421875)]","[(0, 26445.451171875), (1, 25812.994140625)]","[(0, 14727.154296875), (1, 14785.5419921875)]","[(0, 23505.26171875), (1, 21564.044921875)]","[(0, 31704.138671875), (1, 28544.708984375)]","[(4, 2104.8170072115386), (5, 2190.3735795454545), (3, 2208.11279296875), (0, 2432.104403409091), (1, 2498.75732421875), (2, 2692.76171875)]","[(0, 23549.171875), (1, 19818.1015625)]","[(1, 1701.9810697115386), (2, 1765.1378580729167), (0, 1928.7752278645833), (4, 1937.2152622767858), (5, 1957.6813401442307), (3, 2169.526141826923)]","[(0, 33446.63671875), (1, 37075.96484375)]","[(4, 1769.7100830078125), (1, 1795.447509765625), (3, 1847.372349330357), (0, 1876.918666294643), (2, 1911.5806361607142), (5, 1918.5484095982142)]","[(0, 27258.9375), (1, 28692.169921875)]"
349,"[(0, 27343.423828125), (1, 29984.6875)]","[(0, 25123.0546875), (1, 24488.873046875)]","[(0, 27933.265625), (1, 25272.57421875)]","[(0, 28821.0625), (1, 28474.04296875)]","[(0, 24394.470703125), (1, 23933.45703125)]","[(0, 24815.1875), (1, 24538.90234375)]","[(0, 27812.904296875), (1, 29082.755859375)]","[(0, 29482.2578125), (1, 24050.400390625)]","[(1, 1709.9740668402778), (2, 1762.8643798828125), (4, 1799.614040798611), (0, 1842.669189453125), (5, 1873.1513671875), (3, 1928.336669921875)]","[(0, 22433.17578125), (1, 20394.359375)]","[(1, 2367.1389973958335), (2, 2526.6187855113635), (0, 2601.8896484375), (4, 2666.2473366477275), (5, 2883.53046875), (3, 2986.7803819444443)]","[(0, 29441.9375), (1, 28398.46484375)]","[(4, 1609.9564732142858), (3, 1659.376953125), (5, 1878.9260817307693), (1, 1970.2282552083334), (0, 2001.102313701923), (2, 2167.867745535714)]","[(0, 25269.22265625), (1, 27835.193359375)]"
350,"[(0, 26565.037109375), (1, 28587.478515625)]","[(0, 22537.7578125), (1, 21389.970703125)]","[(0, 24759.046875), (1, 23951.541015625)]","[(0, 27291.267578125), (1, 26413.716796875)]","[(0, 25218.498046875), (1, 25224.3671875)]","[(0, 30062.0234375), (1, 29871.462890625)]","[(0, 23806.38671875), (1, 24422.685546875)]","[(0, 26821.689453125), (1, 32205.83203125)]","[(4, 1700.5844029017858), (3, 1836.3671875), (5, 1938.9798177083333), (1, 2404.4619140625), (0, 2618.7027698863635), (2, 2646.6263671875)]","[(0, 26481.109375), (1, 36562.89453125)]","[(1, 1656.5252685546875), (2, 1947.5139322916666), (0, 2142.5948660714284), (4, 2556.222098214286), (5, 2670.0390625), (3, 3072.3548177083335)]","[(0, 27417.73828125), (1, 28834.23046875)]","[(0, 3188.166193181818), (3, 3274.98046875), (1, 3423.052734375), (4, 3558.4069010416665), (2, 3762.895596590909), (5, 3967.5628551136365)]","[(0, 24777.66015625), (1, 25792.322265625)]"
351,"[(0, 28163.19921875), (1, 30065.236328125)]","[(0, 23858.25390625), (1, 22368.703125)]","[(0, 31644.146484375), (1, 32760.953125)]","[(0, 30249.26953125), (1, 29210.6484375)]","[(0, 28020.21875), (1, 29156.126953125)]","[(0, 19391.0), (1, 19313.173828125)]","[(0, 26767.900390625), (1, 26605.349609375)]","[(0, 24690.876953125), (1, 31554.734375)]","[(1, 1774.1864013671875), (2, 1881.31953125), (0, 1960.12890625), (4, 2072.3546875), (5, 2167.9979073660716), (3, 2369.226111778846)]","[(0, 25491.177734375), (1, 29942.08203125)]","[(4, 2417.53125), (1, 2464.474609375), (5, 2572.130859375), (2, 2661.3978515625), (3, 2772.7625), (0, 2775.04296875)]","[(0, 29502.396484375), (1, 32729.7578125)]","[(4, 1699.6791449652778), (1, 1740.5750868055557), (5, 1770.476318359375), (3, 1808.9512939453125), (2, 1822.3031005859375), (0, 1842.6676025390625)]","[(0, 26799.9296875), (1, 27984.060546875)]"
352,"[(0, 29494.771484375), (1, 29923.78515625)]","[(0, 26765.62890625), (1, 25674.25390625)]","[(0, 24913.072265625), (1, 26201.69140625)]","[(0, 24942.7421875), (1, 22911.283203125)]","[(0, 31192.435546875), (1, 31337.5234375)]","[(0, 24545.36328125), (1, 24999.32421875)]","[(0, 28807.95703125), (1, 28456.451171875)]","[(0, 37731.9453125), (1, 31106.462890625)]","[(1, 2248.4758649553573), (4, 2390.5126201923076), (0, 2601.4305013020835), (2, 2601.71875), (5, 2621.576171875), (3, 2680.962002840909)]","[(0, 24989.576171875), (1, 24798.935546875)]","[(4, 1371.5911458333333), (3, 1529.708251953125), (5, 1551.2139892578125), (1, 1554.5557725694443), (2, 1693.032470703125), (0, 1702.3873291015625)]","[(0, 29350.04296875), (1, 30196.5234375)]","[(4, 2292.763494318182), (3, 2359.6583984375), (1, 2428.5026633522725), (0, 2520.3880859375), (5, 2593.7263671875), (2, 2801.06796875)]","[(0, 29077.0703125), (1, 24910.26953125)]"
353,"[(0, 24353.978515625), (1, 25316.11328125)]","[(0, 24999.419921875), (1, 23572.31640625)]","[(0, 30539.857421875), (1, 29135.3359375)]","[(0, 23460.44921875), (1, 23484.06640625)]","[(0, 26514.568359375), (1, 25639.705078125)]","[(0, 25469.4765625), (1, 24817.578125)]","[(0, 31465.84765625), (1, 33125.0390625)]","[(0, 30995.15234375), (1, 28442.533203125)]","[(4, 1947.4174479166666), (3, 2051.2434430803573), (5, 2127.634465144231), (1, 2282.101004464286), (0, 2335.8270733173076), (2, 2510.39892578125)]","[(0, 26032.47265625), (1, 25914.244140625)]","[(1, 2464.514873798077), (2, 2587.1103515625), (0, 2844.533025568182), (4, 2902.3766276041665), (5, 3193.942471590909), (3, 3446.496484375)]","[(0, 19743.154296875), (1, 23424.611328125)]","[(2, 1446.6057942708333), (1, 1532.884014423077), (0, 1774.4443359375), (5, 1809.7166341145833), (4, 1825.7641225961538), (3, 2251.5222981770835)]","[(0, 27142.955078125), (1, 28274.935546875)]"
354,"[(0, 30326.85546875), (1, 29900.080078125)]","[(0, 24912.3828125), (1, 23521.900390625)]","[(0, 25907.91796875), (1, 26551.513671875)]","[(0, 23602.705078125), (1, 23159.8984375)]","[(0, 24321.34375), (1, 24310.81640625)]","[(0, 26567.443359375), (1, 26239.1484375)]","[(0, 28689.4609375), (1, 30354.201171875)]","[(0, 21970.345703125), (1, 25118.408203125)]","[(1, 2161.408203125), (2, 2332.156700721154), (0, 2354.91259765625), (4, 2511.380859375), (5, 2774.770419034091), (3, 2779.8771484375)]","[(0, 30253.65625), (1, 29486.22265625)]","[(1, 1563.2088623046875), (4, 1577.507421875), (2, 1734.755580357143), (0, 1806.289341517857), (5, 1806.7008713942307), (3, 1942.1168870192307)]","[(0, 29494.435546875), (1, 34469.765625)]","[(3, 2346.841619318182), (4, 2516.0603841145835), (0, 2762.3451704545455), (5, 2824.661221590909), (1, 2994.1708984375), (2, 3390.524502840909)]","[(0, 27689.125), (1, 29096.154296875)]"
355,"[(0, 25379.544921875), (1, 26207.615234375)]","[(0, 24445.80078125), (1, 21689.072265625)]","[(0, 29237.3203125), (1, 29690.658203125)]","[(0, 31010.79296875), (1, 27492.07421875)]","[(0, 26349.759765625), (1, 27435.91796875)]","[(0, 27524.470703125), (1, 27575.546875)]","[(0, 25625.8671875), (1, 24182.828125)]","[(0, 28475.86328125), (1, 33654.16015625)]","[(1, 2076.337139423077), (2, 2132.7109375), (0, 2137.8203125), (4, 2381.26318359375), (5, 2516.4250710227275), (3, 2775.4904296875)]","[(0, 31951.029296875), (1, 29509.1796875)]","[(4, 1950.4915364583333), (3, 2001.420987215909), (5, 2139.0744140625), (1, 2205.812322443182), (0, 2348.6931640625), (2, 2637.1267361111113)]","[(0, 27989.23828125), (1, 32402.69140625)]","[(1, 1940.8304966517858), (0, 2048.4122721354165), (2, 2135.880408653846), (4, 2748.7197265625), (3, 2816.3064453125), (5, 2859.704900568182)]","[(0, 28664.4375), (1, 25418.228515625)]"
356,"[(0, 23308.0234375), (1, 23843.9921875)]","[(0, 22213.68359375), (1, 22304.859375)]","[(0, 22628.10546875), (1, 22704.12890625)]","[(0, 28919.630859375), (1, 28665.283203125)]","[(0, 33439.046875), (1, 32620.783203125)]","[(0, 28875.287109375), (1, 29650.564453125)]","[(0, 24233.55078125), (1, 22615.3984375)]","[(0, 24560.138671875), (1, 25083.45703125)]","[(4, 1971.9369791666666), (3, 2111.7762276785716), (5, 2119.1295072115386), (1, 2275.724158653846), (2, 2480.2270951704545), (0, 2677.75)]","[(0, 25968.794921875), (1, 27297.6953125)]","[(1, 1527.3299479166667), (2, 1627.7367466517858), (0, 1697.7774939903845), (4, 2110.2237079326924), (5, 2327.33056640625), (3, 2514.5875355113635)]","[(0, 31345.802734375), (1, 37122.24609375)]","[(1, 2019.9002511160713), (4, 2034.5872395833333), (0, 2199.6510416666665), (3, 2268.3849609375), (5, 2318.2661576704545), (2, 2414.791766826923)]","[(0, 22927.896484375), (1, 24654.029296875)]"
357,"[(0, 27951.546875), (1, 28688.447265625)]","[(0, 22656.328125), (1, 22593.6015625)]","[(0, 22769.177734375), (1, 23069.408203125)]","[(0, 21402.763671875), (1, 22721.4765625)]","[(0, 31063.8046875), (1, 28821.091796875)]","[(0, 29549.58984375), (1, 28730.146484375)]","[(0, 27056.1953125), (1, 26475.3515625)]","[(0, 32844.13671875), (1, 26325.421875)]","[(4, 1892.6482979910713), (1, 1984.1727120535713), (5, 2042.083233173077), (3, 2080.3329326923076), (2, 2156.528094951923), (0, 2167.0342548076924)]","[(0, 21446.958984375), (1, 24545.80859375)]","[(4, 1807.2353515625), (5, 1952.3619791666667), (3, 1999.4502704326924), (1, 2005.5557391826924), (2, 2209.8401988636365), (0, 2231.134765625)]","[(0, 27405.166015625), (1, 26852.3515625)]","[(1, 2458.2212357954545), (2, 2625.3591796875), (0, 2771.5994140625), (4, 2800.7290482954545), (5, 2969.119921875), (3, 3165.2146484375)]","[(0, 26063.919921875), (1, 27808.634765625)]"
358,"[(0, 24078.51171875), (1, 24902.90625)]","[(0, 20587.666015625), (1, 20119.69140625)]","[(0, 21487.658203125), (1, 21238.73828125)]","[(0, 33243.71484375), (1, 31585.4453125)]","[(0, 25906.509765625), (1, 25046.59765625)]","[(0, 35044.21875), (1, 34862.55078125)]","[(0, 30413.54296875), (1, 31206.359375)]","[(0, 33934.1640625), (1, 29050.185546875)]","[(1, 1789.420166015625), (4, 1877.90185546875), (2, 1909.8715122767858), (5, 1999.2979910714287), (0, 2030.1453683035713), (3, 2109.0270647321427)]","[(0, 24276.552734375), (1, 23126.923828125)]","[(4, 2573.03125), (5, 2647.7398792613635), (3, 2929.302556818182), (1, 3041.3050426136365), (2, 3061.602734375), (0, 3495.753515625)]","[(0, 35373.68359375), (1, 32296.041015625)]","[(1, 1786.80859375), (2, 1880.5343191964287), (0, 1980.9619891826924), (4, 2016.1509915865386), (5, 2133.7810872395835), (3, 2250.530362215909)]","[(0, 31171.142578125), (1, 27912.62890625)]"
359,"[(0, 29562.921875), (1, 30757.64453125)]","[(0, 24871.267578125), (1, 25752.97265625)]","[(0, 25743.37109375), (1, 28227.94921875)]","[(0, 24497.02734375), (1, 25002.3515625)]","[(0, 31355.908203125), (1, 32134.990234375)]","[(0, 29541.841796875), (1, 29504.84375)]","[(0, 24883.888671875), (1, 26120.033203125)]","[(0, 26779.72265625), (1, 29945.166015625)]","[(2, 1933.221400669643), (1, 2017.6375), (0, 2220.3607271634614), (4, 2363.2061941964284), (5, 2421.0084134615386), (3, 2561.6461588541665)]","[(0, 23913.126953125), (1, 28687.791015625)]","[(1, 1981.2550223214287), (4, 1996.005859375), (3, 2010.6134314903845), (5, 2120.926983173077), (0, 2130.4325420673076), (2, 2305.9381009615386)]","[(0, 35258.328125), (1, 31398.939453125)]","[(1, 2338.7667643229165), (4, 2464.4041341145835), (2, 2542.875177556818), (0, 2642.888494318182), (5, 2736.880859375), (3, 2846.674005681818)]","[(0, 31754.703125), (1, 27803.173828125)]"
360,"[(0, 26361.22265625), (1, 28343.185546875)]","[(0, 30092.7734375), (1, 29721.8515625)]","[(0, 18310.734375), (1, 19034.015625)]","[(0, 25907.30078125), (1, 26496.82421875)]","[(0, 25526.669921875), (1, 25756.41015625)]","[(0, 29008.51953125), (1, 29306.103515625)]","[(0, 23178.3046875), (1, 21447.203125)]","[(0, 26249.88671875), (1, 29596.294921875)]","[(3, 2083.629464285714), (4, 2127.636328125), (0, 2203.352764423077), (1, 2241.6715959821427), (5, 2498.9529747596152), (2, 2700.54638671875)]","[(0, 24724.267578125), (1, 30637.205078125)]","[(4, 1410.9701822916666), (1, 1455.7330228365386), (2, 1589.7297585227273), (0, 1602.6398111979167), (3, 1618.957310267857), (5, 1619.0497295673076)]","[(0, 33334.671875), (1, 30624.14453125)]","[(1, 1813.5927734375), (0, 1971.12890625), (2, 1974.1647135416667), (4, 2237.6708984375), (3, 2419.8330078125), (5, 2514.6693209134614)]","[(0, 30058.240234375), (1, 30569.638671875)]"
361,"[(0, 32525.138671875), (1, 35379.72265625)]","[(0, 29135.888671875), (1, 28163.224609375)]","[(0, 21552.080078125), (1, 22008.513671875)]","[(0, 28750.703125), (1, 28945.76171875)]","[(0, 23867.333984375), (1, 23660.126953125)]","[(0, 24683.720703125), (1, 24299.2734375)]","[(0, 32575.2109375), (1, 32385.484375)]","[(0, 29494.9140625), (1, 29762.611328125)]","[(4, 1866.6594460227273), (3, 1997.64140625), (5, 2137.280078125), (1, 2654.9538352272725), (0, 2878.95), (2, 3087.225390625)]","[(0, 34195.6796875), (1, 31679.595703125)]","[(5, 1824.19384765625), (4, 1847.6274038461538), (2, 1890.6560872395833), (3, 1898.4088541666667), (1, 1899.7692307692307), (0, 1974.2268880208333)]","[(0, 22729.865234375), (1, 23760.275390625)]","[(1, 2100.902901785714), (0, 2279.1923828125), (2, 2285.5658052884614), (4, 2386.84716796875), (5, 2461.489346590909), (3, 2735.72734375)]","[(0, 34252.046875), (1, 28695.04296875)]"
362,"[(0, 26814.296875), (1, 27618.447265625)]","[(0, 29155.375), (1, 29084.61328125)]","[(0, 25848.515625), (1, 26356.94921875)]","[(0, 29951.478515625), (1, 29633.546875)]","[(0, 27539.541015625), (1, 26096.37890625)]","[(0, 28710.0703125), (1, 28191.6015625)]","[(0, 26253.16796875), (1, 26186.029296875)]","[(0, 29572.341796875), (1, 27304.388671875)]","[(1, 1947.028076171875), (0, 2027.5972377232142), (2, 2043.4446614583333), (4, 2420.05), (5, 2630.5276227678573), (3, 2642.599158653846)]","[(0, 24323.7109375), (1, 25295.79296875)]","[(0, 1991.2864583333333), (1, 2002.2705829326924), (2, 2030.5262044270833), (4, 2091.083984375), (3, 2126.50048828125), (5, 2157.9783528645835)]","[(0, 34337.1796875), (1, 31142.08203125)]","[(2, 2586.3533203125), (5, 2657.365234375), (1, 2711.1342329545455), (4, 2752.8883167613635), (0, 2916.524609375), (3, 3016.7998046875)]","[(0, 26530.478515625), (1, 23302.443359375)]"
363,"[(0, 29842.27734375), (1, 31115.662109375)]","[(0, 30501.81640625), (1, 29362.921875)]","[(0, 23743.333984375), (1, 25246.556640625)]","[(0, 25470.060546875), (1, 25000.32421875)]","[(0, 33651.72265625), (1, 33577.51171875)]","[(0, 31497.791015625), (1, 32341.904296875)]","[(0, 29784.388671875), (1, 33955.9140625)]","[(0, 25422.8125), (1, 24579.5859375)]","[(1, 2172.548828125), (2, 2255.3561197916665), (0, 2276.6246744791665), (4, 2371.052433894231), (3, 2474.36328125), (5, 2499.841796875)]","[(0, 28098.087890625), (1, 21448.021484375)]","[(4, 1945.2197265625), (5, 2132.7853732638887), (1, 2261.16875), (3, 2310.912109375), (2, 2515.5625), (0, 2735.9192708333335)]","[(0, 36894.14453125), (1, 36663.48828125)]","[(4, 1632.2591552734375), (3, 1750.740234375), (5, 1933.296875), (1, 2117.796456473214), (0, 2419.911808894231), (2, 2443.14453125)]","[(0, 31873.724609375), (1, 27398.083984375)]"
364,"[(0, 29592.708984375), (1, 30772.166015625)]","[(0, 25550.271484375), (1, 24043.013671875)]","[(0, 28628.94921875), (1, 27854.3671875)]","[(0, 26572.564453125), (1, 25296.009765625)]","[(0, 26134.259765625), (1, 24993.76953125)]","[(0, 26079.734375), (1, 27673.603515625)]","[(0, 24241.015625), (1, 27483.369140625)]","[(0, 33889.79296875), (1, 42623.375)]","[(1, 1730.6604567307693), (0, 1807.35888671875), (2, 1811.6798502604167), (4, 2377.256310096154), (3, 2551.6251627604165), (5, 2606.7923177083335)]","[(0, 21160.154296875), (1, 24781.865234375)]","[(0, 2067.827947443182), (1, 2082.4051106770835), (2, 2170.817294034091), (3, 2501.866796875), (4, 2505.907137784091), (5, 2699.4931640625)]","[(0, 28860.3671875), (1, 26046.279296875)]","[(4, 2433.0354352678573), (3, 2540.2650240384614), (5, 2758.6516927083335), (1, 3198.1878255208335), (0, 3498.815340909091), (2, 3708.944140625)]","[(0, 28950.978515625), (1, 30443.607421875)]"
365,"[(0, 27285.986328125), (1, 28152.431640625)]","[(0, 23269.421875), (1, 21628.798828125)]","[(0, 27242.978515625), (1, 26301.83203125)]","[(0, 23605.6328125), (1, 20976.310546875)]","[(0, 24570.375), (1, 24400.84765625)]","[(0, 25882.654296875), (1, 24949.33203125)]","[(0, 26985.94921875), (1, 26374.42578125)]","[(0, 25582.671875), (1, 30447.7578125)]","[(4, 1588.3316650390625), (3, 1628.19453125), (5, 1711.6157924107142), (1, 1895.7856770833334), (0, 1904.0665457589287), (2, 2002.3907752403845)]","[(0, 27000.029296875), (1, 24132.375)]","[(4, 1986.3854758522727), (3, 2054.7533203125), (5, 2298.22109375), (1, 2527.0092329545455), (0, 2682.0974609375), (2, 2993.2375)]","[(0, 33036.484375), (1, 35322.4765625)]","[(4, 2158.153231534091), (5, 2272.7177734375), (1, 2282.411931818182), (3, 2330.217578125), (2, 2491.409375), (0, 2519.4458984375)]","[(0, 28286.5625), (1, 31301.6796875)]"
366,"[(0, 28646.455078125), (1, 29046.916015625)]","[(0, 23351.03125), (1, 22025.5)]","[(0, 23977.091796875), (1, 25167.755859375)]","[(0, 30271.490234375), (1, 30370.298828125)]","[(0, 33395.35546875), (1, 33249.265625)]","[(0, 27846.318359375), (1, 26721.8359375)]","[(0, 24144.392578125), (1, 24066.986328125)]","[(0, 30559.58203125), (1, 35428.78125)]","[(4, 2184.1891741071427), (5, 2415.1944986979165), (3, 2443.000300480769), (1, 2478.118389423077), (2, 2645.1276633522725), (0, 2761.3968098958335)]","[(0, 20754.48046875), (1, 21630.759765625)]","[(1, 1819.9801432291667), (0, 1854.7242542613637), (2, 1964.067294034091), (4, 2074.8346354166665), (3, 2158.6246448863635), (5, 2241.365234375)]","[(0, 23409.15625), (1, 26931.212890625)]","[(4, 2461.3860085227275), (3, 2553.29765625), (5, 2638.5919921875), (1, 2709.133700284091), (0, 2870.99609375), (2, 2990.22734375)]","[(0, 27272.2734375), (1, 23961.181640625)]"
367,"[(0, 26334.890625), (1, 27280.078125)]","[(0, 26314.830078125), (1, 25855.048828125)]","[(0, 28590.150390625), (1, 29869.412109375)]","[(0, 26774.71484375), (1, 26430.623046875)]","[(0, 26456.3984375), (1, 24895.1171875)]","[(0, 23082.701171875), (1, 24810.8828125)]","[(0, 30817.59765625), (1, 32018.166015625)]","[(0, 23334.95703125), (1, 22792.466796875)]","[(4, 2148.3034319196427), (1, 2287.4874441964284), (3, 2299.8700420673076), (5, 2407.2774939903848), (0, 2473.7877103365386), (2, 2546.032451923077)]","[(0, 32368.287109375), (1, 21884.419921875)]","[(4, 2063.58837890625), (3, 2247.294034090909), (5, 2283.5392578125), (1, 2326.5229048295455), (0, 2704.46640625), (2, 2822.0075954861113)]","[(0, 34594.1484375), (1, 29819.0625)]","[(4, 2492.86640625), (3, 2514.8113839285716), (5, 2598.049278846154), (1, 2795.5790264423076), (0, 3077.4778645833335), (2, 3114.885653409091)]","[(0, 28241.005859375), (1, 25338.552734375)]"
368,"[(0, 22239.84375), (1, 22311.541015625)]","[(0, 22912.376953125), (1, 23854.634765625)]","[(0, 32192.93359375), (1, 32067.978515625)]","[(0, 22826.40234375), (1, 20680.349609375)]","[(0, 30043.423828125), (1, 29845.4375)]","[(0, 24317.47265625), (1, 24657.462890625)]","[(0, 20663.986328125), (1, 23108.33984375)]","[(0, 24990.93359375), (1, 20790.7734375)]","[(1, 2043.255859375), (0, 2125.533380681818), (2, 2199.0847981770835), (4, 2599.9869791666665), (3, 2747.301953125), (5, 2881.8893821022725)]","[(0, 26632.638671875), (1, 29385.248046875)]","[(1, 1882.194056919643), (4, 1884.6145833333333), (3, 2020.6876953125), (5, 2063.732244318182), (2, 2172.8700420673076), (0, 2197.4998372395835)]","[(0, 40062.5390625), (1, 38395.8984375)]","[(3, 1962.03125), (4, 2036.0505514705883), (0, 2142.270089285714), (1, 2247.27265625), (5, 2293.31015625), (2, 2669.835637019231)]","[(0, 28456.53515625), (1, 25133.697265625)]"
369,"[(0, 31231.400390625), (1, 32798.6875)]","[(0, 23567.279296875), (1, 24308.01171875)]","[(0, 24557.3046875), (1, 23706.294921875)]","[(0, 24045.60546875), (1, 23769.6796875)]","[(0, 29407.705078125), (1, 28959.2890625)]","[(0, 26677.96484375), (1, 25506.30078125)]","[(0, 28414.826171875), (1, 27659.591796875)]","[(0, 24091.7421875), (1, 29493.984375)]","[(1, 1750.7502297794117), (4, 1798.4438189338234), (2, 1884.6057291666666), (0, 1940.7041666666667), (5, 1942.1204427083333), (3, 1957.9220052083333)]","[(0, 27082.68359375), (1, 31495.62890625)]","[(4, 1916.33154296875), (5, 1999.5646306818182), (1, 2126.92431640625), (3, 2165.0593039772725), (2, 2338.111150568182), (0, 2445.459161931818)]","[(0, 27972.66796875), (1, 34855.13671875)]","[(1, 2215.6064453125), (2, 2364.1032366071427), (0, 2533.442801339286), (4, 2592.6505208333333), (5, 2821.0618990384614), (3, 3066.8602764423076)]","[(0, 27678.93359375), (1, 24477.037109375)]"
370,"[(0, 30652.166015625), (1, 31777.513671875)]","[(0, 21501.04296875), (1, 21337.423828125)]","[(0, 26894.203125), (1, 26501.904296875)]","[(0, 26376.259765625), (1, 26352.599609375)]","[(0, 25655.162109375), (1, 25842.623046875)]","[(0, 26808.90234375), (1, 26899.33203125)]","[(0, 26214.9140625), (1, 26368.0859375)]","[(0, 27993.75), (1, 30216.77734375)]","[(4, 2149.6374162946427), (5, 2226.492938701923), (3, 2275.4962439903848), (1, 2432.272042410714), (2, 2532.524639423077), (0, 2628.0423677884614)]","[(0, 21960.66796875), (1, 22303.98828125)]","[(2, 2455.0185546875), (0, 2472.700390625), (1, 2494.2933238636365), (4, 3088.41796875), (5, 3264.2708333333335), (3, 3275.9720052083335)]","[(0, 29792.400390625), (1, 27430.919921875)]","[(2, 2498.1472981770835), (0, 2561.9931640625), (1, 2711.4990985576924), (5, 2839.6839488636365), (3, 2912.0667613636365), (4, 2932.220703125)]","[(0, 31294.96484375), (1, 31975.537109375)]"
371,"[(0, 30883.5625), (1, 32276.951171875)]","[(0, 26286.4375), (1, 25815.037109375)]","[(0, 28592.66015625), (1, 28075.427734375)]","[(0, 24218.046875), (1, 22816.390625)]","[(0, 30352.462890625), (1, 30164.48828125)]","[(0, 26153.43359375), (1, 26642.646484375)]","[(0, 24096.224609375), (1, 27865.15234375)]","[(0, 28112.21484375), (1, 28926.884765625)]","[(1, 1939.7866908482142), (0, 2124.6355794270835), (2, 2170.482121394231), (4, 2468.16259765625), (3, 2625.5521484375), (5, 2679.5765269886365)]","[(0, 30486.111328125), (1, 26855.34765625)]","[(1, 2841.065340909091), (4, 3051.607244318182), (0, 3092.0193359375), (2, 3146.7017578125), (3, 3254.626953125), (5, 3391.07734375)]","[(0, 26477.396484375), (1, 25691.326171875)]","[(1, 2023.7294921875), (2, 2240.371844951923), (0, 2373.1629231770835), (4, 2693.8816731770835), (3, 2798.0029296875), (5, 2804.8879616477275)]","[(0, 26743.427734375), (1, 24464.341796875)]"
372,"[(0, 33191.1640625), (1, 34167.2890625)]","[(0, 23248.28125), (1, 23247.595703125)]","[(0, 24166.458984375), (1, 25345.826171875)]","[(0, 21285.94140625), (1, 21737.423828125)]","[(0, 26838.142578125), (1, 25362.970703125)]","[(0, 25052.80859375), (1, 26340.439453125)]","[(0, 21558.37109375), (1, 24847.607421875)]","[(0, 27212.494140625), (1, 33003.265625)]","[(1, 2481.646935096154), (0, 2570.115234375), (2, 2640.2080078125), (4, 2773.096153846154), (3, 2890.3997395833335), (5, 2978.609375)]","[(0, 19600.537109375), (1, 22221.65234375)]","[(4, 1296.739501953125), (1, 1357.3572998046875), (5, 1365.7738560267858), (2, 1368.3657924107142), (3, 1399.9542410714287), (0, 1423.348911830357)]","[(0, 31093.35546875), (1, 30191.7734375)]","[(1, 1911.1319010416667), (2, 1914.4267578125), (4, 1984.679966517857), (0, 2032.6325120192307), (5, 2115.636268028846), (3, 2169.0001627604165)]","[(0, 26470.908203125), (1, 24247.07421875)]"
373,"[(0, 29510.474609375), (1, 30661.142578125)]","[(0, 26404.69921875), (1, 26107.830078125)]","[(0, 22258.8125), (1, 23525.37890625)]","[(0, 32756.36328125), (1, 32107.970703125)]","[(0, 23374.068359375), (1, 23305.3125)]","[(0, 27927.140625), (1, 26484.8984375)]","[(0, 29017.4296875), (1, 27790.712890625)]","[(0, 23780.49609375), (1, 23487.939453125)]","[(1, 2126.9147600446427), (4, 2274.7521033653848), (0, 2275.99951171875), (2, 2376.7372295673076), (3, 2442.885830965909), (5, 2456.8009440104165)]","[(0, 23574.787109375), (1, 25616.55859375)]","[(1, 2287.799246651786), (2, 2362.2052283653848), (0, 2610.6559244791665), (5, 3197.4808238636365), (4, 3213.4104817708335), (3, 3507.23046875)]","[(0, 29150.341796875), (1, 32278.306640625)]","[(4, 1772.73876953125), (3, 1811.441796875), (5, 2121.3864397321427), (1, 2372.529854910714), (0, 2429.624248798077), (2, 2766.6848958333335)]","[(0, 33151.83984375), (1, 28930.25)]"
374,"[(0, 26313.0234375), (1, 28294.76171875)]","[(0, 24227.958984375), (1, 24347.82421875)]","[(0, 25461.99609375), (1, 28148.162109375)]","[(0, 24032.67578125), (1, 23708.87109375)]","[(0, 25624.990234375), (1, 26396.44140625)]","[(0, 29248.0546875), (1, 28138.419921875)]","[(0, 26457.609375), (1, 27229.056640625)]","[(0, 25881.125), (1, 26118.736328125)]","[(2, 2072.4520089285716), (1, 2101.637760416667), (0, 2284.251953125), (4, 2468.9425223214284), (5, 2584.694110576923), (3, 2590.2804361979165)]","[(0, 20145.689453125), (1, 20007.033203125)]","[(0, 1964.694921875), (3, 1987.9839409722222), (4, 2017.1796875), (1, 2068.5102982954545), (2, 2403.6984375), (5, 2467.9989149305557)]","[(0, 31939.208984375), (1, 32646.802734375)]","[(2, 2345.5281575520835), (1, 2404.267277644231), (0, 2495.735262784091), (4, 2598.5244140625), (5, 2606.046875), (3, 2756.960546875)]","[(0, 33881.09765625), (1, 30038.435546875)]"
375,"[(0, 30249.876953125), (1, 29788.765625)]","[(0, 23763.0625), (1, 24047.279296875)]","[(0, 29733.021484375), (1, 30577.220703125)]","[(0, 26166.20703125), (1, 24340.8828125)]","[(0, 21361.958984375), (1, 23695.76171875)]","[(0, 25162.572265625), (1, 25302.814453125)]","[(0, 25864.666015625), (1, 29496.796875)]","[(0, 26148.64453125), (1, 23227.916015625)]","[(4, 2981.33203125), (3, 3053.921875), (5, 3120.859375), (1, 3189.5983072916665), (0, 3320.0912642045455), (2, 3342.4953835227275)]","[(0, 24686.359375), (1, 27439.4765625)]","[(4, 2607.1154296875), (3, 2733.947265625), (1, 2764.2056640625), (5, 2766.802300347222), (0, 2878.19921875), (2, 2920.046875)]","[(0, 35386.37109375), (1, 32523.123046875)]","[(1, 3050.568810096154), (0, 3053.5052083333335), (2, 3315.3990885416665), (3, 3915.5923295454545), (4, 3924.0104166666665), (5, 4333.363636363636)]","[(0, 27737.861328125), (1, 23736.767578125)]"
376,"[(0, 24858.322265625), (1, 26205.640625)]","[(0, 24564.00390625), (1, 22859.927734375)]","[(0, 28749.935546875), (1, 29017.59375)]","[(0, 23047.52734375), (1, 25250.2890625)]","[(0, 22725.46484375), (1, 24781.724609375)]","[(0, 31523.96484375), (1, 33095.07421875)]","[(0, 23011.3984375), (1, 24548.1015625)]","[(0, 24143.677734375), (1, 26799.265625)]","[(4, 1371.6153564453125), (1, 1478.0552083333334), (3, 1509.7204427083334), (5, 1562.314453125), (0, 1591.662806919643), (2, 1711.408203125)]","[(0, 26311.1171875), (1, 23037.640625)]","[(4, 2235.15576171875), (5, 2314.8794389204545), (3, 2317.364346590909), (1, 2352.6184895833335), (0, 2485.3130326704545), (2, 2548.624112215909)]","[(0, 24677.671875), (1, 26206.037109375)]","[(4, 1839.1229248046875), (3, 2014.2365885416666), (5, 2139.8994140625), (1, 2495.3172433035716), (2, 2746.6389973958335), (0, 2767.9149639423076)]","[(0, 29378.185546875), (1, 27044.35546875)]"
377,"[(0, 26927.796875), (1, 27717.818359375)]","[(0, 25965.0546875), (1, 25468.28515625)]","[(0, 29201.70703125), (1, 29760.7109375)]","[(0, 23478.421875), (1, 24155.701171875)]","[(0, 30978.78125), (1, 29230.34765625)]","[(0, 27363.927734375), (1, 26524.9375)]","[(0, 28639.271484375), (1, 27780.642578125)]","[(0, 28343.998046875), (1, 32319.521484375)]","[(4, 2551.8442826704545), (1, 2598.633700284091), (3, 2851.844921875), (2, 2866.101953125), (5, 2883.59921875), (0, 2890.738671875)]","[(0, 26922.328125), (1, 32450.287109375)]","[(4, 1713.110072544643), (1, 1719.9854910714287), (3, 1929.97119140625), (0, 1938.3640950520833), (5, 2070.2371419270835), (2, 2085.4197591145835)]","[(0, 36062.6640625), (1, 30638.8984375)]","[(4, 1881.078125), (1, 1884.6883680555557), (0, 1939.735107421875), (3, 1962.0638786764705), (2, 1983.883544921875), (5, 2004.765625)]","[(0, 24794.748046875), (1, 26403.591796875)]"
378,"[(0, 26312.345703125), (1, 27047.681640625)]","[(0, 24107.900390625), (1, 24419.587890625)]","[(0, 27484.33984375), (1, 27760.859375)]","[(0, 29668.185546875), (1, 26844.4140625)]","[(0, 25350.951171875), (1, 24803.5234375)]","[(0, 26980.208984375), (1, 26496.595703125)]","[(0, 26608.546875), (1, 26437.279296875)]","[(0, 27387.89453125), (1, 30721.703125)]","[(4, 2166.4059244791665), (3, 2275.439630681818), (1, 2355.15966796875), (5, 2418.086825284091), (0, 2538.220703125), (2, 2650.104580965909)]","[(0, 26936.06640625), (1, 22640.927734375)]","[(0, 2410.2405598958335), (1, 2425.2904146634614), (3, 2542.4337565104165), (2, 2545.6193033854165), (4, 2608.856670673077), (5, 2635.9436848958335)]","[(0, 33848.671875), (1, 32260.734375)]","[(1, 1752.2468979779412), (4, 1798.770751953125), (0, 1841.6670572916667), (2, 1876.4690104166666), (5, 1922.2276785714287), (3, 1932.0160435267858)]","[(0, 32014.53125), (1, 33172.96484375)]"
379,"[(0, 28096.587890625), (1, 28505.15234375)]","[(0, 22763.185546875), (1, 23109.2421875)]","[(0, 29726.103515625), (1, 29896.6015625)]","[(0, 25880.533203125), (1, 26233.96875)]","[(0, 24247.951171875), (1, 23544.455078125)]","[(0, 29823.615234375), (1, 29382.69921875)]","[(0, 23300.04296875), (1, 24760.392578125)]","[(0, 32671.970703125), (1, 32701.833984375)]","[(1, 1818.42822265625), (0, 1957.2635323660713), (2, 1996.51953125), (4, 2511.9757254464284), (5, 2771.433293269231), (3, 2871.5325520833335)]","[(0, 23132.615234375), (1, 24027.291015625)]","[(0, 2121.5335286458335), (1, 2152.086237980769), (2, 2205.4736328125), (4, 2688.8175455729165), (3, 2784.180575284091), (5, 2864.4515269886365)]","[(0, 24365.595703125), (1, 24491.74609375)]","[(4, 2333.891666666667), (3, 2513.5859375), (1, 2521.4176897321427), (5, 2539.8822115384614), (0, 2542.157752403846), (2, 2734.681640625)]","[(0, 28104.51953125), (1, 24978.091796875)]"
380,"[(0, 27244.876953125), (1, 27858.033203125)]","[(0, 22007.77734375), (1, 22117.0625)]","[(0, 29314.96484375), (1, 29294.171875)]","[(0, 26540.8046875), (1, 28435.861328125)]","[(0, 22111.345703125), (1, 21610.984375)]","[(0, 26916.423828125), (1, 26762.18359375)]","[(0, 18640.390625), (1, 20222.724609375)]","[(0, 30240.53125), (1, 27863.16015625)]","[(4, 2434.0189302884614), (1, 2463.3046875), (5, 2467.1624348958335), (3, 2469.7117513020835), (2, 2494.7141927083335), (0, 2533.2657877604165)]","[(0, 36924.62890625), (1, 27153.802734375)]","[(2, 1990.4833984375), (1, 1997.2034254807693), (4, 2068.3350360576924), (5, 2085.0361328125), (0, 2253.002130681818), (3, 2253.174005681818)]","[(0, 32121.44921875), (1, 40424.60546875)]","[(1, 2990.7607421875), (4, 3128.0403645833335), (2, 3162.7887073863635), (0, 3261.008877840909), (5, 3370.458806818182), (3, 3398.4850852272725)]","[(0, 32749.990234375), (1, 32952.9765625)]"
381,"[(0, 28414.90625), (1, 29420.466796875)]","[(0, 23842.740234375), (1, 23103.314453125)]","[(0, 25561.650390625), (1, 23988.23046875)]","[(0, 29257.568359375), (1, 30436.087890625)]","[(0, 23235.205078125), (1, 22640.2578125)]","[(0, 29927.236328125), (1, 29775.869140625)]","[(0, 31620.857421875), (1, 30548.5390625)]","[(0, 29988.033203125), (1, 30919.986328125)]","[(1, 1875.9097900390625), (2, 2005.5287760416666), (0, 2208.787527901786), (4, 2288.4489583333334), (5, 2347.2385602678573), (3, 2691.8146033653848)]","[(0, 38616.41796875), (1, 28711.384765625)]","[(1, 1311.034423828125), (4, 1375.118896484375), (0, 1421.508091517857), (2, 1436.9111328125), (3, 1526.1847098214287), (5, 1572.3080357142858)]","[(0, 17676.447265625), (1, 19486.3046875)]","[(4, 1803.5641276041667), (3, 2048.9495738636365), (1, 2185.42822265625), (5, 2192.517755681818), (0, 2557.1038707386365), (2, 2658.2043678977275)]","[(0, 24724.951171875), (1, 23377.923828125)]"
382,"[(0, 27250.8515625), (1, 29315.720703125)]","[(0, 23819.173828125), (1, 23321.71875)]","[(0, 32021.21875), (1, 31124.298828125)]","[(0, 28810.509765625), (1, 27600.91015625)]","[(0, 29521.591796875), (1, 30110.513671875)]","[(0, 30328.736328125), (1, 29185.36328125)]","[(0, 27593.619140625), (1, 28554.318359375)]","[(0, 30775.12890625), (1, 29582.974609375)]","[(1, 1883.5336216517858), (2, 2104.076622596154), (0, 2109.396484375), (4, 2684.2902018229165), (5, 2932.1283735795455), (3, 3148.8779296875)]","[(0, 24028.50390625), (1, 21593.66015625)]","[(4, 1630.1793212890625), (1, 1638.1976318359375), (5, 1725.3890904017858), (2, 1783.8380301339287), (3, 1802.4347098214287), (0, 1867.722935267857)]","[(0, 32487.1953125), (1, 30108.533203125)]","[(1, 1762.1358072916667), (4, 1920.0546875), (0, 1922.9112079326924), (2, 2090.3740985576924), (3, 2200.2511393229165), (5, 2263.0369466145835)]","[(0, 29622.07421875), (1, 26498.642578125)]"
383,"[(0, 29040.185546875), (1, 31268.265625)]","[(0, 22057.009765625), (1, 20818.548828125)]","[(0, 30111.576171875), (1, 28604.49609375)]","[(0, 22085.783203125), (1, 22282.791015625)]","[(0, 26457.0546875), (1, 25960.400390625)]","[(0, 29477.029296875), (1, 29584.94921875)]","[(0, 24872.40625), (1, 24571.830078125)]","[(0, 26692.8515625), (1, 37525.31640625)]","[(1, 2320.2435396634614), (4, 2324.6954627403848), (0, 2408.5973307291665), (2, 2410.82421875), (3, 2414.0774739583335), (5, 2433.408203125)]","[(0, 18202.71875), (1, 20324.19140625)]","[(1, 1762.4185267857142), (4, 1873.8765345982142), (2, 1890.6886393229167), (0, 1930.96923828125), (5, 2015.7449544270833), (3, 2021.9137369791667)]","[(0, 24169.087890625), (1, 26509.080078125)]","[(1, 2182.881417410714), (2, 2266.851862980769), (0, 2569.171875), (5, 2656.9876302083335), (4, 2696.2157451923076), (3, 2966.7819602272725)]","[(0, 27277.5546875), (1, 24216.70703125)]"
384,"[(0, 23977.388671875), (1, 24941.98046875)]","[(0, 22783.513671875), (1, 21680.1796875)]","[(0, 25405.26171875), (1, 25434.234375)]","[(0, 25476.181640625), (1, 24020.095703125)]","[(0, 27408.509765625), (1, 29708.078125)]","[(0, 27779.0546875), (1, 28746.646484375)]","[(0, 18620.099609375), (1, 20619.732421875)]","[(0, 38106.8046875), (1, 31460.115234375)]","[(4, 2108.0517578125), (1, 2228.026925223214), (3, 2251.4646935096152), (5, 2255.7049278846152), (0, 2395.9583834134614), (2, 2420.9298377403848)]","[(0, 28353.0), (1, 23956.24609375)]","[(4, 1883.3497721354167), (3, 1970.2357954545455), (5, 2165.028409090909), (1, 2477.775390625), (0, 2698.841974431818), (2, 2928.501065340909)]","[(0, 29916.220703125), (1, 27872.462890625)]","[(4, 2196.002253605769), (5, 2250.39306640625), (3, 2377.3694661458335), (2, 2627.0949928977275), (1, 2785.6839192708335), (0, 2939.3039772727275)]","[(0, 30046.2578125), (1, 26683.43359375)]"
385,"[(0, 24675.529296875), (1, 25860.623046875)]","[(0, 29285.6796875), (1, 27632.357421875)]","[(0, 21003.353515625), (1, 23344.818359375)]","[(0, 28053.02734375), (1, 26727.291015625)]","[(0, 26773.08203125), (1, 28589.658203125)]","[(0, 25854.162109375), (1, 24889.5390625)]","[(0, 30608.875), (1, 31220.947265625)]","[(0, 23043.96875), (1, 22848.072265625)]","[(4, 2749.4905894886365), (3, 2864.7875), (5, 3033.365234375), (1, 3037.5656960227275), (0, 3268.10703125), (2, 3494.7265625)]","[(0, 30223.05859375), (1, 26003.861328125)]","[(1, 1714.3467447916667), (2, 1873.061802455357), (0, 2042.6751802884614), (4, 2325.5225360576924), (5, 2574.5065104166665), (3, 2898.053622159091)]","[(0, 33052.8125), (1, 31009.96484375)]","[(4, 1667.7926025390625), (3, 1713.880859375), (5, 1842.8482142857142), (1, 2273.6852678571427), (0, 2412.411658653846), (2, 2496.3800455729165)]","[(0, 28543.455078125), (1, 29743.8828125)]"
386,"[(0, 24540.30859375), (1, 26073.4921875)]","[(0, 19548.638671875), (1, 17549.34375)]","[(0, 29448.48046875), (1, 29039.05078125)]","[(0, 29468.427734375), (1, 26082.76953125)]","[(0, 33406.05859375), (1, 32246.552734375)]","[(0, 32013.798828125), (1, 31338.150390625)]","[(0, 27477.83984375), (1, 28348.458984375)]","[(0, 27304.0), (1, 29981.083984375)]","[(4, 1827.9404296875), (3, 1876.8396935096155), (1, 2018.6325520833334), (0, 2053.560965401786), (5, 2136.137169471154), (2, 2268.2297712053573)]","[(0, 29693.236328125), (1, 23439.830078125)]","[(1, 2061.9322415865386), (2, 2181.44482421875), (0, 2203.991299715909), (4, 2305.1484375), (5, 2441.171697443182), (3, 2643.5185546875)]","[(0, 29052.541015625), (1, 33367.2734375)]","[(4, 2583.050260416667), (3, 2632.432391826923), (1, 2726.702083333333), (5, 2893.100060096154), (0, 2897.9657451923076), (2, 3111.6349158653848)]","[(0, 27428.775390625), (1, 28817.32421875)]"
387,"[(0, 25953.595703125), (1, 26973.109375)]","[(0, 26266.96484375), (1, 24882.98828125)]","[(0, 24002.46484375), (1, 25332.416015625)]","[(0, 22680.32421875), (1, 21249.029296875)]","[(0, 24935.369140625), (1, 21802.98828125)]","[(0, 30705.064453125), (1, 31614.49609375)]","[(0, 20295.66015625), (1, 21091.552734375)]","[(0, 23866.87890625), (1, 24166.275390625)]","[(1, 1727.4140625), (4, 1830.4366629464287), (2, 1982.619140625), (0, 2043.81103515625), (5, 2089.1044921875), (3, 2179.1015625)]","[(0, 23017.37109375), (1, 26102.478515625)]","[(4, 3001.8447265625), (1, 3052.494921875), (0, 3239.232855902778), (3, 3263.8849826388887), (5, 3523.1827256944443), (2, 3645.105034722222)]","[(0, 26250.412109375), (1, 27300.06640625)]","[(1, 2193.8526785714284), (2, 2211.750751201923), (0, 2298.782451923077), (4, 2332.2859933035716), (5, 2532.633112980769), (3, 2590.392127403846)]","[(0, 27810.703125), (1, 24612.615234375)]"
388,"[(0, 24511.2578125), (1, 25943.892578125)]","[(0, 25071.28515625), (1, 22847.59375)]","[(0, 25142.90234375), (1, 28209.513671875)]","[(0, 27368.96484375), (1, 26149.34375)]","[(0, 25779.583984375), (1, 25595.654296875)]","[(0, 27699.294921875), (1, 27856.517578125)]","[(0, 22597.525390625), (1, 23665.384765625)]","[(0, 24573.072265625), (1, 26671.7578125)]","[(4, 1773.5020680147059), (1, 1806.1915283203125), (3, 1936.25234375), (5, 1963.799609375), (2, 2050.9305245535716), (0, 2136.3982979910716)]","[(0, 21953.380859375), (1, 20485.763671875)]","[(4, 1710.5714285714287), (3, 1775.0845853365386), (5, 1903.2762044270833), (1, 2246.3575846354165), (0, 2295.5246803977275), (2, 2469.6107421875)]","[(0, 23984.501953125), (1, 22140.71875)]","[(4, 1872.6226806640625), (3, 1978.7619791666666), (5, 2099.8532366071427), (1, 2385.386197916667), (0, 2596.783761160714), (2, 2743.0399639423076)]","[(0, 30963.955078125), (1, 24875.158203125)]"
389,"[(0, 32845.29296875), (1, 33852.7734375)]","[(0, 25350.904296875), (1, 24585.89453125)]","[(0, 21496.4296875), (1, 23211.484375)]","[(0, 30639.86328125), (1, 29294.58984375)]","[(0, 25169.31640625), (1, 26052.8125)]","[(0, 33376.34375), (1, 32158.166015625)]","[(0, 28647.109375), (1, 27620.263671875)]","[(0, 28260.3515625), (1, 27493.802734375)]","[(2, 1714.823486328125), (1, 1847.16015625), (0, 1852.2194010416667), (3, 2047.477260044643), (4, 2086.015625), (5, 2114.07890625)]","[(0, 27232.27734375), (1, 28442.615234375)]","[(4, 2025.6853966346155), (3, 2088.88330078125), (5, 2277.8996803977275), (1, 2464.6743607954545), (0, 2710.1103515625), (2, 2892.9989149305557)]","[(0, 32534.880859375), (1, 27480.90625)]","[(1, 2226.0665457589284), (4, 2349.9859375), (2, 2395.318810096154), (3, 2424.421316964286), (5, 2430.5770089285716), (0, 2488.5078125)]","[(0, 28524.080078125), (1, 29900.876953125)]"
390,"[(0, 29509.318359375), (1, 30341.291015625)]","[(0, 25002.876953125), (1, 24404.19921875)]","[(0, 26567.1640625), (1, 27714.22265625)]","[(0, 27929.884765625), (1, 28347.025390625)]","[(0, 30866.630859375), (1, 31388.25)]","[(0, 29334.34375), (1, 28328.73046875)]","[(0, 27889.134765625), (1, 30578.240234375)]","[(0, 24424.15234375), (1, 26390.7265625)]","[(1, 2170.229910714286), (2, 2314.8197115384614), (4, 2349.5314002403848), (5, 2403.3912760416665), (0, 2418.4627278645835), (3, 2471.674715909091)]","[(0, 25448.134765625), (1, 24057.9921875)]","[(3, 1878.348828125), (4, 1879.23486328125), (5, 1959.985072544643), (1, 2163.2516741071427), (0, 2316.6021634615386), (2, 2318.5270182291665)]","[(0, 31798.82421875), (1, 27864.701171875)]","[(4, 1845.0545572916667), (1, 1926.5274832589287), (5, 1982.3395432692307), (3, 1994.9116908482142), (2, 2157.9514973958335), (0, 2191.4036959134614)]","[(0, 26278.1640625), (1, 22918.234375)]"
391,"[(0, 28324.650390625), (1, 30021.76953125)]","[(0, 22885.037109375), (1, 21116.2265625)]","[(0, 18236.322265625), (1, 19339.84375)]","[(0, 23590.46484375), (1, 22569.87109375)]","[(0, 27136.537109375), (1, 26477.67578125)]","[(0, 33197.11328125), (1, 34876.58203125)]","[(0, 21185.3515625), (1, 21308.466796875)]","[(0, 31953.251953125), (1, 32867.76171875)]","[(4, 1649.508544921875), (5, 1709.6417410714287), (3, 1758.5111979166666), (0, 1811.901646205357), (1, 1949.1415364583333), (2, 2038.4815204326924)]","[(0, 35476.28515625), (1, 27903.20703125)]","[(2, 1876.4068080357142), (1, 1917.9514322916666), (0, 2007.9517728365386), (4, 2297.06640625), (5, 2345.4051106770835), (3, 2360.520419034091)]","[(0, 28817.32421875), (1, 28205.42578125)]","[(1, 2799.5296223958335), (0, 2814.1507457386365), (2, 2852.519708806818), (4, 2982.0628255208335), (3, 3006.5007102272725), (5, 3067.7318892045455)]","[(0, 31561.658203125), (1, 28237.263671875)]"
392,"[(0, 30371.86328125), (1, 31459.302734375)]","[(0, 22924.44140625), (1, 20622.427734375)]","[(0, 26712.6640625), (1, 26992.9765625)]","[(0, 25799.0390625), (1, 26509.28515625)]","[(0, 30991.60546875), (1, 32173.56640625)]","[(0, 31562.53125), (1, 33018.1875)]","[(0, 24132.720703125), (1, 25361.423828125)]","[(0, 28274.74609375), (1, 25531.732421875)]","[(4, 1790.4287109375), (1, 1918.4366629464287), (3, 2039.4010416666667), (5, 2098.38330078125), (0, 2192.2897135416665), (2, 2283.7724609375)]","[(0, 28549.853515625), (1, 30594.3125)]","[(4, 1818.1695033482142), (1, 1931.8829627403845), (5, 1986.65625), (3, 2156.9990234375), (2, 2160.663884943182), (0, 2311.6031605113635)]","[(0, 27497.578125), (1, 25432.849609375)]","[(1, 1789.7400045955883), (2, 1940.309765625), (5, 2071.9680524553573), (0, 2114.750390625), (4, 2122.404541015625), (3, 2340.831473214286)]","[(0, 33151.30078125), (1, 33639.046875)]"
393,"[(0, 30806.4609375), (1, 33140.87109375)]","[(0, 22139.83203125), (1, 20215.91796875)]","[(0, 25030.958984375), (1, 25843.4140625)]","[(0, 28960.865234375), (1, 28216.4296875)]","[(0, 28883.248046875), (1, 29288.78125)]","[(0, 31681.591796875), (1, 31107.32421875)]","[(0, 31651.904296875), (1, 31538.25)]","[(0, 29690.744140625), (1, 25191.767578125)]","[(4, 2433.1390269886365), (1, 2477.2320667613635), (3, 2497.1708984375), (0, 2546.6830078125), (5, 2669.231640625), (2, 2714.0650390625)]","[(0, 28893.853515625), (1, 28555.87109375)]","[(4, 1749.4571707589287), (3, 1996.0210336538462), (5, 2039.5079752604167), (1, 2397.0413411458335), (0, 2651.7301136363635), (2, 2730.31640625)]","[(0, 34997.12890625), (1, 35672.88671875)]","[(1, 1833.791015625), (0, 1929.6630859375), (2, 1980.3336181640625), (4, 2085.630744485294), (5, 2211.7481770833333), (3, 2276.7028645833334)]","[(0, 32673.900390625), (1, 27698.2890625)]"
394,"[(0, 33118.21875), (1, 34274.36328125)]","[(0, 22860.234375), (1, 22380.94921875)]","[(0, 29700.91015625), (1, 30544.08203125)]","[(0, 31712.302734375), (1, 32512.921875)]","[(0, 28048.798828125), (1, 26336.345703125)]","[(0, 34286.1015625), (1, 33607.6875)]","[(0, 32396.60546875), (1, 33570.8828125)]","[(0, 25539.2109375), (1, 25321.16015625)]","[(1, 1852.7393973214287), (0, 1895.5289963942307), (2, 2074.8565204326924), (3, 2307.4469401041665), (4, 2396.9205228365386), (5, 2519.2345377604165)]","[(0, 27095.419921875), (1, 32250.05859375)]","[(4, 2195.484895833333), (1, 2352.145926339286), (5, 2424.2798978365386), (3, 2462.235877403846), (2, 2621.0361328125), (0, 2711.4495442708335)]","[(0, 31166.267578125), (1, 33492.5390625)]","[(1, 1993.3314732142858), (4, 2036.8665364583333), (3, 2113.113581730769), (5, 2160.4373497596152), (2, 2187.0379231770835), (0, 2191.24462890625)]","[(0, 30911.99609375), (1, 31922.216796875)]"
395,"[(0, 23112.28515625), (1, 24107.623046875)]","[(0, 21497.537109375), (1, 22495.646484375)]","[(0, 21840.34375), (1, 22028.146484375)]","[(0, 27236.275390625), (1, 25904.904296875)]","[(0, 30269.9609375), (1, 31388.130859375)]","[(0, 40041.0703125), (1, 41178.453125)]","[(0, 24861.0), (1, 23795.80859375)]","[(0, 27491.41796875), (1, 31467.34765625)]","[(1, 1879.23046875), (4, 1883.6677083333334), (5, 2052.205829326923), (2, 2060.171123798077), (3, 2109.334435096154), (0, 2179.024939903846)]","[(0, 30292.716796875), (1, 24029.58203125)]","[(1, 2018.1768973214287), (2, 2114.9361478365386), (0, 2246.2569986979165), (4, 2502.6398111979165), (5, 2574.8600852272725), (3, 2948.945703125)]","[(0, 29028.47265625), (1, 25705.248046875)]","[(1, 1800.4917689732142), (2, 1883.8420973557693), (0, 2043.34326171875), (4, 2345.3780924479165), (5, 2448.499822443182), (3, 2466.275390625)]","[(0, 29597.705078125), (1, 25440.58984375)]"
396,"[(0, 27935.583984375), (1, 28759.423828125)]","[(0, 23234.009765625), (1, 24398.916015625)]","[(0, 28029.06640625), (1, 27494.5390625)]","[(0, 25553.75390625), (1, 25151.775390625)]","[(0, 25314.326171875), (1, 25327.77734375)]","[(0, 22414.78515625), (1, 23296.109375)]","[(0, 23701.705078125), (1, 24131.59375)]","[(0, 26950.533203125), (1, 27703.626953125)]","[(1, 1908.21484375), (2, 2083.527644230769), (0, 2146.2303059895835), (4, 2660.27099609375), (5, 2878.4778053977275), (3, 3015.304296875)]","[(0, 27902.43359375), (1, 25828.2109375)]","[(3, 2106.0015625), (4, 2133.6754261363635), (5, 2229.5927734375), (0, 2232.588671875), (1, 2294.852450284091), (2, 2400.8255859375)]","[(0, 36599.52734375), (1, 26683.3828125)]","[(1, 3295.966796875), (2, 3313.572088068182), (4, 3389.2958984375), (5, 3398.4232954545455), (0, 3607.1850142045455), (3, 3767.3373579545455)]","[(0, 28167.818359375), (1, 28864.962890625)]"
397,"[(0, 27321.91796875), (1, 28719.107421875)]","[(0, 22557.5390625), (1, 21941.66015625)]","[(0, 19094.39453125), (1, 20070.021484375)]","[(0, 33888.43359375), (1, 32837.02734375)]","[(0, 22574.736328125), (1, 22437.0703125)]","[(0, 31364.224609375), (1, 29921.302734375)]","[(0, 27987.26171875), (1, 29281.240234375)]","[(0, 25516.521484375), (1, 28197.462890625)]","[(1, 2313.6591045673076), (4, 2343.111628605769), (2, 2379.503728693182), (3, 2397.935546875), (0, 2398.0773111979165), (5, 2467.666015625)]","[(0, 22051.2890625), (1, 28533.791015625)]","[(4, 1889.0486778846155), (3, 1893.62451171875), (5, 1999.1925455729167), (0, 2284.8660481770835), (1, 2292.3743990384614), (2, 2377.0701497395835)]","[(0, 29069.806640625), (1, 30230.95703125)]","[(1, 1958.1314603365386), (2, 2064.9269205729165), (4, 2108.5859375), (0, 2292.1491477272725), (5, 2345.519353693182), (3, 2425.83828125)]","[(0, 29574.484375), (1, 26526.732421875)]"
398,"[(0, 26764.9375), (1, 27794.37109375)]","[(0, 26645.544921875), (1, 26233.01953125)]","[(0, 21503.462890625), (1, 20535.447265625)]","[(0, 27129.88671875), (1, 27278.3359375)]","[(0, 23497.169921875), (1, 25192.25)]","[(0, 28133.375), (1, 27524.865234375)]","[(0, 24159.15625), (1, 24581.228515625)]","[(0, 28533.275390625), (1, 24972.041015625)]","[(4, 2322.8076171875), (3, 2511.9728064903848), (1, 2617.9540264423076), (5, 2772.1305338541665), (0, 2970.0543619791665), (2, 2984.6946022727275)]","[(0, 29326.34375), (1, 31147.072265625)]","[(1, 2315.870793269231), (2, 2347.6920572916665), (0, 2707.367009943182), (4, 2781.7838541666665), (5, 2875.1088423295455), (3, 3241.2306640625)]","[(0, 35533.84765625), (1, 29905.041015625)]","[(4, 1812.5288461538462), (1, 1812.6206752232142), (3, 2091.044034090909), (5, 2134.4322916666665), (0, 2159.8147786458335), (2, 2195.043269230769)]","[(0, 32183.140625), (1, 34705.1796875)]"
399,"[(0, 34305.82421875), (1, 35455.11328125)]","[(0, 23632.615234375), (1, 23740.00390625)]","[(0, 32632.578125), (1, 33005.4375)]","[(0, 21983.61328125), (1, 22372.904296875)]","[(0, 32174.05859375), (1, 31389.388671875)]","[(0, 29861.466796875), (1, 30729.96484375)]","[(0, 22502.298828125), (1, 22056.208984375)]","[(0, 20583.3671875), (1, 21267.498046875)]","[(4, 1826.818080357143), (3, 1918.1180889423076), (5, 2155.3211263020835), (1, 2911.4697265625), (0, 3019.666903409091), (2, 3345.4515625)]","[(0, 36381.16015625), (1, 28374.126953125)]","[(5, 1877.0989583333333), (1, 1910.3667367788462), (3, 1913.4423828125), (4, 1960.1586538461538), (2, 1974.3981119791667), (0, 2044.1969401041667)]","[(0, 27974.08203125), (1, 27865.84375)]","[(1, 1652.549747242647), (0, 1789.026953125), (2, 1845.9065104166666), (4, 2072.7509765625), (5, 2210.070731026786), (3, 2227.4171316964284)]","[(0, 25204.50390625), (1, 27444.265625)]"
400,"[(0, 23369.720703125), (1, 23360.2734375)]","[(0, 20352.7421875), (1, 19441.791015625)]","[(0, 20738.158203125), (1, 22633.673828125)]","[(0, 29004.287109375), (1, 27836.521484375)]","[(0, 26772.009765625), (1, 24949.28515625)]","[(0, 25765.91796875), (1, 28418.56640625)]","[(0, 20137.66015625), (1, 20276.990234375)]","[(0, 37353.96875), (1, 35205.4453125)]","[(4, 2033.5358072916667), (3, 2129.6893136160716), (5, 2211.291015625), (1, 2631.4005408653848), (2, 2840.859552556818), (0, 2864.0745442708335)]","[(0, 21790.080078125), (1, 21288.703125)]","[(1, 2029.2814127604167), (2, 2106.7890625), (4, 2195.7024739583335), (0, 2222.5914417613635), (5, 2314.1420454545455), (3, 2375.3501420454545)]","[(0, 25578.55078125), (1, 26405.984375)]","[(1, 1956.7837611607142), (0, 1962.0511067708333), (2, 2117.515324519231), (4, 2318.6883138020835), (5, 2395.261541193182), (3, 2449.303125)]","[(0, 35310.859375), (1, 37209.5078125)]"
401,"[(0, 28225.390625), (1, 29416.98828125)]","[(0, 25562.06640625), (1, 26372.71484375)]","[(0, 24023.02734375), (1, 24473.115234375)]","[(0, 22993.279296875), (1, 22538.638671875)]","[(0, 26126.7109375), (1, 28679.640625)]","[(0, 39016.51171875), (1, 35355.4375)]","[(0, 26874.7421875), (1, 26320.828125)]","[(0, 25776.953125), (1, 26687.861328125)]","[(3, 1840.7899169921875), (4, 1867.082950367647), (5, 2046.0166666666667), (1, 2203.545833333333), (2, 2336.702824519231), (0, 2344.6676897321427)]","[(0, 27686.697265625), (1, 30442.560546875)]","[(4, 1513.4788161057693), (3, 1604.1888020833333), (5, 1606.5987955729167), (1, 1634.8291766826924), (2, 1844.6271158854167), (0, 1844.9754231770833)]","[(0, 25539.13671875), (1, 28493.220703125)]","[(4, 1724.8143229166667), (1, 1812.855747767857), (3, 1815.4438100961538), (5, 1953.0958533653845), (0, 2012.68310546875), (2, 2015.5777994791667)]","[(0, 27923.810546875), (1, 24785.505859375)]"
402,"[(0, 23508.33203125), (1, 24512.75390625)]","[(0, 25462.67578125), (1, 26141.33984375)]","[(0, 32850.52734375), (1, 32811.453125)]","[(0, 25466.19921875), (1, 24379.26171875)]","[(0, 24536.048828125), (1, 26316.2109375)]","[(0, 30231.216796875), (1, 31944.142578125)]","[(0, 28025.111328125), (1, 27831.318359375)]","[(0, 30582.76171875), (1, 30547.95703125)]","[(1, 1910.5670572916667), (0, 1969.702373798077), (2, 1995.461635044643), (4, 2322.282784598214), (3, 2368.68603515625), (5, 2648.293269230769)]","[(0, 28753.830078125), (1, 26146.625)]","[(4, 1564.2151442307693), (1, 1569.6876395089287), (5, 1643.07861328125), (3, 1756.2102272727273), (2, 1757.4903846153845), (0, 1815.71875)]","[(0, 30725.509765625), (1, 28931.98828125)]","[(3, 2762.5348011363635), (0, 2920.282137784091), (4, 2989.6171875), (1, 3113.1276041666665), (5, 3210.041193181818), (2, 3281.758877840909)]","[(0, 31373.947265625), (1, 33980.1171875)]"
403,"[(0, 28032.111328125), (1, 29154.013671875)]","[(0, 23687.6953125), (1, 23622.791015625)]","[(0, 30101.5546875), (1, 32991.4296875)]","[(0, 29092.048828125), (1, 26017.53125)]","[(0, 29766.017578125), (1, 29717.00390625)]","[(0, 30978.603515625), (1, 31926.998046875)]","[(0, 28384.11328125), (1, 27704.26171875)]","[(0, 27782.259765625), (1, 30871.458984375)]","[(4, 1763.117404513889), (3, 1818.5286865234375), (1, 1865.5078125), (5, 1872.8280029296875), (0, 1910.8274739583333), (2, 2025.7701822916667)]","[(0, 20676.150390625), (1, 23859.708984375)]","[(1, 1701.7706298828125), (2, 1743.8481770833334), (4, 1812.4075520833333), (5, 1815.9341517857142), (0, 1929.8062220982142), (3, 2028.3472055288462)]","[(0, 27747.4921875), (1, 26034.806640625)]","[(4, 2389.5672433035716), (1, 2597.1349158653848), (2, 2813.3590198863635), (3, 2815.6138822115386), (5, 2846.7174479166665), (0, 2946.6995442708335)]","[(0, 26578.240234375), (1, 28060.25)]"
404,"[(0, 23928.45703125), (1, 24534.52734375)]","[(0, 30222.13671875), (1, 30465.677734375)]","[(0, 33043.828125), (1, 33292.83203125)]","[(0, 26499.501953125), (1, 27529.1171875)]","[(0, 23653.720703125), (1, 23101.46484375)]","[(0, 37480.75390625), (1, 36769.484375)]","[(0, 28351.810546875), (1, 28292.416015625)]","[(0, 27658.142578125), (1, 26395.509765625)]","[(4, 1769.3143229166667), (1, 1815.4988511029412), (3, 1858.0634014423076), (5, 1943.7940848214287), (0, 1953.90234375), (2, 1982.9453125)]","[(0, 21454.630859375), (1, 17535.08984375)]","[(3, 1319.1866455078125), (4, 1379.5343520220588), (5, 1495.5080729166666), (0, 1599.863671875), (1, 1644.2236328125), (2, 1703.0464564732142)]","[(0, 33745.88671875), (1, 31993.259765625)]","[(4, 2331.0560396634614), (5, 2343.3837890625), (3, 2375.1100260416665), (1, 2700.7550455729165), (2, 2836.487393465909), (0, 3102.05859375)]","[(0, 29596.662109375), (1, 30212.5703125)]"
405,"[(0, 25418.8828125), (1, 26691.783203125)]","[(0, 21645.123046875), (1, 22753.41796875)]","[(0, 23505.552734375), (1, 24421.357421875)]","[(0, 28077.490234375), (1, 28613.962890625)]","[(0, 27773.171875), (1, 30387.798828125)]","[(0, 31834.265625), (1, 31756.97265625)]","[(0, 27379.615234375), (1, 27334.455078125)]","[(0, 30704.56640625), (1, 31919.32421875)]","[(1, 1710.5096435546875), (0, 1820.711635044643), (2, 1867.715234375), (4, 2047.9983072916666), (3, 2230.4268329326924), (5, 2261.6524832589284)]","[(0, 32171.970703125), (1, 36296.25390625)]","[(2, 1859.048828125), (1, 1860.604771205357), (0, 1960.93994140625), (5, 2059.1220703125), (4, 2094.0674579326924), (3, 2250.302911931818)]","[(0, 36766.15234375), (1, 33598.296875)]","[(1, 1659.7987060546875), (0, 1797.372767857143), (2, 1902.691796875), (4, 2051.0751953125), (3, 2092.1051432291665), (5, 2134.837890625)]","[(0, 28152.69921875), (1, 25645.525390625)]"
406,"[(0, 26779.9765625), (1, 27402.91796875)]","[(0, 24506.046875), (1, 24959.255859375)]","[(0, 27810.94140625), (1, 29292.048828125)]","[(0, 30852.23828125), (1, 30628.96484375)]","[(0, 20651.259765625), (1, 19188.38671875)]","[(0, 29466.744140625), (1, 29468.427734375)]","[(0, 24964.921875), (1, 26845.283203125)]","[(0, 39313.51953125), (1, 30132.978515625)]","[(4, 1997.13671875), (5, 2081.7935014204545), (3, 2146.2262369791665), (1, 2268.5947265625), (0, 2284.678799715909), (2, 2395.323046875)]","[(0, 18411.771484375), (1, 21583.138671875)]","[(1, 1633.8211669921875), (4, 1778.8767233455883), (3, 1830.518359375), (0, 1838.345703125), (2, 1923.1884765625), (5, 1945.64453125)]","[(0, 33793.32421875), (1, 35533.8828125)]","[(1, 1901.5037760416667), (0, 2022.6506911057693), (2, 2076.5354352678573), (4, 2589.9966947115386), (3, 2742.027521306818), (5, 2843.9306640625)]","[(0, 24975.11328125), (1, 26115.548828125)]"
407,"[(0, 28060.65234375), (1, 28467.689453125)]","[(0, 21824.478515625), (1, 22644.380859375)]","[(0, 19525.611328125), (1, 21749.408203125)]","[(0, 22928.203125), (1, 23304.77734375)]","[(0, 18372.11328125), (1, 18472.37890625)]","[(0, 11926.3232421875), (1, 12064.3974609375)]","[(0, 23508.625), (1, 25287.3515625)]","[(0, 28247.90234375), (1, 20022.302734375)]","[(4, 1842.285546875), (3, 1858.738978794643), (5, 1915.4966947115386), (1, 2260.026925223214), (2, 2399.1295572916665), (0, 2427.6786358173076)]","[(0, 22771.67578125), (1, 24986.431640625)]","[(4, 2659.2210582386365), (1, 2721.5999644886365), (3, 3059.6880859375), (5, 3095.47421875), (2, 3105.592578125), (0, 3105.678515625)]","[(0, 30525.095703125), (1, 34729.0859375)]","[(4, 2049.24169921875), (5, 2093.9181082589284), (3, 2111.586458333333), (1, 2851.5164620535716), (0, 2998.157752403846), (2, 3071.5110677083335)]","[(0, 26196.869140625), (1, 27884.107421875)]"
408,"[(0, 30618.83203125), (1, 31494.24609375)]","[(0, 31073.642578125), (1, 30207.84375)]","[(0, 32030.87109375), (1, 29814.05859375)]","[(0, 26454.25390625), (1, 25263.873046875)]","[(0, 19695.048828125), (1, 20578.63671875)]","[(0, 33510.078125), (1, 32933.90234375)]","[(0, 22330.69921875), (1, 24190.83203125)]","[(0, 30234.474609375), (1, 26637.212890625)]","[(1, 1601.9966145833334), (2, 1662.342494419643), (0, 1775.6533954326924), (4, 2126.131610576923), (3, 2154.558771306818), (5, 2248.2950846354165)]","[(0, 26406.26171875), (1, 31063.77734375)]","[(1, 1751.7896205357142), (4, 1864.3111478365386), (2, 2033.7511393229167), (5, 2116.384588068182), (0, 2124.8907877604165), (3, 2246.197088068182)]","[(0, 30063.228515625), (1, 33000.96484375)]","[(4, 1659.58984375), (3, 1709.5173177083334), (5, 1862.4331752232142), (1, 2344.942801339286), (0, 2436.847956730769), (2, 2487.7532552083335)]","[(0, 26988.908203125), (1, 24426.318359375)]"
409,"[(0, 30392.462890625), (1, 31894.646484375)]","[(0, 28759.505859375), (1, 27305.013671875)]","[(0, 20641.630859375), (1, 21420.611328125)]","[(0, 22516.125), (1, 22001.587890625)]","[(0, 25885.591796875), (1, 24079.109375)]","[(0, 30467.21875), (1, 29440.25390625)]","[(0, 32641.947265625), (1, 30594.166015625)]","[(0, 25285.80859375), (1, 28799.38671875)]","[(4, 1756.3208333333334), (3, 1784.2003348214287), (5, 1818.563197544643), (1, 2049.905338541667), (2, 2134.205078125), (0, 2159.5126953125)]","[(0, 32510.626953125), (1, 29582.072265625)]","[(4, 1803.4630301339287), (3, 2028.3240685096155), (5, 2135.0836588541665), (1, 2573.8606770833335), (0, 2953.6685014204545), (2, 3152.2521484375)]","[(0, 24042.603515625), (1, 27110.3828125)]","[(5, 2386.2076822916665), (2, 2474.1321022727275), (3, 2498.61669921875), (4, 2505.20703125), (1, 2537.3614908854165), (0, 2919.5775923295455)]","[(0, 30530.947265625), (1, 33406.375)]"
410,"[(0, 28036.23046875), (1, 30268.142578125)]","[(0, 28776.078125), (1, 28436.431640625)]","[(0, 26454.27734375), (1, 27455.810546875)]","[(0, 32379.30859375), (1, 31599.84765625)]","[(0, 22783.078125), (1, 23994.431640625)]","[(0, 13480.0419921875), (1, 13574.29296875)]","[(0, 30981.822265625), (1, 32529.76171875)]","[(0, 24373.1484375), (1, 26984.73828125)]","[(4, 2690.1205610795455), (3, 2733.5939453125), (1, 2784.159268465909), (0, 2809.88125), (5, 2904.738671875), (2, 2983.046875)]","[(0, 21138.2890625), (1, 22157.15234375)]","[(1, 1789.3807198660713), (2, 1838.6487379807693), (0, 1903.9733072916667), (4, 2248.61669921875), (5, 2266.689453125), (3, 2389.4982421875)]","[(0, 23042.650390625), (1, 24280.34765625)]","[(4, 2442.832208806818), (5, 2643.569140625), (1, 2671.8423295454545), (3, 2698.8291015625), (2, 2977.467578125), (0, 3098.1529296875)]","[(0, 23363.90625), (1, 24593.841796875)]"
411,"[(0, 26938.1484375), (1, 28732.392578125)]","[(0, 28693.974609375), (1, 28138.125)]","[(0, 24294.662109375), (1, 26996.966796875)]","[(0, 28491.15625), (1, 26274.380859375)]","[(0, 29425.181640625), (1, 29191.654296875)]","[(0, 33069.55078125), (1, 33535.109375)]","[(0, 21421.345703125), (1, 21445.546875)]","[(0, 20816.50390625), (1, 22967.6171875)]","[(4, 2276.8359375), (5, 2330.798076923077), (3, 2356.202373798077), (1, 2615.131610576923), (0, 2685.939453125), (2, 2690.06396484375)]","[(0, 22800.9453125), (1, 27371.498046875)]","[(4, 2659.7892578125), (5, 2762.156684027778), (1, 2809.709765625), (2, 2926.073784722222), (3, 3116.658203125), (0, 3376.76953125)]","[(0, 25005.953125), (1, 27773.54296875)]","[(4, 2399.2653459821427), (3, 2688.469050480769), (5, 2833.7350260416665), (1, 3038.3106971153848), (2, 3475.4264914772725), (0, 3546.9755859375)]","[(0, 28517.115234375), (1, 29875.337890625)]"
412,"[(0, 32393.298828125), (1, 34639.4765625)]","[(0, 21532.173828125), (1, 21992.986328125)]","[(0, 29173.67578125), (1, 30918.306640625)]","[(0, 28476.380859375), (1, 28101.009765625)]","[(0, 26020.259765625), (1, 25029.64453125)]","[(0, 31569.666015625), (1, 30753.359375)]","[(0, 25423.17578125), (1, 26160.6171875)]","[(0, 26995.833984375), (1, 31697.607421875)]","[(4, 1904.4116908482142), (3, 2060.6427283653848), (5, 2177.2569986979165), (0, 2487.0983664772725), (1, 2499.138671875), (2, 2579.7880859375)]","[(0, 30961.9453125), (1, 22482.201171875)]","[(1, 1763.9775390625), (4, 1864.2416666666666), (2, 1896.5203683035713), (5, 2019.2759915865386), (0, 2027.548828125), (3, 2068.893329326923)]","[(0, 37234.359375), (1, 31199.75390625)]","[(4, 2329.533203125), (3, 2426.361328125), (5, 2469.443536931818), (1, 2612.5887044270835), (0, 2786.5951704545455), (2, 2801.065518465909)]","[(0, 29543.025390625), (1, 25593.38671875)]"
413,"[(0, 27390.978515625), (1, 29032.90234375)]","[(0, 25105.5), (1, 24089.26171875)]","[(0, 20985.935546875), (1, 24098.75)]","[(0, 35357.4921875), (1, 34420.48828125)]","[(0, 23793.92578125), (1, 22928.310546875)]","[(0, 32443.353515625), (1, 31210.4375)]","[(0, 21750.052734375), (1, 23435.986328125)]","[(0, 27594.041015625), (1, 24249.525390625)]","[(1, 1780.7498779296875), (0, 1890.6205357142858), (2, 1909.7600260416666), (4, 2258.3074776785716), (5, 2429.4088040865386), (3, 2600.2176106770835)]","[(0, 28420.166015625), (1, 34999.296875)]","[(1, 1822.9630408653845), (2, 1872.2897135416667), (0, 2124.2444957386365), (4, 2310.067294034091), (5, 2517.1283203125), (3, 2965.080512152778)]","[(0, 30518.400390625), (1, 27332.734375)]","[(1, 1842.5743408203125), (2, 1909.821875), (0, 1926.573521205357), (4, 2063.372488839286), (5, 2163.3114483173076), (3, 2435.953125)]","[(0, 26935.06640625), (1, 26678.318359375)]"
414,"[(0, 24633.513671875), (1, 25844.8671875)]","[(0, 25301.630859375), (1, 24195.193359375)]","[(0, 29702.498046875), (1, 29721.708984375)]","[(0, 29301.12890625), (1, 27973.7890625)]","[(0, 23019.3671875), (1, 23082.107421875)]","[(0, 27622.001953125), (1, 28805.89453125)]","[(0, 21238.515625), (1, 23283.5390625)]","[(0, 29862.919921875), (1, 25807.232421875)]","[(1, 1647.955078125), (2, 1666.6630208333333), (0, 1850.911411830357), (4, 1985.36328125), (5, 2118.2869591346152), (3, 2341.5431315104165)]","[(0, 25344.619140625), (1, 20827.923828125)]","[(4, 2033.020282451923), (3, 2189.7530924479165), (5, 2230.1351207386365), (1, 2329.83544921875), (0, 2455.700284090909), (2, 2656.7392578125)]","[(0, 33862.36328125), (1, 32559.9609375)]","[(4, 1853.4833984375), (5, 1943.0504807692307), (3, 1994.7366286057693), (1, 2297.4236778846152), (0, 2414.1398111979165), (2, 2417.9599609375)]","[(0, 25998.18359375), (1, 23751.14453125)]"
415,"[(0, 26558.6015625), (1, 28040.962890625)]","[(0, 23381.46875), (1, 21918.61328125)]","[(0, 30731.166015625), (1, 31831.3203125)]","[(0, 25161.611328125), (1, 23544.1640625)]","[(0, 28143.787109375), (1, 29419.26171875)]","[(0, 23317.693359375), (1, 23567.7734375)]","[(0, 30056.177734375), (1, 29273.00390625)]","[(0, 25619.490234375), (1, 25932.193359375)]","[(4, 2285.0672433035716), (3, 2420.858173076923), (5, 2421.8719951923076), (1, 2520.5281808035716), (2, 2678.3251201923076), (0, 2721.496394230769)]","[(0, 27833.2578125), (1, 32422.228515625)]","[(4, 1651.1183035714287), (5, 1756.9187825520833), (3, 1762.673828125), (0, 1898.6170247395833), (1, 1942.8912259615386), (2, 2038.7224786931818)]","[(0, 26868.513671875), (1, 25961.01953125)]","[(1, 2262.590364583333), (4, 2344.8175223214284), (2, 2352.163311298077), (5, 2408.3310546875), (0, 2642.170673076923), (3, 2844.4459635416665)]","[(0, 29878.615234375), (1, 29791.8046875)]"
416,"[(0, 24537.2890625), (1, 26092.1484375)]","[(0, 27004.25390625), (1, 25533.634765625)]","[(0, 27790.076171875), (1, 29595.8125)]","[(0, 25886.01171875), (1, 25654.111328125)]","[(0, 26785.466796875), (1, 27095.2890625)]","[(0, 30756.91015625), (1, 30956.51171875)]","[(0, 29876.734375), (1, 30661.84375)]","[(0, 25971.173828125), (1, 22254.630859375)]","[(1, 2532.3890269886365), (4, 2552.3140980113635), (2, 2799.3375), (3, 2813.2919921875), (5, 2831.3333984375), (0, 2846.8775390625)]","[(0, 24040.904296875), (1, 30828.62109375)]","[(1, 1642.3787667410713), (2, 1713.5018028846155), (0, 1818.9996744791667), (4, 2071.8807091346152), (5, 2169.3955078125), (3, 2194.777166193182)]","[(0, 35236.078125), (1, 33397.96484375)]","[(1, 2101.516043526786), (0, 2344.0634765625), (2, 2349.524639423077), (4, 2747.7447916666665), (5, 2847.4016335227275), (3, 3031.526171875)]","[(0, 28785.849609375), (1, 24690.90234375)]"
417,"[(0, 33623.71875), (1, 34897.078125)]","[(0, 28119.66796875), (1, 26446.23046875)]","[(0, 23517.16796875), (1, 24277.986328125)]","[(0, 25383.37109375), (1, 26012.69140625)]","[(0, 25686.451171875), (1, 24918.728515625)]","[(0, 20925.28125), (1, 21310.275390625)]","[(0, 30638.3125), (1, 32022.9296875)]","[(0, 27015.19921875), (1, 24688.2890625)]","[(4, 1587.158203125), (1, 1658.805881076389), (5, 1670.501034007353), (3, 1700.6405101102941), (0, 1755.655029296875), (2, 1761.1435546875)]","[(0, 26718.650390625), (1, 27325.25390625)]","[(1, 1852.0291573660713), (2, 2078.1953125), (4, 2089.021033653846), (0, 2101.9363606770835), (5, 2171.2457682291665), (3, 2547.4311079545455)]","[(0, 33816.0546875), (1, 40389.5390625)]","[(4, 1962.2783203125), (3, 2188.3502604166665), (5, 2387.615234375), (1, 2425.7713541666667), (0, 2558.40234375), (2, 2875.7286658653848)]","[(0, 33412.5234375), (1, 29376.955078125)]"
418,"[(0, 31398.87890625), (1, 33130.79296875)]","[(0, 29574.1171875), (1, 27475.193359375)]","[(0, 29541.25), (1, 31561.62890625)]","[(0, 20884.2109375), (1, 21063.44921875)]","[(0, 24013.087890625), (1, 23600.478515625)]","[(0, 31136.025390625), (1, 31713.90625)]","[(0, 27264.86328125), (1, 27320.642578125)]","[(0, 35477.5390625), (1, 30176.66015625)]","[(4, 2400.5052584134614), (3, 2514.9352213541665), (5, 2651.1936848958335), (1, 2655.290564903846), (0, 2847.6650390625), (2, 3019.6207682291665)]","[(0, 28365.955078125), (1, 35172.22265625)]","[(4, 2030.4144810267858), (1, 2148.7762920673076), (3, 2237.1712740384614), (5, 2352.01953125), (2, 2526.6741832386365), (0, 2568.0353190104165)]","[(0, 31260.78125), (1, 30802.34765625)]","[(4, 2297.4786551339284), (5, 2450.25634765625), (3, 2531.1700721153848), (1, 3068.9317908653848), (2, 3229.564275568182), (0, 3347.7014973958335)]","[(0, 26708.408203125), (1, 27543.744140625)]"
419,"[(0, 23792.201171875), (1, 24643.9453125)]","[(0, 26633.01953125), (1, 26169.375)]","[(0, 25776.806640625), (1, 24833.9375)]","[(0, 35623.1171875), (1, 35439.08984375)]","[(0, 30258.9375), (1, 29075.43359375)]","[(0, 35598.6328125), (1, 35211.82421875)]","[(0, 27954.986328125), (1, 32690.015625)]","[(0, 23059.203125), (1, 21945.55078125)]","[(4, 2237.4078776041665), (3, 2342.5571732954545), (0, 2504.5953776041665), (1, 2520.1912560096152), (5, 2745.0129616477275), (2, 2935.3541666666665)]","[(0, 25673.986328125), (1, 26456.9765625)]","[(4, 1845.7798177083334), (1, 2004.2119140625), (3, 2033.0453725961538), (5, 2163.8912259615386), (0, 2363.0452473958335), (2, 2420.7840169270835)]","[(0, 30577.947265625), (1, 30361.87109375)]","[(0, 1927.440518465909), (3, 1998.4548828125), (1, 2067.81201171875), (4, 2125.662997159091), (2, 2359.671875), (5, 2503.5923828125)]","[(0, 27237.4453125), (1, 25240.826171875)]"
420,"[(0, 24546.44140625), (1, 25882.283203125)]","[(0, 26978.228515625), (1, 26987.18359375)]","[(0, 18319.275390625), (1, 19364.22265625)]","[(0, 23314.11328125), (1, 24943.55078125)]","[(0, 25017.640625), (1, 22741.3125)]","[(0, 37210.3984375), (1, 36623.546875)]","[(0, 21367.94921875), (1, 23497.193359375)]","[(0, 27641.1328125), (1, 34080.59375)]","[(4, 1598.6448759191176), (3, 1687.4681396484375), (1, 1754.3889322916666), (5, 1775.9766927083333), (0, 1867.851283482143), (2, 2128.050480769231)]","[(0, 24645.47265625), (1, 28295.896484375)]","[(1, 2385.468449519231), (4, 2636.607872596154), (2, 2660.9866536458335), (0, 2696.7579752604165), (3, 2894.0240885416665), (5, 2907.4713541666665)]","[(0, 36525.39453125), (1, 43653.93359375)]","[(4, 1771.40185546875), (3, 1847.2220052083333), (1, 1929.094029017857), (5, 1973.4197823660713), (0, 2112.3560697115386), (2, 2203.7496744791665)]","[(0, 25199.482421875), (1, 22191.15625)]"
421,"[(0, 27946.53515625), (1, 29071.19140625)]","[(0, 20468.6953125), (1, 19955.048828125)]","[(0, 33256.40234375), (1, 32091.044921875)]","[(0, 25665.1953125), (1, 27107.154296875)]","[(0, 24336.333984375), (1, 23590.05859375)]","[(0, 37385.86328125), (1, 38119.7421875)]","[(0, 28016.345703125), (1, 26342.375)]","[(0, 30813.103515625), (1, 34242.67578125)]","[(4, 1611.6043198529412), (3, 1691.5970052083333), (1, 1784.9410400390625), (5, 1792.088671875), (2, 1974.583286830357), (0, 2006.8436104910713)]","[(0, 26663.974609375), (1, 27304.2578125)]","[(1, 2068.1416766826924), (2, 2107.7998046875), (0, 2212.5690104166665), (4, 2218.599609375), (5, 2343.0999348958335), (3, 2465.2550455729165)]","[(0, 41068.72265625), (1, 37033.6328125)]","[(0, 1313.5810546875), (1, 1368.2003173828125), (2, 1463.7388020833334), (3, 1597.8282752403845), (4, 1642.1967447916666), (5, 1708.7338169642858)]","[(0, 32217.443359375), (1, 28686.423828125)]"
422,"[(0, 31653.263671875), (1, 31094.15625)]","[(0, 28777.916015625), (1, 27680.728515625)]","[(0, 23470.54296875), (1, 25714.244140625)]","[(0, 24700.888671875), (1, 24549.6484375)]","[(0, 27927.298828125), (1, 29067.50390625)]","[(0, 28064.505859375), (1, 28032.728515625)]","[(0, 24399.171875), (1, 25513.673828125)]","[(0, 30333.5078125), (1, 28520.732421875)]","[(1, 1711.45859375), (2, 1720.9913504464287), (4, 1772.4998604910713), (0, 1856.6624098557693), (3, 1936.6529947916667), (5, 1948.1048677884614)]","[(0, 25547.76171875), (1, 27780.509765625)]","[(4, 2112.5450846354165), (3, 2201.262784090909), (1, 2282.842862215909), (0, 2573.1662109375), (5, 2594.7875), (2, 2954.2165798611113)]","[(0, 30163.97265625), (1, 28596.6953125)]","[(1, 2039.2239583333333), (4, 2228.9259207589284), (2, 2312.5294471153848), (0, 2396.1228966346152), (5, 2431.9697265625), (3, 2652.0232747395835)]","[(0, 30459.4921875), (1, 31860.26171875)]"
423,"[(0, 34342.38671875), (1, 37432.88671875)]","[(0, 27238.04296875), (1, 25779.51171875)]","[(0, 28180.125), (1, 27467.123046875)]","[(0, 26482.373046875), (1, 25948.396484375)]","[(0, 25959.2109375), (1, 26142.361328125)]","[(0, 33453.4296875), (1, 32782.33203125)]","[(0, 30731.01953125), (1, 30638.986328125)]","[(0, 35044.21875), (1, 27584.83203125)]","[(3, 2161.9622395833335), (4, 2190.0228365384614), (5, 2270.9324544270835), (0, 2331.75146484375), (1, 2364.781550480769), (2, 2482.66455078125)]","[(0, 33503.94140625), (1, 31555.45703125)]","[(1, 2520.6764322916665), (0, 2537.6882102272725), (2, 2697.9284446022725), (4, 3083.647372159091), (3, 3155.2359375), (5, 3366.4046875)]","[(0, 31560.18359375), (1, 33874.34765625)]","[(4, 2160.1423177083334), (3, 2310.056640625), (5, 2332.592548076923), (1, 2588.8704927884614), (2, 2828.858487215909), (0, 2904.630859375)]","[(0, 28666.841796875), (1, 25238.828125)]"
424,"[(0, 26202.46484375), (1, 28564.0703125)]","[(0, 27022.775390625), (1, 26188.44921875)]","[(0, 29577.080078125), (1, 29340.109375)]","[(0, 31948.896484375), (1, 29781.69140625)]","[(0, 25230.7421875), (1, 25092.142578125)]","[(0, 32320.66015625), (1, 31572.134765625)]","[(0, 31290.7578125), (1, 30798.58984375)]","[(0, 24203.337890625), (1, 28912.6796875)]","[(4, 1759.0059742647059), (3, 1769.06640625), (1, 1794.3870442708333), (5, 1833.1046142578125), (0, 1904.7115478515625), (2, 2069.408088235294)]","[(0, 26246.33203125), (1, 25089.296875)]","[(4, 2433.057705965909), (5, 2456.7845703125), (3, 2773.156640625), (1, 3085.4505859375), (2, 3227.3151041666665), (0, 3788.5928819444443)]","[(0, 29506.701171875), (1, 27087.642578125)]","[(1, 1808.3346737132354), (0, 1829.930078125), (2, 1901.021484375), (4, 2002.8814338235295), (3, 2002.9158854166667), (5, 2098.241276041667)]","[(0, 31827.830078125), (1, 29042.318359375)]"
425,"[(0, 27228.0703125), (1, 27481.009765625)]","[(0, 31924.04296875), (1, 31651.2109375)]","[(0, 28973.517578125), (1, 27434.63671875)]","[(0, 24405.734375), (1, 22920.419921875)]","[(0, 25459.76171875), (1, 24776.78515625)]","[(0, 23815.90234375), (1, 24240.369140625)]","[(0, 29615.8046875), (1, 32989.671875)]","[(0, 27252.046875), (1, 29322.31640625)]","[(3, 1774.71015625), (4, 1813.6861572265625), (5, 1949.511997767857), (0, 2167.2205636160716), (1, 2177.873828125), (2, 2395.8807091346152)]","[(0, 23154.59765625), (1, 25573.2578125)]","[(1, 1784.990234375), (4, 1814.4638020833333), (5, 1937.510516826923), (3, 1951.1226283482142), (2, 1960.9044596354167), (0, 2032.8128004807693)]","[(0, 29771.298828125), (1, 29635.158203125)]","[(4, 2793.1006610576924), (1, 2959.1129557291665), (3, 3021.96875), (5, 3186.6040482954545), (2, 3278.348828125), (0, 3524.7737926136365)]","[(0, 27825.533203125), (1, 29706.6328125)]"
426,"[(0, 29032.125), (1, 29433.658203125)]","[(0, 21213.009765625), (1, 21845.634765625)]","[(0, 29056.890625), (1, 28957.330078125)]","[(0, 20315.857421875), (1, 19745.638671875)]","[(0, 35887.07421875), (1, 36016.46875)]","[(0, 31302.755859375), (1, 32004.306640625)]","[(0, 18205.18359375), (1, 21347.845703125)]","[(0, 24405.431640625), (1, 24489.55078125)]","[(1, 1630.5221354166667), (0, 1786.8716947115386), (2, 1787.096958705357), (4, 2286.7521033653848), (5, 2510.33447265625), (3, 2636.934481534091)]","[(0, 21898.763671875), (1, 26815.193359375)]","[(1, 1820.2670200892858), (0, 1826.1959134615386), (2, 1918.6814903846155), (3, 2189.5631510416665), (4, 2270.0646033653848), (5, 2374.1611328125)]","[(0, 27663.83984375), (1, 30923.732421875)]","[(0, 2981.986150568182), (1, 3033.0240885416665), (3, 3107.684659090909), (4, 3166.6637369791665), (2, 3222.2578125), (5, 3420.768465909091)]","[(0, 37570.9375), (1, 36866.81640625)]"
427,"[(0, 34882.140625), (1, 36339.68359375)]","[(0, 19555.37109375), (1, 19650.658203125)]","[(0, 32711.814453125), (1, 31718.955078125)]","[(0, 24006.99609375), (1, 23963.193359375)]","[(0, 28890.630859375), (1, 27604.04296875)]","[(0, 31633.044921875), (1, 30894.609375)]","[(0, 29965.791015625), (1, 29293.02734375)]","[(0, 24384.841796875), (1, 31870.109375)]","[(0, 2097.0514787946427), (1, 2182.577083333333), (2, 2252.246512276786), (3, 2664.7860576923076), (4, 2705.460379464286), (5, 2923.1048677884614)]","[(0, 23211.90625), (1, 20675.203125)]","[(4, 2025.608173076923), (1, 2038.8568209134614), (3, 2326.755859375), (0, 2344.579900568182), (2, 2407.619318181818), (5, 2451.75)]","[(0, 25527.572265625), (1, 27417.267578125)]","[(4, 2078.931222098214), (3, 2175.970252403846), (5, 2345.98681640625), (1, 2511.769230769231), (0, 2591.4910481770835), (2, 2758.699041193182)]","[(0, 31925.74609375), (1, 33337.375)]"
428,"[(0, 23378.482421875), (1, 23612.072265625)]","[(0, 21168.751953125), (1, 20983.052734375)]","[(0, 29396.767578125), (1, 31709.24609375)]","[(0, 26182.505859375), (1, 26547.03125)]","[(0, 31725.884765625), (1, 29579.13671875)]","[(0, 30312.33984375), (1, 29604.029296875)]","[(0, 33472.76953125), (1, 32839.71875)]","[(0, 26799.189453125), (1, 27581.439453125)]","[(0, 1428.4968979779412), (1, 1770.2535400390625), (4, 1828.3618489583334), (2, 1885.4955729166666), (5, 1888.006138392857), (3, 2065.68359375)]","[(0, 27578.703125), (1, 27450.310546875)]","[(1, 1727.88720703125), (0, 1801.05859375), (2, 1953.2466145833334), (4, 2451.921316964286), (3, 2669.6033528645835), (5, 2997.219951923077)]","[(0, 31672.345703125), (1, 29086.279296875)]","[(4, 2280.22412109375), (3, 2297.530729166667), (5, 2526.841238839286), (1, 2927.3010602678573), (0, 2996.1766826923076), (2, 3303.9446614583335)]","[(0, 27767.90234375), (1, 25297.84375)]"
429,"[(0, 32154.2421875), (1, 33649.796875)]","[(0, 25375.310546875), (1, 24777.517578125)]","[(0, 22440.107421875), (1, 24105.232421875)]","[(0, 26281.248046875), (1, 26163.38671875)]","[(0, 27063.37109375), (1, 24181.513671875)]","[(0, 30587.3984375), (1, 30894.609375)]","[(0, 27527.83203125), (1, 27182.1484375)]","[(0, 32237.419921875), (1, 33606.21484375)]","[(3, 1674.38720703125), (4, 1772.8442095588234), (5, 1884.7046875), (0, 2170.2526506696427), (1, 2305.7421875), (2, 2504.934795673077)]","[(0, 28144.591796875), (1, 29784.95703125)]","[(4, 1821.0533353365386), (3, 1968.8758138020833), (5, 2084.640447443182), (1, 2465.8970170454545), (0, 2690.2822265625), (2, 3058.187065972222)]","[(0, 37800.953125), (1, 32473.56640625)]","[(3, 1909.8909505208333), (0, 1924.3639322916667), (4, 1964.4496694711538), (1, 2077.396784855769), (2, 2102.658203125), (5, 2105.4251302083335)]","[(0, 29796.748046875), (1, 31787.455078125)]"
430,"[(0, 28536.541015625), (1, 29254.890625)]","[(0, 22391.34765625), (1, 23655.435546875)]","[(0, 17365.263671875), (1, 16764.794921875)]","[(0, 28303.830078125), (1, 28324.73046875)]","[(0, 25665.880859375), (1, 26092.048828125)]","[(0, 29373.3125), (1, 30213.80859375)]","[(0, 24918.89453125), (1, 24506.3046875)]","[(0, 25523.26171875), (1, 25329.203125)]","[(1, 1934.3753551136363), (2, 2167.60859375), (4, 2226.8304332386365), (0, 2343.529296875), (5, 2520.3544921875), (3, 2701.8576171875)]","[(0, 29100.705078125), (1, 32363.041015625)]","[(1, 1908.571568080357), (2, 2144.8045372596152), (0, 2156.0445963541665), (4, 2440.3522135416665), (5, 2610.800603693182), (3, 2840.2498046875)]","[(0, 31456.3359375), (1, 32676.80078125)]","[(3, 2112.2737165178573), (2, 2203.8509615384614), (4, 2216.0046875), (5, 2232.80859375), (0, 2253.8233173076924), (1, 2385.698660714286)]","[(0, 31707.462890625), (1, 25366.79296875)]"
431,"[(0, 24617.966796875), (1, 23754.65625)]","[(0, 20640.8046875), (1, 20773.03515625)]","[(0, 28065.041015625), (1, 28574.50390625)]","[(0, 21824.875), (1, 21611.603515625)]","[(0, 22821.939453125), (1, 23084.28515625)]","[(0, 31913.6328125), (1, 31947.830078125)]","[(0, 27970.478515625), (1, 27290.66796875)]","[(0, 29129.556640625), (1, 31532.35546875)]","[(1, 2044.6304408482142), (0, 2188.2734375), (4, 2208.3092912946427), (2, 2215.751502403846), (3, 2363.8682391826924), (5, 2396.760516826923)]","[(0, 29912.828125), (1, 24855.169921875)]","[(4, 1895.4115084134614), (5, 1897.2540690104167), (3, 1909.2646484375), (1, 2116.7240084134614), (2, 2240.4547526041665), (0, 2244.6103515625)]","[(0, 32694.193359375), (1, 31801.67578125)]","[(0, 2403.2628580729165), (3, 2428.5234375), (1, 2485.040715144231), (4, 2569.140324519231), (5, 2665.7159830729165), (2, 2716.6883138020835)]","[(0, 26412.1796875), (1, 22923.544921875)]"
432,"[(0, 24656.642578125), (1, 25717.7265625)]","[(0, 22488.84765625), (1, 23330.90625)]","[(0, 24443.166015625), (1, 26226.3671875)]","[(0, 30525.794921875), (1, 31330.62109375)]","[(0, 28628.89453125), (1, 29682.646484375)]","[(0, 29604.25390625), (1, 30613.693359375)]","[(0, 31070.6796875), (1, 30093.634765625)]","[(0, 29337.953125), (1, 25059.66796875)]","[(4, 2472.3370768229165), (3, 2673.3765980113635), (1, 2675.9680989583335), (5, 2765.8327414772725), (0, 2922.8119673295455), (2, 3046.5738636363635)]","[(0, 28765.541015625), (1, 24398.078125)]","[(1, 1555.2327880859375), (2, 1720.1721354166666), (0, 1796.6580636160713), (4, 2000.6981026785713), (3, 2210.5400390625), (5, 2232.799579326923)]","[(0, 30181.7265625), (1, 26084.1875)]","[(2, 1739.7784830729167), (1, 1868.7614182692307), (0, 2003.9152018229167), (4, 2095.0782752403848), (5, 2148.1819661458335), (3, 2488.5836588541665)]","[(0, 29592.34375), (1, 26592.134765625)]"
433,"[(0, 24700.017578125), (1, 25578.697265625)]","[(0, 22260.95703125), (1, 22702.3515625)]","[(0, 31115.98828125), (1, 28198.890625)]","[(0, 29798.2265625), (1, 28314.73828125)]","[(0, 30854.38671875), (1, 30296.330078125)]","[(0, 24786.7109375), (1, 24737.875)]","[(0, 27878.15234375), (1, 25838.361328125)]","[(0, 32458.36328125), (1, 26537.8671875)]","[(1, 1738.2017299107142), (2, 1792.4256310096155), (0, 2046.3152669270833), (4, 2599.1044921875), (5, 2645.9653764204545), (3, 2920.875390625)]","[(0, 32146.330078125), (1, 33226.34765625)]","[(1, 2721.77890625), (4, 2869.56171875), (2, 2968.7276475694443), (5, 3069.1668836805557), (0, 3310.4405381944443), (3, 3383.8166232638887)]","[(0, 32077.45703125), (1, 37856.04296875)]","[(4, 1955.44765625), (5, 2121.309344951923), (3, 2128.030691964286), (0, 2223.755408653846), (2, 2264.1876627604165), (1, 2314.4736328125)]","[(0, 30661.2578125), (1, 32263.65625)]"
434,"[(0, 24003.080078125), (1, 24770.2421875)]","[(0, 27758.767578125), (1, 25826.48828125)]","[(0, 28981.1171875), (1, 29965.162109375)]","[(0, 25011.796875), (1, 24716.55859375)]","[(0, 21362.32421875), (1, 20893.79296875)]","[(0, 25643.884765625), (1, 25568.57421875)]","[(0, 20850.419921875), (1, 20259.826171875)]","[(0, 26572.841796875), (1, 33181.31640625)]","[(3, 1954.8137428977273), (4, 1968.7556966145833), (5, 2102.583984375), (1, 2300.3523763020835), (0, 2369.684659090909), (2, 2475.822088068182)]","[(0, 21661.828125), (1, 22078.181640625)]","[(4, 2061.6237444196427), (1, 2103.814034598214), (2, 2110.9806189903848), (5, 2130.633563701923), (3, 2333.38427734375), (0, 2382.3375651041665)]","[(0, 29969.451171875), (1, 28902.1484375)]","[(3, 1884.9166666666667), (4, 1894.6170654296875), (5, 2126.117745535714), (1, 2151.3191964285716), (0, 2220.489783653846), (2, 2406.07666015625)]","[(0, 26180.984375), (1, 23666.650390625)]"
435,"[(0, 28312.984375), (1, 28320.193359375)]","[(0, 27992.599609375), (1, 24742.2890625)]","[(0, 25058.328125), (1, 27314.12890625)]","[(0, 26319.296875), (1, 26224.138671875)]","[(0, 29398.982421875), (1, 30195.083984375)]","[(0, 27252.150390625), (1, 26015.794921875)]","[(0, 25859.9296875), (1, 28579.654296875)]","[(0, 22942.85546875), (1, 18522.70703125)]","[(3, 2503.558984375), (0, 2566.708203125), (4, 2642.4927201704545), (1, 2697.9438920454545), (5, 2861.9583984375), (2, 2941.5388671875)]","[(0, 31611.54296875), (1, 32740.87109375)]","[(4, 1468.099609375), (3, 1590.0393629807693), (5, 1641.5185546875), (1, 1747.5477764423076), (0, 1784.2902018229167), (2, 1933.4641335227273)]","[(0, 29469.974609375), (1, 26127.1328125)]","[(1, 2155.53515625), (0, 2158.398259943182), (2, 2252.16650390625), (4, 2673.6876627604165), (5, 2822.571377840909), (3, 2866.39453125)]","[(0, 27944.00390625), (1, 24496.37109375)]"
436,"[(0, 25826.142578125), (1, 27888.7890625)]","[(0, 26991.689453125), (1, 25613.970703125)]","[(0, 22512.28125), (1, 22332.658203125)]","[(0, 24967.634765625), (1, 26492.880859375)]","[(0, 25561.1875), (1, 24848.79296875)]","[(0, 21650.654296875), (1, 21944.31640625)]","[(0, 28473.12109375), (1, 30155.861328125)]","[(0, 28463.671875), (1, 28495.55859375)]","[(1, 1586.6156939338234), (2, 1666.841796875), (0, 1746.9626302083334), (4, 1953.1541748046875), (3, 2003.430385044643), (5, 2049.105989583333)]","[(0, 31598.9140625), (1, 23972.701171875)]","[(4, 1810.4610770089287), (5, 1937.5084635416667), (1, 1944.0662560096155), (2, 2119.3900923295455), (3, 2157.6901041666665), (0, 2261.2787642045455)]","[(0, 32075.837890625), (1, 29068.55859375)]","[(4, 2666.1839488636365), (5, 2843.697265625), (3, 2894.54296875), (1, 2911.3364701704545), (2, 3202.3203125), (0, 3252.3556640625)]","[(0, 26913.880859375), (1, 27421.84375)]"
437,"[(0, 32905.2421875), (1, 33765.36328125)]","[(0, 30716.8671875), (1, 28613.388671875)]","[(0, 26007.16015625), (1, 23852.1796875)]","[(0, 27181.916015625), (1, 27167.169921875)]","[(0, 28616.583984375), (1, 29423.46875)]","[(0, 25330.65234375), (1, 25419.369140625)]","[(0, 26653.423828125), (1, 25406.109375)]","[(0, 30444.12890625), (1, 34121.47265625)]","[(4, 2144.5899832589284), (3, 2199.6114783653848), (5, 2316.9420572916665), (1, 2629.1100260416665), (0, 2659.64453125), (2, 2932.0751953125)]","[(0, 29191.48828125), (1, 36289.98828125)]","[(1, 1864.6204927884614), (2, 1896.4490559895833), (0, 2030.6695667613637), (4, 2595.6218039772725), (5, 2833.1107421875), (3, 3001.5944010416665)]","[(0, 31742.771484375), (1, 33938.3046875)]","[(3, 2303.573046875), (0, 2383.3352272727275), (1, 2436.8592122395835), (4, 2503.2581676136365), (2, 2653.728693181818), (5, 2765.3580078125)]","[(0, 28562.6796875), (1, 24433.02734375)]"
438,"[(0, 26146.078125), (1, 28216.080078125)]","[(0, 33532.0390625), (1, 30186.044921875)]","[(0, 21271.736328125), (1, 22838.9453125)]","[(0, 31403.462890625), (1, 30770.169921875)]","[(0, 25514.671875), (1, 25303.3203125)]","[(0, 38036.984375), (1, 37091.953125)]","[(0, 24314.48046875), (1, 25028.357421875)]","[(0, 28808.50390625), (1, 27939.66015625)]","[(4, 1434.81494140625), (2, 1443.4856770833333), (1, 1447.482421875), (5, 1455.763671875), (0, 1675.1852463942307), (3, 1700.9618489583333)]","[(0, 23998.48046875), (1, 23948.5703125)]","[(4, 2089.453125), (3, 2156.9645647321427), (5, 2239.3399939903848), (1, 2432.4090401785716), (2, 2621.4560546875), (0, 2728.7109375)]","[(0, 31700.509765625), (1, 32807.6015625)]","[(4, 1923.22265625), (1, 2046.6822150735295), (5, 2151.8234375), (3, 2188.7760416666665), (2, 2267.9283854166665), (0, 2387.30703125)]","[(0, 23019.2578125), (1, 24110.7265625)]"
439,"[(0, 28537.46875), (1, 28539.236328125)]","[(0, 25724.693359375), (1, 25197.728515625)]","[(0, 26806.6015625), (1, 26292.52734375)]","[(0, 24638.259765625), (1, 22411.75)]","[(0, 22928.291015625), (1, 24122.7578125)]","[(0, 34684.96484375), (1, 34361.2265625)]","[(0, 30726.2421875), (1, 31925.50390625)]","[(0, 33300.546875), (1, 29906.380859375)]","[(4, 2262.575420673077), (5, 2467.0071022727275), (3, 2520.9168294270835), (1, 2862.4443359375), (0, 3200.71484375), (2, 3247.787109375)]","[(0, 28816.30859375), (1, 33656.28125)]","[(4, 1642.6352982954545), (3, 1792.8064453125), (5, 1852.8607421875), (1, 1978.16015625), (0, 2138.69296875), (2, 2196.7623046875)]","[(0, 30876.46484375), (1, 29305.431640625)]","[(1, 2052.6639122596152), (2, 2078.9285481770835), (4, 2123.90625), (0, 2284.986150568182), (5, 2373.719637784091), (3, 2394.519140625)]","[(0, 28263.693359375), (1, 23797.625)]"
440,"[(0, 27596.8828125), (1, 28629.822265625)]","[(0, 28179.265625), (1, 28005.33984375)]","[(0, 19911.515625), (1, 19529.94921875)]","[(0, 31910.6796875), (1, 30169.638671875)]","[(0, 22944.65234375), (1, 23730.361328125)]","[(0, 30446.3359375), (1, 31352.23046875)]","[(0, 30297.45703125), (1, 28806.5546875)]","[(0, 25883.642578125), (1, 30522.4453125)]","[(4, 1879.6323939732142), (5, 2001.9820963541667), (1, 2004.34765625), (3, 2066.3019205729165), (2, 2160.8531901041665), (0, 2264.9391276041665)]","[(0, 22252.55078125), (1, 22732.509765625)]","[(1, 2164.0807291666665), (2, 2197.6926491477275), (0, 2375.239169034091), (4, 2640.1123046875), (5, 2729.9417613636365), (3, 2906.523259943182)]","[(0, 32768.328125), (1, 32169.45703125)]","[(4, 2025.345703125), (3, 2270.566706730769), (1, 2288.7525540865386), (5, 2339.4627278645835), (0, 2365.47802734375), (2, 2573.1344105113635)]","[(0, 28248.306640625), (1, 25352.814453125)]"
441,"[(0, 33462.94140625), (1, 35392.546875)]","[(0, 25043.755859375), (1, 24799.408203125)]","[(0, 25142.61328125), (1, 27149.892578125)]","[(0, 25160.771484375), (1, 23438.82421875)]","[(0, 33386.78515625), (1, 32188.267578125)]","[(0, 29795.697265625), (1, 29902.73046875)]","[(0, 33358.23828125), (1, 34557.9765625)]","[(0, 29559.990234375), (1, 34384.6953125)]","[(1, 1892.8498697916666), (4, 2004.6743861607142), (0, 2027.020733173077), (2, 2044.4998604910713), (3, 2205.7892252604165), (5, 2243.673076923077)]","[(0, 27935.95703125), (1, 23418.603515625)]","[(4, 1536.9525146484375), (5, 1616.5629185267858), (3, 1675.5653645833333), (1, 2034.158900669643), (2, 2280.3663736979165), (0, 2328.7450420673076)]","[(0, 21653.193359375), (1, 27175.66796875)]","[(4, 2074.324637276786), (3, 2253.956730769231), (5, 2256.01220703125), (1, 2778.088341346154), (0, 3050.4752604166665), (2, 3081.765625)]","[(0, 24355.9296875), (1, 25890.18359375)]"
442,"[(0, 28911.49609375), (1, 29078.982421875)]","[(0, 25932.513671875), (1, 24346.826171875)]","[(0, 28102.0), (1, 27867.810546875)]","[(0, 26656.67578125), (1, 25378.74609375)]","[(0, 29915.70703125), (1, 28059.822265625)]","[(0, 30466.580078125), (1, 29784.814453125)]","[(0, 31599.365234375), (1, 31657.69921875)]","[(0, 23752.255859375), (1, 27010.203125)]","[(1, 1888.4097900390625), (4, 1988.0381510416667), (2, 2026.185546875), (0, 2061.9973493303573), (5, 2109.3327287946427), (3, 2262.0966045673076)]","[(0, 26902.20703125), (1, 24482.662109375)]","[(1, 1502.473388671875), (2, 1642.467578125), (0, 1695.575474330357), (4, 1873.3564453125), (5, 2031.11328125), (3, 2146.3245442708335)]","[(0, 23946.7890625), (1, 30003.30859375)]","[(1, 1936.3267299107142), (0, 1959.1324869791667), (2, 2172.347956730769), (4, 2569.1865234375), (5, 2797.5656960227275), (3, 2863.462890625)]","[(0, 24507.9375), (1, 26061.412109375)]"
443,"[(0, 25979.201171875), (1, 27026.25390625)]","[(0, 19547.259765625), (1, 18626.423828125)]","[(0, 18502.033203125), (1, 18370.37890625)]","[(0, 24577.640625), (1, 22681.015625)]","[(0, 30897.701171875), (1, 33062.6796875)]","[(0, 33702.88671875), (1, 33056.4375)]","[(0, 29147.453125), (1, 29530.546875)]","[(0, 28195.744140625), (1, 31695.64453125)]","[(1, 1766.442138671875), (0, 1861.435267857143), (2, 1902.5430989583333), (4, 2086.164481026786), (3, 2197.5919596354165), (5, 2261.939002403846)]","[(0, 25970.677734375), (1, 24640.515625)]","[(1, 1977.7357421875), (2, 2105.5106336805557), (0, 2205.861762152778), (4, 2587.8236328125), (5, 2828.9299045138887), (3, 2957.162109375)]","[(0, 18523.99609375), (1, 18500.146484375)]","[(4, 2909.199396306818), (5, 2923.92421875), (3, 2997.3166015625), (1, 3329.5276988636365), (2, 3361.515625), (0, 3431.959765625)]","[(0, 29427.171875), (1, 25243.041015625)]"
444,"[(0, 30488.29296875), (1, 32302.7890625)]","[(0, 27219.138671875), (1, 26780.51171875)]","[(0, 27985.95703125), (1, 31528.14453125)]","[(0, 28679.203125), (1, 27811.951171875)]","[(0, 28366.470703125), (1, 29312.587890625)]","[(0, 29328.1640625), (1, 29918.162109375)]","[(0, 24893.2890625), (1, 25131.681640625)]","[(0, 34107.19140625), (1, 32140.384765625)]","[(1, 1698.1939174107142), (0, 1820.2509765625), (2, 1907.2958233173076), (4, 1917.5343424479167), (3, 2152.767578125), (5, 2186.6459517045455)]","[(0, 31497.640625), (1, 25168.33203125)]","[(1, 1712.1475260416667), (2, 1815.3367745535713), (0, 1970.591045673077), (4, 2394.4375), (5, 2580.3224158653848), (3, 2758.669921875)]","[(0, 31025.19921875), (1, 32727.166015625)]","[(1, 1917.7633713942307), (2, 2062.0206705729165), (4, 2239.6302083333335), (0, 2251.082208806818), (5, 2495.697088068182), (3, 2658.980078125)]","[(0, 29077.3203125), (1, 26020.03515625)]"
445,"[(0, 25267.802734375), (1, 26060.9375)]","[(0, 25132.44921875), (1, 25356.173828125)]","[(0, 23295.2890625), (1, 25354.482421875)]","[(0, 27699.2421875), (1, 28047.623046875)]","[(0, 26514.974609375), (1, 26930.03125)]","[(0, 10729.427734375), (1, 10801.19140625)]","[(0, 24487.44921875), (1, 24451.58203125)]","[(0, 26845.4375), (1, 26644.072265625)]","[(4, 1847.4482421875), (3, 1912.0033854166666), (5, 2062.713309151786), (1, 2082.6453125), (0, 2222.797433035714), (2, 2430.509465144231)]","[(0, 22950.232421875), (1, 21593.845703125)]","[(4, 1740.167271205357), (3, 1917.862079326923), (5, 2008.6985677083333), (1, 2448.70068359375), (0, 2708.549715909091), (2, 2710.0044921875)]","[(0, 31367.662109375), (1, 35968.828125)]","[(1, 1541.120342548077), (4, 1578.87109375), (2, 1675.5558268229167), (0, 1714.4578450520833), (5, 1726.6443684895833), (3, 1777.2115885416667)]","[(0, 28714.669921875), (1, 30614.974609375)]"
446,"[(0, 28382.462890625), (1, 28688.6953125)]","[(0, 22806.75390625), (1, 22775.99609375)]","[(0, 27112.529296875), (1, 27731.25)]","[(0, 24417.654296875), (1, 24297.513671875)]","[(0, 26198.443359375), (1, 25801.59765625)]","[(0, 32655.1484375), (1, 31571.7421875)]","[(0, 23749.60546875), (1, 23724.431640625)]","[(0, 23957.75390625), (1, 27164.861328125)]","[(4, 1504.5855712890625), (5, 1608.740931919643), (1, 1608.917724609375), (3, 1611.8907645089287), (0, 1709.0467354910713), (2, 1736.0498046875)]","[(0, 20987.595703125), (1, 22988.56640625)]","[(4, 1662.0126953125), (5, 1778.0307992788462), (3, 1806.9541766826924), (1, 1838.0581752232142), (2, 1959.4278846153845), (0, 2020.6224459134614)]","[(0, 27035.17578125), (1, 25148.154296875)]","[(2, 1960.34375), (1, 1961.1573660714287), (5, 2012.7928185096155), (4, 2017.9959542410713), (3, 2229.3439127604165), (0, 2232.4544270833335)]","[(0, 24754.537109375), (1, 22208.474609375)]"
447,"[(0, 24057.900390625), (1, 24750.453125)]","[(0, 26489.546875), (1, 26817.87890625)]","[(0, 27566.212890625), (1, 26775.17578125)]","[(0, 30130.8515625), (1, 29162.3828125)]","[(0, 25936.49609375), (1, 25190.615234375)]","[(0, 14832.8125), (1, 14369.0947265625)]","[(0, 29937.37109375), (1, 30061.794921875)]","[(0, 30216.921875), (1, 34021.1328125)]","[(1, 1589.569140625), (2, 1758.699497767857), (0, 1832.2982271634614), (4, 2062.443917410714), (5, 2367.916015625), (3, 2387.6917317708335)]","[(0, 26676.537109375), (1, 26402.30859375)]","[(3, 1665.6417410714287), (4, 1687.8825520833334), (5, 1908.2053786057693), (1, 2017.845703125), (0, 2147.4833984375), (2, 2300.3414417613635)]","[(0, 29699.72265625), (1, 30356.3125)]","[(3, 3063.7730823863635), (0, 3091.158380681818), (4, 3196.6389973958335), (1, 3259.1214192708335), (2, 3620.439630681818), (5, 3630.404119318182)]","[(0, 30073.810546875), (1, 27534.7109375)]"
448,"[(0, 29972.908203125), (1, 31328.37890625)]","[(0, 24165.72265625), (1, 24139.05078125)]","[(0, 19369.39453125), (1, 19989.88671875)]","[(0, 26055.994140625), (1, 25395.306640625)]","[(0, 22852.017578125), (1, 21576.880859375)]","[(0, 28747.576171875), (1, 29446.826171875)]","[(0, 27135.52734375), (1, 26691.01953125)]","[(0, 27596.515625), (1, 24224.09765625)]","[(1, 1927.1225961538462), (0, 2058.904119318182), (4, 2063.3798828125), (2, 2101.08056640625), (5, 2248.7389914772725), (3, 2252.10625)]","[(0, 20940.951171875), (1, 23231.970703125)]","[(4, 1932.4266826923076), (3, 2102.5037434895835), (5, 2212.8307883522725), (1, 2591.728515625), (0, 2837.4234375), (2, 3165.8077256944443)]","[(0, 31397.978515625), (1, 28431.6875)]","[(4, 1978.5205729166667), (5, 2070.294621394231), (1, 2170.453125), (3, 2233.2578125), (2, 2303.665127840909), (0, 2542.4021809895835)]","[(0, 27740.455078125), (1, 27622.6875)]"
449,"[(0, 23941.490234375), (1, 24426.29296875)]","[(0, 19547.669921875), (1, 20846.046875)]","[(0, 29582.41015625), (1, 29807.662109375)]","[(0, 25397.439453125), (1, 23310.357421875)]","[(0, 31618.265625), (1, 31617.84375)]","[(0, 33949.6328125), (1, 33153.515625)]","[(0, 25375.189453125), (1, 26244.830078125)]","[(0, 24979.734375), (1, 28127.017578125)]","[(4, 1673.0048828125), (3, 1749.7654947916667), (5, 2000.4271763392858), (1, 2605.262276785714), (0, 2644.701622596154), (2, 2957.4371744791665)]","[(0, 27883.255859375), (1, 27742.544921875)]","[(2, 1554.6344401041667), (1, 1583.1774338942307), (0, 1671.5465494791667), (4, 2117.7415865384614), (5, 2145.4894205729165), (3, 2299.8806966145835)]","[(0, 34444.39453125), (1, 30002.736328125)]","[(1, 2444.1534830729165), (4, 2495.6827799479165), (0, 2530.2984730113635), (2, 2544.1363636363635), (3, 2559.5949928977275), (5, 2652.645596590909)]","[(0, 23642.625), (1, 24628.369140625)]"
450,"[(0, 31297.98046875), (1, 32219.931640625)]","[(0, 18550.513671875), (1, 19586.279296875)]","[(0, 28645.03515625), (1, 27364.607421875)]","[(0, 25557.923828125), (1, 24432.166015625)]","[(0, 26171.771484375), (1, 24673.8828125)]","[(0, 27232.84765625), (1, 27230.35546875)]","[(0, 19882.048828125), (1, 22356.908203125)]","[(0, 31676.212890625), (1, 26488.96484375)]","[(2, 1630.3899739583333), (1, 1641.159423828125), (0, 1729.382114955357), (4, 1932.001255580357), (5, 2015.8587740384614), (3, 2128.5738932291665)]","[(0, 19390.6484375), (1, 22271.955078125)]","[(4, 1866.1449908088234), (1, 1873.2950367647059), (2, 1957.7315104166667), (5, 1976.7985677083334), (0, 2076.8537760416666), (3, 2097.09296875)]","[(0, 33836.76171875), (1, 36107.16015625)]","[(5, 2254.8979048295455), (4, 2505.00390625), (3, 2630.4215198863635), (2, 2739.7404296875), (1, 2839.6839488636365), (0, 3113.9322265625)]","[(0, 28622.642578125), (1, 30709.837890625)]"
451,"[(0, 29558.693359375), (1, 30569.666015625)]","[(0, 18644.65625), (1, 19085.474609375)]","[(0, 27163.30859375), (1, 28790.873046875)]","[(0, 21282.208984375), (1, 21151.115234375)]","[(0, 22427.14453125), (1, 22724.814453125)]","[(0, 24414.44140625), (1, 25599.9765625)]","[(0, 29597.67578125), (1, 30877.201171875)]","[(0, 27812.505859375), (1, 33642.70703125)]","[(1, 2370.5958533653848), (2, 2409.5486653645835), (0, 2445.1349283854165), (4, 2642.987079326923), (5, 2720.919921875), (3, 2723.2950846354165)]","[(0, 31479.833984375), (1, 28369.255859375)]","[(4, 3154.5859375), (1, 3305.5397727272725), (3, 3523.392578125), (5, 3546.23515625), (2, 3709.754296875), (0, 3729.43125)]","[(0, 32298.720703125), (1, 27368.884765625)]","[(1, 2190.952706473214), (2, 2267.7989783653848), (0, 2292.5948893229165), (4, 2633.222956730769), (5, 2918.8258463541665), (3, 2981.1530539772725)]","[(0, 28359.21875), (1, 24064.2109375)]"
452,"[(0, 28298.73046875), (1, 29900.5625)]","[(0, 23037.419921875), (1, 23621.080078125)]","[(0, 28710.150390625), (1, 27124.685546875)]","[(0, 32226.939453125), (1, 31454.234375)]","[(0, 24743.962890625), (1, 24274.58203125)]","[(0, 28739.875), (1, 28597.048828125)]","[(0, 18733.005859375), (1, 20977.310546875)]","[(0, 29598.58203125), (1, 26715.744140625)]","[(4, 2051.1340680803573), (3, 2274.732421875), (5, 2274.762920673077), (1, 2291.1990792410716), (0, 2562.948918269231), (2, 2573.102764423077)]","[(0, 26537.28515625), (1, 19355.341796875)]","[(4, 2945.0728515625), (1, 3001.930859375), (3, 3099.7413194444443), (0, 3127.287109375), (5, 3247.9034288194443), (2, 3293.2599826388887)]","[(0, 24974.8515625), (1, 29217.3359375)]","[(1, 1702.2064887152778), (0, 1734.1224365234375), (2, 1798.4883961397059), (3, 1977.4174107142858), (4, 2115.209228515625), (5, 2330.00234375)]","[(0, 28813.75390625), (1, 30665.119140625)]"
453,"[(0, 29809.96484375), (1, 30538.169921875)]","[(0, 23080.80859375), (1, 22956.228515625)]","[(0, 31421.884765625), (1, 29689.978515625)]","[(0, 25336.162109375), (1, 25202.4609375)]","[(0, 27539.673828125), (1, 26177.638671875)]","[(0, 28818.314453125), (1, 28630.72265625)]","[(0, 25658.34375), (1, 25933.009765625)]","[(0, 27711.10546875), (1, 34682.31640625)]","[(1, 1906.883091517857), (2, 1988.1879507211538), (0, 2370.23828125), (4, 2566.7376302083335), (5, 2589.7444957386365), (3, 3116.1275390625)]","[(0, 23672.29296875), (1, 27480.697265625)]","[(2, 1311.985546875), (1, 1313.5975341796875), (0, 1333.3676060267858), (5, 1476.2313058035713), (4, 1532.45703125), (3, 1587.0911959134614)]","[(0, 30055.91796875), (1, 34408.21484375)]","[(1, 1724.317599826389), (4, 1771.9163411458333), (0, 1791.376953125), (2, 1850.6505126953125), (3, 1871.6513671875), (5, 1915.232421875)]","[(0, 26227.265625), (1, 28459.140625)]"
454,"[(0, 29817.1015625), (1, 31359.109375)]","[(0, 24755.646484375), (1, 24639.833984375)]","[(0, 22322.0546875), (1, 21097.626953125)]","[(0, 30677.55078125), (1, 30799.3828125)]","[(0, 35152.234375), (1, 35535.7109375)]","[(0, 26817.494140625), (1, 26698.017578125)]","[(0, 30538.2265625), (1, 30454.7578125)]","[(0, 26252.240234375), (1, 25644.423828125)]","[(1, 1701.7666666666667), (2, 1714.057896205357), (0, 2015.4223257211538), (4, 2240.3868689903848), (5, 2248.2093098958335), (3, 2575.6264204545455)]","[(0, 25448.83984375), (1, 30056.119140625)]","[(1, 2271.0301983173076), (0, 2284.09912109375), (4, 2353.48046875), (2, 2355.9503580729165), (3, 2437.8727213541665), (5, 2557.5283203125)]","[(0, 28264.556640625), (1, 33139.38671875)]","[(4, 1410.252261513158), (3, 1488.9844835069443), (5, 1574.8540900735295), (1, 1789.4620225694443), (0, 1904.9358915441176), (2, 1951.7633056640625)]","[(0, 35801.10546875), (1, 35835.0234375)]"
455,"[(0, 25646.845703125), (1, 27778.81640625)]","[(0, 24344.111328125), (1, 24440.416015625)]","[(0, 22255.69140625), (1, 19658.400390625)]","[(0, 27785.677734375), (1, 27965.837890625)]","[(0, 27734.58203125), (1, 27386.876953125)]","[(0, 31583.306640625), (1, 32176.482421875)]","[(0, 22231.826171875), (1, 22623.595703125)]","[(0, 26164.53515625), (1, 24700.982421875)]","[(5, 2361.1507161458335), (4, 2395.4100060096152), (1, 2417.992638221154), (2, 2428.8499348958335), (3, 2502.5443892045455), (0, 2600.383877840909)]","[(0, 25500.87890625), (1, 30850.060546875)]","[(0, 2184.863671875), (1, 2306.195134943182), (4, 2433.77265625), (3, 2461.6853298611113), (2, 2579.1732421875), (5, 2993.9296875)]","[(0, 29977.25390625), (1, 32124.357421875)]","[(4, 2215.115652901786), (5, 2316.7899639423076), (3, 2382.249248798077), (1, 2428.061104910714), (2, 2603.8287259615386), (0, 2666.028846153846)]","[(0, 28839.3203125), (1, 29990.20703125)]"
456,"[(0, 30844.353515625), (1, 31660.62890625)]","[(0, 27717.052734375), (1, 25944.2890625)]","[(0, 21008.701171875), (1, 19841.154296875)]","[(0, 31619.44140625), (1, 30147.548828125)]","[(0, 23517.033203125), (1, 25385.064453125)]","[(0, 31938.62890625), (1, 31494.45703125)]","[(0, 22474.9765625), (1, 23606.623046875)]","[(0, 29214.966796875), (1, 29576.119140625)]","[(1, 1733.288143382353), (4, 1769.1395263671875), (0, 1830.33671875), (3, 1887.2607421875), (2, 1944.78203125), (5, 1960.0897042410713)]","[(0, 26760.240234375), (1, 34741.8359375)]","[(4, 1507.1325520833334), (3, 1687.9393136160713), (5, 1728.481670673077), (1, 2010.9489182692307), (0, 2162.2220052083335), (2, 2257.368075284091)]","[(0, 25709.880859375), (1, 26952.333984375)]","[(4, 1752.1741943359375), (1, 2022.1662760416666), (5, 2073.3177584134614), (3, 2092.588341346154), (2, 2201.4939903846152), (0, 2262.1915564903848)]","[(0, 26218.513671875), (1, 23087.435546875)]"
457,"[(0, 25639.58203125), (1, 26927.103515625)]","[(0, 27750.509765625), (1, 25371.486328125)]","[(0, 28149.61328125), (1, 29882.689453125)]","[(0, 24391.84375), (1, 23917.029296875)]","[(0, 24169.5234375), (1, 25429.55078125)]","[(0, 30968.32421875), (1, 30934.79296875)]","[(0, 26054.376953125), (1, 24946.19140625)]","[(0, 23148.947265625), (1, 25849.033203125)]","[(3, 1384.26611328125), (4, 1411.4842601102941), (5, 1488.4477864583334), (1, 1512.154296875), (0, 1512.2772042410713), (2, 1665.9448617788462)]","[(0, 20483.947265625), (1, 18985.91796875)]","[(4, 2452.8794921875), (1, 2477.9951171875), (3, 2560.8854166666665), (0, 2597.215277777778), (2, 2632.8899739583335), (5, 2636.7873263888887)]","[(0, 38081.6640625), (1, 36319.27734375)]","[(4, 2167.3239397321427), (5, 2357.5935997596152), (1, 2369.7530691964284), (3, 2381.9493689903848), (2, 2581.237980769231), (0, 2612.621394230769)]","[(0, 27365.0234375), (1, 24250.865234375)]"
458,"[(0, 25002.876953125), (1, 26399.615234375)]","[(0, 24664.048828125), (1, 23424.1640625)]","[(0, 26874.3828125), (1, 30891.45703125)]","[(0, 24353.537109375), (1, 23562.44921875)]","[(0, 27152.974609375), (1, 28017.279296875)]","[(0, 33971.3046875), (1, 33979.56640625)]","[(0, 24098.568359375), (1, 22473.068359375)]","[(0, 24233.2265625), (1, 27656.55859375)]","[(1, 1847.802490234375), (4, 1891.3360677083333), (2, 1973.8321707589287), (5, 2069.224909855769), (0, 2114.585518973214), (3, 2263.7560096153848)]","[(0, 24649.400390625), (1, 24679.767578125)]","[(4, 1479.5084228515625), (3, 1576.5959635416666), (5, 1603.1049107142858), (1, 1936.2953404017858), (2, 2157.35693359375), (0, 2246.090144230769)]","[(0, 29843.701171875), (1, 30376.380859375)]","[(0, 1774.7002704326924), (1, 1777.4287760416667), (4, 1883.937779017857), (2, 2090.7430889423076), (3, 2100.4835611979165), (5, 2257.58984375)]","[(0, 25342.63671875), (1, 23167.12109375)]"
459,"[(0, 28473.798828125), (1, 30121.45703125)]","[(0, 23931.10546875), (1, 22590.953125)]","[(0, 23225.478515625), (1, 21209.9140625)]","[(0, 39865.15625), (1, 39434.46875)]","[(0, 24766.4609375), (1, 24522.294921875)]","[(0, 29337.05859375), (1, 30830.23828125)]","[(0, 28151.787109375), (1, 28407.0234375)]","[(0, 23956.291015625), (1, 24167.265625)]","[(3, 1896.28271484375), (0, 1987.3025716145833), (4, 2080.2001201923076), (1, 2142.8990384615386), (5, 2170.6267903645835), (2, 2289.9684244791665)]","[(0, 26820.412109375), (1, 30817.01171875)]","[(1, 2279.00537109375), (2, 2407.4792258522725), (4, 2427.5163352272725), (0, 2650.1220703125), (5, 2735.5708984375), (3, 2945.8411458333335)]","[(0, 22904.095703125), (1, 27057.41015625)]","[(4, 2458.3480113636365), (3, 2640.3291015625), (5, 2721.890625), (1, 2898.443359375), (0, 3147.1458984375), (2, 3171.0849609375)]","[(0, 33104.29296875), (1, 28036.55078125)]"
460,"[(0, 32660.630859375), (1, 32318.1328125)]","[(0, 18201.189453125), (1, 17681.18359375)]","[(0, 21770.181640625), (1, 21691.224609375)]","[(0, 22094.546875), (1, 21691.34765625)]","[(0, 29721.3671875), (1, 30358.484375)]","[(0, 30942.375), (1, 30600.583984375)]","[(0, 20830.544921875), (1, 20321.904296875)]","[(0, 31817.875), (1, 27485.517578125)]","[(0, 2704.11572265625), (1, 2823.3389423076924), (2, 2873.4967447916665), (3, 3556.283380681818), (4, 3582.330078125), (5, 3887.06640625)]","[(0, 24061.478515625), (1, 26183.40625)]","[(5, 2544.9907670454545), (4, 2546.1363932291665), (3, 2710.082208806818), (1, 2746.4847005208335), (2, 2752.142755681818), (0, 2949.09765625)]","[(0, 25314.134765625), (1, 31720.86328125)]","[(1, 1829.398158482143), (2, 1961.0579927884614), (0, 2036.36328125), (4, 2370.8147786458335), (5, 2499.0553977272725), (3, 2554.347265625)]","[(0, 29017.068359375), (1, 25602.248046875)]"
461,"[(0, 29737.69921875), (1, 32985.58203125)]","[(0, 20695.40234375), (1, 20521.9765625)]","[(0, 36047.3984375), (1, 36369.3984375)]","[(0, 30983.181640625), (1, 29149.98046875)]","[(0, 26543.892578125), (1, 26602.86328125)]","[(0, 30209.3984375), (1, 28224.69140625)]","[(0, 15932.4794921875), (1, 16700.93359375)]","[(0, 24589.94921875), (1, 25727.76171875)]","[(3, 1868.3482142857142), (0, 1891.1309988839287), (1, 1949.980078125), (4, 1955.259375), (2, 2046.130108173077), (5, 2123.1490384615386)]","[(0, 28331.646484375), (1, 32175.74609375)]","[(2, 1759.9008091517858), (1, 1817.7200520833333), (0, 1823.428936298077), (4, 2453.7080829326924), (5, 2655.3815104166665), (3, 2707.256036931818)]","[(0, 27327.9140625), (1, 28936.431640625)]","[(4, 2793.419921875), (1, 2959.5784505208335), (3, 3062.6803977272725), (5, 3093.1843039772725), (0, 3253.3952414772725), (2, 3329.41015625)]","[(0, 28354.54296875), (1, 29600.98046875)]"
462,"[(0, 32314.98828125), (1, 33001.59765625)]","[(0, 22499.015625), (1, 22143.654296875)]","[(0, 31246.771484375), (1, 28540.705078125)]","[(0, 20392.609375), (1, 21088.3125)]","[(0, 26633.248046875), (1, 30060.1875)]","[(0, 33001.62890625), (1, 34653.484375)]","[(0, 26178.486328125), (1, 25595.412109375)]","[(0, 23186.66015625), (1, 19177.337890625)]","[(4, 1593.7873391544117), (1, 1689.8603515625), (5, 1693.1140625), (2, 1745.306396484375), (3, 1812.4006510416666), (0, 1877.9986572265625)]","[(0, 27549.025390625), (1, 31821.39453125)]","[(2, 1577.8673270089287), (1, 1655.9779947916666), (5, 1936.2967122395833), (0, 1936.978515625), (4, 2157.3736478365386), (3, 2485.5241477272725)]","[(0, 38084.28125), (1, 37342.03515625)]","[(4, 1846.004150390625), (5, 1964.4107142857142), (3, 1967.2428385416667), (0, 2099.8253348214284), (1, 2116.51171875), (2, 2230.033203125)]","[(0, 25915.505859375), (1, 24726.15234375)]"
463,"[(0, 25529.931640625), (1, 25944.51171875)]","[(0, 20004.32421875), (1, 19470.3125)]","[(0, 27224.9296875), (1, 25411.41796875)]","[(0, 22903.02734375), (1, 22048.78515625)]","[(0, 26682.798828125), (1, 29156.236328125)]","[(0, 28828.70703125), (1, 29198.224609375)]","[(0, 27947.521484375), (1, 28200.529296875)]","[(0, 28180.259765625), (1, 28588.5703125)]","[(4, 2098.3377511160716), (5, 2154.230168269231), (3, 2274.0818810096152), (1, 2344.5089285714284), (2, 2398.294921875), (0, 2520.0494290865386)]","[(0, 27446.150390625), (1, 30356.3125)]","[(1, 2109.4775390625), (0, 2226.1044170673076), (2, 2400.528094951923), (3, 2569.4757486979165), (4, 2579.153846153846), (5, 2787.7249348958335)]","[(0, 24671.953125), (1, 22978.39453125)]","[(0, 1895.6046549479167), (1, 1913.636439732143), (2, 2019.8442007211538), (4, 2344.9353841145835), (3, 2475.71328125), (5, 2479.4302201704545)]","[(0, 28067.771484375), (1, 29079.177734375)]"
464,"[(0, 30551.16015625), (1, 31749.0703125)]","[(0, 28320.083984375), (1, 28297.220703125)]","[(0, 21057.32421875), (1, 22520.720703125)]","[(0, 31859.8984375), (1, 31090.658203125)]","[(0, 35759.5078125), (1, 34740.28125)]","[(0, 28340.21484375), (1, 26786.923828125)]","[(0, 24545.33984375), (1, 24771.96484375)]","[(0, 33170.94140625), (1, 35088.59765625)]","[(1, 1950.8598958333334), (4, 1979.8422154017858), (0, 2032.8533653846155), (2, 2301.0438701923076), (3, 2309.47021484375), (5, 2481.1329752604165)]","[(0, 30939.896484375), (1, 24671.060546875)]","[(4, 2054.0602678571427), (5, 2229.0335286458335), (3, 2261.650090144231), (1, 2578.7158203125), (2, 2730.6603515625), (0, 2848.536931818182)]","[(0, 27470.3203125), (1, 27142.333984375)]","[(4, 2450.773137019231), (3, 2616.64306640625), (5, 2680.233309659091), (1, 3033.7268880208335), (2, 3264.7021484375), (0, 3280.5319602272725)]","[(0, 25750.294921875), (1, 26979.642578125)]"
465,"[(0, 27485.15234375), (1, 28821.392578125)]","[(0, 22333.95703125), (1, 22730.3203125)]","[(0, 25997.837890625), (1, 26101.830078125)]","[(0, 36783.6171875), (1, 36168.3359375)]","[(0, 26322.837890625), (1, 28291.416015625)]","[(0, 32237.728515625), (1, 31049.0546875)]","[(0, 23789.138671875), (1, 24317.146484375)]","[(0, 30936.416015625), (1, 28743.931640625)]","[(1, 1580.6713324652778), (2, 1639.2891773897059), (4, 1752.2376708984375), (0, 1774.79736328125), (5, 1888.2434895833333), (3, 2111.919363839286)]","[(0, 28632.962890625), (1, 36012.109375)]","[(4, 1725.9663461538462), (3, 1872.3181966145833), (5, 2046.3268821022727), (1, 2254.966974431818), (0, 2483.7134765625), (2, 2896.8059895833335)]","[(0, 29738.267578125), (1, 33982.3515625)]","[(0, 2206.0816761363635), (2, 2338.615234375), (1, 2359.63134765625), (4, 2530.5035511363635), (3, 2587.4337890625), (5, 2709.21640625)]","[(0, 22829.275390625), (1, 23759.642578125)]"
466,"[(0, 24287.296875), (1, 25238.490234375)]","[(0, 22763.70703125), (1, 22137.869140625)]","[(0, 22833.478515625), (1, 24052.05078125)]","[(0, 27256.6484375), (1, 29216.1640625)]","[(0, 26613.5703125), (1, 25531.978515625)]","[(0, 30336.4609375), (1, 30781.705078125)]","[(0, 20965.890625), (1, 20302.26171875)]","[(0, 26103.224609375), (1, 32976.8984375)]","[(1, 1527.27685546875), (2, 1623.3725260416666), (0, 1772.7705078125), (4, 2304.3623046875), (5, 2400.054236778846), (3, 2597.72412109375)]","[(0, 28681.41796875), (1, 25065.953125)]","[(2, 1772.671875), (1, 1779.571063701923), (0, 2031.3069957386363), (4, 2045.49560546875), (5, 2114.109197443182), (3, 2487.1576171875)]","[(0, 30920.60546875), (1, 32762.767578125)]","[(4, 2832.989483173077), (5, 2870.0845170454545), (3, 2941.9371744791665), (1, 2961.9703776041665), (0, 2992.2272727272725), (2, 3212.500390625)]","[(0, 30399.275390625), (1, 25990.0546875)]"
467,"[(0, 26804.990234375), (1, 27679.462890625)]","[(0, 22314.4140625), (1, 22569.484375)]","[(0, 19679.783203125), (1, 21550.744140625)]","[(0, 21617.251953125), (1, 21803.216796875)]","[(0, 29562.189453125), (1, 28152.646484375)]","[(0, 23903.072265625), (1, 23679.0)]","[(0, 22025.583984375), (1, 19451.80859375)]","[(0, 27233.80859375), (1, 28267.224609375)]","[(5, 1935.4122869318182), (4, 2025.50341796875), (1, 2075.7311789772725), (2, 2079.237890625), (3, 2238.4195667613635), (0, 2450.9154296875)]","[(0, 25116.15625), (1, 24950.1875)]","[(4, 1840.470458984375), (3, 1907.0755208333333), (5, 2114.7772042410716), (1, 2288.5608258928573), (0, 2612.768329326923), (2, 2668.79638671875)]","[(0, 29771.611328125), (1, 34564.17578125)]","[(2, 2644.878018465909), (1, 2700.564453125), (0, 2731.6265980113635), (5, 2852.5630326704545), (4, 2884.1712239583335), (3, 2928.9701704545455)]","[(0, 30417.05078125), (1, 28175.154296875)]"
468,"[(0, 26145.1796875), (1, 27739.900390625)]","[(0, 23310.8671875), (1, 24821.580078125)]","[(0, 22731.05859375), (1, 22662.484375)]","[(0, 25444.615234375), (1, 26295.58984375)]","[(0, 24667.435546875), (1, 22212.880859375)]","[(0, 27868.236328125), (1, 27614.392578125)]","[(0, 33537.859375), (1, 32742.52734375)]","[(0, 22449.505859375), (1, 21533.09765625)]","[(0, 2039.2747896634614), (1, 2102.333984375), (3, 2204.93359375), (2, 2238.526592548077), (4, 2290.9148995535716), (5, 2447.311748798077)]","[(0, 27078.861328125), (1, 31742.197265625)]","[(1, 1585.9716796875), (4, 1827.1174879807693), (2, 1834.89990234375), (0, 1932.8059895833333), (5, 2135.868075284091), (3, 2200.2448508522725)]","[(0, 27862.841796875), (1, 29959.619140625)]","[(1, 1811.1119290865386), (4, 1834.692103794643), (2, 1957.022372159091), (3, 2023.9764122596155), (0, 2038.0750325520833), (5, 2050.0148111979165)]","[(0, 26786.619140625), (1, 28601.46875)]"
469,"[(0, 28875.783203125), (1, 29211.12109375)]","[(0, 17377.08984375), (1, 17385.412109375)]","[(0, 17456.103515625), (1, 18916.1015625)]","[(0, 25650.001953125), (1, 23944.84765625)]","[(0, 28867.33203125), (1, 27668.984375)]","[(0, 26954.955078125), (1, 26946.55078125)]","[(0, 27709.994140625), (1, 28162.337890625)]","[(0, 35215.6171875), (1, 24837.869140625)]","[(4, 1834.0813802083333), (3, 1916.425537109375), (1, 1944.4202665441176), (0, 2046.8696614583334), (5, 2081.97705078125), (2, 2209.8635416666666)]","[(0, 22653.49609375), (1, 17524.9765625)]","[(1, 1670.531947544643), (4, 1713.3126395089287), (2, 1789.1225961538462), (5, 1814.4469651442307), (3, 1853.4368489583333), (0, 1889.7386067708333)]","[(0, 37376.09765625), (1, 33801.73828125)]","[(4, 2217.9716796875), (3, 2358.8372896634614), (5, 2437.6123046875), (0, 2649.124112215909), (1, 2795.5572916666665), (2, 3076.315625)]","[(0, 27168.69921875), (1, 24173.19140625)]"
470,"[(0, 32135.970703125), (1, 33933.0625)]","[(0, 25309.015625), (1, 22433.455078125)]","[(0, 19659.84375), (1, 18971.546875)]","[(0, 23609.86328125), (1, 24447.501953125)]","[(0, 25373.810546875), (1, 23956.154296875)]","[(0, 26822.91796875), (1, 26871.8203125)]","[(0, 20253.1796875), (1, 23403.689453125)]","[(0, 24756.025390625), (1, 30768.615234375)]","[(4, 1302.4946831597222), (5, 1386.998779296875), (1, 1392.9554227941176), (3, 1398.3805147058824), (0, 1449.5823974609375), (2, 1530.7247395833333)]","[(0, 19655.1015625), (1, 22104.431640625)]","[(1, 1145.5364200367646), (0, 1229.81484375), (2, 1248.7615966796875), (4, 1329.2591552734375), (3, 1377.4155970982142), (5, 1392.7044270833333)]","[(0, 31493.40625), (1, 31805.6796875)]","[(1, 1761.9189453125), (4, 1825.4716045673076), (0, 1863.6516335227273), (2, 1915.6791015625), (5, 2046.7368607954545), (3, 2094.8662109375)]","[(0, 29743.76953125), (1, 27320.74609375)]"
471,"[(0, 28218.69140625), (1, 29427.314453125)]","[(0, 25741.798828125), (1, 21762.2109375)]","[(0, 25116.73046875), (1, 23611.328125)]","[(0, 27964.69140625), (1, 27006.236328125)]","[(0, 22684.0), (1, 24890.1796875)]","[(0, 27555.4375), (1, 27480.64453125)]","[(0, 21784.3671875), (1, 26171.896484375)]","[(0, 28742.64453125), (1, 29772.576171875)]","[(1, 1678.0520833333333), (2, 1687.8653738839287), (0, 1805.0629507211538), (4, 1866.0654296875), (5, 2114.7970252403848), (3, 2175.3121744791665)]","[(0, 30081.8125), (1, 25261.341796875)]","[(3, 2396.6324573863635), (4, 2430.8963216145835), (0, 2518.3169389204545), (1, 2536.8680013020835), (5, 2972.967578125), (2, 3064.43046875)]","[(0, 25666.884765625), (1, 27529.853515625)]","[(5, 1614.3409830729167), (4, 1641.5061598557693), (3, 1655.6259765625), (2, 1976.4630533854167), (1, 1978.7055288461538), (0, 2001.09814453125)]","[(0, 30858.330078125), (1, 25173.205078125)]"
472,"[(0, 30668.04296875), (1, 32159.853515625)]","[(0, 24540.541015625), (1, 22125.185546875)]","[(0, 25335.533203125), (1, 25233.099609375)]","[(0, 24905.755859375), (1, 24999.609375)]","[(0, 25392.7890625), (1, 24061.318359375)]","[(0, 29650.875), (1, 30186.361328125)]","[(0, 30501.087890625), (1, 29564.75390625)]","[(0, 25401.724609375), (1, 28774.263671875)]","[(1, 2308.5653545673076), (2, 2398.2923177083335), (4, 2518.7830528846152), (0, 2565.3034446022725), (5, 2583.0574544270835), (3, 2750.342862215909)]","[(0, 22953.056640625), (1, 25551.78125)]","[(1, 2053.7802734375), (2, 2160.824669471154), (4, 2195.3739483173076), (0, 2245.5437825520835), (5, 2353.3050130208335), (3, 2523.271661931818)]","[(0, 31331.99609375), (1, 33171.57421875)]","[(1, 1798.8950737847222), (4, 1815.6063368055557), (0, 1898.427978515625), (3, 1957.9976806640625), (2, 1995.62939453125), (5, 2022.6378173828125)]","[(0, 30136.80078125), (1, 25489.765625)]"
473,"[(0, 22857.05078125), (1, 22828.64453125)]","[(0, 26865.748046875), (1, 23591.38671875)]","[(0, 19708.6328125), (1, 20783.142578125)]","[(0, 25204.6484375), (1, 24883.748046875)]","[(0, 37274.47265625), (1, 37970.15625)]","[(0, 24397.451171875), (1, 24125.86328125)]","[(0, 36282.546875), (1, 35758.65625)]","[(0, 23992.689453125), (1, 21915.18359375)]","[(1, 1963.185825892857), (4, 2225.6204927884614), (0, 2273.0797526041665), (2, 2301.517878605769), (3, 2412.494318181818), (5, 2443.458984375)]","[(0, 35821.2890625), (1, 28326.97265625)]","[(1, 1381.4656479779412), (4, 1454.4851792279412), (5, 1554.47890625), (2, 1565.7298177083333), (3, 1658.236328125), (0, 1677.251953125)]","[(0, 26868.02734375), (1, 26944.77734375)]","[(4, 2444.832589285714), (5, 2524.8505859375), (3, 2640.447716346154), (1, 2987.4225260416665), (2, 3100.1005859375), (0, 3129.9115767045455)]","[(0, 27547.318359375), (1, 28347.8359375)]"
474,"[(0, 30763.24609375), (1, 32103.318359375)]","[(0, 26281.94921875), (1, 24480.001953125)]","[(0, 18310.962890625), (1, 19706.642578125)]","[(0, 21741.71484375), (1, 20924.54296875)]","[(0, 29802.1484375), (1, 28966.029296875)]","[(0, 26404.146484375), (1, 26910.77734375)]","[(0, 23463.3359375), (1, 26810.130859375)]","[(0, 36335.6640625), (1, 30593.728515625)]","[(4, 1638.1240748355262), (3, 1681.080837673611), (5, 1695.7286305147059), (1, 2068.8635110294117), (0, 2277.2119140625), (2, 2281.9895833333335)]","[(0, 25493.560546875), (1, 26181.509765625)]","[(2, 1940.795200892857), (1, 2017.61640625), (0, 2225.045222355769), (4, 2339.0954241071427), (5, 2406.5084134615386), (3, 2538.9471028645835)]","[(0, 31316.103515625), (1, 34454.15234375)]","[(1, 1817.914760044643), (4, 1948.5692608173076), (2, 2089.0868389423076), (3, 2118.183771306818), (0, 2194.5908203125), (5, 2218.6923828125)]","[(0, 26556.197265625), (1, 28152.244140625)]"
475,"[(0, 26533.439453125), (1, 27926.66015625)]","[(0, 27614.021484375), (1, 24520.236328125)]","[(0, 27094.90234375), (1, 28298.623046875)]","[(0, 37179.0390625), (1, 37967.11328125)]","[(0, 32899.9375), (1, 33136.2265625)]","[(0, 31255.861328125), (1, 31359.556640625)]","[(0, 24745.427734375), (1, 28814.0546875)]","[(0, 26218.0625), (1, 28222.26953125)]","[(2, 1873.93310546875), (1, 1949.4076021634614), (5, 2067.4334309895835), (4, 2150.5763221153848), (0, 2162.5314127604165), (3, 2371.5271809895835)]","[(0, 25023.939453125), (1, 22177.955078125)]","[(4, 1700.1071614583334), (3, 1765.7765066964287), (5, 1875.3565204326924), (1, 2011.0602463942307), (0, 2222.96630859375), (2, 2334.0964133522725)]","[(0, 32536.525390625), (1, 30334.201171875)]","[(1, 1649.9759521484375), (2, 1746.814453125), (0, 1801.783482142857), (4, 2012.8719308035713), (5, 2113.3192608173076), (3, 2196.1443684895835)]","[(0, 29710.626953125), (1, 26257.021484375)]"
476,"[(0, 26273.404296875), (1, 27502.693359375)]","[(0, 24533.662109375), (1, 23115.3046875)]","[(0, 32193.2109375), (1, 31041.595703125)]","[(0, 27268.19140625), (1, 28741.353515625)]","[(0, 26818.75), (1, 27374.2109375)]","[(0, 30587.86328125), (1, 30777.44921875)]","[(0, 28027.11328125), (1, 25804.15625)]","[(0, 26721.912109375), (1, 22886.126953125)]","[(4, 1735.1165707236842), (3, 1870.7350260416667), (5, 1871.87890625), (1, 2013.4184283088234), (0, 2098.38232421875), (2, 2177.354557291667)]","[(0, 21699.1875), (1, 22508.99609375)]","[(4, 1673.2921142578125), (1, 1734.0445556640625), (5, 1757.7236328125), (2, 1843.8924386160713), (3, 1908.9190848214287), (0, 2018.346400669643)]","[(0, 28869.12109375), (1, 32646.3359375)]","[(1, 2080.8267045454545), (2, 2201.1744140625), (0, 2459.4921875), (4, 2515.4438920454545), (5, 2676.830859375), (3, 3036.09453125)]","[(0, 30214.5859375), (1, 32599.294921875)]"
477,"[(0, 28895.701171875), (1, 30134.5859375)]","[(0, 23507.52734375), (1, 23387.69140625)]","[(0, 21839.283203125), (1, 20527.2421875)]","[(0, 32851.43359375), (1, 31725.5234375)]","[(0, 28331.37890625), (1, 31303.232421875)]","[(0, 28225.1484375), (1, 27886.47265625)]","[(0, 27064.400390625), (1, 28801.666015625)]","[(0, 26040.0703125), (1, 28122.966796875)]","[(1, 1971.6209635416667), (0, 2114.210186298077), (4, 2118.576171875), (2, 2227.7481971153848), (5, 2405.72802734375), (3, 2425.2068684895835)]","[(0, 26617.251953125), (1, 27341.75390625)]","[(4, 1731.4809895833334), (3, 1776.8477957589287), (5, 1871.8168569711538), (1, 2462.384014423077), (0, 2599.6819661458335), (2, 2660.9231178977275)]","[(0, 22227.26953125), (1, 23086.1796875)]","[(3, 1938.6565504807693), (4, 2005.3341238839287), (0, 2295.0910866477275), (5, 2333.0817057291665), (1, 2339.95361328125), (2, 2860.4958984375)]","[(0, 27824.5234375), (1, 29802.970703125)]"
478,"[(0, 27769.96875), (1, 30080.005859375)]","[(0, 22769.58984375), (1, 22668.66796875)]","[(0, 31152.244140625), (1, 31045.564453125)]","[(0, 25757.736328125), (1, 23200.3515625)]","[(0, 23247.041015625), (1, 20989.69921875)]","[(0, 30306.6171875), (1, 33064.00390625)]","[(0, 30168.0859375), (1, 27437.748046875)]","[(0, 20535.525390625), (1, 19987.884765625)]","[(3, 1376.0247395833333), (4, 1401.1547475961538), (5, 1483.9718424479167), (1, 1641.1759314903845), (0, 1644.7262369791667), (2, 1770.1681315104167)]","[(0, 24661.2265625), (1, 26190.798828125)]","[(2, 1862.3439127604167), (1, 1892.9585336538462), (0, 2092.360440340909), (5, 2144.3197798295455), (4, 2171.2727864583335), (3, 2493.57734375)]","[(0, 34284.79296875), (1, 31335.91015625)]","[(1, 2241.6453450520835), (2, 2303.2389914772725), (0, 2369.6439985795455), (4, 2517.34912109375), (5, 2595.391690340909), (3, 2615.4280894886365)]","[(0, 23962.02734375), (1, 26077.96875)]"
479,"[(0, 24480.4921875), (1, 26199.94140625)]","[(0, 22784.23046875), (1, 21920.451171875)]","[(0, 33445.0078125), (1, 32417.58984375)]","[(0, 20225.732421875), (1, 19652.720703125)]","[(0, 23614.32421875), (1, 24840.09765625)]","[(0, 24247.00390625), (1, 24541.6640625)]","[(0, 19971.611328125), (1, 19406.021484375)]","[(0, 25644.9140625), (1, 23541.78515625)]","[(4, 1855.776953125), (3, 2016.8994140625), (5, 2106.928034855769), (1, 2237.941706730769), (0, 2452.5660807291665), (2, 2618.126065340909)]","[(0, 19831.392578125), (1, 20379.078125)]","[(1, 1540.5888671875), (2, 1569.655859375), (0, 1633.5982142857142), (4, 2010.023158482143), (5, 2157.507361778846), (3, 2324.4070638020835)]","[(0, 29087.275390625), (1, 29799.759765625)]","[(4, 2077.075871394231), (3, 2297.6095377604165), (5, 2400.564453125), (0, 2499.079190340909), (1, 2637.4851888020835), (2, 2958.9634765625)]","[(0, 26364.79296875), (1, 28148.994140625)]"
480,"[(0, 28656.646484375), (1, 29955.25)]","[(0, 22740.576171875), (1, 22730.017578125)]","[(0, 33022.91015625), (1, 32414.19140625)]","[(0, 27344.572265625), (1, 27347.75390625)]","[(0, 25915.283203125), (1, 27380.556640625)]","[(0, 28204.833984375), (1, 27289.212890625)]","[(0, 26575.224609375), (1, 27180.23046875)]","[(0, 23851.1328125), (1, 30433.041015625)]","[(1, 2182.8955078125), (0, 2219.05859375), (2, 2392.560724431818), (3, 2769.4142578125), (4, 2784.310546875), (5, 3060.0177734375)]","[(0, 27781.994140625), (1, 30076.419921875)]","[(1, 1799.294921875), (2, 1872.056361607143), (0, 1966.7196514423076), (4, 2288.923076923077), (5, 2332.9903971354165), (3, 2407.0637428977275)]","[(0, 23693.3203125), (1, 28129.861328125)]","[(1, 2321.0163225446427), (0, 2327.2350260416665), (2, 2491.331280048077), (4, 2733.4036458333335), (5, 2923.759765625), (3, 3041.1658203125)]","[(0, 28657.7109375), (1, 30546.5)]"
481,"[(0, 32739.466796875), (1, 34034.50390625)]","[(0, 21417.1171875), (1, 21785.322265625)]","[(0, 29113.94921875), (1, 31162.583984375)]","[(0, 31851.970703125), (1, 30820.83203125)]","[(0, 25215.05859375), (1, 24926.572265625)]","[(0, 31594.60546875), (1, 30754.474609375)]","[(0, 20427.626953125), (1, 22320.39453125)]","[(0, 27550.548828125), (1, 33550.4609375)]","[(5, 1934.9994419642858), (2, 1962.599888392857), (4, 2043.5361979166667), (1, 2088.176171875), (3, 2120.5509314903848), (0, 2266.4908353365386)]","[(0, 25381.021484375), (1, 22536.876953125)]","[(1, 1796.6944580078125), (0, 1901.7945033482142), (2, 1905.3980189732142), (4, 2067.327083333333), (5, 2209.6865985576924), (3, 2214.8155048076924)]","[(0, 34206.76953125), (1, 34379.84375)]","[(1, 2323.0377103365386), (0, 2346.31787109375), (2, 2551.49853515625), (3, 2643.3119673295455), (4, 2859.7294921875), (5, 2877.6956676136365)]","[(0, 29284.841796875), (1, 25869.822265625)]"
482,"[(0, 31837.634765625), (1, 32111.953125)]","[(0, 24790.826171875), (1, 24533.451171875)]","[(0, 26940.359375), (1, 27303.0078125)]","[(0, 25839.544921875), (1, 26762.5390625)]","[(0, 25830.181640625), (1, 26482.14453125)]","[(0, 29128.02734375), (1, 29481.38671875)]","[(0, 23813.904296875), (1, 24178.33203125)]","[(0, 24624.845703125), (1, 25329.853515625)]","[(5, 1826.2361886160713), (4, 1828.0462239583333), (1, 1899.4756510416667), (3, 1917.1728515625), (2, 1926.1968470982142), (0, 1990.421177455357)]","[(0, 23823.126953125), (1, 25995.580078125)]","[(1, 2539.8046875), (0, 2624.8435872395835), (4, 2753.576622596154), (2, 2764.7750651041665), (3, 2814.8701171875), (5, 2978.9847005208335)]","[(0, 37498.7734375), (1, 31722.375)]","[(1, 2768.9469401041665), (0, 2799.7141335227275), (4, 2799.9651692708335), (3, 2838.820134943182), (2, 2965.138494318182), (5, 3070.049715909091)]","[(0, 28332.376953125), (1, 29786.974609375)]"
483,"[(0, 29208.501953125), (1, 30319.5390625)]","[(0, 22913.818359375), (1, 22244.701171875)]","[(0, 27117.546875), (1, 27010.94921875)]","[(0, 36313.18359375), (1, 34457.01171875)]","[(0, 23529.73046875), (1, 24941.029296875)]","[(0, 25780.076171875), (1, 25584.208984375)]","[(0, 24571.2890625), (1, 24221.951171875)]","[(0, 26867.9765625), (1, 31309.265625)]","[(4, 2047.7524038461538), (1, 2122.7157451923076), (5, 2196.4376627604165), (3, 2296.8077799479165), (2, 2315.49072265625), (0, 2375.2981770833335)]","[(0, 31013.69140625), (1, 32499.681640625)]","[(1, 2284.0403645833335), (4, 2433.9931640625), (5, 2452.217862215909), (2, 2475.670987215909), (3, 2625.083806818182), (0, 2723.601740056818)]","[(0, 28098.705078125), (1, 27838.9921875)]","[(4, 2135.011474609375), (5, 2244.6943359375), (3, 2295.268489583333), (1, 2550.2003348214284), (2, 2849.7027994791665), (0, 2856.565204326923)]","[(0, 28118.326171875), (1, 28197.16796875)]"
484,"[(0, 26289.193359375), (1, 26797.60546875)]","[(0, 23410.05078125), (1, 22411.216796875)]","[(0, 30741.953125), (1, 31079.244140625)]","[(0, 28131.361328125), (1, 27518.173828125)]","[(0, 22135.103515625), (1, 23609.841796875)]","[(0, 26449.888671875), (1, 25780.59375)]","[(0, 27438.927734375), (1, 26386.2734375)]","[(0, 30933.111328125), (1, 32003.14453125)]","[(4, 1840.3634033203125), (3, 1918.3265625), (5, 1928.658203125), (1, 2217.8151506696427), (0, 2342.3943810096152), (2, 2516.6315104166665)]","[(0, 34808.86328125), (1, 24520.353515625)]","[(1, 1676.6969401041667), (2, 1788.876953125), (0, 1947.6624644886363), (4, 1989.5060221354167), (5, 2233.2444957386365), (3, 2460.442471590909)]","[(0, 27433.431640625), (1, 27789.095703125)]","[(0, 2079.2814127604165), (1, 2197.18359375), (2, 2372.0791015625), (3, 2461.444424715909), (4, 2678.40625), (5, 2841.054509943182)]","[(0, 35286.25), (1, 37416.3984375)]"
485,"[(0, 31677.96484375), (1, 32919.6484375)]","[(0, 26599.564453125), (1, 25479.146484375)]","[(0, 26825.142578125), (1, 25137.890625)]","[(0, 29707.880859375), (1, 30037.69140625)]","[(0, 24691.654296875), (1, 23469.71484375)]","[(0, 29542.376953125), (1, 28820.953125)]","[(0, 24222.505859375), (1, 22918.998046875)]","[(0, 33912.32421875), (1, 28777.146484375)]","[(1, 2239.5), (4, 2287.3908854166666), (0, 2478.1963641826924), (2, 2513.2091346153848), (3, 2569.21875), (5, 2639.913762019231)]","[(0, 25246.748046875), (1, 29390.1796875)]","[(1, 2650.3595703125), (4, 2732.15), (0, 2888.0095486111113), (2, 2934.328559027778), (5, 3040.0479600694443), (3, 3064.338324652778)]","[(0, 30003.794921875), (1, 26847.7421875)]","[(2, 2243.1637073863635), (1, 2347.0675455729165), (0, 2475.290838068182), (5, 2572.1383167613635), (4, 2648.5377604166665), (3, 2800.1120383522725)]","[(0, 30311.359375), (1, 26389.51953125)]"
486,"[(0, 25549.466796875), (1, 26815.44921875)]","[(0, 26642.4453125), (1, 24523.369140625)]","[(0, 31796.51953125), (1, 33774.4453125)]","[(0, 23569.0546875), (1, 22216.609375)]","[(0, 23554.068359375), (1, 26299.650390625)]","[(0, 27531.0078125), (1, 28311.498046875)]","[(0, 21344.244140625), (1, 25167.419921875)]","[(0, 30110.599609375), (1, 24659.3203125)]","[(1, 2059.650213068182), (0, 2330.0865234375), (2, 2363.35859375), (4, 2811.535333806818), (3, 3291.421875), (5, 3406.89609375)]","[(0, 22935.55078125), (1, 22275.248046875)]","[(4, 1642.138671875), (3, 1704.4449573863637), (5, 1855.2707741477273), (1, 1941.2535807291667), (0, 2002.955965909091), (2, 2178.137606534091)]","[(0, 21859.869140625), (1, 20768.28125)]","[(1, 2444.869140625), (2, 2470.2867542613635), (0, 2589.761896306818), (4, 2599.4588216145835), (5, 2661.6947798295455), (3, 2750.2640269886365)]","[(0, 33614.35546875), (1, 35504.88671875)]"
487,"[(0, 33033.77734375), (1, 34078.578125)]","[(0, 25473.509765625), (1, 24150.263671875)]","[(0, 31730.060546875), (1, 30709.107421875)]","[(0, 25786.248046875), (1, 26197.119140625)]","[(0, 23259.150390625), (1, 24503.03125)]","[(0, 32183.140625), (1, 32765.453125)]","[(0, 17494.349609375), (1, 20408.50390625)]","[(0, 30671.9921875), (1, 32687.646484375)]","[(0, 1743.072265625), (1, 1813.67236328125), (2, 1832.614453125), (4, 2180.4762834821427), (3, 2226.7093098958335), (5, 2286.254657451923)]","[(0, 29652.0078125), (1, 25657.5859375)]","[(4, 1955.7295673076924), (5, 2162.7356178977275), (3, 2202.2032877604165), (1, 2647.41650390625), (0, 2900.0), (2, 2971.632421875)]","[(0, 29473.150390625), (1, 28238.556640625)]","[(4, 2349.3233816964284), (3, 2435.333233173077), (5, 2438.5748697916665), (1, 2546.0709635416665), (0, 2666.6136363636365), (2, 2792.50625)]","[(0, 28214.169921875), (1, 28326.162109375)]"
488,"[(0, 28479.3125), (1, 29387.349609375)]","[(0, 24939.125), (1, 23256.06640625)]","[(0, 30438.119140625), (1, 32177.86328125)]","[(0, 25768.400390625), (1, 28549.716796875)]","[(0, 29924.98046875), (1, 30240.791015625)]","[(0, 31860.931640625), (1, 31325.69140625)]","[(0, 25907.32421875), (1, 25022.271484375)]","[(0, 23503.154296875), (1, 24780.046875)]","[(1, 1866.307338169643), (0, 1963.5597330729167), (2, 2001.0413161057693), (4, 2231.7608173076924), (5, 2368.9049479166665), (3, 2444.104580965909)]","[(0, 27073.0), (1, 31407.712890625)]","[(1, 1863.463588169643), (2, 1947.5048076923076), (0, 2183.1285807291665), (4, 2350.871544471154), (5, 2374.3196614583335), (3, 2780.558416193182)]","[(0, 25898.208984375), (1, 26964.46875)]","[(1, 1719.101171875), (2, 1762.3159877232142), (0, 1763.2672776442307), (4, 1977.3609095982142), (3, 2048.9436848958335), (5, 2064.181189903846)]","[(0, 34325.26171875), (1, 28706.291015625)]"
489,"[(0, 26378.826171875), (1, 28699.55859375)]","[(0, 26384.939453125), (1, 25135.78125)]","[(0, 22567.998046875), (1, 22315.51953125)]","[(0, 23378.81640625), (1, 22465.740234375)]","[(0, 24864.9375), (1, 24248.806640625)]","[(0, 33977.0390625), (1, 32394.041015625)]","[(0, 27326.71484375), (1, 27002.064453125)]","[(0, 30161.3828125), (1, 28216.482421875)]","[(5, 1661.8096454326924), (2, 1700.6180013020833), (4, 1716.0073939732142), (1, 1785.3252704326924), (3, 1910.4432091346155), (0, 1988.21044921875)]","[(0, 28273.3984375), (1, 26476.162109375)]","[(1, 2017.147235576923), (2, 2032.8009440104167), (0, 2266.477627840909), (4, 2619.0024857954545), (5, 2658.2421875), (3, 3259.2413194444443)]","[(0, 26339.18359375), (1, 23939.09375)]","[(4, 1908.21875), (3, 2056.105989583333), (1, 2177.909598214286), (5, 2177.9698660714284), (2, 2327.23046875), (0, 2367.1822415865386)]","[(0, 32184.337890625), (1, 30325.728515625)]"
490,"[(0, 29549.673828125), (1, 30386.869140625)]","[(0, 24936.986328125), (1, 22991.591796875)]","[(0, 30702.80859375), (1, 28685.904296875)]","[(0, 20835.29296875), (1, 20319.75390625)]","[(0, 31060.013671875), (1, 32919.4921875)]","[(0, 35303.3125), (1, 35561.6484375)]","[(0, 28654.37890625), (1, 27377.423828125)]","[(0, 25111.8203125), (1, 28668.564453125)]","[(1, 2063.197998046875), (0, 2131.892159598214), (2, 2183.1890625), (5, 2213.369559151786), (4, 2261.5546875), (3, 2391.7396334134614)]","[(0, 23305.421875), (1, 24039.96484375)]","[(1, 2030.6255580357142), (0, 2256.9073893229165), (2, 2336.399639423077), (4, 2855.9684244791665), (5, 3159.6413352272725), (3, 3349.83203125)]","[(0, 28917.865234375), (1, 31344.81640625)]","[(4, 1739.5743489583333), (3, 1787.391880580357), (5, 1969.4956430288462), (1, 2210.9346454326924), (0, 2400.9444986979165), (2, 2558.4309303977275)]","[(0, 27005.359375), (1, 23598.49609375)]"
491,"[(0, 24474.935546875), (1, 24704.115234375)]","[(0, 25278.4296875), (1, 22721.1953125)]","[(0, 27736.142578125), (1, 26672.62109375)]","[(0, 24806.29296875), (1, 23879.513671875)]","[(0, 27013.939453125), (1, 27351.92578125)]","[(0, 22309.28515625), (1, 21995.69140625)]","[(0, 24851.8984375), (1, 24397.705078125)]","[(0, 30528.123046875), (1, 20449.10546875)]","[(4, 2051.7341145833334), (5, 2293.4568810096152), (3, 2299.0567801339284), (1, 2597.5736177884614), (2, 2945.8792613636365), (0, 3072.9026692708335)]","[(0, 25517.73828125), (1, 24307.29296875)]","[(4, 1909.4959635416667), (1, 1956.102818080357), (5, 2141.8814603365386), (3, 2148.438251201923), (2, 2293.1285807291665), (0, 2434.4039713541665)]","[(0, 26799.291015625), (1, 23896.029296875)]","[(1, 1719.6217041015625), (0, 1772.3173828125), (4, 1928.8238002232142), (2, 1934.28125), (3, 2134.318359375), (5, 2215.1514423076924)]","[(0, 31753.85546875), (1, 27780.484375)]"
492,"[(0, 25653.71875), (1, 26539.791015625)]","[(0, 24443.234375), (1, 22633.15625)]","[(0, 20153.146484375), (1, 21934.12890625)]","[(0, 29690.544921875), (1, 30791.716796875)]","[(0, 29314.515625), (1, 28377.833984375)]","[(0, 31404.75), (1, 31627.072265625)]","[(0, 27906.240234375), (1, 27589.962890625)]","[(0, 37802.50390625), (1, 32728.3203125)]","[(4, 1665.9482421875), (3, 1838.8134765625), (1, 1851.4389322916666), (5, 1892.135516826923), (2, 2021.397739955357), (0, 2090.2665264423076)]","[(0, 23812.291015625), (1, 25769.015625)]","[(4, 2046.6763020833334), (3, 2137.062199519231), (1, 2222.2330729166665), (5, 2238.462590144231), (0, 2315.2901141826924), (2, 2407.041015625)]","[(0, 30878.201171875), (1, 27754.771484375)]","[(4, 1832.8173076923076), (5, 1894.9485677083333), (3, 1993.0152994791667), (1, 2332.992938701923), (2, 2405.1819661458335), (0, 2434.8359375)]","[(0, 29956.10546875), (1, 27291.5546875)]"
493,"[(0, 25337.0546875), (1, 25724.080078125)]","[(0, 25046.837890625), (1, 25461.900390625)]","[(0, 25377.173828125), (1, 26772.623046875)]","[(0, 38621.0625), (1, 38906.4140625)]","[(0, 24950.234375), (1, 24531.533203125)]","[(0, 31645.748046875), (1, 31744.224609375)]","[(0, 22212.9453125), (1, 24379.494140625)]","[(0, 31253.41796875), (1, 27792.037109375)]","[(4, 1588.7960707720588), (1, 1594.2762451171875), (3, 1605.6934895833333), (0, 1639.6587611607142), (5, 1657.6861979166667), (2, 1668.896484375)]","[(0, 24556.109375), (1, 24380.423828125)]","[(1, 1954.0369698660713), (4, 2059.1259765625), (0, 2176.8748372395835), (2, 2295.7569110576924), (3, 2325.069921875), (5, 2442.9417613636365)]","[(0, 26790.654296875), (1, 24588.89453125)]","[(1, 1847.9108072916667), (4, 1863.8934461805557), (2, 1986.408935546875), (0, 2012.165771484375), (5, 2014.3662109375), (3, 2068.586181640625)]","[(0, 31276.943359375), (1, 33469.1640625)]"
494,"[(0, 26704.587890625), (1, 27548.052734375)]","[(0, 26460.359375), (1, 24453.09765625)]","[(0, 21458.23046875), (1, 21979.943359375)]","[(0, 27131.7734375), (1, 24124.873046875)]","[(0, 27095.884765625), (1, 28812.955078125)]","[(0, 23141.92578125), (1, 22760.732421875)]","[(0, 20343.662109375), (1, 22099.099609375)]","[(0, 24594.96875), (1, 24721.25)]","[(1, 1831.6763822115386), (2, 1874.4818892045455), (4, 1880.763950892857), (5, 2094.5047200520835), (0, 2102.8064778645835), (3, 2188.296123798077)]","[(0, 25118.599609375), (1, 28543.455078125)]","[(0, 2339.958203125), (1, 2435.3932883522725), (4, 2626.6015625), (3, 2647.4481336805557), (2, 2749.9388671875), (5, 3212.6671006944443)]","[(0, 28228.1640625), (1, 30547.51953125)]","[(2, 2438.8841796875), (1, 2576.4518821022725), (0, 2653.4603515625), (5, 2773.5375), (4, 2925.8043323863635), (3, 3084.1677734375)]","[(0, 30408.787109375), (1, 31522.04296875)]"
495,"[(0, 27468.43359375), (1, 27682.048828125)]","[(0, 27680.94140625), (1, 25095.8046875)]","[(0, 19188.75390625), (1, 20176.548828125)]","[(0, 26792.75), (1, 26904.234375)]","[(0, 20471.56640625), (1, 20221.953125)]","[(0, 33249.140625), (1, 33765.58984375)]","[(0, 30110.2265625), (1, 27511.98046875)]","[(0, 30280.962890625), (1, 28325.650390625)]","[(1, 1585.9318704044117), (4, 1620.8430606617646), (2, 1765.8501302083334), (0, 1780.638671875), (3, 1783.5432291666666), (5, 1808.396875)]","[(0, 27433.537109375), (1, 26076.625)]","[(4, 1547.7208251953125), (5, 1593.7920572916667), (3, 1597.1592447916667), (1, 1636.0867919921875), (2, 1673.2451822916667), (0, 1716.015234375)]","[(0, 32837.5625), (1, 35978.5703125)]","[(0, 1581.224609375), (1, 1661.2024356617646), (3, 1770.0404575892858), (4, 1770.0762939453125), (2, 1818.4533854166666), (5, 1940.4195033482142)]","[(0, 29183.1640625), (1, 26796.505859375)]"
496,"[(0, 25017.759765625), (1, 25563.966796875)]","[(0, 25502.556640625), (1, 23825.8515625)]","[(0, 28076.2578125), (1, 27071.345703125)]","[(0, 26428.48046875), (1, 25287.18359375)]","[(0, 23004.203125), (1, 24221.951171875)]","[(0, 30654.41796875), (1, 30446.306640625)]","[(0, 28964.787109375), (1, 27024.373046875)]","[(0, 30072.00390625), (1, 22828.142578125)]","[(1, 1784.3759765625), (0, 1905.9013671875), (2, 1929.6953125), (4, 2168.7010323660716), (3, 2184.27392578125), (5, 2341.525390625)]","[(0, 22981.90234375), (1, 25378.1640625)]","[(1, 1716.6572265625), (2, 1846.3873197115386), (0, 1973.7298177083333), (4, 2014.4788161057693), (5, 2060.66015625), (3, 2197.703125)]","[(0, 29748.451171875), (1, 33238.421875)]","[(4, 2271.1409040178573), (1, 2466.4542643229165), (0, 2564.9586292613635), (3, 2586.523737980769), (2, 2591.6419921875), (5, 2612.4915364583335)]","[(0, 21642.478515625), (1, 22685.19140625)]"
497,"[(0, 33421.57421875), (1, 34622.53515625)]","[(0, 26572.15625), (1, 25387.0)]","[(0, 23198.3828125), (1, 23648.306640625)]","[(0, 23513.421875), (1, 23075.130859375)]","[(0, 25242.583984375), (1, 25416.89453125)]","[(0, 32739.21484375), (1, 31329.57421875)]","[(0, 26296.591796875), (1, 25482.134765625)]","[(0, 29145.923828125), (1, 28829.25390625)]","[(5, 1854.5213448660713), (2, 1868.717075892857), (1, 1881.253125), (4, 1884.6506510416666), (3, 2032.7158954326924), (0, 2086.4287860576924)]","[(0, 27486.619140625), (1, 32363.44140625)]","[(4, 1835.865234375), (1, 1842.900390625), (2, 2027.8459635416666), (3, 2047.3387276785713), (0, 2054.4459635416665), (5, 2074.261300223214)]","[(0, 30272.443359375), (1, 30528.966796875)]","[(4, 1513.4309895833333), (5, 1524.58984375), (2, 1579.6119791666667), (0, 1618.078876201923), (1, 1620.0092075892858), (3, 1623.859095982143)]","[(0, 28032.220703125), (1, 24750.87890625)]"
498,"[(0, 30163.283203125), (1, 30888.98046875)]","[(0, 21719.7265625), (1, 22024.78515625)]","[(0, 24998.560546875), (1, 21539.9765625)]","[(0, 32418.642578125), (1, 33421.3828125)]","[(0, 22236.576171875), (1, 23245.2890625)]","[(0, 29722.615234375), (1, 31458.9140625)]","[(0, 31228.033203125), (1, 32918.296875)]","[(0, 26017.28125), (1, 28505.48046875)]","[(4, 1769.70654296875), (3, 1884.4458333333334), (5, 1919.9393136160713), (1, 2017.6337239583333), (0, 2199.1376953125), (2, 2277.037409855769)]","[(0, 28015.328125), (1, 22776.27734375)]","[(3, 1558.2950721153845), (4, 1589.2177734375), (5, 1741.5948016826924), (0, 1936.446514423077), (1, 1940.092075892857), (2, 2139.3583233173076)]","[(0, 29582.55078125), (1, 34399.48828125)]","[(1, 2139.4137834821427), (2, 2156.118840144231), (0, 2295.72802734375), (4, 2435.0638521634614), (5, 2516.08203125), (3, 2653.3515625)]","[(0, 28615.19140625), (1, 26668.931640625)]"
499,"[(0, 28996.072265625), (1, 27293.84375)]","[(0, 20429.185546875), (1, 20133.626953125)]","[(0, 28766.390625), (1, 28545.6875)]","[(0, 28335.56640625), (1, 26289.595703125)]","[(0, 27235.291015625), (1, 27626.927734375)]","[(0, 30502.396484375), (1, 31582.01171875)]","[(0, 29338.373046875), (1, 28425.6953125)]","[(0, 25552.998046875), (1, 27267.853515625)]","[(4, 2343.9408052884614), (1, 2460.740534855769), (5, 2467.8001302083335), (3, 2585.91650390625), (2, 2642.22802734375), (0, 2702.3522135416665)]","[(0, 23671.322265625), (1, 23183.013671875)]","[(1, 1433.7747012867646), (4, 1486.574462890625), (2, 1625.8576822916666), (0, 1640.1713541666666), (5, 1651.8491908482142), (3, 1700.0396205357142)]","[(0, 26809.3125), (1, 34462.56640625)]","[(1, 2294.7145833333334), (0, 2445.8045372596152), (4, 2569.5719866071427), (2, 2591.528545673077), (5, 2971.2727864583335), (3, 2994.2109375)]","[(0, 30802.994140625), (1, 32216.67578125)]"
