,anaphoric-one-semantics,anaphoric-one-syntax,island-adjunct,island-complex-np,island-wh,principle_a_command,principle_a_locality,question-formation_or,question-formation_rr,question-formation_sr,wanna
0,"[(0, 1045.7218017578125), (1, 1255.017578125)]","[(0, 1243.418701171875), (1, 1368.7039794921875)]","[(0, 2215.293701171875), (1, 2243.951904296875)]","[(0, 1754.5267333984375), (1, 1730.971435546875)]","[(0, 3241.865966796875), (1, 2281.79150390625)]","[(0, 4174.27783203125), (1, 4255.98681640625)]","[(0, 7008.34228515625), (1, 7521.3642578125)]","[(0, 1281.323974609375), (1, 1023.3040161132812)]","[(0, 2356.97509765625), (1, 2220.720458984375)]","[(0, 1772.927978515625), (1, 1522.2630615234375)]","[(0, 3213.85009765625), (1, 3197.939453125)]"
1,"[(0, 2242.6435546875), (1, 2908.221435546875)]","[(0, 1578.6170654296875), (1, 1807.74755859375)]","[(0, 1251.8671875), (1, 1256.6092529296875)]","[(0, 3147.120361328125), (1, 3101.503662109375)]","[(0, 3504.918212890625), (1, 2142.465576171875)]","[(0, 4709.88818359375), (1, 4534.71923828125)]","[(0, 5165.578125), (1, 5797.865234375)]","[(0, 1082.799560546875), (1, 729.2810668945312)]","[(0, 1596.8895263671875), (1, 1152.391845703125)]","[(0, 1583.40283203125), (1, 1923.317138671875)]","[(0, 1408.5521240234375), (1, 1672.2503662109375)]"
2,"[(0, 1874.9609375), (1, 2386.301025390625)]","[(0, 1433.1923828125), (1, 1501.994873046875)]","[(0, 1288.2762451171875), (1, 1320.7601318359375)]","[(0, 3064.37939453125), (1, 3050.18896484375)]","[(0, 1589.061279296875), (1, 1369.013427734375)]","[(0, 7532.89208984375), (1, 7394.798828125)]","[(0, 1635.858154296875), (1, 1627.0706787109375)]","[(0, 741.3818359375), (1, 806.7579345703125)]","[(0, 1955.2470703125), (1, 1531.6912841796875)]","[(0, 3676.834228515625), (1, 4285.00048828125)]","[(0, 1851.8203125), (1, 2148.600830078125)]"
3,"[(0, 2553.638427734375), (1, 3218.2451171875)]","[(0, 1477.53369140625), (1, 1509.8765869140625)]","[(0, 5997.20068359375), (1, 6282.10595703125)]","[(0, 3755.182373046875), (1, 3747.33740234375)]","[(0, 1547.146728515625), (1, 1338.9847412109375)]","[(0, 4611.537109375), (1, 4579.9150390625)]","[(0, 4609.9365234375), (1, 4723.32373046875)]","[(0, 2294.777099609375), (1, 2142.045654296875)]","[(0, 1358.1912841796875), (1, 1493.6990966796875)]","[(0, 1897.1953125), (1, 1601.958251953125)]","[(0, 2816.06591796875), (1, 2764.433837890625)]"
4,"[(0, 1548.2677001953125), (1, 2022.8297119140625)]","[(0, 810.4841918945312), (1, 731.43603515625)]","[(0, 5522.767578125), (1, 5150.7119140625)]","[(0, 3495.50830078125), (1, 3677.083251953125)]","[(0, 4367.431640625), (1, 2697.5)]","[(0, 3449.720703125), (1, 3435.718017578125)]","[(0, 3806.476318359375), (1, 3773.307861328125)]","[(0, 1325.8636474609375), (1, 1338.1319580078125)]","[(0, 1777.34228515625), (1, 2751.0234375)]","[(0, 683.0964965820312), (1, 670.3836059570312)]","[(0, 2401.466552734375), (1, 2436.377197265625)]"
5,"[(0, 1471.18896484375), (1, 1918.569580078125)]","[(0, 486.2508850097656), (1, 443.38525390625)]","[(0, 2801.371337890625), (1, 2787.281982421875)]","[(0, 2493.6259765625), (1, 2668.978271484375)]","[(0, 4836.54248046875), (1, 3001.07080078125)]","[(0, 3892.718017578125), (1, 4041.4140625)]","[(0, 5023.2216796875), (1, 5187.4326171875)]","[(0, 1672.212890625), (1, 1725.9874267578125)]","[(0, 1671.736083984375), (1, 2224.6259765625)]","[(0, 962.6266479492188), (1, 1183.5633544921875)]","[(0, 1466.03759765625), (1, 1726.0870361328125)]"
6,"[(0, 1657.6346435546875), (1, 2083.0048828125)]","[(0, 1614.2724609375), (1, 1917.91748046875)]","[(0, 1925.5177001953125), (1, 1744.0584716796875)]","[(0, 2578.949462890625), (1, 2494.676025390625)]","[(0, 2274.746337890625), (1, 2083.705078125)]","[(0, 2819.298828125), (1, 2705.359130859375)]","[(0, 9186.5869140625), (1, 10179.9765625)]","[(0, 1123.9844970703125), (1, 1213.516845703125)]","[(0, 2152.679443359375), (1, 1839.1561279296875)]","[(0, 2235.286865234375), (1, 2097.10498046875)]","[(0, 2745.08203125), (1, 2736.364013671875)]"
7,"[(0, 1539.687744140625), (1, 2038.54248046875)]","[(0, 2095.657470703125), (1, 2584.867431640625)]","[(0, 1539.264892578125), (1, 1740.27294921875)]","[(0, 5959.52587890625), (1, 5800.0439453125)]","[(0, 2172.988037109375), (1, 1904.9586181640625)]","[(0, 2674.31103515625), (1, 2731.45703125)]","[(0, 8085.40673828125), (1, 8816.2216796875)]","[(0, 2146.572021484375), (1, 2094.08203125)]","[(0, 1137.75390625), (1, 1599.550048828125)]","[(0, 1636.575927734375), (1, 1620.286865234375)]","[(0, 2407.529541015625), (1, 2446.513427734375)]"
8,"[(0, 2246.87060546875), (1, 2987.1904296875)]","[(0, 1728.3841552734375), (1, 1918.888916015625)]","[(0, 4344.85693359375), (1, 4208.85888671875)]","[(0, 3849.64208984375), (1, 3803.671142578125)]","[(0, 4171.59130859375), (1, 2438.761962890625)]","[(0, 3649.616455078125), (1, 3569.22705078125)]","[(0, 3540.052978515625), (1, 3528.771240234375)]","[(0, 1058.15185546875), (1, 1238.0072021484375)]","[(0, 2324.743896484375), (1, 3198.39697265625)]","[(0, 1786.6534423828125), (1, 2415.315185546875)]","[(0, 813.2677001953125), (1, 972.5782470703125)]"
9,"[(0, 1981.4896240234375), (1, 2613.0908203125)]","[(0, 1225.0843505859375), (1, 1309.7734375)]","[(0, 2304.452880859375), (1, 2411.037109375)]","[(0, 6145.470703125), (1, 6131.32763671875)]","[(0, 1077.892333984375), (1, 934.1159057617188)]","[(0, 2538.006591796875), (1, 2553.825927734375)]","[(0, 4905.18798828125), (1, 5041.08349609375)]","[(0, 1566.8634033203125), (1, 1486.106689453125)]","[(0, 1020.7921752929688), (1, 1425.7510986328125)]","[(0, 4219.0263671875), (1, 2186.55615234375)]","[(0, 1790.6082763671875), (1, 2087.651611328125)]"
10,"[(0, 1777.1431884765625), (1, 2240.999755859375)]","[(0, 795.7852783203125), (1, 688.5841064453125)]","[(0, 6514.48291015625), (1, 6507.76416015625)]","[(0, 2478.9677734375), (1, 2367.35009765625)]","[(0, 795.6763916015625), (1, 693.2881469726562)]","[(0, 2271.978759765625), (1, 2250.152587890625)]","[(0, 6117.78271484375), (1, 8262.068359375)]","[(0, 1489.4053955078125), (1, 1222.9644775390625)]","[(0, 3125.57275390625), (1, 2960.83056640625)]","[(0, 1682.2747802734375), (1, 1615.9573974609375)]","[(0, 2165.052978515625), (1, 2172.107421875)]"
11,"[(0, 1602.775634765625), (1, 1990.15869140625)]","[(0, 625.3280029296875), (1, 555.0453491210938)]","[(0, 1412.97314453125), (1, 1363.56494140625)]","[(0, 2729.5224609375), (1, 2724.267822265625)]","[(0, 1656.958984375), (1, 1040.8828125)]","[(0, 5034.43408203125), (1, 5130.3037109375)]","[(0, 5936.76171875), (1, 7584.8603515625)]","[(0, 1443.2508544921875), (1, 1359.234375)]","[(0, 1069.5428466796875), (1, 934.0464477539062)]","[(0, 1861.1824951171875), (1, 1713.174072265625)]","[(0, 1785.44921875), (1, 1778.2288818359375)]"
12,"[(0, 2396.83349609375), (1, 3249.659912109375)]","[(0, 798.7083129882812), (1, 927.4973754882812)]","[(0, 5098.77001953125), (1, 5108.314453125)]","[(0, 3536.428955078125), (1, 3528.44140625)]","[(0, 1790.5716552734375), (1, 1550.3436279296875)]","[(0, 5618.0205078125), (1, 5512.1279296875)]","[(0, 5387.33642578125), (1, 5301.59375)]","[(0, 1794.0704345703125), (1, 2223.07568359375)]","[(0, 1098.29736328125), (1, 1151.748046875)]","[(0, 2566.1279296875), (1, 2107.593994140625)]","[(0, 1965.7509765625), (1, 1919.1524658203125)]"
13,"[(0, 2054.785888671875), (1, 2755.705322265625)]","[(0, 1015.688232421875), (1, 1291.64453125)]","[(0, 2820.167236328125), (1, 2889.517578125)]","[(0, 6034.61279296875), (1, 6048.9599609375)]","[(0, 1753.1578369140625), (1, 1500.801513671875)]","[(0, 3449.128662109375), (1, 3455.2158203125)]","[(0, 4045.362548828125), (1, 3978.3251953125)]","[(0, 955.3153686523438), (1, 873.7570190429688)]","[(0, 1905.1793212890625), (1, 1772.98291015625)]","[(0, 3273.56103515625), (1, 3865.365234375)]","[(0, 1275.6336669921875), (1, 1544.7259521484375)]"
14,"[(0, 2052.142822265625), (1, 2696.4609375)]","[(0, 809.7039184570312), (1, 956.34033203125)]","[(0, 1708.0889892578125), (1, 1729.7247314453125)]","[(0, 7600.8701171875), (1, 8035.8935546875)]","[(0, 2071.80615234375), (1, 1296.295654296875)]","[(0, 4627.48486328125), (1, 4663.97021484375)]","[(0, 3287.009765625), (1, 3261.056640625)]","[(0, 1513.492919921875), (1, 1560.0926513671875)]","[(0, 1694.5032958984375), (1, 1103.19970703125)]","[(0, 1791.481201171875), (1, 2571.456298828125)]","[(0, 2367.484375), (1, 2385.19970703125)]"
15,"[(0, 1853.3131103515625), (1, 2277.625732421875)]","[(0, 757.902099609375), (1, 865.0455322265625)]","[(0, 1236.8087158203125), (1, 1163.8394775390625)]","[(0, 2162.883056640625), (1, 2173.7392578125)]","[(0, 997.8585205078125), (1, 881.9017944335938)]","[(0, 6102.17236328125), (1, 6221.458984375)]","[(0, 4771.359375), (1, 4966.14794921875)]","[(0, 1273.2181396484375), (1, 1788.1500244140625)]","[(0, 1703.4300537109375), (1, 2116.65087890625)]","[(0, 1376.632568359375), (1, 1242.30810546875)]","[(0, 1096.0533447265625), (1, 1335.469482421875)]"
16,"[(0, 2044.28271484375), (1, 2596.4052734375)]","[(0, 636.6746215820312), (1, 555.1380004882812)]","[(0, 3402.04052734375), (1, 3309.84375)]","[(0, 3244.900146484375), (1, 3224.0234375)]","[(0, 1408.62060546875), (1, 1257.6943359375)]","[(0, 5126.01953125), (1, 5018.7490234375)]","[(0, 6202.998046875), (1, 6751.8232421875)]","[(0, 1500.6990966796875), (1, 1588.1136474609375)]","[(0, 1088.285400390625), (1, 752.5367431640625)]","[(0, 1957.6800537109375), (1, 1890.269287109375)]","[(0, 1671.9705810546875), (1, 1946.71435546875)]"
17,"[(0, 1636.4666748046875), (1, 2135.400634765625)]","[(0, 835.10986328125), (1, 778.31005859375)]","[(0, 4104.25048828125), (1, 3990.530029296875)]","[(0, 1653.4239501953125), (1, 1710.681884765625)]","[(0, 1389.361328125), (1, 1267.8087158203125)]","[(0, 3858.713623046875), (1, 3853.8994140625)]","[(0, 7902.169921875), (1, 8382.841796875)]","[(0, 1968.668212890625), (1, 1545.4169921875)]","[(0, 1937.582275390625), (1, 2286.9326171875)]","[(0, 2626.694091796875), (1, 2652.92626953125)]","[(0, 2479.232421875), (1, 2481.22314453125)]"
18,"[(0, 2180.155517578125), (1, 2858.569091796875)]","[(0, 1099.099365234375), (1, 1429.4078369140625)]","[(0, 3813.645263671875), (1, 3437.0810546875)]","[(0, 2429.74560546875), (1, 2245.750244140625)]","[(0, 3401.326904296875), (1, 2024.9384765625)]","[(0, 5702.8681640625), (1, 5751.73681640625)]","[(0, 5441.6162109375), (1, 5485.10107421875)]","[(0, 2721.33349609375), (1, 3294.083251953125)]","[(0, 1327.259033203125), (1, 1538.2596435546875)]","[(0, 1669.8653564453125), (1, 1472.978271484375)]","[(0, 1038.6873779296875), (1, 1200.1888427734375)]"
19,"[(0, 1895.0308837890625), (1, 2495.00439453125)]","[(0, 1372.7996826171875), (1, 1972.8697509765625)]","[(0, 3208.083740234375), (1, 3188.45361328125)]","[(0, 2290.240234375), (1, 2377.030517578125)]","[(0, 922.5532836914062), (1, 807.0422973632812)]","[(0, 5138.5498046875), (1, 5158.33154296875)]","[(0, 5136.599609375), (1, 5251.85498046875)]","[(0, 1864.817626953125), (1, 1679.15966796875)]","[(0, 867.9584350585938), (1, 817.0836181640625)]","[(0, 1627.964599609375), (1, 1475.47998046875)]","[(0, 2238.513427734375), (1, 2309.8447265625)]"
20,"[(0, 1776.6881103515625), (1, 2356.8447265625)]","[(0, 1243.5545654296875), (1, 1584.06591796875)]","[(0, 5740.34912109375), (1, 5858.3203125)]","[(0, 2777.331787109375), (1, 2836.012451171875)]","[(0, 3640.803955078125), (1, 2245.60791015625)]","[(0, 9066.0185546875), (1, 8937.8134765625)]","[(0, 4924.79541015625), (1, 4962.45068359375)]","[(0, 1536.02197265625), (1, 1478.3878173828125)]","[(0, 1306.82763671875), (1, 1160.8282470703125)]","[(0, 1765.7237548828125), (1, 1845.2586669921875)]","[(0, 2442.9228515625), (1, 2405.594970703125)]"
21,"[(0, 1768.5491943359375), (1, 2278.83251953125)]","[(0, 1019.9022216796875), (1, 1240.7569580078125)]","[(0, 1073.0389404296875), (1, 1079.68505859375)]","[(0, 2537.278076171875), (1, 2720.747314453125)]","[(0, 1324.0631103515625), (1, 1181.834716796875)]","[(0, 3630.987548828125), (1, 3819.527099609375)]","[(0, 2870.154296875), (1, 2903.607421875)]","[(0, 1363.0494384765625), (1, 1412.807373046875)]","[(0, 1795.568115234375), (1, 1926.6905517578125)]","[(0, 801.9318237304688), (1, 841.2798461914062)]","[(0, 2391.779052734375), (1, 2369.734375)]"
22,"[(0, 1811.6522216796875), (1, 2389.929931640625)]","[(0, 683.2877197265625), (1, 596.7618408203125)]","[(0, 1778.8802490234375), (1, 2059.91162109375)]","[(0, 5280.0439453125), (1, 5566.63525390625)]","[(0, 2841.0517578125), (1, 1762.545654296875)]","[(0, 8632.8310546875), (1, 8358.2626953125)]","[(0, 5608.41162109375), (1, 7256.716796875)]","[(0, 1267.5706787109375), (1, 1560.39990234375)]","[(0, 1761.387939453125), (1, 2115.855712890625)]","[(0, 1427.8172607421875), (1, 1864.990234375)]","[(0, 962.3324584960938), (1, 1117.3392333984375)]"
23,"[(0, 2248.569580078125), (1, 2885.658203125)]","[(0, 1477.8656005859375), (1, 1581.16796875)]","[(0, 956.1744384765625), (1, 1028.99072265625)]","[(0, 4047.963623046875), (1, 4221.6748046875)]","[(0, 1705.270751953125), (1, 1534.5592041015625)]","[(0, 9267.4892578125), (1, 9362.2568359375)]","[(0, 2932.880615234375), (1, 3630.10791015625)]","[(0, 1545.62548828125), (1, 1557.5958251953125)]","[(0, 1505.647705078125), (1, 1451.960693359375)]","[(0, 953.6095581054688), (1, 1008.6066284179688)]","[(0, 3191.069580078125), (1, 3102.216552734375)]"
24,"[(0, 2128.87841796875), (1, 2843.347412109375)]","[(0, 1702.65771484375), (1, 1878.45458984375)]","[(0, 7338.224609375), (1, 7324.75830078125)]","[(0, 1666.193359375), (1, 1640.9910888671875)]","[(0, 2343.32568359375), (1, 1489.797607421875)]","[(0, 3027.46826171875), (1, 3033.548828125)]","[(0, 2178.99658203125), (1, 2174.7978515625)]","[(0, 1585.0284423828125), (1, 1425.8421630859375)]","[(0, 1774.6273193359375), (1, 2143.218505859375)]","[(0, 986.1912841796875), (1, 1846.1837158203125)]","[(0, 1609.4417724609375), (1, 1589.0408935546875)]"
25,"[(0, 2358.700927734375), (1, 3116.8662109375)]","[(0, 1681.8121337890625), (1, 1660.306884765625)]","[(0, 5883.74560546875), (1, 5716.39404296875)]","[(0, 4855.08349609375), (1, 4821.3408203125)]","[(0, 2382.80322265625), (1, 1627.657958984375)]","[(0, 2566.9638671875), (1, 2640.0078125)]","[(0, 3468.26318359375), (1, 3400.2177734375)]","[(0, 1164.5294189453125), (1, 1061.963134765625)]","[(0, 3482.22265625), (1, 2872.70361328125)]","[(0, 716.322509765625), (1, 1111.389892578125)]","[(0, 2026.1060791015625), (1, 2011.7138671875)]"
26,"[(0, 2191.296875), (1, 2839.63232421875)]","[(0, 1243.435302734375), (1, 1237.337890625)]","[(0, 5865.6943359375), (1, 6061.49658203125)]","[(0, 5136.310546875), (1, 4882.41748046875)]","[(0, 3287.9189453125), (1, 2134.1494140625)]","[(0, 4468.8837890625), (1, 4395.48974609375)]","[(0, 4192.9658203125), (1, 4251.72705078125)]","[(0, 2018.6373291015625), (1, 2117.851318359375)]","[(0, 1467.174072265625), (1, 962.9622192382812)]","[(0, 1448.766357421875), (1, 1104.9791259765625)]","[(0, 2338.724365234375), (1, 2310.51416015625)]"
27,"[(0, 1629.1690673828125), (1, 2059.949951171875)]","[(0, 645.3709106445312), (1, 562.6752319335938)]","[(0, 3358.63330078125), (1, 2869.90234375)]","[(0, 4347.443359375), (1, 4456.341796875)]","[(0, 1575.0869140625), (1, 1373.628662109375)]","[(0, 3648.885498046875), (1, 3679.06494140625)]","[(0, 4212.72607421875), (1, 4462.81884765625)]","[(0, 2485.95166015625), (1, 2993.307373046875)]","[(0, 1593.7166748046875), (1, 2120.400634765625)]","[(0, 2743.09716796875), (1, 3491.972900390625)]","[(0, 1127.0802001953125), (1, 1323.76953125)]"
28,"[(0, 2106.763916015625), (1, 2749.628173828125)]","[(0, 1313.5880126953125), (1, 1423.5567626953125)]","[(0, 1868.7789306640625), (1, 1738.57421875)]","[(0, 2590.82373046875), (1, 2707.014404296875)]","[(0, 1636.1390380859375), (1, 1397.4361572265625)]","[(0, 3876.469482421875), (1, 3805.728515625)]","[(0, 6861.80615234375), (1, 9176.4990234375)]","[(0, 1117.0765380859375), (1, 1487.360107421875)]","[(0, 825.0170288085938), (1, 1161.5469970703125)]","[(0, 2131.303955078125), (1, 1833.73828125)]","[(0, 2881.96044921875), (1, 2859.854736328125)]"
29,"[(0, 2338.570556640625), (1, 3084.91943359375)]","[(0, 653.0979614257812), (1, 567.9082641601562)]","[(0, 1516.021728515625), (1, 1505.1466064453125)]","[(0, 2484.11279296875), (1, 2455.98681640625)]","[(0, 4828.5693359375), (1, 3264.86865234375)]","[(0, 2502.884521484375), (1, 2513.895751953125)]","[(0, 6065.50439453125), (1, 8057.24951171875)]","[(0, 2134.5341796875), (1, 1730.2230224609375)]","[(0, 4502.1298828125), (1, 3205.138916015625)]","[(0, 2837.14208984375), (1, 2517.428466796875)]","[(0, 1789.8460693359375), (1, 2073.4052734375)]"
30,"[(0, 1782.13623046875), (1, 2211.71142578125)]","[(0, 691.5692749023438), (1, 615.6114501953125)]","[(0, 6646.1826171875), (1, 6431.2900390625)]","[(0, 3971.781982421875), (1, 4030.317626953125)]","[(0, 4700.814453125), (1, 3156.9619140625)]","[(0, 2936.60302734375), (1, 2966.93603515625)]","[(0, 2061.076904296875), (1, 2027.987060546875)]","[(0, 1273.0098876953125), (1, 1280.6484375)]","[(0, 1488.2589111328125), (1, 1184.642333984375)]","[(0, 1543.8048095703125), (1, 1312.5499267578125)]","[(0, 2718.711181640625), (1, 3201.011962890625)]"
31,"[(0, 2837.16748046875), (1, 3649.62353515625)]","[(0, 1864.6693115234375), (1, 2101.471435546875)]","[(0, 2969.00927734375), (1, 2808.49609375)]","[(0, 1798.75), (1, 1866.457275390625)]","[(0, 2359.884521484375), (1, 2161.593017578125)]","[(0, 5626.8466796875), (1, 5572.1748046875)]","[(0, 1877.05859375), (1, 1914.143310546875)]","[(0, 1316.0577392578125), (1, 967.7979736328125)]","[(0, 1313.3382568359375), (1, 1376.41650390625)]","[(0, 2238.67333984375), (1, 3336.906982421875)]","[(0, 1559.835205078125), (1, 1842.0015869140625)]"
32,"[(0, 2222.378173828125), (1, 2932.2177734375)]","[(0, 2396.201416015625), (1, 2470.142822265625)]","[(0, 1851.0133056640625), (1, 2106.2978515625)]","[(0, 4654.310546875), (1, 4631.7763671875)]","[(0, 2388.175537109375), (1, 2234.53662109375)]","[(0, 6366.5068359375), (1, 6222.88330078125)]","[(0, 3945.416259765625), (1, 4136.56298828125)]","[(0, 1213.736083984375), (1, 1016.6840209960938)]","[(0, 1124.404296875), (1, 1575.884033203125)]","[(0, 1470.2625732421875), (1, 1181.087158203125)]","[(0, 3032.851806640625), (1, 3060.83349609375)]"
33,"[(0, 2541.791259765625), (1, 3409.705810546875)]","[(0, 1992.8782958984375), (1, 1995.7835693359375)]","[(0, 5195.45849609375), (1, 5367.73046875)]","[(0, 2592.662841796875), (1, 2534.379638671875)]","[(0, 6230.2109375), (1, 4006.519287109375)]","[(0, 4527.75341796875), (1, 4729.23291015625)]","[(0, 3517.626220703125), (1, 3771.009033203125)]","[(0, 1388.0780029296875), (1, 1342.86083984375)]","[(0, 1444.232666015625), (1, 898.6964111328125)]","[(0, 2413.948486328125), (1, 3018.99169921875)]","[(0, 773.112060546875), (1, 921.9349365234375)]"
34,"[(0, 1371.0457763671875), (1, 1750.0430908203125)]","[(0, 1602.0614013671875), (1, 1629.38037109375)]","[(0, 3236.45654296875), (1, 3222.70458984375)]","[(0, 4912.3603515625), (1, 4824.4453125)]","[(0, 2096.045166015625), (1, 1497.2918701171875)]","[(0, 9939.3798828125), (1, 9697.501953125)]","[(0, 3490.9609375), (1, 3274.310546875)]","[(0, 2384.6640625), (1, 3376.232177734375)]","[(0, 967.1341552734375), (1, 1374.9786376953125)]","[(0, 1533.5015869140625), (1, 1281.1724853515625)]","[(0, 1840.3466796875), (1, 2092.00927734375)]"
35,"[(0, 2180.24169921875), (1, 2876.1796875)]","[(0, 1847.918701171875), (1, 1868.7335205078125)]","[(0, 7498.0380859375), (1, 7334.3837890625)]","[(0, 3862.46142578125), (1, 3983.982421875)]","[(0, 1117.514404296875), (1, 990.6102294921875)]","[(0, 9238.7744140625), (1, 9264.087890625)]","[(0, 6159.8232421875), (1, 6469.93603515625)]","[(0, 3014.661865234375), (1, 4049.75927734375)]","[(0, 3151.099609375), (1, 1993.222412109375)]","[(0, 2498.306884765625), (1, 2673.116455078125)]","[(0, 2028.2607421875), (1, 2392.439697265625)]"
36,"[(0, 1578.1444091796875), (1, 2022.8829345703125)]","[(0, 2472.888671875), (1, 2614.931884765625)]","[(0, 2013.509521484375), (1, 2066.774169921875)]","[(0, 3064.618896484375), (1, 3054.106689453125)]","[(0, 1674.2210693359375), (1, 1458.738037109375)]","[(0, 3078.35693359375), (1, 3107.52294921875)]","[(0, 5562.7080078125), (1, 6816.7880859375)]","[(0, 1911.8836669921875), (1, 2435.40478515625)]","[(0, 1760.7396240234375), (1, 1736.041015625)]","[(0, 806.1580810546875), (1, 632.011962890625)]","[(0, 2367.65380859375), (1, 2359.511962890625)]"
37,"[(0, 1883.09375), (1, 2489.585205078125)]","[(0, 2138.697021484375), (1, 2307.76708984375)]","[(0, 3452.386474609375), (1, 3466.206298828125)]","[(0, 1986.3692626953125), (1, 1960.03955078125)]","[(0, 1944.52294921875), (1, 1696.436279296875)]","[(0, 3088.281005859375), (1, 3208.631591796875)]","[(0, 5654.68505859375), (1, 6670.1337890625)]","[(0, 1064.3590087890625), (1, 1221.47900390625)]","[(0, 1375.3248291015625), (1, 2036.645751953125)]","[(0, 2457.950439453125), (1, 2298.575927734375)]","[(0, 2044.7750244140625), (1, 2411.78564453125)]"
38,"[(0, 1368.0972900390625), (1, 1774.984375)]","[(0, 1429.2457275390625), (1, 1509.4051513671875)]","[(0, 1268.931884765625), (1, 1313.0709228515625)]","[(0, 3933.36767578125), (1, 3880.17919921875)]","[(0, 2627.076171875), (1, 1615.01220703125)]","[(0, 2769.745849609375), (1, 2647.987060546875)]","[(0, 2430.7421875), (1, 2487.978515625)]","[(0, 1889.971923828125), (1, 2356.316650390625)]","[(0, 1684.4500732421875), (1, 1679.4407958984375)]","[(0, 1116.8570556640625), (1, 1373.795654296875)]","[(0, 4079.75537109375), (1, 4029.46044921875)]"
39,"[(0, 1692.1995849609375), (1, 2120.40283203125)]","[(0, 644.908935546875), (1, 560.8499755859375)]","[(0, 7825.15869140625), (1, 8064.02197265625)]","[(0, 3251.60986328125), (1, 3372.4541015625)]","[(0, 2212.197509765625), (1, 1365.701171875)]","[(0, 1636.4044189453125), (1, 1613.387451171875)]","[(0, 2433.098388671875), (1, 2581.454345703125)]","[(0, 1299.5943603515625), (1, 1019.6917724609375)]","[(0, 1874.7025146484375), (1, 1793.175048828125)]","[(0, 1743.638671875), (1, 1954.819091796875)]","[(0, 2384.783447265625), (1, 2393.900146484375)]"
40,"[(0, 2448.276611328125), (1, 3314.06982421875)]","[(0, 592.5132446289062), (1, 506.0096740722656)]","[(0, 2491.6875), (1, 2320.240966796875)]","[(0, 1692.573974609375), (1, 1766.4884033203125)]","[(0, 1119.9144287109375), (1, 1007.2642211914062)]","[(0, 3932.407470703125), (1, 3987.88623046875)]","[(0, 4214.99658203125), (1, 4243.09912109375)]","[(0, 1458.1927490234375), (1, 1876.7703857421875)]","[(0, 993.1211547851562), (1, 1029.56982421875)]","[(0, 1704.8365478515625), (1, 1500.6038818359375)]","[(0, 2376.421875), (1, 2363.202880859375)]"
41,"[(0, 1900.939697265625), (1, 2448.86181640625)]","[(0, 907.7203979492188), (1, 834.7086791992188)]","[(0, 6166.953125), (1, 5856.208984375)]","[(0, 2595.920166015625), (1, 2680.05810546875)]","[(0, 1155.6014404296875), (1, 1043.8421630859375)]","[(0, 2725.072021484375), (1, 2745.672607421875)]","[(0, 3402.682861328125), (1, 3529.949462890625)]","[(0, 1593.4249267578125), (1, 1294.3782958984375)]","[(0, 2283.71142578125), (1, 1802.0191650390625)]","[(0, 1750.686767578125), (1, 1987.991455078125)]","[(0, 836.701904296875), (1, 962.6697998046875)]"
42,"[(0, 1436.6964111328125), (1, 1902.579345703125)]","[(0, 1735.328369140625), (1, 2090.619140625)]","[(0, 2680.5810546875), (1, 2466.734130859375)]","[(0, 3958.93212890625), (1, 4071.86083984375)]","[(0, 3567.43017578125), (1, 2291.65380859375)]","[(0, 2366.8828125), (1, 2299.35205078125)]","[(0, 3391.49609375), (1, 3504.276611328125)]","[(0, 1510.1689453125), (1, 1507.9468994140625)]","[(0, 1448.0120849609375), (1, 1327.2147216796875)]","[(0, 1397.204833984375), (1, 1784.021240234375)]","[(0, 2865.516845703125), (1, 2848.183837890625)]"
43,"[(0, 1722.833251953125), (1, 2234.134033203125)]","[(0, 2145.21337890625), (1, 2664.343505859375)]","[(0, 4647.0146484375), (1, 4695.3125)]","[(0, 3739.26220703125), (1, 3457.355224609375)]","[(0, 3763.030029296875), (1, 2388.575439453125)]","[(0, 2121.52734375), (1, 2133.036376953125)]","[(0, 2998.598876953125), (1, 3292.0322265625)]","[(0, 1610.48046875), (1, 1609.332763671875)]","[(0, 708.6840209960938), (1, 1128.4166259765625)]","[(0, 1201.4022216796875), (1, 2020.1732177734375)]","[(0, 2308.872314453125), (1, 2667.1513671875)]"
44,"[(0, 1933.9630126953125), (1, 2468.471923828125)]","[(0, 1893.3580322265625), (1, 2119.733642578125)]","[(0, 1962.9127197265625), (1, 2074.020263671875)]","[(0, 1198.7149658203125), (1, 1250.0252685546875)]","[(0, 4644.103515625), (1, 3029.966552734375)]","[(0, 3718.65380859375), (1, 3666.06787109375)]","[(0, 4610.12548828125), (1, 4531.16162109375)]","[(0, 1750.8687744140625), (1, 1580.167724609375)]","[(0, 1764.7515869140625), (1, 1545.4598388671875)]","[(0, 1826.040771484375), (1, 2210.806884765625)]","[(0, 1467.250244140625), (1, 1765.348388671875)]"
45,"[(0, 2910.6494140625), (1, 3853.98046875)]","[(0, 1126.733642578125), (1, 1213.95654296875)]","[(0, 4809.767578125), (1, 5035.19775390625)]","[(0, 2070.808837890625), (1, 2072.6806640625)]","[(0, 4132.04443359375), (1, 3638.01318359375)]","[(0, 4360.17822265625), (1, 4177.89013671875)]","[(0, 2916.73876953125), (1, 2861.087890625)]","[(0, 2293.121826171875), (1, 2527.83203125)]","[(0, 898.6981201171875), (1, 1110.202392578125)]","[(0, 825.2672729492188), (1, 835.6847534179688)]","[(0, 3306.887451171875), (1, 3383.906982421875)]"
46,"[(0, 1763.42333984375), (1, 2206.839111328125)]","[(0, 530.8175048828125), (1, 452.9882507324219)]","[(0, 2818.613037109375), (1, 3264.099609375)]","[(0, 1660.95849609375), (1, 1638.733642578125)]","[(0, 3798.31005859375), (1, 3356.12939453125)]","[(0, 5843.67822265625), (1, 5826.861328125)]","[(0, 3616.983154296875), (1, 3472.837158203125)]","[(0, 1166.2811279296875), (1, 1164.9427490234375)]","[(0, 3262.95751953125), (1, 3770.584716796875)]","[(0, 4053.0048828125), (1, 2681.290283203125)]","[(0, 1667.755126953125), (1, 2019.95654296875)]"
47,"[(0, 1872.1761474609375), (1, 2373.46044921875)]","[(0, 692.7964477539062), (1, 623.1485595703125)]","[(0, 6800.65234375), (1, 6677.61181640625)]","[(0, 3321.638427734375), (1, 3281.8603515625)]","[(0, 3596.2568359375), (1, 2148.702392578125)]","[(0, 4064.29150390625), (1, 4080.8095703125)]","[(0, 4850.20556640625), (1, 4974.12548828125)]","[(0, 960.4468994140625), (1, 1207.8482666015625)]","[(0, 883.5989379882812), (1, 1073.324951171875)]","[(0, 1706.04345703125), (1, 2275.240966796875)]","[(0, 1999.8599853515625), (1, 2316.01953125)]"
48,"[(0, 2663.666259765625), (1, 3269.4208984375)]","[(0, 757.9483032226562), (1, 695.5049438476562)]","[(0, 1668.99462890625), (1, 1836.316162109375)]","[(0, 1871.091064453125), (1, 1937.3291015625)]","[(0, 3012.8310546875), (1, 1846.900390625)]","[(0, 3965.060546875), (1, 3885.833740234375)]","[(0, 3410.408203125), (1, 3298.2197265625)]","[(0, 691.5135498046875), (1, 718.4036254882812)]","[(0, 938.4026489257812), (1, 739.2750244140625)]","[(0, 976.0775756835938), (1, 1077.9853515625)]","[(0, 1897.3609619140625), (1, 2251.10986328125)]"
49,"[(0, 2852.138427734375), (1, 3760.422119140625)]","[(0, 1264.61474609375), (1, 1301.0880126953125)]","[(0, 3434.721923828125), (1, 3482.262451171875)]","[(0, 1754.3837890625), (1, 1873.0352783203125)]","[(0, 2447.343017578125), (1, 2131.839599609375)]","[(0, 7334.4677734375), (1, 7286.876953125)]","[(0, 3494.578369140625), (1, 3563.9443359375)]","[(0, 3459.601318359375), (1, 3177.4287109375)]","[(0, 1057.330810546875), (1, 947.5664672851562)]","[(0, 1759.11328125), (1, 2155.5390625)]","[(0, 1146.47998046875), (1, 1316.59814453125)]"
50,"[(0, 2306.19091796875), (1, 3092.899658203125)]","[(0, 1348.6348876953125), (1, 1404.1268310546875)]","[(0, 2250.8212890625), (1, 2315.31396484375)]","[(0, 2550.9658203125), (1, 2530.4599609375)]","[(0, 2432.520751953125), (1, 2117.10302734375)]","[(0, 5402.73583984375), (1, 5402.17431640625)]","[(0, 4623.7353515625), (1, 5263.181640625)]","[(0, 1870.683349609375), (1, 2000.3253173828125)]","[(0, 1992.6484375), (1, 1744.849609375)]","[(0, 1226.9024658203125), (1, 1306.6531982421875)]","[(0, 1073.5450439453125), (1, 1241.62646484375)]"
51,"[(0, 2315.9091796875), (1, 2897.357177734375)]","[(0, 1308.2030029296875), (1, 1363.285400390625)]","[(0, 3293.23486328125), (1, 3150.444580078125)]","[(0, 3435.04296875), (1, 3376.92431640625)]","[(0, 4319.95947265625), (1, 2760.963623046875)]","[(0, 4494.4208984375), (1, 4555.138671875)]","[(0, 4277.84326171875), (1, 4892.25244140625)]","[(0, 1201.29736328125), (1, 1313.8887939453125)]","[(0, 1403.62744140625), (1, 2375.70703125)]","[(0, 1704.9844970703125), (1, 1609.0633544921875)]","[(0, 2551.392822265625), (1, 3054.872802734375)]"
52,"[(0, 1932.34423828125), (1, 2428.175048828125)]","[(0, 1931.958251953125), (1, 2153.513916015625)]","[(0, 2922.59326171875), (1, 2743.837646484375)]","[(0, 3682.11181640625), (1, 3767.85986328125)]","[(0, 3773.34033203125), (1, 2435.8251953125)]","[(0, 2388.962646484375), (1, 2327.385986328125)]","[(0, 1984.2789306640625), (1, 1973.2781982421875)]","[(0, 2407.247314453125), (1, 1849.95703125)]","[(0, 1900.4603271484375), (1, 1188.990234375)]","[(0, 2104.484619140625), (1, 2256.42626953125)]","[(0, 1931.8421630859375), (1, 2234.819091796875)]"
53,"[(0, 2067.458251953125), (1, 2751.94189453125)]","[(0, 2429.890380859375), (1, 2835.386474609375)]","[(0, 8832.8681640625), (1, 8648.158203125)]","[(0, 3934.620849609375), (1, 3819.756591796875)]","[(0, 2728.188720703125), (1, 2389.960693359375)]","[(0, 2918.156494140625), (1, 2889.829345703125)]","[(0, 2422.404052734375), (1, 2412.595458984375)]","[(0, 1093.3619384765625), (1, 1102.35302734375)]","[(0, 1073.313232421875), (1, 1275.1119384765625)]","[(0, 1249.4000244140625), (1, 1044.191650390625)]","[(0, 679.5941772460938), (1, 833.1943359375)]"
54,"[(0, 2480.560546875), (1, 3108.954345703125)]","[(0, 2118.447265625), (1, 2138.922607421875)]","[(0, 2601.26171875), (1, 2486.19482421875)]","[(0, 4079.650146484375), (1, 4247.69482421875)]","[(0, 2881.347900390625), (1, 2551.201904296875)]","[(0, 6695.083984375), (1, 6822.85595703125)]","[(0, 6320.31298828125), (1, 7758.5048828125)]","[(0, 1969.3856201171875), (1, 1738.3612060546875)]","[(0, 1490.2742919921875), (1, 1870.40234375)]","[(0, 1123.8306884765625), (1, 1026.3563232421875)]","[(0, 1439.98779296875), (1, 1662.804931640625)]"
55,"[(0, 2043.1142578125), (1, 2544.73193359375)]","[(0, 1408.2216796875), (1, 1494.077392578125)]","[(0, 7055.08935546875), (1, 6796.0751953125)]","[(0, 2468.735595703125), (1, 2407.264404296875)]","[(0, 2813.2744140625), (1, 1792.9920654296875)]","[(0, 6371.00146484375), (1, 6571.4462890625)]","[(0, 9275.296875), (1, 11343.833984375)]","[(0, 1855.8741455078125), (1, 1719.09619140625)]","[(0, 1271.264892578125), (1, 1476.7484130859375)]","[(0, 1701.6983642578125), (1, 1232.3741455078125)]","[(0, 2131.659912109375), (1, 2502.008544921875)]"
56,"[(0, 1479.8238525390625), (1, 1901.845458984375)]","[(0, 1790.0355224609375), (1, 1983.7152099609375)]","[(0, 3401.02490234375), (1, 2871.62841796875)]","[(0, 1972.331787109375), (1, 1844.03076171875)]","[(0, 2366.819580078125), (1, 1523.8187255859375)]","[(0, 4593.65478515625), (1, 4502.16845703125)]","[(0, 3445.906494140625), (1, 3330.173828125)]","[(0, 801.0509033203125), (1, 709.81396484375)]","[(0, 1925.215576171875), (1, 1839.6185302734375)]","[(0, 2074.734375), (1, 2938.617431640625)]","[(0, 1898.56005859375), (1, 1897.1654052734375)]"
57,"[(0, 2054.202880859375), (1, 2606.436767578125)]","[(0, 1635.4417724609375), (1, 1592.2462158203125)]","[(0, 6843.5791015625), (1, 6740.19140625)]","[(0, 4411.04833984375), (1, 4375.97021484375)]","[(0, 1293.76123046875), (1, 1133.6802978515625)]","[(0, 2831.60205078125), (1, 2775.705810546875)]","[(0, 1141.8197021484375), (1, 1182.898681640625)]","[(0, 860.8372802734375), (1, 774.3804931640625)]","[(0, 2309.158447265625), (1, 2226.282470703125)]","[(0, 3025.300537109375), (1, 2391.662841796875)]","[(0, 1346.538818359375), (1, 1581.8045654296875)]"
58,"[(0, 2425.654541015625), (1, 3211.75732421875)]","[(0, 1172.80712890625), (1, 1135.5213623046875)]","[(0, 2765.51611328125), (1, 2596.95361328125)]","[(0, 2589.44921875), (1, 2671.239501953125)]","[(0, 1790.425537109375), (1, 1549.69921875)]","[(0, 6849.240234375), (1, 6858.58056640625)]","[(0, 9582.9228515625), (1, 10099.435546875)]","[(0, 1014.4511108398438), (1, 874.525634765625)]","[(0, 1481.625732421875), (1, 2337.945068359375)]","[(0, 1839.588623046875), (1, 1948.834716796875)]","[(0, 1842.460205078125), (1, 2178.917724609375)]"
59,"[(0, 2099.260986328125), (1, 2612.079345703125)]","[(0, 2237.447265625), (1, 2533.576171875)]","[(0, 6444.14599609375), (1, 6336.30029296875)]","[(0, 4718.87548828125), (1, 4611.0400390625)]","[(0, 2384.6650390625), (1, 1431.25341796875)]","[(0, 5407.26171875), (1, 5276.1826171875)]","[(0, 5089.55908203125), (1, 5373.30810546875)]","[(0, 3419.947998046875), (1, 2731.99755859375)]","[(0, 709.0406494140625), (1, 956.5538330078125)]","[(0, 1549.3599853515625), (1, 1362.93896484375)]","[(0, 1581.474853515625), (1, 1869.0997314453125)]"
60,"[(0, 1033.1766357421875), (1, 1261.77783203125)]","[(0, 2634.10546875), (1, 3085.052001953125)]","[(0, 6412.494140625), (1, 6310.71240234375)]","[(0, 1924.6190185546875), (1, 1949.528076171875)]","[(0, 2468.44970703125), (1, 1493.9306640625)]","[(0, 4578.97998046875), (1, 4583.130859375)]","[(0, 5790.140625), (1, 6002.9453125)]","[(0, 1457.440673828125), (1, 1386.7958984375)]","[(0, 2490.561279296875), (1, 2550.80517578125)]","[(0, 1508.351806640625), (1, 1782.3316650390625)]","[(0, 4195.3779296875), (1, 4163.916015625)]"
61,"[(0, 1386.9267578125), (1, 1740.62890625)]","[(0, 2500.894775390625), (1, 2582.335693359375)]","[(0, 6263.00537109375), (1, 6107.64501953125)]","[(0, 3254.6005859375), (1, 3347.14111328125)]","[(0, 1574.357177734375), (1, 1338.813720703125)]","[(0, 2828.857177734375), (1, 2891.905029296875)]","[(0, 3288.407958984375), (1, 3183.06689453125)]","[(0, 1356.9490966796875), (1, 1635.3863525390625)]","[(0, 2032.3094482421875), (1, 1987.1839599609375)]","[(0, 2839.008056640625), (1, 3456.603515625)]","[(0, 759.860107421875), (1, 904.153564453125)]"
62,"[(0, 1519.78759765625), (1, 1966.9754638671875)]","[(0, 1725.2542724609375), (1, 1742.2581787109375)]","[(0, 3832.692138671875), (1, 3861.38232421875)]","[(0, 5930.52587890625), (1, 5916.83740234375)]","[(0, 2050.976806640625), (1, 1744.862060546875)]","[(0, 7590.17138671875), (1, 7309.50439453125)]","[(0, 7584.4765625), (1, 7308.76513671875)]","[(0, 774.9449462890625), (1, 726.3983154296875)]","[(0, 1331.218505859375), (1, 1209.36279296875)]","[(0, 1440.5584716796875), (1, 1357.636962890625)]","[(0, 2031.7125244140625), (1, 2024.2288818359375)]"
63,"[(0, 2418.054443359375), (1, 3026.5126953125)]","[(0, 688.6071166992188), (1, 599.258056640625)]","[(0, 2278.14599609375), (1, 2176.5458984375)]","[(0, 2588.518310546875), (1, 2552.48193359375)]","[(0, 4957.36083984375), (1, 3026.775390625)]","[(0, 2482.030029296875), (1, 2520.72314453125)]","[(0, 3814.40185546875), (1, 3913.22705078125)]","[(0, 2250.64501953125), (1, 2351.951171875)]","[(0, 613.831298828125), (1, 576.79296875)]","[(0, 3277.056396484375), (1, 3721.13720703125)]","[(0, 2188.736328125), (1, 2172.8759765625)]"
64,"[(0, 1215.9698486328125), (1, 1496.3082275390625)]","[(0, 1031.8055419921875), (1, 1337.1153564453125)]","[(0, 3691.3271484375), (1, 3758.278076171875)]","[(0, 3094.926513671875), (1, 2986.55517578125)]","[(0, 4615.07421875), (1, 2856.493896484375)]","[(0, 1981.3470458984375), (1, 1879.3521728515625)]","[(0, 7711.88330078125), (1, 10031.177734375)]","[(0, 893.27392578125), (1, 1259.555419921875)]","[(0, 1489.930419921875), (1, 1313.5843505859375)]","[(0, 2003.263427734375), (1, 1948.8709716796875)]","[(0, 3594.254638671875), (1, 3555.254150390625)]"
65,"[(0, 2639.466796875), (1, 3567.27685546875)]","[(0, 1244.259765625), (1, 1703.900390625)]","[(0, 2801.84130859375), (1, 2724.656494140625)]","[(0, 3331.514404296875), (1, 3305.509521484375)]","[(0, 2462.6923828125), (1, 2225.6552734375)]","[(0, 2425.88232421875), (1, 2375.202880859375)]","[(0, 7603.3349609375), (1, 9642.2080078125)]","[(0, 1121.9642333984375), (1, 1195.78466796875)]","[(0, 1937.3984375), (1, 1915.8983154296875)]","[(0, 2016.1092529296875), (1, 1575.60302734375)]","[(0, 1901.8509521484375), (1, 1885.3677978515625)]"
66,"[(0, 2153.400146484375), (1, 2810.1103515625)]","[(0, 1159.9041748046875), (1, 1494.164306640625)]","[(0, 5609.1337890625), (1, 5769.9052734375)]","[(0, 3262.207763671875), (1, 3428.281494140625)]","[(0, 2399.76318359375), (1, 2131.45947265625)]","[(0, 5360.5791015625), (1, 5446.38232421875)]","[(0, 2734.867919921875), (1, 2671.937744140625)]","[(0, 2496.12060546875), (1, 3352.278076171875)]","[(0, 1300.1043701171875), (1, 1403.8328857421875)]","[(0, 2176.632080078125), (1, 1156.4095458984375)]","[(0, 2470.38671875), (1, 2442.049560546875)]"
67,"[(0, 2018.65478515625), (1, 2478.15576171875)]","[(0, 842.39453125), (1, 972.6969604492188)]","[(0, 3809.272705078125), (1, 3658.46435546875)]","[(0, 2798.0390625), (1, 2612.436767578125)]","[(0, 1430.4354248046875), (1, 912.6795043945312)]","[(0, 2722.52392578125), (1, 2804.368896484375)]","[(0, 3937.822998046875), (1, 3824.53173828125)]","[(0, 1154.78564453125), (1, 1122.936767578125)]","[(0, 1879.010009765625), (1, 1905.5263671875)]","[(0, 1044.3863525390625), (1, 1180.68505859375)]","[(0, 1807.54150390625), (1, 2048.077392578125)]"
68,"[(0, 2658.090087890625), (1, 3270.294189453125)]","[(0, 553.0599365234375), (1, 488.5069885253906)]","[(0, 2529.545654296875), (1, 2662.57177734375)]","[(0, 2507.902099609375), (1, 2444.94482421875)]","[(0, 5821.4013671875), (1, 3764.544677734375)]","[(0, 3232.098388671875), (1, 3190.39404296875)]","[(0, 2257.688720703125), (1, 2549.102783203125)]","[(0, 1732.720458984375), (1, 1302.433837890625)]","[(0, 741.3114624023438), (1, 852.4292602539062)]","[(0, 1565.553466796875), (1, 1715.583984375)]","[(0, 3495.191650390625), (1, 3434.75146484375)]"
69,"[(0, 2082.10595703125), (1, 2795.5400390625)]","[(0, 931.09375), (1, 1130.3828125)]","[(0, 3953.00146484375), (1, 3724.9365234375)]","[(0, 3078.556640625), (1, 3088.643310546875)]","[(0, 6026.67626953125), (1, 3907.073974609375)]","[(0, 6122.65087890625), (1, 6079.95361328125)]","[(0, 5964.19384765625), (1, 6805.8623046875)]","[(0, 1234.5462646484375), (1, 1439.984375)]","[(0, 1635.5313720703125), (1, 1594.1029052734375)]","[(0, 2066.289306640625), (1, 3233.550537109375)]","[(0, 1609.6297607421875), (1, 1584.6385498046875)]"
70,"[(0, 2052.8642578125), (1, 2639.75244140625)]","[(0, 1058.49609375), (1, 1293.4158935546875)]","[(0, 7220.0615234375), (1, 6976.2939453125)]","[(0, 5771.78173828125), (1, 5850.70458984375)]","[(0, 2828.18408203125), (1, 2464.13720703125)]","[(0, 6749.22900390625), (1, 6712.05078125)]","[(0, 4442.373046875), (1, 4412.744140625)]","[(0, 815.1386108398438), (1, 1019.9114990234375)]","[(0, 2563.768798828125), (1, 2274.561767578125)]","[(0, 1392.7242431640625), (1, 1240.4619140625)]","[(0, 1467.5098876953125), (1, 1680.28662109375)]"
71,"[(0, 2486.00390625), (1, 3261.781494140625)]","[(0, 980.5713500976562), (1, 1116.40234375)]","[(0, 3112.666015625), (1, 2738.77490234375)]","[(0, 2745.163330078125), (1, 2632.955078125)]","[(0, 2586.84033203125), (1, 2251.7744140625)]","[(0, 3401.268310546875), (1, 3389.685546875)]","[(0, 2554.76025390625), (1, 2586.438232421875)]","[(0, 2374.68310546875), (1, 2841.619384765625)]","[(0, 1478.802490234375), (1, 1720.7430419921875)]","[(0, 1221.6240234375), (1, 1249.860107421875)]","[(0, 2427.451416015625), (1, 2400.037841796875)]"
72,"[(0, 1671.627685546875), (1, 2110.090576171875)]","[(0, 711.5042114257812), (1, 655.0004272460938)]","[(0, 3634.15380859375), (1, 3570.1904296875)]","[(0, 4396.04345703125), (1, 4570.84326171875)]","[(0, 4555.68603515625), (1, 2968.151611328125)]","[(0, 5618.2939453125), (1, 5515.48291015625)]","[(0, 7110.75537109375), (1, 9067.3154296875)]","[(0, 1810.2421875), (1, 1911.154541015625)]","[(0, 1612.8529052734375), (1, 1307.5126953125)]","[(0, 2261.152587890625), (1, 2815.190673828125)]","[(0, 731.9199829101562), (1, 869.979248046875)]"
73,"[(0, 1510.6536865234375), (1, 1872.5753173828125)]","[(0, 1319.6566162109375), (1, 1702.68212890625)]","[(0, 1667.0865478515625), (1, 1492.22265625)]","[(0, 2215.913818359375), (1, 2300.1318359375)]","[(0, 3869.330078125), (1, 3343.14697265625)]","[(0, 6541.3896484375), (1, 6778.38525390625)]","[(0, 4800.0390625), (1, 6023.5390625)]","[(0, 1823.501708984375), (1, 1608.6031494140625)]","[(0, 1175.77587890625), (1, 1352.51171875)]","[(0, 1691.2613525390625), (1, 1430.9041748046875)]","[(0, 3419.13916015625), (1, 3485.488525390625)]"
74,"[(0, 1411.992431640625), (1, 1717.490234375)]","[(0, 1577.005615234375), (1, 2215.27783203125)]","[(0, 4773.8125), (1, 4340.73583984375)]","[(0, 1910.0394287109375), (1, 1780.6513671875)]","[(0, 3794.403564453125), (1, 3319.209716796875)]","[(0, 4211.822265625), (1, 4140.70703125)]","[(0, 6298.14013671875), (1, 7068.7412109375)]","[(0, 2016.1419677734375), (1, 1899.3948974609375)]","[(0, 2428.728515625), (1, 2341.88818359375)]","[(0, 2334.106689453125), (1, 2384.62646484375)]","[(0, 1405.0343017578125), (1, 1621.0054931640625)]"
75,"[(0, 1142.653076171875), (1, 1407.3228759765625)]","[(0, 1483.083984375), (1, 1868.9232177734375)]","[(0, 1682.972900390625), (1, 1789.275146484375)]","[(0, 2580.184326171875), (1, 2453.03759765625)]","[(0, 2742.421142578125), (1, 1708.697509765625)]","[(0, 3639.314453125), (1, 3576.96533203125)]","[(0, 4086.53857421875), (1, 3966.7060546875)]","[(0, 1852.843017578125), (1, 1847.2369384765625)]","[(0, 1491.3284912109375), (1, 1169.894287109375)]","[(0, 1432.859619140625), (1, 1095.9923095703125)]","[(0, 939.46826171875), (1, 1089.0458984375)]"
76,"[(0, 1546.5006103515625), (1, 2010.36474609375)]","[(0, 1082.699462890625), (1, 1280.72900390625)]","[(0, 2034.453125), (1, 2212.9931640625)]","[(0, 1482.4320068359375), (1, 1391.173828125)]","[(0, 1238.0655517578125), (1, 1120.2108154296875)]","[(0, 8788.86328125), (1, 8755.8095703125)]","[(0, 2745.52978515625), (1, 2841.02734375)]","[(0, 1686.173095703125), (1, 1781.8634033203125)]","[(0, 1455.7923583984375), (1, 3030.98974609375)]","[(0, 1793.7001953125), (1, 3052.24609375)]","[(0, 3500.896240234375), (1, 3405.676025390625)]"
77,"[(0, 1467.7078857421875), (1, 1933.4642333984375)]","[(0, 482.0761413574219), (1, 500.12811279296875)]","[(0, 2600.240966796875), (1, 2455.214111328125)]","[(0, 1817.1436767578125), (1, 1725.6690673828125)]","[(0, 3655.20703125), (1, 2269.625732421875)]","[(0, 4761.5361328125), (1, 4731.705078125)]","[(0, 7596.6162109375), (1, 9579.1220703125)]","[(0, 1031.0672607421875), (1, 1348.467041015625)]","[(0, 1207.1826171875), (1, 1129.3101806640625)]","[(0, 1669.8590087890625), (1, 2303.45849609375)]","[(0, 2672.994140625), (1, 2635.57275390625)]"
78,"[(0, 3179.811279296875), (1, 3996.921142578125)]","[(0, 2193.437744140625), (1, 2476.361328125)]","[(0, 4236.8037109375), (1, 4044.25927734375)]","[(0, 2432.851318359375), (1, 2338.091064453125)]","[(0, 3387.045166015625), (1, 2108.87939453125)]","[(0, 5555.5029296875), (1, 5587.5322265625)]","[(0, 7592.0537109375), (1, 9340.068359375)]","[(0, 1921.6102294921875), (1, 2389.3408203125)]","[(0, 2388.814697265625), (1, 3027.228515625)]","[(0, 1411.430419921875), (1, 1488.5506591796875)]","[(0, 2288.41943359375), (1, 2750.916015625)]"
79,"[(0, 1355.5159912109375), (1, 1729.27197265625)]","[(0, 2587.88525390625), (1, 3030.793212890625)]","[(0, 2957.118408203125), (1, 2894.553955078125)]","[(0, 1598.372802734375), (1, 1474.49609375)]","[(0, 1457.86328125), (1, 1311.376953125)]","[(0, 5188.35302734375), (1, 5130.7490234375)]","[(0, 3279.11962890625), (1, 3236.771728515625)]","[(0, 808.6787109375), (1, 1178.53759765625)]","[(0, 1767.0487060546875), (1, 2359.953125)]","[(0, 2723.0068359375), (1, 2507.617431640625)]","[(0, 1517.6165771484375), (1, 1780.9188232421875)]"
80,"[(0, 2064.609130859375), (1, 2663.8935546875)]","[(0, 2403.646728515625), (1, 2462.936767578125)]","[(0, 4690.9267578125), (1, 4745.79150390625)]","[(0, 4774.57763671875), (1, 4750.7275390625)]","[(0, 3833.346435546875), (1, 2439.336669921875)]","[(0, 4145.55908203125), (1, 4200.28173828125)]","[(0, 6963.63818359375), (1, 7179.8798828125)]","[(0, 1218.1844482421875), (1, 1281.331298828125)]","[(0, 1462.4691162109375), (1, 1028.7777099609375)]","[(0, 1878.04443359375), (1, 2480.64208984375)]","[(0, 1586.0181884765625), (1, 1885.31201171875)]"
81,"[(0, 2270.037109375), (1, 3027.785888671875)]","[(0, 1658.3564453125), (1, 1660.9910888671875)]","[(0, 6712.05078125), (1, 6449.84619140625)]","[(0, 1280.666748046875), (1, 1176.2923583984375)]","[(0, 3666.2705078125), (1, 2339.438232421875)]","[(0, 5534.3720703125), (1, 5591.3330078125)]","[(0, 5226.3583984375), (1, 5344.0361328125)]","[(0, 955.2246704101562), (1, 952.6568603515625)]","[(0, 1308.9693603515625), (1, 1443.7362060546875)]","[(0, 1910.3973388671875), (1, 2007.079345703125)]","[(0, 1715.9718017578125), (1, 1726.42041015625)]"
82,"[(0, 1796.7767333984375), (1, 2329.154541015625)]","[(0, 636.0531616210938), (1, 557.878662109375)]","[(0, 2393.98828125), (1, 2346.044677734375)]","[(0, 4382.3388671875), (1, 4646.7353515625)]","[(0, 2079.923828125), (1, 1901.1680908203125)]","[(0, 6467.2333984375), (1, 6393.95458984375)]","[(0, 8929.685546875), (1, 9029.5966796875)]","[(0, 2148.12646484375), (1, 1880.9498291015625)]","[(0, 1481.0006103515625), (1, 1540.800537109375)]","[(0, 2059.9931640625), (1, 2204.52734375)]","[(0, 2039.7938232421875), (1, 2363.9716796875)]"
83,"[(0, 2072.065185546875), (1, 2536.632080078125)]","[(0, 1631.7884521484375), (1, 1539.32666015625)]","[(0, 2844.015869140625), (1, 2724.5419921875)]","[(0, 2059.596435546875), (1, 1997.266845703125)]","[(0, 2333.368896484375), (1, 1491.76806640625)]","[(0, 5565.392578125), (1, 5684.61279296875)]","[(0, 4280.197265625), (1, 4176.43603515625)]","[(0, 1098.7734375), (1, 1156.28662109375)]","[(0, 1949.9232177734375), (1, 2789.62890625)]","[(0, 896.6961059570312), (1, 1192.0068359375)]","[(0, 1378.5413818359375), (1, 1634.91845703125)]"
84,"[(0, 2848.938720703125), (1, 3706.7890625)]","[(0, 2168.463623046875), (1, 2145.554931640625)]","[(0, 4671.279296875), (1, 4837.2158203125)]","[(0, 2028.0499267578125), (1, 1885.4676513671875)]","[(0, 2349.73486328125), (1, 1496.2005615234375)]","[(0, 3938.946044921875), (1, 3735.80126953125)]","[(0, 3388.6220703125), (1, 3511.087158203125)]","[(0, 3260.62451171875), (1, 2232.749267578125)]","[(0, 1972.1746826171875), (1, 1726.6888427734375)]","[(0, 2508.3447265625), (1, 2560.64599609375)]","[(0, 1860.665283203125), (1, 2155.731201171875)]"
85,"[(0, 1332.5294189453125), (1, 1684.274169921875)]","[(0, 1776.5447998046875), (1, 1683.6912841796875)]","[(0, 4477.078125), (1, 4387.5830078125)]","[(0, 6289.2275390625), (1, 6691.74560546875)]","[(0, 843.5952758789062), (1, 725.84228515625)]","[(0, 3389.210205078125), (1, 3335.5771484375)]","[(0, 12474.052734375), (1, 15328.1220703125)]","[(0, 2349.157958984375), (1, 2385.965087890625)]","[(0, 1334.8385009765625), (1, 1300.7108154296875)]","[(0, 1265.5914306640625), (1, 1661.503662109375)]","[(0, 1951.92431640625), (1, 1949.7353515625)]"
86,"[(0, 1384.4285888671875), (1, 1693.8546142578125)]","[(0, 1355.205078125), (1, 1290.1763916015625)]","[(0, 1895.59033203125), (1, 1889.9808349609375)]","[(0, 1882.5362548828125), (1, 1836.0841064453125)]","[(0, 871.7232666015625), (1, 751.336669921875)]","[(0, 6781.65673828125), (1, 6900.22119140625)]","[(0, 8238.7626953125), (1, 10119.287109375)]","[(0, 1054.924072265625), (1, 1491.5589599609375)]","[(0, 2575.11669921875), (1, 2831.915283203125)]","[(0, 2585.015380859375), (1, 2063.759765625)]","[(0, 3775.85302734375), (1, 3813.6162109375)]"
87,"[(0, 2253.892822265625), (1, 2998.31005859375)]","[(0, 2003.45068359375), (1, 2220.16259765625)]","[(0, 4317.837890625), (1, 4163.880859375)]","[(0, 1490.51806640625), (1, 1544.32080078125)]","[(0, 2126.4375), (1, 1289.494873046875)]","[(0, 3001.9609375), (1, 2984.806884765625)]","[(0, 7750.23681640625), (1, 7154.125)]","[(0, 1976.444091796875), (1, 1966.8975830078125)]","[(0, 2037.72314453125), (1, 1944.521240234375)]","[(0, 1562.8370361328125), (1, 1121.7235107421875)]","[(0, 2167.989013671875), (1, 2192.419189453125)]"
88,"[(0, 2589.04541015625), (1, 3449.194580078125)]","[(0, 2476.478515625), (1, 2866.8056640625)]","[(0, 2824.694580078125), (1, 3225.2412109375)]","[(0, 1797.037109375), (1, 1887.884033203125)]","[(0, 3355.681396484375), (1, 2112.1826171875)]","[(0, 1778.2822265625), (1, 1719.06005859375)]","[(0, 7397.90966796875), (1, 6995.248046875)]","[(0, 2053.026611328125), (1, 2161.46337890625)]","[(0, 2407.012939453125), (1, 2356.428955078125)]","[(0, 2599.062255859375), (1, 2547.03857421875)]","[(0, 1426.09375), (1, 1650.1685791015625)]"
89,"[(0, 2028.0460205078125), (1, 2577.354736328125)]","[(0, 2204.545166015625), (1, 2309.11767578125)]","[(0, 4718.56494140625), (1, 4001.80712890625)]","[(0, 6234.9658203125), (1, 6337.1455078125)]","[(0, 3146.244140625), (1, 1974.5478515625)]","[(0, 4085.194091796875), (1, 4174.23388671875)]","[(0, 4577.015625), (1, 4276.4599609375)]","[(0, 2256.813720703125), (1, 2235.867919921875)]","[(0, 2391.1953125), (1, 2307.204833984375)]","[(0, 1539.766357421875), (1, 1611.965576171875)]","[(0, 1767.7337646484375), (1, 2053.6884765625)]"
90,"[(0, 2424.3544921875), (1, 3213.94189453125)]","[(0, 2123.4169921875), (1, 2271.81640625)]","[(0, 6059.81494140625), (1, 5503.50341796875)]","[(0, 2895.06591796875), (1, 3053.60595703125)]","[(0, 1196.4559326171875), (1, 1070.8726806640625)]","[(0, 1997.0345458984375), (1, 1917.495849609375)]","[(0, 7991.84912109375), (1, 7706.052734375)]","[(0, 1016.9530639648438), (1, 1041.12109375)]","[(0, 3428.562744140625), (1, 2661.9775390625)]","[(0, 815.9482421875), (1, 752.0897216796875)]","[(0, 3008.237060546875), (1, 3014.293701171875)]"
91,"[(0, 1831.6759033203125), (1, 2271.6494140625)]","[(0, 861.9109497070312), (1, 782.4427490234375)]","[(0, 8474.2900390625), (1, 8029.9794921875)]","[(0, 3352.242919921875), (1, 3403.52978515625)]","[(0, 5858.89013671875), (1, 3801.912109375)]","[(0, 1746.53857421875), (1, 1745.04833984375)]","[(0, 3758.9091796875), (1, 3618.667236328125)]","[(0, 1710.822021484375), (1, 1591.4051513671875)]","[(0, 1503.3212890625), (1, 1477.2532958984375)]","[(0, 1915.05078125), (1, 2042.69140625)]","[(0, 3975.11279296875), (1, 3942.47119140625)]"
92,"[(0, 2680.007080078125), (1, 3370.78515625)]","[(0, 2564.949951171875), (1, 2786.7158203125)]","[(0, 3344.432373046875), (1, 3679.89306640625)]","[(0, 1664.8582763671875), (1, 1625.9398193359375)]","[(0, 5111.51123046875), (1, 3305.6669921875)]","[(0, 2944.811767578125), (1, 3016.807373046875)]","[(0, 2851.098388671875), (1, 2982.55908203125)]","[(0, 1529.0709228515625), (1, 1859.8482666015625)]","[(0, 1435.8450927734375), (1, 1759.662841796875)]","[(0, 1256.874755859375), (1, 1499.3350830078125)]","[(0, 1453.2989501953125), (1, 1651.8675537109375)]"
93,"[(0, 1416.7275390625), (1, 1856.5531005859375)]","[(0, 3301.561767578125), (1, 3740.45703125)]","[(0, 1382.2076416015625), (1, 1455.6591796875)]","[(0, 1499.159912109375), (1, 1643.2447509765625)]","[(0, 2243.5283203125), (1, 2020.9805908203125)]","[(0, 6470.361328125), (1, 6579.642578125)]","[(0, 5458.00390625), (1, 5956.32666015625)]","[(0, 2432.02783203125), (1, 1927.897216796875)]","[(0, 720.7128295898438), (1, 756.4878540039062)]","[(0, 1034.7039794921875), (1, 1086.7479248046875)]","[(0, 2481.43115234375), (1, 2456.40380859375)]"
94,"[(0, 2684.240478515625), (1, 3558.517333984375)]","[(0, 2823.278076171875), (1, 2776.775390625)]","[(0, 4523.830078125), (1, 4400.841796875)]","[(0, 3844.377197265625), (1, 3675.62841796875)]","[(0, 2439.689208984375), (1, 1453.60107421875)]","[(0, 3927.153076171875), (1, 3833.23681640625)]","[(0, 2957.4384765625), (1, 3277.909912109375)]","[(0, 1808.2078857421875), (1, 1912.2001953125)]","[(0, 2355.431396484375), (1, 2840.477294921875)]","[(0, 1466.6192626953125), (1, 1628.313232421875)]","[(0, 1140.136962890625), (1, 1375.3065185546875)]"
95,"[(0, 2725.103271484375), (1, 3659.549560546875)]","[(0, 1861.89453125), (1, 1876.29248046875)]","[(0, 1392.584228515625), (1, 1422.5911865234375)]","[(0, 3304.10693359375), (1, 3404.373779296875)]","[(0, 2676.73876953125), (1, 1598.272216796875)]","[(0, 3806.461669921875), (1, 3803.061767578125)]","[(0, 2895.0205078125), (1, 3009.89306640625)]","[(0, 1413.6591796875), (1, 1711.4053955078125)]","[(0, 3909.754150390625), (1, 3884.996337890625)]","[(0, 1172.720947265625), (1, 926.7086791992188)]","[(0, 1169.86083984375), (1, 1372.660888671875)]"
96,"[(0, 1925.337646484375), (1, 2442.113525390625)]","[(0, 661.1800537109375), (1, 604.2251586914062)]","[(0, 4896.56982421875), (1, 5002.29736328125)]","[(0, 1184.49267578125), (1, 1184.9259033203125)]","[(0, 1865.6724853515625), (1, 1631.85302734375)]","[(0, 7312.30029296875), (1, 7490.28369140625)]","[(0, 3215.836669921875), (1, 3264.410888671875)]","[(0, 1072.8936767578125), (1, 1034.2349853515625)]","[(0, 1662.759765625), (1, 1141.297119140625)]","[(0, 1878.0174560546875), (1, 1657.1722412109375)]","[(0, 2049.15869140625), (1, 2426.89111328125)]"
97,"[(0, 1664.970947265625), (1, 2087.0791015625)]","[(0, 2622.096435546875), (1, 2724.995361328125)]","[(0, 2212.64501953125), (1, 2239.93017578125)]","[(0, 1754.323486328125), (1, 1764.367919921875)]","[(0, 1230.9200439453125), (1, 1095.33349609375)]","[(0, 2305.673828125), (1, 2341.55419921875)]","[(0, 1981.75048828125), (1, 1945.2723388671875)]","[(0, 2204.2216796875), (1, 2171.4033203125)]","[(0, 2432.67724609375), (1, 1959.0211181640625)]","[(0, 2283.357666015625), (1, 2045.5006103515625)]","[(0, 1788.1475830078125), (1, 1757.7701416015625)]"
98,"[(0, 2606.55859375), (1, 3493.991943359375)]","[(0, 3211.910400390625), (1, 3489.22021484375)]","[(0, 6141.0654296875), (1, 5931.4873046875)]","[(0, 2517.936279296875), (1, 2512.199951171875)]","[(0, 2581.778076171875), (1, 1558.572021484375)]","[(0, 1943.55517578125), (1, 1898.6832275390625)]","[(0, 1815.9083251953125), (1, 1838.239990234375)]","[(0, 1266.7579345703125), (1, 1217.827880859375)]","[(0, 3215.775390625), (1, 2302.194580078125)]","[(0, 1901.0447998046875), (1, 1952.8385009765625)]","[(0, 2935.1904296875), (1, 2922.90380859375)]"
99,"[(0, 2078.755126953125), (1, 2618.282958984375)]","[(0, 2949.970947265625), (1, 2701.098876953125)]","[(0, 5096.9228515625), (1, 5023.03466796875)]","[(0, 4338.7578125), (1, 4370.3896484375)]","[(0, 2238.370361328125), (1, 1426.9970703125)]","[(0, 3298.040283203125), (1, 3282.884033203125)]","[(0, 7420.15234375), (1, 7742.0439453125)]","[(0, 1007.0029907226562), (1, 994.5955200195312)]","[(0, 2109.000244140625), (1, 2580.479736328125)]","[(0, 1574.7242431640625), (1, 1199.7420654296875)]","[(0, 1660.224609375), (1, 1924.895263671875)]"
100,"[(0, 1860.6937255859375), (1, 2503.6806640625)]","[(0, 2578.36279296875), (1, 3021.4111328125)]","[(0, 2655.539794921875), (1, 2804.4052734375)]","[(0, 2195.722412109375), (1, 2230.802978515625)]","[(0, 3188.2802734375), (1, 1952.77880859375)]","[(0, 3687.840087890625), (1, 3746.626220703125)]","[(0, 2970.661865234375), (1, 3220.57861328125)]","[(0, 2156.17626953125), (1, 2653.629638671875)]","[(0, 948.7216186523438), (1, 1356.3939208984375)]","[(0, 1690.5623779296875), (1, 1658.39990234375)]","[(0, 1950.375244140625), (1, 1975.603515625)]"
101,"[(0, 1426.0318603515625), (1, 1843.0330810546875)]","[(0, 2136.62890625), (1, 2221.19482421875)]","[(0, 3204.051025390625), (1, 3332.68994140625)]","[(0, 3971.990478515625), (1, 4128.6376953125)]","[(0, 2433.230712890625), (1, 1479.097900390625)]","[(0, 3454.296630859375), (1, 3540.515625)]","[(0, 3737.01611328125), (1, 3790.052734375)]","[(0, 1482.810302734375), (1, 1382.3487548828125)]","[(0, 1659.5992431640625), (1, 1422.7181396484375)]","[(0, 2653.50830078125), (1, 1984.1351318359375)]","[(0, 1626.523681640625), (1, 1893.4375)]"
102,"[(0, 1691.5718994140625), (1, 2242.125244140625)]","[(0, 721.9947509765625), (1, 676.4706420898438)]","[(0, 1451.591064453125), (1, 1476.3948974609375)]","[(0, 3044.800537109375), (1, 2998.395751953125)]","[(0, 727.8858032226562), (1, 649.2127685546875)]","[(0, 3530.59912109375), (1, 3412.01220703125)]","[(0, 2338.02880859375), (1, 2394.645751953125)]","[(0, 839.998291015625), (1, 751.7251586914062)]","[(0, 2433.87451171875), (1, 2624.923583984375)]","[(0, 2074.326904296875), (1, 1885.2320556640625)]","[(0, 1838.977294921875), (1, 2200.871337890625)]"
103,"[(0, 2487.56201171875), (1, 3080.46240234375)]","[(0, 599.8003540039062), (1, 528.2796020507812)]","[(0, 2237.033447265625), (1, 2052.365966796875)]","[(0, 3315.220458984375), (1, 3449.3916015625)]","[(0, 919.4000854492188), (1, 826.2532348632812)]","[(0, 2586.697265625), (1, 2534.55859375)]","[(0, 3211.445068359375), (1, 3078.76806640625)]","[(0, 1881.796630859375), (1, 1645.998046875)]","[(0, 1503.6094970703125), (1, 1910.876708984375)]","[(0, 822.2109985351562), (1, 1347.8531494140625)]","[(0, 2461.89990234375), (1, 2449.6884765625)]"
104,"[(0, 2111.790771484375), (1, 2781.549072265625)]","[(0, 1800.8707275390625), (1, 1935.5)]","[(0, 5683.14404296875), (1, 5239.02880859375)]","[(0, 2807.1865234375), (1, 2907.07763671875)]","[(0, 1863.23828125), (1, 1313.1766357421875)]","[(0, 5136.66845703125), (1, 5130.64599609375)]","[(0, 4367.96875), (1, 4261.6650390625)]","[(0, 1860.5623779296875), (1, 1787.539794921875)]","[(0, 2383.987548828125), (1, 3119.46533203125)]","[(0, 1476.9427490234375), (1, 1817.0455322265625)]","[(0, 2259.181396484375), (1, 2289.158203125)]"
105,"[(0, 1694.117919921875), (1, 2171.96240234375)]","[(0, 1187.494384765625), (1, 1198.4613037109375)]","[(0, 2192.263671875), (1, 2051.74365234375)]","[(0, 2653.976318359375), (1, 2781.669677734375)]","[(0, 5346.12060546875), (1, 3315.331298828125)]","[(0, 2548.31298828125), (1, 2594.720947265625)]","[(0, 6617.9482421875), (1, 7828.48046875)]","[(0, 1373.9927978515625), (1, 1492.7464599609375)]","[(0, 905.66552734375), (1, 1173.1158447265625)]","[(0, 1231.1895751953125), (1, 1547.482421875)]","[(0, 2086.701904296875), (1, 2427.260498046875)]"
106,"[(0, 2134.517822265625), (1, 2651.92333984375)]","[(0, 1201.53466796875), (1, 1225.0352783203125)]","[(0, 4611.7919921875), (1, 3984.753662109375)]","[(0, 1847.41650390625), (1, 1872.673583984375)]","[(0, 3384.923828125), (1, 2176.9892578125)]","[(0, 2799.592529296875), (1, 2748.02099609375)]","[(0, 3652.91064453125), (1, 4752.20458984375)]","[(0, 1326.465087890625), (1, 1423.5479736328125)]","[(0, 1331.5302734375), (1, 1823.8128662109375)]","[(0, 3250.992919921875), (1, 2312.478515625)]","[(0, 1102.952880859375), (1, 1266.3104248046875)]"
107,"[(0, 3045.5322265625), (1, 4160.32373046875)]","[(0, 1502.2906494140625), (1, 1600.4129638671875)]","[(0, 7981.09423828125), (1, 7893.8466796875)]","[(0, 1703.5802001953125), (1, 1777.3184814453125)]","[(0, 2265.7978515625), (1, 2083.22021484375)]","[(0, 3635.48828125), (1, 3571.5185546875)]","[(0, 3881.69287109375), (1, 4021.64794921875)]","[(0, 1606.90576171875), (1, 1653.93798828125)]","[(0, 2214.762451171875), (1, 1826.462158203125)]","[(0, 967.07470703125), (1, 1239.04248046875)]","[(0, 1676.75927734375), (1, 1680.673583984375)]"
108,"[(0, 2341.434814453125), (1, 2872.313232421875)]","[(0, 1486.9324951171875), (1, 1496.5108642578125)]","[(0, 2445.30029296875), (1, 2333.596923828125)]","[(0, 2152.160888671875), (1, 2134.347900390625)]","[(0, 3069.380859375), (1, 2162.162109375)]","[(0, 5155.9853515625), (1, 5320.6181640625)]","[(0, 4008.071044921875), (1, 4198.41552734375)]","[(0, 1345.5035400390625), (1, 1188.25341796875)]","[(0, 1764.4007568359375), (1, 1577.3944091796875)]","[(0, 2414.272216796875), (1, 3551.482421875)]","[(0, 1612.368408203125), (1, 1828.7314453125)]"
109,"[(0, 1627.34912109375), (1, 2139.7568359375)]","[(0, 1102.3646240234375), (1, 1061.32275390625)]","[(0, 4942.96240234375), (1, 4569.64453125)]","[(0, 3561.08740234375), (1, 3522.5712890625)]","[(0, 2379.2177734375), (1, 1677.35107421875)]","[(0, 2351.633544921875), (1, 2375.4111328125)]","[(0, 2776.1982421875), (1, 2699.584716796875)]","[(0, 1622.7757568359375), (1, 2073.23828125)]","[(0, 1405.3895263671875), (1, 939.0123291015625)]","[(0, 2330.862060546875), (1, 2445.6328125)]","[(0, 2369.532958984375), (1, 2319.859375)]"
110,"[(0, 1573.4317626953125), (1, 1927.161865234375)]","[(0, 1661.4124755859375), (1, 1845.1812744140625)]","[(0, 1808.994384765625), (1, 1775.4041748046875)]","[(0, 2297.18017578125), (1, 2378.485107421875)]","[(0, 1516.0333251953125), (1, 1430.4449462890625)]","[(0, 2141.1591796875), (1, 2116.9072265625)]","[(0, 3186.0068359375), (1, 3200.59375)]","[(0, 1174.3465576171875), (1, 1502.38037109375)]","[(0, 1711.3948974609375), (1, 1638.870361328125)]","[(0, 2147.173095703125), (1, 2024.3177490234375)]","[(0, 1975.184326171875), (1, 2452.776611328125)]"
111,"[(0, 1813.71728515625), (1, 2360.976318359375)]","[(0, 2252.585205078125), (1, 2636.345947265625)]","[(0, 2796.56787109375), (1, 2961.88818359375)]","[(0, 2549.400634765625), (1, 2542.50048828125)]","[(0, 1226.0205078125), (1, 1113.3704833984375)]","[(0, 6632.14501953125), (1, 6615.87890625)]","[(0, 3054.8232421875), (1, 3329.38330078125)]","[(0, 820.298828125), (1, 780.1556396484375)]","[(0, 1192.6390380859375), (1, 1506.6265869140625)]","[(0, 1613.6898193359375), (1, 1817.0145263671875)]","[(0, 1932.9765625), (1, 1985.4686279296875)]"
112,"[(0, 2264.612060546875), (1, 2968.218017578125)]","[(0, 1894.96484375), (1, 1950.3565673828125)]","[(0, 2653.355224609375), (1, 2664.071533203125)]","[(0, 1623.8966064453125), (1, 1663.3387451171875)]","[(0, 1554.3763427734375), (1, 1423.1285400390625)]","[(0, 5877.375), (1, 5802.744140625)]","[(0, 5055.7099609375), (1, 5725.63623046875)]","[(0, 1775.3533935546875), (1, 2501.41455078125)]","[(0, 2086.053466796875), (1, 1581.4967041015625)]","[(0, 3229.1806640625), (1, 3262.126708984375)]","[(0, 2720.900390625), (1, 2781.903076171875)]"
113,"[(0, 1675.208984375), (1, 2068.548828125)]","[(0, 1253.94384765625), (1, 1265.7821044921875)]","[(0, 2442.8203125), (1, 2450.10791015625)]","[(0, 3903.238037109375), (1, 3968.961181640625)]","[(0, 4624.48486328125), (1, 2923.566162109375)]","[(0, 5857.0859375), (1, 6082.3369140625)]","[(0, 3142.190185546875), (1, 3034.984375)]","[(0, 1375.2900390625), (1, 1467.4573974609375)]","[(0, 883.0458984375), (1, 973.3585815429688)]","[(0, 1920.71337890625), (1, 2181.947509765625)]","[(0, 1355.7584228515625), (1, 1541.2142333984375)]"
114,"[(0, 1848.6123046875), (1, 2358.234130859375)]","[(0, 1936.9365234375), (1, 2204.290771484375)]","[(0, 3311.40966796875), (1, 3283.94873046875)]","[(0, 4501.6015625), (1, 4426.091796875)]","[(0, 4116.779296875), (1, 2621.03759765625)]","[(0, 5815.24755859375), (1, 5679.5625)]","[(0, 4686.54833984375), (1, 4771.92822265625)]","[(0, 1390.6312255859375), (1, 1415.0316162109375)]","[(0, 1167.4439697265625), (1, 1466.5277099609375)]","[(0, 1990.857177734375), (1, 2187.02734375)]","[(0, 3305.689208984375), (1, 3269.115478515625)]"
115,"[(0, 2946.386474609375), (1, 3777.538330078125)]","[(0, 2270.1279296875), (1, 2460.04345703125)]","[(0, 4336.130859375), (1, 4426.73779296875)]","[(0, 1917.375244140625), (1, 1914.4033203125)]","[(0, 2930.706787109375), (1, 2659.79150390625)]","[(0, 7816.06005859375), (1, 7940.41748046875)]","[(0, 6864.5546875), (1, 7605.13330078125)]","[(0, 1769.9437255859375), (1, 1273.29345703125)]","[(0, 1086.40380859375), (1, 1518.66552734375)]","[(0, 3146.3310546875), (1, 2866.58154296875)]","[(0, 1758.7769775390625), (1, 2100.033935546875)]"
116,"[(0, 2454.639404296875), (1, 3259.113525390625)]","[(0, 2031.5072021484375), (1, 2132.1923828125)]","[(0, 3348.629150390625), (1, 2989.07958984375)]","[(0, 1065.504638671875), (1, 1131.614013671875)]","[(0, 2451.321044921875), (1, 2224.635498046875)]","[(0, 7732.34130859375), (1, 7728.96435546875)]","[(0, 6055.45849609375), (1, 6852.5654296875)]","[(0, 2313.6552734375), (1, 1977.6942138671875)]","[(0, 2217.706787109375), (1, 2049.29248046875)]","[(0, 2076.8408203125), (1, 2971.755859375)]","[(0, 1237.3426513671875), (1, 1497.40673828125)]"
117,"[(0, 1997.95556640625), (1, 2582.7900390625)]","[(0, 1919.0289306640625), (1, 2077.611328125)]","[(0, 9216.7041015625), (1, 9032.1552734375)]","[(0, 2565.40625), (1, 2564.94140625)]","[(0, 2098.394287109375), (1, 1258.109375)]","[(0, 4598.388671875), (1, 4750.93603515625)]","[(0, 3379.775634765625), (1, 3380.378662109375)]","[(0, 1621.62939453125), (1, 1787.019775390625)]","[(0, 1102.37353515625), (1, 1518.5750732421875)]","[(0, 2060.615966796875), (1, 2108.696533203125)]","[(0, 1384.3770751953125), (1, 1560.3670654296875)]"
118,"[(0, 1517.803955078125), (1, 1928.9261474609375)]","[(0, 817.2698364257812), (1, 764.1483764648438)]","[(0, 3805.2568359375), (1, 3894.35888671875)]","[(0, 3615.63818359375), (1, 3567.498046875)]","[(0, 1643.1497802734375), (1, 1377.7139892578125)]","[(0, 5269.17822265625), (1, 5169.111328125)]","[(0, 2612.525146484375), (1, 2640.409423828125)]","[(0, 1024.8094482421875), (1, 999.4146728515625)]","[(0, 2347.78173828125), (1, 2385.340576171875)]","[(0, 832.283447265625), (1, 1150.5360107421875)]","[(0, 1628.9290771484375), (1, 1926.9635009765625)]"
119,"[(0, 1538.7945556640625), (1, 1995.4686279296875)]","[(0, 1644.030029296875), (1, 1959.9844970703125)]","[(0, 4512.2265625), (1, 4553.8095703125)]","[(0, 2198.34130859375), (1, 2362.978759765625)]","[(0, 1827.8621826171875), (1, 1525.9949951171875)]","[(0, 4920.76708984375), (1, 4761.03662109375)]","[(0, 3439.19921875), (1, 4182.1474609375)]","[(0, 1470.915283203125), (1, 1382.311767578125)]","[(0, 1275.075439453125), (1, 1297.293701171875)]","[(0, 3172.468994140625), (1, 3647.587890625)]","[(0, 2435.7451171875), (1, 2501.762939453125)]"
120,"[(0, 2040.8912353515625), (1, 2687.881591796875)]","[(0, 1809.8450927734375), (1, 2005.1719970703125)]","[(0, 4666.87109375), (1, 4559.50634765625)]","[(0, 2620.838623046875), (1, 2611.944580078125)]","[(0, 3598.96728515625), (1, 2187.29541015625)]","[(0, 5123.62939453125), (1, 5277.36572265625)]","[(0, 2376.89208984375), (1, 2776.02099609375)]","[(0, 1561.9571533203125), (1, 1291.44677734375)]","[(0, 2032.9791259765625), (1, 2086.624267578125)]","[(0, 1562.13818359375), (1, 1463.2628173828125)]","[(0, 2112.131103515625), (1, 2166.999755859375)]"
121,"[(0, 2466.944580078125), (1, 3290.2998046875)]","[(0, 1746.830078125), (1, 1959.9498291015625)]","[(0, 2015.04638671875), (1, 1741.9150390625)]","[(0, 1939.3262939453125), (1, 1903.3116455078125)]","[(0, 2247.781494140625), (1, 1347.2490234375)]","[(0, 3307.84619140625), (1, 3358.87353515625)]","[(0, 4477.884765625), (1, 4300.7705078125)]","[(0, 1041.140380859375), (1, 1347.8209228515625)]","[(0, 1328.4449462890625), (1, 1082.446533203125)]","[(0, 2032.641845703125), (1, 1903.339599609375)]","[(0, 1534.89892578125), (1, 1808.85986328125)]"
122,"[(0, 1870.47900390625), (1, 2442.11474609375)]","[(0, 1590.21337890625), (1, 1811.8077392578125)]","[(0, 1230.3314208984375), (1, 1223.6102294921875)]","[(0, 3125.05126953125), (1, 3196.1162109375)]","[(0, 4979.62158203125), (1, 3293.636962890625)]","[(0, 4473.17333984375), (1, 4388.5703125)]","[(0, 2580.901611328125), (1, 2571.794921875)]","[(0, 2390.209228515625), (1, 2133.400634765625)]","[(0, 1262.748046875), (1, 1292.1300048828125)]","[(0, 2867.481201171875), (1, 2172.273193359375)]","[(0, 2352.848388671875), (1, 2341.15576171875)]"
123,"[(0, 1333.49560546875), (1, 1615.72021484375)]","[(0, 790.435546875), (1, 727.8912963867188)]","[(0, 1862.140380859375), (1, 1832.712158203125)]","[(0, 3326.108154296875), (1, 3450.806640625)]","[(0, 4226.27880859375), (1, 2774.431640625)]","[(0, 6178.1611328125), (1, 6181.9921875)]","[(0, 7917.97314453125), (1, 9360.498046875)]","[(0, 1208.291259765625), (1, 1287.8714599609375)]","[(0, 2289.17138671875), (1, 1544.5291748046875)]","[(0, 1396.8465576171875), (1, 1333.7900390625)]","[(0, 2461.84228515625), (1, 2867.8271484375)]"
124,"[(0, 1791.488037109375), (1, 2271.350341796875)]","[(0, 2255.345458984375), (1, 2561.315185546875)]","[(0, 6517.68310546875), (1, 6704.10498046875)]","[(0, 2424.8125), (1, 2380.777099609375)]","[(0, 1726.41552734375), (1, 1526.416259765625)]","[(0, 3673.97412109375), (1, 3765.790771484375)]","[(0, 5208.65966796875), (1, 6382.94580078125)]","[(0, 1816.753662109375), (1, 1811.3697509765625)]","[(0, 1479.5506591796875), (1, 1691.2098388671875)]","[(0, 1676.1900634765625), (1, 1681.41748046875)]","[(0, 2184.831298828125), (1, 2170.6318359375)]"
125,"[(0, 1333.940185546875), (1, 1611.61279296875)]","[(0, 2873.929931640625), (1, 3449.94775390625)]","[(0, 4933.8916015625), (1, 4770.572265625)]","[(0, 4548.861328125), (1, 4762.548828125)]","[(0, 1642.584228515625), (1, 1461.3829345703125)]","[(0, 1989.3074951171875), (1, 2035.991455078125)]","[(0, 8323.5087890625), (1, 8414.953125)]","[(0, 1787.5064697265625), (1, 2275.791015625)]","[(0, 1358.0443115234375), (1, 961.6297607421875)]","[(0, 2844.82421875), (1, 2164.702880859375)]","[(0, 1753.4755859375), (1, 2068.19482421875)]"
126,"[(0, 2211.36669921875), (1, 3016.401611328125)]","[(0, 2316.423828125), (1, 2469.64111328125)]","[(0, 933.4756469726562), (1, 948.8908081054688)]","[(0, 3233.42724609375), (1, 3323.986572265625)]","[(0, 2461.48681640625), (1, 1515.7789306640625)]","[(0, 3283.021484375), (1, 3182.775634765625)]","[(0, 5104.8076171875), (1, 5030.23974609375)]","[(0, 1227.292236328125), (1, 1248.747314453125)]","[(0, 1407.7960205078125), (1, 1023.2849731445312)]","[(0, 2422.391357421875), (1, 2370.893798828125)]","[(0, 1718.67822265625), (1, 1984.6197509765625)]"
127,"[(0, 1876.4410400390625), (1, 2346.756591796875)]","[(0, 2397.706787109375), (1, 2577.239501953125)]","[(0, 1979.8038330078125), (1, 2079.208984375)]","[(0, 3588.79150390625), (1, 3685.34033203125)]","[(0, 1789.853759765625), (1, 1554.2490234375)]","[(0, 4584.59521484375), (1, 4618.328125)]","[(0, 4882.49658203125), (1, 4886.1396484375)]","[(0, 3431.019287109375), (1, 2452.596435546875)]","[(0, 1422.0771484375), (1, 1406.4796142578125)]","[(0, 1813.77099609375), (1, 1724.596435546875)]","[(0, 3120.316162109375), (1, 3062.25830078125)]"
128,"[(0, 1744.6990966796875), (1, 2322.79150390625)]","[(0, 912.9877319335938), (1, 815.0208740234375)]","[(0, 5795.81982421875), (1, 5798.3408203125)]","[(0, 4139.58203125), (1, 3921.498291015625)]","[(0, 4264.5107421875), (1, 2587.776611328125)]","[(0, 3172.29052734375), (1, 3194.452392578125)]","[(0, 2632.098876953125), (1, 2700.22314453125)]","[(0, 1153.2081298828125), (1, 1296.0538330078125)]","[(0, 974.640869140625), (1, 1492.7001953125)]","[(0, 2073.423095703125), (1, 2084.2734375)]","[(0, 1356.2135009765625), (1, 1636.0118408203125)]"
129,"[(0, 2632.0263671875), (1, 3480.78173828125)]","[(0, 1619.1715087890625), (1, 1886.3731689453125)]","[(0, 4188.61376953125), (1, 4099.564453125)]","[(0, 2310.8681640625), (1, 2204.970947265625)]","[(0, 3694.771728515625), (1, 2221.333740234375)]","[(0, 3137.452880859375), (1, 3243.548095703125)]","[(0, 7661.5), (1, 7822.3837890625)]","[(0, 1639.1180419921875), (1, 1807.2200927734375)]","[(0, 1401.7967529296875), (1, 1426.4146728515625)]","[(0, 2551.825927734375), (1, 1853.19384765625)]","[(0, 2471.34814453125), (1, 2569.315185546875)]"
130,"[(0, 2405.72216796875), (1, 2966.7138671875)]","[(0, 2223.371337890625), (1, 2779.138671875)]","[(0, 2205.337890625), (1, 2400.95703125)]","[(0, 3144.85498046875), (1, 3230.147705078125)]","[(0, 979.158447265625), (1, 904.9575805664062)]","[(0, 4399.171875), (1, 4196.40234375)]","[(0, 4489.044921875), (1, 4599.498046875)]","[(0, 1071.91748046875), (1, 1316.2655029296875)]","[(0, 1887.392578125), (1, 1856.8043212890625)]","[(0, 1417.6256103515625), (1, 1257.5574951171875)]","[(0, 2125.30712890625), (1, 2413.09814453125)]"
131,"[(0, 1340.7501220703125), (1, 1720.092529296875)]","[(0, 1767.70263671875), (1, 1842.3968505859375)]","[(0, 3099.77978515625), (1, 2788.898681640625)]","[(0, 5010.5185546875), (1, 5050.87646484375)]","[(0, 1333.21337890625), (1, 886.3143920898438)]","[(0, 4674.220703125), (1, 4694.39013671875)]","[(0, 2673.0361328125), (1, 2763.67041015625)]","[(0, 1618.91748046875), (1, 1771.431396484375)]","[(0, 1490.5123291015625), (1, 1171.5203857421875)]","[(0, 1984.16162109375), (1, 1682.84521484375)]","[(0, 3018.139404296875), (1, 3001.826416015625)]"
132,"[(0, 2446.26953125), (1, 3012.842529296875)]","[(0, 1915.88916015625), (1, 2043.915283203125)]","[(0, 3606.587890625), (1, 3204.7109375)]","[(0, 1625.46923828125), (1, 1722.8743896484375)]","[(0, 1389.83447265625), (1, 886.3870849609375)]","[(0, 5210.4482421875), (1, 5301.8515625)]","[(0, 2848.11962890625), (1, 2942.26025390625)]","[(0, 2904.80517578125), (1, 2340.119873046875)]","[(0, 2182.3447265625), (1, 2443.077880859375)]","[(0, 1883.979248046875), (1, 2158.8603515625)]","[(0, 3614.9521484375), (1, 3589.058349609375)]"
133,"[(0, 3046.1220703125), (1, 3991.39404296875)]","[(0, 3235.74365234375), (1, 3458.43359375)]","[(0, 7602.86376953125), (1, 7442.12158203125)]","[(0, 2618.93603515625), (1, 2642.321533203125)]","[(0, 571.2976684570312), (1, 526.0388793945312)]","[(0, 2174.92236328125), (1, 2140.132568359375)]","[(0, 6805.0576171875), (1, 6775.580078125)]","[(0, 2383.086181640625), (1, 1729.083251953125)]","[(0, 925.8050537109375), (1, 1260.8238525390625)]","[(0, 1979.8765869140625), (1, 1554.5780029296875)]","[(0, 1161.0684814453125), (1, 1175.414306640625)]"
134,"[(0, 2055.546142578125), (1, 2562.942626953125)]","[(0, 3672.42578125), (1, 4287.2568359375)]","[(0, 2158.362060546875), (1, 1891.3287353515625)]","[(0, 1226.65625), (1, 1199.44970703125)]","[(0, 763.7422485351562), (1, 677.6878051757812)]","[(0, 3427.732177734375), (1, 3354.731201171875)]","[(0, 4799.5263671875), (1, 4891.00634765625)]","[(0, 1326.931884765625), (1, 1587.6865234375)]","[(0, 1291.7054443359375), (1, 1722.89404296875)]","[(0, 1387.111328125), (1, 1573.4954833984375)]","[(0, 838.659912109375), (1, 1002.8604736328125)]"
135,"[(0, 2289.739013671875), (1, 2858.443603515625)]","[(0, 3359.90185546875), (1, 3658.98779296875)]","[(0, 2044.7701416015625), (1, 2159.47705078125)]","[(0, 3292.267822265625), (1, 3204.656005859375)]","[(0, 2798.77587890625), (1, 1768.676513671875)]","[(0, 3044.5537109375), (1, 3024.5390625)]","[(0, 4894.3896484375), (1, 4735.49267578125)]","[(0, 1620.3887939453125), (1, 1478.4195556640625)]","[(0, 1734.1141357421875), (1, 2003.2127685546875)]","[(0, 2256.41552734375), (1, 2878.400634765625)]","[(0, 2732.0693359375), (1, 2688.29833984375)]"
136,"[(0, 1330.736328125), (1, 1635.5836181640625)]","[(0, 1853.9300537109375), (1, 1889.8582763671875)]","[(0, 6090.8583984375), (1, 6102.99365234375)]","[(0, 2827.72705078125), (1, 2949.09765625)]","[(0, 2495.798095703125), (1, 1569.3916015625)]","[(0, 5791.24462890625), (1, 5832.798828125)]","[(0, 7642.58447265625), (1, 7754.228515625)]","[(0, 1053.3232421875), (1, 811.372802734375)]","[(0, 1480.7237548828125), (1, 1684.9168701171875)]","[(0, 1205.11279296875), (1, 1478.040283203125)]","[(0, 1511.665283203125), (1, 1796.76220703125)]"
137,"[(0, 2371.562255859375), (1, 2963.816650390625)]","[(0, 687.6991577148438), (1, 605.9686889648438)]","[(0, 2943.924560546875), (1, 2953.10546875)]","[(0, 4425.091796875), (1, 4383.3251953125)]","[(0, 1162.194580078125), (1, 1034.2734375)]","[(0, 3225.871826171875), (1, 3124.553466796875)]","[(0, 5172.75537109375), (1, 5043.8916015625)]","[(0, 1268.6070556640625), (1, 1256.4852294921875)]","[(0, 2361.628173828125), (1, 2062.421875)]","[(0, 1489.14990234375), (1, 1451.7745361328125)]","[(0, 1417.6553955078125), (1, 1678.3006591796875)]"
138,"[(0, 1696.7412109375), (1, 2177.908935546875)]","[(0, 1632.590087890625), (1, 1962.8763427734375)]","[(0, 4553.4013671875), (1, 4766.2470703125)]","[(0, 1954.936767578125), (1, 2015.82373046875)]","[(0, 3676.3154296875), (1, 2167.093994140625)]","[(0, 4398.119140625), (1, 4468.80712890625)]","[(0, 4460.3505859375), (1, 4245.41845703125)]","[(0, 3216.04833984375), (1, 2772.14794921875)]","[(0, 1935.807373046875), (1, 1909.8736572265625)]","[(0, 1823.5068359375), (1, 2177.34228515625)]","[(0, 1825.991943359375), (1, 2180.552490234375)]"
139,"[(0, 1769.599365234375), (1, 2324.8271484375)]","[(0, 2515.21826171875), (1, 3276.64697265625)]","[(0, 4016.8642578125), (1, 4247.11962890625)]","[(0, 2457.71240234375), (1, 2482.99365234375)]","[(0, 3092.451416015625), (1, 1824.0965576171875)]","[(0, 3223.808349609375), (1, 3154.593505859375)]","[(0, 3246.868896484375), (1, 3270.01953125)]","[(0, 909.4976806640625), (1, 955.2483520507812)]","[(0, 3301.791748046875), (1, 2798.16845703125)]","[(0, 1569.2852783203125), (1, 1417.18359375)]","[(0, 1419.1068115234375), (1, 1615.4620361328125)]"
140,"[(0, 1808.223388671875), (1, 2368.197998046875)]","[(0, 1800.585693359375), (1, 1972.5142822265625)]","[(0, 2023.607421875), (1, 1990.450927734375)]","[(0, 3589.020751953125), (1, 3720.38134765625)]","[(0, 2019.380615234375), (1, 1718.4232177734375)]","[(0, 3913.790771484375), (1, 3875.43798828125)]","[(0, 4005.888916015625), (1, 4081.8525390625)]","[(0, 1226.81884765625), (1, 1269.2235107421875)]","[(0, 1103.2965087890625), (1, 1459.0594482421875)]","[(0, 2164.664794921875), (1, 2214.496337890625)]","[(0, 1016.1082153320312), (1, 1222.3470458984375)]"
141,"[(0, 1640.747802734375), (1, 2188.25390625)]","[(0, 1208.2607421875), (1, 1254.9290771484375)]","[(0, 2011.6591796875), (1, 1911.9266357421875)]","[(0, 1694.5872802734375), (1, 1710.3009033203125)]","[(0, 2183.443115234375), (1, 1843.7230224609375)]","[(0, 4139.37255859375), (1, 4193.78173828125)]","[(0, 3458.816162109375), (1, 4257.68359375)]","[(0, 1934.23046875), (1, 1911.8619384765625)]","[(0, 1252.262451171875), (1, 1255.712646484375)]","[(0, 1418.1253662109375), (1, 1860.8453369140625)]","[(0, 2066.343505859375), (1, 2318.2890625)]"
142,"[(0, 1648.38037109375), (1, 2044.676513671875)]","[(0, 548.9318237304688), (1, 494.14825439453125)]","[(0, 2761.63525390625), (1, 2533.68505859375)]","[(0, 2395.316162109375), (1, 2485.211181640625)]","[(0, 3086.181884765625), (1, 1886.421630859375)]","[(0, 5247.50439453125), (1, 5342.51708984375)]","[(0, 3539.5634765625), (1, 4199.76904296875)]","[(0, 1126.1610107421875), (1, 1148.293701171875)]","[(0, 1515.654541015625), (1, 1691.0936279296875)]","[(0, 788.4652099609375), (1, 1141.8170166015625)]","[(0, 2431.7099609375), (1, 2413.41455078125)]"
143,"[(0, 2231.66796875), (1, 2950.18359375)]","[(0, 1829.7886962890625), (1, 2217.677001953125)]","[(0, 1241.16650390625), (1, 1240.980712890625)]","[(0, 2468.506103515625), (1, 2495.37939453125)]","[(0, 2898.187744140625), (1, 1778.593505859375)]","[(0, 4744.34326171875), (1, 4663.63623046875)]","[(0, 2523.70947265625), (1, 2499.63916015625)]","[(0, 1468.28955078125), (1, 1397.77001953125)]","[(0, 1869.6123046875), (1, 2037.3355712890625)]","[(0, 1769.958984375), (1, 2269.88671875)]","[(0, 1717.0701904296875), (1, 2019.170654296875)]"
144,"[(0, 1719.457763671875), (1, 2163.509033203125)]","[(0, 2094.35986328125), (1, 2586.654052734375)]","[(0, 6326.00537109375), (1, 5861.77978515625)]","[(0, 2433.79931640625), (1, 2505.688232421875)]","[(0, 1944.6463623046875), (1, 1678.2015380859375)]","[(0, 6239.69482421875), (1, 6216.46533203125)]","[(0, 3475.50439453125), (1, 3435.49169921875)]","[(0, 1442.8525390625), (1, 1239.6654052734375)]","[(0, 1137.5987548828125), (1, 1300.156494140625)]","[(0, 1406.4278564453125), (1, 1137.20556640625)]","[(0, 1276.8466796875), (1, 1232.1285400390625)]"
145,"[(0, 1589.7615966796875), (1, 2094.27685546875)]","[(0, 1925.346923828125), (1, 2157.88671875)]","[(0, 3114.68505859375), (1, 2504.06884765625)]","[(0, 1487.3232421875), (1, 1628.438232421875)]","[(0, 2579.953125), (1, 1613.0106201171875)]","[(0, 3153.330322265625), (1, 3164.94140625)]","[(0, 3707.326416015625), (1, 3697.57763671875)]","[(0, 1835.6044921875), (1, 1613.448974609375)]","[(0, 1925.4744873046875), (1, 1479.8251953125)]","[(0, 1193.121337890625), (1, 954.9195556640625)]","[(0, 1792.697265625), (1, 2135.950439453125)]"
146,"[(0, 1619.6556396484375), (1, 2022.6060791015625)]","[(0, 1291.199951171875), (1, 1387.1436767578125)]","[(0, 3667.686767578125), (1, 3848.768310546875)]","[(0, 2368.443115234375), (1, 2466.32373046875)]","[(0, 888.7380981445312), (1, 802.3701782226562)]","[(0, 1868.8360595703125), (1, 1831.440185546875)]","[(0, 4966.14794921875), (1, 4957.9755859375)]","[(0, 2424.13037109375), (1, 2940.498291015625)]","[(0, 995.4299926757812), (1, 1064.91845703125)]","[(0, 1950.4737548828125), (1, 1799.5469970703125)]","[(0, 1944.6240234375), (1, 1923.7491455078125)]"
147,"[(0, 1774.5528564453125), (1, 2215.580078125)]","[(0, 592.865966796875), (1, 528.5106201171875)]","[(0, 6846.18359375), (1, 6735.41748046875)]","[(0, 3611.1171875), (1, 3547.129638671875)]","[(0, 3955.150634765625), (1, 2529.537109375)]","[(0, 2585.01904296875), (1, 2590.7001953125)]","[(0, 5849.728515625), (1, 7698.49462890625)]","[(0, 2003.80615234375), (1, 2041.768310546875)]","[(0, 1089.93115234375), (1, 1338.876953125)]","[(0, 895.8234252929688), (1, 961.0846557617188)]","[(0, 1810.469970703125), (1, 2122.189208984375)]"
148,"[(0, 1057.46240234375), (1, 1284.26806640625)]","[(0, 1120.08740234375), (1, 1494.5933837890625)]","[(0, 2017.3729248046875), (1, 2040.879638671875)]","[(0, 4327.2412109375), (1, 4389.03515625)]","[(0, 3056.95361328125), (1, 1965.2935791015625)]","[(0, 5629.31591796875), (1, 5511.78662109375)]","[(0, 2158.769775390625), (1, 2877.094482421875)]","[(0, 1750.6566162109375), (1, 1594.77490234375)]","[(0, 1126.865234375), (1, 1080.1304931640625)]","[(0, 1771.5277099609375), (1, 2217.435791015625)]","[(0, 1827.1278076171875), (1, 1783.50830078125)]"
149,"[(0, 1622.800537109375), (1, 2114.0244140625)]","[(0, 1373.8350830078125), (1, 1975.1826171875)]","[(0, 2694.834716796875), (1, 2364.473388671875)]","[(0, 2506.558349609375), (1, 2659.225830078125)]","[(0, 1450.203857421875), (1, 1303.403564453125)]","[(0, 4749.0966796875), (1, 4822.462890625)]","[(0, 7290.98486328125), (1, 7301.17822265625)]","[(0, 1707.01171875), (1, 1861.1898193359375)]","[(0, 1592.2620849609375), (1, 2055.31787109375)]","[(0, 2499.492431640625), (1, 1950.6737060546875)]","[(0, 1986.2120361328125), (1, 2036.944091796875)]"
150,"[(0, 1981.060791015625), (1, 2672.972412109375)]","[(0, 1234.5992431640625), (1, 1600.7418212890625)]","[(0, 3034.330322265625), (1, 3137.7822265625)]","[(0, 1442.25341796875), (1, 1483.28125)]","[(0, 1635.57666015625), (1, 1463.0675048828125)]","[(0, 4951.40771484375), (1, 4710.56201171875)]","[(0, 3594.7890625), (1, 3648.2802734375)]","[(0, 1700.562744140625), (1, 2214.684326171875)]","[(0, 1452.2425537109375), (1, 1597.965087890625)]","[(0, 2150.75244140625), (1, 2143.1787109375)]","[(0, 1306.52978515625), (1, 1521.4212646484375)]"
151,"[(0, 3004.83935546875), (1, 3768.323486328125)]","[(0, 1072.6751708984375), (1, 1322.0311279296875)]","[(0, 5424.21826171875), (1, 4761.7265625)]","[(0, 2445.710693359375), (1, 2520.512939453125)]","[(0, 4270.130859375), (1, 2678.563232421875)]","[(0, 5335.75537109375), (1, 5422.7080078125)]","[(0, 3827.636962890625), (1, 4800.12158203125)]","[(0, 980.8098754882812), (1, 1209.29541015625)]","[(0, 1247.9288330078125), (1, 1150.8843994140625)]","[(0, 1238.76416015625), (1, 1756.8199462890625)]","[(0, 1065.04541015625), (1, 1239.428955078125)]"
152,"[(0, 1785.79833984375), (1, 2357.244873046875)]","[(0, 1076.1353759765625), (1, 1412.1129150390625)]","[(0, 2943.1904296875), (1, 2851.0791015625)]","[(0, 2911.6279296875), (1, 3067.022216796875)]","[(0, 4851.8984375), (1, 3087.635986328125)]","[(0, 5591.9892578125), (1, 5734.041015625)]","[(0, 3801.151123046875), (1, 4945.4189453125)]","[(0, 1431.3797607421875), (1, 1208.98388671875)]","[(0, 2368.483642578125), (1, 1692.2020263671875)]","[(0, 1581.99072265625), (1, 1549.3896484375)]","[(0, 841.8724975585938), (1, 992.0694580078125)]"
153,"[(0, 1680.00537109375), (1, 2185.1396484375)]","[(0, 1483.2091064453125), (1, 2191.384521484375)]","[(0, 2414.079833984375), (1, 2086.955810546875)]","[(0, 5684.6669921875), (1, 5503.66064453125)]","[(0, 4106.29443359375), (1, 3568.923828125)]","[(0, 6515.28466796875), (1, 6639.884765625)]","[(0, 2434.23095703125), (1, 2541.34765625)]","[(0, 3019.397705078125), (1, 2335.5126953125)]","[(0, 1007.1028442382812), (1, 1092.7161865234375)]","[(0, 1225.5196533203125), (1, 1110.5291748046875)]","[(0, 2102.613037109375), (1, 2133.38427734375)]"
154,"[(0, 1516.2393798828125), (1, 1953.016357421875)]","[(0, 1282.4083251953125), (1, 1664.8916015625)]","[(0, 898.8408203125), (1, 784.5719604492188)]","[(0, 3439.822509765625), (1, 3590.845458984375)]","[(0, 5435.41845703125), (1, 3405.331787109375)]","[(0, 8005.12158203125), (1, 7878.24853515625)]","[(0, 4263.0673828125), (1, 4392.673828125)]","[(0, 1699.1004638671875), (1, 1783.5050048828125)]","[(0, 1605.1077880859375), (1, 1329.322021484375)]","[(0, 1720.31396484375), (1, 2004.5277099609375)]","[(0, 1711.114990234375), (1, 1994.427978515625)]"
155,"[(0, 2557.28564453125), (1, 3338.928466796875)]","[(0, 987.0964965820312), (1, 1208.329833984375)]","[(0, 10015.3583984375), (1, 9578.0810546875)]","[(0, 2107.289306640625), (1, 1981.34033203125)]","[(0, 4692.97119140625), (1, 2927.751220703125)]","[(0, 9200.0712890625), (1, 9229.2294921875)]","[(0, 4584.2236328125), (1, 4376.7587890625)]","[(0, 1138.1304931640625), (1, 1170.580078125)]","[(0, 1900.24462890625), (1, 2671.644775390625)]","[(0, 3146.865234375), (1, 2640.19921875)]","[(0, 1432.2078857421875), (1, 1661.79833984375)]"
156,"[(0, 1958.1787109375), (1, 2556.07470703125)]","[(0, 651.4746704101562), (1, 561.5706176757812)]","[(0, 3554.44384765625), (1, 3477.314697265625)]","[(0, 3057.828369140625), (1, 3036.255126953125)]","[(0, 3720.981201171875), (1, 3138.171142578125)]","[(0, 7748.2265625), (1, 7678.93115234375)]","[(0, 5082.482421875), (1, 5269.2333984375)]","[(0, 1724.1358642578125), (1, 1604.3050537109375)]","[(0, 900.6126708984375), (1, 933.8955078125)]","[(0, 1362.94677734375), (1, 1778.4757080078125)]","[(0, 1144.0826416015625), (1, 1139.82666015625)]"
157,"[(0, 1492.3927001953125), (1, 1842.083251953125)]","[(0, 2976.742431640625), (1, 3297.4365234375)]","[(0, 4106.74853515625), (1, 4053.7392578125)]","[(0, 4272.9990234375), (1, 4265.7353515625)]","[(0, 2069.442626953125), (1, 1788.738525390625)]","[(0, 6948.63232421875), (1, 7241.40380859375)]","[(0, 2633.156005859375), (1, 2998.1669921875)]","[(0, 2943.8515625), (1, 2126.684814453125)]","[(0, 1909.5103759765625), (1, 1333.173828125)]","[(0, 1309.9158935546875), (1, 1410.23828125)]","[(0, 1754.697509765625), (1, 1999.305908203125)]"
158,"[(0, 1865.63427734375), (1, 2334.414794921875)]","[(0, 4634.1796875), (1, 5699.5947265625)]","[(0, 5323.4501953125), (1, 4941.859375)]","[(0, 2092.42431640625), (1, 2055.02392578125)]","[(0, 2812.853271484375), (1, 1682.9969482421875)]","[(0, 4621.46484375), (1, 4490.71923828125)]","[(0, 2466.47900390625), (1, 2873.78857421875)]","[(0, 1274.3326416015625), (1, 1300.7313232421875)]","[(0, 1296.8155517578125), (1, 1487.9666748046875)]","[(0, 3432.403564453125), (1, 2379.636474609375)]","[(0, 2682.919677734375), (1, 2713.6923828125)]"
159,"[(0, 2455.258544921875), (1, 3246.475830078125)]","[(0, 3379.685302734375), (1, 3670.156982421875)]","[(0, 2508.642578125), (1, 2432.791015625)]","[(0, 1416.646484375), (1, 1499.512451171875)]","[(0, 2425.0634765625), (1, 1447.61865234375)]","[(0, 7338.4208984375), (1, 7326.46337890625)]","[(0, 4979.20849609375), (1, 4930.5615234375)]","[(0, 2104.06640625), (1, 3021.60986328125)]","[(0, 1412.764892578125), (1, 917.4583129882812)]","[(0, 1936.884765625), (1, 2210.8837890625)]","[(0, 1920.8609619140625), (1, 2203.349365234375)]"
160,"[(0, 2718.2470703125), (1, 3562.96923828125)]","[(0, 2978.316650390625), (1, 3271.638427734375)]","[(0, 7096.98974609375), (1, 7511.44287109375)]","[(0, 5777.04638671875), (1, 5676.46484375)]","[(0, 1028.526611328125), (1, 927.3938598632812)]","[(0, 8486.7607421875), (1, 8510.126953125)]","[(0, 3653.864990234375), (1, 3727.242431640625)]","[(0, 2387.65869140625), (1, 1793.126220703125)]","[(0, 2893.694091796875), (1, 2400.868896484375)]","[(0, 1682.63427734375), (1, 1648.0068359375)]","[(0, 3330.345458984375), (1, 3417.313720703125)]"
161,"[(0, 2139.33154296875), (1, 2820.2587890625)]","[(0, 1193.9141845703125), (1, 1590.5531005859375)]","[(0, 3070.697998046875), (1, 3088.872802734375)]","[(0, 1482.994873046875), (1, 1537.9700927734375)]","[(0, 4810.359375), (1, 3092.094482421875)]","[(0, 4761.09130859375), (1, 4800.13525390625)]","[(0, 2846.688720703125), (1, 4488.17138671875)]","[(0, 1673.52587890625), (1, 1845.7110595703125)]","[(0, 1407.5416259765625), (1, 1516.913330078125)]","[(0, 929.84619140625), (1, 1478.5345458984375)]","[(0, 1324.1168212890625), (1, 1520.9417724609375)]"
162,"[(0, 1368.4560546875), (1, 1673.5322265625)]","[(0, 1416.0689697265625), (1, 2014.38916015625)]","[(0, 5915.2294921875), (1, 5838.2587890625)]","[(0, 3503.89208984375), (1, 3557.645263671875)]","[(0, 4184.8486328125), (1, 2666.61083984375)]","[(0, 4909.19873046875), (1, 4931.8359375)]","[(0, 3086.7734375), (1, 4831.70654296875)]","[(0, 1912.194580078125), (1, 1799.1190185546875)]","[(0, 1767.3824462890625), (1, 1776.5245361328125)]","[(0, 2097.73291015625), (1, 2697.460205078125)]","[(0, 1431.847412109375), (1, 1724.9088134765625)]"
163,"[(0, 2874.568603515625), (1, 3807.275146484375)]","[(0, 1377.885498046875), (1, 1800.460205078125)]","[(0, 2046.316162109375), (1, 1921.0174560546875)]","[(0, 2826.719970703125), (1, 2955.185791015625)]","[(0, 1723.4652099609375), (1, 1494.797119140625)]","[(0, 4884.7138671875), (1, 4820.5224609375)]","[(0, 5031.126953125), (1, 5004.96484375)]","[(0, 2591.331787109375), (1, 3760.762939453125)]","[(0, 1469.9141845703125), (1, 1674.1092529296875)]","[(0, 1426.830322265625), (1, 1548.5091552734375)]","[(0, 2196.37255859375), (1, 2151.1708984375)]"
164,"[(0, 1814.5225830078125), (1, 2349.25439453125)]","[(0, 1087.7073974609375), (1, 1329.5267333984375)]","[(0, 1477.4273681640625), (1, 1212.405029296875)]","[(0, 1745.9290771484375), (1, 1706.100341796875)]","[(0, 965.4505615234375), (1, 850.5166015625)]","[(0, 6326.98291015625), (1, 6346.2236328125)]","[(0, 5496.36474609375), (1, 5240.6279296875)]","[(0, 1356.341552734375), (1, 1026.3919677734375)]","[(0, 1670.2078857421875), (1, 1509.64697265625)]","[(0, 1666.078125), (1, 1866.965576171875)]","[(0, 1729.5308837890625), (1, 2042.7247314453125)]"
165,"[(0, 1761.33935546875), (1, 2293.80419921875)]","[(0, 1697.0689697265625), (1, 1915.46533203125)]","[(0, 3301.54931640625), (1, 3530.65966796875)]","[(0, 1586.47119140625), (1, 1627.2335205078125)]","[(0, 2016.5928955078125), (1, 1256.019775390625)]","[(0, 3197.8388671875), (1, 3311.12548828125)]","[(0, 3120.390380859375), (1, 3104.7294921875)]","[(0, 1205.00244140625), (1, 1042.942138671875)]","[(0, 1856.9443359375), (1, 1685.30810546875)]","[(0, 2468.021240234375), (1, 2749.75927734375)]","[(0, 1650.5423583984375), (1, 1906.8870849609375)]"
166,"[(0, 1644.79833984375), (1, 2076.393310546875)]","[(0, 2283.202880859375), (1, 2733.179443359375)]","[(0, 1182.7237548828125), (1, 1157.20947265625)]","[(0, 2206.69384765625), (1, 2257.349853515625)]","[(0, 2066.273681640625), (1, 1443.745849609375)]","[(0, 5172.08984375), (1, 5027.2236328125)]","[(0, 3164.85986328125), (1, 3154.861083984375)]","[(0, 1477.405517578125), (1, 1551.041748046875)]","[(0, 1476.98779296875), (1, 1764.56982421875)]","[(0, 2447.423583984375), (1, 2388.277099609375)]","[(0, 843.7022705078125), (1, 996.0297241210938)]"
167,"[(0, 2058.636962890625), (1, 2754.889404296875)]","[(0, 1976.876708984375), (1, 2064.08251953125)]","[(0, 4968.9765625), (1, 5131.11572265625)]","[(0, 4631.6259765625), (1, 4372.4697265625)]","[(0, 2547.42724609375), (1, 2234.44287109375)]","[(0, 5521.77783203125), (1, 5406.92138671875)]","[(0, 3442.8251953125), (1, 3499.77783203125)]","[(0, 1275.0225830078125), (1, 1287.2293701171875)]","[(0, 1555.715576171875), (1, 1094.9041748046875)]","[(0, 1261.5172119140625), (1, 1187.8092041015625)]","[(0, 1146.088623046875), (1, 1341.6256103515625)]"
168,"[(0, 1629.060302734375), (1, 2120.828369140625)]","[(0, 1286.061767578125), (1, 1306.29052734375)]","[(0, 7278.244140625), (1, 6217.3427734375)]","[(0, 2396.319091796875), (1, 2511.2861328125)]","[(0, 2662.508056640625), (1, 2368.44189453125)]","[(0, 1846.7664794921875), (1, 1914.9163818359375)]","[(0, 5407.00927734375), (1, 5458.58154296875)]","[(0, 1494.22705078125), (1, 1620.395751953125)]","[(0, 1793.770263671875), (1, 2668.572265625)]","[(0, 2564.205322265625), (1, 2295.36669921875)]","[(0, 1296.744384765625), (1, 1283.639892578125)]"
169,"[(0, 2696.256591796875), (1, 3468.623779296875)]","[(0, 1251.1397705078125), (1, 1338.1761474609375)]","[(0, 6740.21728515625), (1, 6697.6123046875)]","[(0, 2935.628662109375), (1, 2933.483642578125)]","[(0, 3791.802490234375), (1, 2312.05517578125)]","[(0, 3439.97998046875), (1, 3511.67333984375)]","[(0, 3764.106689453125), (1, 3810.26416015625)]","[(0, 2246.579345703125), (1, 2032.61279296875)]","[(0, 1449.5948486328125), (1, 1588.2537841796875)]","[(0, 1479.8802490234375), (1, 1591.960693359375)]","[(0, 1280.8023681640625), (1, 1498.4952392578125)]"
170,"[(0, 2308.083984375), (1, 2932.438720703125)]","[(0, 1735.971435546875), (1, 1980.9154052734375)]","[(0, 7291.4931640625), (1, 7456.13818359375)]","[(0, 3286.931396484375), (1, 3234.050048828125)]","[(0, 3359.47265625), (1, 2076.80419921875)]","[(0, 3298.015380859375), (1, 3196.79296875)]","[(0, 4943.443359375), (1, 5034.46337890625)]","[(0, 1594.5361328125), (1, 1954.1668701171875)]","[(0, 1134.8123779296875), (1, 1278.47265625)]","[(0, 1864.804443359375), (1, 2087.9462890625)]","[(0, 1916.070068359375), (1, 2268.98095703125)]"
171,"[(0, 1755.8089599609375), (1, 2244.38427734375)]","[(0, 1422.6976318359375), (1, 1405.2701416015625)]","[(0, 4353.00244140625), (1, 4352.7451171875)]","[(0, 2038.6114501953125), (1, 2159.5048828125)]","[(0, 1362.8570556640625), (1, 1232.0810546875)]","[(0, 2392.070068359375), (1, 2338.365234375)]","[(0, 7161.1015625), (1, 6485.78173828125)]","[(0, 1585.6158447265625), (1, 2017.5777587890625)]","[(0, 1981.1175537109375), (1, 2558.122314453125)]","[(0, 1256.08154296875), (1, 1306.535400390625)]","[(0, 2295.123779296875), (1, 2240.821044921875)]"
172,"[(0, 1797.4921875), (1, 2396.412841796875)]","[(0, 1669.5302734375), (1, 1741.4615478515625)]","[(0, 2791.15380859375), (1, 2860.837890625)]","[(0, 1203.9783935546875), (1, 1229.5572509765625)]","[(0, 1314.2032470703125), (1, 1181.2933349609375)]","[(0, 6618.77490234375), (1, 6667.48779296875)]","[(0, 6337.50244140625), (1, 5686.98193359375)]","[(0, 1145.3265380859375), (1, 1236.9432373046875)]","[(0, 2527.52001953125), (1, 2596.716064453125)]","[(0, 1648.4698486328125), (1, 1992.6826171875)]","[(0, 2255.55078125), (1, 2232.1318359375)]"
173,"[(0, 1282.4119873046875), (1, 1549.8551025390625)]","[(0, 596.3983154296875), (1, 542.3175659179688)]","[(0, 3614.48681640625), (1, 3492.645751953125)]","[(0, 4098.3876953125), (1, 4160.43896484375)]","[(0, 4408.0205078125), (1, 2762.438720703125)]","[(0, 4643.11572265625), (1, 4670.05908203125)]","[(0, 3219.17529296875), (1, 3261.86865234375)]","[(0, 1462.74169921875), (1, 2010.3302001953125)]","[(0, 1916.421875), (1, 2455.2431640625)]","[(0, 2088.349365234375), (1, 1635.0042724609375)]","[(0, 1826.0389404296875), (1, 2194.83349609375)]"
174,"[(0, 1949.5467529296875), (1, 2603.081787109375)]","[(0, 1144.340087890625), (1, 1540.55224609375)]","[(0, 2400.543701171875), (1, 2186.71337890625)]","[(0, 1109.0706787109375), (1, 1087.12939453125)]","[(0, 4182.57421875), (1, 2636.887939453125)]","[(0, 4987.18798828125), (1, 4889.82666015625)]","[(0, 2318.5400390625), (1, 2334.410400390625)]","[(0, 2272.162841796875), (1, 1971.0972900390625)]","[(0, 2016.9053955078125), (1, 2490.943603515625)]","[(0, 1140.3072509765625), (1, 1194.9102783203125)]","[(0, 568.71533203125), (1, 685.8351440429688)]"
175,"[(0, 1064.3641357421875), (1, 1305.449951171875)]","[(0, 1400.1900634765625), (1, 2022.3465576171875)]","[(0, 3057.329833984375), (1, 2654.97509765625)]","[(0, 1570.5638427734375), (1, 1557.450927734375)]","[(0, 3080.78271484375), (1, 2578.78076171875)]","[(0, 5290.4521484375), (1, 5288.44921875)]","[(0, 5936.3427734375), (1, 7265.9619140625)]","[(0, 2951.6552734375), (1, 2430.99951171875)]","[(0, 1886.2291259765625), (1, 2510.757080078125)]","[(0, 2368.305419921875), (1, 2279.759765625)]","[(0, 2637.2587890625), (1, 2559.087158203125)]"
176,"[(0, 1532.6090087890625), (1, 1893.9810791015625)]","[(0, 1374.3231201171875), (1, 1757.689697265625)]","[(0, 3109.144287109375), (1, 3214.99658203125)]","[(0, 1753.6669921875), (1, 1927.3309326171875)]","[(0, 2965.221923828125), (1, 2510.635009765625)]","[(0, 6932.79931640625), (1, 6591.91455078125)]","[(0, 5011.197265625), (1, 5964.591796875)]","[(0, 1466.1612548828125), (1, 1538.5164794921875)]","[(0, 1624.347412109375), (1, 1189.3411865234375)]","[(0, 804.2114868164062), (1, 896.9313354492188)]","[(0, 1011.56298828125), (1, 1214.533935546875)]"
177,"[(0, 1642.896728515625), (1, 2018.7027587890625)]","[(0, 1103.9273681640625), (1, 1308.607421875)]","[(0, 1989.267822265625), (1, 1857.8514404296875)]","[(0, 5664.0546875), (1, 5832.4375)]","[(0, 3290.76123046875), (1, 2094.6953125)]","[(0, 3963.60498046875), (1, 4069.748779296875)]","[(0, 2303.684814453125), (1, 2255.298095703125)]","[(0, 1876.2147216796875), (1, 1971.9593505859375)]","[(0, 1547.2581787109375), (1, 1542.46630859375)]","[(0, 1419.386962890625), (1, 999.2421875)]","[(0, 1245.236083984375), (1, 1519.857177734375)]"
178,"[(0, 2108.713623046875), (1, 2685.8369140625)]","[(0, 1927.7979736328125), (1, 2165.125244140625)]","[(0, 5960.798828125), (1, 5397.44189453125)]","[(0, 2195.818603515625), (1, 2193.902099609375)]","[(0, 3108.5009765625), (1, 1985.380615234375)]","[(0, 3364.509521484375), (1, 3306.064208984375)]","[(0, 4554.595703125), (1, 4613.88623046875)]","[(0, 1691.7711181640625), (1, 1326.68896484375)]","[(0, 736.9120483398438), (1, 727.2838745117188)]","[(0, 1452.1705322265625), (1, 1382.01123046875)]","[(0, 1476.651123046875), (1, 1707.1900634765625)]"
179,"[(0, 2046.70947265625), (1, 2760.509521484375)]","[(0, 3191.67529296875), (1, 3822.0595703125)]","[(0, 3032.958984375), (1, 2394.9072265625)]","[(0, 2173.29150390625), (1, 2188.6904296875)]","[(0, 5442.48828125), (1, 3478.06396484375)]","[(0, 2284.814697265625), (1, 2246.093017578125)]","[(0, 2927.07568359375), (1, 2884.2880859375)]","[(0, 1585.534912109375), (1, 1691.2315673828125)]","[(0, 1965.9730224609375), (1, 1917.311279296875)]","[(0, 766.0863647460938), (1, 956.5442504882812)]","[(0, 2633.287841796875), (1, 2595.397705078125)]"
180,"[(0, 2048.6103515625), (1, 2702.652587890625)]","[(0, 2118.517822265625), (1, 2202.77685546875)]","[(0, 2755.761962890625), (1, 2375.95849609375)]","[(0, 6375.5478515625), (1, 6738.2314453125)]","[(0, 2992.736572265625), (1, 1989.076171875)]","[(0, 2383.478515625), (1, 2419.3369140625)]","[(0, 3797.28515625), (1, 3869.739501953125)]","[(0, 1318.9871826171875), (1, 1137.5439453125)]","[(0, 1063.8724365234375), (1, 1544.260498046875)]","[(0, 1872.377197265625), (1, 1087.0982666015625)]","[(0, 1579.4747314453125), (1, 1930.93701171875)]"
181,"[(0, 2831.310302734375), (1, 3756.92333984375)]","[(0, 1481.7734375), (1, 1526.9483642578125)]","[(0, 1412.3358154296875), (1, 1312.6619873046875)]","[(0, 4190.41943359375), (1, 4185.65478515625)]","[(0, 2240.48681640625), (1, 2047.186767578125)]","[(0, 1961.3541259765625), (1, 1917.8232421875)]","[(0, 2849.138427734375), (1, 3603.5693359375)]","[(0, 1345.3021240234375), (1, 1118.0155029296875)]","[(0, 1970.10400390625), (1, 2324.354736328125)]","[(0, 1120.7210693359375), (1, 1373.15380859375)]","[(0, 1480.07861328125), (1, 1727.8756103515625)]"
182,"[(0, 1752.6220703125), (1, 2303.33349609375)]","[(0, 827.2691650390625), (1, 734.142333984375)]","[(0, 5308.8740234375), (1, 4764.69775390625)]","[(0, 1289.6763916015625), (1, 1297.7923583984375)]","[(0, 1979.2498779296875), (1, 1767.4532470703125)]","[(0, 3388.7802734375), (1, 3452.284423828125)]","[(0, 4257.63525390625), (1, 5184.78662109375)]","[(0, 1092.2349853515625), (1, 679.4859008789062)]","[(0, 2338.489013671875), (1, 2454.70703125)]","[(0, 1803.7884521484375), (1, 3049.77294921875)]","[(0, 2229.93310546875), (1, 2589.2529296875)]"
183,"[(0, 1219.283935546875), (1, 1554.988037109375)]","[(0, 628.5913696289062), (1, 570.839599609375)]","[(0, 1589.6092529296875), (1, 1439.171630859375)]","[(0, 2438.910888671875), (1, 2555.244873046875)]","[(0, 4244.16796875), (1, 2604.2265625)]","[(0, 5780.1875), (1, 5988.55908203125)]","[(0, 5564.14599609375), (1, 5702.4873046875)]","[(0, 1449.55615234375), (1, 2002.591064453125)]","[(0, 1033.6024169921875), (1, 1141.0882568359375)]","[(0, 1348.650390625), (1, 1851.664794921875)]","[(0, 3652.9453125), (1, 3587.761474609375)]"
184,"[(0, 976.130615234375), (1, 1167.51416015625)]","[(0, 2120.06298828125), (1, 2113.939697265625)]","[(0, 3519.783935546875), (1, 3403.273681640625)]","[(0, 5052.09033203125), (1, 5338.97216796875)]","[(0, 3360.8056640625), (1, 2062.36181640625)]","[(0, 6934.57763671875), (1, 6801.28173828125)]","[(0, 8009.7421875), (1, 8496.2919921875)]","[(0, 3289.138916015625), (1, 3429.40966796875)]","[(0, 1368.888671875), (1, 1712.0372314453125)]","[(0, 1553.5101318359375), (1, 2175.336181640625)]","[(0, 2463.197509765625), (1, 2389.769287109375)]"
185,"[(0, 1358.6142578125), (1, 1754.2122802734375)]","[(0, 2716.6298828125), (1, 2810.14111328125)]","[(0, 5825.30029296875), (1, 5471.5380859375)]","[(0, 2500.71923828125), (1, 2348.487060546875)]","[(0, 1811.8173828125), (1, 1519.6971435546875)]","[(0, 6568.48876953125), (1, 6485.8125)]","[(0, 3075.0), (1, 3063.041259765625)]","[(0, 1096.6400146484375), (1, 1292.1595458984375)]","[(0, 1180.458740234375), (1, 1651.19970703125)]","[(0, 2623.624755859375), (1, 2419.27099609375)]","[(0, 1815.365478515625), (1, 1838.596923828125)]"
186,"[(0, 1933.6392822265625), (1, 2587.22900390625)]","[(0, 2376.80712890625), (1, 2091.21533203125)]","[(0, 3292.644775390625), (1, 3359.22607421875)]","[(0, 3489.33642578125), (1, 3466.82763671875)]","[(0, 1041.8670654296875), (1, 899.68212890625)]","[(0, 6072.5595703125), (1, 6174.7333984375)]","[(0, 6506.6533203125), (1, 6520.9970703125)]","[(0, 1081.650390625), (1, 1123.9417724609375)]","[(0, 1568.0384521484375), (1, 1710.129638671875)]","[(0, 1753.794921875), (1, 1691.9381103515625)]","[(0, 1107.3875732421875), (1, 1335.486083984375)]"
187,"[(0, 2341.78759765625), (1, 3101.68701171875)]","[(0, 1688.716552734375), (1, 1566.73486328125)]","[(0, 2397.65283203125), (1, 2304.01220703125)]","[(0, 3361.62646484375), (1, 3536.462890625)]","[(0, 1579.9652099609375), (1, 1085.77099609375)]","[(0, 5110.36083984375), (1, 5212.95849609375)]","[(0, 3789.1708984375), (1, 3740.92431640625)]","[(0, 1434.3299560546875), (1, 1334.0279541015625)]","[(0, 1320.4969482421875), (1, 1192.4775390625)]","[(0, 1160.7158203125), (1, 1031.8380126953125)]","[(0, 859.5026245117188), (1, 1061.1446533203125)]"
188,"[(0, 2528.53369140625), (1, 3308.8779296875)]","[(0, 2330.551025390625), (1, 2538.077880859375)]","[(0, 2871.60791015625), (1, 2175.97607421875)]","[(0, 3166.565673828125), (1, 3146.282958984375)]","[(0, 2557.792724609375), (1, 1555.646484375)]","[(0, 3777.19970703125), (1, 3683.8505859375)]","[(0, 3780.90478515625), (1, 3853.78173828125)]","[(0, 654.5807495117188), (1, 787.2930297851562)]","[(0, 1270.6756591796875), (1, 968.1331176757812)]","[(0, 1226.298828125), (1, 1563.4095458984375)]","[(0, 1378.613037109375), (1, 1644.9608154296875)]"
189,"[(0, 2137.305419921875), (1, 2659.83203125)]","[(0, 2953.212158203125), (1, 3378.83154296875)]","[(0, 2651.9560546875), (1, 2424.4033203125)]","[(0, 2278.381591796875), (1, 2186.51025390625)]","[(0, 2181.7392578125), (1, 1855.689208984375)]","[(0, 3618.418701171875), (1, 3664.95263671875)]","[(0, 4234.51708984375), (1, 5787.970703125)]","[(0, 1041.4814453125), (1, 965.5531616210938)]","[(0, 1872.24853515625), (1, 1277.931396484375)]","[(0, 1447.18994140625), (1, 1350.1064453125)]","[(0, 1892.03857421875), (1, 1903.020263671875)]"
190,"[(0, 2254.287353515625), (1, 3005.045654296875)]","[(0, 2512.61572265625), (1, 2505.6728515625)]","[(0, 2082.8388671875), (1, 2064.81298828125)]","[(0, 3164.02099609375), (1, 2911.69873046875)]","[(0, 1539.4918212890625), (1, 1322.8665771484375)]","[(0, 4347.646484375), (1, 4330.13916015625)]","[(0, 3763.941650390625), (1, 4714.90380859375)]","[(0, 1129.583740234375), (1, 1199.3072509765625)]","[(0, 790.1140747070312), (1, 734.3888549804688)]","[(0, 3559.943115234375), (1, 3113.755615234375)]","[(0, 2181.048583984375), (1, 2211.4267578125)]"
191,"[(0, 2422.682373046875), (1, 3251.67822265625)]","[(0, 1711.157470703125), (1, 1686.0926513671875)]","[(0, 3693.802978515625), (1, 3146.345947265625)]","[(0, 2504.1953125), (1, 2464.96923828125)]","[(0, 6104.7802734375), (1, 3842.57763671875)]","[(0, 5589.79736328125), (1, 5921.83349609375)]","[(0, 2944.884765625), (1, 2956.234619140625)]","[(0, 1678.162353515625), (1, 1800.41650390625)]","[(0, 2546.42041015625), (1, 2299.5439453125)]","[(0, 2318.0615234375), (1, 1758.408935546875)]","[(0, 1507.539306640625), (1, 1767.359619140625)]"
192,"[(0, 2146.112548828125), (1, 2804.784912109375)]","[(0, 1020.1605834960938), (1, 1362.1385498046875)]","[(0, 4342.3671875), (1, 4271.3203125)]","[(0, 4140.0244140625), (1, 4201.28369140625)]","[(0, 4679.78662109375), (1, 2973.289306640625)]","[(0, 5755.0009765625), (1, 5477.15576171875)]","[(0, 5274.1904296875), (1, 5293.86376953125)]","[(0, 1733.6005859375), (1, 1353.3394775390625)]","[(0, 912.8801879882812), (1, 859.4697875976562)]","[(0, 2984.126708984375), (1, 4149.9814453125)]","[(0, 4069.6982421875), (1, 4072.32275390625)]"
193,"[(0, 2355.097900390625), (1, 3032.365966796875)]","[(0, 1355.26904296875), (1, 1953.72705078125)]","[(0, 5355.05029296875), (1, 5414.935546875)]","[(0, 3347.6904296875), (1, 3248.4638671875)]","[(0, 1605.1788330078125), (1, 1493.039794921875)]","[(0, 7448.09326171875), (1, 7327.71435546875)]","[(0, 4222.75390625), (1, 4243.2490234375)]","[(0, 2173.463623046875), (1, 2225.695556640625)]","[(0, 1554.986572265625), (1, 1765.5452880859375)]","[(0, 1251.2548828125), (1, 1134.1351318359375)]","[(0, 3173.758056640625), (1, 3145.22705078125)]"
194,"[(0, 1142.8656005859375), (1, 1406.2562255859375)]","[(0, 1261.935302734375), (1, 1605.474365234375)]","[(0, 1612.396728515625), (1, 1602.463134765625)]","[(0, 5398.775390625), (1, 5444.35693359375)]","[(0, 3014.244873046875), (1, 1734.0819091796875)]","[(0, 6716.302734375), (1, 6808.939453125)]","[(0, 5352.00732421875), (1, 5335.8623046875)]","[(0, 1455.1220703125), (1, 1725.0494384765625)]","[(0, 651.5778198242188), (1, 903.7005615234375)]","[(0, 2443.43310546875), (1, 3385.375732421875)]","[(0, 944.6408081054688), (1, 1078.233642578125)]"
195,"[(0, 2203.135986328125), (1, 2905.20703125)]","[(0, 1114.4976806640625), (1, 1337.45654296875)]","[(0, 2705.228759765625), (1, 2469.654052734375)]","[(0, 4266.0078125), (1, 4291.91650390625)]","[(0, 2277.880859375), (1, 1312.6495361328125)]","[(0, 4089.00634765625), (1, 4122.04345703125)]","[(0, 3911.600341796875), (1, 3795.757080078125)]","[(0, 2064.063720703125), (1, 2437.592529296875)]","[(0, 2805.051025390625), (1, 3329.148193359375)]","[(0, 2889.942138671875), (1, 3508.275634765625)]","[(0, 1040.6361083984375), (1, 1212.6572265625)]"
196,"[(0, 1708.031982421875), (1, 2200.359130859375)]","[(0, 845.5665893554688), (1, 761.49853515625)]","[(0, 1786.4140625), (1, 1820.4947509765625)]","[(0, 5172.52392578125), (1, 5063.96630859375)]","[(0, 2262.789794921875), (1, 1881.5455322265625)]","[(0, 3265.260986328125), (1, 3234.1826171875)]","[(0, 1751.045654296875), (1, 1802.287353515625)]","[(0, 2253.620849609375), (1, 2231.219970703125)]","[(0, 1571.753662109375), (1, 1078.8013916015625)]","[(0, 2954.048828125), (1, 2494.598876953125)]","[(0, 1652.39306640625), (1, 1968.064697265625)]"
197,"[(0, 2309.425048828125), (1, 2835.619140625)]","[(0, 570.8712158203125), (1, 495.318603515625)]","[(0, 4083.363525390625), (1, 3388.159912109375)]","[(0, 2240.6171875), (1, 2175.51025390625)]","[(0, 1997.927978515625), (1, 1700.6146240234375)]","[(0, 2624.430419921875), (1, 2595.703369140625)]","[(0, 9772.7685546875), (1, 10401.1533203125)]","[(0, 3514.7724609375), (1, 2315.630859375)]","[(0, 1600.8380126953125), (1, 1614.0999755859375)]","[(0, 1193.3131103515625), (1, 1405.20654296875)]","[(0, 1090.825927734375), (1, 1088.8175048828125)]"
198,"[(0, 1917.5526123046875), (1, 2499.691650390625)]","[(0, 685.3356323242188), (1, 801.704345703125)]","[(0, 2440.18603515625), (1, 2208.333984375)]","[(0, 1744.7305908203125), (1, 1632.049072265625)]","[(0, 4645.28173828125), (1, 2832.64990234375)]","[(0, 5774.4462890625), (1, 5872.4052734375)]","[(0, 3596.798583984375), (1, 3926.145751953125)]","[(0, 992.9450073242188), (1, 1128.0615234375)]","[(0, 2555.045166015625), (1, 2567.085205078125)]","[(0, 1546.4976806640625), (1, 1911.79248046875)]","[(0, 1964.6180419921875), (1, 1926.9588623046875)]"
199,"[(0, 2676.118408203125), (1, 3548.1884765625)]","[(0, 887.4646606445312), (1, 1140.9669189453125)]","[(0, 6670.90966796875), (1, 6741.8818359375)]","[(0, 1923.6134033203125), (1, 1926.212890625)]","[(0, 1782.5933837890625), (1, 1120.9251708984375)]","[(0, 5580.35400390625), (1, 5333.359375)]","[(0, 3149.0146484375), (1, 3134.294677734375)]","[(0, 685.0072631835938), (1, 681.2059936523438)]","[(0, 1345.6337890625), (1, 1294.6226806640625)]","[(0, 1715.593017578125), (1, 1379.46923828125)]","[(0, 3711.320068359375), (1, 3656.05078125)]"
200,"[(0, 1972.510498046875), (1, 2577.494873046875)]","[(0, 784.599609375), (1, 933.2958374023438)]","[(0, 1871.66748046875), (1, 1711.8609619140625)]","[(0, 5240.50830078125), (1, 5243.04736328125)]","[(0, 2333.928466796875), (1, 1970.70068359375)]","[(0, 3214.607177734375), (1, 3198.81201171875)]","[(0, 2896.17333984375), (1, 2873.259765625)]","[(0, 1690.82275390625), (1, 1350.319580078125)]","[(0, 1999.127685546875), (1, 1980.775634765625)]","[(0, 1682.24267578125), (1, 1666.2314453125)]","[(0, 2101.947265625), (1, 2071.180908203125)]"
201,"[(0, 1993.2205810546875), (1, 2517.16064453125)]","[(0, 985.2201538085938), (1, 1119.9927978515625)]","[(0, 3757.59375), (1, 3835.792724609375)]","[(0, 2538.8564453125), (1, 2332.3486328125)]","[(0, 1888.8636474609375), (1, 1612.3038330078125)]","[(0, 2064.847412109375), (1, 2110.156005859375)]","[(0, 3950.0732421875), (1, 4092.119384765625)]","[(0, 1545.4058837890625), (1, 1282.9515380859375)]","[(0, 1686.486572265625), (1, 1460.660400390625)]","[(0, 1065.03173828125), (1, 1226.43798828125)]","[(0, 1481.39892578125), (1, 1747.9306640625)]"
202,"[(0, 1876.0179443359375), (1, 2322.711669921875)]","[(0, 868.5570678710938), (1, 762.4356079101562)]","[(0, 1212.4102783203125), (1, 1298.886962890625)]","[(0, 2852.45947265625), (1, 2789.062255859375)]","[(0, 4585.990234375), (1, 2933.794189453125)]","[(0, 7059.84814453125), (1, 6884.02587890625)]","[(0, 2804.178955078125), (1, 2857.267578125)]","[(0, 1957.4495849609375), (1, 2331.989501953125)]","[(0, 1756.07861328125), (1, 2220.650634765625)]","[(0, 1228.849853515625), (1, 1350.2763671875)]","[(0, 1421.3768310546875), (1, 1678.488037109375)]"
203,"[(0, 3176.792236328125), (1, 3985.456787109375)]","[(0, 1712.29931640625), (1, 2027.0802001953125)]","[(0, 2434.67919921875), (1, 2424.418212890625)]","[(0, 3224.844482421875), (1, 3150.093017578125)]","[(0, 3855.4912109375), (1, 2479.830810546875)]","[(0, 4075.65234375), (1, 4092.665771484375)]","[(0, 3920.4775390625), (1, 3907.72265625)]","[(0, 1190.6888427734375), (1, 1584.0469970703125)]","[(0, 2102.32421875), (1, 1840.0789794921875)]","[(0, 1218.9798583984375), (1, 1365.362060546875)]","[(0, 1804.56689453125), (1, 2156.696533203125)]"
204,"[(0, 2000.2003173828125), (1, 2539.287353515625)]","[(0, 2420.840576171875), (1, 3095.7236328125)]","[(0, 3460.89794921875), (1, 3144.651123046875)]","[(0, 3165.874267578125), (1, 3104.67919921875)]","[(0, 2574.94091796875), (1, 2292.78515625)]","[(0, 3287.862548828125), (1, 3198.0126953125)]","[(0, 3067.326416015625), (1, 3000.355224609375)]","[(0, 2248.196533203125), (1, 2391.07763671875)]","[(0, 1294.478271484375), (1, 1649.001220703125)]","[(0, 2603.259521484375), (1, 2567.329833984375)]","[(0, 1578.7564697265625), (1, 1570.3660888671875)]"
205,"[(0, 1839.7149658203125), (1, 2270.73974609375)]","[(0, 1873.3067626953125), (1, 2033.9381103515625)]","[(0, 1575.1051025390625), (1, 1488.9013671875)]","[(0, 2079.161376953125), (1, 2157.791259765625)]","[(0, 1994.70654296875), (1, 1751.4290771484375)]","[(0, 4582.77197265625), (1, 4675.71875)]","[(0, 5064.49755859375), (1, 5297.23193359375)]","[(0, 1255.76708984375), (1, 1212.3687744140625)]","[(0, 848.82421875), (1, 651.5921020507812)]","[(0, 1399.9364013671875), (1, 1422.0723876953125)]","[(0, 3317.02001953125), (1, 3280.849609375)]"
206,"[(0, 1683.419921875), (1, 2104.929443359375)]","[(0, 1225.8714599609375), (1, 1280.9520263671875)]","[(0, 2937.80322265625), (1, 2554.341064453125)]","[(0, 2613.794921875), (1, 2720.077880859375)]","[(0, 4965.39501953125), (1, 3204.512451171875)]","[(0, 4340.12353515625), (1, 4445.61083984375)]","[(0, 5306.14111328125), (1, 5720.08056640625)]","[(0, 1472.319580078125), (1, 1570.2576904296875)]","[(0, 1307.961669921875), (1, 1965.568115234375)]","[(0, 3282.523681640625), (1, 2987.643310546875)]","[(0, 1164.3590087890625), (1, 1380.3680419921875)]"
207,"[(0, 1880.0487060546875), (1, 2477.405517578125)]","[(0, 823.2062377929688), (1, 722.6922607421875)]","[(0, 1831.6943359375), (1, 1597.501953125)]","[(0, 2259.867919921875), (1, 2201.515625)]","[(0, 4674.63037109375), (1, 3012.491943359375)]","[(0, 7498.6962890625), (1, 7365.56884765625)]","[(0, 3633.9423828125), (1, 3703.301513671875)]","[(0, 1196.40576171875), (1, 1216.292236328125)]","[(0, 1174.646728515625), (1, 968.9195556640625)]","[(0, 1301.9537353515625), (1, 1136.3702392578125)]","[(0, 2534.575439453125), (1, 2493.826904296875)]"
208,"[(0, 2330.042236328125), (1, 2959.176513671875)]","[(0, 1323.3883056640625), (1, 1404.90771484375)]","[(0, 1463.817626953125), (1, 1609.583740234375)]","[(0, 1420.2115478515625), (1, 1543.0982666015625)]","[(0, 2344.70068359375), (1, 1464.0780029296875)]","[(0, 6476.2138671875), (1, 6756.42822265625)]","[(0, 5096.232421875), (1, 4944.41455078125)]","[(0, 905.8023681640625), (1, 679.5546264648438)]","[(0, 1236.1473388671875), (1, 1248.4222412109375)]","[(0, 1632.0684814453125), (1, 1935.2314453125)]","[(0, 1209.3201904296875), (1, 1430.6871337890625)]"
209,"[(0, 1477.251220703125), (1, 1943.7564697265625)]","[(0, 1776.402587890625), (1, 1983.9044189453125)]","[(0, 4486.181640625), (1, 4194.35009765625)]","[(0, 1380.7900390625), (1, 1356.445068359375)]","[(0, 795.2394409179688), (1, 709.9070434570312)]","[(0, 3154.271484375), (1, 3102.447509765625)]","[(0, 3492.795654296875), (1, 4482.95654296875)]","[(0, 1014.4859008789062), (1, 1303.7896728515625)]","[(0, 1213.119873046875), (1, 1378.4454345703125)]","[(0, 1950.637451171875), (1, 2421.126953125)]","[(0, 1138.501220703125), (1, 1351.651123046875)]"
210,"[(0, 2167.515625), (1, 2868.11962890625)]","[(0, 1511.0634765625), (1, 1455.5030517578125)]","[(0, 1840.3817138671875), (1, 1537.9384765625)]","[(0, 3047.333740234375), (1, 2979.740234375)]","[(0, 750.063720703125), (1, 675.212890625)]","[(0, 3939.8173828125), (1, 4072.365478515625)]","[(0, 2107.2099609375), (1, 2670.70703125)]","[(0, 2433.561279296875), (1, 1365.6817626953125)]","[(0, 3949.9111328125), (1, 2272.05126953125)]","[(0, 1660.3765869140625), (1, 1156.3131103515625)]","[(0, 2445.363525390625), (1, 2424.6298828125)]"
211,"[(0, 1443.75830078125), (1, 1882.6546630859375)]","[(0, 1828.941650390625), (1, 1894.7235107421875)]","[(0, 2070.67041015625), (1, 1993.5855712890625)]","[(0, 2977.873779296875), (1, 3056.00048828125)]","[(0, 3142.79541015625), (1, 1970.8594970703125)]","[(0, 2837.10546875), (1, 2722.5341796875)]","[(0, 4065.175048828125), (1, 4116.31201171875)]","[(0, 1559.46484375), (1, 1371.50537109375)]","[(0, 1153.987060546875), (1, 1305.08837890625)]","[(0, 1675.9935302734375), (1, 1672.3515625)]","[(0, 1105.254150390625), (1, 1335.505126953125)]"
212,"[(0, 2501.289306640625), (1, 3288.982177734375)]","[(0, 1040.55078125), (1, 959.3822631835938)]","[(0, 2664.588623046875), (1, 2239.743408203125)]","[(0, 2925.851806640625), (1, 2859.07080078125)]","[(0, 2616.4921875), (1, 1650.551025390625)]","[(0, 1699.2335205078125), (1, 1666.584228515625)]","[(0, 3469.23876953125), (1, 3481.923828125)]","[(0, 1824.598388671875), (1, 1827.8631591796875)]","[(0, 2262.860107421875), (1, 2167.57861328125)]","[(0, 1562.1419677734375), (1, 993.542236328125)]","[(0, 2934.989013671875), (1, 2900.069091796875)]"
213,"[(0, 2827.902099609375), (1, 3707.223876953125)]","[(0, 1504.310791015625), (1, 1767.907470703125)]","[(0, 1436.3134765625), (1, 1343.190673828125)]","[(0, 3782.354248046875), (1, 3964.48974609375)]","[(0, 4626.849609375), (1, 2905.640380859375)]","[(0, 1746.2103271484375), (1, 1777.646484375)]","[(0, 4090.316650390625), (1, 4005.048583984375)]","[(0, 1790.5997314453125), (1, 1800.383056640625)]","[(0, 801.6718139648438), (1, 699.0783081054688)]","[(0, 2043.9346923828125), (1, 2206.138427734375)]","[(0, 1515.2137451171875), (1, 1795.2779541015625)]"
214,"[(0, 1850.564208984375), (1, 2450.0400390625)]","[(0, 2049.9892578125), (1, 2543.58447265625)]","[(0, 5174.80810546875), (1, 5231.02587890625)]","[(0, 3728.095703125), (1, 3284.393310546875)]","[(0, 3776.93310546875), (1, 2355.8740234375)]","[(0, 3998.080322265625), (1, 4089.43505859375)]","[(0, 5350.3388671875), (1, 5306.56103515625)]","[(0, 1484.96826171875), (1, 1955.2806396484375)]","[(0, 1647.7618408203125), (1, 1528.7115478515625)]","[(0, 943.2544555664062), (1, 887.5878295898438)]","[(0, 809.91552734375), (1, 912.0469970703125)]"
215,"[(0, 2088.970947265625), (1, 2716.780029296875)]","[(0, 1660.5103759765625), (1, 1783.8509521484375)]","[(0, 1883.943359375), (1, 1865.526611328125)]","[(0, 2283.538330078125), (1, 2496.842041015625)]","[(0, 2018.64892578125), (1, 1764.0616455078125)]","[(0, 2644.89697265625), (1, 2576.212158203125)]","[(0, 3185.45361328125), (1, 3144.21923828125)]","[(0, 2442.80419921875), (1, 2358.614501953125)]","[(0, 942.0431518554688), (1, 923.5075073242188)]","[(0, 2376.646240234375), (1, 1759.4825439453125)]","[(0, 2023.935546875), (1, 2045.0391845703125)]"
216,"[(0, 1464.7105712890625), (1, 1916.01708984375)]","[(0, 1066.6998291015625), (1, 1102.038818359375)]","[(0, 3624.89111328125), (1, 3437.330322265625)]","[(0, 3305.197265625), (1, 3482.232421875)]","[(0, 1941.5924072265625), (1, 1702.654541015625)]","[(0, 3437.317138671875), (1, 3302.273681640625)]","[(0, 2101.27783203125), (1, 2122.006103515625)]","[(0, 2382.840576171875), (1, 2426.259521484375)]","[(0, 1239.7847900390625), (1, 1264.9073486328125)]","[(0, 1990.450927734375), (1, 2807.297607421875)]","[(0, 1967.62841796875), (1, 2243.641845703125)]"
217,"[(0, 3300.787353515625), (1, 4130.08251953125)]","[(0, 2145.85888671875), (1, 2404.038818359375)]","[(0, 2086.6640625), (1, 2182.0908203125)]","[(0, 2148.2802734375), (1, 2297.92724609375)]","[(0, 5994.9873046875), (1, 3850.078857421875)]","[(0, 2739.720703125), (1, 2866.425537109375)]","[(0, 9195.474609375), (1, 10292.8857421875)]","[(0, 1837.4617919921875), (1, 1902.32080078125)]","[(0, 1970.15380859375), (1, 1982.5975341796875)]","[(0, 1056.6478271484375), (1, 971.461669921875)]","[(0, 2099.82470703125), (1, 2079.63134765625)]"
218,"[(0, 1841.502685546875), (1, 2371.624267578125)]","[(0, 2531.32275390625), (1, 2948.01513671875)]","[(0, 9100.66015625), (1, 8807.1796875)]","[(0, 3655.262939453125), (1, 3888.643798828125)]","[(0, 5122.8720703125), (1, 3284.665771484375)]","[(0, 3881.3115234375), (1, 3973.403564453125)]","[(0, 3311.959228515625), (1, 3812.445068359375)]","[(0, 1083.076904296875), (1, 1130.6387939453125)]","[(0, 1219.588134765625), (1, 1274.9222412109375)]","[(0, 1692.0592041015625), (1, 1635.42529296875)]","[(0, 2018.1129150390625), (1, 2389.67822265625)]"
219,"[(0, 1453.8797607421875), (1, 1877.9305419921875)]","[(0, 2386.447509765625), (1, 2428.319580078125)]","[(0, 4119.28076171875), (1, 4193.78173828125)]","[(0, 3249.86767578125), (1, 3270.4033203125)]","[(0, 2247.58447265625), (1, 1388.19580078125)]","[(0, 4009.52392578125), (1, 3916.8525390625)]","[(0, 6235.76904296875), (1, 6024.5556640625)]","[(0, 1356.04541015625), (1, 1435.3021240234375)]","[(0, 1661.23583984375), (1, 1268.0989990234375)]","[(0, 2762.11865234375), (1, 2624.32666015625)]","[(0, 1852.593017578125), (1, 1857.7379150390625)]"
220,"[(0, 2759.654052734375), (1, 3520.727294921875)]","[(0, 2115.349365234375), (1, 2200.450439453125)]","[(0, 1522.84375), (1, 1630.9271240234375)]","[(0, 2148.9296875), (1, 2224.167724609375)]","[(0, 1871.4693603515625), (1, 1161.4295654296875)]","[(0, 3377.8037109375), (1, 3397.01513671875)]","[(0, 5634.91796875), (1, 5567.94677734375)]","[(0, 1202.6087646484375), (1, 904.2367553710938)]","[(0, 632.6651000976562), (1, 809.9695434570312)]","[(0, 1231.5987548828125), (1, 985.2559204101562)]","[(0, 2307.4755859375), (1, 2296.87548828125)]"
221,"[(0, 1372.445556640625), (1, 1758.3367919921875)]","[(0, 750.977783203125), (1, 686.8467407226562)]","[(0, 7183.5849609375), (1, 6780.81591796875)]","[(0, 2274.361083984375), (1, 2224.16455078125)]","[(0, 1088.624267578125), (1, 1005.2159423828125)]","[(0, 2861.427490234375), (1, 2905.8525390625)]","[(0, 2993.28466796875), (1, 2853.52880859375)]","[(0, 1053.281005859375), (1, 844.9257202148438)]","[(0, 1197.16015625), (1, 885.13818359375)]","[(0, 1527.0875244140625), (1, 1444.7808837890625)]","[(0, 1114.0673828125), (1, 1293.96484375)]"
222,"[(0, 2107.34765625), (1, 2629.96630859375)]","[(0, 1277.7083740234375), (1, 1362.104736328125)]","[(0, 2877.8134765625), (1, 2696.396728515625)]","[(0, 1685.923828125), (1, 1566.3509521484375)]","[(0, 1041.1641845703125), (1, 962.7161865234375)]","[(0, 4308.328125), (1, 4439.9501953125)]","[(0, 4174.5126953125), (1, 4315.55322265625)]","[(0, 932.7281494140625), (1, 1217.48291015625)]","[(0, 2050.270751953125), (1, 1761.9912109375)]","[(0, 1085.2384033203125), (1, 1348.537109375)]","[(0, 2023.749267578125), (1, 2039.241455078125)]"
223,"[(0, 1359.87939453125), (1, 1719.002685546875)]","[(0, 1764.58837890625), (1, 2007.9437255859375)]","[(0, 4299.6591796875), (1, 4056.612548828125)]","[(0, 2784.145751953125), (1, 2949.317138671875)]","[(0, 4676.73046875), (1, 3035.201416015625)]","[(0, 2779.53369140625), (1, 2672.276611328125)]","[(0, 2892.3408203125), (1, 2952.8095703125)]","[(0, 2270.4365234375), (1, 2304.90576171875)]","[(0, 1598.4010009765625), (1, 1418.67041015625)]","[(0, 1223.5640869140625), (1, 1604.936279296875)]","[(0, 2026.9217529296875), (1, 2025.14599609375)]"
224,"[(0, 1988.0662841796875), (1, 2597.46044921875)]","[(0, 1454.3367919921875), (1, 1441.216064453125)]","[(0, 1683.6302490234375), (1, 1569.09375)]","[(0, 1851.431640625), (1, 2009.191650390625)]","[(0, 3010.159912109375), (1, 1957.1668701171875)]","[(0, 3864.513671875), (1, 3889.952880859375)]","[(0, 3948.322021484375), (1, 4039.560546875)]","[(0, 874.8685302734375), (1, 904.5834350585938)]","[(0, 1526.33544921875), (1, 1113.12109375)]","[(0, 1614.7381591796875), (1, 2164.963134765625)]","[(0, 1418.381591796875), (1, 1671.12158203125)]"
225,"[(0, 1304.7144775390625), (1, 1611.376953125)]","[(0, 1732.7337646484375), (1, 1788.5517578125)]","[(0, 3351.357421875), (1, 3127.439453125)]","[(0, 2598.07958984375), (1, 2772.593505859375)]","[(0, 2382.3681640625), (1, 2053.009033203125)]","[(0, 4375.861328125), (1, 4426.3115234375)]","[(0, 6327.41748046875), (1, 6797.86376953125)]","[(0, 877.4554443359375), (1, 1349.255615234375)]","[(0, 2196.752685546875), (1, 2507.808837890625)]","[(0, 2244.348876953125), (1, 2315.8349609375)]","[(0, 541.3641967773438), (1, 513.419189453125)]"
226,"[(0, 2591.737060546875), (1, 3374.010986328125)]","[(0, 612.4224243164062), (1, 537.2224731445312)]","[(0, 1363.7515869140625), (1, 1310.8968505859375)]","[(0, 2166.679443359375), (1, 2096.884033203125)]","[(0, 3232.1416015625), (1, 2799.923828125)]","[(0, 4830.31982421875), (1, 4794.47119140625)]","[(0, 6131.958984375), (1, 7258.716796875)]","[(0, 1804.53173828125), (1, 1814.4681396484375)]","[(0, 2948.57470703125), (1, 2329.3798828125)]","[(0, 1757.3192138671875), (1, 1926.084228515625)]","[(0, 3210.62109375), (1, 3206.45361328125)]"
227,"[(0, 2317.620361328125), (1, 3034.367919921875)]","[(0, 1277.029296875), (1, 1690.087646484375)]","[(0, 5707.34619140625), (1, 4981.96826171875)]","[(0, 1991.4288330078125), (1, 1961.7347412109375)]","[(0, 3138.09619140625), (1, 1979.88037109375)]","[(0, 4857.77880859375), (1, 4711.43798828125)]","[(0, 2336.264404296875), (1, 3868.42236328125)]","[(0, 1477.40478515625), (1, 1576.1455078125)]","[(0, 1253.03173828125), (1, 1370.8568115234375)]","[(0, 1700.1265869140625), (1, 2078.12451171875)]","[(0, 2578.155029296875), (1, 2611.64453125)]"
228,"[(0, 2051.66748046875), (1, 2651.011962890625)]","[(0, 1507.7001953125), (1, 2137.37060546875)]","[(0, 3843.134521484375), (1, 3390.251220703125)]","[(0, 3176.426025390625), (1, 3301.180908203125)]","[(0, 2513.557861328125), (1, 1518.1282958984375)]","[(0, 6284.7783203125), (1, 6301.06005859375)]","[(0, 2337.104736328125), (1, 3793.802978515625)]","[(0, 1752.09228515625), (1, 2325.014404296875)]","[(0, 1339.8770751953125), (1, 1333.0098876953125)]","[(0, 1016.0786743164062), (1, 1234.1854248046875)]","[(0, 1615.838134765625), (1, 1614.461669921875)]"
229,"[(0, 2086.94677734375), (1, 2761.53515625)]","[(0, 1469.88330078125), (1, 1911.82080078125)]","[(0, 2422.23876953125), (1, 2563.749267578125)]","[(0, 5494.02197265625), (1, 5533.00537109375)]","[(0, 2134.852783203125), (1, 1431.312255859375)]","[(0, 6681.42138671875), (1, 6835.6279296875)]","[(0, 12029.10546875), (1, 11989.7177734375)]","[(0, 1167.912841796875), (1, 1463.3828125)]","[(0, 1275.1331787109375), (1, 1411.1160888671875)]","[(0, 2032.451904296875), (1, 1457.386474609375)]","[(0, 3069.286865234375), (1, 3074.900390625)]"
230,"[(0, 2946.574462890625), (1, 3711.235107421875)]","[(0, 1598.205078125), (1, 2091.88671875)]","[(0, 3986.213134765625), (1, 3390.25439453125)]","[(0, 4824.224609375), (1, 4826.7138671875)]","[(0, 1666.9530029296875), (1, 1450.06640625)]","[(0, 4246.2646484375), (1, 4109.5107421875)]","[(0, 11479.4453125), (1, 10458.3359375)]","[(0, 1624.245849609375), (1, 1791.7392578125)]","[(0, 1935.3531494140625), (1, 1590.4227294921875)]","[(0, 1031.528564453125), (1, 1250.7645263671875)]","[(0, 1989.1995849609375), (1, 1963.533447265625)]"
231,"[(0, 1765.0587158203125), (1, 2368.519775390625)]","[(0, 2242.5390625), (1, 2401.775634765625)]","[(0, 4509.00048828125), (1, 4256.0234375)]","[(0, 1978.4410400390625), (1, 2040.5087890625)]","[(0, 1248.7044677734375), (1, 840.1906127929688)]","[(0, 7997.07177734375), (1, 8115.79833984375)]","[(0, 3610.79345703125), (1, 3388.253662109375)]","[(0, 2917.573486328125), (1, 2119.92041015625)]","[(0, 407.97314453125), (1, 610.45556640625)]","[(0, 1450.0040283203125), (1, 1480.7703857421875)]","[(0, 2044.761474609375), (1, 2320.170166015625)]"
232,"[(0, 1766.8775634765625), (1, 2322.9609375)]","[(0, 2595.416259765625), (1, 2922.700439453125)]","[(0, 3535.919677734375), (1, 3292.735595703125)]","[(0, 2020.2896728515625), (1, 1974.2926025390625)]","[(0, 1871.81298828125), (1, 1127.611328125)]","[(0, 3859.747802734375), (1, 3757.299560546875)]","[(0, 5063.36767578125), (1, 5309.05126953125)]","[(0, 1858.2322998046875), (1, 1912.3560791015625)]","[(0, 2722.874267578125), (1, 2176.328125)]","[(0, 1719.9342041015625), (1, 1657.188232421875)]","[(0, 1758.794677734375), (1, 2110.594970703125)]"
233,"[(0, 1681.9083251953125), (1, 2208.921630859375)]","[(0, 2439.1015625), (1, 2395.998046875)]","[(0, 730.07470703125), (1, 675.5294799804688)]","[(0, 2855.675537109375), (1, 3103.36181640625)]","[(0, 3216.370361328125), (1, 1926.307373046875)]","[(0, 2673.177490234375), (1, 2592.018798828125)]","[(0, 1520.0521240234375), (1, 1489.8671875)]","[(0, 1024.7562255859375), (1, 929.3372802734375)]","[(0, 1709.2916259765625), (1, 1828.6566162109375)]","[(0, 2683.11669921875), (1, 2790.428466796875)]","[(0, 1113.5797119140625), (1, 1335.7694091796875)]"
234,"[(0, 2144.399169921875), (1, 2634.982177734375)]","[(0, 1878.445556640625), (1, 1853.8018798828125)]","[(0, 5591.69580078125), (1, 3744.304443359375)]","[(0, 4427.9111328125), (1, 4313.54931640625)]","[(0, 2798.73681640625), (1, 1689.5379638671875)]","[(0, 2960.5498046875), (1, 2934.685302734375)]","[(0, 3818.033935546875), (1, 3848.419677734375)]","[(0, 2251.15283203125), (1, 2439.32958984375)]","[(0, 1982.6815185546875), (1, 2716.66357421875)]","[(0, 1338.1729736328125), (1, 1490.5777587890625)]","[(0, 1247.9383544921875), (1, 1459.5423583984375)]"
235,"[(0, 3274.173095703125), (1, 4176.59521484375)]","[(0, 2186.6572265625), (1, 2519.820556640625)]","[(0, 4442.22900390625), (1, 4681.853515625)]","[(0, 3001.697509765625), (1, 3143.149169921875)]","[(0, 1441.4737548828125), (1, 1237.194580078125)]","[(0, 5328.27001953125), (1, 5309.16796875)]","[(0, 3833.9423828125), (1, 5773.3291015625)]","[(0, 1713.1094970703125), (1, 1456.57080078125)]","[(0, 2355.41455078125), (1, 2133.63671875)]","[(0, 2545.0341796875), (1, 2404.842529296875)]","[(0, 1135.2042236328125), (1, 1371.2550048828125)]"
236,"[(0, 2703.232666015625), (1, 3478.813720703125)]","[(0, 2528.707275390625), (1, 3020.189697265625)]","[(0, 5181.81591796875), (1, 4646.22998046875)]","[(0, 1151.1812744140625), (1, 1068.448486328125)]","[(0, 1517.404541015625), (1, 1297.5750732421875)]","[(0, 9431.7900390625), (1, 9646.080078125)]","[(0, 6061.1552734375), (1, 9454.6376953125)]","[(0, 1355.6317138671875), (1, 1356.4482421875)]","[(0, 1356.899169921875), (1, 1255.7083740234375)]","[(0, 2016.13330078125), (1, 1608.376220703125)]","[(0, 1320.709228515625), (1, 1329.3302001953125)]"
237,"[(0, 1598.4954833984375), (1, 2091.766845703125)]","[(0, 2428.244384765625), (1, 2498.889404296875)]","[(0, 2508.629150390625), (1, 2330.943359375)]","[(0, 1889.365478515625), (1, 1808.3260498046875)]","[(0, 2785.74462890625), (1, 1681.000732421875)]","[(0, 7346.56396484375), (1, 7233.30078125)]","[(0, 3582.85498046875), (1, 3640.51904296875)]","[(0, 2459.014892578125), (1, 2538.93603515625)]","[(0, 1432.1512451171875), (1, 2083.074462890625)]","[(0, 723.8534545898438), (1, 714.4302978515625)]","[(0, 493.9190368652344), (1, 473.78936767578125)]"
238,"[(0, 2930.22314453125), (1, 3895.64453125)]","[(0, 2167.9423828125), (1, 2336.705810546875)]","[(0, 1812.2589111328125), (1, 1833.7261962890625)]","[(0, 1047.897705078125), (1, 1055.2606201171875)]","[(0, 3006.47900390625), (1, 1902.5438232421875)]","[(0, 8741.2421875), (1, 8800.890625)]","[(0, 3335.392822265625), (1, 3237.04931640625)]","[(0, 1710.374267578125), (1, 1812.4420166015625)]","[(0, 971.9514770507812), (1, 935.1329345703125)]","[(0, 1504.148681640625), (1, 1319.5042724609375)]","[(0, 1509.9443359375), (1, 1524.4537353515625)]"
239,"[(0, 1576.12158203125), (1, 2054.415283203125)]","[(0, 1763.1171875), (1, 1970.112548828125)]","[(0, 7462.8681640625), (1, 6729.31787109375)]","[(0, 3537.491455078125), (1, 2970.7470703125)]","[(0, 2040.3153076171875), (1, 1326.7718505859375)]","[(0, 10331.3291015625), (1, 10315.9990234375)]","[(0, 3921.969482421875), (1, 3920.406494140625)]","[(0, 987.9700317382812), (1, 1272.7198486328125)]","[(0, 1021.2780151367188), (1, 1313.4566650390625)]","[(0, 1363.912841796875), (1, 1432.281005859375)]","[(0, 988.865478515625), (1, 1155.1805419921875)]"
240,"[(0, 1678.781005859375), (1, 2241.276611328125)]","[(0, 2452.725341796875), (1, 2892.681396484375)]","[(0, 3176.298583984375), (1, 3224.792236328125)]","[(0, 6061.36376953125), (1, 6077.15380859375)]","[(0, 1756.951416015625), (1, 1147.210693359375)]","[(0, 2743.45166015625), (1, 2879.635009765625)]","[(0, 3935.555419921875), (1, 4086.7333984375)]","[(0, 1419.7301025390625), (1, 1308.9818115234375)]","[(0, 1435.626708984375), (1, 1487.1544189453125)]","[(0, 1534.81103515625), (1, 1418.23486328125)]","[(0, 1541.0047607421875), (1, 1840.3343505859375)]"
241,"[(0, 1061.501953125), (1, 1270.592041015625)]","[(0, 1882.6358642578125), (1, 1937.742919921875)]","[(0, 4828.380859375), (1, 4516.19580078125)]","[(0, 2202.809326171875), (1, 2200.3642578125)]","[(0, 1456.1895751953125), (1, 1332.270263671875)]","[(0, 3891.544921875), (1, 3694.105712890625)]","[(0, 8978.2734375), (1, 9324.64453125)]","[(0, 1694.2454833984375), (1, 1329.38720703125)]","[(0, 2913.7265625), (1, 2873.9189453125)]","[(0, 1566.0172119140625), (1, 1667.21533203125)]","[(0, 2063.69189453125), (1, 2369.674560546875)]"
242,"[(0, 2298.64501953125), (1, 2999.156494140625)]","[(0, 1333.0467529296875), (1, 1354.7935791015625)]","[(0, 3402.793212890625), (1, 3053.795166015625)]","[(0, 2217.03515625), (1, 1981.5625)]","[(0, 1578.526123046875), (1, 1393.86767578125)]","[(0, 3108.69970703125), (1, 3130.760498046875)]","[(0, 9462.7744140625), (1, 8916.97265625)]","[(0, 1056.21923828125), (1, 1115.6190185546875)]","[(0, 1241.8094482421875), (1, 1290.1739501953125)]","[(0, 3500.669189453125), (1, 3029.23291015625)]","[(0, 2272.824951171875), (1, 2256.364990234375)]"
243,"[(0, 1911.5345458984375), (1, 2529.469482421875)]","[(0, 689.0731811523438), (1, 607.4525756835938)]","[(0, 1857.34814453125), (1, 1728.6214599609375)]","[(0, 2550.13134765625), (1, 2616.26513671875)]","[(0, 5681.91357421875), (1, 3730.432373046875)]","[(0, 1353.4246826171875), (1, 1368.48681640625)]","[(0, 2391.019775390625), (1, 2369.52197265625)]","[(0, 1553.1583251953125), (1, 1815.220947265625)]","[(0, 2426.801025390625), (1, 2845.349365234375)]","[(0, 2253.168701171875), (1, 2033.5958251953125)]","[(0, 2198.69970703125), (1, 2159.23828125)]"
244,"[(0, 2811.49462890625), (1, 3586.34521484375)]","[(0, 819.9578247070312), (1, 720.4739990234375)]","[(0, 5335.2822265625), (1, 4583.63818359375)]","[(0, 1221.0113525390625), (1, 1293.2789306640625)]","[(0, 4041.52197265625), (1, 2643.635986328125)]","[(0, 4306.91943359375), (1, 4357.5302734375)]","[(0, 2474.11767578125), (1, 2470.35009765625)]","[(0, 1886.35791015625), (1, 2006.609619140625)]","[(0, 868.6904296875), (1, 865.5526123046875)]","[(0, 1123.2591552734375), (1, 1346.500244140625)]","[(0, 1307.3232421875), (1, 1553.6947021484375)]"
245,"[(0, 1784.0799560546875), (1, 2342.783935546875)]","[(0, 1346.689697265625), (1, 1430.1455078125)]","[(0, 1996.3404541015625), (1, 1584.7767333984375)]","[(0, 5000.9091796875), (1, 5151.5966796875)]","[(0, 2268.515869140625), (1, 1392.96728515625)]","[(0, 3423.981689453125), (1, 3332.41357421875)]","[(0, 3054.8173828125), (1, 3756.11767578125)]","[(0, 1325.730224609375), (1, 1384.49658203125)]","[(0, 1175.85498046875), (1, 1085.0235595703125)]","[(0, 1141.29931640625), (1, 1422.8787841796875)]","[(0, 1365.3997802734375), (1, 1373.6483154296875)]"
246,"[(0, 2380.933837890625), (1, 3014.986572265625)]","[(0, 1982.153076171875), (1, 2263.3046875)]","[(0, 4511.20263671875), (1, 4185.37939453125)]","[(0, 2523.96826171875), (1, 2503.677001953125)]","[(0, 1791.62548828125), (1, 1096.757568359375)]","[(0, 1886.51611328125), (1, 1859.712646484375)]","[(0, 3755.9560546875), (1, 4702.7294921875)]","[(0, 2110.731689453125), (1, 2071.561279296875)]","[(0, 2257.3701171875), (1, 2977.730224609375)]","[(0, 2541.346435546875), (1, 2059.443115234375)]","[(0, 1747.136474609375), (1, 2077.48046875)]"
247,"[(0, 2051.837646484375), (1, 2790.86376953125)]","[(0, 1599.11376953125), (1, 1578.1663818359375)]","[(0, 4048.882568359375), (1, 4693.70947265625)]","[(0, 3097.01708984375), (1, 2918.21484375)]","[(0, 1316.509521484375), (1, 1145.3970947265625)]","[(0, 5182.15673828125), (1, 5309.47705078125)]","[(0, 2230.338134765625), (1, 2192.53125)]","[(0, 821.874267578125), (1, 905.0179443359375)]","[(0, 2767.401123046875), (1, 2121.14501953125)]","[(0, 1139.3402099609375), (1, 1541.587646484375)]","[(0, 2412.644775390625), (1, 2335.6875)]"
248,"[(0, 1372.526123046875), (1, 1803.5484619140625)]","[(0, 1212.398193359375), (1, 1166.8489990234375)]","[(0, 1226.9013671875), (1, 1374.6966552734375)]","[(0, 2122.27001953125), (1, 2098.227294921875)]","[(0, 1609.55078125), (1, 1386.9228515625)]","[(0, 3538.63525390625), (1, 3439.75048828125)]","[(0, 5180.34375), (1, 5294.38916015625)]","[(0, 1832.737548828125), (1, 1718.2880859375)]","[(0, 2100.73095703125), (1, 2125.743896484375)]","[(0, 2859.55078125), (1, 3967.636474609375)]","[(0, 1994.4974365234375), (1, 2351.6640625)]"
249,"[(0, 1714.7196044921875), (1, 2254.846435546875)]","[(0, 586.79736328125), (1, 505.8118591308594)]","[(0, 2481.783935546875), (1, 2255.94970703125)]","[(0, 2888.357666015625), (1, 2959.544677734375)]","[(0, 3118.1357421875), (1, 1882.2930908203125)]","[(0, 5434.94677734375), (1, 5455.42236328125)]","[(0, 2440.86083984375), (1, 2448.06298828125)]","[(0, 1152.6484375), (1, 1147.115478515625)]","[(0, 1724.4071044921875), (1, 2223.065185546875)]","[(0, 2912.02099609375), (1, 3402.893798828125)]","[(0, 1264.102294921875), (1, 1510.1617431640625)]"
250,"[(0, 1612.708251953125), (1, 2079.609619140625)]","[(0, 1255.12890625), (1, 1683.7113037109375)]","[(0, 7384.50244140625), (1, 7142.22314453125)]","[(0, 2555.010009765625), (1, 2742.895751953125)]","[(0, 1220.3978271484375), (1, 1087.963134765625)]","[(0, 4112.79248046875), (1, 4087.107421875)]","[(0, 4821.529296875), (1, 5049.57080078125)]","[(0, 1248.991455078125), (1, 1867.034912109375)]","[(0, 2752.91064453125), (1, 3792.17138671875)]","[(0, 3165.940673828125), (1, 2949.791015625)]","[(0, 2309.5361328125), (1, 2260.201904296875)]"
251,"[(0, 1876.68896484375), (1, 2342.399658203125)]","[(0, 1751.69970703125), (1, 2553.0576171875)]","[(0, 2398.432861328125), (1, 2416.493896484375)]","[(0, 4087.364990234375), (1, 3994.764404296875)]","[(0, 2266.656005859375), (1, 1350.968017578125)]","[(0, 2555.45947265625), (1, 2559.653564453125)]","[(0, 2479.68896484375), (1, 3773.18896484375)]","[(0, 3497.94580078125), (1, 2869.87353515625)]","[(0, 2164.087890625), (1, 2516.626708984375)]","[(0, 1886.9722900390625), (1, 2072.117431640625)]","[(0, 579.5211791992188), (1, 541.4320678710938)]"
252,"[(0, 1469.4256591796875), (1, 1796.23876953125)]","[(0, 1480.7640380859375), (1, 1950.4803466796875)]","[(0, 2407.683349609375), (1, 3299.981689453125)]","[(0, 5299.091796875), (1, 5059.06689453125)]","[(0, 2566.393798828125), (1, 1534.223388671875)]","[(0, 2440.52783203125), (1, 2464.942138671875)]","[(0, 3989.8720703125), (1, 6387.95703125)]","[(0, 3519.938232421875), (1, 2974.062255859375)]","[(0, 931.942138671875), (1, 824.9560546875)]","[(0, 2063.96142578125), (1, 2402.049560546875)]","[(0, 2435.822998046875), (1, 2510.68408203125)]"
253,"[(0, 2221.935302734375), (1, 2784.95703125)]","[(0, 1106.2945556640625), (1, 1349.022705078125)]","[(0, 4344.09912109375), (1, 3918.978515625)]","[(0, 2870.54296875), (1, 2443.292236328125)]","[(0, 3237.1884765625), (1, 2729.05126953125)]","[(0, 5146.4892578125), (1, 5111.47705078125)]","[(0, 5758.42724609375), (1, 5605.65283203125)]","[(0, 4053.959716796875), (1, 2647.790283203125)]","[(0, 1560.9229736328125), (1, 1337.5145263671875)]","[(0, 1766.6939697265625), (1, 1945.109130859375)]","[(0, 1423.6531982421875), (1, 1735.7371826171875)]"
254,"[(0, 1812.0125732421875), (1, 2371.0341796875)]","[(0, 2060.07470703125), (1, 2385.00732421875)]","[(0, 1766.924072265625), (1, 1820.263916015625)]","[(0, 4967.4130859375), (1, 4970.96728515625)]","[(0, 3342.15869140625), (1, 2861.181884765625)]","[(0, 5262.44873046875), (1, 5383.65966796875)]","[(0, 2216.383056640625), (1, 2292.246337890625)]","[(0, 912.9232788085938), (1, 1192.7232666015625)]","[(0, 3121.634765625), (1, 3901.306640625)]","[(0, 1749.697021484375), (1, 1848.365478515625)]","[(0, 1468.816162109375), (1, 1720.57568359375)]"
255,"[(0, 1420.9586181640625), (1, 1824.551513671875)]","[(0, 2353.7236328125), (1, 2779.8544921875)]","[(0, 6573.10107421875), (1, 6315.8720703125)]","[(0, 3348.268310546875), (1, 3171.092529296875)]","[(0, 789.0383911132812), (1, 715.5066528320312)]","[(0, 4467.9033203125), (1, 4347.2607421875)]","[(0, 3847.329833984375), (1, 4191.1669921875)]","[(0, 1833.7698974609375), (1, 1737.409912109375)]","[(0, 4049.92919921875), (1, 3306.505859375)]","[(0, 1651.7099609375), (1, 1714.698974609375)]","[(0, 2221.96826171875), (1, 2194.039306640625)]"
256,"[(0, 1658.548583984375), (1, 2125.43896484375)]","[(0, 2226.069091796875), (1, 2358.303955078125)]","[(0, 1043.7491455078125), (1, 1184.862060546875)]","[(0, 2820.67822265625), (1, 2984.4169921875)]","[(0, 2946.691162109375), (1, 1795.34130859375)]","[(0, 7160.2958984375), (1, 7123.271484375)]","[(0, 2411.22216796875), (1, 2689.30078125)]","[(0, 2173.14013671875), (1, 2745.697509765625)]","[(0, 3362.53369140625), (1, 2661.943359375)]","[(0, 1279.0281982421875), (1, 1747.7806396484375)]","[(0, 1521.5931396484375), (1, 1763.186279296875)]"
257,"[(0, 2539.913330078125), (1, 3423.488525390625)]","[(0, 1507.355224609375), (1, 1542.0897216796875)]","[(0, 1680.9229736328125), (1, 1700.1824951171875)]","[(0, 6234.02685546875), (1, 5936.68798828125)]","[(0, 2997.892578125), (1, 1869.71044921875)]","[(0, 5858.22509765625), (1, 5863.97705078125)]","[(0, 5706.89404296875), (1, 5667.28564453125)]","[(0, 927.5322875976562), (1, 917.880126953125)]","[(0, 823.8927001953125), (1, 898.4705810546875)]","[(0, 1218.2716064453125), (1, 1273.2412109375)]","[(0, 2564.41943359375), (1, 2594.63671875)]"
258,"[(0, 2178.867919921875), (1, 2864.62060546875)]","[(0, 1387.2587890625), (1, 1396.4002685546875)]","[(0, 2071.13671875), (1, 1906.732421875)]","[(0, 3443.2490234375), (1, 3528.44482421875)]","[(0, 1051.020263671875), (1, 948.52978515625)]","[(0, 4839.6337890625), (1, 4952.5693359375)]","[(0, 5088.37451171875), (1, 4945.4755859375)]","[(0, 2373.685791015625), (1, 1946.611328125)]","[(0, 979.6796264648438), (1, 1453.5228271484375)]","[(0, 1802.215087890625), (1, 1723.5802001953125)]","[(0, 2576.896240234375), (1, 2603.72509765625)]"
259,"[(0, 1363.4564208984375), (1, 1718.740478515625)]","[(0, 1903.28515625), (1, 2021.037353515625)]","[(0, 7806.279296875), (1, 7769.7890625)]","[(0, 2595.02392578125), (1, 2317.466796875)]","[(0, 1059.6529541015625), (1, 953.5481567382812)]","[(0, 5280.32568359375), (1, 5180.802734375)]","[(0, 4245.0947265625), (1, 4754.412109375)]","[(0, 2370.437255859375), (1, 2656.143798828125)]","[(0, 1176.2615966796875), (1, 1670.0987548828125)]","[(0, 3232.271240234375), (1, 3489.39306640625)]","[(0, 1983.05126953125), (1, 1940.9630126953125)]"
260,"[(0, 2007.4478759765625), (1, 2572.29638671875)]","[(0, 1690.0794677734375), (1, 1683.623779296875)]","[(0, 1497.228271484375), (1, 1280.805419921875)]","[(0, 2219.39501953125), (1, 2263.3876953125)]","[(0, 3045.305908203125), (1, 2004.70166015625)]","[(0, 4245.66552734375), (1, 4267.75341796875)]","[(0, 4633.49951171875), (1, 5356.51611328125)]","[(0, 1017.7666015625), (1, 1331.5189208984375)]","[(0, 2117.689697265625), (1, 1700.29833984375)]","[(0, 1010.3515625), (1, 1383.2493896484375)]","[(0, 2331.056640625), (1, 2299.5439453125)]"
261,"[(0, 1092.3692626953125), (1, 1370.1026611328125)]","[(0, 1492.86181640625), (1, 1494.6630859375)]","[(0, 4090.679443359375), (1, 3585.859619140625)]","[(0, 1662.38720703125), (1, 1615.448974609375)]","[(0, 5097.19482421875), (1, 3254.001708984375)]","[(0, 6712.75537109375), (1, 6682.69580078125)]","[(0, 3756.984619140625), (1, 3675.68798828125)]","[(0, 1825.8177490234375), (1, 1762.049072265625)]","[(0, 1803.3214111328125), (1, 1316.1116943359375)]","[(0, 2823.317138671875), (1, 3008.911376953125)]","[(0, 1092.03125), (1, 1251.2327880859375)]"
262,"[(0, 2126.74267578125), (1, 2808.6806640625)]","[(0, 764.7210083007812), (1, 673.40234375)]","[(0, 1882.04345703125), (1, 2085.267578125)]","[(0, 2954.41650390625), (1, 3189.1318359375)]","[(0, 2724.85009765625), (1, 2461.68505859375)]","[(0, 2585.524658203125), (1, 2516.721435546875)]","[(0, 2913.344482421875), (1, 2990.65673828125)]","[(0, 702.7607421875), (1, 804.4174194335938)]","[(0, 1549.247802734375), (1, 1989.385498046875)]","[(0, 1752.634521484375), (1, 1358.1181640625)]","[(0, 1667.4815673828125), (1, 1924.036376953125)]"
263,"[(0, 2445.171142578125), (1, 3014.397216796875)]","[(0, 903.5635375976562), (1, 831.3822631835938)]","[(0, 4786.79150390625), (1, 4683.599609375)]","[(0, 4150.93505859375), (1, 4085.1982421875)]","[(0, 2291.869140625), (1, 2042.74609375)]","[(0, 5141.0986328125), (1, 5152.20068359375)]","[(0, 8353.3056640625), (1, 9540.0751953125)]","[(0, 640.3394775390625), (1, 700.99560546875)]","[(0, 1366.8114013671875), (1, 1272.1767578125)]","[(0, 2148.537353515625), (1, 1648.785888671875)]","[(0, 2701.959228515625), (1, 2615.001708984375)]"
264,"[(0, 1239.4761962890625), (1, 1506.9090576171875)]","[(0, 625.1634521484375), (1, 552.3928833007812)]","[(0, 6011.26953125), (1, 5676.6220703125)]","[(0, 3815.103759765625), (1, 3787.415283203125)]","[(0, 2580.724365234375), (1, 1622.3958740234375)]","[(0, 5815.90771484375), (1, 5843.2548828125)]","[(0, 7576.87841796875), (1, 8396.546875)]","[(0, 1602.3348388671875), (1, 1152.98095703125)]","[(0, 1905.6708984375), (1, 1774.576416015625)]","[(0, 2021.6610107421875), (1, 1310.3056640625)]","[(0, 1382.3751220703125), (1, 1670.9112548828125)]"
265,"[(0, 1677.2352294921875), (1, 2143.12548828125)]","[(0, 1279.34716796875), (1, 1687.8486328125)]","[(0, 4741.5029296875), (1, 4621.76025390625)]","[(0, 3321.328125), (1, 3458.054443359375)]","[(0, 1735.6024169921875), (1, 1097.262939453125)]","[(0, 4538.18896484375), (1, 4514.9599609375)]","[(0, 6164.41943359375), (1, 6064.7060546875)]","[(0, 1514.693603515625), (1, 1630.2757568359375)]","[(0, 2480.302734375), (1, 2442.6806640625)]","[(0, 2127.44970703125), (1, 1739.06591796875)]","[(0, 2243.044677734375), (1, 2145.763671875)]"
266,"[(0, 1743.717529296875), (1, 2332.380859375)]","[(0, 1514.439453125), (1, 2124.9716796875)]","[(0, 2960.205322265625), (1, 3014.58984375)]","[(0, 3888.19140625), (1, 3917.7490234375)]","[(0, 566.2045288085938), (1, 501.5789489746094)]","[(0, 3647.51123046875), (1, 3704.87353515625)]","[(0, 2747.109375), (1, 2762.091064453125)]","[(0, 1112.174072265625), (1, 1465.2918701171875)]","[(0, 1440.3291015625), (1, 1206.45703125)]","[(0, 3034.199951171875), (1, 3078.6123046875)]","[(0, 1781.3018798828125), (1, 2137.29931640625)]"
267,"[(0, 1642.6954345703125), (1, 2049.591552734375)]","[(0, 1464.2672119140625), (1, 1896.9737548828125)]","[(0, 8574.5419921875), (1, 8329.337890625)]","[(0, 1538.6390380859375), (1, 1601.07080078125)]","[(0, 666.8189697265625), (1, 599.1920776367188)]","[(0, 4586.94384765625), (1, 4481.14013671875)]","[(0, 5987.22265625), (1, 6911.9375)]","[(0, 2027.564453125), (1, 2051.853271484375)]","[(0, 780.7246704101562), (1, 607.6666259765625)]","[(0, 2068.3603515625), (1, 2838.1865234375)]","[(0, 1247.3160400390625), (1, 1235.5809326171875)]"
268,"[(0, 1576.29736328125), (1, 1927.8255615234375)]","[(0, 1134.67431640625), (1, 1396.416259765625)]","[(0, 4738.68212890625), (1, 4686.58447265625)]","[(0, 4196.13037109375), (1, 4272.24951171875)]","[(0, 4994.2080078125), (1, 3179.119873046875)]","[(0, 3029.102783203125), (1, 3026.6279296875)]","[(0, 4222.51220703125), (1, 4978.16845703125)]","[(0, 1563.0919189453125), (1, 1564.08203125)]","[(0, 1295.045654296875), (1, 1156.6207275390625)]","[(0, 3401.612060546875), (1, 3067.250244140625)]","[(0, 2986.415771484375), (1, 2976.185791015625)]"
269,"[(0, 2661.42919921875), (1, 3481.133544921875)]","[(0, 1502.12890625), (1, 1536.5325927734375)]","[(0, 2157.99365234375), (1, 1972.77294921875)]","[(0, 1531.960205078125), (1, 1476.5301513671875)]","[(0, 3803.203125), (1, 2435.7509765625)]","[(0, 2221.833740234375), (1, 2300.632080078125)]","[(0, 3387.16796875), (1, 3295.86767578125)]","[(0, 1376.9659423828125), (1, 1358.029296875)]","[(0, 1375.3143310546875), (1, 1696.146728515625)]","[(0, 1609.85693359375), (1, 1328.7269287109375)]","[(0, 2096.3291015625), (1, 2095.9951171875)]"
270,"[(0, 2867.44677734375), (1, 3623.4189453125)]","[(0, 1964.8287353515625), (1, 2104.76171875)]","[(0, 2381.4833984375), (1, 2209.595703125)]","[(0, 1519.6673583984375), (1, 1626.64013671875)]","[(0, 5408.92236328125), (1, 3438.025390625)]","[(0, 3466.662353515625), (1, 3347.166748046875)]","[(0, 2846.11865234375), (1, 2966.837158203125)]","[(0, 1928.44140625), (1, 2257.734130859375)]","[(0, 1760.672607421875), (1, 1663.1824951171875)]","[(0, 1642.16455078125), (1, 1587.571533203125)]","[(0, 2282.343994140625), (1, 2272.38720703125)]"
271,"[(0, 2029.35107421875), (1, 2517.95654296875)]","[(0, 1778.1983642578125), (1, 1787.583251953125)]","[(0, 5056.7705078125), (1, 4839.3662109375)]","[(0, 2070.9912109375), (1, 1986.9415283203125)]","[(0, 4748.861328125), (1, 3025.64111328125)]","[(0, 1841.2288818359375), (1, 1859.0902099609375)]","[(0, 6891.44189453125), (1, 7576.3583984375)]","[(0, 1190.774658203125), (1, 1179.07666015625)]","[(0, 2232.891845703125), (1, 2159.36474609375)]","[(0, 1925.309326171875), (1, 1949.17578125)]","[(0, 2415.77587890625), (1, 2407.2724609375)]"
272,"[(0, 2090.969970703125), (1, 2745.2509765625)]","[(0, 1340.7596435546875), (1, 1375.4920654296875)]","[(0, 2835.0322265625), (1, 2124.41162109375)]","[(0, 3198.14990234375), (1, 3094.73193359375)]","[(0, 4575.5537109375), (1, 2943.173583984375)]","[(0, 6084.20556640625), (1, 6043.66064453125)]","[(0, 6889.2080078125), (1, 7444.59912109375)]","[(0, 1150.3411865234375), (1, 1794.9493408203125)]","[(0, 3460.5185546875), (1, 3654.2763671875)]","[(0, 1689.5582275390625), (1, 2291.049560546875)]","[(0, 1420.895751953125), (1, 1665.0797119140625)]"
273,"[(0, 1495.64697265625), (1, 1933.4576416015625)]","[(0, 1577.19140625), (1, 1725.6771240234375)]","[(0, 7228.466796875), (1, 7177.12744140625)]","[(0, 2283.32373046875), (1, 2070.66162109375)]","[(0, 4074.10595703125), (1, 2656.397216796875)]","[(0, 3419.990234375), (1, 3250.992919921875)]","[(0, 5347.166015625), (1, 5343.59765625)]","[(0, 1484.9102783203125), (1, 1120.32568359375)]","[(0, 893.2952270507812), (1, 1405.9559326171875)]","[(0, 812.9078369140625), (1, 934.1390991210938)]","[(0, 1743.50390625), (1, 1739.3155517578125)]"
274,"[(0, 1772.2037353515625), (1, 2370.8974609375)]","[(0, 2255.866943359375), (1, 2619.421875)]","[(0, 2586.682373046875), (1, 2339.308837890625)]","[(0, 2448.744873046875), (1, 2363.9931640625)]","[(0, 2503.26513671875), (1, 1507.9749755859375)]","[(0, 3102.166259765625), (1, 3149.2158203125)]","[(0, 5453.294921875), (1, 5482.548828125)]","[(0, 1726.516845703125), (1, 1711.0172119140625)]","[(0, 2136.966064453125), (1, 1871.897705078125)]","[(0, 2873.79833984375), (1, 2546.166748046875)]","[(0, 2372.948974609375), (1, 2817.293701171875)]"
275,"[(0, 2379.999755859375), (1, 3156.02587890625)]","[(0, 1767.8072509765625), (1, 1798.8392333984375)]","[(0, 4470.18798828125), (1, 4173.3662109375)]","[(0, 3351.354248046875), (1, 3217.2080078125)]","[(0, 955.8616943359375), (1, 857.0695190429688)]","[(0, 5887.68603515625), (1, 5984.3515625)]","[(0, 7072.6181640625), (1, 7009.4453125)]","[(0, 824.496337890625), (1, 876.3958129882812)]","[(0, 982.9996948242188), (1, 845.60009765625)]","[(0, 973.51220703125), (1, 1210.4122314453125)]","[(0, 1661.3973388671875), (1, 1941.985107421875)]"
276,"[(0, 1934.883544921875), (1, 2433.94189453125)]","[(0, 1033.6807861328125), (1, 1369.1876220703125)]","[(0, 1600.2816162109375), (1, 1485.7325439453125)]","[(0, 4389.71728515625), (1, 4432.37744140625)]","[(0, 4637.6240234375), (1, 2955.53515625)]","[(0, 2894.9873046875), (1, 2972.654296875)]","[(0, 5115.59326171875), (1, 5097.55419921875)]","[(0, 1067.53076171875), (1, 1312.0587158203125)]","[(0, 2005.049560546875), (1, 1551.6053466796875)]","[(0, 2011.1624755859375), (1, 2042.459716796875)]","[(0, 1323.4281005859375), (1, 1574.1162109375)]"
277,"[(0, 1911.38330078125), (1, 2329.2099609375)]","[(0, 1212.5091552734375), (1, 1710.436279296875)]","[(0, 3993.85791015625), (1, 3895.978515625)]","[(0, 3573.647705078125), (1, 3915.885009765625)]","[(0, 3221.91796875), (1, 2945.4423828125)]","[(0, 3037.265869140625), (1, 2916.41357421875)]","[(0, 15021.1171875), (1, 12821.337890625)]","[(0, 744.696044921875), (1, 1183.982177734375)]","[(0, 2018.5631103515625), (1, 1684.6959228515625)]","[(0, 2963.863525390625), (1, 2707.555419921875)]","[(0, 3762.71435546875), (1, 3743.822509765625)]"
278,"[(0, 2289.72802734375), (1, 2884.601806640625)]","[(0, 1237.876708984375), (1, 1615.394287109375)]","[(0, 2296.407958984375), (1, 2076.225830078125)]","[(0, 1031.733154296875), (1, 1055.5152587890625)]","[(0, 3833.474365234375), (1, 3437.385986328125)]","[(0, 3013.18994140625), (1, 2990.0947265625)]","[(0, 8089.72607421875), (1, 7784.4072265625)]","[(0, 888.6770629882812), (1, 1202.1793212890625)]","[(0, 3001.39697265625), (1, 2726.82958984375)]","[(0, 1350.968017578125), (1, 1231.8037109375)]","[(0, 3499.1435546875), (1, 3480.0380859375)]"
279,"[(0, 1643.366943359375), (1, 2133.28662109375)]","[(0, 1122.64501953125), (1, 1359.467041015625)]","[(0, 4057.41748046875), (1, 3835.6171875)]","[(0, 1536.3751220703125), (1, 1669.1640625)]","[(0, 3849.399658203125), (1, 2381.54345703125)]","[(0, 2161.386962890625), (1, 2221.692626953125)]","[(0, 4478.63232421875), (1, 4261.2666015625)]","[(0, 2117.660400390625), (1, 1848.3028564453125)]","[(0, 911.7908935546875), (1, 867.0397338867188)]","[(0, 1934.6888427734375), (1, 2599.829345703125)]","[(0, 1293.18212890625), (1, 1497.8851318359375)]"
280,"[(0, 2012.3126220703125), (1, 2539.5595703125)]","[(0, 625.2319946289062), (1, 541.6941528320312)]","[(0, 2299.482666015625), (1, 2140.06396484375)]","[(0, 1806.2344970703125), (1, 1873.095947265625)]","[(0, 1288.815673828125), (1, 1144.321533203125)]","[(0, 5801.1171875), (1, 5708.06982421875)]","[(0, 5244.8779296875), (1, 5409.93896484375)]","[(0, 2940.585205078125), (1, 2407.392822265625)]","[(0, 1952.7537841796875), (1, 1969.8280029296875)]","[(0, 3714.2021484375), (1, 3641.022705078125)]","[(0, 1796.8323974609375), (1, 2108.7158203125)]"
281,"[(0, 1590.449951171875), (1, 2076.655517578125)]","[(0, 1098.8028564453125), (1, 1470.6748046875)]","[(0, 3350.85888671875), (1, 3425.833740234375)]","[(0, 2161.884765625), (1, 2054.576904296875)]","[(0, 2986.817138671875), (1, 1798.600830078125)]","[(0, 5881.625), (1, 6024.302734375)]","[(0, 6146.4501953125), (1, 5998.9794921875)]","[(0, 583.4564819335938), (1, 632.1786499023438)]","[(0, 1171.9847412109375), (1, 1193.2420654296875)]","[(0, 1734.5665283203125), (1, 1957.31787109375)]","[(0, 1860.4354248046875), (1, 1872.9539794921875)]"
282,"[(0, 2196.970458984375), (1, 2716.43310546875)]","[(0, 1450.6507568359375), (1, 2090.703857421875)]","[(0, 1384.2576904296875), (1, 1409.7454833984375)]","[(0, 1716.0928955078125), (1, 1653.316650390625)]","[(0, 2152.11474609375), (1, 1290.179443359375)]","[(0, 6143.220703125), (1, 6140.7724609375)]","[(0, 2638.52294921875), (1, 2782.563720703125)]","[(0, 2373.28271484375), (1, 2205.1708984375)]","[(0, 1513.77294921875), (1, 1620.349365234375)]","[(0, 1574.8294677734375), (1, 1784.1990966796875)]","[(0, 2405.970947265625), (1, 2435.7509765625)]"
283,"[(0, 1771.225341796875), (1, 2294.22119140625)]","[(0, 1337.1466064453125), (1, 1723.2901611328125)]","[(0, 5601.37744140625), (1, 5661.46240234375)]","[(0, 2874.354736328125), (1, 2785.6943359375)]","[(0, 800.4342651367188), (1, 710.6121215820312)]","[(0, 7164.5166015625), (1, 7221.6728515625)]","[(0, 9284.5986328125), (1, 10232.0986328125)]","[(0, 1848.0140380859375), (1, 2001.399658203125)]","[(0, 917.4031982421875), (1, 1231.3179931640625)]","[(0, 1637.228515625), (1, 2234.259521484375)]","[(0, 2095.4326171875), (1, 2447.97314453125)]"
284,"[(0, 1703.33251953125), (1, 2262.999267578125)]","[(0, 1486.818359375), (1, 1810.9044189453125)]","[(0, 4680.884765625), (1, 4262.1162109375)]","[(0, 3630.197998046875), (1, 3223.294677734375)]","[(0, 3687.143798828125), (1, 2240.449462890625)]","[(0, 4342.42529296875), (1, 4263.44140625)]","[(0, 3388.81591796875), (1, 3722.131103515625)]","[(0, 2366.751953125), (1, 2529.779541015625)]","[(0, 2074.980712890625), (1, 1936.0972900390625)]","[(0, 1613.465087890625), (1, 1148.8924560546875)]","[(0, 1446.0311279296875), (1, 1731.5491943359375)]"
285,"[(0, 1488.1695556640625), (1, 1933.4891357421875)]","[(0, 842.265625), (1, 1153.66796875)]","[(0, 1502.957763671875), (1, 1324.466552734375)]","[(0, 4340.9638671875), (1, 4110.02783203125)]","[(0, 2953.37841796875), (1, 1797.7200927734375)]","[(0, 4120.92724609375), (1, 4146.38134765625)]","[(0, 8311.650390625), (1, 8611.9033203125)]","[(0, 1448.0845947265625), (1, 1346.5740966796875)]","[(0, 2125.026611328125), (1, 2001.1258544921875)]","[(0, 1095.8250732421875), (1, 1001.7234497070312)]","[(0, 1775.7470703125), (1, 2133.794189453125)]"
286,"[(0, 1691.2266845703125), (1, 2219.65869140625)]","[(0, 1072.982177734375), (1, 1610.6708984375)]","[(0, 4160.6611328125), (1, 3730.84521484375)]","[(0, 1863.0765380859375), (1, 1856.7725830078125)]","[(0, 4450.76513671875), (1, 2688.20849609375)]","[(0, 3720.945556640625), (1, 3738.470458984375)]","[(0, 6287.7822265625), (1, 6270.6494140625)]","[(0, 1349.812255859375), (1, 1213.8153076171875)]","[(0, 1550.7340087890625), (1, 1183.8448486328125)]","[(0, 1287.1923828125), (1, 1355.316162109375)]","[(0, 1295.6658935546875), (1, 1268.533203125)]"
287,"[(0, 2514.4482421875), (1, 3170.814208984375)]","[(0, 1041.545654296875), (1, 1398.3592529296875)]","[(0, 2151.471435546875), (1, 2840.055908203125)]","[(0, 1880.90234375), (1, 1909.044189453125)]","[(0, 622.140869140625), (1, 547.2451171875)]","[(0, 3538.06494140625), (1, 3613.60791015625)]","[(0, 4003.773193359375), (1, 3853.89208984375)]","[(0, 1848.1990966796875), (1, 2170.737548828125)]","[(0, 738.0106201171875), (1, 801.2606201171875)]","[(0, 940.9374389648438), (1, 951.7420043945312)]","[(0, 1693.9974365234375), (1, 1695.3955078125)]"
288,"[(0, 1533.529296875), (1, 1994.135986328125)]","[(0, 902.6316528320312), (1, 1092.3255615234375)]","[(0, 4754.28515625), (1, 5275.1064453125)]","[(0, 3152.7919921875), (1, 3338.934814453125)]","[(0, 1459.3990478515625), (1, 1050.0889892578125)]","[(0, 5502.47998046875), (1, 5421.3115234375)]","[(0, 4810.24951171875), (1, 4700.64453125)]","[(0, 1383.6346435546875), (1, 1411.986328125)]","[(0, 2187.5810546875), (1, 2097.603759765625)]","[(0, 1596.5416259765625), (1, 1237.4122314453125)]","[(0, 2305.364990234375), (1, 2250.7666015625)]"
289,"[(0, 2223.882568359375), (1, 2743.5810546875)]","[(0, 639.0936889648438), (1, 553.9414672851562)]","[(0, 2069.995361328125), (1, 2488.25)]","[(0, 2792.408935546875), (1, 2843.454345703125)]","[(0, 3649.3623046875), (1, 2401.45849609375)]","[(0, 4596.88427734375), (1, 4557.51123046875)]","[(0, 6308.19677734375), (1, 6001.314453125)]","[(0, 1513.51318359375), (1, 2407.841796875)]","[(0, 1586.35009765625), (1, 1059.5777587890625)]","[(0, 1311.0955810546875), (1, 1579.466552734375)]","[(0, 2701.32421875), (1, 2749.094482421875)]"
290,"[(0, 2245.45458984375), (1, 2931.908935546875)]","[(0, 1187.3533935546875), (1, 1307.5120849609375)]","[(0, 3469.4208984375), (1, 3141.737548828125)]","[(0, 1946.58544921875), (1, 1859.986572265625)]","[(0, 4146.978515625), (1, 2705.319091796875)]","[(0, 2219.021484375), (1, 2228.139892578125)]","[(0, 6083.02783203125), (1, 6471.4228515625)]","[(0, 1036.5157470703125), (1, 1745.129150390625)]","[(0, 1509.0474853515625), (1, 1952.4259033203125)]","[(0, 2103.898681640625), (1, 2795.4345703125)]","[(0, 2828.701904296875), (1, 2770.264892578125)]"
291,"[(0, 1824.1468505859375), (1, 2300.09326171875)]","[(0, 1883.34619140625), (1, 2235.286865234375)]","[(0, 4196.162109375), (1, 3818.510986328125)]","[(0, 2649.7822265625), (1, 2829.109375)]","[(0, 1366.622314453125), (1, 1252.0330810546875)]","[(0, 3174.199951171875), (1, 3153.1708984375)]","[(0, 2557.6953125), (1, 2419.79150390625)]","[(0, 874.3629760742188), (1, 1096.1014404296875)]","[(0, 1632.455322265625), (1, 1674.015869140625)]","[(0, 2747.55859375), (1, 2195.814453125)]","[(0, 1112.990478515625), (1, 1300.0982666015625)]"
292,"[(0, 1996.861328125), (1, 2590.21484375)]","[(0, 1182.9556884765625), (1, 1168.1517333984375)]","[(0, 1827.273193359375), (1, 1750.6900634765625)]","[(0, 2917.802978515625), (1, 3073.484375)]","[(0, 1872.9334716796875), (1, 1169.8089599609375)]","[(0, 7499.1826171875), (1, 7632.794921875)]","[(0, 7157.298828125), (1, 7454.388671875)]","[(0, 1517.3509521484375), (1, 1650.352783203125)]","[(0, 1150.27099609375), (1, 1271.2344970703125)]","[(0, 1099.9786376953125), (1, 1057.729736328125)]","[(0, 1131.8082275390625), (1, 1376.178955078125)]"
293,"[(0, 2234.61767578125), (1, 2741.79345703125)]","[(0, 1054.1009521484375), (1, 1053.5491943359375)]","[(0, 2339.3310546875), (1, 2192.81884765625)]","[(0, 4977.50390625), (1, 4905.33349609375)]","[(0, 2861.527099609375), (1, 1706.04833984375)]","[(0, 6560.6572265625), (1, 6456.51708984375)]","[(0, 4374.70556640625), (1, 4937.7705078125)]","[(0, 1350.834716796875), (1, 1394.25390625)]","[(0, 2467.205810546875), (1, 2450.349853515625)]","[(0, 1457.325927734375), (1, 1372.6170654296875)]","[(0, 1280.64599609375), (1, 1511.544921875)]"
294,"[(0, 1692.6304931640625), (1, 2195.47509765625)]","[(0, 1069.6417236328125), (1, 1047.0985107421875)]","[(0, 967.661376953125), (1, 873.8165893554688)]","[(0, 3369.47705078125), (1, 3077.810791015625)]","[(0, 1837.057861328125), (1, 1555.98486328125)]","[(0, 9545.271484375), (1, 9608.83984375)]","[(0, 6363.60546875), (1, 7481.04638671875)]","[(0, 2819.244873046875), (1, 3701.875)]","[(0, 1033.158935546875), (1, 1397.272216796875)]","[(0, 953.15673828125), (1, 1124.116455078125)]","[(0, 3230.0), (1, 3221.198974609375)]"
295,"[(0, 2038.0447998046875), (1, 2580.392333984375)]","[(0, 1606.750244140625), (1, 1690.106201171875)]","[(0, 5028.23974609375), (1, 5044.6181640625)]","[(0, 2807.614990234375), (1, 2720.954833984375)]","[(0, 4813.65869140625), (1, 3164.588134765625)]","[(0, 9756.96484375), (1, 9794.3486328125)]","[(0, 8901.3642578125), (1, 10295.8701171875)]","[(0, 3575.938720703125), (1, 2497.368408203125)]","[(0, 2446.59521484375), (1, 2532.0302734375)]","[(0, 2983.076904296875), (1, 2918.9677734375)]","[(0, 1160.69482421875), (1, 1378.5716552734375)]"
296,"[(0, 2313.857177734375), (1, 2948.74755859375)]","[(0, 1358.2838134765625), (1, 1280.946533203125)]","[(0, 1458.6962890625), (1, 1770.5372314453125)]","[(0, 1745.5743408203125), (1, 1813.5865478515625)]","[(0, 4061.036865234375), (1, 2674.883544921875)]","[(0, 7693.86279296875), (1, 7861.33154296875)]","[(0, 4347.62548828125), (1, 5049.88427734375)]","[(0, 779.4212646484375), (1, 980.249755859375)]","[(0, 1723.3016357421875), (1, 1199.390869140625)]","[(0, 1730.345947265625), (1, 1686.7030029296875)]","[(0, 2803.048095703125), (1, 2799.190673828125)]"
297,"[(0, 1913.613037109375), (1, 2528.00927734375)]","[(0, 1009.3258666992188), (1, 945.7522583007812)]","[(0, 5452.22900390625), (1, 4944.923828125)]","[(0, 3464.907470703125), (1, 3548.614990234375)]","[(0, 2530.25), (1, 2329.9443359375)]","[(0, 4163.53125), (1, 4020.7392578125)]","[(0, 3722.553466796875), (1, 3640.9287109375)]","[(0, 1625.3792724609375), (1, 1723.0888671875)]","[(0, 554.3082275390625), (1, 874.820068359375)]","[(0, 2299.18310546875), (1, 2112.13916015625)]","[(0, 833.1177368164062), (1, 981.5120849609375)]"
298,"[(0, 1486.82470703125), (1, 1819.5401611328125)]","[(0, 1756.99658203125), (1, 2145.466064453125)]","[(0, 5301.3310546875), (1, 4548.171875)]","[(0, 3150.25830078125), (1, 3030.98095703125)]","[(0, 2147.72412109375), (1, 1953.4559326171875)]","[(0, 8590.732421875), (1, 8713.80078125)]","[(0, 2344.60986328125), (1, 2287.668701171875)]","[(0, 1780.05126953125), (1, 2357.3349609375)]","[(0, 1061.038330078125), (1, 1198.876220703125)]","[(0, 965.5789794921875), (1, 883.9082641601562)]","[(0, 1954.5750732421875), (1, 1958.934326171875)]"
299,"[(0, 1962.071533203125), (1, 2497.232666015625)]","[(0, 2229.67041015625), (1, 2810.87939453125)]","[(0, 3782.527587890625), (1, 3597.306640625)]","[(0, 6242.93896484375), (1, 6382.73291015625)]","[(0, 2557.265869140625), (1, 1547.7547607421875)]","[(0, 4704.16455078125), (1, 4764.529296875)]","[(0, 3098.4912109375), (1, 3645.49755859375)]","[(0, 1688.0909423828125), (1, 1289.70703125)]","[(0, 1691.1993408203125), (1, 1235.254638671875)]","[(0, 1830.5732421875), (1, 1429.9990234375)]","[(0, 1788.7376708984375), (1, 1821.01123046875)]"
300,"[(0, 1930.3431396484375), (1, 2503.505126953125)]","[(0, 1863.04541015625), (1, 2111.529052734375)]","[(0, 4377.2431640625), (1, 4497.9580078125)]","[(0, 2437.24951171875), (1, 2458.2470703125)]","[(0, 2276.364013671875), (1, 1399.299072265625)]","[(0, 3479.74951171875), (1, 3324.319580078125)]","[(0, 1906.6497802734375), (1, 2401.087646484375)]","[(0, 1846.88720703125), (1, 1824.5914306640625)]","[(0, 1359.5235595703125), (1, 1660.0140380859375)]","[(0, 1474.53271484375), (1, 2023.1318359375)]","[(0, 1147.2713623046875), (1, 1347.2587890625)]"
301,"[(0, 1814.8643798828125), (1, 2417.201416015625)]","[(0, 1997.6783447265625), (1, 2261.707763671875)]","[(0, 2580.313232421875), (1, 2637.325439453125)]","[(0, 2959.555908203125), (1, 3001.39404296875)]","[(0, 1246.185302734375), (1, 1060.0067138671875)]","[(0, 3537.4306640625), (1, 3537.936767578125)]","[(0, 3613.29443359375), (1, 3622.5341796875)]","[(0, 1342.6629638671875), (1, 1406.4835205078125)]","[(0, 1168.668212890625), (1, 1280.461669921875)]","[(0, 2514.956787109375), (1, 1922.1666259765625)]","[(0, 1758.3837890625), (1, 2059.343017578125)]"
302,"[(0, 1673.0223388671875), (1, 2076.320068359375)]","[(0, 909.7861328125), (1, 838.10107421875)]","[(0, 7082.72998046875), (1, 6491.13427734375)]","[(0, 1965.30859375), (1, 1951.1259765625)]","[(0, 1224.6585693359375), (1, 1055.876220703125)]","[(0, 3073.114990234375), (1, 3135.99609375)]","[(0, 3472.22119140625), (1, 3566.7939453125)]","[(0, 2698.894775390625), (1, 2346.128662109375)]","[(0, 1474.408935546875), (1, 1603.472900390625)]","[(0, 1766.03955078125), (1, 1926.8089599609375)]","[(0, 1277.835693359375), (1, 1457.1453857421875)]"
303,"[(0, 1356.4366455078125), (1, 1642.41357421875)]","[(0, 1942.844482421875), (1, 1922.8935546875)]","[(0, 5777.87255859375), (1, 5289.806640625)]","[(0, 1065.705810546875), (1, 1182.334716796875)]","[(0, 4009.5888671875), (1, 2415.387939453125)]","[(0, 4210.890625), (1, 4367.92724609375)]","[(0, 5548.35009765625), (1, 5741.072265625)]","[(0, 1628.306884765625), (1, 1633.58984375)]","[(0, 796.39111328125), (1, 1050.1851806640625)]","[(0, 1577.7164306640625), (1, 1790.791015625)]","[(0, 1870.041259765625), (1, 2251.556396484375)]"
304,"[(0, 2403.768310546875), (1, 3026.350830078125)]","[(0, 2528.907470703125), (1, 2611.750244140625)]","[(0, 2030.1988525390625), (1, 2182.61328125)]","[(0, 1998.5301513671875), (1, 2009.3544921875)]","[(0, 2714.686279296875), (1, 1692.097900390625)]","[(0, 3110.597412109375), (1, 2960.03173828125)]","[(0, 4915.67333984375), (1, 4922.13330078125)]","[(0, 2154.60888671875), (1, 2999.313720703125)]","[(0, 1684.1240234375), (1, 1833.8433837890625)]","[(0, 1810.7376708984375), (1, 1760.7774658203125)]","[(0, 3291.771728515625), (1, 3311.6845703125)]"
305,"[(0, 1397.10693359375), (1, 1806.518798828125)]","[(0, 2274.645263671875), (1, 2024.4654541015625)]","[(0, 3970.051513671875), (1, 3483.335205078125)]","[(0, 1785.8118896484375), (1, 1826.4063720703125)]","[(0, 4433.29443359375), (1, 2762.0751953125)]","[(0, 3345.00634765625), (1, 3327.205810546875)]","[(0, 3466.24267578125), (1, 3226.370361328125)]","[(0, 1727.021484375), (1, 2104.2861328125)]","[(0, 1526.9512939453125), (1, 1365.0091552734375)]","[(0, 827.8788452148438), (1, 628.8597412109375)]","[(0, 1745.3870849609375), (1, 1733.8470458984375)]"
306,"[(0, 2053.887451171875), (1, 2776.431396484375)]","[(0, 2243.552978515625), (1, 2207.03173828125)]","[(0, 5273.6875), (1, 4809.5888671875)]","[(0, 1663.5242919921875), (1, 1646.658203125)]","[(0, 3426.764892578125), (1, 2162.22705078125)]","[(0, 6969.17236328125), (1, 7153.7705078125)]","[(0, 4116.1552734375), (1, 4445.6064453125)]","[(0, 1335.271484375), (1, 916.76123046875)]","[(0, 877.9535522460938), (1, 742.8394165039062)]","[(0, 2217.8134765625), (1, 2162.087890625)]","[(0, 1979.9775390625), (1, 1959.5489501953125)]"
307,"[(0, 2258.00537109375), (1, 3008.1455078125)]","[(0, 1668.9373779296875), (1, 1852.0401611328125)]","[(0, 3727.647705078125), (1, 3426.57861328125)]","[(0, 6787.8876953125), (1, 6572.0732421875)]","[(0, 3233.985595703125), (1, 2861.623779296875)]","[(0, 4381.578125), (1, 4224.26025390625)]","[(0, 1825.845703125), (1, 1842.44091796875)]","[(0, 892.1526489257812), (1, 1218.0496826171875)]","[(0, 1905.3819580078125), (1, 2458.275146484375)]","[(0, 1051.4468994140625), (1, 951.7537841796875)]","[(0, 1303.480712890625), (1, 1552.3505859375)]"
308,"[(0, 2228.93798828125), (1, 2840.25390625)]","[(0, 2475.536376953125), (1, 2978.1064453125)]","[(0, 3374.966796875), (1, 3422.15673828125)]","[(0, 6573.92822265625), (1, 6332.67529296875)]","[(0, 5197.158203125), (1, 3343.615966796875)]","[(0, 5260.943359375), (1, 5231.39990234375)]","[(0, 2033.5958251953125), (1, 1982.5643310546875)]","[(0, 1644.7725830078125), (1, 1253.2935791015625)]","[(0, 1845.632568359375), (1, 1607.615478515625)]","[(0, 2944.237548828125), (1, 2915.887939453125)]","[(0, 2184.50927734375), (1, 2154.759765625)]"
309,"[(0, 1033.3160400390625), (1, 1294.047607421875)]","[(0, 1788.3470458984375), (1, 1832.7716064453125)]","[(0, 2628.719970703125), (1, 2258.499755859375)]","[(0, 2017.630615234375), (1, 2021.6610107421875)]","[(0, 3396.020751953125), (1, 2275.6337890625)]","[(0, 4417.75048828125), (1, 4471.8466796875)]","[(0, 3123.33203125), (1, 3340.09423828125)]","[(0, 1442.5787353515625), (1, 1553.0814208984375)]","[(0, 1708.8848876953125), (1, 2044.9036865234375)]","[(0, 2534.58154296875), (1, 1867.6947021484375)]","[(0, 4161.9033203125), (1, 4158.84814453125)]"
310,"[(0, 3010.435546875), (1, 3901.760498046875)]","[(0, 1848.2659912109375), (1, 1946.8685302734375)]","[(0, 2584.543212890625), (1, 2511.770263671875)]","[(0, 2269.60107421875), (1, 2458.456787109375)]","[(0, 1154.2159423828125), (1, 1033.12548828125)]","[(0, 4020.8388671875), (1, 4094.968994140625)]","[(0, 4022.1005859375), (1, 4385.27392578125)]","[(0, 2691.42529296875), (1, 2405.707275390625)]","[(0, 1886.14013671875), (1, 1795.773681640625)]","[(0, 1635.6912841796875), (1, 1829.9832763671875)]","[(0, 1724.09228515625), (1, 1983.2725830078125)]"
311,"[(0, 1621.1182861328125), (1, 2071.563232421875)]","[(0, 2367.75537109375), (1, 2732.8681640625)]","[(0, 2312.212646484375), (1, 2188.34912109375)]","[(0, 3533.664306640625), (1, 3720.324462890625)]","[(0, 1647.01708984375), (1, 1160.2327880859375)]","[(0, 5938.70361328125), (1, 5987.02880859375)]","[(0, 4389.62939453125), (1, 4229.02490234375)]","[(0, 1591.7891845703125), (1, 1369.9432373046875)]","[(0, 2687.56005859375), (1, 2918.924560546875)]","[(0, 2972.339599609375), (1, 2566.80712890625)]","[(0, 1161.976806640625), (1, 1185.744873046875)]"
312,"[(0, 2225.3134765625), (1, 2782.99365234375)]","[(0, 2687.050048828125), (1, 3240.916748046875)]","[(0, 5470.44287109375), (1, 5161.1904296875)]","[(0, 2741.228759765625), (1, 2654.852294921875)]","[(0, 2550.12646484375), (1, 1557.242919921875)]","[(0, 3584.949951171875), (1, 3498.3330078125)]","[(0, 4247.28955078125), (1, 4470.345703125)]","[(0, 1357.7613525390625), (1, 1773.007568359375)]","[(0, 1431.8316650390625), (1, 1087.3232421875)]","[(0, 1405.4404296875), (1, 1013.7813110351562)]","[(0, 1621.0850830078125), (1, 1908.15869140625)]"
313,"[(0, 1698.491455078125), (1, 2250.93505859375)]","[(0, 2517.205322265625), (1, 2661.388671875)]","[(0, 2029.482666015625), (1, 2120.013427734375)]","[(0, 5228.70166015625), (1, 5552.828125)]","[(0, 1099.504638671875), (1, 912.2178344726562)]","[(0, 6586.86279296875), (1, 6618.75634765625)]","[(0, 5413.2880859375), (1, 6662.00244140625)]","[(0, 916.5435180664062), (1, 896.5999145507812)]","[(0, 1648.8016357421875), (1, 1299.8260498046875)]","[(0, 2638.05126953125), (1, 2378.1201171875)]","[(0, 2105.060791015625), (1, 2116.4541015625)]"
314,"[(0, 1584.6082763671875), (1, 1965.3619384765625)]","[(0, 1841.812744140625), (1, 1923.7647705078125)]","[(0, 2207.8359375), (1, 2103.472412109375)]","[(0, 2524.815673828125), (1, 2561.447021484375)]","[(0, 1318.951416015625), (1, 1088.4478759765625)]","[(0, 2447.150390625), (1, 2548.74072265625)]","[(0, 3814.318115234375), (1, 4750.537109375)]","[(0, 2046.0382080078125), (1, 2177.1552734375)]","[(0, 1429.926025390625), (1, 1436.845703125)]","[(0, 1552.252197265625), (1, 2037.6746826171875)]","[(0, 1304.524658203125), (1, 1577.6968994140625)]"
315,"[(0, 2409.2626953125), (1, 3193.438232421875)]","[(0, 656.5595092773438), (1, 587.7643432617188)]","[(0, 1995.388671875), (1, 1838.694091796875)]","[(0, 1318.5953369140625), (1, 1327.066650390625)]","[(0, 2905.734619140625), (1, 1802.8125)]","[(0, 2298.72509765625), (1, 2279.623779296875)]","[(0, 6208.65625), (1, 7378.11083984375)]","[(0, 1697.940673828125), (1, 1593.27685546875)]","[(0, 1543.8717041015625), (1, 2424.863525390625)]","[(0, 1528.8018798828125), (1, 1547.24560546875)]","[(0, 1678.929931640625), (1, 1999.5501708984375)]"
316,"[(0, 1100.2708740234375), (1, 1399.664794921875)]","[(0, 878.4002685546875), (1, 1183.7489013671875)]","[(0, 4475.2724609375), (1, 4282.63525390625)]","[(0, 2894.84228515625), (1, 2967.1015625)]","[(0, 2069.916259765625), (1, 1413.020263671875)]","[(0, 6242.5458984375), (1, 6261.60791015625)]","[(0, 3000.235107421875), (1, 3779.625)]","[(0, 2172.291748046875), (1, 1723.4117431640625)]","[(0, 1674.9412841796875), (1, 1115.0111083984375)]","[(0, 3384.636474609375), (1, 5162.32763671875)]","[(0, 1321.749267578125), (1, 1613.8052978515625)]"
317,"[(0, 1488.591064453125), (1, 1945.0340576171875)]","[(0, 1137.27392578125), (1, 1681.214599609375)]","[(0, 2723.640625), (1, 2711.276123046875)]","[(0, 923.9536743164062), (1, 955.99560546875)]","[(0, 734.3037109375), (1, 668.2969360351562)]","[(0, 5392.28662109375), (1, 5357.30810546875)]","[(0, 2992.631103515625), (1, 4035.790771484375)]","[(0, 1838.0489501953125), (1, 1672.3165283203125)]","[(0, 2424.818359375), (1, 2131.123291015625)]","[(0, 1065.7236328125), (1, 1243.46142578125)]","[(0, 1340.55126953125), (1, 1598.261474609375)]"
318,"[(0, 3369.2490234375), (1, 4515.89013671875)]","[(0, 1080.5802001953125), (1, 1429.8311767578125)]","[(0, 5851.005859375), (1, 5539.99609375)]","[(0, 2967.7255859375), (1, 3105.32763671875)]","[(0, 665.09375), (1, 605.2880859375)]","[(0, 3961.34521484375), (1, 4037.061279296875)]","[(0, 5035.62548828125), (1, 6498.92626953125)]","[(0, 2092.681640625), (1, 2011.7762451171875)]","[(0, 1033.9854736328125), (1, 1728.255615234375)]","[(0, 2161.992919921875), (1, 2573.471923828125)]","[(0, 2461.005615234375), (1, 2439.447021484375)]"
319,"[(0, 3508.596923828125), (1, 4753.54638671875)]","[(0, 966.0035400390625), (1, 1162.09814453125)]","[(0, 2463.318359375), (1, 2278.371826171875)]","[(0, 1572.48974609375), (1, 1585.677001953125)]","[(0, 3658.816650390625), (1, 2331.49462890625)]","[(0, 3210.58447265625), (1, 3114.117919921875)]","[(0, 4643.6474609375), (1, 4433.68798828125)]","[(0, 2405.66259765625), (1, 2738.265869140625)]","[(0, 1543.18505859375), (1, 1770.9720458984375)]","[(0, 1152.60400390625), (1, 846.2293090820312)]","[(0, 2347.983154296875), (1, 2311.326416015625)]"
320,"[(0, 2275.977783203125), (1, 2959.29931640625)]","[(0, 1164.2713623046875), (1, 1218.1920166015625)]","[(0, 2362.890869140625), (1, 2215.072998046875)]","[(0, 3338.428466796875), (1, 3569.366455078125)]","[(0, 4153.537109375), (1, 2551.767333984375)]","[(0, 1907.8740234375), (1, 1886.3533935546875)]","[(0, 4982.31494140625), (1, 5114.35400390625)]","[(0, 1822.919189453125), (1, 2514.580322265625)]","[(0, 1721.580078125), (1, 1627.144287109375)]","[(0, 1373.8717041015625), (1, 1194.1163330078125)]","[(0, 2895.93994140625), (1, 2845.224365234375)]"
321,"[(0, 1467.1536865234375), (1, 1794.636962890625)]","[(0, 1551.4337158203125), (1, 1710.8441162109375)]","[(0, 6462.86865234375), (1, 6564.69384765625)]","[(0, 2864.198486328125), (1, 2859.148193359375)]","[(0, 3210.409912109375), (1, 2068.334716796875)]","[(0, 6735.91845703125), (1, 6665.40283203125)]","[(0, 2532.815185546875), (1, 2951.58935546875)]","[(0, 1247.7532958984375), (1, 1330.41650390625)]","[(0, 1590.818603515625), (1, 1634.970703125)]","[(0, 1549.7811279296875), (1, 1164.034912109375)]","[(0, 2049.585693359375), (1, 2093.955322265625)]"
322,"[(0, 1868.7620849609375), (1, 2457.64697265625)]","[(0, 1374.709228515625), (1, 1354.521484375)]","[(0, 4094.73486328125), (1, 3935.529052734375)]","[(0, 1668.4534912109375), (1, 1678.9754638671875)]","[(0, 2937.6787109375), (1, 1886.9327392578125)]","[(0, 3400.253173828125), (1, 3523.1357421875)]","[(0, 5108.85986328125), (1, 5934.50341796875)]","[(0, 2221.866455078125), (1, 3051.774658203125)]","[(0, 1053.74462890625), (1, 1045.370849609375)]","[(0, 2260.38818359375), (1, 2676.38134765625)]","[(0, 865.2615966796875), (1, 1028.35888671875)]"
323,"[(0, 2035.9603271484375), (1, 2550.22265625)]","[(0, 1358.984130859375), (1, 1406.921630859375)]","[(0, 1893.1016845703125), (1, 2155.271728515625)]","[(0, 3396.73974609375), (1, 3106.57177734375)]","[(0, 1223.9375), (1, 1136.563232421875)]","[(0, 3211.208984375), (1, 3094.19482421875)]","[(0, 3860.74169921875), (1, 3783.108642578125)]","[(0, 760.8485107421875), (1, 814.2501220703125)]","[(0, 1127.1920166015625), (1, 895.836669921875)]","[(0, 1864.879150390625), (1, 1762.2666015625)]","[(0, 2355.37646484375), (1, 2366.819580078125)]"
324,"[(0, 1703.1278076171875), (1, 2210.552734375)]","[(0, 740.9135131835938), (1, 710.1298217773438)]","[(0, 2096.47998046875), (1, 1934.130859375)]","[(0, 6152.291015625), (1, 6199.57421875)]","[(0, 1305.959228515625), (1, 1219.4617919921875)]","[(0, 3366.14013671875), (1, 3375.57177734375)]","[(0, 4485.5185546875), (1, 4594.3251953125)]","[(0, 1842.140380859375), (1, 1480.91796875)]","[(0, 1724.597900390625), (1, 1476.7596435546875)]","[(0, 1503.6998291015625), (1, 1423.94921875)]","[(0, 1874.672119140625), (1, 2222.412109375)]"
325,"[(0, 1969.232421875), (1, 2525.869384765625)]","[(0, 1194.0479736328125), (1, 1579.4122314453125)]","[(0, 4223.81298828125), (1, 4326.00732421875)]","[(0, 1493.206298828125), (1, 1558.0079345703125)]","[(0, 5465.07177734375), (1, 3334.59130859375)]","[(0, 4071.553955078125), (1, 4191.89453125)]","[(0, 3546.750732421875), (1, 3890.4462890625)]","[(0, 1301.390869140625), (1, 1483.5465087890625)]","[(0, 1721.9544677734375), (1, 1616.7452392578125)]","[(0, 2125.042724609375), (1, 2745.4853515625)]","[(0, 1688.578125), (1, 2012.8106689453125)]"
326,"[(0, 2400.876953125), (1, 3025.981689453125)]","[(0, 1486.6453857421875), (1, 2114.5546875)]","[(0, 2747.783935546875), (1, 2722.96533203125)]","[(0, 2888.246337890625), (1, 2947.282958984375)]","[(0, 4480.28955078125), (1, 2723.81591796875)]","[(0, 3673.67626953125), (1, 3533.297119140625)]","[(0, 3055.942138671875), (1, 3336.006591796875)]","[(0, 3424.05029296875), (1, 3568.696044921875)]","[(0, 1168.916748046875), (1, 1159.05615234375)]","[(0, 2234.380126953125), (1, 1654.9888916015625)]","[(0, 1244.2164306640625), (1, 1457.6588134765625)]"
327,"[(0, 1898.9638671875), (1, 2567.48046875)]","[(0, 1422.372802734375), (1, 1808.9029541015625)]","[(0, 3495.7548828125), (1, 3320.8466796875)]","[(0, 2350.059814453125), (1, 2312.564453125)]","[(0, 3163.70703125), (1, 1936.0963134765625)]","[(0, 3054.6923828125), (1, 3023.650634765625)]","[(0, 3379.1630859375), (1, 3307.7138671875)]","[(0, 836.2539672851562), (1, 1042.970947265625)]","[(0, 1234.6810302734375), (1, 1216.2388916015625)]","[(0, 1043.393798828125), (1, 1204.834716796875)]","[(0, 2507.446533203125), (1, 2483.014892578125)]"
328,"[(0, 2162.184814453125), (1, 2901.843994140625)]","[(0, 1554.1771240234375), (1, 1950.685791015625)]","[(0, 2057.314208984375), (1, 1801.504638671875)]","[(0, 2177.67529296875), (1, 2030.515380859375)]","[(0, 2483.9658203125), (1, 1553.98876953125)]","[(0, 5053.3525390625), (1, 4973.19091796875)]","[(0, 2984.30615234375), (1, 3126.029052734375)]","[(0, 1776.29248046875), (1, 1672.661865234375)]","[(0, 482.400146484375), (1, 734.71142578125)]","[(0, 688.6862182617188), (1, 877.9902954101562)]","[(0, 1401.8255615234375), (1, 1671.9027099609375)]"
329,"[(0, 1666.6875), (1, 2163.0625)]","[(0, 480.1914367675781), (1, 427.0039367675781)]","[(0, 3628.751220703125), (1, 3661.874755859375)]","[(0, 4464.5341796875), (1, 4478.67529296875)]","[(0, 2708.01513671875), (1, 1602.0406494140625)]","[(0, 3762.660400390625), (1, 3840.958251953125)]","[(0, 5772.77294921875), (1, 6283.13671875)]","[(0, 2644.972412109375), (1, 1847.232421875)]","[(0, 1683.5250244140625), (1, 1608.9329833984375)]","[(0, 1807.458740234375), (1, 2319.504150390625)]","[(0, 1414.0333251953125), (1, 1667.8870849609375)]"
330,"[(0, 1475.976806640625), (1, 1850.73974609375)]","[(0, 1530.02490234375), (1, 2152.025634765625)]","[(0, 2293.102294921875), (1, 2046.048828125)]","[(0, 2106.822265625), (1, 2226.51611328125)]","[(0, 2351.650634765625), (1, 1544.622802734375)]","[(0, 4769.603515625), (1, 4696.10107421875)]","[(0, 5917.599609375), (1, 6572.330078125)]","[(0, 1856.2723388671875), (1, 2277.373779296875)]","[(0, 2684.496337890625), (1, 2041.756591796875)]","[(0, 1673.944091796875), (1, 1893.165771484375)]","[(0, 1245.099609375), (1, 1485.2750244140625)]"
331,"[(0, 1736.6131591796875), (1, 2147.94921875)]","[(0, 1200.0103759765625), (1, 1463.7142333984375)]","[(0, 7853.65087890625), (1, 8133.1767578125)]","[(0, 3428.91259765625), (1, 3399.040771484375)]","[(0, 1334.522216796875), (1, 1144.0596923828125)]","[(0, 5476.033203125), (1, 5263.37744140625)]","[(0, 4610.00244140625), (1, 6418.349609375)]","[(0, 1118.996826171875), (1, 1182.2005615234375)]","[(0, 1794.31689453125), (1, 2331.601318359375)]","[(0, 1889.1483154296875), (1, 1975.3681640625)]","[(0, 2960.64013671875), (1, 2959.961181640625)]"
332,"[(0, 1948.3590087890625), (1, 2571.923583984375)]","[(0, 654.8245849609375), (1, 579.2747192382812)]","[(0, 3190.135498046875), (1, 3354.996826171875)]","[(0, 2222.25634765625), (1, 2252.28125)]","[(0, 5339.5478515625), (1, 3414.476318359375)]","[(0, 4098.9462890625), (1, 4083.916259765625)]","[(0, 4034.76708984375), (1, 5240.56787109375)]","[(0, 2850.172607421875), (1, 2068.642578125)]","[(0, 1329.9718017578125), (1, 1061.18603515625)]","[(0, 2387.467529296875), (1, 2293.933349609375)]","[(0, 1684.8565673828125), (1, 2019.39599609375)]"
333,"[(0, 1573.506103515625), (1, 2086.67529296875)]","[(0, 994.3350830078125), (1, 1254.450439453125)]","[(0, 1556.5904541015625), (1, 1478.0677490234375)]","[(0, 2825.01123046875), (1, 2661.37841796875)]","[(0, 4650.8759765625), (1, 2970.9990234375)]","[(0, 5686.41845703125), (1, 5738.99755859375)]","[(0, 3446.52099609375), (1, 3553.396484375)]","[(0, 1622.3277587890625), (1, 2207.029541015625)]","[(0, 1499.55810546875), (1, 1513.625)]","[(0, 1413.3060302734375), (1, 1461.9293212890625)]","[(0, 2181.3251953125), (1, 2502.4619140625)]"
334,"[(0, 1916.634765625), (1, 2501.981201171875)]","[(0, 1293.460205078125), (1, 1779.738037109375)]","[(0, 7092.88232421875), (1, 6939.81787109375)]","[(0, 3183.018310546875), (1, 3150.45947265625)]","[(0, 3308.7802734375), (1, 2989.399169921875)]","[(0, 4430.6865234375), (1, 4502.9111328125)]","[(0, 3600.642578125), (1, 3655.133544921875)]","[(0, 1698.3602294921875), (1, 2116.3642578125)]","[(0, 1515.1790771484375), (1, 2387.53564453125)]","[(0, 1595.394775390625), (1, 1291.499755859375)]","[(0, 3280.41455078125), (1, 3320.590087890625)]"
335,"[(0, 2075.06298828125), (1, 2766.294189453125)]","[(0, 1225.0609130859375), (1, 1499.5595703125)]","[(0, 4808.107421875), (1, 4384.75537109375)]","[(0, 2521.177734375), (1, 2611.4267578125)]","[(0, 1595.901611328125), (1, 1440.9892578125)]","[(0, 4533.05908203125), (1, 4433.662109375)]","[(0, 3413.808837890625), (1, 4242.38330078125)]","[(0, 1985.54150390625), (1, 1353.4710693359375)]","[(0, 2142.121337890625), (1, 2079.69384765625)]","[(0, 1706.97265625), (1, 1421.431640625)]","[(0, 2501.766357421875), (1, 2476.435791015625)]"
336,"[(0, 2785.872314453125), (1, 3675.256591796875)]","[(0, 870.3817138671875), (1, 963.520751953125)]","[(0, 4795.966796875), (1, 4635.99658203125)]","[(0, 3847.593994140625), (1, 3665.0048828125)]","[(0, 1775.78857421875), (1, 1239.381103515625)]","[(0, 5849.29345703125), (1, 5783.6005859375)]","[(0, 1983.8115234375), (1, 2538.357666015625)]","[(0, 719.0321655273438), (1, 863.4691162109375)]","[(0, 2674.58154296875), (1, 2833.441650390625)]","[(0, 2167.732666015625), (1, 2377.732177734375)]","[(0, 3170.336669921875), (1, 3151.920166015625)]"
337,"[(0, 2490.4306640625), (1, 3301.495849609375)]","[(0, 797.5330810546875), (1, 693.578125)]","[(0, 2046.8060302734375), (1, 1749.547607421875)]","[(0, 3612.85302734375), (1, 3640.3525390625)]","[(0, 2917.502685546875), (1, 1770.9390869140625)]","[(0, 4113.32177734375), (1, 4213.02734375)]","[(0, 3945.32958984375), (1, 3881.9853515625)]","[(0, 2020.1964111328125), (1, 1292.97802734375)]","[(0, 1960.1824951171875), (1, 1896.51513671875)]","[(0, 2653.751220703125), (1, 2617.84375)]","[(0, 1514.4017333984375), (1, 1459.4351806640625)]"
338,"[(0, 2724.493896484375), (1, 3452.742431640625)]","[(0, 1112.390869140625), (1, 1434.1549072265625)]","[(0, 7849.876953125), (1, 7859.7421875)]","[(0, 1463.30615234375), (1, 1423.161865234375)]","[(0, 1925.1339111328125), (1, 1170.4683837890625)]","[(0, 6006.10107421875), (1, 5915.708984375)]","[(0, 2720.52392578125), (1, 2741.694091796875)]","[(0, 820.1708984375), (1, 896.8761596679688)]","[(0, 1968.9105224609375), (1, 1349.63134765625)]","[(0, 1882.5784912109375), (1, 2214.425537109375)]","[(0, 2154.199951171875), (1, 2171.824462890625)]"
339,"[(0, 1787.751953125), (1, 2348.74365234375)]","[(0, 1451.19580078125), (1, 1984.793701171875)]","[(0, 4671.41748046875), (1, 5041.77099609375)]","[(0, 3194.644287109375), (1, 3423.9033203125)]","[(0, 4140.00048828125), (1, 2598.663330078125)]","[(0, 4962.14306640625), (1, 5002.54052734375)]","[(0, 5953.50439453125), (1, 6759.42529296875)]","[(0, 1303.906494140625), (1, 1431.52099609375)]","[(0, 1201.6417236328125), (1, 1137.056396484375)]","[(0, 996.6406860351562), (1, 1390.913818359375)]","[(0, 1290.7191162109375), (1, 1498.0780029296875)]"
340,"[(0, 3117.784912109375), (1, 4119.81884765625)]","[(0, 1357.614990234375), (1, 1737.240966796875)]","[(0, 3705.23388671875), (1, 3856.322021484375)]","[(0, 1596.1845703125), (1, 1487.4630126953125)]","[(0, 4409.134765625), (1, 2757.892578125)]","[(0, 2115.7568359375), (1, 2134.3896484375)]","[(0, 4514.57666015625), (1, 5243.94287109375)]","[(0, 1783.9940185546875), (1, 1795.9442138671875)]","[(0, 2012.2568359375), (1, 2064.529541015625)]","[(0, 1551.85986328125), (1, 1396.61669921875)]","[(0, 2140.890625), (1, 2156.8837890625)]"
341,"[(0, 1998.2137451171875), (1, 2567.775634765625)]","[(0, 1435.7999267578125), (1, 1820.259521484375)]","[(0, 2457.96923828125), (1, 2223.5166015625)]","[(0, 1945.0469970703125), (1, 1917.6412353515625)]","[(0, 2381.2119140625), (1, 2105.828857421875)]","[(0, 4233.16845703125), (1, 4274.90673828125)]","[(0, 5248.5908203125), (1, 6674.42236328125)]","[(0, 1393.827880859375), (1, 1310.2593994140625)]","[(0, 838.7179565429688), (1, 733.0411376953125)]","[(0, 832.8972778320312), (1, 1106.8194580078125)]","[(0, 1270.923583984375), (1, 1517.72509765625)]"
342,"[(0, 1484.404052734375), (1, 1918.22119140625)]","[(0, 824.8458862304688), (1, 778.0863037109375)]","[(0, 773.346923828125), (1, 822.1705932617188)]","[(0, 5064.1064453125), (1, 5179.30078125)]","[(0, 1925.0504150390625), (1, 1691.3565673828125)]","[(0, 7350.57275390625), (1, 7603.74853515625)]","[(0, 5954.60009765625), (1, 7517.685546875)]","[(0, 1259.6527099609375), (1, 1040.5220947265625)]","[(0, 1264.462890625), (1, 1388.2890625)]","[(0, 1887.6329345703125), (1, 2178.748291015625)]","[(0, 2341.197021484375), (1, 2350.400634765625)]"
343,"[(0, 3178.189453125), (1, 4054.8564453125)]","[(0, 1572.5579833984375), (1, 1693.879638671875)]","[(0, 2590.421142578125), (1, 2877.779052734375)]","[(0, 5113.94921875), (1, 5126.2099609375)]","[(0, 4662.4404296875), (1, 2842.53125)]","[(0, 4964.8740234375), (1, 5040.0791015625)]","[(0, 7174.61572265625), (1, 7332.7958984375)]","[(0, 1886.0736083984375), (1, 1488.7657470703125)]","[(0, 3701.472412109375), (1, 2967.351806640625)]","[(0, 3648.46435546875), (1, 2681.32763671875)]","[(0, 1353.79833984375), (1, 1624.948486328125)]"
344,"[(0, 2120.087158203125), (1, 2585.2509765625)]","[(0, 1986.23486328125), (1, 2253.0439453125)]","[(0, 1808.0992431640625), (1, 1852.703369140625)]","[(0, 2556.5634765625), (1, 2761.1640625)]","[(0, 4525.6552734375), (1, 2759.587158203125)]","[(0, 2378.979736328125), (1, 2443.96923828125)]","[(0, 11800.6376953125), (1, 11914.3857421875)]","[(0, 1561.625732421875), (1, 1749.685302734375)]","[(0, 1104.2059326171875), (1, 750.9810180664062)]","[(0, 831.851806640625), (1, 997.6430053710938)]","[(0, 983.7855834960938), (1, 1143.701904296875)]"
345,"[(0, 2344.617919921875), (1, 3080.5478515625)]","[(0, 1706.4932861328125), (1, 1668.8267822265625)]","[(0, 2230.488037109375), (1, 2060.80859375)]","[(0, 2396.11572265625), (1, 2385.611572265625)]","[(0, 1372.0941162109375), (1, 1233.2501220703125)]","[(0, 1997.5631103515625), (1, 1951.0950927734375)]","[(0, 4424.1376953125), (1, 4405.3095703125)]","[(0, 698.84130859375), (1, 717.0870361328125)]","[(0, 1669.5421142578125), (1, 1293.560791015625)]","[(0, 1672.1092529296875), (1, 1753.5374755859375)]","[(0, 1038.5357666015625), (1, 1177.7584228515625)]"
346,"[(0, 1331.1456298828125), (1, 1727.2940673828125)]","[(0, 1297.5992431640625), (1, 1265.72412109375)]","[(0, 3268.97802734375), (1, 3153.08056640625)]","[(0, 3032.39208984375), (1, 3013.463134765625)]","[(0, 1506.8846435546875), (1, 1304.7816162109375)]","[(0, 4805.9482421875), (1, 4912.47265625)]","[(0, 5309.8564453125), (1, 5178.4365234375)]","[(0, 1552.5045166015625), (1, 1761.5567626953125)]","[(0, 1608.75732421875), (1, 1881.5418701171875)]","[(0, 1868.8511962890625), (1, 2256.138916015625)]","[(0, 3444.28662109375), (1, 3444.270263671875)]"
347,"[(0, 2143.568115234375), (1, 2680.07373046875)]","[(0, 536.472900390625), (1, 475.7890930175781)]","[(0, 2752.02587890625), (1, 2414.0224609375)]","[(0, 2222.906005859375), (1, 2253.175048828125)]","[(0, 4443.68212890625), (1, 2891.583984375)]","[(0, 4639.84033203125), (1, 4572.02490234375)]","[(0, 5917.333984375), (1, 5433.72900390625)]","[(0, 1025.557373046875), (1, 1179.20654296875)]","[(0, 1313.648193359375), (1, 1302.611328125)]","[(0, 2730.592529296875), (1, 3538.932373046875)]","[(0, 1170.92333984375), (1, 1407.891357421875)]"
348,"[(0, 1793.18359375), (1, 2226.258056640625)]","[(0, 453.9119567871094), (1, 386.6771545410156)]","[(0, 1671.3997802734375), (1, 1692.732177734375)]","[(0, 3428.052490234375), (1, 3275.591064453125)]","[(0, 3720.236083984375), (1, 2443.935546875)]","[(0, 7267.6591796875), (1, 7413.80810546875)]","[(0, 3486.914794921875), (1, 3227.053466796875)]","[(0, 1699.23095703125), (1, 1696.98974609375)]","[(0, 559.9817504882812), (1, 746.6644287109375)]","[(0, 2101.29296875), (1, 1699.4879150390625)]","[(0, 2255.98828125), (1, 2689.715087890625)]"
349,"[(0, 1486.957275390625), (1, 1935.1151123046875)]","[(0, 2069.36572265625), (1, 2393.477783203125)]","[(0, 2338.3720703125), (1, 2039.447509765625)]","[(0, 2894.15625), (1, 3007.5029296875)]","[(0, 2118.458251953125), (1, 1851.1748046875)]","[(0, 3894.158447265625), (1, 3833.64990234375)]","[(0, 3360.2255859375), (1, 3873.269287109375)]","[(0, 1247.77587890625), (1, 1339.18017578125)]","[(0, 1707.16796875), (1, 1521.7222900390625)]","[(0, 2869.38916015625), (1, 2822.431396484375)]","[(0, 812.6997680664062), (1, 948.7225341796875)]"
350,"[(0, 1548.5078125), (1, 1896.7547607421875)]","[(0, 2329.47900390625), (1, 2762.364990234375)]","[(0, 2023.2252197265625), (1, 2125.618408203125)]","[(0, 2549.730224609375), (1, 2487.72216796875)]","[(0, 2902.44580078125), (1, 2538.598388671875)]","[(0, 3657.487548828125), (1, 3706.272705078125)]","[(0, 6616.736328125), (1, 7229.94873046875)]","[(0, 1469.69970703125), (1, 1435.56640625)]","[(0, 1362.8271484375), (1, 1335.7115478515625)]","[(0, 1005.5783081054688), (1, 1439.0994873046875)]","[(0, 949.666259765625), (1, 1135.3427734375)]"
351,"[(0, 1801.9632568359375), (1, 2242.123046875)]","[(0, 2158.006103515625), (1, 2325.16845703125)]","[(0, 4048.0947265625), (1, 3534.588134765625)]","[(0, 3242.045166015625), (1, 3253.5146484375)]","[(0, 6094.5712890625), (1, 3875.815185546875)]","[(0, 5669.7236328125), (1, 5564.57568359375)]","[(0, 2795.533203125), (1, 2720.177734375)]","[(0, 2453.224609375), (1, 1834.7056884765625)]","[(0, 2165.242919921875), (1, 2153.6875)]","[(0, 1284.9927978515625), (1, 1481.09521484375)]","[(0, 1033.2362060546875), (1, 1227.015380859375)]"
352,"[(0, 1457.654052734375), (1, 1773.530029296875)]","[(0, 2247.410888671875), (1, 2397.124755859375)]","[(0, 2485.60693359375), (1, 2773.5322265625)]","[(0, 3173.71875), (1, 2707.26220703125)]","[(0, 3085.069580078125), (1, 1924.376708984375)]","[(0, 3491.0107421875), (1, 3465.244384765625)]","[(0, 3723.217529296875), (1, 3760.504638671875)]","[(0, 2544.52099609375), (1, 3202.923583984375)]","[(0, 3173.727783203125), (1, 3084.46630859375)]","[(0, 1593.766845703125), (1, 1584.220703125)]","[(0, 2438.649169921875), (1, 2397.807373046875)]"
353,"[(0, 2493.341796875), (1, 3393.427490234375)]","[(0, 1666.0439453125), (1, 2245.676513671875)]","[(0, 9486.818359375), (1, 9237.453125)]","[(0, 2761.07568359375), (1, 2665.71337890625)]","[(0, 2884.315673828125), (1, 1798.4593505859375)]","[(0, 6299.60009765625), (1, 6170.71240234375)]","[(0, 6085.59814453125), (1, 6239.15380859375)]","[(0, 2312.64501953125), (1, 1854.6868896484375)]","[(0, 2012.5189208984375), (1, 2830.141357421875)]","[(0, 717.2542724609375), (1, 810.2689819335938)]","[(0, 1079.6217041015625), (1, 1302.931884765625)]"
354,"[(0, 2070.049560546875), (1, 2545.956787109375)]","[(0, 2386.13916015625), (1, 3484.208984375)]","[(0, 4314.775390625), (1, 4034.50927734375)]","[(0, 1861.9068603515625), (1, 1864.28076171875)]","[(0, 1175.4530029296875), (1, 1051.021240234375)]","[(0, 6692.97705078125), (1, 6721.1337890625)]","[(0, 6870.97998046875), (1, 7160.083984375)]","[(0, 1429.96630859375), (1, 1165.3826904296875)]","[(0, 2059.103271484375), (1, 2267.33154296875)]","[(0, 2317.468017578125), (1, 2088.43115234375)]","[(0, 1893.800537109375), (1, 2236.842529296875)]"
355,"[(0, 1401.986572265625), (1, 1730.341796875)]","[(0, 2046.0673828125), (1, 2662.807861328125)]","[(0, 6045.98388671875), (1, 6087.31640625)]","[(0, 3311.156982421875), (1, 3235.475341796875)]","[(0, 1238.989990234375), (1, 1093.3619384765625)]","[(0, 6757.388671875), (1, 6684.0087890625)]","[(0, 6826.15625), (1, 6225.66748046875)]","[(0, 2235.24951171875), (1, 2812.457275390625)]","[(0, 2782.5810546875), (1, 2870.560791015625)]","[(0, 3686.91162109375), (1, 4311.9453125)]","[(0, 1302.212158203125), (1, 1314.552490234375)]"
356,"[(0, 2547.05078125), (1, 3183.704345703125)]","[(0, 1530.155517578125), (1, 1737.9476318359375)]","[(0, 2191.556884765625), (1, 2350.185546875)]","[(0, 2008.846923828125), (1, 2091.296142578125)]","[(0, 4685.6904296875), (1, 2871.477783203125)]","[(0, 3641.470703125), (1, 3653.4296875)]","[(0, 6189.283203125), (1, 5877.54296875)]","[(0, 970.282958984375), (1, 1105.7486572265625)]","[(0, 1546.2027587890625), (1, 1247.6866455078125)]","[(0, 3070.059814453125), (1, 3122.34619140625)]","[(0, 1230.908203125), (1, 1482.3197021484375)]"
357,"[(0, 1350.6060791015625), (1, 1729.8311767578125)]","[(0, 1881.84326171875), (1, 2238.47265625)]","[(0, 2478.406494140625), (1, 2246.60302734375)]","[(0, 1095.8719482421875), (1, 1156.5755615234375)]","[(0, 2190.40380859375), (1, 1530.393310546875)]","[(0, 3951.410888671875), (1, 3964.123046875)]","[(0, 3477.433837890625), (1, 3396.623291015625)]","[(0, 1899.9647216796875), (1, 1804.815673828125)]","[(0, 1662.2294921875), (1, 1207.3720703125)]","[(0, 1150.7779541015625), (1, 1151.919921875)]","[(0, 1910.3746337890625), (1, 2315.681640625)]"
358,"[(0, 1349.7479248046875), (1, 1726.3133544921875)]","[(0, 1626.3251953125), (1, 1696.958984375)]","[(0, 1717.656494140625), (1, 1943.2022705078125)]","[(0, 7557.52294921875), (1, 7395.54638671875)]","[(0, 1058.010009765625), (1, 941.7129516601562)]","[(0, 6286.75048828125), (1, 6133.31591796875)]","[(0, 4188.58935546875), (1, 4264.083984375)]","[(0, 2561.6572265625), (1, 3107.744873046875)]","[(0, 2659.123046875), (1, 2423.10888671875)]","[(0, 2623.230712890625), (1, 3270.331298828125)]","[(0, 1966.56103515625), (1, 1915.9256591796875)]"
359,"[(0, 2297.1943359375), (1, 2852.932861328125)]","[(0, 1807.9268798828125), (1, 1993.2672119140625)]","[(0, 3063.999267578125), (1, 2931.04638671875)]","[(0, 1758.239501953125), (1, 1782.17529296875)]","[(0, 4236.05224609375), (1, 2869.14697265625)]","[(0, 4325.7802734375), (1, 4274.93505859375)]","[(0, 6768.67578125), (1, 8309.05859375)]","[(0, 1588.4052734375), (1, 1758.8096923828125)]","[(0, 2158.14306640625), (1, 2217.981689453125)]","[(0, 2445.4765625), (1, 2207.650390625)]","[(0, 2221.234130859375), (1, 2245.52001953125)]"
360,"[(0, 1625.419677734375), (1, 2138.31689453125)]","[(0, 1429.810791015625), (1, 1455.525146484375)]","[(0, 1740.8829345703125), (1, 1920.4881591796875)]","[(0, 2185.9638671875), (1, 2250.461669921875)]","[(0, 3514.43408203125), (1, 2391.231689453125)]","[(0, 3093.811279296875), (1, 3108.9072265625)]","[(0, 7236.08154296875), (1, 8740.408203125)]","[(0, 1784.5657958984375), (1, 1792.4544677734375)]","[(0, 1654.0933837890625), (1, 2223.677734375)]","[(0, 1350.3929443359375), (1, 1518.3519287109375)]","[(0, 2171.595703125), (1, 2481.5625)]"
361,"[(0, 1539.21435546875), (1, 1919.36669921875)]","[(0, 1785.5777587890625), (1, 1894.419189453125)]","[(0, 2377.618896484375), (1, 2386.1630859375)]","[(0, 2527.18603515625), (1, 2683.822998046875)]","[(0, 2654.39013671875), (1, 2354.602783203125)]","[(0, 3596.743896484375), (1, 3477.460205078125)]","[(0, 2858.882568359375), (1, 2827.16748046875)]","[(0, 2687.434326171875), (1, 1467.715576171875)]","[(0, 4636.50048828125), (1, 4129.33837890625)]","[(0, 1747.345703125), (1, 1294.195068359375)]","[(0, 2768.95751953125), (1, 2756.72900390625)]"
362,"[(0, 1811.026123046875), (1, 2331.596923828125)]","[(0, 1521.4561767578125), (1, 1602.5579833984375)]","[(0, 6981.85205078125), (1, 6863.0888671875)]","[(0, 3083.216552734375), (1, 3058.196044921875)]","[(0, 2093.284423828125), (1, 1829.5443115234375)]","[(0, 6236.38720703125), (1, 6200.5263671875)]","[(0, 4919.205078125), (1, 4918.9560546875)]","[(0, 1771.322509765625), (1, 1497.3197021484375)]","[(0, 1475.7889404296875), (1, 1504.88623046875)]","[(0, 1857.674072265625), (1, 1620.574951171875)]","[(0, 2409.91650390625), (1, 2404.5556640625)]"
363,"[(0, 1268.8538818359375), (1, 1614.3009033203125)]","[(0, 1551.198486328125), (1, 1675.681884765625)]","[(0, 2908.49755859375), (1, 2922.65869140625)]","[(0, 2413.1982421875), (1, 2463.709716796875)]","[(0, 4114.1494140625), (1, 2516.603759765625)]","[(0, 2779.9072265625), (1, 2810.51220703125)]","[(0, 3997.126953125), (1, 4967.1669921875)]","[(0, 2044.2095947265625), (1, 1651.0777587890625)]","[(0, 1535.22314453125), (1, 1217.07080078125)]","[(0, 1751.4197998046875), (1, 1954.2161865234375)]","[(0, 2168.069580078125), (1, 2191.152587890625)]"
364,"[(0, 1852.237060546875), (1, 2413.447998046875)]","[(0, 2419.8388671875), (1, 2548.172119140625)]","[(0, 5602.25927734375), (1, 5122.388671875)]","[(0, 3712.141357421875), (1, 3649.233642578125)]","[(0, 3230.78857421875), (1, 2000.0498046875)]","[(0, 1970.8726806640625), (1, 2034.777099609375)]","[(0, 2996.7607421875), (1, 3703.527587890625)]","[(0, 3484.318603515625), (1, 3402.390625)]","[(0, 879.7005615234375), (1, 914.1717529296875)]","[(0, 1934.99609375), (1, 2461.0078125)]","[(0, 1746.5443115234375), (1, 2072.706298828125)]"
365,"[(0, 2240.931396484375), (1, 2916.9404296875)]","[(0, 2810.8193359375), (1, 3027.958984375)]","[(0, 3656.1376953125), (1, 3296.81396484375)]","[(0, 2258.5234375), (1, 2108.979248046875)]","[(0, 706.9994506835938), (1, 647.9802856445312)]","[(0, 3361.286376953125), (1, 3306.654052734375)]","[(0, 3908.698974609375), (1, 3801.060302734375)]","[(0, 1881.66748046875), (1, 1442.0869140625)]","[(0, 2063.1279296875), (1, 2166.06494140625)]","[(0, 1461.269287109375), (1, 1492.8525390625)]","[(0, 1609.9007568359375), (1, 1960.7762451171875)]"
366,"[(0, 2438.75048828125), (1, 3223.479248046875)]","[(0, 2536.451904296875), (1, 2438.7724609375)]","[(0, 4684.95361328125), (1, 4531.39501953125)]","[(0, 2363.348388671875), (1, 2345.944091796875)]","[(0, 2674.96923828125), (1, 1599.870361328125)]","[(0, 4321.79736328125), (1, 4252.65185546875)]","[(0, 4114.01611328125), (1, 4022.9560546875)]","[(0, 2760.25439453125), (1, 3395.92041015625)]","[(0, 1429.7991943359375), (1, 866.7841796875)]","[(0, 1565.23779296875), (1, 1290.98876953125)]","[(0, 1711.551513671875), (1, 1681.5345458984375)]"
367,"[(0, 3829.572021484375), (1, 4718.18701171875)]","[(0, 2661.3251953125), (1, 2672.829833984375)]","[(0, 3354.62548828125), (1, 2839.682373046875)]","[(0, 2027.4659423828125), (1, 2001.3204345703125)]","[(0, 2187.75537109375), (1, 1306.2669677734375)]","[(0, 1278.4227294921875), (1, 1316.3388671875)]","[(0, 12089.8515625), (1, 13456.447265625)]","[(0, 1019.3377685546875), (1, 817.7653198242188)]","[(0, 2930.6396484375), (1, 1488.0452880859375)]","[(0, 2592.384765625), (1, 1899.6856689453125)]","[(0, 1856.814208984375), (1, 1891.4395751953125)]"
368,"[(0, 1212.134033203125), (1, 1498.0794677734375)]","[(0, 3051.041259765625), (1, 3432.14501953125)]","[(0, 2977.833984375), (1, 2748.111328125)]","[(0, 2922.80078125), (1, 2694.2451171875)]","[(0, 3203.375732421875), (1, 2190.052734375)]","[(0, 4675.01806640625), (1, 4758.48095703125)]","[(0, 8815.818359375), (1, 10061.462890625)]","[(0, 1421.9666748046875), (1, 1404.701416015625)]","[(0, 3815.078369140625), (1, 4491.01025390625)]","[(0, 1477.658447265625), (1, 1133.8436279296875)]","[(0, 1789.65234375), (1, 1806.722900390625)]"
369,"[(0, 1850.7635498046875), (1, 2371.734130859375)]","[(0, 4078.4013671875), (1, 4860.17431640625)]","[(0, 2407.408935546875), (1, 2569.536865234375)]","[(0, 2286.578125), (1, 2180.9892578125)]","[(0, 2480.83154296875), (1, 1728.3380126953125)]","[(0, 2245.7236328125), (1, 2145.672607421875)]","[(0, 3535.107177734375), (1, 3448.520263671875)]","[(0, 1502.265625), (1, 1133.6387939453125)]","[(0, 2324.090087890625), (1, 1880.5166015625)]","[(0, 2658.546142578125), (1, 2232.549072265625)]","[(0, 2600.847412109375), (1, 2551.029052734375)]"
370,"[(0, 1950.295166015625), (1, 2548.351806640625)]","[(0, 3252.7109375), (1, 3318.744384765625)]","[(0, 3995.19091796875), (1, 3681.960693359375)]","[(0, 3490.048583984375), (1, 3585.585693359375)]","[(0, 1794.891845703125), (1, 1627.4910888671875)]","[(0, 2622.45263671875), (1, 2647.10107421875)]","[(0, 2777.601806640625), (1, 2731.916748046875)]","[(0, 1227.2301025390625), (1, 1035.35498046875)]","[(0, 1531.2137451171875), (1, 1020.211181640625)]","[(0, 1325.326416015625), (1, 1989.250732421875)]","[(0, 1577.3350830078125), (1, 1854.39599609375)]"
371,"[(0, 1908.01318359375), (1, 2495.128173828125)]","[(0, 2908.47265625), (1, 3086.081787109375)]","[(0, 2979.416259765625), (1, 2778.010986328125)]","[(0, 3531.2490234375), (1, 3456.5341796875)]","[(0, 5250.16796875), (1, 3320.165771484375)]","[(0, 5322.9169921875), (1, 5428.0009765625)]","[(0, 5918.03955078125), (1, 6575.95361328125)]","[(0, 952.0983276367188), (1, 901.9488525390625)]","[(0, 1649.969482421875), (1, 1574.4150390625)]","[(0, 758.0441284179688), (1, 764.5007934570312)]","[(0, 2228.592529296875), (1, 2201.06103515625)]"
372,"[(0, 2009.7742919921875), (1, 2533.692138671875)]","[(0, 1039.1658935546875), (1, 1270.6854248046875)]","[(0, 2523.12451171875), (1, 2217.420166015625)]","[(0, 2767.45654296875), (1, 2809.15234375)]","[(0, 3376.054931640625), (1, 2293.658935546875)]","[(0, 4967.55029296875), (1, 5153.4931640625)]","[(0, 6393.12548828125), (1, 7033.53125)]","[(0, 1569.2156982421875), (1, 1986.0120849609375)]","[(0, 1793.763427734375), (1, 1860.6483154296875)]","[(0, 1815.728271484375), (1, 1657.556396484375)]","[(0, 2045.8087158203125), (1, 2015.6661376953125)]"
373,"[(0, 1659.483642578125), (1, 2163.32958984375)]","[(0, 2180.82080078125), (1, 2338.001953125)]","[(0, 3079.27294921875), (1, 2477.056884765625)]","[(0, 2293.7529296875), (1, 2414.84765625)]","[(0, 1905.59375), (1, 1684.8974609375)]","[(0, 5473.171875), (1, 5311.8369140625)]","[(0, 3326.736328125), (1, 3197.16796875)]","[(0, 677.5692138671875), (1, 928.0835571289062)]","[(0, 842.40380859375), (1, 1143.2706298828125)]","[(0, 1833.1334228515625), (1, 1423.1060791015625)]","[(0, 2602.519775390625), (1, 2653.634765625)]"
374,"[(0, 1681.311767578125), (1, 2073.2470703125)]","[(0, 1112.050537109375), (1, 1093.409423828125)]","[(0, 5292.99072265625), (1, 5350.87451171875)]","[(0, 2772.7744140625), (1, 2870.91796875)]","[(0, 3504.04931640625), (1, 2252.84521484375)]","[(0, 5032.9267578125), (1, 4923.865234375)]","[(0, 2199.736083984375), (1, 2213.00048828125)]","[(0, 2567.302978515625), (1, 1464.676513671875)]","[(0, 672.1405639648438), (1, 587.10693359375)]","[(0, 1254.410888671875), (1, 966.8519287109375)]","[(0, 2908.691650390625), (1, 2902.51220703125)]"
375,"[(0, 2587.75439453125), (1, 3193.76416015625)]","[(0, 1609.9261474609375), (1, 1692.660400390625)]","[(0, 5386.03173828125), (1, 4807.30517578125)]","[(0, 3060.106689453125), (1, 3056.402587890625)]","[(0, 2256.046630859375), (1, 1939.849853515625)]","[(0, 6516.25341796875), (1, 6449.24267578125)]","[(0, 6875.3916015625), (1, 9145.9814453125)]","[(0, 1059.01953125), (1, 899.3711547851562)]","[(0, 1940.230224609375), (1, 2007.4459228515625)]","[(0, 1720.7232666015625), (1, 2041.327392578125)]","[(0, 2576.252685546875), (1, 2574.6474609375)]"
376,"[(0, 2087.604736328125), (1, 2822.30615234375)]","[(0, 1420.44384765625), (1, 1341.5430908203125)]","[(0, 7609.8564453125), (1, 7547.87841796875)]","[(0, 2382.433837890625), (1, 2484.115234375)]","[(0, 1863.4150390625), (1, 1649.6690673828125)]","[(0, 2773.686767578125), (1, 2865.5263671875)]","[(0, 5177.681640625), (1, 6118.8388671875)]","[(0, 1334.6954345703125), (1, 1085.9241943359375)]","[(0, 2123.583984375), (1, 1513.367431640625)]","[(0, 1357.0059814453125), (1, 1798.115478515625)]","[(0, 1812.109375), (1, 1817.05859375)]"
377,"[(0, 2845.795654296875), (1, 3597.64599609375)]","[(0, 1689.3109130859375), (1, 1695.27099609375)]","[(0, 4174.265625), (1, 3803.0400390625)]","[(0, 4767.38427734375), (1, 4987.787109375)]","[(0, 3429.753173828125), (1, 2029.2901611328125)]","[(0, 5120.23486328125), (1, 5063.0732421875)]","[(0, 3555.878173828125), (1, 3462.50927734375)]","[(0, 1737.7396240234375), (1, 1708.05078125)]","[(0, 1833.4420166015625), (1, 2450.347412109375)]","[(0, 912.9955444335938), (1, 1232.6368408203125)]","[(0, 899.89111328125), (1, 1094.4725341796875)]"
378,"[(0, 1431.358642578125), (1, 1867.2325439453125)]","[(0, 2683.28564453125), (1, 2494.402587890625)]","[(0, 4125.724609375), (1, 3668.239501953125)]","[(0, 2908.50439453125), (1, 2581.409912109375)]","[(0, 3202.42578125), (1, 2010.2506103515625)]","[(0, 5305.650390625), (1, 5295.24755859375)]","[(0, 6199.44970703125), (1, 6217.8466796875)]","[(0, 2240.073486328125), (1, 1992.958251953125)]","[(0, 1359.273193359375), (1, 1423.4705810546875)]","[(0, 1901.43017578125), (1, 1950.989013671875)]","[(0, 1277.34716796875), (1, 1529.3385009765625)]"
379,"[(0, 1300.12109375), (1, 1630.4708251953125)]","[(0, 2839.92333984375), (1, 3317.66845703125)]","[(0, 4830.82666015625), (1, 4390.63818359375)]","[(0, 1714.623779296875), (1, 1788.10498046875)]","[(0, 3089.627197265625), (1, 1931.1458740234375)]","[(0, 2547.47216796875), (1, 2517.816162109375)]","[(0, 4383.8935546875), (1, 4911.025390625)]","[(0, 1914.899169921875), (1, 1931.5419921875)]","[(0, 998.5015258789062), (1, 1351.798095703125)]","[(0, 876.5174560546875), (1, 1590.6290283203125)]","[(0, 1725.2486572265625), (1, 1749.9605712890625)]"
380,"[(0, 1932.4310302734375), (1, 2538.533203125)]","[(0, 2510.9736328125), (1, 2641.51513671875)]","[(0, 3007.48291015625), (1, 2410.5703125)]","[(0, 2207.944091796875), (1, 2204.91845703125)]","[(0, 908.1680908203125), (1, 817.6931762695312)]","[(0, 4952.57861328125), (1, 4954.5771484375)]","[(0, 5319.64892578125), (1, 6076.26123046875)]","[(0, 1485.9940185546875), (1, 1454.00537109375)]","[(0, 1771.86474609375), (1, 1743.0018310546875)]","[(0, 1309.8446044921875), (1, 1098.6702880859375)]","[(0, 2266.578125), (1, 2599.136474609375)]"
381,"[(0, 1724.6497802734375), (1, 2249.756591796875)]","[(0, 1536.9818115234375), (1, 1541.422119140625)]","[(0, 3048.941162109375), (1, 2960.541259765625)]","[(0, 3316.0615234375), (1, 3240.14404296875)]","[(0, 1000.364013671875), (1, 900.4666748046875)]","[(0, 4946.40966796875), (1, 4863.47607421875)]","[(0, 6792.64111328125), (1, 6692.10888671875)]","[(0, 2391.63427734375), (1, 1679.1060791015625)]","[(0, 2339.7841796875), (1, 2087.250244140625)]","[(0, 1012.9608154296875), (1, 1035.6990966796875)]","[(0, 1979.770751953125), (1, 2009.564453125)]"
382,"[(0, 1825.6436767578125), (1, 2421.943359375)]","[(0, 1725.7166748046875), (1, 1937.110107421875)]","[(0, 2719.374755859375), (1, 2730.13671875)]","[(0, 2885.65283203125), (1, 2905.76953125)]","[(0, 5022.68994140625), (1, 3306.139892578125)]","[(0, 4057.4482421875), (1, 4151.1572265625)]","[(0, 4861.03662109375), (1, 4858.927734375)]","[(0, 2204.13330078125), (1, 1850.4307861328125)]","[(0, 1789.761474609375), (1, 1123.031494140625)]","[(0, 1891.087890625), (1, 1780.2965087890625)]","[(0, 2852.458251953125), (1, 2850.7353515625)]"
383,"[(0, 2516.927978515625), (1, 3460.875244140625)]","[(0, 2293.13720703125), (1, 2688.117431640625)]","[(0, 3115.31494140625), (1, 2744.421142578125)]","[(0, 2726.1728515625), (1, 2729.453369140625)]","[(0, 3288.254638671875), (1, 2162.997314453125)]","[(0, 5581.908203125), (1, 5489.701171875)]","[(0, 5749.2578125), (1, 5859.69482421875)]","[(0, 1860.9580078125), (1, 1723.4700927734375)]","[(0, 916.3692016601562), (1, 814.7562255859375)]","[(0, 2165.70751953125), (1, 1983.0823974609375)]","[(0, 2704.311767578125), (1, 2779.4130859375)]"
384,"[(0, 1651.9068603515625), (1, 2138.38818359375)]","[(0, 1895.57666015625), (1, 2003.5137939453125)]","[(0, 2572.268310546875), (1, 2393.447021484375)]","[(0, 2415.865966796875), (1, 2387.5244140625)]","[(0, 1553.4798583984375), (1, 1372.3101806640625)]","[(0, 4107.37548828125), (1, 4225.5859375)]","[(0, 5918.4794921875), (1, 6559.41845703125)]","[(0, 1653.37353515625), (1, 2044.659912109375)]","[(0, 2233.7802734375), (1, 2021.84814453125)]","[(0, 1078.9747314453125), (1, 1664.572509765625)]","[(0, 2315.08984375), (1, 2321.57568359375)]"
385,"[(0, 1705.891357421875), (1, 2137.128173828125)]","[(0, 1262.2242431640625), (1, 1287.673828125)]","[(0, 2159.435791015625), (1, 1925.15771484375)]","[(0, 3951.135498046875), (1, 3694.80322265625)]","[(0, 1690.530029296875), (1, 1506.7005615234375)]","[(0, 2964.341064453125), (1, 2849.10205078125)]","[(0, 3260.546875), (1, 3286.85595703125)]","[(0, 1181.33447265625), (1, 1034.89892578125)]","[(0, 1125.1976318359375), (1, 1104.2496337890625)]","[(0, 2528.680908203125), (1, 3339.434814453125)]","[(0, 1875.0477294921875), (1, 2176.626953125)]"
386,"[(0, 1457.114013671875), (1, 1817.295166015625)]","[(0, 514.4271240234375), (1, 437.8179931640625)]","[(0, 4069.6787109375), (1, 3595.5537109375)]","[(0, 1957.5401611328125), (1, 1947.5574951171875)]","[(0, 3944.306396484375), (1, 2407.99560546875)]","[(0, 2202.968017578125), (1, 2213.92822265625)]","[(0, 3544.91796875), (1, 3632.28955078125)]","[(0, 1639.891357421875), (1, 2103.106201171875)]","[(0, 2132.42236328125), (1, 1801.2708740234375)]","[(0, 1506.0684814453125), (1, 1475.0213623046875)]","[(0, 1349.593994140625), (1, 1610.861328125)]"
387,"[(0, 1492.4296875), (1, 1972.38916015625)]","[(0, 1152.322021484375), (1, 1552.48828125)]","[(0, 2124.11181640625), (1, 2006.937744140625)]","[(0, 3734.51171875), (1, 3582.578125)]","[(0, 3348.466064453125), (1, 2007.9542236328125)]","[(0, 4417.53125), (1, 4417.720703125)]","[(0, 5168.1943359375), (1, 5972.373046875)]","[(0, 1448.498291015625), (1, 1592.3092041015625)]","[(0, 1028.0186767578125), (1, 1153.08154296875)]","[(0, 1609.8984375), (1, 1968.9854736328125)]","[(0, 2398.609130859375), (1, 2373.55224609375)]"
388,"[(0, 1483.12841796875), (1, 1923.711669921875)]","[(0, 1557.4747314453125), (1, 2225.378173828125)]","[(0, 5495.93505859375), (1, 5254.7255859375)]","[(0, 5457.2802734375), (1, 5307.765625)]","[(0, 1180.332763671875), (1, 1049.953857421875)]","[(0, 5616.1240234375), (1, 5807.8984375)]","[(0, 4163.94384765625), (1, 4625.56591796875)]","[(0, 1569.1214599609375), (1, 1718.59619140625)]","[(0, 1062.181396484375), (1, 1162.9967041015625)]","[(0, 2981.248046875), (1, 2681.97705078125)]","[(0, 2173.556884765625), (1, 2166.186767578125)]"
389,"[(0, 1785.337646484375), (1, 2212.26611328125)]","[(0, 1380.0093994140625), (1, 1779.8245849609375)]","[(0, 2105.398193359375), (1, 2181.710205078125)]","[(0, 6440.607421875), (1, 6468.60302734375)]","[(0, 1013.5667114257812), (1, 911.0671997070312)]","[(0, 4516.69580078125), (1, 4374.35498046875)]","[(0, 4869.09619140625), (1, 5011.7802734375)]","[(0, 1428.5072021484375), (1, 1180.4644775390625)]","[(0, 1122.7198486328125), (1, 1339.11572265625)]","[(0, 1776.62451171875), (1, 1808.8546142578125)]","[(0, 1483.9923095703125), (1, 1766.3798828125)]"
390,"[(0, 2113.5166015625), (1, 2778.053466796875)]","[(0, 1059.3973388671875), (1, 1258.5599365234375)]","[(0, 4065.81884765625), (1, 3975.7119140625)]","[(0, 5213.08740234375), (1, 5187.59619140625)]","[(0, 7146.140625), (1, 4511.25830078125)]","[(0, 3355.69091796875), (1, 3262.739501953125)]","[(0, 5199.41357421875), (1, 5426.69140625)]","[(0, 1743.9454345703125), (1, 1771.616455078125)]","[(0, 1031.2496337890625), (1, 1423.8792724609375)]","[(0, 1154.3826904296875), (1, 1443.0335693359375)]","[(0, 1646.4117431640625), (1, 1610.20556640625)]"
391,"[(0, 2514.71337890625), (1, 3418.80029296875)]","[(0, 601.8316040039062), (1, 717.3397827148438)]","[(0, 1224.9237060546875), (1, 1137.4046630859375)]","[(0, 1872.308349609375), (1, 1882.3404541015625)]","[(0, 5947.94287109375), (1, 3770.976806640625)]","[(0, 5747.9697265625), (1, 5827.87255859375)]","[(0, 3439.62548828125), (1, 3305.433837890625)]","[(0, 2595.286376953125), (1, 2795.510498046875)]","[(0, 2215.330810546875), (1, 2649.6240234375)]","[(0, 1393.248291015625), (1, 1312.8316650390625)]","[(0, 2868.779052734375), (1, 2778.79150390625)]"
392,"[(0, 1866.180419921875), (1, 2447.06298828125)]","[(0, 701.5731201171875), (1, 891.6903686523438)]","[(0, 3860.958984375), (1, 3643.825927734375)]","[(0, 3729.383056640625), (1, 3921.943115234375)]","[(0, 5697.53515625), (1, 3519.918212890625)]","[(0, 5920.833984375), (1, 6183.0244140625)]","[(0, 1848.1187744140625), (1, 1926.3956298828125)]","[(0, 1347.6732177734375), (1, 1160.402099609375)]","[(0, 867.3270263671875), (1, 1075.885986328125)]","[(0, 956.0886840820312), (1, 1376.657470703125)]","[(0, 2428.232666015625), (1, 2858.333251953125)]"
393,"[(0, 1573.69287109375), (1, 2020.970947265625)]","[(0, 736.4283447265625), (1, 902.1432495117188)]","[(0, 3022.929931640625), (1, 2807.1103515625)]","[(0, 3452.15283203125), (1, 3497.79248046875)]","[(0, 5431.8583984375), (1, 3422.173095703125)]","[(0, 6193.13916015625), (1, 6080.51611328125)]","[(0, 2664.3232421875), (1, 2678.867431640625)]","[(0, 2616.135498046875), (1, 2001.4608154296875)]","[(0, 1763.0164794921875), (1, 2230.8603515625)]","[(0, 2207.976806640625), (1, 2345.36474609375)]","[(0, 3231.47265625), (1, 3202.657958984375)]"
394,"[(0, 2648.363525390625), (1, 3331.613037109375)]","[(0, 759.7970581054688), (1, 763.614013671875)]","[(0, 3824.013916015625), (1, 3617.086669921875)]","[(0, 2356.07958984375), (1, 2478.70068359375)]","[(0, 3241.19189453125), (1, 2809.548828125)]","[(0, 7498.2099609375), (1, 7487.24169921875)]","[(0, 3338.855224609375), (1, 3450.266845703125)]","[(0, 2124.11279296875), (1, 1795.328369140625)]","[(0, 2648.57080078125), (1, 3476.84375)]","[(0, 1371.6219482421875), (1, 1808.275146484375)]","[(0, 1390.0643310546875), (1, 1636.0267333984375)]"
395,"[(0, 1661.5091552734375), (1, 2084.09765625)]","[(0, 1457.2474365234375), (1, 1528.60498046875)]","[(0, 3108.13916015625), (1, 2999.63134765625)]","[(0, 2233.29443359375), (1, 2105.028564453125)]","[(0, 2533.961669921875), (1, 1839.1807861328125)]","[(0, 7596.83349609375), (1, 7650.02978515625)]","[(0, 4242.01904296875), (1, 4094.03955078125)]","[(0, 1389.4481201171875), (1, 1231.969970703125)]","[(0, 2801.987060546875), (1, 2381.9228515625)]","[(0, 1846.866943359375), (1, 1857.99755859375)]","[(0, 2262.50830078125), (1, 2270.1767578125)]"
396,"[(0, 1828.87353515625), (1, 2380.549072265625)]","[(0, 2008.28662109375), (1, 2219.410888671875)]","[(0, 1907.490966796875), (1, 1731.954833984375)]","[(0, 3262.2138671875), (1, 3252.6552734375)]","[(0, 2743.322265625), (1, 1928.68603515625)]","[(0, 3906.84326171875), (1, 4007.63134765625)]","[(0, 5381.12890625), (1, 5467.005859375)]","[(0, 1084.518798828125), (1, 814.4781494140625)]","[(0, 1225.9931640625), (1, 1135.9764404296875)]","[(0, 4105.91845703125), (1, 2141.97314453125)]","[(0, 2408.010498046875), (1, 2698.24365234375)]"
397,"[(0, 1329.8348388671875), (1, 1625.1630859375)]","[(0, 1684.957763671875), (1, 1601.789306640625)]","[(0, 1117.5118408203125), (1, 1000.0067138671875)]","[(0, 2296.73193359375), (1, 2285.807373046875)]","[(0, 1631.484130859375), (1, 1476.1295166015625)]","[(0, 3732.71728515625), (1, 3614.814453125)]","[(0, 3496.018310546875), (1, 3566.4267578125)]","[(0, 913.0377807617188), (1, 750.9677124023438)]","[(0, 1784.1300048828125), (1, 1805.7900390625)]","[(0, 1739.69873046875), (1, 1967.502685546875)]","[(0, 3251.25634765625), (1, 3259.9931640625)]"
398,"[(0, 2226.116943359375), (1, 2902.962158203125)]","[(0, 1624.0809326171875), (1, 1621.40673828125)]","[(0, 2732.54638671875), (1, 2603.385986328125)]","[(0, 3003.572998046875), (1, 3033.661865234375)]","[(0, 2311.8544921875), (1, 2011.5643310546875)]","[(0, 2923.146484375), (1, 2914.049072265625)]","[(0, 3385.48876953125), (1, 3341.419677734375)]","[(0, 1115.0589599609375), (1, 1326.936279296875)]","[(0, 3472.658447265625), (1, 3144.04541015625)]","[(0, 2283.79541015625), (1, 1890.12060546875)]","[(0, 1489.2357177734375), (1, 1735.2894287109375)]"
399,"[(0, 2460.03173828125), (1, 3189.919677734375)]","[(0, 639.0927734375), (1, 690.2899780273438)]","[(0, 3318.434326171875), (1, 3127.728515625)]","[(0, 1641.4395751953125), (1, 1678.5841064453125)]","[(0, 4888.9267578125), (1, 3028.13818359375)]","[(0, 4509.400390625), (1, 4528.04248046875)]","[(0, 4478.751953125), (1, 4518.80224609375)]","[(0, 826.7371826171875), (1, 914.7277221679688)]","[(0, 2947.398193359375), (1, 2259.541259765625)]","[(0, 2509.215576171875), (1, 2442.980224609375)]","[(0, 999.3255615234375), (1, 1217.46435546875)]"
400,"[(0, 2107.668212890625), (1, 2715.552490234375)]","[(0, 547.3578491210938), (1, 480.106689453125)]","[(0, 1630.735107421875), (1, 1658.343017578125)]","[(0, 2618.1171875), (1, 2731.04296875)]","[(0, 3745.622314453125), (1, 2345.94091796875)]","[(0, 1291.015869140625), (1, 1320.920654296875)]","[(0, 4260.9130859375), (1, 4252.28271484375)]","[(0, 2285.441162109375), (1, 2341.95947265625)]","[(0, 772.5139770507812), (1, 685.491455078125)]","[(0, 1788.4595947265625), (1, 1884.8985595703125)]","[(0, 2698.888427734375), (1, 3171.4375)]"
401,"[(0, 1619.505126953125), (1, 2151.013916015625)]","[(0, 911.8995361328125), (1, 816.1845092773438)]","[(0, 3674.35595703125), (1, 3134.30078125)]","[(0, 2042.3233642578125), (1, 2039.963134765625)]","[(0, 2851.421875), (1, 2442.815673828125)]","[(0, 3113.313232421875), (1, 3011.431884765625)]","[(0, 2299.0791015625), (1, 2304.962890625)]","[(0, 1348.042724609375), (1, 1237.5538330078125)]","[(0, 1374.399169921875), (1, 1672.4473876953125)]","[(0, 1066.0733642578125), (1, 1549.9429931640625)]","[(0, 3571.45703125), (1, 3517.50537109375)]"
402,"[(0, 1385.0321044921875), (1, 1786.3731689453125)]","[(0, 1199.419921875), (1, 1132.5382080078125)]","[(0, 3710.067626953125), (1, 3422.212158203125)]","[(0, 3195.168212890625), (1, 2918.8759765625)]","[(0, 2149.950439453125), (1, 1849.1263427734375)]","[(0, 2503.348876953125), (1, 2505.65966796875)]","[(0, 2216.261474609375), (1, 2170.75390625)]","[(0, 1321.419677734375), (1, 1360.6129150390625)]","[(0, 1468.35400390625), (1, 1884.2811279296875)]","[(0, 2019.5924072265625), (1, 1926.3994140625)]","[(0, 1408.014892578125), (1, 1665.3585205078125)]"
403,"[(0, 2390.04833984375), (1, 3114.046630859375)]","[(0, 1149.2978515625), (1, 1006.7509155273438)]","[(0, 6009.81396484375), (1, 5838.86572265625)]","[(0, 2408.17138671875), (1, 2434.072021484375)]","[(0, 5239.138671875), (1, 3352.904541015625)]","[(0, 4558.52392578125), (1, 4679.4072265625)]","[(0, 4986.55078125), (1, 4814.50390625)]","[(0, 1669.7802734375), (1, 1758.0081787109375)]","[(0, 1018.4899291992188), (1, 722.6040649414062)]","[(0, 1199.083740234375), (1, 1541.6617431640625)]","[(0, 1363.9473876953125), (1, 1606.05615234375)]"
404,"[(0, 2017.895263671875), (1, 2517.831787109375)]","[(0, 1383.2738037109375), (1, 1284.35986328125)]","[(0, 3918.021728515625), (1, 4034.363037109375)]","[(0, 5445.28173828125), (1, 5498.65576171875)]","[(0, 4149.2216796875), (1, 2693.8134765625)]","[(0, 5654.74462890625), (1, 5565.00537109375)]","[(0, 6113.880859375), (1, 6182.0517578125)]","[(0, 1955.9632568359375), (1, 1689.794189453125)]","[(0, 683.5125732421875), (1, 648.6161499023438)]","[(0, 2055.412841796875), (1, 1435.207763671875)]","[(0, 1835.072265625), (1, 2145.6953125)]"
405,"[(0, 2174.8798828125), (1, 2934.913330078125)]","[(0, 1179.2666015625), (1, 1614.2977294921875)]","[(0, 6929.36181640625), (1, 6982.50439453125)]","[(0, 4387.54931640625), (1, 4510.97021484375)]","[(0, 4315.5), (1, 3864.1083984375)]","[(0, 2877.16845703125), (1, 2885.551025390625)]","[(0, 8904.9638671875), (1, 9206.78515625)]","[(0, 1917.9842529296875), (1, 1761.66015625)]","[(0, 2414.85693359375), (1, 2444.025146484375)]","[(0, 2562.128662109375), (1, 2268.1640625)]","[(0, 2545.414306640625), (1, 2599.11181640625)]"
406,"[(0, 2732.393798828125), (1, 3486.605712890625)]","[(0, 1609.33056640625), (1, 2381.216552734375)]","[(0, 3680.594970703125), (1, 3621.169921875)]","[(0, 3658.823486328125), (1, 3828.501953125)]","[(0, 1564.177490234375), (1, 996.545654296875)]","[(0, 3546.963623046875), (1, 3496.368408203125)]","[(0, 11993.640625), (1, 12474.9453125)]","[(0, 3207.75341796875), (1, 2460.02001953125)]","[(0, 2132.173095703125), (1, 2076.41015625)]","[(0, 1070.257080078125), (1, 1150.2073974609375)]","[(0, 1529.7506103515625), (1, 1801.9169921875)]"
407,"[(0, 1594.1339111328125), (1, 1990.8505859375)]","[(0, 1382.6380615234375), (1, 1852.3536376953125)]","[(0, 1384.8603515625), (1, 1292.213134765625)]","[(0, 5246.3837890625), (1, 5281.982421875)]","[(0, 583.6529541015625), (1, 505.93756103515625)]","[(0, 5779.87353515625), (1, 5917.68408203125)]","[(0, 3411.56298828125), (1, 3513.526123046875)]","[(0, 1122.799560546875), (1, 1090.68701171875)]","[(0, 1144.5655517578125), (1, 1612.3568115234375)]","[(0, 1799.1292724609375), (1, 1914.3604736328125)]","[(0, 1592.2066650390625), (1, 1868.7174072265625)]"
408,"[(0, 2488.036376953125), (1, 3090.552490234375)]","[(0, 1135.4412841796875), (1, 1441.8759765625)]","[(0, 2113.97998046875), (1, 1823.9886474609375)]","[(0, 3567.542236328125), (1, 3436.5927734375)]","[(0, 772.0562133789062), (1, 667.84521484375)]","[(0, 4420.51953125), (1, 4290.921875)]","[(0, 3189.91650390625), (1, 3283.1845703125)]","[(0, 2097.71484375), (1, 1509.39501953125)]","[(0, 2223.1181640625), (1, 1822.641845703125)]","[(0, 1985.6163330078125), (1, 1132.33837890625)]","[(0, 2077.836181640625), (1, 2076.748779296875)]"
409,"[(0, 1704.921142578125), (1, 2208.540283203125)]","[(0, 1552.9510498046875), (1, 2124.963623046875)]","[(0, 1774.22021484375), (1, 1797.9833984375)]","[(0, 1023.1268920898438), (1, 1006.80908203125)]","[(0, 3066.259033203125), (1, 1808.1234130859375)]","[(0, 3995.876953125), (1, 3986.532470703125)]","[(0, 3279.976806640625), (1, 3270.961669921875)]","[(0, 2175.781005859375), (1, 2669.810791015625)]","[(0, 2361.179931640625), (1, 3050.017333984375)]","[(0, 1592.308349609375), (1, 1667.590576171875)]","[(0, 1135.498779296875), (1, 1353.289794921875)]"
410,"[(0, 1540.03515625), (1, 2015.2740478515625)]","[(0, 1370.6136474609375), (1, 1679.9918212890625)]","[(0, 3157.768798828125), (1, 3015.96728515625)]","[(0, 3819.7236328125), (1, 4051.806640625)]","[(0, 2066.8037109375), (1, 1674.68896484375)]","[(0, 7354.9345703125), (1, 7240.7822265625)]","[(0, 4980.77587890625), (1, 5180.72900390625)]","[(0, 1111.7005615234375), (1, 937.6882934570312)]","[(0, 1087.4072265625), (1, 1465.395263671875)]","[(0, 1913.5518798828125), (1, 1401.830810546875)]","[(0, 1088.7691650390625), (1, 1295.0772705078125)]"
411,"[(0, 2209.302978515625), (1, 2926.42529296875)]","[(0, 1047.2972412109375), (1, 1179.42919921875)]","[(0, 2460.344970703125), (1, 2302.45166015625)]","[(0, 3338.170654296875), (1, 3372.122802734375)]","[(0, 3688.451904296875), (1, 2307.93115234375)]","[(0, 2889.834716796875), (1, 2974.801025390625)]","[(0, 1767.620849609375), (1, 1802.3182373046875)]","[(0, 1643.48291015625), (1, 1510.7509765625)]","[(0, 1156.8817138671875), (1, 1140.2169189453125)]","[(0, 1446.322265625), (1, 1362.942138671875)]","[(0, 1229.4493408203125), (1, 1483.9136962890625)]"
412,"[(0, 1917.525146484375), (1, 2531.576416015625)]","[(0, 832.0692138671875), (1, 780.1571044921875)]","[(0, 3938.716796875), (1, 3764.199951171875)]","[(0, 2317.034912109375), (1, 2343.230712890625)]","[(0, 2517.436767578125), (1, 1709.3975830078125)]","[(0, 6186.6455078125), (1, 6125.61181640625)]","[(0, 2793.241455078125), (1, 2805.8095703125)]","[(0, 1441.843505859375), (1, 1585.0882568359375)]","[(0, 2074.021240234375), (1, 1785.5291748046875)]","[(0, 2873.04736328125), (1, 2219.38134765625)]","[(0, 3403.62744140625), (1, 3351.58447265625)]"
413,"[(0, 1797.93017578125), (1, 2354.8486328125)]","[(0, 1955.765625), (1, 1970.22802734375)]","[(0, 2328.591552734375), (1, 2471.35986328125)]","[(0, 2619.4482421875), (1, 2692.436767578125)]","[(0, 962.49267578125), (1, 871.1045532226562)]","[(0, 6795.025390625), (1, 6907.67431640625)]","[(0, 2648.766357421875), (1, 4108.73095703125)]","[(0, 997.1036987304688), (1, 1581.1461181640625)]","[(0, 3235.484619140625), (1, 3367.87060546875)]","[(0, 1490.0242919921875), (1, 1611.759521484375)]","[(0, 2158.541259765625), (1, 2452.118408203125)]"
414,"[(0, 1679.3182373046875), (1, 2115.43408203125)]","[(0, 2804.318359375), (1, 2983.594482421875)]","[(0, 2868.787353515625), (1, 2987.099365234375)]","[(0, 2417.36962890625), (1, 2416.375)]","[(0, 962.213623046875), (1, 891.6516723632812)]","[(0, 1989.69189453125), (1, 2019.541259765625)]","[(0, 4201.0673828125), (1, 6479.08642578125)]","[(0, 1731.7061767578125), (1, 1565.57666015625)]","[(0, 1760.5147705078125), (1, 1760.341796875)]","[(0, 1531.527099609375), (1, 1538.4989013671875)]","[(0, 2523.036865234375), (1, 2468.49560546875)]"
415,"[(0, 2022.6541748046875), (1, 2569.0615234375)]","[(0, 2248.75927734375), (1, 2048.762939453125)]","[(0, 3781.489013671875), (1, 3518.582275390625)]","[(0, 1950.492431640625), (1, 1854.1865234375)]","[(0, 4048.57763671875), (1, 2847.833251953125)]","[(0, 4304.75927734375), (1, 4362.2158203125)]","[(0, 2784.73388671875), (1, 2696.117431640625)]","[(0, 728.9614868164062), (1, 981.4690551757812)]","[(0, 2267.716552734375), (1, 2506.010986328125)]","[(0, 1608.134521484375), (1, 2212.89404296875)]","[(0, 2286.926025390625), (1, 2647.993408203125)]"
416,"[(0, 2179.87890625), (1, 2901.875732421875)]","[(0, 1678.4031982421875), (1, 1610.6109619140625)]","[(0, 2363.2109375), (1, 2263.533203125)]","[(0, 3102.651611328125), (1, 3245.45703125)]","[(0, 3777.275390625), (1, 2660.102294921875)]","[(0, 6164.3662109375), (1, 6319.6318359375)]","[(0, 3666.651611328125), (1, 3797.230712890625)]","[(0, 956.1602783203125), (1, 1355.6827392578125)]","[(0, 2652.2255859375), (1, 1708.0548095703125)]","[(0, 2140.250732421875), (1, 2190.3095703125)]","[(0, 2585.42578125), (1, 2581.49365234375)]"
417,"[(0, 1468.56396484375), (1, 1890.849853515625)]","[(0, 1072.3836669921875), (1, 1365.5802001953125)]","[(0, 1488.4853515625), (1, 1183.38720703125)]","[(0, 4207.32958984375), (1, 4317.3974609375)]","[(0, 1668.2037353515625), (1, 1510.1668701171875)]","[(0, 3901.593017578125), (1, 3980.00634765625)]","[(0, 4768.93017578125), (1, 5163.15478515625)]","[(0, 2005.5439453125), (1, 2709.523681640625)]","[(0, 2372.830078125), (1, 2483.16162109375)]","[(0, 1414.5128173828125), (1, 1693.953125)]","[(0, 2705.17431640625), (1, 2702.338134765625)]"
418,"[(0, 1058.25634765625), (1, 1342.25390625)]","[(0, 1590.7352294921875), (1, 2220.902587890625)]","[(0, 4958.62841796875), (1, 4650.7294921875)]","[(0, 1471.74951171875), (1, 1513.4591064453125)]","[(0, 1554.5772705078125), (1, 1437.1903076171875)]","[(0, 3995.255615234375), (1, 4082.316162109375)]","[(0, 6200.11865234375), (1, 6758.22021484375)]","[(0, 3137.426025390625), (1, 3479.93505859375)]","[(0, 2338.423095703125), (1, 2001.087646484375)]","[(0, 888.1568603515625), (1, 1328.573486328125)]","[(0, 1243.695068359375), (1, 1469.48095703125)]"
419,"[(0, 2180.044189453125), (1, 2821.75732421875)]","[(0, 1313.3262939453125), (1, 1625.397216796875)]","[(0, 2255.349609375), (1, 2047.375)]","[(0, 2211.379150390625), (1, 2226.3642578125)]","[(0, 2750.427978515625), (1, 1728.7847900390625)]","[(0, 4104.08984375), (1, 4049.044921875)]","[(0, 4501.69189453125), (1, 5141.48583984375)]","[(0, 828.1497192382812), (1, 954.4756469726562)]","[(0, 1470.6783447265625), (1, 1513.258544921875)]","[(0, 2721.156005859375), (1, 1769.4019775390625)]","[(0, 1815.59326171875), (1, 1815.8251953125)]"
420,"[(0, 2291.380859375), (1, 2904.81494140625)]","[(0, 1047.838134765625), (1, 1199.1397705078125)]","[(0, 1867.3492431640625), (1, 2158.258056640625)]","[(0, 3991.161865234375), (1, 4054.0869140625)]","[(0, 2906.16845703125), (1, 1811.7197265625)]","[(0, 5853.03759765625), (1, 5905.91796875)]","[(0, 6668.8486328125), (1, 7262.54638671875)]","[(0, 1927.6470947265625), (1, 1939.8599853515625)]","[(0, 1185.5560302734375), (1, 1469.666748046875)]","[(0, 2496.03125), (1, 2462.135986328125)]","[(0, 1887.4825439453125), (1, 1887.5068359375)]"
421,"[(0, 1247.218505859375), (1, 1553.9932861328125)]","[(0, 650.888427734375), (1, 570.71337890625)]","[(0, 1997.73828125), (1, 1722.1820068359375)]","[(0, 2042.461669921875), (1, 2160.4833984375)]","[(0, 1701.7908935546875), (1, 1457.7652587890625)]","[(0, 5978.248046875), (1, 5932.720703125)]","[(0, 4708.2216796875), (1, 4514.0517578125)]","[(0, 2019.1783447265625), (1, 2779.252685546875)]","[(0, 872.92333984375), (1, 970.93505859375)]","[(0, 1639.3157958984375), (1, 1772.780029296875)]","[(0, 2499.23388671875), (1, 2499.30322265625)]"
422,"[(0, 2028.3961181640625), (1, 2454.843017578125)]","[(0, 2262.974365234375), (1, 2359.2587890625)]","[(0, 1863.932373046875), (1, 1802.8717041015625)]","[(0, 1283.1527099609375), (1, 1346.220458984375)]","[(0, 6003.30078125), (1, 3871.91748046875)]","[(0, 5951.4833984375), (1, 5949.6279296875)]","[(0, 3570.186767578125), (1, 3733.08740234375)]","[(0, 1541.453125), (1, 2147.24072265625)]","[(0, 1185.9976806640625), (1, 1451.4249267578125)]","[(0, 2229.365234375), (1, 1979.928466796875)]","[(0, 1356.1707763671875), (1, 1528.5526123046875)]"
423,"[(0, 1430.2266845703125), (1, 1811.6177978515625)]","[(0, 3113.473388671875), (1, 3452.25830078125)]","[(0, 2571.9443359375), (1, 2324.036865234375)]","[(0, 1773.0311279296875), (1, 1737.0272216796875)]","[(0, 4411.3720703125), (1, 2856.0361328125)]","[(0, 4525.47412109375), (1, 4434.11474609375)]","[(0, 10696.275390625), (1, 10083.306640625)]","[(0, 1513.0008544921875), (1, 1832.6475830078125)]","[(0, 2768.152099609375), (1, 2668.848388671875)]","[(0, 1986.0377197265625), (1, 1851.596923828125)]","[(0, 1914.3057861328125), (1, 1887.165771484375)]"
424,"[(0, 1492.4140625), (1, 1848.9676513671875)]","[(0, 2493.904296875), (1, 2372.5712890625)]","[(0, 5041.66064453125), (1, 4666.18994140625)]","[(0, 2964.431640625), (1, 3024.14697265625)]","[(0, 2792.152099609375), (1, 2483.9658203125)]","[(0, 5950.4111328125), (1, 6042.41015625)]","[(0, 7615.38134765625), (1, 7360.8212890625)]","[(0, 1393.5819091796875), (1, 1181.78857421875)]","[(0, 1225.9796142578125), (1, 923.7664184570312)]","[(0, 2435.8369140625), (1, 3762.6318359375)]","[(0, 2372.102783203125), (1, 2401.732177734375)]"
425,"[(0, 1126.53857421875), (1, 1456.3541259765625)]","[(0, 2675.025390625), (1, 2706.525390625)]","[(0, 4847.27392578125), (1, 4173.62060546875)]","[(0, 2628.31884765625), (1, 2439.078369140625)]","[(0, 2185.70556640625), (1, 1923.4244384765625)]","[(0, 6852.20654296875), (1, 6872.84814453125)]","[(0, 5709.28955078125), (1, 7054.0)]","[(0, 2098.553466796875), (1, 1856.985107421875)]","[(0, 1241.94091796875), (1, 1735.0355224609375)]","[(0, 1751.984375), (1, 1316.0897216796875)]","[(0, 1936.8331298828125), (1, 2292.15673828125)]"
426,"[(0, 1245.72607421875), (1, 1504.2706298828125)]","[(0, 2199.23974609375), (1, 2226.265380859375)]","[(0, 3932.467529296875), (1, 3530.333251953125)]","[(0, 2576.501953125), (1, 2589.7998046875)]","[(0, 3865.203125), (1, 2341.8447265625)]","[(0, 7241.35546875), (1, 7277.11962890625)]","[(0, 1772.2449951171875), (1, 2248.001220703125)]","[(0, 1035.0089111328125), (1, 790.0391235351562)]","[(0, 1315.4315185546875), (1, 1447.810546875)]","[(0, 1129.338134765625), (1, 1240.41748046875)]","[(0, 2489.885498046875), (1, 2850.509765625)]"
427,"[(0, 1699.72607421875), (1, 2205.674560546875)]","[(0, 2759.216064453125), (1, 2929.0009765625)]","[(0, 3690.760498046875), (1, 3357.470703125)]","[(0, 3641.5087890625), (1, 3650.890625)]","[(0, 3000.816162109375), (1, 1835.440673828125)]","[(0, 5751.23193359375), (1, 5630.75439453125)]","[(0, 4244.2890625), (1, 4139.98876953125)]","[(0, 838.1649780273438), (1, 724.7251586914062)]","[(0, 1431.2139892578125), (1, 1491.827880859375)]","[(0, 1427.435302734375), (1, 1639.4613037109375)]","[(0, 2357.25048828125), (1, 2764.125244140625)]"
428,"[(0, 1420.168212890625), (1, 1879.841552734375)]","[(0, 2515.535888671875), (1, 2298.22216796875)]","[(0, 2998.8046875), (1, 3037.732421875)]","[(0, 2798.2392578125), (1, 2889.586669921875)]","[(0, 4925.3779296875), (1, 2965.8212890625)]","[(0, 5503.85498046875), (1, 5501.65087890625)]","[(0, 2592.010009765625), (1, 2587.95068359375)]","[(0, 1900.8472900390625), (1, 1754.1068115234375)]","[(0, 1235.2398681640625), (1, 1571.949951171875)]","[(0, 2412.621826171875), (1, 2174.07421875)]","[(0, 2087.955078125), (1, 2131.88134765625)]"
429,"[(0, 1398.609375), (1, 1783.7200927734375)]","[(0, 2307.353515625), (1, 2289.098388671875)]","[(0, 3672.800537109375), (1, 3593.565673828125)]","[(0, 4631.33447265625), (1, 4733.41552734375)]","[(0, 4084.8046875), (1, 2461.127685546875)]","[(0, 7293.53759765625), (1, 7219.05615234375)]","[(0, 3958.920654296875), (1, 4770.94970703125)]","[(0, 2029.5301513671875), (1, 2098.96875)]","[(0, 2697.1875), (1, 3695.589111328125)]","[(0, 2969.5927734375), (1, 2115.811279296875)]","[(0, 1890.6993408203125), (1, 2247.72265625)]"
430,"[(0, 1443.2178955078125), (1, 1825.6297607421875)]","[(0, 3055.193359375), (1, 3288.1259765625)]","[(0, 2433.711181640625), (1, 1850.2508544921875)]","[(0, 1699.7122802734375), (1, 1680.04150390625)]","[(0, 1673.272216796875), (1, 1377.989990234375)]","[(0, 4581.11181640625), (1, 4676.556640625)]","[(0, 3292.5439453125), (1, 3993.6064453125)]","[(0, 1208.7523193359375), (1, 1284.240478515625)]","[(0, 1383.536376953125), (1, 1435.7745361328125)]","[(0, 2847.516845703125), (1, 4720.19873046875)]","[(0, 2489.243408203125), (1, 2443.84814453125)]"
431,"[(0, 2224.659912109375), (1, 2739.13037109375)]","[(0, 3806.087890625), (1, 4557.767578125)]","[(0, 6521.52587890625), (1, 6035.64306640625)]","[(0, 1764.264404296875), (1, 1755.748779296875)]","[(0, 1143.3916015625), (1, 979.5913696289062)]","[(0, 6208.89892578125), (1, 6122.34130859375)]","[(0, 3619.861328125), (1, 3575.23291015625)]","[(0, 2226.888671875), (1, 1977.123779296875)]","[(0, 3004.598876953125), (1, 2318.431640625)]","[(0, 1831.1563720703125), (1, 1402.2686767578125)]","[(0, 2224.493408203125), (1, 2234.048583984375)]"
432,"[(0, 2010.3914794921875), (1, 2701.635986328125)]","[(0, 3172.665771484375), (1, 3473.108642578125)]","[(0, 2729.422119140625), (1, 2521.016357421875)]","[(0, 2196.30322265625), (1, 2281.58447265625)]","[(0, 2982.004638671875), (1, 1885.852294921875)]","[(0, 4297.76953125), (1, 4368.60595703125)]","[(0, 3265.541259765625), (1, 3226.278076171875)]","[(0, 1495.079345703125), (1, 1460.980224609375)]","[(0, 1874.0357666015625), (1, 1561.442626953125)]","[(0, 1491.5277099609375), (1, 1501.278076171875)]","[(0, 1946.345947265625), (1, 1930.0706787109375)]"
433,"[(0, 2240.98583984375), (1, 2826.828857421875)]","[(0, 1785.8638916015625), (1, 1835.0302734375)]","[(0, 2042.8717041015625), (1, 1835.8284912109375)]","[(0, 2880.598876953125), (1, 2848.3681640625)]","[(0, 3453.318359375), (1, 2161.758056640625)]","[(0, 5773.84619140625), (1, 5924.37548828125)]","[(0, 2478.2705078125), (1, 2977.260498046875)]","[(0, 1768.4801025390625), (1, 2089.7001953125)]","[(0, 2004.193115234375), (1, 2671.22802734375)]","[(0, 3307.748291015625), (1, 3814.86376953125)]","[(0, 1815.5810546875), (1, 2150.560546875)]"
434,"[(0, 2577.489990234375), (1, 3347.22412109375)]","[(0, 1188.0455322265625), (1, 1524.646484375)]","[(0, 8272.056640625), (1, 7525.08056640625)]","[(0, 1814.7354736328125), (1, 1821.504638671875)]","[(0, 916.2197265625), (1, 819.7713012695312)]","[(0, 3661.130615234375), (1, 3592.75)]","[(0, 2161.767578125), (1, 2967.217529296875)]","[(0, 2223.42333984375), (1, 2815.275146484375)]","[(0, 1216.134521484375), (1, 1425.425537109375)]","[(0, 1882.43115234375), (1, 1555.26318359375)]","[(0, 2112.912841796875), (1, 2085.857421875)]"
435,"[(0, 1652.793212890625), (1, 2021.038330078125)]","[(0, 1469.5811767578125), (1, 2050.7509765625)]","[(0, 6367.93994140625), (1, 5406.67919921875)]","[(0, 3640.619873046875), (1, 3656.55615234375)]","[(0, 3568.35205078125), (1, 2189.494140625)]","[(0, 2699.92822265625), (1, 2677.846923828125)]","[(0, 5253.12255859375), (1, 5676.88720703125)]","[(0, 1334.6412353515625), (1, 1280.342529296875)]","[(0, 2169.489501953125), (1, 1800.4447021484375)]","[(0, 761.7062377929688), (1, 1077.185791015625)]","[(0, 4394.46728515625), (1, 4347.0205078125)]"
436,"[(0, 3012.218994140625), (1, 4087.193359375)]","[(0, 1387.7947998046875), (1, 1762.3726806640625)]","[(0, 1038.682861328125), (1, 1058.0277099609375)]","[(0, 1673.4293212890625), (1, 1726.1397705078125)]","[(0, 2216.5712890625), (1, 1356.0059814453125)]","[(0, 4052.39404296875), (1, 4043.5458984375)]","[(0, 4298.30615234375), (1, 4667.32958984375)]","[(0, 1364.03515625), (1, 1620.625244140625)]","[(0, 2346.14208984375), (1, 1572.8759765625)]","[(0, 1765.4921875), (1, 2575.864501953125)]","[(0, 1445.962158203125), (1, 1713.7802734375)]"
437,"[(0, 1856.9107666015625), (1, 2424.370849609375)]","[(0, 1497.26611328125), (1, 1812.4385986328125)]","[(0, 2258.314453125), (1, 2007.69287109375)]","[(0, 2518.467041015625), (1, 2639.89208984375)]","[(0, 4696.18115234375), (1, 2962.5478515625)]","[(0, 6947.46630859375), (1, 7227.74951171875)]","[(0, 1934.0126953125), (1, 1874.1502685546875)]","[(0, 2084.747802734375), (1, 1953.296630859375)]","[(0, 3164.1748046875), (1, 4136.306640625)]","[(0, 2059.42138671875), (1, 2312.11669921875)]","[(0, 1989.7269287109375), (1, 1988.0274658203125)]"
438,"[(0, 1983.453125), (1, 2491.841796875)]","[(0, 829.196044921875), (1, 854.3193969726562)]","[(0, 2258.701171875), (1, 2474.154296875)]","[(0, 3942.038818359375), (1, 3842.064453125)]","[(0, 3578.623779296875), (1, 2250.619384765625)]","[(0, 6520.3251953125), (1, 6379.03271484375)]","[(0, 4500.14208984375), (1, 4542.3759765625)]","[(0, 1235.7742919921875), (1, 1417.39794921875)]","[(0, 1024.181640625), (1, 1412.995361328125)]","[(0, 1260.8431396484375), (1, 1709.8353271484375)]","[(0, 717.9872436523438), (1, 853.419189453125)]"
439,"[(0, 3342.111083984375), (1, 4195.40185546875)]","[(0, 2968.736083984375), (1, 3163.0947265625)]","[(0, 6069.4912109375), (1, 5858.01318359375)]","[(0, 2326.32958984375), (1, 2358.68408203125)]","[(0, 1483.542236328125), (1, 1307.1954345703125)]","[(0, 4708.9404296875), (1, 4739.99755859375)]","[(0, 5796.04638671875), (1, 5633.41845703125)]","[(0, 3754.18017578125), (1, 2669.548583984375)]","[(0, 1076.1610107421875), (1, 1105.767578125)]","[(0, 1347.4547119140625), (1, 1948.6395263671875)]","[(0, 3444.585693359375), (1, 3322.059814453125)]"
440,"[(0, 1459.905029296875), (1, 1813.66796875)]","[(0, 4106.560546875), (1, 4674.1982421875)]","[(0, 4022.549560546875), (1, 3943.62939453125)]","[(0, 3878.37744140625), (1, 3599.056640625)]","[(0, 1800.388916015625), (1, 1557.4532470703125)]","[(0, 5833.0439453125), (1, 5926.33056640625)]","[(0, 4223.35791015625), (1, 4015.761474609375)]","[(0, 1518.5692138671875), (1, 1904.4345703125)]","[(0, 1748.07666015625), (1, 1711.0888671875)]","[(0, 1319.2401123046875), (1, 1299.3953857421875)]","[(0, 2496.513427734375), (1, 2509.833984375)]"
441,"[(0, 1618.4166259765625), (1, 2065.571044921875)]","[(0, 3203.546875), (1, 3495.204833984375)]","[(0, 3115.837890625), (1, 2881.174560546875)]","[(0, 2050.55908203125), (1, 1966.814208984375)]","[(0, 3078.782470703125), (1, 1895.647216796875)]","[(0, 3078.86767578125), (1, 3135.1259765625)]","[(0, 5252.85693359375), (1, 5416.2939453125)]","[(0, 1790.0115966796875), (1, 1739.0252685546875)]","[(0, 1808.5838623046875), (1, 2477.40673828125)]","[(0, 645.5042114257812), (1, 676.8843383789062)]","[(0, 1605.6175537109375), (1, 1928.1397705078125)]"
442,"[(0, 2852.39013671875), (1, 3542.741455078125)]","[(0, 1876.6790771484375), (1, 1963.6439208984375)]","[(0, 2724.18603515625), (1, 2455.847412109375)]","[(0, 2170.2998046875), (1, 2152.53759765625)]","[(0, 2970.635009765625), (1, 1850.69287109375)]","[(0, 2843.96435546875), (1, 2782.6962890625)]","[(0, 6802.83154296875), (1, 6939.60595703125)]","[(0, 1250.2177734375), (1, 743.8864135742188)]","[(0, 2135.74267578125), (1, 1893.1241455078125)]","[(0, 866.1149291992188), (1, 990.7354125976562)]","[(0, 1653.4893798828125), (1, 1972.2237548828125)]"
443,"[(0, 1678.916259765625), (1, 2094.501708984375)]","[(0, 512.51708984375), (1, 459.91668701171875)]","[(0, 3577.51123046875), (1, 3583.107666015625)]","[(0, 5191.02099609375), (1, 4986.56005859375)]","[(0, 1792.2073974609375), (1, 1543.5242919921875)]","[(0, 5949.78125), (1, 5815.1923828125)]","[(0, 6061.7802734375), (1, 5818.83154296875)]","[(0, 1996.9716796875), (1, 2021.3583984375)]","[(0, 947.1441040039062), (1, 1282.265869140625)]","[(0, 971.62890625), (1, 1078.8013916015625)]","[(0, 2212.97216796875), (1, 2183.06298828125)]"
444,"[(0, 1468.05078125), (1, 1877.6448974609375)]","[(0, 1110.65087890625), (1, 1157.977783203125)]","[(0, 5228.40234375), (1, 5169.39697265625)]","[(0, 4138.251953125), (1, 4113.92626953125)]","[(0, 1589.096923828125), (1, 1339.4918212890625)]","[(0, 4095.804931640625), (1, 4092.71240234375)]","[(0, 3021.621337890625), (1, 3208.10205078125)]","[(0, 3519.72021484375), (1, 3056.091064453125)]","[(0, 1528.308349609375), (1, 1862.0277099609375)]","[(0, 1952.412109375), (1, 2221.772216796875)]","[(0, 2200.87646484375), (1, 2230.059326171875)]"
445,"[(0, 1929.0823974609375), (1, 2390.169189453125)]","[(0, 1323.0400390625), (1, 1527.6243896484375)]","[(0, 3105.751220703125), (1, 2664.455322265625)]","[(0, 5698.21484375), (1, 5745.35498046875)]","[(0, 3035.83251953125), (1, 1859.9423828125)]","[(0, 5446.74609375), (1, 5568.65283203125)]","[(0, 6550.185546875), (1, 8395.8984375)]","[(0, 1330.523681640625), (1, 1000.676025390625)]","[(0, 1604.8145751953125), (1, 1255.84423828125)]","[(0, 1753.6678466796875), (1, 1770.4644775390625)]","[(0, 1486.58447265625), (1, 1730.9813232421875)]"
446,"[(0, 2018.9202880859375), (1, 2630.8466796875)]","[(0, 1189.8165283203125), (1, 1216.137451171875)]","[(0, 3250.822265625), (1, 2969.398681640625)]","[(0, 2522.90087890625), (1, 2519.845947265625)]","[(0, 3926.7001953125), (1, 2445.97216796875)]","[(0, 3896.58447265625), (1, 3719.0654296875)]","[(0, 4940.5634765625), (1, 6340.0048828125)]","[(0, 1117.717529296875), (1, 887.8012084960938)]","[(0, 1876.477783203125), (1, 1681.416015625)]","[(0, 1372.172119140625), (1, 1364.306396484375)]","[(0, 2653.541015625), (1, 2701.735107421875)]"
447,"[(0, 2810.36328125), (1, 3679.591552734375)]","[(0, 1298.7921142578125), (1, 1351.8193359375)]","[(0, 4562.125), (1, 4101.88720703125)]","[(0, 3784.039306640625), (1, 3561.803955078125)]","[(0, 2836.76708984375), (1, 2381.01318359375)]","[(0, 7757.875), (1, 7787.541015625)]","[(0, 2780.54638671875), (1, 2874.10107421875)]","[(0, 1756.1405029296875), (1, 1340.986572265625)]","[(0, 1734.462158203125), (1, 1922.9715576171875)]","[(0, 1401.649169921875), (1, 1354.103759765625)]","[(0, 2329.556640625), (1, 2347.82421875)]"
448,"[(0, 1745.2464599609375), (1, 2273.027587890625)]","[(0, 811.2230834960938), (1, 747.8794555664062)]","[(0, 2304.984619140625), (1, 2096.10400390625)]","[(0, 2632.97900390625), (1, 2613.08837890625)]","[(0, 2475.7109375), (1, 2054.964111328125)]","[(0, 6202.83251953125), (1, 6332.3857421875)]","[(0, 3384.552490234375), (1, 3273.8857421875)]","[(0, 852.9415893554688), (1, 983.0208129882812)]","[(0, 824.8388061523438), (1, 989.1196899414062)]","[(0, 1060.7216796875), (1, 1723.92138671875)]","[(0, 1353.81396484375), (1, 1560.28759765625)]"
449,"[(0, 1560.602294921875), (1, 1968.7021484375)]","[(0, 1583.6927490234375), (1, 1720.5001220703125)]","[(0, 6099.763671875), (1, 5407.189453125)]","[(0, 2153.010986328125), (1, 2112.13720703125)]","[(0, 2854.686767578125), (1, 1749.2430419921875)]","[(0, 4513.03564453125), (1, 4387.2607421875)]","[(0, 2993.28173828125), (1, 3257.17138671875)]","[(0, 1833.845947265625), (1, 2156.954833984375)]","[(0, 923.3115234375), (1, 1351.290283203125)]","[(0, 1259.4827880859375), (1, 1341.9154052734375)]","[(0, 961.3977661132812), (1, 1131.9173583984375)]"
450,"[(0, 2418.49267578125), (1, 3017.35107421875)]","[(0, 2285.486083984375), (1, 2665.115966796875)]","[(0, 3951.772705078125), (1, 3316.381103515625)]","[(0, 2239.98046875), (1, 2234.504638671875)]","[(0, 2096.615966796875), (1, 1274.9022216796875)]","[(0, 5403.59130859375), (1, 5492.04736328125)]","[(0, 3203.72412109375), (1, 3559.3115234375)]","[(0, 975.5842895507812), (1, 988.2955322265625)]","[(0, 881.0404663085938), (1, 590.6996459960938)]","[(0, 1848.125), (1, 2205.353759765625)]","[(0, 1157.254150390625), (1, 1390.3349609375)]"
451,"[(0, 2415.07470703125), (1, 3191.8427734375)]","[(0, 1764.6522216796875), (1, 1741.85205078125)]","[(0, 4323.97802734375), (1, 3935.818115234375)]","[(0, 1599.7750244140625), (1, 1611.8179931640625)]","[(0, 873.9970703125), (1, 771.6293334960938)]","[(0, 3553.87451171875), (1, 3649.546875)]","[(0, 8871.5498046875), (1, 8518.8642578125)]","[(0, 1867.3768310546875), (1, 1768.6865234375)]","[(0, 2360.151123046875), (1, 2983.50341796875)]","[(0, 1395.7332763671875), (1, 1775.97900390625)]","[(0, 2428.28955078125), (1, 2402.39208984375)]"
452,"[(0, 2138.465576171875), (1, 2754.9892578125)]","[(0, 2073.373779296875), (1, 2181.899658203125)]","[(0, 3978.158203125), (1, 3768.248046875)]","[(0, 2988.962890625), (1, 3126.523681640625)]","[(0, 839.6455078125), (1, 729.60595703125)]","[(0, 2437.78662109375), (1, 2404.348388671875)]","[(0, 3100.5927734375), (1, 3201.64111328125)]","[(0, 2460.633544921875), (1, 2409.405029296875)]","[(0, 1616.7529296875), (1, 1192.254150390625)]","[(0, 2012.041015625), (1, 2016.771728515625)]","[(0, 1441.0833740234375), (1, 1701.051025390625)]"
453,"[(0, 1705.2723388671875), (1, 2216.42626953125)]","[(0, 790.6759643554688), (1, 1071.1163330078125)]","[(0, 4444.14013671875), (1, 3803.544189453125)]","[(0, 2720.698974609375), (1, 2698.022216796875)]","[(0, 2265.50830078125), (1, 1420.756103515625)]","[(0, 2314.27880859375), (1, 2343.8876953125)]","[(0, 2947.06494140625), (1, 2891.90380859375)]","[(0, 1671.471435546875), (1, 1316.630126953125)]","[(0, 949.8800048828125), (1, 1304.522705078125)]","[(0, 1721.842041015625), (1, 1708.4384765625)]","[(0, 1509.6116943359375), (1, 1834.1817626953125)]"
454,"[(0, 2476.798583984375), (1, 3169.898193359375)]","[(0, 1018.5501708984375), (1, 1516.46923828125)]","[(0, 1703.536376953125), (1, 1513.5557861328125)]","[(0, 1630.0540771484375), (1, 1601.59912109375)]","[(0, 4236.1611328125), (1, 2923.11865234375)]","[(0, 5149.1796875), (1, 5081.052734375)]","[(0, 4652.650390625), (1, 4778.33984375)]","[(0, 987.4274291992188), (1, 1216.5787353515625)]","[(0, 1087.474609375), (1, 1404.0745849609375)]","[(0, 1240.833984375), (1, 1496.89697265625)]","[(0, 1529.9781494140625), (1, 1715.396728515625)]"
455,"[(0, 1416.4755859375), (1, 1789.924560546875)]","[(0, 1007.3060302734375), (1, 1352.1622314453125)]","[(0, 1837.8648681640625), (1, 1722.1531982421875)]","[(0, 3509.2294921875), (1, 3642.88427734375)]","[(0, 4703.30322265625), (1, 3024.82470703125)]","[(0, 4722.1435546875), (1, 4788.17041015625)]","[(0, 2105.83984375), (1, 2186.384033203125)]","[(0, 955.5426025390625), (1, 1268.6015625)]","[(0, 1196.65966796875), (1, 1007.505859375)]","[(0, 1372.387939453125), (1, 1298.265869140625)]","[(0, 1915.57861328125), (1, 2183.984375)]"
456,"[(0, 2059.94873046875), (1, 2683.44921875)]","[(0, 2244.626220703125), (1, 2440.0380859375)]","[(0, 1548.1923828125), (1, 1563.6845703125)]","[(0, 1817.87841796875), (1, 1848.2315673828125)]","[(0, 3172.69287109375), (1, 2783.44091796875)]","[(0, 7086.01318359375), (1, 7029.427734375)]","[(0, 3375.955078125), (1, 3557.41796875)]","[(0, 1194.6180419921875), (1, 1472.754150390625)]","[(0, 2078.8056640625), (1, 2776.458984375)]","[(0, 1167.484619140625), (1, 1151.6595458984375)]","[(0, 3615.73828125), (1, 3601.64208984375)]"
457,"[(0, 2162.781982421875), (1, 2804.34228515625)]","[(0, 3052.205322265625), (1, 3502.5390625)]","[(0, 4698.90087890625), (1, 4401.8916015625)]","[(0, 2015.8438720703125), (1, 2132.2431640625)]","[(0, 2827.775390625), (1, 2419.954345703125)]","[(0, 7814.45751953125), (1, 7893.1767578125)]","[(0, 6267.0146484375), (1, 6355.94482421875)]","[(0, 1133.63818359375), (1, 1169.6209716796875)]","[(0, 514.8909912109375), (1, 528.4088134765625)]","[(0, 2776.31201171875), (1, 2001.5277099609375)]","[(0, 799.7452392578125), (1, 757.49853515625)]"
458,"[(0, 1233.908203125), (1, 1503.487548828125)]","[(0, 2316.644775390625), (1, 2312.826904296875)]","[(0, 2435.010009765625), (1, 2136.844970703125)]","[(0, 1126.6864013671875), (1, 1038.4298095703125)]","[(0, 4206.24267578125), (1, 2651.85888671875)]","[(0, 4447.23486328125), (1, 4471.78271484375)]","[(0, 4290.13623046875), (1, 4364.76220703125)]","[(0, 1053.442138671875), (1, 933.8950805664062)]","[(0, 800.8878784179688), (1, 679.4833374023438)]","[(0, 1560.4771728515625), (1, 1464.8985595703125)]","[(0, 2239.82666015625), (1, 2258.30029296875)]"
459,"[(0, 2063.21142578125), (1, 2697.6982421875)]","[(0, 1464.1973876953125), (1, 1416.3385009765625)]","[(0, 2639.09033203125), (1, 2299.04296875)]","[(0, 2394.056640625), (1, 2533.062744140625)]","[(0, 1729.2867431640625), (1, 1573.1212158203125)]","[(0, 5654.3076171875), (1, 5825.72216796875)]","[(0, 4401.45458984375), (1, 4478.48291015625)]","[(0, 1136.4075927734375), (1, 1695.0997314453125)]","[(0, 1917.55078125), (1, 1926.85400390625)]","[(0, 2104.322998046875), (1, 2860.490234375)]","[(0, 3619.395263671875), (1, 3669.2646484375)]"
460,"[(0, 1654.9327392578125), (1, 2007.7857666015625)]","[(0, 559.655029296875), (1, 504.2542724609375)]","[(0, 1646.4822998046875), (1, 1418.639892578125)]","[(0, 3040.361083984375), (1, 3074.155517578125)]","[(0, 6394.00927734375), (1, 4102.2978515625)]","[(0, 5905.82763671875), (1, 5767.53369140625)]","[(0, 2764.86083984375), (1, 3131.784912109375)]","[(0, 2393.658203125), (1, 1686.56298828125)]","[(0, 1159.327392578125), (1, 843.9227294921875)]","[(0, 1653.9388427734375), (1, 1470.7674560546875)]","[(0, 2226.3271484375), (1, 2216.1083984375)]"
461,"[(0, 1889.2933349609375), (1, 2513.30126953125)]","[(0, 1600.7501220703125), (1, 1633.4107666015625)]","[(0, 5095.69775390625), (1, 4583.42822265625)]","[(0, 2643.71923828125), (1, 2693.81982421875)]","[(0, 5370.09130859375), (1, 3502.378662109375)]","[(0, 4372.298828125), (1, 4154.12744140625)]","[(0, 4008.21630859375), (1, 4677.845703125)]","[(0, 1532.8377685546875), (1, 1579.8846435546875)]","[(0, 3031.06787109375), (1, 3057.0322265625)]","[(0, 2216.57861328125), (1, 1941.466552734375)]","[(0, 1059.384765625), (1, 1260.54248046875)]"
462,"[(0, 1908.521728515625), (1, 2380.39794921875)]","[(0, 2406.630859375), (1, 2630.558349609375)]","[(0, 5756.25830078125), (1, 4994.6845703125)]","[(0, 1502.0701904296875), (1, 1709.2279052734375)]","[(0, 2549.60009765625), (1, 2230.516845703125)]","[(0, 8731.84375), (1, 8945.6845703125)]","[(0, 3366.53173828125), (1, 3328.805419921875)]","[(0, 730.5687866210938), (1, 734.69140625)]","[(0, 2010.172119140625), (1, 2174.072998046875)]","[(0, 2005.7706298828125), (1, 1663.6759033203125)]","[(0, 2267.4765625), (1, 2284.667724609375)]"
463,"[(0, 1571.859375), (1, 1935.97802734375)]","[(0, 1734.514404296875), (1, 1685.0855712890625)]","[(0, 2619.61572265625), (1, 2383.9638671875)]","[(0, 2848.97802734375), (1, 2727.47314453125)]","[(0, 2900.1064453125), (1, 2494.92724609375)]","[(0, 4321.19140625), (1, 4381.54052734375)]","[(0, 3675.701904296875), (1, 3640.765869140625)]","[(0, 1567.995849609375), (1, 1301.5416259765625)]","[(0, 1330.5814208984375), (1, 1190.1978759765625)]","[(0, 2132.617431640625), (1, 1794.0567626953125)]","[(0, 966.4292602539062), (1, 1103.1317138671875)]"
464,"[(0, 1832.37744140625), (1, 2395.501220703125)]","[(0, 1884.7493896484375), (1, 1858.004638671875)]","[(0, 2779.8544921875), (1, 2930.40771484375)]","[(0, 1685.1346435546875), (1, 1688.4339599609375)]","[(0, 3685.277099609375), (1, 2175.103759765625)]","[(0, 4228.59326171875), (1, 4174.25)]","[(0, 2849.2431640625), (1, 2863.90478515625)]","[(0, 2107.9375), (1, 2156.45068359375)]","[(0, 1546.0330810546875), (1, 2081.539306640625)]","[(0, 1708.4808349609375), (1, 1514.900146484375)]","[(0, 1623.6495361328125), (1, 1958.5111083984375)]"
465,"[(0, 1986.7623291015625), (1, 2670.693115234375)]","[(0, 1328.6812744140625), (1, 1822.0858154296875)]","[(0, 4281.0341796875), (1, 4272.1435546875)]","[(0, 2168.717041015625), (1, 2229.255859375)]","[(0, 3606.845703125), (1, 3104.143310546875)]","[(0, 5199.7158203125), (1, 5114.2568359375)]","[(0, 1983.178955078125), (1, 2006.157958984375)]","[(0, 1615.3404541015625), (1, 1546.9571533203125)]","[(0, 2341.185791015625), (1, 2591.00927734375)]","[(0, 1333.552734375), (1, 1993.5540771484375)]","[(0, 846.0570068359375), (1, 1007.0274658203125)]"
466,"[(0, 2289.37109375), (1, 2989.6357421875)]","[(0, 1724.7081298828125), (1, 2634.683349609375)]","[(0, 2343.17822265625), (1, 2081.32177734375)]","[(0, 4772.779296875), (1, 5105.5087890625)]","[(0, 5643.79736328125), (1, 3688.251708984375)]","[(0, 5102.685546875), (1, 5200.271484375)]","[(0, 2614.521484375), (1, 2633.21875)]","[(0, 1552.985107421875), (1, 1413.36865234375)]","[(0, 1275.9208984375), (1, 947.6175537109375)]","[(0, 2253.090087890625), (1, 2324.1708984375)]","[(0, 1906.6461181640625), (1, 1890.3837890625)]"
467,"[(0, 1919.299072265625), (1, 2459.618896484375)]","[(0, 1513.3609619140625), (1, 2016.305419921875)]","[(0, 1818.3302001953125), (1, 1512.4930419921875)]","[(0, 3231.53759765625), (1, 3304.6142578125)]","[(0, 3537.8154296875), (1, 2174.62353515625)]","[(0, 4078.930419921875), (1, 4046.311767578125)]","[(0, 2003.0274658203125), (1, 2018.57568359375)]","[(0, 904.3199462890625), (1, 912.3370971679688)]","[(0, 2057.315185546875), (1, 2481.13427734375)]","[(0, 3070.247314453125), (1, 2493.951904296875)]","[(0, 1758.897705078125), (1, 1807.7191162109375)]"
468,"[(0, 2430.124267578125), (1, 3232.1572265625)]","[(0, 1409.2528076171875), (1, 1791.7109375)]","[(0, 1664.9066162109375), (1, 1701.43310546875)]","[(0, 5682.3525390625), (1, 5686.89013671875)]","[(0, 2731.312744140625), (1, 1680.9573974609375)]","[(0, 4168.78759765625), (1, 4139.3212890625)]","[(0, 3125.334228515625), (1, 3162.096435546875)]","[(0, 865.185791015625), (1, 934.0936889648438)]","[(0, 2340.44140625), (1, 2070.67236328125)]","[(0, 1514.85107421875), (1, 1048.2550048828125)]","[(0, 1336.571533203125), (1, 1588.3067626953125)]"
469,"[(0, 865.1036376953125), (1, 1090.8988037109375)]","[(0, 554.5480346679688), (1, 490.133056640625)]","[(0, 1431.40771484375), (1, 1407.896728515625)]","[(0, 3899.52490234375), (1, 3903.245849609375)]","[(0, 3869.330078125), (1, 2357.201171875)]","[(0, 3700.720703125), (1, 3725.515380859375)]","[(0, 3623.8056640625), (1, 3579.367919921875)]","[(0, 1449.4393310546875), (1, 1473.8929443359375)]","[(0, 629.2622680664062), (1, 644.1221313476562)]","[(0, 3519.898193359375), (1, 3594.9296875)]","[(0, 2330.78662109375), (1, 2353.731689453125)]"
470,"[(0, 2590.348388671875), (1, 3259.40869140625)]","[(0, 1018.7139282226562), (1, 1312.259033203125)]","[(0, 3568.668701171875), (1, 3347.57861328125)]","[(0, 1873.461181640625), (1, 1969.3046875)]","[(0, 2284.677490234375), (1, 1542.77880859375)]","[(0, 4898.0693359375), (1, 4894.33837890625)]","[(0, 2285.455322265625), (1, 3085.16650390625)]","[(0, 1206.89599609375), (1, 1394.86767578125)]","[(0, 1089.788330078125), (1, 958.5578002929688)]","[(0, 2732.894287109375), (1, 2528.7373046875)]","[(0, 2163.1220703125), (1, 2143.421875)]"
471,"[(0, 2145.1826171875), (1, 2839.13818359375)]","[(0, 1239.697265625), (1, 1757.6292724609375)]","[(0, 2151.500244140625), (1, 1880.9005126953125)]","[(0, 3930.69775390625), (1, 3903.059326171875)]","[(0, 1377.3922119140625), (1, 1147.875)]","[(0, 4001.257568359375), (1, 3991.7216796875)]","[(0, 4748.0595703125), (1, 5945.1416015625)]","[(0, 2055.293212890625), (1, 2365.72412109375)]","[(0, 2688.336669921875), (1, 2088.009765625)]","[(0, 1108.424560546875), (1, 1206.2430419921875)]","[(0, 2979.225830078125), (1, 2917.341064453125)]"
472,"[(0, 2017.8983154296875), (1, 2666.74951171875)]","[(0, 1169.1988525390625), (1, 1524.10205078125)]","[(0, 2355.291015625), (1, 1947.9344482421875)]","[(0, 2312.1279296875), (1, 2274.791748046875)]","[(0, 2884.537109375), (1, 2537.178955078125)]","[(0, 4977.53759765625), (1, 5012.51171875)]","[(0, 4563.11279296875), (1, 4457.3955078125)]","[(0, 1360.2120361328125), (1, 977.7587890625)]","[(0, 1915.8343505859375), (1, 1798.1866455078125)]","[(0, 2229.307861328125), (1, 2516.984375)]","[(0, 1934.150146484375), (1, 1934.434326171875)]"
473,"[(0, 1190.531005859375), (1, 1466.7122802734375)]","[(0, 1032.1224365234375), (1, 1259.5091552734375)]","[(0, 1607.974365234375), (1, 1284.34521484375)]","[(0, 2110.055419921875), (1, 2080.131103515625)]","[(0, 4477.78271484375), (1, 2795.08154296875)]","[(0, 5237.81005859375), (1, 5258.57080078125)]","[(0, 6598.59423828125), (1, 6140.20458984375)]","[(0, 1118.0), (1, 1103.6978759765625)]","[(0, 973.5934448242188), (1, 1317.102294921875)]","[(0, 1603.2021484375), (1, 1689.9635009765625)]","[(0, 1511.732421875), (1, 1771.238037109375)]"
474,"[(0, 2138.139404296875), (1, 2825.4638671875)]","[(0, 1145.5455322265625), (1, 1478.7855224609375)]","[(0, 1577.4140625), (1, 1560.341064453125)]","[(0, 3055.945068359375), (1, 3086.290771484375)]","[(0, 3396.70751953125), (1, 2123.657958984375)]","[(0, 4438.35009765625), (1, 4420.42236328125)]","[(0, 2469.8212890625), (1, 2853.328857421875)]","[(0, 2555.35205078125), (1, 2064.46240234375)]","[(0, 1413.0526123046875), (1, 1366.10693359375)]","[(0, 1663.225341796875), (1, 1937.79931640625)]","[(0, 1030.3394775390625), (1, 1198.61328125)]"
475,"[(0, 1792.273193359375), (1, 2224.09765625)]","[(0, 1707.42529296875), (1, 2418.837646484375)]","[(0, 2519.073486328125), (1, 2525.200927734375)]","[(0, 3398.956298828125), (1, 3477.21826171875)]","[(0, 5314.45654296875), (1, 3302.415283203125)]","[(0, 5625.6181640625), (1, 5698.65478515625)]","[(0, 3375.378662109375), (1, 3809.381591796875)]","[(0, 1871.2578125), (1, 1415.3447265625)]","[(0, 1037.400390625), (1, 1525.8245849609375)]","[(0, 1576.4808349609375), (1, 1680.8355712890625)]","[(0, 2521.652587890625), (1, 2481.764892578125)]"
476,"[(0, 1563.7666015625), (1, 2031.8646240234375)]","[(0, 1302.746826171875), (1, 1652.6041259765625)]","[(0, 4260.54736328125), (1, 3762.509765625)]","[(0, 1262.406005859375), (1, 1389.042724609375)]","[(0, 2344.47802734375), (1, 2066.128662109375)]","[(0, 7116.44775390625), (1, 7208.74365234375)]","[(0, 1735.833984375), (1, 1722.9212646484375)]","[(0, 848.2056274414062), (1, 1148.1427001953125)]","[(0, 1007.7677001953125), (1, 1497.7081298828125)]","[(0, 1735.228271484375), (1, 1944.0521240234375)]","[(0, 1370.3955078125), (1, 1640.62646484375)]"
477,"[(0, 2355.74609375), (1, 3122.0634765625)]","[(0, 1128.101318359375), (1, 1333.912109375)]","[(0, 1460.7349853515625), (1, 1491.588134765625)]","[(0, 2842.05419921875), (1, 2805.578125)]","[(0, 2994.035400390625), (1, 2669.31689453125)]","[(0, 6557.3046875), (1, 6540.279296875)]","[(0, 1909.003173828125), (1, 1939.2764892578125)]","[(0, 1161.5269775390625), (1, 930.6578979492188)]","[(0, 2079.9755859375), (1, 1827.1661376953125)]","[(0, 959.6270751953125), (1, 1299.2021484375)]","[(0, 1529.671142578125), (1, 1788.0665283203125)]"
478,"[(0, 1326.5321044921875), (1, 1639.7130126953125)]","[(0, 988.784423828125), (1, 1295.376220703125)]","[(0, 2769.3798828125), (1, 2621.31640625)]","[(0, 1783.3944091796875), (1, 1646.005859375)]","[(0, 2039.89013671875), (1, 1223.3406982421875)]","[(0, 5962.85693359375), (1, 6180.70703125)]","[(0, 4783.75634765625), (1, 4805.11865234375)]","[(0, 579.5355224609375), (1, 743.8953247070312)]","[(0, 2385.166748046875), (1, 2536.629638671875)]","[(0, 2180.32275390625), (1, 1762.223876953125)]","[(0, 1089.2193603515625), (1, 1280.4989013671875)]"
479,"[(0, 2613.698974609375), (1, 3490.288330078125)]","[(0, 1271.8577880859375), (1, 1847.1822509765625)]","[(0, 6113.158203125), (1, 5281.51416015625)]","[(0, 1512.6943359375), (1, 1514.218505859375)]","[(0, 832.5164794921875), (1, 749.1419067382812)]","[(0, 1984.624267578125), (1, 2023.4376220703125)]","[(0, 4224.30029296875), (1, 4556.01171875)]","[(0, 1043.2957763671875), (1, 1292.1717529296875)]","[(0, 1023.8057250976562), (1, 919.2054443359375)]","[(0, 2206.17626953125), (1, 2216.171630859375)]","[(0, 1373.9423828125), (1, 1650.3636474609375)]"
480,"[(0, 2055.166015625), (1, 2763.919677734375)]","[(0, 1159.5325927734375), (1, 1496.385986328125)]","[(0, 2961.97314453125), (1, 2806.21630859375)]","[(0, 2891.718994140625), (1, 3055.137939453125)]","[(0, 1096.7554931640625), (1, 974.4387817382812)]","[(0, 1824.3236083984375), (1, 1776.872802734375)]","[(0, 6213.21728515625), (1, 6560.4697265625)]","[(0, 1497.0169677734375), (1, 1408.43798828125)]","[(0, 1726.01708984375), (1, 1759.421142578125)]","[(0, 1837.6448974609375), (1, 1525.1168212890625)]","[(0, 1844.422119140625), (1, 2169.49169921875)]"
481,"[(0, 2348.994384765625), (1, 3016.8447265625)]","[(0, 906.7734375), (1, 1065.5946044921875)]","[(0, 7299.75146484375), (1, 7720.04345703125)]","[(0, 2327.838623046875), (1, 2242.611572265625)]","[(0, 1102.1595458984375), (1, 891.097412109375)]","[(0, 2499.107666015625), (1, 2507.557861328125)]","[(0, 5450.88232421875), (1, 5940.73779296875)]","[(0, 2767.79052734375), (1, 3214.683837890625)]","[(0, 856.3971557617188), (1, 1416.6822509765625)]","[(0, 1113.310546875), (1, 1446.053955078125)]","[(0, 2380.801025390625), (1, 2390.3779296875)]"
482,"[(0, 2316.40283203125), (1, 2890.180419921875)]","[(0, 2860.548828125), (1, 3084.275146484375)]","[(0, 2868.419189453125), (1, 2790.938232421875)]","[(0, 2889.067138671875), (1, 3024.51025390625)]","[(0, 1089.709716796875), (1, 926.6605224609375)]","[(0, 3365.41455078125), (1, 3341.989990234375)]","[(0, 4540.7734375), (1, 4636.04541015625)]","[(0, 1216.318359375), (1, 1362.4561767578125)]","[(0, 2324.695068359375), (1, 2717.332275390625)]","[(0, 3701.264404296875), (1, 3246.82568359375)]","[(0, 1455.0748291015625), (1, 1763.2752685546875)]"
483,"[(0, 2558.39404296875), (1, 3391.648193359375)]","[(0, 3658.293212890625), (1, 4092.657958984375)]","[(0, 1450.146484375), (1, 1484.10400390625)]","[(0, 3058.196044921875), (1, 2899.91552734375)]","[(0, 1809.5604248046875), (1, 1595.5660400390625)]","[(0, 3840.77490234375), (1, 3912.988037109375)]","[(0, 3176.298583984375), (1, 3075.859619140625)]","[(0, 1483.572021484375), (1, 1455.4842529296875)]","[(0, 3222.443359375), (1, 3317.3681640625)]","[(0, 1765.3499755859375), (1, 1260.460693359375)]","[(0, 1623.961669921875), (1, 1857.9876708984375)]"
484,"[(0, 2187.422607421875), (1, 2834.8740234375)]","[(0, 3124.368896484375), (1, 3046.093017578125)]","[(0, 4186.69677734375), (1, 4194.07763671875)]","[(0, 3507.3525390625), (1, 3556.62060546875)]","[(0, 1547.28173828125), (1, 1408.705810546875)]","[(0, 3534.48681640625), (1, 3393.0361328125)]","[(0, 6933.5263671875), (1, 7988.76318359375)]","[(0, 1456.25830078125), (1, 1905.407470703125)]","[(0, 2471.167724609375), (1, 1948.36083984375)]","[(0, 1812.8853759765625), (1, 1822.5540771484375)]","[(0, 2717.30615234375), (1, 3205.796142578125)]"
485,"[(0, 1629.151123046875), (1, 2107.64208984375)]","[(0, 2110.035400390625), (1, 2069.156494140625)]","[(0, 6206.19384765625), (1, 5802.76611328125)]","[(0, 4042.562744140625), (1, 4190.93115234375)]","[(0, 1283.1014404296875), (1, 916.2481079101562)]","[(0, 4034.8095703125), (1, 3962.848876953125)]","[(0, 6236.39306640625), (1, 7102.84619140625)]","[(0, 1176.4764404296875), (1, 1275.8204345703125)]","[(0, 1502.6754150390625), (1, 1491.4927978515625)]","[(0, 1320.3135986328125), (1, 1356.8468017578125)]","[(0, 2599.998046875), (1, 2588.29736328125)]"
486,"[(0, 1925.577392578125), (1, 2600.8076171875)]","[(0, 1194.6904296875), (1, 1546.5057373046875)]","[(0, 3791.91845703125), (1, 3763.98486328125)]","[(0, 4938.49560546875), (1, 4874.06201171875)]","[(0, 1685.6761474609375), (1, 1543.9541015625)]","[(0, 3941.846923828125), (1, 4038.890380859375)]","[(0, 1623.3345947265625), (1, 1840.98828125)]","[(0, 1196.3544921875), (1, 1245.0550537109375)]","[(0, 1679.0235595703125), (1, 1424.506103515625)]","[(0, 986.4175415039062), (1, 1049.9598388671875)]","[(0, 1669.85986328125), (1, 1991.015869140625)]"
487,"[(0, 2694.083251953125), (1, 3496.038330078125)]","[(0, 1620.4390869140625), (1, 2281.80126953125)]","[(0, 5073.11669921875), (1, 4849.45166015625)]","[(0, 2676.964599609375), (1, 2783.969482421875)]","[(0, 1422.8951416015625), (1, 1275.526123046875)]","[(0, 4986.978515625), (1, 5078.40771484375)]","[(0, 1818.796630859375), (1, 1988.181884765625)]","[(0, 2518.541259765625), (1, 3188.29248046875)]","[(0, 979.9730224609375), (1, 1042.5577392578125)]","[(0, 1231.1929931640625), (1, 1098.580078125)]","[(0, 1381.0263671875), (1, 1646.973876953125)]"
488,"[(0, 1719.5142822265625), (1, 2229.364013671875)]","[(0, 1358.7884521484375), (1, 1748.6201171875)]","[(0, 1204.753173828125), (1, 1115.078125)]","[(0, 2714.574951171875), (1, 2865.6728515625)]","[(0, 1718.419189453125), (1, 1552.6875)]","[(0, 4735.34814453125), (1, 4713.46923828125)]","[(0, 1922.762451171875), (1, 1915.38671875)]","[(0, 1805.5059814453125), (1, 1344.90380859375)]","[(0, 1928.3843994140625), (1, 2873.389892578125)]","[(0, 2637.633544921875), (1, 2425.822265625)]","[(0, 2536.60302734375), (1, 2449.090576171875)]"
489,"[(0, 1335.8719482421875), (1, 1677.60302734375)]","[(0, 1042.506103515625), (1, 1215.1068115234375)]","[(0, 2253.921875), (1, 1886.434326171875)]","[(0, 5342.27783203125), (1, 5496.42236328125)]","[(0, 1517.071044921875), (1, 1343.213134765625)]","[(0, 6852.33056640625), (1, 6692.447265625)]","[(0, 2691.2470703125), (1, 2662.096923828125)]","[(0, 2011.9700927734375), (1, 1645.1270751953125)]","[(0, 2544.3037109375), (1, 1413.7508544921875)]","[(0, 611.4930419921875), (1, 624.40283203125)]","[(0, 1905.811767578125), (1, 1938.175537109375)]"
490,"[(0, 2454.524658203125), (1, 3100.190673828125)]","[(0, 967.318603515625), (1, 1118.5662841796875)]","[(0, 4196.0458984375), (1, 3610.893310546875)]","[(0, 1948.441650390625), (1, 1960.2637939453125)]","[(0, 4854.69921875), (1, 3048.304443359375)]","[(0, 7649.6865234375), (1, 7657.474609375)]","[(0, 7160.8076171875), (1, 7942.7421875)]","[(0, 1383.498779296875), (1, 1381.1126708984375)]","[(0, 1272.597900390625), (1, 1446.2083740234375)]","[(0, 1246.037353515625), (1, 1423.198486328125)]","[(0, 2152.921630859375), (1, 2071.388427734375)]"
491,"[(0, 1821.430908203125), (1, 2258.0322265625)]","[(0, 1163.681884765625), (1, 1422.17822265625)]","[(0, 2067.60302734375), (1, 1674.9317626953125)]","[(0, 3492.36279296875), (1, 3482.850341796875)]","[(0, 2887.096435546875), (1, 1987.1934814453125)]","[(0, 2042.6544189453125), (1, 2076.430908203125)]","[(0, 5092.515625), (1, 4942.26953125)]","[(0, 1086.746826171875), (1, 1115.8956298828125)]","[(0, 1551.2510986328125), (1, 1187.6649169921875)]","[(0, 4298.2568359375), (1, 3919.236328125)]","[(0, 1463.4246826171875), (1, 1425.910888671875)]"
492,"[(0, 2414.230712890625), (1, 3022.122802734375)]","[(0, 1087.066650390625), (1, 1236.1561279296875)]","[(0, 2335.06494140625), (1, 2444.51220703125)]","[(0, 1293.341796875), (1, 1388.8201904296875)]","[(0, 1684.7144775390625), (1, 1222.931884765625)]","[(0, 2958.520263671875), (1, 2974.366943359375)]","[(0, 3792.35595703125), (1, 3816.8544921875)]","[(0, 1711.6495361328125), (1, 2019.2005615234375)]","[(0, 1009.8973388671875), (1, 877.2320556640625)]","[(0, 1592.986572265625), (1, 1521.8238525390625)]","[(0, 1941.4119873046875), (1, 1972.7286376953125)]"
493,"[(0, 1784.2227783203125), (1, 2212.296875)]","[(0, 1234.198974609375), (1, 1413.8748779296875)]","[(0, 7097.517578125), (1, 7473.47265625)]","[(0, 2794.890625), (1, 2649.164306640625)]","[(0, 1228.7308349609375), (1, 1088.820556640625)]","[(0, 4589.3369140625), (1, 4616.1572265625)]","[(0, 4917.51123046875), (1, 5490.1884765625)]","[(0, 2210.18896484375), (1, 2318.647216796875)]","[(0, 1653.78271484375), (1, 1564.3892822265625)]","[(0, 2483.07177734375), (1, 2910.042724609375)]","[(0, 1751.1634521484375), (1, 2111.481689453125)]"
494,"[(0, 2489.841796875), (1, 3160.552734375)]","[(0, 1156.4117431640625), (1, 1518.4605712890625)]","[(0, 4320.0458984375), (1, 4755.369140625)]","[(0, 2314.49609375), (1, 2220.90478515625)]","[(0, 2514.1787109375), (1, 2221.922607421875)]","[(0, 3788.957763671875), (1, 3785.6708984375)]","[(0, 3958.42236328125), (1, 4412.041015625)]","[(0, 1683.268310546875), (1, 1464.90625)]","[(0, 1772.1309814453125), (1, 1309.8583984375)]","[(0, 1222.5020751953125), (1, 1498.64892578125)]","[(0, 2083.628662109375), (1, 2443.325927734375)]"
495,"[(0, 1566.669921875), (1, 1910.4940185546875)]","[(0, 1609.9766845703125), (1, 2311.32421875)]","[(0, 1352.486572265625), (1, 1470.0556640625)]","[(0, 3578.20751953125), (1, 3684.3037109375)]","[(0, 893.4136352539062), (1, 801.7544555664062)]","[(0, 7447.0068359375), (1, 7457.51806640625)]","[(0, 9465.69921875), (1, 8923.4794921875)]","[(0, 1705.876708984375), (1, 1101.638427734375)]","[(0, 2355.849365234375), (1, 2230.716796875)]","[(0, 2789.610107421875), (1, 2932.6513671875)]","[(0, 2483.327392578125), (1, 2516.88818359375)]"
496,"[(0, 3114.39404296875), (1, 4163.19384765625)]","[(0, 1352.6639404296875), (1, 1778.909912109375)]","[(0, 3024.666015625), (1, 2753.7900390625)]","[(0, 2985.831787109375), (1, 2750.152587890625)]","[(0, 1454.8804931640625), (1, 1208.8197021484375)]","[(0, 4581.951171875), (1, 4607.72119140625)]","[(0, 12861.45703125), (1, 11934.947265625)]","[(0, 1887.0352783203125), (1, 1490.7476806640625)]","[(0, 1125.4041748046875), (1, 782.9772338867188)]","[(0, 3038.427734375), (1, 2780.413818359375)]","[(0, 933.1890258789062), (1, 1110.4549560546875)]"
497,"[(0, 1907.22998046875), (1, 2490.281005859375)]","[(0, 1000.93798828125), (1, 1167.829833984375)]","[(0, 2812.64404296875), (1, 2874.7041015625)]","[(0, 2827.2724609375), (1, 2824.8427734375)]","[(0, 764.5001220703125), (1, 695.9037475585938)]","[(0, 6146.59619140625), (1, 6192.7021484375)]","[(0, 3396.765869140625), (1, 3228.90380859375)]","[(0, 1904.97216796875), (1, 1870.73779296875)]","[(0, 2253.3994140625), (1, 2799.405517578125)]","[(0, 1552.6044921875), (1, 1403.7198486328125)]","[(0, 1857.1383056640625), (1, 1877.4005126953125)]"
498,"[(0, 1978.7703857421875), (1, 2597.00830078125)]","[(0, 822.8130493164062), (1, 997.7647705078125)]","[(0, 1737.784423828125), (1, 1412.6497802734375)]","[(0, 2552.5439453125), (1, 2705.86083984375)]","[(0, 834.8770141601562), (1, 783.9866943359375)]","[(0, 7756.6328125), (1, 7826.7265625)]","[(0, 4291.9326171875), (1, 4510.20458984375)]","[(0, 1252.002685546875), (1, 1265.0194091796875)]","[(0, 782.5046997070312), (1, 1264.734130859375)]","[(0, 1721.71630859375), (1, 2295.904296875)]","[(0, 2246.17431640625), (1, 2176.806396484375)]"
499,"[(0, 2661.3671875), (1, 3103.240478515625)]","[(0, 926.4074096679688), (1, 1184.9202880859375)]","[(0, 7501.4921875), (1, 7470.7080078125)]","[(0, 2319.202392578125), (1, 2198.045654296875)]","[(0, 2613.928466796875), (1, 1736.5477294921875)]","[(0, 1946.0870361328125), (1, 2000.4532470703125)]","[(0, 3394.60595703125), (1, 4085.505615234375)]","[(0, 1818.4447021484375), (1, 1968.0196533203125)]","[(0, 969.3890380859375), (1, 700.39990234375)]","[(0, 1214.5791015625), (1, 1307.10009765625)]","[(0, 1599.4248046875), (1, 1854.4296875)]"
