,anaphoric-one-semantics,anaphoric-one-syntax,island-adjunct,island-complex-np,island-wh,principle_a_command,principle_a_locality,question-formation_or,question-formation_rr,question-formation_sr,wanna
0,"[(0, 950.9354858398438), (1, 1157.217041015625)]","[(0, 1107.3394775390625), (1, 1230.9263916015625)]","[(0, 2148.608154296875), (1, 2170.832763671875)]","[(0, 1650.1480712890625), (1, 1632.6593017578125)]","[(0, 3146.253173828125), (1, 2182.368896484375)]","[(0, 4208.1806640625), (1, 4316.8046875)]","[(0, 6937.15087890625), (1, 7583.92724609375)]","[(0, 1187.57080078125), (1, 920.8690795898438)]","[(0, 2238.919921875), (1, 2146.949951171875)]","[(0, 1687.9107666015625), (1, 1457.0430908203125)]","[(0, 3133.359375), (1, 3175.550537109375)]"
1,"[(0, 1955.3375244140625), (1, 2570.122802734375)]","[(0, 1425.5062255859375), (1, 1652.459228515625)]","[(0, 1171.1103515625), (1, 1173.822509765625)]","[(0, 3029.197998046875), (1, 2992.565185546875)]","[(0, 3394.825927734375), (1, 2027.125732421875)]","[(0, 4639.6943359375), (1, 4431.4345703125)]","[(0, 5166.0654296875), (1, 5925.32470703125)]","[(0, 988.400146484375), (1, 667.8225708007812)]","[(0, 1569.01220703125), (1, 1115.029296875)]","[(0, 1442.4219970703125), (1, 1738.7567138671875)]","[(0, 1303.6807861328125), (1, 1556.58154296875)]"
2,"[(0, 1736.2901611328125), (1, 2241.782958984375)]","[(0, 1279.1934814453125), (1, 1351.53955078125)]","[(0, 1216.5213623046875), (1, 1247.018798828125)]","[(0, 2942.157470703125), (1, 2939.86474609375)]","[(0, 1496.2769775390625), (1, 1272.412109375)]","[(0, 7666.55029296875), (1, 7578.67822265625)]","[(0, 1595.1376953125), (1, 1578.1046142578125)]","[(0, 647.3148193359375), (1, 750.5499877929688)]","[(0, 1744.2806396484375), (1, 1410.09375)]","[(0, 3535.767822265625), (1, 4050.94140625)]","[(0, 1769.5733642578125), (1, 2068.265625)]"
3,"[(0, 2234.63671875), (1, 2841.917236328125)]","[(0, 1324.870849609375), (1, 1360.0751953125)]","[(0, 6053.7958984375), (1, 6309.46044921875)]","[(0, 3657.023681640625), (1, 3642.967529296875)]","[(0, 1459.291748046875), (1, 1247.2398681640625)]","[(0, 4539.42724609375), (1, 4532.103515625)]","[(0, 4683.86767578125), (1, 4830.90478515625)]","[(0, 2246.563232421875), (1, 2072.912841796875)]","[(0, 1172.6683349609375), (1, 1380.77685546875)]","[(0, 1825.33984375), (1, 1498.3438720703125)]","[(0, 2729.944091796875), (1, 2709.474609375)]"
4,"[(0, 1409.4295654296875), (1, 1862.985107421875)]","[(0, 733.5499267578125), (1, 653.9527587890625)]","[(0, 5523.53173828125), (1, 5129.1689453125)]","[(0, 3415.964599609375), (1, 3626.97998046875)]","[(0, 4353.3056640625), (1, 2627.9619140625)]","[(0, 3358.0341796875), (1, 3329.373779296875)]","[(0, 3763.0478515625), (1, 3702.662353515625)]","[(0, 1306.8800048828125), (1, 1213.21240234375)]","[(0, 1730.329345703125), (1, 2728.73095703125)]","[(0, 605.0704956054688), (1, 600.2221069335938)]","[(0, 2347.16943359375), (1, 2417.910400390625)]"
5,"[(0, 1321.7467041015625), (1, 1740.222412109375)]","[(0, 433.8594055175781), (1, 389.8342590332031)]","[(0, 2674.053466796875), (1, 2675.237060546875)]","[(0, 2390.532958984375), (1, 2563.6318359375)]","[(0, 4774.50927734375), (1, 2894.436767578125)]","[(0, 3879.40576171875), (1, 4065.17138671875)]","[(0, 5030.7626953125), (1, 5232.30859375)]","[(0, 1577.2740478515625), (1, 1597.2109375)]","[(0, 1527.3226318359375), (1, 1955.8271484375)]","[(0, 889.3031616210938), (1, 1114.32763671875)]","[(0, 1399.906494140625), (1, 1663.0587158203125)]"
6,"[(0, 1522.5548095703125), (1, 1946.1444091796875)]","[(0, 1517.9053955078125), (1, 1829.90478515625)]","[(0, 1835.9659423828125), (1, 1663.130126953125)]","[(0, 2476.898681640625), (1, 2430.26123046875)]","[(0, 2221.623779296875), (1, 1996.0491943359375)]","[(0, 2832.3095703125), (1, 2693.338134765625)]","[(0, 9366.3193359375), (1, 10419.4599609375)]","[(0, 1024.8753662109375), (1, 1110.4857177734375)]","[(0, 1941.3729248046875), (1, 1714.482421875)]","[(0, 2142.78515625), (1, 1934.42138671875)]","[(0, 2668.354736328125), (1, 2696.078857421875)]"
7,"[(0, 1401.826904296875), (1, 1875.4937744140625)]","[(0, 2009.6640625), (1, 2524.64111328125)]","[(0, 1445.5279541015625), (1, 1637.7274169921875)]","[(0, 5890.75830078125), (1, 5728.4599609375)]","[(0, 2129.473388671875), (1, 1819.39794921875)]","[(0, 2584.04296875), (1, 2649.04443359375)]","[(0, 8098.39501953125), (1, 8845.580078125)]","[(0, 1907.1400146484375), (1, 1935.20751953125)]","[(0, 1050.5718994140625), (1, 1476.316162109375)]","[(0, 1508.6373291015625), (1, 1511.083740234375)]","[(0, 2304.821044921875), (1, 2379.050048828125)]"
8,"[(0, 2036.9371337890625), (1, 2736.51806640625)]","[(0, 1622.1151123046875), (1, 1816.078857421875)]","[(0, 4284.80029296875), (1, 4140.33984375)]","[(0, 3716.62255859375), (1, 3685.818359375)]","[(0, 4136.74072265625), (1, 2358.147705078125)]","[(0, 3569.88037109375), (1, 3480.9111328125)]","[(0, 3433.254638671875), (1, 3397.6728515625)]","[(0, 1002.5009155273438), (1, 1146.92578125)]","[(0, 2210.568359375), (1, 3024.317138671875)]","[(0, 1712.412841796875), (1, 2253.498291015625)]","[(0, 762.8773803710938), (1, 919.761474609375)]"
9,"[(0, 1779.504638671875), (1, 2363.809326171875)]","[(0, 1136.0787353515625), (1, 1213.710693359375)]","[(0, 2173.44287109375), (1, 2302.5634765625)]","[(0, 6127.17724609375), (1, 6144.04736328125)]","[(0, 1009.6416625976562), (1, 856.5256958007812)]","[(0, 2368.60009765625), (1, 2377.045166015625)]","[(0, 4869.22607421875), (1, 5052.72119140625)]","[(0, 1474.1409912109375), (1, 1357.4027099609375)]","[(0, 927.1829833984375), (1, 1316.194580078125)]","[(0, 3756.7802734375), (1, 2037.34814453125)]","[(0, 1705.0244140625), (1, 1994.8416748046875)]"
10,"[(0, 1541.3692626953125), (1, 1956.275634765625)]","[(0, 716.9400024414062), (1, 616.1691284179688)]","[(0, 6479.89013671875), (1, 6453.24853515625)]","[(0, 2366.73388671875), (1, 2281.6259765625)]","[(0, 742.372314453125), (1, 633.2783813476562)]","[(0, 2048.214111328125), (1, 2028.7908935546875)]","[(0, 6374.49609375), (1, 8726.95703125)]","[(0, 1427.111328125), (1, 1172.5352783203125)]","[(0, 2929.456298828125), (1, 2808.06201171875)]","[(0, 1591.1949462890625), (1, 1499.52734375)]","[(0, 2062.8369140625), (1, 2100.06396484375)]"
11,"[(0, 1435.8238525390625), (1, 1807.7432861328125)]","[(0, 581.7124633789062), (1, 510.45526123046875)]","[(0, 1302.109619140625), (1, 1244.0728759765625)]","[(0, 2627.24755859375), (1, 2632.392822265625)]","[(0, 1560.931884765625), (1, 948.9319458007812)]","[(0, 5102.07275390625), (1, 5234.14501953125)]","[(0, 6110.14501953125), (1, 7905.478515625)]","[(0, 1377.562255859375), (1, 1250.86767578125)]","[(0, 975.4159545898438), (1, 861.2667236328125)]","[(0, 1785.29931640625), (1, 1600.3173828125)]","[(0, 1729.241455078125), (1, 1755.5487060546875)]"
12,"[(0, 2103.551513671875), (1, 2877.477294921875)]","[(0, 705.567138671875), (1, 840.3853149414062)]","[(0, 5026.2548828125), (1, 5013.0283203125)]","[(0, 3451.24755859375), (1, 3422.388427734375)]","[(0, 1750.63916015625), (1, 1483.8662109375)]","[(0, 5607.27294921875), (1, 5467.443359375)]","[(0, 5386.56103515625), (1, 5257.06640625)]","[(0, 1658.4481201171875), (1, 2131.200439453125)]","[(0, 983.2823486328125), (1, 1082.492431640625)]","[(0, 2324.369140625), (1, 1999.05615234375)]","[(0, 1861.9619140625), (1, 1850.396484375)]"
13,"[(0, 1834.0689697265625), (1, 2482.41943359375)]","[(0, 919.498291015625), (1, 1206.610595703125)]","[(0, 2621.19873046875), (1, 2736.765869140625)]","[(0, 6043.87939453125), (1, 6075.4208984375)]","[(0, 1719.7939453125), (1, 1440.61279296875)]","[(0, 3318.310791015625), (1, 3319.1494140625)]","[(0, 4022.165771484375), (1, 3977.61181640625)]","[(0, 844.3240356445312), (1, 770.9915161132812)]","[(0, 1830.9293212890625), (1, 1621.27294921875)]","[(0, 3148.378173828125), (1, 3678.658203125)]","[(0, 1190.01513671875), (1, 1444.92138671875)]"
14,"[(0, 1849.0513916015625), (1, 2451.567626953125)]","[(0, 716.3187255859375), (1, 867.227783203125)]","[(0, 1629.512451171875), (1, 1613.9937744140625)]","[(0, 7666.69677734375), (1, 8169.24658203125)]","[(0, 2000.68603515625), (1, 1219.524658203125)]","[(0, 4552.72802734375), (1, 4603.904296875)]","[(0, 3190.740966796875), (1, 3134.0556640625)]","[(0, 1436.3353271484375), (1, 1471.4744873046875)]","[(0, 1592.205078125), (1, 1027.079833984375)]","[(0, 1720.4500732421875), (1, 2404.396484375)]","[(0, 2317.0302734375), (1, 2372.1435546875)]"
15,"[(0, 1652.21875), (1, 2057.29052734375)]","[(0, 656.207763671875), (1, 758.0072631835938)]","[(0, 1164.0281982421875), (1, 1087.9549560546875)]","[(0, 2066.281494140625), (1, 2099.261962890625)]","[(0, 961.4884643554688), (1, 835.6046752929688)]","[(0, 6183.53125), (1, 6342.79296875)]","[(0, 4687.27734375), (1, 4917.98046875)]","[(0, 1196.9541015625), (1, 1728.7369384765625)]","[(0, 1581.0164794921875), (1, 1949.5484619140625)]","[(0, 1232.0186767578125), (1, 1147.6614990234375)]","[(0, 1024.89697265625), (1, 1256.33251953125)]"
16,"[(0, 1841.6002197265625), (1, 2371.70703125)]","[(0, 574.3084106445312), (1, 494.09454345703125)]","[(0, 3330.621826171875), (1, 3241.615478515625)]","[(0, 3134.1572265625), (1, 3129.0771484375)]","[(0, 1351.19287109375), (1, 1185.8759765625)]","[(0, 5177.271484375), (1, 5040.8623046875)]","[(0, 6374.86083984375), (1, 6918.69091796875)]","[(0, 1383.087158203125), (1, 1458.99267578125)]","[(0, 940.0574951171875), (1, 675.5532836914062)]","[(0, 1846.415283203125), (1, 1706.5478515625)]","[(0, 1578.3505859375), (1, 1849.0416259765625)]"
17,"[(0, 1444.1651611328125), (1, 1895.12841796875)]","[(0, 766.2299194335938), (1, 706.1686401367188)]","[(0, 4078.95751953125), (1, 3995.48046875)]","[(0, 1559.318359375), (1, 1634.3946533203125)]","[(0, 1330.6024169921875), (1, 1196.2568359375)]","[(0, 3780.828857421875), (1, 3765.431640625)]","[(0, 8189.5673828125), (1, 8670.140625)]","[(0, 1815.3482666015625), (1, 1393.1851806640625)]","[(0, 1894.9332275390625), (1, 2112.692138671875)]","[(0, 2521.254638671875), (1, 2548.02978515625)]","[(0, 2396.144287109375), (1, 2445.716552734375)]"
18,"[(0, 1892.984375), (1, 2498.845458984375)]","[(0, 985.8311157226562), (1, 1312.734619140625)]","[(0, 3772.27880859375), (1, 3394.256103515625)]","[(0, 2332.030517578125), (1, 2147.716796875)]","[(0, 3323.710693359375), (1, 1934.89453125)]","[(0, 5668.26953125), (1, 5750.19580078125)]","[(0, 5246.63916015625), (1, 5394.375)]","[(0, 2611.645751953125), (1, 3025.0986328125)]","[(0, 1276.907470703125), (1, 1469.362548828125)]","[(0, 1600.9493408203125), (1, 1354.6739501953125)]","[(0, 951.97802734375), (1, 1109.942626953125)]"
19,"[(0, 1638.3272705078125), (1, 2166.451171875)]","[(0, 1266.9288330078125), (1, 1872.7958984375)]","[(0, 3137.620361328125), (1, 3113.134765625)]","[(0, 2160.318603515625), (1, 2258.132568359375)]","[(0, 869.5541381835938), (1, 746.088623046875)]","[(0, 5086.36181640625), (1, 5089.18017578125)]","[(0, 5149.87744140625), (1, 5374.2255859375)]","[(0, 1638.2139892578125), (1, 1570.71826171875)]","[(0, 811.3255615234375), (1, 735.52294921875)]","[(0, 1558.2725830078125), (1, 1398.1751708984375)]","[(0, 2146.666259765625), (1, 2246.86962890625)]"
20,"[(0, 1613.7813720703125), (1, 2178.541748046875)]","[(0, 1116.98486328125), (1, 1452.6580810546875)]","[(0, 5719.33349609375), (1, 5829.55126953125)]","[(0, 2685.466796875), (1, 2762.42041015625)]","[(0, 3564.86572265625), (1, 2152.121826171875)]","[(0, 9178.9326171875), (1, 9110.4560546875)]","[(0, 4760.9228515625), (1, 4760.44677734375)]","[(0, 1480.5281982421875), (1, 1398.17724609375)]","[(0, 1218.8829345703125), (1, 1035.0489501953125)]","[(0, 1702.964599609375), (1, 1696.2332763671875)]","[(0, 2329.470947265625), (1, 2328.161865234375)]"
21,"[(0, 1611.3284912109375), (1, 2108.079345703125)]","[(0, 918.89306640625), (1, 1128.6285400390625)]","[(0, 1004.0772705078125), (1, 997.686279296875)]","[(0, 2450.921142578125), (1, 2647.906494140625)]","[(0, 1247.52783203125), (1, 1096.409423828125)]","[(0, 3610.029052734375), (1, 3835.4892578125)]","[(0, 2746.5615234375), (1, 2791.4931640625)]","[(0, 1284.048828125), (1, 1336.2236328125)]","[(0, 1705.582275390625), (1, 1811.4501953125)]","[(0, 753.1893920898438), (1, 790.1095581054688)]","[(0, 2313.576904296875), (1, 2327.601318359375)]"
22,"[(0, 1664.2606201171875), (1, 2220.837890625)]","[(0, 612.1126708984375), (1, 530.0175170898438)]","[(0, 1703.6298828125), (1, 1991.8818359375)]","[(0, 5255.888671875), (1, 5598.50439453125)]","[(0, 2751.802734375), (1, 1662.6558837890625)]","[(0, 8867.7685546875), (1, 8509.34765625)]","[(0, 5530.65283203125), (1, 7259.53369140625)]","[(0, 1179.119384765625), (1, 1469.898681640625)]","[(0, 1638.317138671875), (1, 1940.9296875)]","[(0, 1351.9173583984375), (1, 1723.1036376953125)]","[(0, 896.4105224609375), (1, 1042.63330078125)]"
23,"[(0, 2027.8585205078125), (1, 2638.133056640625)]","[(0, 1382.0711669921875), (1, 1491.0220947265625)]","[(0, 876.5931396484375), (1, 940.3237915039062)]","[(0, 3963.63525390625), (1, 4156.45751953125)]","[(0, 1574.1688232421875), (1, 1403.792724609375)]","[(0, 9407.337890625), (1, 9419.6005859375)]","[(0, 2901.1962890625), (1, 3643.4296875)]","[(0, 1467.4405517578125), (1, 1461.386474609375)]","[(0, 1431.9852294921875), (1, 1342.017822265625)]","[(0, 861.8977661132812), (1, 949.5838012695312)]","[(0, 3120.244873046875), (1, 3088.866943359375)]"
24,"[(0, 1935.1556396484375), (1, 2609.234619140625)]","[(0, 1619.742919921875), (1, 1804.8983154296875)]","[(0, 7468.314453125), (1, 7457.005859375)]","[(0, 1578.337158203125), (1, 1552.3358154296875)]","[(0, 2276.371826171875), (1, 1403.725830078125)]","[(0, 2961.895263671875), (1, 2988.21044921875)]","[(0, 2111.787841796875), (1, 2091.02490234375)]","[(0, 1534.4794921875), (1, 1377.0860595703125)]","[(0, 1632.1634521484375), (1, 1979.5301513671875)]","[(0, 938.1812133789062), (1, 1738.1580810546875)]","[(0, 1502.077392578125), (1, 1509.546875)]"
25,"[(0, 2135.274169921875), (1, 2850.776123046875)]","[(0, 1581.2645263671875), (1, 1568.6336669921875)]","[(0, 5898.150390625), (1, 5743.41015625)]","[(0, 4787.80517578125), (1, 4766.1748046875)]","[(0, 2292.092041015625), (1, 1529.3909912109375)]","[(0, 2500.962646484375), (1, 2582.7705078125)]","[(0, 3363.274658203125), (1, 3335.1923828125)]","[(0, 1087.47509765625), (1, 975.8010864257812)]","[(0, 3341.10107421875), (1, 2784.663818359375)]","[(0, 651.4050903320312), (1, 1012.231689453125)]","[(0, 1978.0535888671875), (1, 1999.5966796875)]"
26,"[(0, 2005.3516845703125), (1, 2639.320556640625)]","[(0, 1142.7930908203125), (1, 1133.3792724609375)]","[(0, 5890.76953125), (1, 6080.01171875)]","[(0, 5018.10791015625), (1, 4794.119140625)]","[(0, 3210.164794921875), (1, 2029.076171875)]","[(0, 4400.7578125), (1, 4301.33251953125)]","[(0, 4212.9228515625), (1, 4287.20361328125)]","[(0, 1935.284912109375), (1, 1960.947265625)]","[(0, 1364.2342529296875), (1, 891.322265625)]","[(0, 1345.3975830078125), (1, 1008.3609008789062)]","[(0, 2275.172607421875), (1, 2289.267333984375)]"
27,"[(0, 1455.9451904296875), (1, 1865.927001953125)]","[(0, 579.6822509765625), (1, 501.7399597167969)]","[(0, 3269.7578125), (1, 2775.109130859375)]","[(0, 4299.720703125), (1, 4371.8984375)]","[(0, 1528.525634765625), (1, 1307.0557861328125)]","[(0, 3647.824462890625), (1, 3708.326904296875)]","[(0, 4173.0078125), (1, 4412.9794921875)]","[(0, 2321.209228515625), (1, 2868.859619140625)]","[(0, 1497.2017822265625), (1, 1939.12939453125)]","[(0, 2574.5322265625), (1, 3173.79443359375)]","[(0, 1044.3236083984375), (1, 1235.0267333984375)]"
28,"[(0, 1892.84521484375), (1, 2489.755126953125)]","[(0, 1217.5218505859375), (1, 1321.11474609375)]","[(0, 1794.197998046875), (1, 1663.1744384765625)]","[(0, 2458.198974609375), (1, 2606.012939453125)]","[(0, 1603.0914306640625), (1, 1340.58837890625)]","[(0, 3867.868896484375), (1, 3771.674560546875)]","[(0, 6914.69384765625), (1, 9249.759765625)]","[(0, 1013.1980590820312), (1, 1398.9569091796875)]","[(0, 758.0813598632812), (1, 1039.5738525390625)]","[(0, 2031.3482666015625), (1, 1744.4818115234375)]","[(0, 2795.424072265625), (1, 2820.501953125)]"
29,"[(0, 2102.26025390625), (1, 2802.342529296875)]","[(0, 594.2085571289062), (1, 511.28857421875)]","[(0, 1431.5059814453125), (1, 1415.1470947265625)]","[(0, 2357.15283203125), (1, 2356.677490234375)]","[(0, 4854.42578125), (1, 3205.435302734375)]","[(0, 2387.001953125), (1, 2392.11328125)]","[(0, 6189.72607421875), (1, 8275.931640625)]","[(0, 2060.8173828125), (1, 1633.74560546875)]","[(0, 4303.81103515625), (1, 3084.981201171875)]","[(0, 2673.929931640625), (1, 2432.002197265625)]","[(0, 1698.61279296875), (1, 1981.901611328125)]"
30,"[(0, 1662.216064453125), (1, 2092.071044921875)]","[(0, 615.3740234375), (1, 542.562255859375)]","[(0, 6704.5849609375), (1, 6473.021484375)]","[(0, 3894.269775390625), (1, 3945.781005859375)]","[(0, 4663.64501953125), (1, 3061.4755859375)]","[(0, 2837.8046875), (1, 2878.9375)]","[(0, 1959.3790283203125), (1, 1924.6309814453125)]","[(0, 1200.8311767578125), (1, 1201.424072265625)]","[(0, 1325.1943359375), (1, 1069.2811279296875)]","[(0, 1449.4136962890625), (1, 1237.4559326171875)]","[(0, 2643.889404296875), (1, 3122.27783203125)]"
31,"[(0, 2565.899169921875), (1, 3354.606201171875)]","[(0, 1749.481689453125), (1, 1993.720458984375)]","[(0, 2857.887451171875), (1, 2689.876708984375)]","[(0, 1705.5887451171875), (1, 1786.5086669921875)]","[(0, 2266.83544921875), (1, 2048.359375)]","[(0, 5697.0791015625), (1, 5592.0634765625)]","[(0, 1774.0560302734375), (1, 1812.632080078125)]","[(0, 1219.05029296875), (1, 895.1824951171875)]","[(0, 1198.0098876953125), (1, 1251.0997314453125)]","[(0, 2183.607421875), (1, 3161.556640625)]","[(0, 1489.6512451171875), (1, 1774.3250732421875)]"
32,"[(0, 1980.901123046875), (1, 2631.10400390625)]","[(0, 2259.33447265625), (1, 2342.311279296875)]","[(0, 1742.88134765625), (1, 1985.60400390625)]","[(0, 4574.57177734375), (1, 4559.46728515625)]","[(0, 2300.78662109375), (1, 2133.775146484375)]","[(0, 6385.8623046875), (1, 6290.5048828125)]","[(0, 3913.973388671875), (1, 4171.36474609375)]","[(0, 1149.013427734375), (1, 954.7652587890625)]","[(0, 1068.4764404296875), (1, 1481.3212890625)]","[(0, 1335.22314453125), (1, 1102.431884765625)]","[(0, 2958.3623046875), (1, 3040.29443359375)]"
33,"[(0, 2262.772705078125), (1, 3076.364013671875)]","[(0, 1873.8187255859375), (1, 1887.31787109375)]","[(0, 5230.51708984375), (1, 5412.89111328125)]","[(0, 2555.089111328125), (1, 2518.153564453125)]","[(0, 6323.1162109375), (1, 3989.982177734375)]","[(0, 4557.33251953125), (1, 4793.05908203125)]","[(0, 3449.34228515625), (1, 3774.3515625)]","[(0, 1266.5989990234375), (1, 1215.56103515625)]","[(0, 1373.26123046875), (1, 826.7489624023438)]","[(0, 2323.971435546875), (1, 2848.597900390625)]","[(0, 716.9236450195312), (1, 860.0233154296875)]"
34,"[(0, 1227.8641357421875), (1, 1574.6026611328125)]","[(0, 1477.704833984375), (1, 1498.6009521484375)]","[(0, 3206.10791015625), (1, 3168.87060546875)]","[(0, 4794.736328125), (1, 4741.6162109375)]","[(0, 1947.3521728515625), (1, 1374.458740234375)]","[(0, 10026.0517578125), (1, 9685.939453125)]","[(0, 3448.776611328125), (1, 3207.29443359375)]","[(0, 2239.8564453125), (1, 3249.672607421875)]","[(0, 880.079833984375), (1, 1288.1024169921875)]","[(0, 1442.6434326171875), (1, 1127.2286376953125)]","[(0, 1773.4049072265625), (1, 2025.662841796875)]"
35,"[(0, 2051.806396484375), (1, 2735.004638671875)]","[(0, 1782.7923583984375), (1, 1819.9114990234375)]","[(0, 7716.9228515625), (1, 7557.00439453125)]","[(0, 3752.3974609375), (1, 3887.83544921875)]","[(0, 1001.7931518554688), (1, 880.3584594726562)]","[(0, 9359.2392578125), (1, 9328.9228515625)]","[(0, 6033.60595703125), (1, 6374.4658203125)]","[(0, 3012.664306640625), (1, 3997.51611328125)]","[(0, 2921.978759765625), (1, 1894.8536376953125)]","[(0, 2323.860595703125), (1, 2527.550048828125)]","[(0, 1932.5054931640625), (1, 2290.540771484375)]"
36,"[(0, 1454.343017578125), (1, 1885.3740234375)]","[(0, 2418.57666015625), (1, 2586.85009765625)]","[(0, 1945.3270263671875), (1, 2010.185546875)]","[(0, 2971.5517578125), (1, 2942.811279296875)]","[(0, 1600.99365234375), (1, 1372.251220703125)]","[(0, 3039.63623046875), (1, 3082.966552734375)]","[(0, 5530.55224609375), (1, 6859.71875)]","[(0, 1798.3023681640625), (1, 2343.260986328125)]","[(0, 1670.990234375), (1, 1624.69970703125)]","[(0, 741.4227905273438), (1, 570.6997680664062)]","[(0, 2319.831787109375), (1, 2340.63427734375)]"
37,"[(0, 1665.609375), (1, 2224.5263671875)]","[(0, 2046.61962890625), (1, 2228.156982421875)]","[(0, 3358.61083984375), (1, 3362.694091796875)]","[(0, 1899.9075927734375), (1, 1882.8289794921875)]","[(0, 1865.921630859375), (1, 1590.93017578125)]","[(0, 3039.853515625), (1, 3186.884765625)]","[(0, 5558.18994140625), (1, 6655.68408203125)]","[(0, 1016.0398559570312), (1, 1147.78955078125)]","[(0, 1270.938720703125), (1, 1930.0606689453125)]","[(0, 2383.893310546875), (1, 2172.673095703125)]","[(0, 1951.2318115234375), (1, 2309.002197265625)]"
38,"[(0, 1220.4071044921875), (1, 1605.0205078125)]","[(0, 1361.1878662109375), (1, 1450.560791015625)]","[(0, 1174.9974365234375), (1, 1208.473388671875)]","[(0, 3855.943603515625), (1, 3821.440185546875)]","[(0, 2549.385009765625), (1, 1519.7362060546875)]","[(0, 2688.9482421875), (1, 2550.523193359375)]","[(0, 2360.314208984375), (1, 2435.112060546875)]","[(0, 1861.448974609375), (1, 2281.708740234375)]","[(0, 1546.593505859375), (1, 1604.21630859375)]","[(0, 1059.8743896484375), (1, 1294.728271484375)]","[(0, 4003.56298828125), (1, 4021.50244140625)]"
39,"[(0, 1521.606201171875), (1, 1935.5579833984375)]","[(0, 582.393310546875), (1, 501.8626708984375)]","[(0, 7913.8515625), (1, 8107.42822265625)]","[(0, 3202.208740234375), (1, 3330.31982421875)]","[(0, 2131.048828125), (1, 1275.470703125)]","[(0, 1527.58056640625), (1, 1496.8963623046875)]","[(0, 2373.551025390625), (1, 2559.564453125)]","[(0, 1187.91748046875), (1, 927.4393920898438)]","[(0, 1757.237060546875), (1, 1694.1566162109375)]","[(0, 1587.529052734375), (1, 1773.8658447265625)]","[(0, 2337.960693359375), (1, 2391.683349609375)]"
40,"[(0, 2206.6455078125), (1, 3022.961669921875)]","[(0, 537.9327392578125), (1, 455.78826904296875)]","[(0, 2413.561767578125), (1, 2238.962890625)]","[(0, 1573.8670654296875), (1, 1663.951904296875)]","[(0, 1045.9915771484375), (1, 930.9299926757812)]","[(0, 3887.753662109375), (1, 3973.244384765625)]","[(0, 4047.558349609375), (1, 4025.76171875)]","[(0, 1401.97314453125), (1, 1761.681884765625)]","[(0, 920.3721923828125), (1, 933.710693359375)]","[(0, 1558.97412109375), (1, 1413.879638671875)]","[(0, 2286.21630859375), (1, 2313.18212890625)]"
41,"[(0, 1690.3671875), (1, 2204.455810546875)]","[(0, 824.7716064453125), (1, 753.7542114257812)]","[(0, 6192.7138671875), (1, 5835.95361328125)]","[(0, 2487.86474609375), (1, 2564.150146484375)]","[(0, 1073.239501953125), (1, 964.3035278320312)]","[(0, 2648.705810546875), (1, 2676.044677734375)]","[(0, 3342.496826171875), (1, 3492.56591796875)]","[(0, 1512.773681640625), (1, 1198.916748046875)]","[(0, 1959.6920166015625), (1, 1607.3487548828125)]","[(0, 1618.004638671875), (1, 1910.0704345703125)]","[(0, 771.5108642578125), (1, 890.4619750976562)]"
42,"[(0, 1324.4464111328125), (1, 1776.1070556640625)]","[(0, 1613.6451416015625), (1, 1972.8388671875)]","[(0, 2553.327880859375), (1, 2338.8125)]","[(0, 3880.73046875), (1, 4000.841796875)]","[(0, 3543.3359375), (1, 2218.891357421875)]","[(0, 2299.150390625), (1, 2222.288330078125)]","[(0, 3296.930419921875), (1, 3424.621826171875)]","[(0, 1455.3494873046875), (1, 1399.0189208984375)]","[(0, 1359.48193359375), (1, 1220.96533203125)]","[(0, 1315.398193359375), (1, 1618.6134033203125)]","[(0, 2796.4599609375), (1, 2833.94970703125)]"
43,"[(0, 1547.81591796875), (1, 2015.248046875)]","[(0, 2036.4234619140625), (1, 2576.18505859375)]","[(0, 4589.8408203125), (1, 4645.1533203125)]","[(0, 3633.661865234375), (1, 3371.553466796875)]","[(0, 3667.969970703125), (1, 2276.709228515625)]","[(0, 2055.60498046875), (1, 2084.90380859375)]","[(0, 2900.49658203125), (1, 3243.20166015625)]","[(0, 1505.2601318359375), (1, 1526.626708984375)]","[(0, 655.2955932617188), (1, 1062.099365234375)]","[(0, 1135.01318359375), (1, 1917.62939453125)]","[(0, 2254.122802734375), (1, 2627.152587890625)]"
44,"[(0, 1709.961669921875), (1, 2199.130859375)]","[(0, 1758.1749267578125), (1, 1985.47998046875)]","[(0, 1869.4588623046875), (1, 1971.7364501953125)]","[(0, 1119.0528564453125), (1, 1171.07080078125)]","[(0, 4588.7421875), (1, 2935.7587890625)]","[(0, 3579.449951171875), (1, 3497.7890625)]","[(0, 4576.884765625), (1, 4461.22314453125)]","[(0, 1659.1783447265625), (1, 1487.3721923828125)]","[(0, 1691.1307373046875), (1, 1492.0576171875)]","[(0, 1767.5164794921875), (1, 2134.875244140625)]","[(0, 1379.7469482421875), (1, 1670.837158203125)]"
45,"[(0, 2600.4951171875), (1, 3481.186767578125)]","[(0, 1018.310791015625), (1, 1093.753662109375)]","[(0, 4809.68505859375), (1, 5059.4384765625)]","[(0, 1964.297607421875), (1, 1981.148681640625)]","[(0, 4037.126708984375), (1, 3512.092041015625)]","[(0, 4137.67529296875), (1, 3938.356201171875)]","[(0, 2862.356689453125), (1, 2822.847412109375)]","[(0, 2237.25), (1, 2419.32080078125)]","[(0, 828.0099487304688), (1, 989.2913208007812)]","[(0, 767.5478515625), (1, 781.0203247070312)]","[(0, 3226.391845703125), (1, 3333.389404296875)]"
46,"[(0, 1570.121337890625), (1, 1994.7191162109375)]","[(0, 473.8569030761719), (1, 400.9424133300781)]","[(0, 2651.743896484375), (1, 3140.362548828125)]","[(0, 1579.2850341796875), (1, 1546.5389404296875)]","[(0, 3728.817626953125), (1, 3252.865966796875)]","[(0, 5798.71142578125), (1, 5848.26171875)]","[(0, 3577.83203125), (1, 3407.3330078125)]","[(0, 1104.9322509765625), (1, 1082.6875)]","[(0, 3079.71923828125), (1, 3694.86669921875)]","[(0, 3832.0087890625), (1, 2598.797119140625)]","[(0, 1577.3275146484375), (1, 1917.849853515625)]"
47,"[(0, 1693.3045654296875), (1, 2172.447998046875)]","[(0, 624.9378051757812), (1, 553.9642333984375)]","[(0, 6848.51513671875), (1, 6722.37109375)]","[(0, 3224.890625), (1, 3210.875244140625)]","[(0, 3552.922119140625), (1, 2069.138671875)]","[(0, 4010.690185546875), (1, 4047.921142578125)]","[(0, 4897.52734375), (1, 5062.76416015625)]","[(0, 918.2250366210938), (1, 1113.041015625)]","[(0, 793.1126708984375), (1, 923.9854125976562)]","[(0, 1628.55322265625), (1, 2243.44482421875)]","[(0, 1907.60546875), (1, 2218.192138671875)]"
48,"[(0, 2383.265869140625), (1, 2958.040771484375)]","[(0, 690.6495361328125), (1, 624.6410522460938)]","[(0, 1575.4176025390625), (1, 1732.0662841796875)]","[(0, 1768.3526611328125), (1, 1846.4884033203125)]","[(0, 2945.3203125), (1, 1759.20068359375)]","[(0, 3970.39599609375), (1, 3864.473388671875)]","[(0, 3239.461181640625), (1, 3102.50048828125)]","[(0, 605.1417846679688), (1, 638.4351806640625)]","[(0, 860.509765625), (1, 677.7217407226562)]","[(0, 895.6427612304688), (1, 970.4898681640625)]","[(0, 1818.97802734375), (1, 2173.20556640625)]"
49,"[(0, 2553.159912109375), (1, 3404.782958984375)]","[(0, 1170.5772705078125), (1, 1204.581298828125)]","[(0, 3393.997314453125), (1, 3429.8740234375)]","[(0, 1646.4195556640625), (1, 1764.322509765625)]","[(0, 2408.18408203125), (1, 2059.779052734375)]","[(0, 7447.2412109375), (1, 7354.5068359375)]","[(0, 3286.561279296875), (1, 3384.133056640625)]","[(0, 3287.55224609375), (1, 3080.953369140625)]","[(0, 952.2899169921875), (1, 869.863525390625)]","[(0, 1693.361083984375), (1, 2011.96630859375)]","[(0, 1084.5384521484375), (1, 1254.3607177734375)]"
50,"[(0, 2078.24365234375), (1, 2821.23779296875)]","[(0, 1263.9256591796875), (1, 1317.3228759765625)]","[(0, 2163.60302734375), (1, 2212.753662109375)]","[(0, 2473.111572265625), (1, 2455.01025390625)]","[(0, 2384.11279296875), (1, 2036.28759765625)]","[(0, 5421.5751953125), (1, 5478.75927734375)]","[(0, 4631.48046875), (1, 5351.10400390625)]","[(0, 1791.9912109375), (1, 1915.9659423828125)]","[(0, 1835.54052734375), (1, 1630.687744140625)]","[(0, 1160.1746826171875), (1, 1250.5904541015625)]","[(0, 998.4334716796875), (1, 1161.9779052734375)]"
51,"[(0, 2085.17919921875), (1, 2635.96630859375)]","[(0, 1208.5799560546875), (1, 1264.92236328125)]","[(0, 3267.148681640625), (1, 3112.7373046875)]","[(0, 3313.478759765625), (1, 3268.4638671875)]","[(0, 4338.83642578125), (1, 2701.941162109375)]","[(0, 4545.9033203125), (1, 4625.59228515625)]","[(0, 4222.88671875), (1, 4852.9677734375)]","[(0, 1131.9107666015625), (1, 1215.958740234375)]","[(0, 1362.7205810546875), (1, 2339.0634765625)]","[(0, 1564.31103515625), (1, 1494.750732421875)]","[(0, 2401.277587890625), (1, 2862.250244140625)]"
52,"[(0, 1710.9632568359375), (1, 2178.952880859375)]","[(0, 1840.309814453125), (1, 2065.42333984375)]","[(0, 2851.390625), (1, 2660.638671875)]","[(0, 3599.166259765625), (1, 3691.263671875)]","[(0, 3756.46875), (1, 2362.113525390625)]","[(0, 2389.76708984375), (1, 2320.390380859375)]","[(0, 1904.587158203125), (1, 1879.314697265625)]","[(0, 2341.952880859375), (1, 1723.5885009765625)]","[(0, 1778.1051025390625), (1, 1108.2391357421875)]","[(0, 2068.73828125), (1, 2185.626220703125)]","[(0, 1845.6220703125), (1, 2142.057861328125)]"
53,"[(0, 1836.7855224609375), (1, 2464.9892578125)]","[(0, 2355.820068359375), (1, 2777.84423828125)]","[(0, 9032.181640625), (1, 8799.447265625)]","[(0, 3793.8173828125), (1, 3688.005615234375)]","[(0, 2672.2470703125), (1, 2294.66748046875)]","[(0, 2857.849365234375), (1, 2813.56396484375)]","[(0, 2303.541015625), (1, 2316.65576171875)]","[(0, 967.8325805664062), (1, 1015.2611694335938)]","[(0, 1024.4791259765625), (1, 1184.5281982421875)]","[(0, 1138.9459228515625), (1, 973.5994873046875)]","[(0, 606.4436645507812), (1, 746.7648315429688)]"
54,"[(0, 2175.5478515625), (1, 2763.376708984375)]","[(0, 2006.1866455078125), (1, 2042.51708984375)]","[(0, 2479.097900390625), (1, 2381.3232421875)]","[(0, 3925.460693359375), (1, 4089.598876953125)]","[(0, 2832.774169921875), (1, 2458.4755859375)]","[(0, 6816.125), (1, 6989.52001953125)]","[(0, 6398.66357421875), (1, 7912.734375)]","[(0, 1900.6279296875), (1, 1696.49365234375)]","[(0, 1403.3724365234375), (1, 1701.94091796875)]","[(0, 1030.602783203125), (1, 943.825439453125)]","[(0, 1353.291748046875), (1, 1566.9918212890625)]"
55,"[(0, 1792.499755859375), (1, 2253.47265625)]","[(0, 1307.4739990234375), (1, 1396.9444580078125)]","[(0, 7109.36572265625), (1, 6826.005859375)]","[(0, 2367.546630859375), (1, 2304.26708984375)]","[(0, 2810.0673828125), (1, 1746.2337646484375)]","[(0, 6514.4892578125), (1, 6785.712890625)]","[(0, 9488.6279296875), (1, 11640.4990234375)]","[(0, 1748.3291015625), (1, 1639.7232666015625)]","[(0, 1210.666748046875), (1, 1390.0028076171875)]","[(0, 1572.70654296875), (1, 1162.8204345703125)]","[(0, 2059.12109375), (1, 2440.86083984375)]"
56,"[(0, 1329.6085205078125), (1, 1719.2059326171875)]","[(0, 1689.869140625), (1, 1892.1964111328125)]","[(0, 3303.6123046875), (1, 2785.185546875)]","[(0, 1851.5810546875), (1, 1724.5634765625)]","[(0, 2327.82666015625), (1, 1459.6536865234375)]","[(0, 4622.31982421875), (1, 4491.2802734375)]","[(0, 3283.983154296875), (1, 3167.7646484375)]","[(0, 714.4916381835938), (1, 642.5462646484375)]","[(0, 1783.4036865234375), (1, 1700.5352783203125)]","[(0, 2028.8817138671875), (1, 2831.81005859375)]","[(0, 1813.0177001953125), (1, 1840.1097412109375)]"
57,"[(0, 1881.55078125), (1, 2424.829833984375)]","[(0, 1521.0186767578125), (1, 1482.6759033203125)]","[(0, 6959.3359375), (1, 6776.46533203125)]","[(0, 4283.19873046875), (1, 4251.69921875)]","[(0, 1226.47021484375), (1, 1058.7105712890625)]","[(0, 2830.718994140625), (1, 2756.931640625)]","[(0, 1078.53857421875), (1, 1117.837890625)]","[(0, 744.3871459960938), (1, 691.097900390625)]","[(0, 2232.16259765625), (1, 2156.85595703125)]","[(0, 2917.6806640625), (1, 2318.83203125)]","[(0, 1279.1971435546875), (1, 1514.144775390625)]"
58,"[(0, 2156.868408203125), (1, 2885.72705078125)]","[(0, 1066.2537841796875), (1, 1030.047119140625)]","[(0, 2673.525634765625), (1, 2511.671875)]","[(0, 2486.56591796875), (1, 2585.6416015625)]","[(0, 1714.4971923828125), (1, 1459.2945556640625)]","[(0, 6838.62109375), (1, 6911.07421875)]","[(0, 9719.6123046875), (1, 10364.8720703125)]","[(0, 939.687744140625), (1, 820.7288208007812)]","[(0, 1408.0457763671875), (1, 2235.175048828125)]","[(0, 1768.0069580078125), (1, 1861.3087158203125)]","[(0, 1751.2762451171875), (1, 2081.8330078125)]"
59,"[(0, 1950.4495849609375), (1, 2465.743896484375)]","[(0, 2110.720703125), (1, 2408.068115234375)]","[(0, 6541.8076171875), (1, 6334.2275390625)]","[(0, 4592.1083984375), (1, 4491.32275390625)]","[(0, 2344.0869140625), (1, 1368.8096923828125)]","[(0, 5300.7392578125), (1, 5210.53759765625)]","[(0, 5063.763671875), (1, 5424.11962890625)]","[(0, 3285.978759765625), (1, 2581.502197265625)]","[(0, 640.1636352539062), (1, 900.1730346679688)]","[(0, 1433.99560546875), (1, 1268.0064697265625)]","[(0, 1470.751220703125), (1, 1749.6627197265625)]"
60,"[(0, 943.3755493164062), (1, 1168.6983642578125)]","[(0, 2535.5244140625), (1, 3006.634033203125)]","[(0, 6352.703125), (1, 6234.0146484375)]","[(0, 1817.1695556640625), (1, 1840.88916015625)]","[(0, 2384.31494140625), (1, 1408.4775390625)]","[(0, 4486.6650390625), (1, 4459.0068359375)]","[(0, 5664.0927734375), (1, 5809.7099609375)]","[(0, 1334.8900146484375), (1, 1288.8187255859375)]","[(0, 2323.54052734375), (1, 2241.57568359375)]","[(0, 1447.1859130859375), (1, 1682.3702392578125)]","[(0, 4174.07470703125), (1, 4189.10107421875)]"
61,"[(0, 1268.3372802734375), (1, 1611.0595703125)]","[(0, 2336.84814453125), (1, 2437.021728515625)]","[(0, 6344.02099609375), (1, 6182.03369140625)]","[(0, 3151.580322265625), (1, 3267.466552734375)]","[(0, 1485.8551025390625), (1, 1228.5809326171875)]","[(0, 2739.8369140625), (1, 2783.587158203125)]","[(0, 3200.5234375), (1, 3128.009033203125)]","[(0, 1272.52734375), (1, 1501.88037109375)]","[(0, 1936.5921630859375), (1, 1857.6492919921875)]","[(0, 2723.094970703125), (1, 3197.564208984375)]","[(0, 704.4368896484375), (1, 844.540283203125)]"
62,"[(0, 1348.107666015625), (1, 1755.8558349609375)]","[(0, 1584.565185546875), (1, 1587.920654296875)]","[(0, 3760.576171875), (1, 3789.579345703125)]","[(0, 5887.6748046875), (1, 5879.77978515625)]","[(0, 1936.475830078125), (1, 1603.8536376953125)]","[(0, 7612.17919921875), (1, 7377.11865234375)]","[(0, 7586.47314453125), (1, 7259.52734375)]","[(0, 695.8585815429688), (1, 668.493896484375)]","[(0, 1271.644287109375), (1, 1103.22021484375)]","[(0, 1360.7667236328125), (1, 1291.520751953125)]","[(0, 1969.9293212890625), (1, 1990.7603759765625)]"
63,"[(0, 2230.7646484375), (1, 2835.7744140625)]","[(0, 623.5197143554688), (1, 537.603759765625)]","[(0, 2176.00537109375), (1, 2065.963134765625)]","[(0, 2440.173095703125), (1, 2440.476806640625)]","[(0, 4927.412109375), (1, 2948.497314453125)]","[(0, 2460.438720703125), (1, 2519.197021484375)]","[(0, 3785.8154296875), (1, 3915.164306640625)]","[(0, 1930.349609375), (1, 2165.94091796875)]","[(0, 562.9293823242188), (1, 503.25762939453125)]","[(0, 3216.603515625), (1, 3646.63818359375)]","[(0, 2127.127197265625), (1, 2145.831298828125)]"
64,"[(0, 1109.602783203125), (1, 1378.2357177734375)]","[(0, 960.1112670898438), (1, 1266.156982421875)]","[(0, 3635.706787109375), (1, 3700.802001953125)]","[(0, 3055.455322265625), (1, 2931.530029296875)]","[(0, 4563.26953125), (1, 2764.7041015625)]","[(0, 1956.3233642578125), (1, 1842.2098388671875)]","[(0, 7894.20068359375), (1, 10402.541015625)]","[(0, 833.6207275390625), (1, 1131.2271728515625)]","[(0, 1304.545166015625), (1, 1197.921875)]","[(0, 1975.7176513671875), (1, 1910.2825927734375)]","[(0, 3523.3740234375), (1, 3536.2705078125)]"
65,"[(0, 2383.811279296875), (1, 3254.020263671875)]","[(0, 1172.953125), (1, 1639.3564453125)]","[(0, 2679.18798828125), (1, 2610.603515625)]","[(0, 3227.78271484375), (1, 3197.460693359375)]","[(0, 2373.0), (1, 2111.710205078125)]","[(0, 2318.600830078125), (1, 2256.8642578125)]","[(0, 7710.70654296875), (1, 9917.185546875)]","[(0, 1080.684814453125), (1, 1150.9525146484375)]","[(0, 1809.164306640625), (1, 1789.8843994140625)]","[(0, 1953.80810546875), (1, 1484.3289794921875)]","[(0, 1859.26220703125), (1, 1873.56494140625)]"
66,"[(0, 1962.4476318359375), (1, 2587.400390625)]","[(0, 1074.687255859375), (1, 1404.5916748046875)]","[(0, 5611.80908203125), (1, 5757.685546875)]","[(0, 3155.0234375), (1, 3338.718505859375)]","[(0, 2275.948486328125), (1, 1994.3955078125)]","[(0, 5325.01416015625), (1, 5473.88134765625)]","[(0, 2657.7109375), (1, 2582.71142578125)]","[(0, 2443.979736328125), (1, 3204.466552734375)]","[(0, 1219.9166259765625), (1, 1309.65478515625)]","[(0, 2129.627685546875), (1, 1107.75244140625)]","[(0, 2429.477783203125), (1, 2449.1396484375)]"
67,"[(0, 1818.7255859375), (1, 2263.08642578125)]","[(0, 767.1395263671875), (1, 896.85302734375)]","[(0, 3690.932861328125), (1, 3559.267578125)]","[(0, 2685.388671875), (1, 2510.39306640625)]","[(0, 1381.392578125), (1, 857.9642333984375)]","[(0, 2604.179443359375), (1, 2691.169921875)]","[(0, 3837.132080078125), (1, 3753.3779296875)]","[(0, 1061.552978515625), (1, 1022.6065063476562)]","[(0, 1735.44921875), (1, 1761.7491455078125)]","[(0, 968.2604370117188), (1, 1111.748779296875)]","[(0, 1709.2728271484375), (1, 1941.08154296875)]"
68,"[(0, 2374.875732421875), (1, 2957.48486328125)]","[(0, 493.3496398925781), (1, 431.60736083984375)]","[(0, 2396.926025390625), (1, 2549.97705078125)]","[(0, 2386.414794921875), (1, 2334.828857421875)]","[(0, 5867.7197265625), (1, 3722.145263671875)]","[(0, 3071.606201171875), (1, 3022.010498046875)]","[(0, 2229.672607421875), (1, 2534.904052734375)]","[(0, 1630.418701171875), (1, 1220.9443359375)]","[(0, 661.6641845703125), (1, 756.9821166992188)]","[(0, 1478.318115234375), (1, 1611.7342529296875)]","[(0, 3412.67919921875), (1, 3417.994873046875)]"
69,"[(0, 1870.9090576171875), (1, 2529.54296875)]","[(0, 840.9384765625), (1, 1034.6004638671875)]","[(0, 3842.07177734375), (1, 3632.93408203125)]","[(0, 2934.308837890625), (1, 2944.57470703125)]","[(0, 6076.603515625), (1, 3859.662841796875)]","[(0, 5974.7373046875), (1, 5878.2099609375)]","[(0, 5910.662109375), (1, 6803.5)]","[(0, 1137.0574951171875), (1, 1335.2867431640625)]","[(0, 1541.0150146484375), (1, 1496.4224853515625)]","[(0, 1954.5264892578125), (1, 3035.90771484375)]","[(0, 1533.2916259765625), (1, 1528.9578857421875)]"
70,"[(0, 1864.879150390625), (1, 2431.388916015625)]","[(0, 951.7805786132812), (1, 1176.3529052734375)]","[(0, 7352.9638671875), (1, 7080.50732421875)]","[(0, 5851.8486328125), (1, 5983.25)]","[(0, 2769.787841796875), (1, 2368.942138671875)]","[(0, 6704.45068359375), (1, 6717.85302734375)]","[(0, 4432.93505859375), (1, 4373.9462890625)]","[(0, 777.0270385742188), (1, 941.88818359375)]","[(0, 2377.0517578125), (1, 2146.927490234375)]","[(0, 1255.29541015625), (1, 1200.5999755859375)]","[(0, 1375.0579833984375), (1, 1578.9927978515625)]"
71,"[(0, 2265.413330078125), (1, 2998.524658203125)]","[(0, 880.3278198242188), (1, 1016.4198608398438)]","[(0, 2971.582763671875), (1, 2630.161865234375)]","[(0, 2635.67724609375), (1, 2524.53271484375)]","[(0, 2505.944091796875), (1, 2145.706298828125)]","[(0, 3295.27685546875), (1, 3310.7529296875)]","[(0, 2457.099609375), (1, 2496.524169921875)]","[(0, 2264.021240234375), (1, 2739.54052734375)]","[(0, 1334.1741943359375), (1, 1529.594482421875)]","[(0, 1098.859375), (1, 1133.509033203125)]","[(0, 2382.323974609375), (1, 2383.214599609375)]"
72,"[(0, 1515.2252197265625), (1, 1939.6029052734375)]","[(0, 643.3440551757812), (1, 587.35107421875)]","[(0, 3533.89013671875), (1, 3476.3232421875)]","[(0, 4337.22705078125), (1, 4523.56689453125)]","[(0, 4509.21923828125), (1, 2873.495361328125)]","[(0, 5732.9365234375), (1, 5591.1357421875)]","[(0, 7121.07763671875), (1, 9126.62109375)]","[(0, 1763.4688720703125), (1, 1840.205322265625)]","[(0, 1478.9462890625), (1, 1220.1290283203125)]","[(0, 2183.67626953125), (1, 2623.966064453125)]","[(0, 673.8792724609375), (1, 804.4224243164062)]"
73,"[(0, 1399.7034912109375), (1, 1760.87060546875)]","[(0, 1242.387451171875), (1, 1643.9586181640625)]","[(0, 1596.7982177734375), (1, 1408.0162353515625)]","[(0, 2131.911865234375), (1, 2226.233642578125)]","[(0, 3742.105224609375), (1, 3159.40771484375)]","[(0, 6578.67578125), (1, 6761.2626953125)]","[(0, 4715.97802734375), (1, 5935.1201171875)]","[(0, 1728.1781005859375), (1, 1545.1685791015625)]","[(0, 1104.0858154296875), (1, 1261.5430908203125)]","[(0, 1578.9732666015625), (1, 1339.8565673828125)]","[(0, 3342.59228515625), (1, 3459.700439453125)]"
74,"[(0, 1294.3128662109375), (1, 1591.5)]","[(0, 1504.5460205078125), (1, 2171.632080078125)]","[(0, 4819.6396484375), (1, 4325.49609375)]","[(0, 1806.8133544921875), (1, 1676.31005859375)]","[(0, 3670.405517578125), (1, 3138.787841796875)]","[(0, 4137.537109375), (1, 4095.77734375)]","[(0, 6125.4248046875), (1, 6997.69677734375)]","[(0, 1952.431640625), (1, 1822.51513671875)]","[(0, 2354.8203125), (1, 2229.788330078125)]","[(0, 2216.876708984375), (1, 2182.55810546875)]","[(0, 1335.6541748046875), (1, 1555.1815185546875)]"
75,"[(0, 1048.7705078125), (1, 1298.9339599609375)]","[(0, 1377.71142578125), (1, 1773.617919921875)]","[(0, 1582.8148193359375), (1, 1680.4517822265625)]","[(0, 2474.3359375), (1, 2347.453857421875)]","[(0, 2656.740478515625), (1, 1610.0611572265625)]","[(0, 3596.94287109375), (1, 3557.83203125)]","[(0, 3979.4482421875), (1, 3840.11181640625)]","[(0, 1771.2802734375), (1, 1783.4573974609375)]","[(0, 1405.3753662109375), (1, 1108.93798828125)]","[(0, 1369.516845703125), (1, 1064.7869873046875)]","[(0, 867.3361206054688), (1, 1010.8623657226562)]"
76,"[(0, 1398.046630859375), (1, 1827.5416259765625)]","[(0, 994.531005859375), (1, 1186.9854736328125)]","[(0, 1934.4630126953125), (1, 2106.201416015625)]","[(0, 1372.8350830078125), (1, 1278.0855712890625)]","[(0, 1174.623779296875), (1, 1043.2435302734375)]","[(0, 9156.611328125), (1, 9055.2001953125)]","[(0, 2723.645751953125), (1, 2843.03955078125)]","[(0, 1573.6539306640625), (1, 1657.2822265625)]","[(0, 1392.3045654296875), (1, 2906.703369140625)]","[(0, 1756.8265380859375), (1, 3054.09521484375)]","[(0, 3389.8212890625), (1, 3365.5205078125)]"
77,"[(0, 1344.8319091796875), (1, 1790.6475830078125)]","[(0, 429.0708923339844), (1, 446.4329833984375)]","[(0, 2505.01708984375), (1, 2314.465087890625)]","[(0, 1687.958984375), (1, 1614.1507568359375)]","[(0, 3615.89697265625), (1, 2183.61669921875)]","[(0, 4777.65673828125), (1, 4702.59912109375)]","[(0, 7717.72509765625), (1, 9782.763671875)]","[(0, 952.2440795898438), (1, 1280.584228515625)]","[(0, 1126.7369384765625), (1, 1009.2426147460938)]","[(0, 1557.13916015625), (1, 2164.802001953125)]","[(0, 2613.29248046875), (1, 2609.13525390625)]"
78,"[(0, 2866.412109375), (1, 3648.99365234375)]","[(0, 2077.404296875), (1, 2365.883056640625)]","[(0, 4178.59130859375), (1, 3976.14794921875)]","[(0, 2319.3515625), (1, 2231.48388671875)]","[(0, 3322.253173828125), (1, 2011.324462890625)]","[(0, 5539.78515625), (1, 5614.93017578125)]","[(0, 7904.47607421875), (1, 9770.587890625)]","[(0, 1826.4029541015625), (1, 2370.649658203125)]","[(0, 2295.784912109375), (1, 2825.326416015625)]","[(0, 1340.1639404296875), (1, 1377.2503662109375)]","[(0, 2163.964111328125), (1, 2592.623291015625)]"
79,"[(0, 1245.4736328125), (1, 1605.7852783203125)]","[(0, 2500.822021484375), (1, 2968.94287109375)]","[(0, 2864.694580078125), (1, 2833.94970703125)]","[(0, 1498.0408935546875), (1, 1382.3848876953125)]","[(0, 1392.0091552734375), (1, 1236.19677734375)]","[(0, 5202.13134765625), (1, 5165.27783203125)]","[(0, 3207.793212890625), (1, 3149.062744140625)]","[(0, 750.8309936523438), (1, 1137.3367919921875)]","[(0, 1691.3912353515625), (1, 2191.911376953125)]","[(0, 2575.990966796875), (1, 2415.880859375)]","[(0, 1426.7916259765625), (1, 1679.5496826171875)]"
80,"[(0, 1888.8582763671875), (1, 2464.60498046875)]","[(0, 2252.6787109375), (1, 2333.1728515625)]","[(0, 4641.57080078125), (1, 4709.68115234375)]","[(0, 4687.93017578125), (1, 4669.12353515625)]","[(0, 3777.430419921875), (1, 2338.920654296875)]","[(0, 4168.4658203125), (1, 4196.31005859375)]","[(0, 7001.85546875), (1, 7273.74072265625)]","[(0, 1129.0587158203125), (1, 1182.268798828125)]","[(0, 1354.71142578125), (1, 926.2320556640625)]","[(0, 1768.568603515625), (1, 2389.02197265625)]","[(0, 1490.8087158203125), (1, 1783.81103515625)]"
81,"[(0, 2022.8934326171875), (1, 2709.149169921875)]","[(0, 1514.723876953125), (1, 1503.1986083984375)]","[(0, 6792.7314453125), (1, 6519.9462890625)]","[(0, 1187.823974609375), (1, 1112.959716796875)]","[(0, 3596.01318359375), (1, 2232.387451171875)]","[(0, 5546.17041015625), (1, 5567.453125)]","[(0, 5236.8310546875), (1, 5379.24560546875)]","[(0, 874.6123657226562), (1, 852.6382446289062)]","[(0, 1182.724365234375), (1, 1276.2469482421875)]","[(0, 1840.779296875), (1, 1828.4647216796875)]","[(0, 1624.40771484375), (1, 1662.265869140625)]"
82,"[(0, 1618.1712646484375), (1, 2113.0791015625)]","[(0, 568.4683227539062), (1, 492.5824279785156)]","[(0, 2268.28955078125), (1, 2229.96923828125)]","[(0, 4303.54833984375), (1, 4606.5830078125)]","[(0, 1982.327880859375), (1, 1773.345703125)]","[(0, 6335.38134765625), (1, 6299.58203125)]","[(0, 9059.580078125), (1, 9198.4482421875)]","[(0, 2082.312744140625), (1, 1755.690185546875)]","[(0, 1409.7427978515625), (1, 1478.5908203125)]","[(0, 1986.4744873046875), (1, 2082.704833984375)]","[(0, 1932.4078369140625), (1, 2256.34033203125)]"
83,"[(0, 1912.5594482421875), (1, 2380.86328125)]","[(0, 1517.6998291015625), (1, 1438.8065185546875)]","[(0, 2738.07373046875), (1, 2617.468017578125)]","[(0, 1928.1510009765625), (1, 1865.37890625)]","[(0, 2274.26904296875), (1, 1413.57568359375)]","[(0, 5737.12060546875), (1, 5896.09765625)]","[(0, 4192.80615234375), (1, 4043.037109375)]","[(0, 1025.8023681640625), (1, 1078.000244140625)]","[(0, 1820.4879150390625), (1, 2560.962158203125)]","[(0, 855.290771484375), (1, 1149.3033447265625)]","[(0, 1297.8863525390625), (1, 1550.08203125)]"
84,"[(0, 2492.519287109375), (1, 3279.910888671875)]","[(0, 2040.8504638671875), (1, 2032.9569091796875)]","[(0, 4692.18359375), (1, 4841.11083984375)]","[(0, 1956.9251708984375), (1, 1831.069091796875)]","[(0, 2258.62890625), (1, 1397.654052734375)]","[(0, 3946.861328125), (1, 3709.373779296875)]","[(0, 3321.2744140625), (1, 3463.47021484375)]","[(0, 3203.616943359375), (1, 2146.7880859375)]","[(0, 1876.4652099609375), (1, 1661.1202392578125)]","[(0, 2484.34130859375), (1, 2529.8291015625)]","[(0, 1760.29150390625), (1, 2048.48828125)]"
85,"[(0, 1201.201171875), (1, 1537.5689697265625)]","[(0, 1639.2791748046875), (1, 1560.2919921875)]","[(0, 4430.0400390625), (1, 4313.65234375)]","[(0, 6341.783203125), (1, 6813.525390625)]","[(0, 780.115478515625), (1, 656.2431030273438)]","[(0, 3381.9326171875), (1, 3308.0859375)]","[(0, 12856.2216796875), (1, 15796.1796875)]","[(0, 2284.2734375), (1, 2279.492431640625)]","[(0, 1174.528564453125), (1, 1141.13720703125)]","[(0, 1199.0225830078125), (1, 1572.960693359375)]","[(0, 1856.80712890625), (1, 1885.7760009765625)]"
86,"[(0, 1263.2611083984375), (1, 1565.9178466796875)]","[(0, 1242.3330078125), (1, 1189.283935546875)]","[(0, 1776.9652099609375), (1, 1754.9351806640625)]","[(0, 1790.279541015625), (1, 1773.3692626953125)]","[(0, 813.2808837890625), (1, 687.7630615234375)]","[(0, 6919.90576171875), (1, 7091.60400390625)]","[(0, 8286.7822265625), (1, 10210.798828125)]","[(0, 943.1290283203125), (1, 1391.5572509765625)]","[(0, 2524.36669921875), (1, 2734.845458984375)]","[(0, 2586.6318359375), (1, 2045.2557373046875)]","[(0, 3754.484375), (1, 3836.319580078125)]"
87,"[(0, 2093.868408203125), (1, 2816.1923828125)]","[(0, 1912.681640625), (1, 2139.7568359375)]","[(0, 4245.80712890625), (1, 4077.5380859375)]","[(0, 1408.77099609375), (1, 1469.2518310546875)]","[(0, 2062.029296875), (1, 1217.9556884765625)]","[(0, 2944.40185546875), (1, 2957.744384765625)]","[(0, 7701.79931640625), (1, 7065.923828125)]","[(0, 1861.32275390625), (1, 1822.3907470703125)]","[(0, 1890.6181640625), (1, 1796.427978515625)]","[(0, 1451.8367919921875), (1, 1055.2681884765625)]","[(0, 2086.119873046875), (1, 2139.67626953125)]"
88,"[(0, 2345.227294921875), (1, 3154.199462890625)]","[(0, 2404.28515625), (1, 2817.73291015625)]","[(0, 2791.80322265625), (1, 3197.67724609375)]","[(0, 1723.7142333984375), (1, 1824.052978515625)]","[(0, 3318.105224609375), (1, 2032.61962890625)]","[(0, 1729.48974609375), (1, 1658.9774169921875)]","[(0, 7413.63818359375), (1, 6991.23291015625)]","[(0, 1965.1239013671875), (1, 2063.43896484375)]","[(0, 2298.60791015625), (1, 2216.299560546875)]","[(0, 2456.889892578125), (1, 2418.51123046875)]","[(0, 1352.322265625), (1, 1578.009765625)]"
89,"[(0, 1844.448486328125), (1, 2382.081787109375)]","[(0, 2091.431640625), (1, 2208.858154296875)]","[(0, 4714.92138671875), (1, 3958.11669921875)]","[(0, 6270.13525390625), (1, 6333.9619140625)]","[(0, 3094.241943359375), (1, 1889.14111328125)]","[(0, 3955.50537109375), (1, 4070.37744140625)]","[(0, 4570.43408203125), (1, 4271.7275390625)]","[(0, 2151.453857421875), (1, 2171.006591796875)]","[(0, 2245.8369140625), (1, 2133.9521484375)]","[(0, 1442.66552734375), (1, 1516.2740478515625)]","[(0, 1672.5230712890625), (1, 1954.58251953125)]"
90,"[(0, 2124.733642578125), (1, 2834.052490234375)]","[(0, 1972.379638671875), (1, 2096.37109375)]","[(0, 6145.23681640625), (1, 5536.9326171875)]","[(0, 2796.095703125), (1, 2943.642333984375)]","[(0, 1116.393310546875), (1, 982.8721313476562)]","[(0, 1935.2877197265625), (1, 1845.3018798828125)]","[(0, 8023.46533203125), (1, 7744.11181640625)]","[(0, 942.5567016601562), (1, 934.9390258789062)]","[(0, 3201.665283203125), (1, 2536.62255859375)]","[(0, 734.7986450195312), (1, 671.597900390625)]","[(0, 2938.76025390625), (1, 2981.438720703125)]"
91,"[(0, 1663.34814453125), (1, 2091.73486328125)]","[(0, 781.7789306640625), (1, 701.4744873046875)]","[(0, 8660.224609375), (1, 8202.3232421875)]","[(0, 3222.74169921875), (1, 3306.5751953125)]","[(0, 5949.95654296875), (1, 3776.52978515625)]","[(0, 1646.2178955078125), (1, 1642.971923828125)]","[(0, 3715.601806640625), (1, 3539.398193359375)]","[(0, 1637.3402099609375), (1, 1449.0343017578125)]","[(0, 1456.3153076171875), (1, 1382.1865234375)]","[(0, 1801.4830322265625), (1, 1950.1658935546875)]","[(0, 3896.205322265625), (1, 3913.466064453125)]"
92,"[(0, 2376.412841796875), (1, 3022.817626953125)]","[(0, 2459.29052734375), (1, 2700.351806640625)]","[(0, 3239.893798828125), (1, 3535.65673828125)]","[(0, 1544.0947265625), (1, 1544.6160888671875)]","[(0, 5127.3984375), (1, 3245.614990234375)]","[(0, 2756.94482421875), (1, 2836.289794921875)]","[(0, 2783.340087890625), (1, 2938.744873046875)]","[(0, 1446.375244140625), (1, 1715.9210205078125)]","[(0, 1306.697509765625), (1, 1626.1778564453125)]","[(0, 1151.3421630859375), (1, 1402.9716796875)]","[(0, 1388.849365234375), (1, 1587.897705078125)]"
93,"[(0, 1282.390625), (1, 1701.27880859375)]","[(0, 3203.815673828125), (1, 3682.41015625)]","[(0, 1302.9617919921875), (1, 1365.6490478515625)]","[(0, 1406.320556640625), (1, 1549.03955078125)]","[(0, 2174.01806640625), (1, 1940.237548828125)]","[(0, 6472.7626953125), (1, 6649.0224609375)]","[(0, 5255.8486328125), (1, 5816.76220703125)]","[(0, 2374.64794921875), (1, 1876.997802734375)]","[(0, 639.2722778320312), (1, 677.5540771484375)]","[(0, 973.2894287109375), (1, 1010.5254516601562)]","[(0, 2464.673095703125), (1, 2480.982666015625)]"
94,"[(0, 2309.86767578125), (1, 3092.601806640625)]","[(0, 2712.231689453125), (1, 2703.281494140625)]","[(0, 4503.138671875), (1, 4326.2919921875)]","[(0, 3704.597900390625), (1, 3554.13525390625)]","[(0, 2397.08154296875), (1, 1387.8695068359375)]","[(0, 3940.617919921875), (1, 3819.19580078125)]","[(0, 2853.388671875), (1, 3218.048583984375)]","[(0, 1686.65234375), (1, 1783.5245361328125)]","[(0, 2290.882568359375), (1, 2781.00537109375)]","[(0, 1420.1756591796875), (1, 1541.4632568359375)]","[(0, 1052.3221435546875), (1, 1274.16259765625)]"
95,"[(0, 2396.184326171875), (1, 3233.3994140625)]","[(0, 1748.202392578125), (1, 1751.790771484375)]","[(0, 1305.690185546875), (1, 1319.6470947265625)]","[(0, 3247.110595703125), (1, 3346.29541015625)]","[(0, 2600.17919921875), (1, 1511.3958740234375)]","[(0, 3760.97802734375), (1, 3750.683837890625)]","[(0, 2873.05712890625), (1, 2994.614990234375)]","[(0, 1366.4093017578125), (1, 1612.3814697265625)]","[(0, 3863.640380859375), (1, 3818.420166015625)]","[(0, 1100.576171875), (1, 862.0819091796875)]","[(0, 1095.9169921875), (1, 1295.5126953125)]"
96,"[(0, 1764.252685546875), (1, 2272.154296875)]","[(0, 605.045654296875), (1, 544.7476196289062)]","[(0, 4889.64453125), (1, 5018.55810546875)]","[(0, 1097.057861328125), (1, 1101.340576171875)]","[(0, 1747.5081787109375), (1, 1500.6705322265625)]","[(0, 7369.552734375), (1, 7632.29296875)]","[(0, 3187.197998046875), (1, 3259.527099609375)]","[(0, 973.544189453125), (1, 920.5591430664062)]","[(0, 1487.7203369140625), (1, 1038.31787109375)]","[(0, 1710.67041015625), (1, 1557.0440673828125)]","[(0, 1951.858154296875), (1, 2328.854736328125)]"
97,"[(0, 1527.8675537109375), (1, 1935.9290771484375)]","[(0, 2492.850830078125), (1, 2624.526611328125)]","[(0, 2118.906982421875), (1, 2141.181640625)]","[(0, 1674.9022216796875), (1, 1681.8729248046875)]","[(0, 1117.508056640625), (1, 977.8472900390625)]","[(0, 2227.2529296875), (1, 2269.9775390625)]","[(0, 1882.8001708984375), (1, 1831.5458984375)]","[(0, 2035.3914794921875), (1, 2035.8359375)]","[(0, 2231.024169921875), (1, 1844.69921875)]","[(0, 2209.0595703125), (1, 1989.7744140625)]","[(0, 1693.002685546875), (1, 1700.1136474609375)]"
98,"[(0, 2485.72998046875), (1, 3370.28076171875)]","[(0, 3114.138427734375), (1, 3442.06396484375)]","[(0, 6168.453125), (1, 5947.40380859375)]","[(0, 2460.67919921875), (1, 2463.803466796875)]","[(0, 2505.519775390625), (1, 1471.9033203125)]","[(0, 1856.50341796875), (1, 1810.4466552734375)]","[(0, 1709.5753173828125), (1, 1745.298095703125)]","[(0, 1187.82861328125), (1, 1128.00341796875)]","[(0, 3102.5244140625), (1, 2259.2138671875)]","[(0, 1795.8131103515625), (1, 1844.343017578125)]","[(0, 2837.131103515625), (1, 2879.501953125)]"
99,"[(0, 1863.7999267578125), (1, 2378.25390625)]","[(0, 2783.96142578125), (1, 2582.4404296875)]","[(0, 5114.40283203125), (1, 5000.060546875)]","[(0, 4231.40869140625), (1, 4276.0810546875)]","[(0, 2154.701416015625), (1, 1339.3768310546875)]","[(0, 3219.737060546875), (1, 3197.701416015625)]","[(0, 7260.10205078125), (1, 7651.05126953125)]","[(0, 908.6021118164062), (1, 881.4014282226562)]","[(0, 2023.5706787109375), (1, 2403.427734375)]","[(0, 1484.4925537109375), (1, 1137.325927734375)]","[(0, 1584.712646484375), (1, 1852.67333984375)]"
100,"[(0, 1669.1458740234375), (1, 2270.77978515625)]","[(0, 2504.9833984375), (1, 2977.07861328125)]","[(0, 2576.27587890625), (1, 2700.094482421875)]","[(0, 2095.722412109375), (1, 2137.6123046875)]","[(0, 3139.6259765625), (1, 1870.2095947265625)]","[(0, 3590.544189453125), (1, 3663.949462890625)]","[(0, 2844.96826171875), (1, 3133.43408203125)]","[(0, 2001.2718505859375), (1, 2529.26806640625)]","[(0, 860.0667114257812), (1, 1266.8026123046875)]","[(0, 1638.28271484375), (1, 1595.336181640625)]","[(0, 1862.911376953125), (1, 1922.5341796875)]"
101,"[(0, 1360.026611328125), (1, 1778.010986328125)]","[(0, 1970.4423828125), (1, 2038.469482421875)]","[(0, 3153.886474609375), (1, 3295.3115234375)]","[(0, 3875.641357421875), (1, 4056.751953125)]","[(0, 2347.282470703125), (1, 1391.0477294921875)]","[(0, 3402.52392578125), (1, 3518.96142578125)]","[(0, 3725.447998046875), (1, 3851.665283203125)]","[(0, 1387.2152099609375), (1, 1301.501953125)]","[(0, 1546.330322265625), (1, 1345.066650390625)]","[(0, 2525.493408203125), (1, 1905.0458984375)]","[(0, 1538.1885986328125), (1, 1803.363525390625)]"
102,"[(0, 1526.3311767578125), (1, 2046.8880615234375)]","[(0, 654.9326782226562), (1, 607.6021118164062)]","[(0, 1375.323486328125), (1, 1403.9212646484375)]","[(0, 2925.060791015625), (1, 2890.252197265625)]","[(0, 689.5113525390625), (1, 606.0799560546875)]","[(0, 3467.24755859375), (1, 3326.697998046875)]","[(0, 2242.961181640625), (1, 2344.25439453125)]","[(0, 751.9793090820312), (1, 679.4639282226562)]","[(0, 2243.728271484375), (1, 2521.287109375)]","[(0, 2018.45263671875), (1, 1809.4395751953125)]","[(0, 1792.5330810546875), (1, 2167.216796875)]"
103,"[(0, 2235.4404296875), (1, 2816.4150390625)]","[(0, 535.606689453125), (1, 465.6543273925781)]","[(0, 2125.84033203125), (1, 1943.7979736328125)]","[(0, 3216.302978515625), (1, 3367.299072265625)]","[(0, 876.0048217773438), (1, 778.4759521484375)]","[(0, 2476.01904296875), (1, 2416.804931640625)]","[(0, 3083.539794921875), (1, 2927.872802734375)]","[(0, 1775.3118896484375), (1, 1542.3948974609375)]","[(0, 1382.90185546875), (1, 1732.281005859375)]","[(0, 766.3779907226562), (1, 1246.185302734375)]","[(0, 2386.748046875), (1, 2400.366455078125)]"
104,"[(0, 1855.1414794921875), (1, 2455.764404296875)]","[(0, 1734.0478515625), (1, 1874.007080078125)]","[(0, 5685.1875), (1, 5229.87890625)]","[(0, 2683.08349609375), (1, 2813.3828125)]","[(0, 1737.873046875), (1, 1199.4486083984375)]","[(0, 5044.4306640625), (1, 5097.87060546875)]","[(0, 4164.607421875), (1, 4093.742919921875)]","[(0, 1704.7838134765625), (1, 1713.794189453125)]","[(0, 2286.314453125), (1, 2916.23828125)]","[(0, 1382.7132568359375), (1, 1672.2080078125)]","[(0, 2174.162109375), (1, 2235.93603515625)]"
105,"[(0, 1579.5426025390625), (1, 2046.66552734375)]","[(0, 1098.2574462890625), (1, 1110.6143798828125)]","[(0, 2109.187255859375), (1, 1993.883056640625)]","[(0, 2565.014892578125), (1, 2722.04638671875)]","[(0, 5284.50732421875), (1, 3220.044189453125)]","[(0, 2487.6083984375), (1, 2542.98193359375)]","[(0, 6440.15283203125), (1, 7754.9755859375)]","[(0, 1307.905517578125), (1, 1386.1624755859375)]","[(0, 836.84912109375), (1, 1098.1480712890625)]","[(0, 1117.554931640625), (1, 1477.57666015625)]","[(0, 2003.0494384765625), (1, 2345.5068359375)]"
106,"[(0, 1965.804443359375), (1, 2481.57666015625)]","[(0, 1115.973388671875), (1, 1145.0726318359375)]","[(0, 4385.31982421875), (1, 3745.5224609375)]","[(0, 1763.87744140625), (1, 1799.514404296875)]","[(0, 3311.018310546875), (1, 2095.916259765625)]","[(0, 2715.491455078125), (1, 2660.494140625)]","[(0, 3543.643798828125), (1, 4730.072265625)]","[(0, 1255.5467529296875), (1, 1320.78466796875)]","[(0, 1254.043701171875), (1, 1760.05126953125)]","[(0, 3161.67138671875), (1, 2221.1865234375)]","[(0, 1033.8631591796875), (1, 1194.3970947265625)]"
107,"[(0, 2696.218017578125), (1, 3720.441650390625)]","[(0, 1418.8671875), (1, 1525.15625)]","[(0, 8111.37255859375), (1, 7984.931640625)]","[(0, 1609.96142578125), (1, 1700.1419677734375)]","[(0, 2194.689208984375), (1, 1994.425048828125)]","[(0, 3504.914794921875), (1, 3434.168212890625)]","[(0, 3829.97021484375), (1, 3994.73388671875)]","[(0, 1548.9500732421875), (1, 1527.356201171875)]","[(0, 2123.613525390625), (1, 1705.62451171875)]","[(0, 880.9614868164062), (1, 1090.2373046875)]","[(0, 1589.2689208984375), (1, 1615.9627685546875)]"
108,"[(0, 2091.26220703125), (1, 2592.754150390625)]","[(0, 1378.64990234375), (1, 1399.099609375)]","[(0, 2336.18994140625), (1, 2223.20068359375)]","[(0, 2048.068359375), (1, 2036.7176513671875)]","[(0, 2971.846435546875), (1, 2065.324951171875)]","[(0, 5136.609375), (1, 5337.689453125)]","[(0, 3900.1572265625), (1, 4165.80322265625)]","[(0, 1269.1988525390625), (1, 1123.0400390625)]","[(0, 1664.2073974609375), (1, 1486.572998046875)]","[(0, 2317.51318359375), (1, 3406.293212890625)]","[(0, 1510.5146484375), (1, 1716.021728515625)]"
109,"[(0, 1471.299072265625), (1, 1965.6787109375)]","[(0, 1013.1395263671875), (1, 980.0025024414062)]","[(0, 4964.552734375), (1, 4559.7763671875)]","[(0, 3462.945068359375), (1, 3434.623779296875)]","[(0, 2262.88818359375), (1, 1577.1431884765625)]","[(0, 2253.92724609375), (1, 2285.43359375)]","[(0, 2717.808837890625), (1, 2617.259521484375)]","[(0, 1518.6292724609375), (1, 1888.17578125)]","[(0, 1324.8291015625), (1, 868.236572265625)]","[(0, 2253.052490234375), (1, 2327.07763671875)]","[(0, 2297.088134765625), (1, 2286.380859375)]"
110,"[(0, 1412.746826171875), (1, 1741.4359130859375)]","[(0, 1595.687744140625), (1, 1786.059814453125)]","[(0, 1722.942626953125), (1, 1670.6387939453125)]","[(0, 2214.7919921875), (1, 2291.049560546875)]","[(0, 1448.7718505859375), (1, 1352.7239990234375)]","[(0, 2080.987548828125), (1, 2048.881103515625)]","[(0, 3027.312255859375), (1, 3076.27880859375)]","[(0, 1075.9111328125), (1, 1400.7984619140625)]","[(0, 1580.24609375), (1, 1546.4276123046875)]","[(0, 2069.7080078125), (1, 1952.5386962890625)]","[(0, 1899.55419921875), (1, 2372.242919921875)]"
111,"[(0, 1617.274169921875), (1, 2128.409423828125)]","[(0, 2196.951904296875), (1, 2597.277099609375)]","[(0, 2730.805908203125), (1, 2907.384033203125)]","[(0, 2434.881103515625), (1, 2446.6826171875)]","[(0, 1113.1470947265625), (1, 1001.0258178710938)]","[(0, 6694.65576171875), (1, 6626.09521484375)]","[(0, 3054.55517578125), (1, 3327.345458984375)]","[(0, 747.8470458984375), (1, 703.3343505859375)]","[(0, 1138.151611328125), (1, 1452.771728515625)]","[(0, 1496.3004150390625), (1, 1681.3734130859375)]","[(0, 1846.4451904296875), (1, 1938.4046630859375)]"
112,"[(0, 2028.9525146484375), (1, 2684.872802734375)]","[(0, 1800.2138671875), (1, 1870.6298828125)]","[(0, 2525.66455078125), (1, 2529.705810546875)]","[(0, 1526.006591796875), (1, 1564.39306640625)]","[(0, 1508.44677734375), (1, 1363.2625732421875)]","[(0, 5845.37890625), (1, 5816.734375)]","[(0, 5101.3525390625), (1, 5700.49755859375)]","[(0, 1667.2637939453125), (1, 2403.552734375)]","[(0, 1947.6112060546875), (1, 1429.71337890625)]","[(0, 3161.01416015625), (1, 3188.37744140625)]","[(0, 2650.860107421875), (1, 2746.864501953125)]"
113,"[(0, 1496.5728759765625), (1, 1872.2012939453125)]","[(0, 1159.2899169921875), (1, 1165.6094970703125)]","[(0, 2330.8232421875), (1, 2341.59765625)]","[(0, 3781.49609375), (1, 3862.999267578125)]","[(0, 4580.369140625), (1, 2840.494873046875)]","[(0, 5857.32568359375), (1, 6137.83349609375)]","[(0, 3072.757568359375), (1, 2944.73876953125)]","[(0, 1255.91259765625), (1, 1362.0274658203125)]","[(0, 802.448974609375), (1, 915.7239990234375)]","[(0, 1817.3160400390625), (1, 2060.643310546875)]","[(0, 1276.0802001953125), (1, 1458.457763671875)]"
114,"[(0, 1675.6427001953125), (1, 2167.244873046875)]","[(0, 1835.4520263671875), (1, 2118.41796875)]","[(0, 3233.4736328125), (1, 3204.653076171875)]","[(0, 4449.93701171875), (1, 4398.75244140625)]","[(0, 4064.128662109375), (1, 2535.671875)]","[(0, 5896.39013671875), (1, 5724.57177734375)]","[(0, 4711.5908203125), (1, 4833.04296875)]","[(0, 1297.8702392578125), (1, 1305.8857421875)]","[(0, 1058.8883056640625), (1, 1326.55859375)]","[(0, 1919.5633544921875), (1, 2090.624267578125)]","[(0, 3236.7529296875), (1, 3243.334716796875)]"
115,"[(0, 2760.454345703125), (1, 3580.77099609375)]","[(0, 2162.28173828125), (1, 2376.204345703125)]","[(0, 4301.61962890625), (1, 4409.66455078125)]","[(0, 1844.2215576171875), (1, 1851.061767578125)]","[(0, 2869.239990234375), (1, 2571.40625)]","[(0, 7874.01953125), (1, 7950.4189453125)]","[(0, 6894.6826171875), (1, 7643.955078125)]","[(0, 1653.1385498046875), (1, 1133.2813720703125)]","[(0, 968.1944580078125), (1, 1409.454345703125)]","[(0, 3051.30615234375), (1, 2776.3544921875)]","[(0, 1654.5091552734375), (1, 1990.9217529296875)]"
116,"[(0, 2218.08203125), (1, 2974.9345703125)]","[(0, 1920.0916748046875), (1, 2035.853515625)]","[(0, 3208.37744140625), (1, 2835.801513671875)]","[(0, 999.3294067382812), (1, 1064.7225341796875)]","[(0, 2358.411865234375), (1, 2118.447265625)]","[(0, 7740.66357421875), (1, 7795.0751953125)]","[(0, 6229.53955078125), (1, 7048.18310546875)]","[(0, 2211.826416015625), (1, 1788.60205078125)]","[(0, 2093.29443359375), (1, 1873.06201171875)]","[(0, 2021.5078125), (1, 2880.417724609375)]","[(0, 1161.321044921875), (1, 1413.5816650390625)]"
117,"[(0, 1785.129150390625), (1, 2327.845458984375)]","[(0, 1785.6671142578125), (1, 1935.4722900390625)]","[(0, 9460.3291015625), (1, 9268.611328125)]","[(0, 2455.705810546875), (1, 2490.02685546875)]","[(0, 2034.705322265625), (1, 1186.4315185546875)]","[(0, 4587.75732421875), (1, 4782.6484375)]","[(0, 3255.77099609375), (1, 3212.125)]","[(0, 1563.4453125), (1, 1644.885498046875)]","[(0, 1051.77978515625), (1, 1464.474609375)]","[(0, 1999.0743408203125), (1, 2002.5604248046875)]","[(0, 1309.37939453125), (1, 1478.3575439453125)]"
118,"[(0, 1347.0615234375), (1, 1722.3084716796875)]","[(0, 736.2264404296875), (1, 681.1105346679688)]","[(0, 3729.557373046875), (1, 3850.26220703125)]","[(0, 3501.8076171875), (1, 3501.84423828125)]","[(0, 1562.0316162109375), (1, 1273.7313232421875)]","[(0, 5273.205078125), (1, 5126.1171875)]","[(0, 2484.0546875), (1, 2533.6728515625)]","[(0, 967.7490234375), (1, 900.4679565429688)]","[(0, 2221.34423828125), (1, 2222.8583984375)]","[(0, 758.632080078125), (1, 1055.550537109375)]","[(0, 1540.847412109375), (1, 1836.4395751953125)]"
119,"[(0, 1374.6666259765625), (1, 1792.7083740234375)]","[(0, 1534.1649169921875), (1, 1854.73388671875)]","[(0, 4453.74560546875), (1, 4512.01123046875)]","[(0, 2095.512451171875), (1, 2265.402587890625)]","[(0, 1731.5328369140625), (1, 1409.05322265625)]","[(0, 4806.8740234375), (1, 4621.74267578125)]","[(0, 3436.0224609375), (1, 4253.673828125)]","[(0, 1419.5372314453125), (1, 1337.8724365234375)]","[(0, 1203.2890625), (1, 1258.914794921875)]","[(0, 3065.466552734375), (1, 3478.3759765625)]","[(0, 2376.043212890625), (1, 2472.115234375)]"
120,"[(0, 1859.1973876953125), (1, 2472.017333984375)]","[(0, 1689.520263671875), (1, 1901.301513671875)]","[(0, 4607.0888671875), (1, 4478.62841796875)]","[(0, 2495.38623046875), (1, 2514.54541015625)]","[(0, 3534.91845703125), (1, 2092.531982421875)]","[(0, 5074.12353515625), (1, 5280.66796875)]","[(0, 2316.418212890625), (1, 2740.814208984375)]","[(0, 1448.498291015625), (1, 1201.8927001953125)]","[(0, 1918.7352294921875), (1, 1937.66162109375)]","[(0, 1447.822265625), (1, 1387.18994140625)]","[(0, 2041.0811767578125), (1, 2126.964599609375)]"
121,"[(0, 2152.85888671875), (1, 2906.825439453125)]","[(0, 1620.6630859375), (1, 1841.9197998046875)]","[(0, 1928.905029296875), (1, 1641.2203369140625)]","[(0, 1874.4808349609375), (1, 1827.2879638671875)]","[(0, 2188.9208984375), (1, 1277.5689697265625)]","[(0, 3230.7548828125), (1, 3312.139404296875)]","[(0, 4381.50732421875), (1, 4183.6513671875)]","[(0, 945.6422729492188), (1, 1151.72705078125)]","[(0, 1162.001220703125), (1, 1025.7945556640625)]","[(0, 1883.8330078125), (1, 1769.255126953125)]","[(0, 1476.4202880859375), (1, 1748.5408935546875)]"
122,"[(0, 1709.5899658203125), (1, 2254.309814453125)]","[(0, 1441.771484375), (1, 1640.7767333984375)]","[(0, 1155.11181640625), (1, 1139.2821044921875)]","[(0, 3020.875244140625), (1, 3122.149658203125)]","[(0, 5017.5673828125), (1, 3249.8583984375)]","[(0, 4336.01904296875), (1, 4211.55322265625)]","[(0, 2463.06494140625), (1, 2476.195068359375)]","[(0, 2271.150146484375), (1, 1937.3504638671875)]","[(0, 1192.5504150390625), (1, 1172.3709716796875)]","[(0, 2736.253173828125), (1, 2110.27978515625)]","[(0, 2291.760986328125), (1, 2308.66845703125)]"
123,"[(0, 1187.43212890625), (1, 1456.902099609375)]","[(0, 710.6863403320312), (1, 648.7708740234375)]","[(0, 1757.0167236328125), (1, 1756.8475341796875)]","[(0, 3214.993408203125), (1, 3364.1630859375)]","[(0, 4196.318359375), (1, 2697.455078125)]","[(0, 5956.0029296875), (1, 5886.34423828125)]","[(0, 7976.87158203125), (1, 9510.162109375)]","[(0, 1101.429931640625), (1, 1205.4501953125)]","[(0, 2214.3740234375), (1, 1446.14501953125)]","[(0, 1278.971435546875), (1, 1278.0264892578125)]","[(0, 2391.965087890625), (1, 2804.844970703125)]"
124,"[(0, 1655.865966796875), (1, 2137.06298828125)]","[(0, 2174.163330078125), (1, 2492.500244140625)]","[(0, 6569.61669921875), (1, 6717.9619140625)]","[(0, 2349.149169921875), (1, 2301.01708984375)]","[(0, 1625.2801513671875), (1, 1413.8924560546875)]","[(0, 3544.13037109375), (1, 3658.296875)]","[(0, 5256.9814453125), (1, 6456.85546875)]","[(0, 1730.4754638671875), (1, 1695.7965087890625)]","[(0, 1348.4368896484375), (1, 1564.8795166015625)]","[(0, 1581.7984619140625), (1, 1583.1129150390625)]","[(0, 2091.341064453125), (1, 2112.33251953125)]"
125,"[(0, 1184.1402587890625), (1, 1449.7890625)]","[(0, 2817.315185546875), (1, 3428.134521484375)]","[(0, 4933.12939453125), (1, 4758.69873046875)]","[(0, 4525.82373046875), (1, 4769.11181640625)]","[(0, 1538.9185791015625), (1, 1349.8856201171875)]","[(0, 1918.679443359375), (1, 1977.752685546875)]","[(0, 8554.25390625), (1, 8593.6904296875)]","[(0, 1675.6810302734375), (1, 2169.912841796875)]","[(0, 1260.3087158203125), (1, 850.9453735351562)]","[(0, 2699.6064453125), (1, 2028.6361083984375)]","[(0, 1670.306640625), (1, 1982.9859619140625)]"
126,"[(0, 2025.6444091796875), (1, 2787.590576171875)]","[(0, 2221.88037109375), (1, 2390.684326171875)]","[(0, 863.7256469726562), (1, 876.269287109375)]","[(0, 3104.539794921875), (1, 3259.784912109375)]","[(0, 2387.268310546875), (1, 1427.1739501953125)]","[(0, 3274.16064453125), (1, 3146.214111328125)]","[(0, 5194.15576171875), (1, 5160.27978515625)]","[(0, 1135.8311767578125), (1, 1167.400634765625)]","[(0, 1315.662353515625), (1, 958.181640625)]","[(0, 2247.523193359375), (1, 2313.587890625)]","[(0, 1656.8206787109375), (1, 1918.255859375)]"
127,"[(0, 1726.8773193359375), (1, 2181.274169921875)]","[(0, 2253.131103515625), (1, 2409.26708984375)]","[(0, 1903.3587646484375), (1, 2023.786865234375)]","[(0, 3516.43212890625), (1, 3609.708984375)]","[(0, 1695.727783203125), (1, 1444.1197509765625)]","[(0, 4498.88916015625), (1, 4518.31103515625)]","[(0, 4821.70849609375), (1, 4774.46337890625)]","[(0, 3295.1826171875), (1, 2250.51953125)]","[(0, 1285.34326171875), (1, 1339.344970703125)]","[(0, 1723.136474609375), (1, 1615.5406494140625)]","[(0, 2987.489501953125), (1, 2989.78125)]"
128,"[(0, 1545.1951904296875), (1, 2080.335693359375)]","[(0, 833.0199584960938), (1, 740.3612060546875)]","[(0, 5882.96044921875), (1, 5851.24560546875)]","[(0, 4084.4306640625), (1, 3866.611328125)]","[(0, 4205.107421875), (1, 2489.826416015625)]","[(0, 3044.696044921875), (1, 3075.489990234375)]","[(0, 2567.26513671875), (1, 2658.177490234375)]","[(0, 1048.0006103515625), (1, 1221.885009765625)]","[(0, 913.5142211914062), (1, 1371.9783935546875)]","[(0, 1991.0423583984375), (1, 1987.4805908203125)]","[(0, 1285.318115234375), (1, 1563.0859375)]"
129,"[(0, 2350.09912109375), (1, 3140.024169921875)]","[(0, 1482.8739013671875), (1, 1733.7528076171875)]","[(0, 4068.700927734375), (1, 4003.307373046875)]","[(0, 2206.81591796875), (1, 2137.347412109375)]","[(0, 3625.99072265625), (1, 2126.749755859375)]","[(0, 3144.0634765625), (1, 3269.916748046875)]","[(0, 7571.84326171875), (1, 7757.66796875)]","[(0, 1497.795166015625), (1, 1707.22998046875)]","[(0, 1317.4886474609375), (1, 1381.0606689453125)]","[(0, 2351.08642578125), (1, 1739.6556396484375)]","[(0, 2424.751220703125), (1, 2549.03857421875)]"
130,"[(0, 2111.161376953125), (1, 2640.783447265625)]","[(0, 2105.003662109375), (1, 2656.474365234375)]","[(0, 2091.954345703125), (1, 2278.09716796875)]","[(0, 3034.900146484375), (1, 3141.43212890625)]","[(0, 881.5918579101562), (1, 805.78759765625)]","[(0, 4426.8857421875), (1, 4196.4501953125)]","[(0, 4433.0244140625), (1, 4547.0048828125)]","[(0, 974.6785888671875), (1, 1234.29541015625)]","[(0, 1787.52783203125), (1, 1752.6788330078125)]","[(0, 1357.4505615234375), (1, 1170.7586669921875)]","[(0, 2024.89599609375), (1, 2318.03271484375)]"
131,"[(0, 1199.0230712890625), (1, 1546.4931640625)]","[(0, 1607.8271484375), (1, 1686.8807373046875)]","[(0, 3009.65185546875), (1, 2676.69287109375)]","[(0, 4927.33203125), (1, 4970.630859375)]","[(0, 1293.9969482421875), (1, 838.7371215820312)]","[(0, 4654.5322265625), (1, 4648.8623046875)]","[(0, 2574.381103515625), (1, 2678.775390625)]","[(0, 1471.557861328125), (1, 1678.255126953125)]","[(0, 1366.976318359375), (1, 1088.2381591796875)]","[(0, 1886.4180908203125), (1, 1605.5968017578125)]","[(0, 2944.575927734375), (1, 2996.977783203125)]"
132,"[(0, 2183.532470703125), (1, 2722.316162109375)]","[(0, 1725.631103515625), (1, 1831.6846923828125)]","[(0, 3524.76220703125), (1, 3091.42822265625)]","[(0, 1559.4283447265625), (1, 1659.6387939453125)]","[(0, 1336.719482421875), (1, 829.6188354492188)]","[(0, 5245.3681640625), (1, 5384.7734375)]","[(0, 2792.659423828125), (1, 2888.51220703125)]","[(0, 2732.384521484375), (1, 2236.703857421875)]","[(0, 2132.486328125), (1, 2347.8779296875)]","[(0, 1835.332275390625), (1, 1998.93994140625)]","[(0, 3520.015380859375), (1, 3552.515380859375)]"
133,"[(0, 2737.793212890625), (1, 3622.66552734375)]","[(0, 3114.801025390625), (1, 3354.10400390625)]","[(0, 7719.96240234375), (1, 7501.3564453125)]","[(0, 2525.928466796875), (1, 2555.0146484375)]","[(0, 541.3308715820312), (1, 492.27105712890625)]","[(0, 2081.7744140625), (1, 2060.82421875)]","[(0, 6781.40478515625), (1, 6685.9462890625)]","[(0, 2263.830078125), (1, 1602.677978515625)]","[(0, 860.2730102539062), (1, 1104.5528564453125)]","[(0, 1859.8758544921875), (1, 1431.574951171875)]","[(0, 1066.0062255859375), (1, 1100.8502197265625)]"
134,"[(0, 1875.06005859375), (1, 2361.436767578125)]","[(0, 3577.559326171875), (1, 4242.67041015625)]","[(0, 2044.1092529296875), (1, 1794.5128173828125)]","[(0, 1148.6787109375), (1, 1134.6651611328125)]","[(0, 728.34130859375), (1, 639.712646484375)]","[(0, 3336.153076171875), (1, 3245.367431640625)]","[(0, 4864.421875), (1, 4995.6943359375)]","[(0, 1205.516845703125), (1, 1366.77099609375)]","[(0, 1206.2252197265625), (1, 1600.24658203125)]","[(0, 1362.360107421875), (1, 1522.03076171875)]","[(0, 765.8292846679688), (1, 919.2094116210938)]"
135,"[(0, 1984.6953125), (1, 2517.033447265625)]","[(0, 3159.88671875), (1, 3489.0703125)]","[(0, 1953.6031494140625), (1, 2045.1827392578125)]","[(0, 3200.29150390625), (1, 3131.09814453125)]","[(0, 2742.167236328125), (1, 1687.353759765625)]","[(0, 2963.015380859375), (1, 2968.828125)]","[(0, 4905.34765625), (1, 4745.66943359375)]","[(0, 1415.112548828125), (1, 1374.9786376953125)]","[(0, 1614.9229736328125), (1, 1902.9095458984375)]","[(0, 2132.22802734375), (1, 2719.30224609375)]","[(0, 2669.603271484375), (1, 2664.438720703125)]"
136,"[(0, 1229.785400390625), (1, 1534.0238037109375)]","[(0, 1688.1199951171875), (1, 1720.90625)]","[(0, 6204.15234375), (1, 6228.04296875)]","[(0, 2717.554931640625), (1, 2863.49267578125)]","[(0, 2436.582763671875), (1, 1494.0965576171875)]","[(0, 5821.21826171875), (1, 5920.87890625)]","[(0, 7610.5966796875), (1, 7668.93408203125)]","[(0, 1023.354736328125), (1, 736.3739013671875)]","[(0, 1321.0775146484375), (1, 1577.787109375)]","[(0, 1133.872802734375), (1, 1382.466064453125)]","[(0, 1451.1488037109375), (1, 1740.456298828125)]"
137,"[(0, 2172.163330078125), (1, 2756.955322265625)]","[(0, 619.6157836914062), (1, 538.241943359375)]","[(0, 2883.95263671875), (1, 2906.944580078125)]","[(0, 4336.37109375), (1, 4304.25048828125)]","[(0, 1077.164306640625), (1, 950.091064453125)]","[(0, 3217.3828125), (1, 3081.402587890625)]","[(0, 5086.51171875), (1, 4946.52734375)]","[(0, 1177.875732421875), (1, 1173.3631591796875)]","[(0, 2266.212890625), (1, 1969.8778076171875)]","[(0, 1435.3863525390625), (1, 1376.4591064453125)]","[(0, 1313.013916015625), (1, 1559.4149169921875)]"
138,"[(0, 1553.5013427734375), (1, 2022.3939208984375)]","[(0, 1502.8453369140625), (1, 1831.52490234375)]","[(0, 4591.53466796875), (1, 4824.65673828125)]","[(0, 1829.0079345703125), (1, 1910.1478271484375)]","[(0, 3577.787841796875), (1, 2044.88818359375)]","[(0, 4392.87109375), (1, 4484.5263671875)]","[(0, 4480.75537109375), (1, 4281.28759765625)]","[(0, 3102.96826171875), (1, 2642.243408203125)]","[(0, 1777.269287109375), (1, 1717.2781982421875)]","[(0, 1743.2479248046875), (1, 2002.7791748046875)]","[(0, 1736.0311279296875), (1, 2090.3798828125)]"
139,"[(0, 1597.29931640625), (1, 2110.135986328125)]","[(0, 2361.701416015625), (1, 3137.234619140625)]","[(0, 3955.252685546875), (1, 4128.10986328125)]","[(0, 2344.518310546875), (1, 2380.253662109375)]","[(0, 2998.06982421875), (1, 1713.414306640625)]","[(0, 3207.713623046875), (1, 3121.73583984375)]","[(0, 3197.3662109375), (1, 3196.015625)]","[(0, 825.6490478515625), (1, 863.4403076171875)]","[(0, 3140.3564453125), (1, 2657.99853515625)]","[(0, 1529.294677734375), (1, 1320.5631103515625)]","[(0, 1342.7333984375), (1, 1538.615478515625)]"
140,"[(0, 1647.0689697265625), (1, 2178.86669921875)]","[(0, 1660.7320556640625), (1, 1840.12548828125)]","[(0, 1948.0487060546875), (1, 1930.659912109375)]","[(0, 3493.5986328125), (1, 3661.218017578125)]","[(0, 1928.9326171875), (1, 1605.6007080078125)]","[(0, 3874.931640625), (1, 3805.478271484375)]","[(0, 3981.775390625), (1, 4083.188232421875)]","[(0, 1148.3621826171875), (1, 1139.579833984375)]","[(0, 1007.7335815429688), (1, 1340.6221923828125)]","[(0, 2098.887451171875), (1, 2123.07373046875)]","[(0, 936.5006713867188), (1, 1128.65380859375)]"
141,"[(0, 1517.1650390625), (1, 2047.1368408203125)]","[(0, 1090.016357421875), (1, 1130.9622802734375)]","[(0, 1940.758544921875), (1, 1846.0137939453125)]","[(0, 1550.7044677734375), (1, 1603.33984375)]","[(0, 2108.15771484375), (1, 1742.150146484375)]","[(0, 4043.5419921875), (1, 4105.99658203125)]","[(0, 3443.373779296875), (1, 4269.49609375)]","[(0, 1714.623046875), (1, 1750.432861328125)]","[(0, 1131.1170654296875), (1, 1150.3433837890625)]","[(0, 1298.5648193359375), (1, 1706.976806640625)]","[(0, 1972.067626953125), (1, 2237.45703125)]"
142,"[(0, 1489.428955078125), (1, 1874.05810546875)]","[(0, 484.6903991699219), (1, 431.23193359375)]","[(0, 2691.9501953125), (1, 2434.921875)]","[(0, 2297.713623046875), (1, 2388.575439453125)]","[(0, 3051.71044921875), (1, 1814.6636962890625)]","[(0, 5271.67626953125), (1, 5416.009765625)]","[(0, 3396.202392578125), (1, 4088.167724609375)]","[(0, 1009.7172241210938), (1, 1068.26708984375)]","[(0, 1390.4395751953125), (1, 1596.9154052734375)]","[(0, 722.4873046875), (1, 1082.0423583984375)]","[(0, 2381.82177734375), (1, 2409.277587890625)]"
143,"[(0, 2017.880859375), (1, 2684.705078125)]","[(0, 1705.2259521484375), (1, 2097.52001953125)]","[(0, 1165.0694580078125), (1, 1153.4044189453125)]","[(0, 2383.165771484375), (1, 2433.8701171875)]","[(0, 2813.557373046875), (1, 1683.0355224609375)]","[(0, 4741.31298828125), (1, 4616.53564453125)]","[(0, 2370.490234375), (1, 2328.5126953125)]","[(0, 1378.9910888671875), (1, 1301.4361572265625)]","[(0, 1795.5152587890625), (1, 1962.8857421875)]","[(0, 1649.02880859375), (1, 2183.0380859375)]","[(0, 1626.0235595703125), (1, 1923.9996337890625)]"
144,"[(0, 1528.97314453125), (1, 1937.6708984375)]","[(0, 1980.0880126953125), (1, 2487.925048828125)]","[(0, 6341.81298828125), (1, 5805.76611328125)]","[(0, 2343.075439453125), (1, 2439.178466796875)]","[(0, 1862.4388427734375), (1, 1565.37060546875)]","[(0, 5998.0068359375), (1, 5999.4833984375)]","[(0, 3303.7099609375), (1, 3305.919189453125)]","[(0, 1384.9527587890625), (1, 1185.1541748046875)]","[(0, 1033.40673828125), (1, 1169.6806640625)]","[(0, 1338.2181396484375), (1, 1090.7410888671875)]","[(0, 1199.4383544921875), (1, 1178.37060546875)]"
145,"[(0, 1451.0706787109375), (1, 1933.6292724609375)]","[(0, 1792.19287109375), (1, 2026.5101318359375)]","[(0, 3035.444580078125), (1, 2382.0693359375)]","[(0, 1426.51611328125), (1, 1562.2752685546875)]","[(0, 2521.6201171875), (1, 1528.0001220703125)]","[(0, 3079.202392578125), (1, 3105.905029296875)]","[(0, 3727.488037109375), (1, 3732.10498046875)]","[(0, 1753.682861328125), (1, 1454.7840576171875)]","[(0, 1691.4315185546875), (1, 1349.1436767578125)]","[(0, 1069.6484375), (1, 871.9947509765625)]","[(0, 1698.616943359375), (1, 2041.84716796875)]"
146,"[(0, 1470.56396484375), (1, 1861.4390869140625)]","[(0, 1204.2757568359375), (1, 1298.0225830078125)]","[(0, 3531.400390625), (1, 3747.022705078125)]","[(0, 2270.384765625), (1, 2384.727783203125)]","[(0, 810.8924560546875), (1, 724.3068237304688)]","[(0, 1820.4801025390625), (1, 1778.219482421875)]","[(0, 5047.0), (1, 5066.6181640625)]","[(0, 2320.6337890625), (1, 2862.412841796875)]","[(0, 889.2840576171875), (1, 987.0927124023438)]","[(0, 1877.656494140625), (1, 1693.2513427734375)]","[(0, 1826.2705078125), (1, 1833.4376220703125)]"
147,"[(0, 1650.0797119140625), (1, 2086.928955078125)]","[(0, 540.8643798828125), (1, 478.1478576660156)]","[(0, 6884.583984375), (1, 6770.8515625)]","[(0, 3490.587890625), (1, 3439.163330078125)]","[(0, 3945.641845703125), (1, 2460.7626953125)]","[(0, 2452.384765625), (1, 2445.77734375)]","[(0, 5748.93408203125), (1, 7733.43994140625)]","[(0, 1885.6402587890625), (1, 1890.546142578125)]","[(0, 981.1091918945312), (1, 1218.526611328125)]","[(0, 829.0280151367188), (1, 862.9661254882812)]","[(0, 1735.052001953125), (1, 2046.983642578125)]"
148,"[(0, 959.733642578125), (1, 1184.227783203125)]","[(0, 1015.5588989257812), (1, 1390.1578369140625)]","[(0, 1952.8328857421875), (1, 1979.5489501953125)]","[(0, 4314.97705078125), (1, 4371.0107421875)]","[(0, 3012.839599609375), (1, 1888.4647216796875)]","[(0, 5460.34130859375), (1, 5411.5537109375)]","[(0, 2108.19580078125), (1, 2850.73388671875)]","[(0, 1572.0931396484375), (1, 1515.3726806640625)]","[(0, 1025.6278076171875), (1, 1006.380859375)]","[(0, 1679.21337890625), (1, 2098.17919921875)]","[(0, 1768.8739013671875), (1, 1762.2919921875)]"
149,"[(0, 1432.36083984375), (1, 1890.064697265625)]","[(0, 1265.346435546875), (1, 1875.216552734375)]","[(0, 2586.536865234375), (1, 2218.43212890625)]","[(0, 2395.6611328125), (1, 2557.491455078125)]","[(0, 1371.4603271484375), (1, 1211.8543701171875)]","[(0, 4802.603515625), (1, 4914.009765625)]","[(0, 7209.458984375), (1, 7174.02783203125)]","[(0, 1633.455078125), (1, 1761.5357666015625)]","[(0, 1528.3251953125), (1, 1955.578125)]","[(0, 2260.79150390625), (1, 1844.218017578125)]","[(0, 1913.5491943359375), (1, 1997.404052734375)]"
150,"[(0, 1804.1607666015625), (1, 2462.650146484375)]","[(0, 1110.5477294921875), (1, 1470.1090087890625)]","[(0, 2892.929931640625), (1, 3004.555908203125)]","[(0, 1335.4178466796875), (1, 1373.6522216796875)]","[(0, 1553.406494140625), (1, 1370.2105712890625)]","[(0, 4936.4755859375), (1, 4664.138671875)]","[(0, 3525.21240234375), (1, 3597.73876953125)]","[(0, 1566.1298828125), (1, 2108.09521484375)]","[(0, 1337.9132080078125), (1, 1543.98583984375)]","[(0, 2058.405517578125), (1, 2058.363037109375)]","[(0, 1214.847900390625), (1, 1424.245361328125)]"
151,"[(0, 2782.078125), (1, 3547.93115234375)]","[(0, 961.0594482421875), (1, 1194.39013671875)]","[(0, 5483.76220703125), (1, 4737.3671875)]","[(0, 2333.36083984375), (1, 2444.584716796875)]","[(0, 4253.8076171875), (1, 2613.784912109375)]","[(0, 5219.65380859375), (1, 5277.0634765625)]","[(0, 3784.3857421875), (1, 4759.724609375)]","[(0, 905.648681640625), (1, 1136.603271484375)]","[(0, 1128.286376953125), (1, 1062.6282958984375)]","[(0, 1180.3907470703125), (1, 1712.482177734375)]","[(0, 988.510498046875), (1, 1156.5943603515625)]"
152,"[(0, 1603.882080078125), (1, 2134.492431640625)]","[(0, 979.0599975585938), (1, 1317.472900390625)]","[(0, 2878.716552734375), (1, 2766.3271484375)]","[(0, 2847.487060546875), (1, 3014.51806640625)]","[(0, 4819.0927734375), (1, 3000.701416015625)]","[(0, 5610.1181640625), (1, 5786.265625)]","[(0, 3817.935791015625), (1, 5012.25390625)]","[(0, 1354.70703125), (1, 1147.5794677734375)]","[(0, 2274.2041015625), (1, 1614.4425048828125)]","[(0, 1458.6746826171875), (1, 1492.5892333984375)]","[(0, 773.50732421875), (1, 920.40283203125)]"
153,"[(0, 1458.7991943359375), (1, 1906.9962158203125)]","[(0, 1378.415771484375), (1, 2101.282958984375)]","[(0, 2334.947021484375), (1, 1987.280517578125)]","[(0, 5619.37646484375), (1, 5464.61865234375)]","[(0, 4005.098388671875), (1, 3437.582763671875)]","[(0, 6597.95849609375), (1, 6788.24365234375)]","[(0, 2310.53857421875), (1, 2438.685302734375)]","[(0, 2846.93310546875), (1, 2249.103515625)]","[(0, 923.6541137695312), (1, 1027.30419921875)]","[(0, 1177.46533203125), (1, 1027.3477783203125)]","[(0, 2035.6923828125), (1, 2092.063232421875)]"
154,"[(0, 1336.5614013671875), (1, 1730.329345703125)]","[(0, 1164.4761962890625), (1, 1546.2890625)]","[(0, 830.9391479492188), (1, 724.7718505859375)]","[(0, 3380.56201171875), (1, 3530.6630859375)]","[(0, 5402.2978515625), (1, 3302.610595703125)]","[(0, 7935.89013671875), (1, 7725.99462890625)]","[(0, 4076.32861328125), (1, 4289.27734375)]","[(0, 1590.70947265625), (1, 1650.7769775390625)]","[(0, 1490.4810791015625), (1, 1277.49462890625)]","[(0, 1613.070556640625), (1, 1915.5447998046875)]","[(0, 1648.971435546875), (1, 1931.965576171875)]"
155,"[(0, 2302.074951171875), (1, 3033.939453125)]","[(0, 894.2097778320312), (1, 1109.2276611328125)]","[(0, 10303.767578125), (1, 9836.98828125)]","[(0, 1976.593017578125), (1, 1858.91650390625)]","[(0, 4660.44873046875), (1, 2834.578125)]","[(0, 9176.3857421875), (1, 9132.7939453125)]","[(0, 4530.52197265625), (1, 4283.65185546875)]","[(0, 1088.6622314453125), (1, 1107.92041015625)]","[(0, 1797.3387451171875), (1, 2500.205322265625)]","[(0, 2964.14599609375), (1, 2530.3515625)]","[(0, 1360.8582763671875), (1, 1587.24072265625)]"
156,"[(0, 1785.9627685546875), (1, 2351.527099609375)]","[(0, 594.1964111328125), (1, 506.362548828125)]","[(0, 3483.817138671875), (1, 3455.2587890625)]","[(0, 2956.345947265625), (1, 2935.2744140625)]","[(0, 3637.825927734375), (1, 3001.02783203125)]","[(0, 7790.8388671875), (1, 7789.33056640625)]","[(0, 5026.8447265625), (1, 5242.75732421875)]","[(0, 1643.3785400390625), (1, 1501.9691162109375)]","[(0, 829.2265014648438), (1, 856.646240234375)]","[(0, 1293.991455078125), (1, 1644.0614013671875)]","[(0, 1074.0816650390625), (1, 1086.861328125)]"
157,"[(0, 1304.0377197265625), (1, 1624.599853515625)]","[(0, 2910.28857421875), (1, 3265.251708984375)]","[(0, 4050.4619140625), (1, 3969.131591796875)]","[(0, 4147.79345703125), (1, 4161.462890625)]","[(0, 1996.9373779296875), (1, 1695.2208251953125)]","[(0, 6944.94287109375), (1, 7294.94970703125)]","[(0, 2539.179443359375), (1, 2908.046630859375)]","[(0, 2744.528564453125), (1, 1907.942138671875)]","[(0, 1818.76123046875), (1, 1212.6561279296875)]","[(0, 1229.7989501953125), (1, 1320.729248046875)]","[(0, 1658.986083984375), (1, 1906.1343994140625)]"
158,"[(0, 1712.0037841796875), (1, 2169.849609375)]","[(0, 4590.87353515625), (1, 5727.22021484375)]","[(0, 5327.3662109375), (1, 4936.43798828125)]","[(0, 1979.4102783203125), (1, 1962.0032958984375)]","[(0, 2739.3603515625), (1, 1589.5303955078125)]","[(0, 4675.98583984375), (1, 4510.87548828125)]","[(0, 2370.890625), (1, 2767.171630859375)]","[(0, 1165.78125), (1, 1210.739501953125)]","[(0, 1186.87109375), (1, 1346.384033203125)]","[(0, 3382.397216796875), (1, 2271.60400390625)]","[(0, 2637.434814453125), (1, 2700.38525390625)]"
159,"[(0, 2176.714111328125), (1, 2906.203125)]","[(0, 3262.8984375), (1, 3595.447509765625)]","[(0, 2412.586181640625), (1, 2332.834716796875)]","[(0, 1342.52978515625), (1, 1428.903564453125)]","[(0, 2341.98193359375), (1, 1356.467041015625)]","[(0, 7459.05419921875), (1, 7395.0244140625)]","[(0, 4898.88623046875), (1, 4813.23193359375)]","[(0, 1991.2227783203125), (1, 2932.522705078125)]","[(0, 1338.231689453125), (1, 870.0455932617188)]","[(0, 1819.4351806640625), (1, 2071.270751953125)]","[(0, 1863.0107421875), (1, 2150.729736328125)]"
160,"[(0, 2446.68017578125), (1, 3236.450439453125)]","[(0, 2865.553955078125), (1, 3161.40576171875)]","[(0, 7171.93408203125), (1, 7639.58935546875)]","[(0, 5684.85693359375), (1, 5630.7490234375)]","[(0, 962.4361572265625), (1, 853.00830078125)]","[(0, 8365.033203125), (1, 8451.3212890625)]","[(0, 3604.55908203125), (1, 3706.64404296875)]","[(0, 2225.9482421875), (1, 1643.279052734375)]","[(0, 2880.478271484375), (1, 2347.455810546875)]","[(0, 1634.6331787109375), (1, 1606.911865234375)]","[(0, 3218.5859375), (1, 3345.114990234375)]"
161,"[(0, 1961.5616455078125), (1, 2606.89794921875)]","[(0, 1078.986083984375), (1, 1472.48095703125)]","[(0, 2934.51318359375), (1, 2989.82958984375)]","[(0, 1385.8070068359375), (1, 1448.135009765625)]","[(0, 4827.7958984375), (1, 3027.211181640625)]","[(0, 4891.2119140625), (1, 4992.341796875)]","[(0, 2724.517333984375), (1, 4331.9443359375)]","[(0, 1570.862060546875), (1, 1699.0689697265625)]","[(0, 1287.226806640625), (1, 1419.516845703125)]","[(0, 841.9556274414062), (1, 1388.6168212890625)]","[(0, 1243.52783203125), (1, 1435.723876953125)]"
162,"[(0, 1248.633544921875), (1, 1550.2940673828125)]","[(0, 1301.006103515625), (1, 1902.062255859375)]","[(0, 6055.8515625), (1, 5978.15625)]","[(0, 3406.007568359375), (1, 3435.078857421875)]","[(0, 4159.447265625), (1, 2588.59375)]","[(0, 5003.771484375), (1, 4978.638671875)]","[(0, 3031.946533203125), (1, 4790.125)]","[(0, 1801.489990234375), (1, 1676.1854248046875)]","[(0, 1650.006591796875), (1, 1678.3111572265625)]","[(0, 2026.0230712890625), (1, 2602.4638671875)]","[(0, 1341.1484375), (1, 1623.5450439453125)]"
163,"[(0, 2553.36328125), (1, 3419.0087890625)]","[(0, 1246.2138671875), (1, 1662.6607666015625)]","[(0, 1967.498779296875), (1, 1852.650390625)]","[(0, 2705.711181640625), (1, 2844.912353515625)]","[(0, 1636.299072265625), (1, 1388.6221923828125)]","[(0, 4791.2763671875), (1, 4710.00927734375)]","[(0, 4930.7353515625), (1, 4863.03076171875)]","[(0, 2456.375732421875), (1, 3430.986328125)]","[(0, 1408.1988525390625), (1, 1607.6539306640625)]","[(0, 1335.5230712890625), (1, 1443.342529296875)]","[(0, 2140.884765625), (1, 2123.161865234375)]"
164,"[(0, 1641.9696044921875), (1, 2141.423828125)]","[(0, 974.641845703125), (1, 1201.9803466796875)]","[(0, 1389.458740234375), (1, 1136.953369140625)]","[(0, 1647.411376953125), (1, 1623.85009765625)]","[(0, 868.4088134765625), (1, 753.4437255859375)]","[(0, 6490.595703125), (1, 6558.81787109375)]","[(0, 5268.41455078125), (1, 5063.09228515625)]","[(0, 1289.5330810546875), (1, 951.0443115234375)]","[(0, 1590.30517578125), (1, 1449.9398193359375)]","[(0, 1568.4810791015625), (1, 1715.4759521484375)]","[(0, 1665.1717529296875), (1, 1977.7611083984375)]"
165,"[(0, 1568.8663330078125), (1, 2064.424072265625)]","[(0, 1618.1873779296875), (1, 1839.3096923828125)]","[(0, 3230.28662109375), (1, 3429.5078125)]","[(0, 1508.674072265625), (1, 1557.2823486328125)]","[(0, 1940.28564453125), (1, 1176.298095703125)]","[(0, 3133.22802734375), (1, 3273.473876953125)]","[(0, 3017.100830078125), (1, 2990.884765625)]","[(0, 1090.65478515625), (1, 960.23681640625)]","[(0, 1699.6483154296875), (1, 1559.427001953125)]","[(0, 2373.85546875), (1, 2638.768310546875)]","[(0, 1543.082763671875), (1, 1795.0562744140625)]"
166,"[(0, 1513.89208984375), (1, 1944.134521484375)]","[(0, 2220.1962890625), (1, 2690.911865234375)]","[(0, 1106.0455322265625), (1, 1074.0960693359375)]","[(0, 2127.357421875), (1, 2190.025634765625)]","[(0, 1947.586181640625), (1, 1339.2222900390625)]","[(0, 5144.75732421875), (1, 4955.26708984375)]","[(0, 3077.40869140625), (1, 3084.237060546875)]","[(0, 1358.3895263671875), (1, 1488.036865234375)]","[(0, 1423.925537109375), (1, 1584.1375732421875)]","[(0, 2270.14013671875), (1, 2210.37353515625)]","[(0, 778.3201293945312), (1, 925.7688598632812)]"
167,"[(0, 1815.423583984375), (1, 2450.4677734375)]","[(0, 1868.594482421875), (1, 1968.7462158203125)]","[(0, 4951.71923828125), (1, 5112.10107421875)]","[(0, 4549.078125), (1, 4319.09814453125)]","[(0, 2444.852783203125), (1, 2104.5439453125)]","[(0, 5462.3310546875), (1, 5290.22998046875)]","[(0, 3399.397216796875), (1, 3467.2177734375)]","[(0, 1132.7244873046875), (1, 1124.843994140625)]","[(0, 1453.923583984375), (1, 1044.05078125)]","[(0, 1180.7403564453125), (1, 1093.22119140625)]","[(0, 1060.7860107421875), (1, 1244.82763671875)]"
168,"[(0, 1543.89599609375), (1, 2033.847900390625)]","[(0, 1180.82080078125), (1, 1194.1407470703125)]","[(0, 7314.56689453125), (1, 6139.54248046875)]","[(0, 2284.852783203125), (1, 2394.264404296875)]","[(0, 2547.55126953125), (1, 2237.519775390625)]","[(0, 1770.8587646484375), (1, 1846.67236328125)]","[(0, 5474.8525390625), (1, 5552.4892578125)]","[(0, 1427.2618408203125), (1, 1557.2772216796875)]","[(0, 1718.5584716796875), (1, 2532.463623046875)]","[(0, 2429.704833984375), (1, 2202.447021484375)]","[(0, 1215.7315673828125), (1, 1222.2882080078125)]"
169,"[(0, 2388.92041015625), (1, 3112.921142578125)]","[(0, 1163.5731201171875), (1, 1247.8323974609375)]","[(0, 6883.62548828125), (1, 6827.34716796875)]","[(0, 2813.311767578125), (1, 2822.66162109375)]","[(0, 3766.426513671875), (1, 2228.742431640625)]","[(0, 3452.205322265625), (1, 3548.205322265625)]","[(0, 3780.050048828125), (1, 3804.915771484375)]","[(0, 2106.118896484375), (1, 1899.86962890625)]","[(0, 1358.62451171875), (1, 1451.7059326171875)]","[(0, 1409.5128173828125), (1, 1438.341552734375)]","[(0, 1218.2332763671875), (1, 1432.5220947265625)]"
170,"[(0, 2044.142333984375), (1, 2627.419189453125)]","[(0, 1643.69921875), (1, 1887.072998046875)]","[(0, 7356.0634765625), (1, 7488.11279296875)]","[(0, 3147.453369140625), (1, 3088.79931640625)]","[(0, 3295.943115234375), (1, 1976.5732421875)]","[(0, 3265.79052734375), (1, 3144.0693359375)]","[(0, 4921.6962890625), (1, 5048.9208984375)]","[(0, 1499.2021484375), (1, 1758.8465576171875)]","[(0, 1047.3302001953125), (1, 1158.8184814453125)]","[(0, 1831.060302734375), (1, 2017.244873046875)]","[(0, 1847.6148681640625), (1, 2200.817626953125)]"
171,"[(0, 1622.13134765625), (1, 2105.46435546875)]","[(0, 1311.567138671875), (1, 1302.1121826171875)]","[(0, 4385.86767578125), (1, 4379.31787109375)]","[(0, 1974.0394287109375), (1, 2100.0029296875)]","[(0, 1288.5133056640625), (1, 1155.2677001953125)]","[(0, 2310.312744140625), (1, 2246.95947265625)]","[(0, 7020.31005859375), (1, 6413.845703125)]","[(0, 1506.1072998046875), (1, 1900.8065185546875)]","[(0, 1881.196533203125), (1, 2419.128173828125)]","[(0, 1169.608642578125), (1, 1202.492431640625)]","[(0, 2248.214599609375), (1, 2223.209228515625)]"
172,"[(0, 1658.779541015625), (1, 2233.987060546875)]","[(0, 1530.1759033203125), (1, 1589.64404296875)]","[(0, 2772.73486328125), (1, 2816.06884765625)]","[(0, 1122.2911376953125), (1, 1155.23681640625)]","[(0, 1243.9459228515625), (1, 1107.606201171875)]","[(0, 6745.61865234375), (1, 6847.09765625)]","[(0, 6217.05224609375), (1, 5630.71142578125)]","[(0, 1027.1151123046875), (1, 1128.54833984375)]","[(0, 2293.6806640625), (1, 2493.345458984375)]","[(0, 1527.452392578125), (1, 1839.282470703125)]","[(0, 2188.1572265625), (1, 2208.54345703125)]"
173,"[(0, 1146.6982421875), (1, 1403.214599609375)]","[(0, 538.0687255859375), (1, 483.20819091796875)]","[(0, 3587.1591796875), (1, 3428.582275390625)]","[(0, 4034.947998046875), (1, 4089.271484375)]","[(0, 4401.47607421875), (1, 2693.126220703125)]","[(0, 4573.603515625), (1, 4657.32080078125)]","[(0, 3009.32470703125), (1, 3024.06884765625)]","[(0, 1351.1175537109375), (1, 1903.2298583984375)]","[(0, 1785.374267578125), (1, 2336.8271484375)]","[(0, 1995.3896484375), (1, 1585.5244140625)]","[(0, 1716.428466796875), (1, 2075.749755859375)]"
174,"[(0, 1759.478271484375), (1, 2371.678466796875)]","[(0, 1051.72265625), (1, 1444.04052734375)]","[(0, 2313.8427734375), (1, 2095.3505859375)]","[(0, 1041.1031494140625), (1, 1023.8511352539062)]","[(0, 4120.8486328125), (1, 2538.622802734375)]","[(0, 5086.72998046875), (1, 4946.4423828125)]","[(0, 2248.446044921875), (1, 2276.460693359375)]","[(0, 2167.168212890625), (1, 1870.8233642578125)]","[(0, 1891.11669921875), (1, 2265.37109375)]","[(0, 1069.0579833984375), (1, 1122.815185546875)]","[(0, 504.54864501953125), (1, 610.7875366210938)]"
175,"[(0, 964.5853881835938), (1, 1197.666015625)]","[(0, 1299.19287109375), (1, 1921.657958984375)]","[(0, 2972.31982421875), (1, 2574.6806640625)]","[(0, 1473.3770751953125), (1, 1483.7099609375)]","[(0, 2969.132568359375), (1, 2432.8896484375)]","[(0, 5350.634765625), (1, 5289.9775390625)]","[(0, 6040.67578125), (1, 7437.32568359375)]","[(0, 2767.26416015625), (1, 2306.882568359375)]","[(0, 1700.478515625), (1, 2281.615234375)]","[(0, 2306.995849609375), (1, 2190.951904296875)]","[(0, 2577.02783203125), (1, 2524.412353515625)]"
176,"[(0, 1324.3660888671875), (1, 1650.314208984375)]","[(0, 1257.9881591796875), (1, 1630.658935546875)]","[(0, 2953.00537109375), (1, 3070.08349609375)]","[(0, 1684.27587890625), (1, 1869.1158447265625)]","[(0, 2875.029052734375), (1, 2379.17138671875)]","[(0, 6826.0908203125), (1, 6591.0029296875)]","[(0, 5131.51708984375), (1, 6152.63134765625)]","[(0, 1358.4898681640625), (1, 1387.708740234375)]","[(0, 1452.2806396484375), (1, 1083.4581298828125)]","[(0, 737.1056518554688), (1, 842.5697631835938)]","[(0, 942.4232177734375), (1, 1136.8277587890625)]"
177,"[(0, 1521.667236328125), (1, 1895.2667236328125)]","[(0, 1001.6870727539062), (1, 1196.170654296875)]","[(0, 1897.5653076171875), (1, 1767.6495361328125)]","[(0, 5593.22607421875), (1, 5769.4150390625)]","[(0, 3292.81103515625), (1, 2051.269287109375)]","[(0, 3967.523193359375), (1, 4095.07470703125)]","[(0, 2235.8251953125), (1, 2177.615234375)]","[(0, 1714.81591796875), (1, 1877.6512451171875)]","[(0, 1461.9781494140625), (1, 1441.9632568359375)]","[(0, 1329.529296875), (1, 921.4097900390625)]","[(0, 1159.8831787109375), (1, 1423.531005859375)]"
178,"[(0, 1916.9134521484375), (1, 2465.887451171875)]","[(0, 1820.5755615234375), (1, 2070.275634765625)]","[(0, 6093.1708984375), (1, 5461.1328125)]","[(0, 2057.621337890625), (1, 2065.12890625)]","[(0, 3093.40087890625), (1, 1933.9298095703125)]","[(0, 3386.247802734375), (1, 3303.02001953125)]","[(0, 4566.56494140625), (1, 4658.080078125)]","[(0, 1625.6064453125), (1, 1226.3818359375)]","[(0, 672.181640625), (1, 656.6033325195312)]","[(0, 1374.0289306640625), (1, 1315.402099609375)]","[(0, 1412.638916015625), (1, 1642.19189453125)]"
179,"[(0, 1842.6929931640625), (1, 2511.39892578125)]","[(0, 3082.94873046875), (1, 3754.276611328125)]","[(0, 2952.9052734375), (1, 2285.98095703125)]","[(0, 2044.86083984375), (1, 2080.5400390625)]","[(0, 5501.71923828125), (1, 3449.595703125)]","[(0, 2172.547607421875), (1, 2124.299072265625)]","[(0, 2875.2333984375), (1, 2816.048583984375)]","[(0, 1517.61572265625), (1, 1608.8255615234375)]","[(0, 1824.72021484375), (1, 1858.0826416015625)]","[(0, 705.7373657226562), (1, 880.6578369140625)]","[(0, 2553.204833984375), (1, 2541.716064453125)]"
180,"[(0, 1871.6719970703125), (1, 2486.779296875)]","[(0, 2001.8663330078125), (1, 2092.491943359375)]","[(0, 2718.25732421875), (1, 2315.281982421875)]","[(0, 6376.27783203125), (1, 6763.345703125)]","[(0, 2939.12060546875), (1, 1918.1744384765625)]","[(0, 2296.911865234375), (1, 2343.62744140625)]","[(0, 3723.771240234375), (1, 3830.185791015625)]","[(0, 1265.4635009765625), (1, 1051.897216796875)]","[(0, 1001.0210571289062), (1, 1452.5853271484375)]","[(0, 1779.5267333984375), (1, 1021.4943237304688)]","[(0, 1520.782958984375), (1, 1868.949951171875)]"
181,"[(0, 2538.135986328125), (1, 3394.19140625)]","[(0, 1370.4647216796875), (1, 1410.7325439453125)]","[(0, 1352.52783203125), (1, 1233.5606689453125)]","[(0, 4049.48876953125), (1, 4046.771240234375)]","[(0, 2203.611083984375), (1, 1984.5657958984375)]","[(0, 1896.89599609375), (1, 1845.125)]","[(0, 2881.26123046875), (1, 3734.094970703125)]","[(0, 1271.420654296875), (1, 1034.123046875)]","[(0, 1828.16650390625), (1, 2142.745361328125)]","[(0, 1067.6971435546875), (1, 1319.2569580078125)]","[(0, 1392.88427734375), (1, 1640.1610107421875)]"
182,"[(0, 1570.8590087890625), (1, 2078.098876953125)]","[(0, 756.3958129882812), (1, 667.05908203125)]","[(0, 5421.70458984375), (1, 4787.572265625)]","[(0, 1204.55712890625), (1, 1216.2412109375)]","[(0, 1924.567626953125), (1, 1700.197021484375)]","[(0, 3287.856201171875), (1, 3384.007080078125)]","[(0, 4248.857421875), (1, 5212.91845703125)]","[(0, 999.2178955078125), (1, 612.802490234375)]","[(0, 2187.9609375), (1, 2307.885009765625)]","[(0, 1659.9871826171875), (1, 2836.583251953125)]","[(0, 2134.765380859375), (1, 2497.450439453125)]"
183,"[(0, 1109.92822265625), (1, 1435.0059814453125)]","[(0, 573.15771484375), (1, 519.3070068359375)]","[(0, 1552.308349609375), (1, 1390.31103515625)]","[(0, 2331.6416015625), (1, 2462.914306640625)]","[(0, 4198.2314453125), (1, 2513.38525390625)]","[(0, 5771.4404296875), (1, 6035.130859375)]","[(0, 5591.716796875), (1, 5764.12451171875)]","[(0, 1364.3734130859375), (1, 1940.5751953125)]","[(0, 958.69677734375), (1, 1021.3092651367188)]","[(0, 1239.589111328125), (1, 1739.1953125)]","[(0, 3570.326416015625), (1, 3579.18701171875)]"
184,"[(0, 894.5556640625), (1, 1085.3868408203125)]","[(0, 1962.699462890625), (1, 1972.4747314453125)]","[(0, 3462.3408203125), (1, 3346.164794921875)]","[(0, 5019.18505859375), (1, 5320.673828125)]","[(0, 3300.9072265625), (1, 1973.7666015625)]","[(0, 7145.64306640625), (1, 6964.1962890625)]","[(0, 8003.9765625), (1, 8600.142578125)]","[(0, 3179.0380859375), (1, 3279.594970703125)]","[(0, 1302.67724609375), (1, 1604.7235107421875)]","[(0, 1450.4556884765625), (1, 2066.42626953125)]","[(0, 2348.977783203125), (1, 2317.028076171875)]"
185,"[(0, 1271.159423828125), (1, 1660.440673828125)]","[(0, 2578.361572265625), (1, 2701.92578125)]","[(0, 5725.03564453125), (1, 5344.56591796875)]","[(0, 2346.316650390625), (1, 2229.451416015625)]","[(0, 1764.616943359375), (1, 1434.94775390625)]","[(0, 6629.65380859375), (1, 6488.33056640625)]","[(0, 3060.80712890625), (1, 3028.78515625)]","[(0, 1004.7510986328125), (1, 1127.85498046875)]","[(0, 1086.5032958984375), (1, 1580.5001220703125)]","[(0, 2496.712158203125), (1, 2191.520263671875)]","[(0, 1730.79638671875), (1, 1782.953857421875)]"
186,"[(0, 1719.0469970703125), (1, 2321.40185546875)]","[(0, 2189.54296875), (1, 1945.6500244140625)]","[(0, 3145.34423828125), (1, 3198.094970703125)]","[(0, 3398.502685546875), (1, 3378.67333984375)]","[(0, 967.8995361328125), (1, 816.701416015625)]","[(0, 6062.38720703125), (1, 6233.818359375)]","[(0, 6582.5986328125), (1, 6494.09375)]","[(0, 1000.2261352539062), (1, 1038.9969482421875)]","[(0, 1505.6807861328125), (1, 1620.5950927734375)]","[(0, 1692.97509765625), (1, 1619.7166748046875)]","[(0, 1034.775146484375), (1, 1255.3599853515625)]"
187,"[(0, 2100.455322265625), (1, 2798.364501953125)]","[(0, 1526.3603515625), (1, 1413.9598388671875)]","[(0, 2281.5869140625), (1, 2162.093017578125)]","[(0, 3288.489501953125), (1, 3457.17041015625)]","[(0, 1489.3011474609375), (1, 1000.422607421875)]","[(0, 5133.9013671875), (1, 5253.85888671875)]","[(0, 3595.2109375), (1, 3527.0048828125)]","[(0, 1379.3751220703125), (1, 1217.7105712890625)]","[(0, 1215.6771240234375), (1, 1080.114501953125)]","[(0, 1076.790283203125), (1, 926.8563232421875)]","[(0, 766.6622924804688), (1, 948.6921997070312)]"
188,"[(0, 2275.905029296875), (1, 3012.93994140625)]","[(0, 2248.3720703125), (1, 2473.993896484375)]","[(0, 2803.3623046875), (1, 2079.36376953125)]","[(0, 3072.734130859375), (1, 3037.26025390625)]","[(0, 2492.8935546875), (1, 1474.64306640625)]","[(0, 3816.56689453125), (1, 3699.919677734375)]","[(0, 3662.05615234375), (1, 3769.06396484375)]","[(0, 610.01123046875), (1, 725.558837890625)]","[(0, 1211.1719970703125), (1, 894.0158081054688)]","[(0, 1129.2772216796875), (1, 1445.9422607421875)]","[(0, 1299.850830078125), (1, 1564.22900390625)]"
189,"[(0, 1961.4775390625), (1, 2480.739013671875)]","[(0, 2890.741455078125), (1, 3355.534423828125)]","[(0, 2547.052001953125), (1, 2309.43603515625)]","[(0, 2159.329833984375), (1, 2104.774658203125)]","[(0, 2112.227783203125), (1, 1761.8995361328125)]","[(0, 3559.980224609375), (1, 3582.69775390625)]","[(0, 4198.0673828125), (1, 5796.64306640625)]","[(0, 978.4107055664062), (1, 915.3233032226562)]","[(0, 1789.1402587890625), (1, 1187.3154296875)]","[(0, 1353.54931640625), (1, 1203.6512451171875)]","[(0, 1792.716064453125), (1, 1828.729736328125)]"
190,"[(0, 1961.13330078125), (1, 2627.38037109375)]","[(0, 2412.390625), (1, 2420.354736328125)]","[(0, 1959.65087890625), (1, 1952.2974853515625)]","[(0, 3046.04638671875), (1, 2787.886962890625)]","[(0, 1473.1854248046875), (1, 1236.82763671875)]","[(0, 4224.4580078125), (1, 4214.7919921875)]","[(0, 3738.709716796875), (1, 4721.1982421875)]","[(0, 1039.27490234375), (1, 1148.8594970703125)]","[(0, 739.7108154296875), (1, 669.1505126953125)]","[(0, 3467.945556640625), (1, 3063.721923828125)]","[(0, 2113.576904296875), (1, 2174.601806640625)]"
191,"[(0, 2218.233154296875), (1, 3012.836669921875)]","[(0, 1613.9222412109375), (1, 1581.2509765625)]","[(0, 3569.213134765625), (1, 3016.016357421875)]","[(0, 2436.041259765625), (1, 2390.5888671875)]","[(0, 6132.38037109375), (1, 3776.868408203125)]","[(0, 5614.1162109375), (1, 5998.1669921875)]","[(0, 2758.328125), (1, 2750.9853515625)]","[(0, 1534.079345703125), (1, 1673.802734375)]","[(0, 2526.93896484375), (1, 2262.455322265625)]","[(0, 2207.862060546875), (1, 1653.62255859375)]","[(0, 1440.8092041015625), (1, 1693.114013671875)]"
192,"[(0, 1993.9847412109375), (1, 2633.19873046875)]","[(0, 944.9674682617188), (1, 1287.513427734375)]","[(0, 4259.63720703125), (1, 4188.98095703125)]","[(0, 4070.85888671875), (1, 4132.71875)]","[(0, 4613.1865234375), (1, 2865.888671875)]","[(0, 5666.04833984375), (1, 5342.25244140625)]","[(0, 5192.64990234375), (1, 5235.802734375)]","[(0, 1472.0618896484375), (1, 1256.434326171875)]","[(0, 850.4094848632812), (1, 752.2565307617188)]","[(0, 2863.330078125), (1, 3968.3330078125)]","[(0, 4047.02197265625), (1, 4105.875)]"
193,"[(0, 2133.354736328125), (1, 2774.221435546875)]","[(0, 1291.4000244140625), (1, 1909.263671875)]","[(0, 5321.3994140625), (1, 5386.62255859375)]","[(0, 3218.165283203125), (1, 3123.65673828125)]","[(0, 1491.9317626953125), (1, 1371.0489501953125)]","[(0, 7408.78955078125), (1, 7220.357421875)]","[(0, 4178.60693359375), (1, 4077.685546875)]","[(0, 2093.24658203125), (1, 2107.887451171875)]","[(0, 1374.8697509765625), (1, 1660.10107421875)]","[(0, 1186.77099609375), (1, 1039.554443359375)]","[(0, 3079.666259765625), (1, 3102.654296875)]"
194,"[(0, 1026.8653564453125), (1, 1272.9588623046875)]","[(0, 1167.044921875), (1, 1505.897705078125)]","[(0, 1519.798583984375), (1, 1504.5762939453125)]","[(0, 5279.00146484375), (1, 5379.42529296875)]","[(0, 2924.337158203125), (1, 1641.4395751953125)]","[(0, 6628.34521484375), (1, 6778.6884765625)]","[(0, 5415.76171875), (1, 5298.39453125)]","[(0, 1337.447021484375), (1, 1504.261962890625)]","[(0, 588.1119995117188), (1, 846.3345947265625)]","[(0, 2345.394775390625), (1, 3232.924560546875)]","[(0, 870.806396484375), (1, 999.489501953125)]"
195,"[(0, 1943.8592529296875), (1, 2588.9306640625)]","[(0, 1019.954833984375), (1, 1231.58349609375)]","[(0, 2645.618408203125), (1, 2394.88671875)]","[(0, 4220.3544921875), (1, 4226.916015625)]","[(0, 2188.677734375), (1, 1228.1773681640625)]","[(0, 4111.455078125), (1, 4184.4375)]","[(0, 3719.21435546875), (1, 3579.357666015625)]","[(0, 1942.4202880859375), (1, 2392.928955078125)]","[(0, 2700.9970703125), (1, 3274.39794921875)]","[(0, 2838.526123046875), (1, 3386.17333984375)]","[(0, 969.6636352539062), (1, 1139.80810546875)]"
196,"[(0, 1549.27734375), (1, 2021.2310791015625)]","[(0, 764.1531372070312), (1, 681.0042724609375)]","[(0, 1747.2125244140625), (1, 1767.5931396484375)]","[(0, 5107.60791015625), (1, 5004.88330078125)]","[(0, 2196.094970703125), (1, 1785.76513671875)]","[(0, 3267.3232421875), (1, 3211.2734375)]","[(0, 1655.591064453125), (1, 1716.2254638671875)]","[(0, 2104.21484375), (1, 2151.065185546875)]","[(0, 1555.6673583984375), (1, 1046.7315673828125)]","[(0, 2859.04345703125), (1, 2406.330322265625)]","[(0, 1547.8388671875), (1, 1851.2701416015625)]"
197,"[(0, 2012.51611328125), (1, 2501.62451171875)]","[(0, 515.8966064453125), (1, 442.10589599609375)]","[(0, 4019.98779296875), (1, 3315.286865234375)]","[(0, 2096.384033203125), (1, 2055.635498046875)]","[(0, 1930.2713623046875), (1, 1615.983642578125)]","[(0, 2554.37646484375), (1, 2511.178466796875)]","[(0, 9881.8486328125), (1, 10647.5244140625)]","[(0, 3370.406005859375), (1, 2184.596923828125)]","[(0, 1503.4244384765625), (1, 1473.1474609375)]","[(0, 1095.1025390625), (1, 1341.300537109375)]","[(0, 1014.3916015625), (1, 1031.918701171875)]"
198,"[(0, 1727.149169921875), (1, 2270.72998046875)]","[(0, 610.4637451171875), (1, 725.5523071289062)]","[(0, 2352.090087890625), (1, 2087.330078125)]","[(0, 1661.083740234375), (1, 1563.974609375)]","[(0, 4562.373046875), (1, 2722.16162109375)]","[(0, 5803.9228515625), (1, 5976.95361328125)]","[(0, 3553.6845703125), (1, 3919.666259765625)]","[(0, 890.3948974609375), (1, 1024.0712890625)]","[(0, 2338.58935546875), (1, 2325.8193359375)]","[(0, 1421.302978515625), (1, 1748.7076416015625)]","[(0, 1891.822021484375), (1, 1894.880859375)]"
199,"[(0, 2457.1875), (1, 3279.082275390625)]","[(0, 808.2156982421875), (1, 1060.0234375)]","[(0, 6697.01220703125), (1, 6769.17919921875)]","[(0, 1817.3853759765625), (1, 1819.83349609375)]","[(0, 1691.4896240234375), (1, 1030.278076171875)]","[(0, 5342.22705078125), (1, 5158.57763671875)]","[(0, 2966.157958984375), (1, 2941.71142578125)]","[(0, 617.6806030273438), (1, 606.3482666015625)]","[(0, 1287.5699462890625), (1, 1224.97802734375)]","[(0, 1632.302734375), (1, 1334.2886962890625)]","[(0, 3656.685302734375), (1, 3664.76025390625)]"
200,"[(0, 1790.8499755859375), (1, 2353.947021484375)]","[(0, 691.1631469726562), (1, 834.8256225585938)]","[(0, 1779.7591552734375), (1, 1621.309326171875)]","[(0, 5130.4453125), (1, 5177.68603515625)]","[(0, 2273.193359375), (1, 1876.375732421875)]","[(0, 3184.56396484375), (1, 3147.234375)]","[(0, 2756.888427734375), (1, 2742.73486328125)]","[(0, 1637.5712890625), (1, 1275.05908203125)]","[(0, 1839.78857421875), (1, 1837.0194091796875)]","[(0, 1606.3734130859375), (1, 1535.4149169921875)]","[(0, 2022.8839111328125), (1, 2019.0849609375)]"
201,"[(0, 1774.1939697265625), (1, 2267.5185546875)]","[(0, 888.309326171875), (1, 1021.0906372070312)]","[(0, 3672.776123046875), (1, 3762.20849609375)]","[(0, 2409.7978515625), (1, 2212.899169921875)]","[(0, 1816.650634765625), (1, 1512.467041015625)]","[(0, 1976.61181640625), (1, 2009.8212890625)]","[(0, 3915.87744140625), (1, 4079.303955078125)]","[(0, 1458.6614990234375), (1, 1228.774169921875)]","[(0, 1572.3856201171875), (1, 1386.46728515625)]","[(0, 944.7381591796875), (1, 1136.054931640625)]","[(0, 1377.1912841796875), (1, 1632.291748046875)]"
202,"[(0, 1736.140380859375), (1, 2176.05712890625)]","[(0, 802.6212158203125), (1, 702.6859741210938)]","[(0, 1139.5255126953125), (1, 1203.7349853515625)]","[(0, 2744.663330078125), (1, 2712.273193359375)]","[(0, 4645.0693359375), (1, 2910.509033203125)]","[(0, 6734.00390625), (1, 6626.853515625)]","[(0, 2708.310791015625), (1, 2767.71533203125)]","[(0, 1837.85791015625), (1, 2213.8818359375)]","[(0, 1635.736572265625), (1, 2117.241455078125)]","[(0, 1169.1129150390625), (1, 1245.021728515625)]","[(0, 1334.2454833984375), (1, 1587.379150390625)]"
203,"[(0, 2846.3017578125), (1, 3615.7900390625)]","[(0, 1590.5462646484375), (1, 1898.2650146484375)]","[(0, 2343.01611328125), (1, 2322.860107421875)]","[(0, 3136.148681640625), (1, 3070.578125)]","[(0, 3836.747802734375), (1, 2415.552490234375)]","[(0, 4015.098876953125), (1, 4064.66748046875)]","[(0, 3885.1259765625), (1, 3855.961669921875)]","[(0, 1100.82763671875), (1, 1486.0181884765625)]","[(0, 1987.8729248046875), (1, 1741.4407958984375)]","[(0, 1142.3856201171875), (1, 1288.3394775390625)]","[(0, 1728.126220703125), (1, 2077.0498046875)]"
204,"[(0, 1789.565185546875), (1, 2283.677490234375)]","[(0, 2296.24365234375), (1, 2975.325927734375)]","[(0, 3405.185791015625), (1, 3074.352294921875)]","[(0, 3118.935791015625), (1, 3058.373779296875)]","[(0, 2521.691162109375), (1, 2208.717041015625)]","[(0, 3257.587890625), (1, 3148.077880859375)]","[(0, 2902.34619140625), (1, 2854.746826171875)]","[(0, 2152.545654296875), (1, 2299.7314453125)]","[(0, 1195.07275390625), (1, 1546.2890625)]","[(0, 2533.202880859375), (1, 2460.924560546875)]","[(0, 1487.7884521484375), (1, 1499.9000244140625)]"
205,"[(0, 1751.530029296875), (1, 2198.1455078125)]","[(0, 1737.037109375), (1, 1905.462890625)]","[(0, 1493.021240234375), (1, 1406.4781494140625)]","[(0, 2006.059326171875), (1, 2115.544921875)]","[(0, 1952.22216796875), (1, 1678.1558837890625)]","[(0, 4528.2412109375), (1, 4649.78466796875)]","[(0, 5238.6943359375), (1, 5518.56103515625)]","[(0, 1193.2147216796875), (1, 1141.1981201171875)]","[(0, 788.8006591796875), (1, 573.7276000976562)]","[(0, 1293.1895751953125), (1, 1350.4180908203125)]","[(0, 3239.0224609375), (1, 3247.240478515625)]"
206,"[(0, 1545.3153076171875), (1, 1953.232421875)]","[(0, 1105.9000244140625), (1, 1152.810546875)]","[(0, 2890.999267578125), (1, 2499.22314453125)]","[(0, 2500.80517578125), (1, 2631.322265625)]","[(0, 4991.8701171875), (1, 3153.279052734375)]","[(0, 4301.0126953125), (1, 4431.60791015625)]","[(0, 5324.99365234375), (1, 5818.91455078125)]","[(0, 1313.968994140625), (1, 1479.1197509765625)]","[(0, 1219.1629638671875), (1, 1849.3336181640625)]","[(0, 3023.7431640625), (1, 2880.471435546875)]","[(0, 1102.2752685546875), (1, 1316.4041748046875)]"
207,"[(0, 1682.09033203125), (1, 2241.46142578125)]","[(0, 747.4110107421875), (1, 656.1682739257812)]","[(0, 1740.0828857421875), (1, 1489.119384765625)]","[(0, 2127.784423828125), (1, 2076.209228515625)]","[(0, 4644.333984375), (1, 2929.04296875)]","[(0, 7465.2666015625), (1, 7264.7353515625)]","[(0, 3681.349853515625), (1, 3719.9736328125)]","[(0, 1099.0428466796875), (1, 1132.068359375)]","[(0, 1143.8212890625), (1, 903.5165405273438)]","[(0, 1217.9915771484375), (1, 1037.152587890625)]","[(0, 2486.44970703125), (1, 2473.451416015625)]"
208,"[(0, 2199.055419921875), (1, 2824.781005859375)]","[(0, 1212.2322998046875), (1, 1294.183349609375)]","[(0, 1382.4779052734375), (1, 1518.74658203125)]","[(0, 1338.32861328125), (1, 1463.2669677734375)]","[(0, 2257.844970703125), (1, 1373.455078125)]","[(0, 6424.41796875), (1, 6641.36669921875)]","[(0, 5097.15576171875), (1, 4972.47998046875)]","[(0, 849.5940551757812), (1, 609.4364624023438)]","[(0, 1147.3824462890625), (1, 1117.0260009765625)]","[(0, 1565.802734375), (1, 1837.5379638671875)]","[(0, 1130.26904296875), (1, 1347.335205078125)]"
209,"[(0, 1310.311279296875), (1, 1747.044189453125)]","[(0, 1649.62255859375), (1, 1859.7144775390625)]","[(0, 4524.04541015625), (1, 4196.08642578125)]","[(0, 1273.4833984375), (1, 1257.0107421875)]","[(0, 756.89697265625), (1, 669.2510986328125)]","[(0, 3039.470947265625), (1, 3003.693603515625)]","[(0, 3444.211181640625), (1, 4504.5732421875)]","[(0, 985.941162109375), (1, 1230.7685546875)]","[(0, 1130.8038330078125), (1, 1267.3233642578125)]","[(0, 1853.25830078125), (1, 2258.133544921875)]","[(0, 1068.4168701171875), (1, 1278.6585693359375)]"
210,"[(0, 1951.62646484375), (1, 2601.486083984375)]","[(0, 1382.507568359375), (1, 1334.0960693359375)]","[(0, 1745.5477294921875), (1, 1448.4554443359375)]","[(0, 2955.60009765625), (1, 2891.022705078125)]","[(0, 707.4341430664062), (1, 628.9010620117188)]","[(0, 3947.120849609375), (1, 4103.4990234375)]","[(0, 2028.92041015625), (1, 2630.869384765625)]","[(0, 2301.847900390625), (1, 1284.4769287109375)]","[(0, 3767.992919921875), (1, 2152.1015625)]","[(0, 1605.3426513671875), (1, 1097.6412353515625)]","[(0, 2424.6494140625), (1, 2436.42236328125)]"
211,"[(0, 1323.798583984375), (1, 1755.5904541015625)]","[(0, 1672.1300048828125), (1, 1727.2215576171875)]","[(0, 1973.5924072265625), (1, 1886.009765625)]","[(0, 2862.135498046875), (1, 2950.123046875)]","[(0, 3072.8310546875), (1, 1876.232666015625)]","[(0, 2819.800048828125), (1, 2686.286376953125)]","[(0, 4063.148193359375), (1, 4093.4228515625)]","[(0, 1527.114501953125), (1, 1291.680908203125)]","[(0, 1074.421875), (1, 1209.618896484375)]","[(0, 1556.8116455078125), (1, 1578.1136474609375)]","[(0, 1002.8384399414062), (1, 1216.24755859375)]"
212,"[(0, 2176.0673828125), (1, 2891.419677734375)]","[(0, 954.830322265625), (1, 872.310791015625)]","[(0, 2533.292236328125), (1, 2108.70361328125)]","[(0, 2809.01953125), (1, 2733.84814453125)]","[(0, 2498.89306640625), (1, 1539.118896484375)]","[(0, 1610.3521728515625), (1, 1580.5076904296875)]","[(0, 3503.655029296875), (1, 3547.978759765625)]","[(0, 1674.091064453125), (1, 1663.9765625)]","[(0, 2188.748779296875), (1, 2079.779296875)]","[(0, 1396.851806640625), (1, 916.0205688476562)]","[(0, 2865.538818359375), (1, 2862.905517578125)]"
213,"[(0, 2495.052001953125), (1, 3306.676025390625)]","[(0, 1381.68310546875), (1, 1646.6142578125)]","[(0, 1336.9998779296875), (1, 1249.7200927734375)]","[(0, 3659.221435546875), (1, 3882.5224609375)]","[(0, 4560.28955078125), (1, 2801.9697265625)]","[(0, 1667.271728515625), (1, 1696.043212890625)]","[(0, 4099.0283203125), (1, 3956.77685546875)]","[(0, 1584.730712890625), (1, 1693.6800537109375)]","[(0, 717.6709594726562), (1, 609.8824462890625)]","[(0, 1911.4608154296875), (1, 2019.1446533203125)]","[(0, 1441.724609375), (1, 1718.0072021484375)]"
214,"[(0, 1698.923095703125), (1, 2274.7822265625)]","[(0, 1921.5296630859375), (1, 2427.904052734375)]","[(0, 5087.68603515625), (1, 5134.15576171875)]","[(0, 3590.277099609375), (1, 3164.56396484375)]","[(0, 3685.09423828125), (1, 2244.58544921875)]","[(0, 3986.1103515625), (1, 4112.39990234375)]","[(0, 5427.1416015625), (1, 5319.927734375)]","[(0, 1378.795166015625), (1, 1730.26171875)]","[(0, 1510.29931640625), (1, 1419.7327880859375)]","[(0, 863.6449584960938), (1, 771.3236083984375)]","[(0, 741.242919921875), (1, 838.7147216796875)]"
215,"[(0, 1916.9134521484375), (1, 2516.212646484375)]","[(0, 1524.6878662109375), (1, 1655.31005859375)]","[(0, 1768.3450927734375), (1, 1750.1783447265625)]","[(0, 2201.8515625), (1, 2425.8349609375)]","[(0, 2008.3125), (1, 1716.5224609375)]","[(0, 2620.552734375), (1, 2532.710205078125)]","[(0, 3133.171142578125), (1, 3059.322021484375)]","[(0, 2397.29638671875), (1, 2301.304443359375)]","[(0, 870.5419311523438), (1, 845.633544921875)]","[(0, 2155.428955078125), (1, 1651.1800537109375)]","[(0, 1946.821044921875), (1, 2003.2996826171875)]"
216,"[(0, 1343.225830078125), (1, 1788.496337890625)]","[(0, 965.294921875), (1, 998.3587036132812)]","[(0, 3592.348876953125), (1, 3388.835205078125)]","[(0, 3185.52978515625), (1, 3406.14697265625)]","[(0, 1927.2095947265625), (1, 1656.4012451171875)]","[(0, 3400.168701171875), (1, 3250.667236328125)]","[(0, 1979.779296875), (1, 2013.8695068359375)]","[(0, 2207.057861328125), (1, 2352.591552734375)]","[(0, 1132.5618896484375), (1, 1215.5628662109375)]","[(0, 1967.501708984375), (1, 2759.680419921875)]","[(0, 1835.66650390625), (1, 2104.6923828125)]"
217,"[(0, 2947.15771484375), (1, 3735.067138671875)]","[(0, 2026.548583984375), (1, 2290.08203125)]","[(0, 1980.2845458984375), (1, 2059.39013671875)]","[(0, 2066.302001953125), (1, 2210.53564453125)]","[(0, 6043.3896484375), (1, 3812.434326171875)]","[(0, 2663.111572265625), (1, 2804.16162109375)]","[(0, 9522.7958984375), (1, 10867.099609375)]","[(0, 1750.2969970703125), (1, 1767.7735595703125)]","[(0, 1885.687744140625), (1, 1926.3533935546875)]","[(0, 957.90625), (1, 898.30908203125)]","[(0, 2036.476806640625), (1, 2047.6427001953125)]"
218,"[(0, 1657.85205078125), (1, 2163.14599609375)]","[(0, 2451.080078125), (1, 2895.024658203125)]","[(0, 9247.916015625), (1, 9002.8125)]","[(0, 3546.016845703125), (1, 3808.807373046875)]","[(0, 5102.7685546875), (1, 3215.13134765625)]","[(0, 3867.52587890625), (1, 3993.099853515625)]","[(0, 3303.407470703125), (1, 3890.736083984375)]","[(0, 983.3592529296875), (1, 1058.9351806640625)]","[(0, 1158.62890625), (1, 1177.6197509765625)]","[(0, 1551.4677734375), (1, 1510.3929443359375)]","[(0, 1929.1920166015625), (1, 2295.403076171875)]"
219,"[(0, 1300.4720458984375), (1, 1688.4105224609375)]","[(0, 2232.4169921875), (1, 2294.5625)]","[(0, 4034.65185546875), (1, 4156.86962890625)]","[(0, 3133.4130859375), (1, 3163.88818359375)]","[(0, 2169.4501953125), (1, 1300.556396484375)]","[(0, 4003.043701171875), (1, 3883.525634765625)]","[(0, 6173.419921875), (1, 6112.353515625)]","[(0, 1256.7620849609375), (1, 1317.19091796875)]","[(0, 1495.6220703125), (1, 1164.352294921875)]","[(0, 2576.01318359375), (1, 2476.45849609375)]","[(0, 1752.7581787109375), (1, 1785.629638671875)]"
220,"[(0, 2515.905517578125), (1, 3246.537353515625)]","[(0, 1946.1982421875), (1, 2015.189453125)]","[(0, 1438.7742919921875), (1, 1547.1282958984375)]","[(0, 2070.92822265625), (1, 2148.2392578125)]","[(0, 1793.78662109375), (1, 1080.1119384765625)]","[(0, 3245.311767578125), (1, 3253.2041015625)]","[(0, 5535.8818359375), (1, 5636.06787109375)]","[(0, 1170.81787109375), (1, 839.2796020507812)]","[(0, 556.3084716796875), (1, 722.26953125)]","[(0, 1105.061279296875), (1, 910.8861083984375)]","[(0, 2235.70263671875), (1, 2262.772705078125)]"
221,"[(0, 1202.8128662109375), (1, 1563.8292236328125)]","[(0, 684.0946044921875), (1, 617.853515625)]","[(0, 7240.58251953125), (1, 6824.79541015625)]","[(0, 2179.33447265625), (1, 2148.506591796875)]","[(0, 1035.7449951171875), (1, 943.4015502929688)]","[(0, 2791.470458984375), (1, 2849.155029296875)]","[(0, 2931.392822265625), (1, 2780.5478515625)]","[(0, 1007.4890747070312), (1, 791.4655151367188)]","[(0, 1086.72607421875), (1, 799.34912109375)]","[(0, 1438.448486328125), (1, 1307.0401611328125)]","[(0, 1038.06396484375), (1, 1214.969482421875)]"
222,"[(0, 1917.6055908203125), (1, 2420.42041015625)]","[(0, 1175.935791015625), (1, 1260.1591796875)]","[(0, 2797.029296875), (1, 2623.4658203125)]","[(0, 1585.587158203125), (1, 1463.9488525390625)]","[(0, 991.9072875976562), (1, 904.4868774414062)]","[(0, 4283.03564453125), (1, 4454.79052734375)]","[(0, 4099.46240234375), (1, 4257.8583984375)]","[(0, 857.9593505859375), (1, 1137.0770263671875)]","[(0, 1844.18115234375), (1, 1606.5924072265625)]","[(0, 989.4229736328125), (1, 1198.5081787109375)]","[(0, 1953.0321044921875), (1, 2008.5672607421875)]"
223,"[(0, 1210.5611572265625), (1, 1552.1055908203125)]","[(0, 1639.069580078125), (1, 1882.051513671875)]","[(0, 4337.4501953125), (1, 4043.353271484375)]","[(0, 2678.216064453125), (1, 2854.701904296875)]","[(0, 4674.568359375), (1, 2969.129638671875)]","[(0, 2731.42724609375), (1, 2604.88232421875)]","[(0, 2851.670654296875), (1, 2852.931396484375)]","[(0, 2152.35693359375), (1, 2184.21142578125)]","[(0, 1461.9398193359375), (1, 1329.4385986328125)]","[(0, 1143.0394287109375), (1, 1527.2061767578125)]","[(0, 1945.3818359375), (1, 1970.6123046875)]"
224,"[(0, 1810.166259765625), (1, 2383.075927734375)]","[(0, 1331.59765625), (1, 1330.23193359375)]","[(0, 1559.3280029296875), (1, 1455.062255859375)]","[(0, 1775.3509521484375), (1, 1933.87451171875)]","[(0, 2948.845947265625), (1, 1877.0111083984375)]","[(0, 3775.669189453125), (1, 3836.846435546875)]","[(0, 3931.06884765625), (1, 3954.93212890625)]","[(0, 771.2603759765625), (1, 813.7638549804688)]","[(0, 1493.37646484375), (1, 1061.4847412109375)]","[(0, 1550.9027099609375), (1, 2104.74755859375)]","[(0, 1333.03271484375), (1, 1583.1649169921875)]"
225,"[(0, 1209.17822265625), (1, 1514.521728515625)]","[(0, 1600.2320556640625), (1, 1650.9564208984375)]","[(0, 3319.3076171875), (1, 3063.22509765625)]","[(0, 2497.533935546875), (1, 2669.8896484375)]","[(0, 2285.70166015625), (1, 1927.9625244140625)]","[(0, 4298.4580078125), (1, 4377.994140625)]","[(0, 6345.53369140625), (1, 6960.9755859375)]","[(0, 821.9813232421875), (1, 1251.51025390625)]","[(0, 2119.55859375), (1, 2333.22509765625)]","[(0, 2126.87353515625), (1, 2169.975830078125)]","[(0, 493.2797546386719), (1, 477.885498046875)]"
226,"[(0, 2334.312255859375), (1, 3075.39599609375)]","[(0, 554.1853637695312), (1, 481.4278564453125)]","[(0, 1255.31201171875), (1, 1213.398193359375)]","[(0, 2081.419189453125), (1, 2020.16650390625)]","[(0, 3103.255126953125), (1, 2630.4853515625)]","[(0, 4686.455078125), (1, 4608.50830078125)]","[(0, 6146.4091796875), (1, 7371.56982421875)]","[(0, 1660.82470703125), (1, 1663.774169921875)]","[(0, 2738.11279296875), (1, 2092.321533203125)]","[(0, 1684.6373291015625), (1, 1805.599853515625)]","[(0, 3080.04248046875), (1, 3120.17919921875)]"
227,"[(0, 2133.739501953125), (1, 2821.984619140625)]","[(0, 1141.6107177734375), (1, 1553.2279052734375)]","[(0, 5732.5205078125), (1, 4941.69921875)]","[(0, 1890.0682373046875), (1, 1880.927490234375)]","[(0, 3050.31982421875), (1, 1869.951171875)]","[(0, 4653.8173828125), (1, 4476.68505859375)]","[(0, 2285.17431640625), (1, 3845.7744140625)]","[(0, 1422.452880859375), (1, 1493.92138671875)]","[(0, 1132.2298583984375), (1, 1256.2833251953125)]","[(0, 1573.2420654296875), (1, 1900.72412109375)]","[(0, 2491.93212890625), (1, 2568.689208984375)]"
228,"[(0, 1919.62841796875), (1, 2506.3408203125)]","[(0, 1371.7938232421875), (1, 2009.8681640625)]","[(0, 3775.525146484375), (1, 3274.195068359375)]","[(0, 3059.870361328125), (1, 3205.96728515625)]","[(0, 2446.786376953125), (1, 1441.954345703125)]","[(0, 6161.08642578125), (1, 6226.69482421875)]","[(0, 2275.390625), (1, 3739.08740234375)]","[(0, 1660.922119140625), (1, 2245.22119140625)]","[(0, 1283.3167724609375), (1, 1194.234130859375)]","[(0, 952.871826171875), (1, 1140.9403076171875)]","[(0, 1538.8980712890625), (1, 1567.9232177734375)]"
229,"[(0, 1874.32177734375), (1, 2497.922119140625)]","[(0, 1312.0650634765625), (1, 1750.1217041015625)]","[(0, 2285.143798828125), (1, 2403.235107421875)]","[(0, 5450.57080078125), (1, 5509.6318359375)]","[(0, 2056.2412109375), (1, 1350.35693359375)]","[(0, 6771.0322265625), (1, 7000.37353515625)]","[(0, 12126.41015625), (1, 12187.0908203125)]","[(0, 1079.5836181640625), (1, 1397.0828857421875)]","[(0, 1188.75830078125), (1, 1327.3438720703125)]","[(0, 1880.0091552734375), (1, 1321.12109375)]","[(0, 3017.166748046875), (1, 3083.075439453125)]"
230,"[(0, 2778.54638671875), (1, 3559.810546875)]","[(0, 1444.6458740234375), (1, 1918.715087890625)]","[(0, 3910.141845703125), (1, 3254.727783203125)]","[(0, 4703.26318359375), (1, 4706.2021484375)]","[(0, 1624.751708984375), (1, 1387.5413818359375)]","[(0, 4262.8681640625), (1, 4102.751953125)]","[(0, 11819.2890625), (1, 10821.1630859375)]","[(0, 1514.2862548828125), (1, 1710.3531494140625)]","[(0, 1800.7161865234375), (1, 1512.51611328125)]","[(0, 939.221435546875), (1, 1164.53125)]","[(0, 1887.918212890625), (1, 1898.01416015625)]"
231,"[(0, 1633.61083984375), (1, 2213.35400390625)]","[(0, 2146.5517578125), (1, 2326.535888671875)]","[(0, 4453.83447265625), (1, 4137.93994140625)]","[(0, 1866.7313232421875), (1, 1947.005859375)]","[(0, 1163.1199951171875), (1, 762.2058715820312)]","[(0, 7933.61962890625), (1, 8116.6650390625)]","[(0, 3621.125), (1, 3371.95556640625)]","[(0, 2729.985595703125), (1, 2034.10791015625)]","[(0, 355.8228759765625), (1, 547.4103393554688)]","[(0, 1356.6630859375), (1, 1414.47314453125)]","[(0, 1945.606201171875), (1, 2219.235107421875)]"
232,"[(0, 1601.3907470703125), (1, 2128.916015625)]","[(0, 2530.160888671875), (1, 2891.35498046875)]","[(0, 3519.018798828125), (1, 3238.862060546875)]","[(0, 1944.6463623046875), (1, 1893.118896484375)]","[(0, 1789.083251953125), (1, 1047.6358642578125)]","[(0, 3751.334716796875), (1, 3693.28125)]","[(0, 5219.6787109375), (1, 5518.5185546875)]","[(0, 1727.951416015625), (1, 1769.2467041015625)]","[(0, 2573.38818359375), (1, 2023.3951416015625)]","[(0, 1613.677490234375), (1, 1478.6424560546875)]","[(0, 1648.4517822265625), (1, 1991.289306640625)]"
233,"[(0, 1461.66650390625), (1, 1946.999267578125)]","[(0, 2321.290283203125), (1, 2301.53076171875)]","[(0, 680.059326171875), (1, 622.06103515625)]","[(0, 2809.4482421875), (1, 3063.60498046875)]","[(0, 3171.745849609375), (1, 1849.0654296875)]","[(0, 2602.286376953125), (1, 2507.510009765625)]","[(0, 1452.6151123046875), (1, 1420.77783203125)]","[(0, 933.5379638671875), (1, 841.2614135742188)]","[(0, 1528.4490966796875), (1, 1732.05712890625)]","[(0, 2575.928466796875), (1, 2627.563232421875)]","[(0, 1025.9207763671875), (1, 1235.3045654296875)]"
234,"[(0, 1980.170166015625), (1, 2464.612060546875)]","[(0, 1739.610107421875), (1, 1717.4844970703125)]","[(0, 5715.95263671875), (1, 3726.620849609375)]","[(0, 4294.63916015625), (1, 4186.1376953125)]","[(0, 2695.663818359375), (1, 1588.3128662109375)]","[(0, 2908.486328125), (1, 2857.910888671875)]","[(0, 3691.0419921875), (1, 3738.245849609375)]","[(0, 2167.881591796875), (1, 2331.684814453125)]","[(0, 1857.7193603515625), (1, 2443.968017578125)]","[(0, 1216.881591796875), (1, 1423.429931640625)]","[(0, 1157.5096435546875), (1, 1362.354736328125)]"
235,"[(0, 2975.424072265625), (1, 3852.921875)]","[(0, 2056.34326171875), (1, 2400.76025390625)]","[(0, 4396.47509765625), (1, 4659.888671875)]","[(0, 2932.757568359375), (1, 3099.8359375)]","[(0, 1361.7293701171875), (1, 1146.45654296875)]","[(0, 5293.732421875), (1, 5327.93994140625)]","[(0, 3804.592529296875), (1, 5825.33349609375)]","[(0, 1647.0406494140625), (1, 1379.34814453125)]","[(0, 2219.203369140625), (1, 2038.465576171875)]","[(0, 2419.947265625), (1, 2289.645263671875)]","[(0, 1081.5245361328125), (1, 1316.71044921875)]"
236,"[(0, 2428.03125), (1, 3173.751953125)]","[(0, 2398.024658203125), (1, 2911.050537109375)]","[(0, 5218.5244140625), (1, 4630.3232421875)]","[(0, 1046.26708984375), (1, 979.3345336914062)]","[(0, 1427.7730712890625), (1, 1200.7923583984375)]","[(0, 9651.140625), (1, 9928.2666015625)]","[(0, 6027.73974609375), (1, 9528.7998046875)]","[(0, 1252.0880126953125), (1, 1235.371826171875)]","[(0, 1291.1383056640625), (1, 1167.8543701171875)]","[(0, 1914.6160888671875), (1, 1479.799072265625)]","[(0, 1245.7088623046875), (1, 1272.43212890625)]"
237,"[(0, 1485.1297607421875), (1, 1962.18017578125)]","[(0, 2309.79931640625), (1, 2398.451171875)]","[(0, 2479.156982421875), (1, 2289.52392578125)]","[(0, 1810.6341552734375), (1, 1714.3123779296875)]","[(0, 2717.1259765625), (1, 1592.603759765625)]","[(0, 7630.72119140625), (1, 7467.310546875)]","[(0, 3512.91259765625), (1, 3542.94384765625)]","[(0, 2305.28271484375), (1, 2401.17919921875)]","[(0, 1347.84228515625), (1, 2014.7984619140625)]","[(0, 664.6895141601562), (1, 649.3366088867188)]","[(0, 454.42626953125), (1, 442.7789001464844)]"
238,"[(0, 2700.15869140625), (1, 3626.900146484375)]","[(0, 2014.0770263671875), (1, 2165.584716796875)]","[(0, 1722.7208251953125), (1, 1744.988525390625)]","[(0, 980.6199951171875), (1, 989.7612915039062)]","[(0, 2920.257080078125), (1, 1801.8807373046875)]","[(0, 9006.1103515625), (1, 9017.626953125)]","[(0, 3259.44921875), (1, 3207.872802734375)]","[(0, 1574.713134765625), (1, 1688.8912353515625)]","[(0, 928.5558471679688), (1, 891.294189453125)]","[(0, 1457.296875), (1, 1258.5)]","[(0, 1448.4886474609375), (1, 1485.5313720703125)]"
239,"[(0, 1434.3048095703125), (1, 1898.15185546875)]","[(0, 1631.446044921875), (1, 1842.2000732421875)]","[(0, 7531.36962890625), (1, 6662.75830078125)]","[(0, 3401.998291015625), (1, 2858.59619140625)]","[(0, 1982.807373046875), (1, 1247.4154052734375)]","[(0, 10632.4462890625), (1, 10683.103515625)]","[(0, 3965.25732421875), (1, 3972.30078125)]","[(0, 888.3512573242188), (1, 1181.3519287109375)]","[(0, 946.1122436523438), (1, 1169.5015869140625)]","[(0, 1269.9754638671875), (1, 1358.7930908203125)]","[(0, 926.2669067382812), (1, 1088.6295166015625)]"
240,"[(0, 1551.6534423828125), (1, 2090.823486328125)]","[(0, 2329.950927734375), (1, 2792.679443359375)]","[(0, 3042.6640625), (1, 3087.724365234375)]","[(0, 6102.18408203125), (1, 6159.0771484375)]","[(0, 1673.751708984375), (1, 1059.4716796875)]","[(0, 2730.747314453125), (1, 2893.82958984375)]","[(0, 3921.434814453125), (1, 4070.6142578125)]","[(0, 1388.4864501953125), (1, 1274.635986328125)]","[(0, 1362.2320556640625), (1, 1393.8477783203125)]","[(0, 1446.25390625), (1, 1317.468505859375)]","[(0, 1473.314697265625), (1, 1773.2880859375)]"
241,"[(0, 962.6886596679688), (1, 1169.6080322265625)]","[(0, 1739.394287109375), (1, 1802.75732421875)]","[(0, 4842.634765625), (1, 4479.845703125)]","[(0, 2148.184814453125), (1, 2159.8056640625)]","[(0, 1343.6845703125), (1, 1222.59716796875)]","[(0, 3926.093505859375), (1, 3689.275390625)]","[(0, 9154.6650390625), (1, 9615.6044921875)]","[(0, 1585.188720703125), (1, 1243.2977294921875)]","[(0, 2808.78271484375), (1, 2776.86279296875)]","[(0, 1501.933349609375), (1, 1569.927490234375)]","[(0, 1969.66455078125), (1, 2277.291259765625)]"
242,"[(0, 2108.079345703125), (1, 2779.3388671875)]","[(0, 1222.1583251953125), (1, 1242.0860595703125)]","[(0, 3359.847412109375), (1, 2987.264404296875)]","[(0, 2066.5986328125), (1, 1862.1385498046875)]","[(0, 1472.27734375), (1, 1283.555419921875)]","[(0, 3003.994384765625), (1, 3016.87353515625)]","[(0, 9612.59765625), (1, 9157.0224609375)]","[(0, 1006.6986083984375), (1, 1061.70849609375)]","[(0, 1140.8614501953125), (1, 1181.580078125)]","[(0, 3377.890380859375), (1, 2952.602783203125)]","[(0, 2183.8125), (1, 2192.486328125)]"
243,"[(0, 1731.138916015625), (1, 2301.183837890625)]","[(0, 631.771484375), (1, 551.8626708984375)]","[(0, 1765.2901611328125), (1, 1643.2227783203125)]","[(0, 2467.87548828125), (1, 2539.703857421875)]","[(0, 5667.35107421875), (1, 3652.297607421875)]","[(0, 1270.8555908203125), (1, 1285.5650634765625)]","[(0, 2264.0419921875), (1, 2236.93310546875)]","[(0, 1454.41162109375), (1, 1733.0269775390625)]","[(0, 2365.213134765625), (1, 2715.2958984375)]","[(0, 2088.065673828125), (1, 1897.691162109375)]","[(0, 2131.419921875), (1, 2129.853271484375)]"
244,"[(0, 2518.606201171875), (1, 3260.173828125)]","[(0, 738.0126953125), (1, 646.133056640625)]","[(0, 5330.38427734375), (1, 4558.91064453125)]","[(0, 1137.3221435546875), (1, 1207.720947265625)]","[(0, 3971.285888671875), (1, 2550.09619140625)]","[(0, 4210.41259765625), (1, 4283.30908203125)]","[(0, 2298.713134765625), (1, 2302.6953125)]","[(0, 1706.261474609375), (1, 1839.8709716796875)]","[(0, 807.99609375), (1, 805.817138671875)]","[(0, 1061.7813720703125), (1, 1262.3994140625)]","[(0, 1221.4136962890625), (1, 1459.3927001953125)]"
245,"[(0, 1622.1265869140625), (1, 2149.99658203125)]","[(0, 1248.53955078125), (1, 1335.568115234375)]","[(0, 1913.4915771484375), (1, 1499.593994140625)]","[(0, 4922.3017578125), (1, 5105.33837890625)]","[(0, 2217.47705078125), (1, 1321.00390625)]","[(0, 3387.85302734375), (1, 3270.35009765625)]","[(0, 3095.242431640625), (1, 3830.45947265625)]","[(0, 1252.431396484375), (1, 1317.834228515625)]","[(0, 1119.553466796875), (1, 993.2068481445312)]","[(0, 1056.148193359375), (1, 1367.4150390625)]","[(0, 1282.4774169921875), (1, 1312.69580078125)]"
246,"[(0, 2110.264892578125), (1, 2694.033203125)]","[(0, 1876.1700439453125), (1, 2169.24560546875)]","[(0, 4486.1943359375), (1, 4122.89306640625)]","[(0, 2435.360595703125), (1, 2443.88525390625)]","[(0, 1713.39697265625), (1, 1019.5594482421875)]","[(0, 1745.4910888671875), (1, 1720.092529296875)]","[(0, 3762.958251953125), (1, 4720.00048828125)]","[(0, 2034.0894775390625), (1, 1963.681396484375)]","[(0, 2096.236083984375), (1, 2703.94677734375)]","[(0, 2493.248046875), (1, 1999.611083984375)]","[(0, 1659.8795166015625), (1, 1985.8275146484375)]"
247,"[(0, 1835.7960205078125), (1, 2517.94091796875)]","[(0, 1486.6085205078125), (1, 1468.562744140625)]","[(0, 3991.55810546875), (1, 4641.6591796875)]","[(0, 3008.690673828125), (1, 2827.1513671875)]","[(0, 1238.3348388671875), (1, 1051.0704345703125)]","[(0, 5084.712890625), (1, 5273.853515625)]","[(0, 2155.232666015625), (1, 2106.559814453125)]","[(0, 728.9788818359375), (1, 825.4093627929688)]","[(0, 2650.424072265625), (1, 1967.168701171875)]","[(0, 1061.791015625), (1, 1464.4864501953125)]","[(0, 2318.739013671875), (1, 2279.106689453125)]"
248,"[(0, 1275.15869140625), (1, 1695.470703125)]","[(0, 1114.811767578125), (1, 1071.9915771484375)]","[(0, 1149.29833984375), (1, 1293.2215576171875)]","[(0, 2023.85546875), (1, 2034.1544189453125)]","[(0, 1525.9520263671875), (1, 1288.0286865234375)]","[(0, 3547.934814453125), (1, 3428.59228515625)]","[(0, 5148.845703125), (1, 5285.3486328125)]","[(0, 1720.2088623046875), (1, 1590.902099609375)]","[(0, 1990.7301025390625), (1, 2021.5009765625)]","[(0, 2730.545654296875), (1, 3807.46728515625)]","[(0, 1909.41650390625), (1, 2265.37548828125)]"
249,"[(0, 1566.2657470703125), (1, 2091.343017578125)]","[(0, 537.445068359375), (1, 460.1838684082031)]","[(0, 2335.8779296875), (1, 2110.7880859375)]","[(0, 2746.974365234375), (1, 2878.951416015625)]","[(0, 3060.637939453125), (1, 1802.0560302734375)]","[(0, 5348.98193359375), (1, 5420.18994140625)]","[(0, 2414.32861328125), (1, 2431.2138671875)]","[(0, 1057.2354736328125), (1, 1056.0025634765625)]","[(0, 1641.677490234375), (1, 2029.2484130859375)]","[(0, 2806.445068359375), (1, 3251.6904296875)]","[(0, 1193.0172119140625), (1, 1429.7623291015625)]"
250,"[(0, 1428.5091552734375), (1, 1858.381103515625)]","[(0, 1129.3466796875), (1, 1554.30224609375)]","[(0, 7503.81103515625), (1, 7278.2578125)]","[(0, 2445.863525390625), (1, 2637.86376953125)]","[(0, 1141.7904052734375), (1, 995.4219360351562)]","[(0, 4117.07763671875), (1, 4124.41845703125)]","[(0, 4792.96728515625), (1, 5017.34228515625)]","[(0, 1179.1964111328125), (1, 1724.52880859375)]","[(0, 2595.849609375), (1, 3376.203125)]","[(0, 3038.001708984375), (1, 2867.836669921875)]","[(0, 2242.316650390625), (1, 2216.837646484375)]"
251,"[(0, 1638.555419921875), (1, 2061.14453125)]","[(0, 1602.719970703125), (1, 2414.86962890625)]","[(0, 2286.74609375), (1, 2309.884033203125)]","[(0, 4031.89013671875), (1, 3939.423095703125)]","[(0, 2207.11376953125), (1, 1278.2447509765625)]","[(0, 2568.77001953125), (1, 2551.452392578125)]","[(0, 2458.116943359375), (1, 3790.67431640625)]","[(0, 3408.3759765625), (1, 2832.9052734375)]","[(0, 1958.6829833984375), (1, 2349.968017578125)]","[(0, 1751.2369384765625), (1, 1926.4268798828125)]","[(0, 531.0755615234375), (1, 506.93463134765625)]"
252,"[(0, 1317.0238037109375), (1, 1630.2578125)]","[(0, 1331.7918701171875), (1, 1795.3438720703125)]","[(0, 2281.607421875), (1, 3188.98876953125)]","[(0, 5270.62060546875), (1, 5051.2763671875)]","[(0, 2479.125), (1, 1445.6417236328125)]","[(0, 2394.68212890625), (1, 2401.024658203125)]","[(0, 3871.97314453125), (1, 6237.4638671875)]","[(0, 3327.557861328125), (1, 2864.0361328125)]","[(0, 848.03857421875), (1, 742.82666015625)]","[(0, 2007.416259765625), (1, 2283.350830078125)]","[(0, 2386.02783203125), (1, 2491.5185546875)]"
253,"[(0, 1978.553466796875), (1, 2498.28662109375)]","[(0, 988.907470703125), (1, 1220.5177001953125)]","[(0, 4286.36962890625), (1, 3835.2041015625)]","[(0, 2715.596435546875), (1, 2314.39990234375)]","[(0, 3168.399169921875), (1, 2602.357177734375)]","[(0, 5215.08154296875), (1, 5245.23828125)]","[(0, 5773.35595703125), (1, 5568.111328125)]","[(0, 3851.272216796875), (1, 2555.91015625)]","[(0, 1457.39892578125), (1, 1253.9970703125)]","[(0, 1640.4012451171875), (1, 1790.8585205078125)]","[(0, 1342.2564697265625), (1, 1646.651123046875)]"
254,"[(0, 1619.0379638671875), (1, 2129.906982421875)]","[(0, 1963.319091796875), (1, 2299.004638671875)]","[(0, 1665.111572265625), (1, 1712.0609130859375)]","[(0, 4877.72216796875), (1, 4910.11181640625)]","[(0, 3291.912841796875), (1, 2754.664794921875)]","[(0, 5316.4638671875), (1, 5476.8212890625)]","[(0, 2113.658447265625), (1, 2203.34814453125)]","[(0, 840.9425048828125), (1, 1138.2032470703125)]","[(0, 2963.6162109375), (1, 3738.734375)]","[(0, 1696.1322021484375), (1, 1782.244873046875)]","[(0, 1401.9111328125), (1, 1656.7330322265625)]"
255,"[(0, 1322.801513671875), (1, 1718.885498046875)]","[(0, 2270.204833984375), (1, 2717.2919921875)]","[(0, 6741.779296875), (1, 6321.57275390625)]","[(0, 3247.559326171875), (1, 3096.072021484375)]","[(0, 746.283203125), (1, 664.34033203125)]","[(0, 4368.935546875), (1, 4216.68115234375)]","[(0, 3850.64794921875), (1, 4189.4248046875)]","[(0, 1786.9278564453125), (1, 1565.4451904296875)]","[(0, 3864.75341796875), (1, 3255.78662109375)]","[(0, 1564.7481689453125), (1, 1609.40185546875)]","[(0, 2163.099365234375), (1, 2163.992919921875)]"
256,"[(0, 1536.201416015625), (1, 1997.0611572265625)]","[(0, 2106.644287109375), (1, 2255.309814453125)]","[(0, 982.1473999023438), (1, 1122.7777099609375)]","[(0, 2703.94140625), (1, 2870.28564453125)]","[(0, 2911.454345703125), (1, 1727.332763671875)]","[(0, 7148.21923828125), (1, 7027.04833984375)]","[(0, 2332.886962890625), (1, 2580.900390625)]","[(0, 2054.993408203125), (1, 2659.06103515625)]","[(0, 3137.431884765625), (1, 2506.801025390625)]","[(0, 1216.8834228515625), (1, 1630.973876953125)]","[(0, 1458.077392578125), (1, 1696.1336669921875)]"
257,"[(0, 2208.16943359375), (1, 3003.361083984375)]","[(0, 1396.77587890625), (1, 1427.5245361328125)]","[(0, 1590.3795166015625), (1, 1610.48583984375)]","[(0, 6158.0966796875), (1, 5892.455078125)]","[(0, 2906.67138671875), (1, 1769.4635009765625)]","[(0, 5877.02734375), (1, 5936.94287109375)]","[(0, 5553.33642578125), (1, 5463.83642578125)]","[(0, 859.7070922851562), (1, 836.175048828125)]","[(0, 735.690185546875), (1, 831.6074829101562)]","[(0, 1190.3358154296875), (1, 1182.67138671875)]","[(0, 2526.476318359375), (1, 2592.12158203125)]"
258,"[(0, 1962.09130859375), (1, 2606.177001953125)]","[(0, 1312.791015625), (1, 1325.93896484375)]","[(0, 2041.920166015625), (1, 1854.4720458984375)]","[(0, 3347.0166015625), (1, 3446.656005859375)]","[(0, 988.6104125976562), (1, 880.5364990234375)]","[(0, 4820.97265625), (1, 4975.47314453125)]","[(0, 4939.96533203125), (1, 4837.55712890625)]","[(0, 2302.105712890625), (1, 1866.470703125)]","[(0, 886.746826171875), (1, 1331.3271484375)]","[(0, 1713.2703857421875), (1, 1601.0616455078125)]","[(0, 2540.2744140625), (1, 2598.41552734375)]"
259,"[(0, 1239.6558837890625), (1, 1583.57421875)]","[(0, 1827.6715087890625), (1, 1956.31298828125)]","[(0, 7920.1787109375), (1, 7900.72314453125)]","[(0, 2486.387939453125), (1, 2221.490478515625)]","[(0, 994.0947875976562), (1, 884.6668701171875)]","[(0, 5208.6201171875), (1, 5082.3564453125)]","[(0, 4115.966796875), (1, 4646.25634765625)]","[(0, 2161.4765625), (1, 2576.33251953125)]","[(0, 1090.830078125), (1, 1575.0494384765625)]","[(0, 3160.94775390625), (1, 3359.78662109375)]","[(0, 1874.4263916015625), (1, 1870.6048583984375)]"
260,"[(0, 1867.6378173828125), (1, 2426.67578125)]","[(0, 1584.5220947265625), (1, 1588.46728515625)]","[(0, 1433.88623046875), (1, 1212.6785888671875)]","[(0, 2094.065185546875), (1, 2136.656494140625)]","[(0, 2994.826416015625), (1, 1936.736083984375)]","[(0, 4045.02294921875), (1, 4058.299560546875)]","[(0, 4561.15478515625), (1, 5284.96044921875)]","[(0, 931.2158813476562), (1, 1255.336669921875)]","[(0, 2070.48779296875), (1, 1636.93505859375)]","[(0, 938.5418090820312), (1, 1255.1517333984375)]","[(0, 2266.533935546875), (1, 2262.635498046875)]"
261,"[(0, 986.9354858398438), (1, 1247.210205078125)]","[(0, 1388.7506103515625), (1, 1388.4334716796875)]","[(0, 4076.6357421875), (1, 3547.149658203125)]","[(0, 1576.2034912109375), (1, 1541.2796630859375)]","[(0, 5032.994140625), (1, 3149.561279296875)]","[(0, 6679.166015625), (1, 6730.7939453125)]","[(0, 3714.000244140625), (1, 3608.050048828125)]","[(0, 1654.283447265625), (1, 1641.8472900390625)]","[(0, 1721.8936767578125), (1, 1241.572021484375)]","[(0, 2652.909912109375), (1, 2821.753173828125)]","[(0, 1017.0394287109375), (1, 1173.4632568359375)]"
262,"[(0, 1861.7152099609375), (1, 2475.175048828125)]","[(0, 690.083984375), (1, 604.3046264648438)]","[(0, 1764.9814453125), (1, 1969.364990234375)]","[(0, 2836.5615234375), (1, 3102.78466796875)]","[(0, 2657.518310546875), (1, 2367.015869140625)]","[(0, 2460.740234375), (1, 2410.883056640625)]","[(0, 2829.234619140625), (1, 2922.962646484375)]","[(0, 642.1067504882812), (1, 745.398681640625)]","[(0, 1438.447021484375), (1, 1862.6741943359375)]","[(0, 1654.279541015625), (1, 1248.510986328125)]","[(0, 1584.610595703125), (1, 1837.82373046875)]"
263,"[(0, 2217.248779296875), (1, 2776.721435546875)]","[(0, 824.5938110351562), (1, 747.3215942382812)]","[(0, 4723.33740234375), (1, 4564.701171875)]","[(0, 3999.7734375), (1, 3964.98486328125)]","[(0, 2241.10546875), (1, 1965.8389892578125)]","[(0, 5207.01025390625), (1, 5194.7744140625)]","[(0, 8415.6591796875), (1, 9696.697265625)]","[(0, 576.9219970703125), (1, 638.210205078125)]","[(0, 1202.061279296875), (1, 1181.7457275390625)]","[(0, 2086.62744140625), (1, 1589.278076171875)]","[(0, 2610.1953125), (1, 2554.330078125)]"
264,"[(0, 1146.02197265625), (1, 1414.035400390625)]","[(0, 569.0205078125), (1, 494.75018310546875)]","[(0, 6006.5302734375), (1, 5578.794921875)]","[(0, 3702.3056640625), (1, 3692.58056640625)]","[(0, 2514.004638671875), (1, 1532.2999267578125)]","[(0, 5814.376953125), (1, 5803.873046875)]","[(0, 7575.5126953125), (1, 8456.609375)]","[(0, 1476.2823486328125), (1, 1063.4954833984375)]","[(0, 1835.2464599609375), (1, 1656.1351318359375)]","[(0, 1891.4261474609375), (1, 1199.674560546875)]","[(0, 1279.2958984375), (1, 1555.9388427734375)]"
265,"[(0, 1523.8985595703125), (1, 1975.5687255859375)]","[(0, 1147.7945556640625), (1, 1556.7723388671875)]","[(0, 4746.2939453125), (1, 4619.93603515625)]","[(0, 3185.660400390625), (1, 3358.130615234375)]","[(0, 1671.83740234375), (1, 1024.7864990234375)]","[(0, 4462.02294921875), (1, 4485.103515625)]","[(0, 6154.3505859375), (1, 6007.02880859375)]","[(0, 1450.513671875), (1, 1532.156005859375)]","[(0, 2290.835693359375), (1, 2331.41455078125)]","[(0, 2010.4241943359375), (1, 1668.9110107421875)]","[(0, 2150.399658203125), (1, 2089.86376953125)]"
266,"[(0, 1566.872314453125), (1, 2116.6982421875)]","[(0, 1392.572265625), (1, 2017.379638671875)]","[(0, 2791.501220703125), (1, 2805.739990234375)]","[(0, 3802.5068359375), (1, 3828.53125)]","[(0, 537.345458984375), (1, 468.77935791015625)]","[(0, 3646.561767578125), (1, 3740.44287109375)]","[(0, 2659.9677734375), (1, 2685.26953125)]","[(0, 1042.3101806640625), (1, 1384.878173828125)]","[(0, 1338.3873291015625), (1, 1138.4876708984375)]","[(0, 2915.1162109375), (1, 2956.217529296875)]","[(0, 1706.499755859375), (1, 2054.964111328125)]"
267,"[(0, 1499.681884765625), (1, 1887.90380859375)]","[(0, 1307.9373779296875), (1, 1735.39697265625)]","[(0, 8592.001953125), (1, 8281.1103515625)]","[(0, 1447.4066162109375), (1, 1516.5423583984375)]","[(0, 633.4275512695312), (1, 560.717041015625)]","[(0, 4599.318359375), (1, 4456.201171875)]","[(0, 5663.59033203125), (1, 6673.78515625)]","[(0, 1846.0067138671875), (1, 1959.4266357421875)]","[(0, 698.12060546875), (1, 530.6704711914062)]","[(0, 1930.4453125), (1, 2662.5107421875)]","[(0, 1174.4708251953125), (1, 1180.3896484375)]"
268,"[(0, 1390.0869140625), (1, 1719.52490234375)]","[(0, 1025.178955078125), (1, 1274.268310546875)]","[(0, 4787.59521484375), (1, 4710.38671875)]","[(0, 4112.29052734375), (1, 4218.587890625)]","[(0, 4983.826171875), (1, 3122.325439453125)]","[(0, 2900.16455078125), (1, 2907.60595703125)]","[(0, 4005.976806640625), (1, 4800.29541015625)]","[(0, 1471.66748046875), (1, 1464.16796875)]","[(0, 1220.7493896484375), (1, 1096.0439453125)]","[(0, 3287.909423828125), (1, 2961.09765625)]","[(0, 2894.1787109375), (1, 2936.33984375)]"
269,"[(0, 2367.423583984375), (1, 3125.22705078125)]","[(0, 1403.298828125), (1, 1442.16064453125)]","[(0, 2073.630615234375), (1, 1893.9703369140625)]","[(0, 1434.7548828125), (1, 1386.145263671875)]","[(0, 3722.951171875), (1, 2346.544921875)]","[(0, 2189.16943359375), (1, 2284.2265625)]","[(0, 3328.342041015625), (1, 3215.732421875)]","[(0, 1255.76953125), (1, 1258.9759521484375)]","[(0, 1345.78515625), (1, 1560.9945068359375)]","[(0, 1549.4464111328125), (1, 1214.33349609375)]","[(0, 2007.6297607421875), (1, 2036.650634765625)]"
270,"[(0, 2540.893310546875), (1, 3253.523681640625)]","[(0, 1858.8109130859375), (1, 2009.31640625)]","[(0, 2320.485595703125), (1, 2131.737060546875)]","[(0, 1441.8841552734375), (1, 1552.85693359375)]","[(0, 5476.4140625), (1, 3408.704345703125)]","[(0, 3449.0595703125), (1, 3307.294189453125)]","[(0, 2804.804931640625), (1, 2952.45751953125)]","[(0, 1844.9427490234375), (1, 2094.873291015625)]","[(0, 1646.096923828125), (1, 1504.717529296875)]","[(0, 1501.7091064453125), (1, 1369.633056640625)]","[(0, 2202.0322265625), (1, 2228.338623046875)]"
271,"[(0, 1915.0863037109375), (1, 2417.574951171875)]","[(0, 1648.9266357421875), (1, 1669.385498046875)]","[(0, 5072.27001953125), (1, 4818.54150390625)]","[(0, 1947.82861328125), (1, 1850.993896484375)]","[(0, 4749.16455078125), (1, 2960.984619140625)]","[(0, 1748.443359375), (1, 1771.0809326171875)]","[(0, 7183.064453125), (1, 7984.5205078125)]","[(0, 1105.18359375), (1, 1075.8829345703125)]","[(0, 2119.00390625), (1, 2058.246337890625)]","[(0, 1809.8037109375), (1, 1855.66796875)]","[(0, 2361.646240234375), (1, 2398.964599609375)]"
272,"[(0, 1879.27685546875), (1, 2490.907958984375)]","[(0, 1228.527587890625), (1, 1256.2960205078125)]","[(0, 2750.313720703125), (1, 2016.2833251953125)]","[(0, 3045.244873046875), (1, 2947.36572265625)]","[(0, 4503.396484375), (1, 2835.08642578125)]","[(0, 6034.87744140625), (1, 6053.8134765625)]","[(0, 7054.57177734375), (1, 7634.3896484375)]","[(0, 1090.888427734375), (1, 1642.34375)]","[(0, 3325.53076171875), (1, 3516.479248046875)]","[(0, 1613.1873779296875), (1, 2124.110595703125)]","[(0, 1349.051025390625), (1, 1586.0672607421875)]"
273,"[(0, 1363.2431640625), (1, 1782.13623046875)]","[(0, 1517.4002685546875), (1, 1677.4127197265625)]","[(0, 7335.6220703125), (1, 7185.95556640625)]","[(0, 2175.062255859375), (1, 1988.461669921875)]","[(0, 4007.807373046875), (1, 2556.597900390625)]","[(0, 3419.736083984375), (1, 3225.43212890625)]","[(0, 5334.25439453125), (1, 5287.90966796875)]","[(0, 1446.938232421875), (1, 1035.415283203125)]","[(0, 840.0548095703125), (1, 1372.5948486328125)]","[(0, 733.5233154296875), (1, 820.8375854492188)]","[(0, 1635.457275390625), (1, 1660.9759521484375)]"
274,"[(0, 1613.1197509765625), (1, 2183.873046875)]","[(0, 2212.846435546875), (1, 2607.595458984375)]","[(0, 2497.986572265625), (1, 2246.855712890625)]","[(0, 2371.44677734375), (1, 2296.445068359375)]","[(0, 2394.828369140625), (1, 1403.5999755859375)]","[(0, 3018.703857421875), (1, 3050.02294921875)]","[(0, 5400.27880859375), (1, 5460.76806640625)]","[(0, 1619.0015869140625), (1, 1585.4857177734375)]","[(0, 2000.8558349609375), (1, 1783.8663330078125)]","[(0, 2820.501953125), (1, 2497.637451171875)]","[(0, 2280.960205078125), (1, 2717.118408203125)]"
275,"[(0, 2104.01025390625), (1, 2823.593017578125)]","[(0, 1690.7896728515625), (1, 1739.1795654296875)]","[(0, 4415.90966796875), (1, 4117.48974609375)]","[(0, 3262.7646484375), (1, 3151.46923828125)]","[(0, 883.7661743164062), (1, 779.40087890625)]","[(0, 5809.87060546875), (1, 5947.1884765625)]","[(0, 6943.1875), (1, 6854.11474609375)]","[(0, 751.1553955078125), (1, 801.3098754882812)]","[(0, 888.622802734375), (1, 780.185791015625)]","[(0, 927.7406005859375), (1, 1121.25341796875)]","[(0, 1577.7908935546875), (1, 1857.4376220703125)]"
276,"[(0, 1747.22998046875), (1, 2236.375244140625)]","[(0, 941.6533203125), (1, 1276.90380859375)]","[(0, 1487.485595703125), (1, 1400.78515625)]","[(0, 4325.36767578125), (1, 4367.306640625)]","[(0, 4617.328125), (1, 2882.6162109375)]","[(0, 2843.242919921875), (1, 2936.35107421875)]","[(0, 4966.83984375), (1, 4982.2060546875)]","[(0, 971.4324340820312), (1, 1224.556396484375)]","[(0, 1895.922119140625), (1, 1445.9464111328125)]","[(0, 1974.130859375), (1, 1990.353271484375)]","[(0, 1242.684326171875), (1, 1485.654052734375)]"
277,"[(0, 1712.8505859375), (1, 2111.935791015625)]","[(0, 1121.7239990234375), (1, 1628.4654541015625)]","[(0, 3977.399658203125), (1, 3848.50390625)]","[(0, 3463.3515625), (1, 3818.60205078125)]","[(0, 3247.683349609375), (1, 2926.956787109375)]","[(0, 2993.624267578125), (1, 2856.53076171875)]","[(0, 15804.93359375), (1, 13085.3310546875)]","[(0, 699.4940795898438), (1, 1100.620361328125)]","[(0, 1907.2344970703125), (1, 1587.0469970703125)]","[(0, 2890.146240234375), (1, 2647.277587890625)]","[(0, 3702.662353515625), (1, 3736.844970703125)]"
278,"[(0, 2023.7164306640625), (1, 2584.698486328125)]","[(0, 1125.9156494140625), (1, 1499.3887939453125)]","[(0, 2193.324951171875), (1, 1985.8463134765625)]","[(0, 944.44580078125), (1, 982.474365234375)]","[(0, 3867.65869140625), (1, 3403.04638671875)]","[(0, 2897.1015625), (1, 2861.94482421875)]","[(0, 8328.7421875), (1, 7746.02490234375)]","[(0, 814.8941650390625), (1, 1117.7740478515625)]","[(0, 2924.24658203125), (1, 2647.75)]","[(0, 1221.788818359375), (1, 1131.3841552734375)]","[(0, 3458.549072265625), (1, 3499.87109375)]"
279,"[(0, 1469.795654296875), (1, 1917.9376220703125)]","[(0, 1017.4012451171875), (1, 1247.78662109375)]","[(0, 4080.498291015625), (1, 3811.10009765625)]","[(0, 1445.8016357421875), (1, 1579.9869384765625)]","[(0, 3766.775146484375), (1, 2281.30615234375)]","[(0, 2045.54638671875), (1, 2116.5693359375)]","[(0, 4459.619140625), (1, 4212.60546875)]","[(0, 2046.79052734375), (1, 1742.947021484375)]","[(0, 812.1016235351562), (1, 806.29296875)]","[(0, 1853.1424560546875), (1, 2427.1748046875)]","[(0, 1195.45166015625), (1, 1391.765625)]"
280,"[(0, 1818.4906005859375), (1, 2308.448486328125)]","[(0, 559.7620849609375), (1, 479.9462585449219)]","[(0, 2191.07421875), (1, 2029.5716552734375)]","[(0, 1706.285888671875), (1, 1773.798095703125)]","[(0, 1205.857666015625), (1, 1053.734130859375)]","[(0, 5792.24462890625), (1, 5738.18212890625)]","[(0, 5183.1357421875), (1, 5380.94921875)]","[(0, 2839.533447265625), (1, 2328.904541015625)]","[(0, 1884.3206787109375), (1, 1793.42822265625)]","[(0, 3542.9677734375), (1, 3447.28076171875)]","[(0, 1718.9871826171875), (1, 2034.6734619140625)]"
281,"[(0, 1425.266357421875), (1, 1871.51123046875)]","[(0, 1009.8096923828125), (1, 1379.089111328125)]","[(0, 3242.839599609375), (1, 3328.05322265625)]","[(0, 2074.867919921875), (1, 1955.8746337890625)]","[(0, 2947.99267578125), (1, 1726.78271484375)]","[(0, 6042.8193359375), (1, 6100.60791015625)]","[(0, 6155.001953125), (1, 5964.341796875)]","[(0, 514.7898559570312), (1, 580.9638061523438)]","[(0, 1121.979248046875), (1, 1105.7919921875)]","[(0, 1677.4710693359375), (1, 1861.5615234375)]","[(0, 1776.4017333984375), (1, 1819.0655517578125)]"
282,"[(0, 2071.135498046875), (1, 2606.097412109375)]","[(0, 1357.1055908203125), (1, 2009.396728515625)]","[(0, 1298.74072265625), (1, 1310.0283203125)]","[(0, 1611.810302734375), (1, 1551.26953125)]","[(0, 2105.953369140625), (1, 1226.1778564453125)]","[(0, 6156.01220703125), (1, 6091.845703125)]","[(0, 2587.706298828125), (1, 2753.081298828125)]","[(0, 2262.8330078125), (1, 2095.617431640625)]","[(0, 1451.4166259765625), (1, 1501.74853515625)]","[(0, 1499.5281982421875), (1, 1706.4283447265625)]","[(0, 2325.0322265625), (1, 2389.80908203125)]"
283,"[(0, 1611.8709716796875), (1, 2108.014892578125)]","[(0, 1219.0234375), (1, 1602.6435546875)]","[(0, 5617.02978515625), (1, 5702.07958984375)]","[(0, 2708.923095703125), (1, 2649.447265625)]","[(0, 738.828857421875), (1, 640.9290161132812)]","[(0, 7057.47900390625), (1, 7189.3828125)]","[(0, 9384.61328125), (1, 10443.4150390625)]","[(0, 1697.66943359375), (1, 1831.15380859375)]","[(0, 826.1878051757812), (1, 1137.036865234375)]","[(0, 1498.480224609375), (1, 2045.2138671875)]","[(0, 1996.941162109375), (1, 2347.098876953125)]"
284,"[(0, 1548.1534423828125), (1, 2069.956787109375)]","[(0, 1333.517822265625), (1, 1645.99951171875)]","[(0, 4654.1640625), (1, 4182.765625)]","[(0, 3505.747314453125), (1, 3099.983642578125)]","[(0, 3649.351806640625), (1, 2159.264892578125)]","[(0, 4231.2314453125), (1, 4186.10986328125)]","[(0, 3365.10986328125), (1, 3738.217529296875)]","[(0, 2165.557861328125), (1, 2343.779541015625)]","[(0, 1949.585693359375), (1, 1824.4105224609375)]","[(0, 1465.8997802734375), (1, 1072.9959716796875)]","[(0, 1361.6119384765625), (1, 1638.1265869140625)]"
285,"[(0, 1371.340576171875), (1, 1803.6500244140625)]","[(0, 767.258056640625), (1, 1075.641357421875)]","[(0, 1432.6123046875), (1, 1240.31689453125)]","[(0, 4301.8291015625), (1, 4051.5478515625)]","[(0, 2881.12646484375), (1, 1704.6097412109375)]","[(0, 4094.145263671875), (1, 4102.998046875)]","[(0, 8167.1201171875), (1, 8369.23828125)]","[(0, 1363.279541015625), (1, 1284.60791015625)]","[(0, 2014.494873046875), (1, 1894.73095703125)]","[(0, 993.8668212890625), (1, 926.9977416992188)]","[(0, 1686.52685546875), (1, 2037.7591552734375)]"
286,"[(0, 1522.0213623046875), (1, 2018.2156982421875)]","[(0, 1001.4144287109375), (1, 1544.59619140625)]","[(0, 4149.2177734375), (1, 3678.973876953125)]","[(0, 1778.541015625), (1, 1787.4962158203125)]","[(0, 4400.17919921875), (1, 2595.048583984375)]","[(0, 3664.966552734375), (1, 3637.090576171875)]","[(0, 6283.23828125), (1, 6211.59423828125)]","[(0, 1276.717529296875), (1, 1154.1025390625)]","[(0, 1460.13134765625), (1, 1070.2060546875)]","[(0, 1162.2239990234375), (1, 1278.1361083984375)]","[(0, 1224.696533203125), (1, 1218.9364013671875)]"
287,"[(0, 2265.6767578125), (1, 2886.32568359375)]","[(0, 950.9780883789062), (1, 1297.7099609375)]","[(0, 2058.3974609375), (1, 2747.968505859375)]","[(0, 1773.5638427734375), (1, 1840.2176513671875)]","[(0, 579.8071899414062), (1, 499.68206787109375)]","[(0, 3407.404541015625), (1, 3506.292236328125)]","[(0, 3967.534423828125), (1, 3796.2529296875)]","[(0, 1748.0057373046875), (1, 2031.1866455078125)]","[(0, 668.6386108398438), (1, 732.8709716796875)]","[(0, 899.3081665039062), (1, 897.9805908203125)]","[(0, 1594.123291015625), (1, 1625.56298828125)]"
288,"[(0, 1367.9927978515625), (1, 1791.7442626953125)]","[(0, 819.243408203125), (1, 1000.5648193359375)]","[(0, 4659.6220703125), (1, 5269.80126953125)]","[(0, 3034.706298828125), (1, 3246.779052734375)]","[(0, 1393.91552734375), (1, 980.7640380859375)]","[(0, 5438.197265625), (1, 5419.31103515625)]","[(0, 4745.4111328125), (1, 4583.63330078125)]","[(0, 1331.2015380859375), (1, 1331.1405029296875)]","[(0, 2099.419189453125), (1, 1977.02001953125)]","[(0, 1515.857666015625), (1, 1119.008544921875)]","[(0, 2203.01416015625), (1, 2180.45263671875)]"
289,"[(0, 1960.5882568359375), (1, 2448.664306640625)]","[(0, 581.2100830078125), (1, 498.023681640625)]","[(0, 1967.0487060546875), (1, 2391.414306640625)]","[(0, 2683.74755859375), (1, 2755.0458984375)]","[(0, 3631.181396484375), (1, 2347.609375)]","[(0, 4618.587890625), (1, 4539.353515625)]","[(0, 6301.55322265625), (1, 5957.70166015625)]","[(0, 1436.9642333984375), (1, 2323.070556640625)]","[(0, 1492.206298828125), (1, 986.3126220703125)]","[(0, 1200.90966796875), (1, 1479.5450439453125)]","[(0, 2652.310302734375), (1, 2726.525146484375)]"
290,"[(0, 2068.644287109375), (1, 2727.0908203125)]","[(0, 1089.098388671875), (1, 1203.850341796875)]","[(0, 3491.373779296875), (1, 3117.49951171875)]","[(0, 1833.103759765625), (1, 1740.081298828125)]","[(0, 4120.970703125), (1, 2642.408447265625)]","[(0, 2121.633544921875), (1, 2126.155517578125)]","[(0, 6121.78076171875), (1, 6535.6591796875)]","[(0, 978.744873046875), (1, 1682.4930419921875)]","[(0, 1395.75927734375), (1, 1745.2315673828125)]","[(0, 2010.1326904296875), (1, 2600.782958984375)]","[(0, 2720.4228515625), (1, 2705.60791015625)]"
291,"[(0, 1601.1082763671875), (1, 2031.7415771484375)]","[(0, 1762.32470703125), (1, 2105.810546875)]","[(0, 4154.658203125), (1, 3743.8115234375)]","[(0, 2573.123291015625), (1, 2797.54931640625)]","[(0, 1309.5018310546875), (1, 1180.3974609375)]","[(0, 3035.01318359375), (1, 3024.213134765625)]","[(0, 2494.55712890625), (1, 2341.170166015625)]","[(0, 772.9524536132812), (1, 989.5772094726562)]","[(0, 1556.9014892578125), (1, 1596.9412841796875)]","[(0, 2495.45068359375), (1, 2048.542236328125)]","[(0, 1024.5440673828125), (1, 1204.672119140625)]"
292,"[(0, 1745.3330078125), (1, 2279.940185546875)]","[(0, 1066.124755859375), (1, 1054.925048828125)]","[(0, 1761.6407470703125), (1, 1669.2803955078125)]","[(0, 2804.23681640625), (1, 2990.11181640625)]","[(0, 1808.908203125), (1, 1096.0445556640625)]","[(0, 7465.9150390625), (1, 7679.47314453125)]","[(0, 7105.43408203125), (1, 7446.5302734375)]","[(0, 1424.8226318359375), (1, 1485.0426025390625)]","[(0, 1063.5665283203125), (1, 1171.8819580078125)]","[(0, 1032.108642578125), (1, 993.4678344726562)]","[(0, 1042.634765625), (1, 1273.68017578125)]"
293,"[(0, 1932.2078857421875), (1, 2392.210205078125)]","[(0, 943.6184692382812), (1, 937.6508178710938)]","[(0, 2283.079833984375), (1, 2117.00537109375)]","[(0, 4867.55908203125), (1, 4844.126953125)]","[(0, 2764.616943359375), (1, 1608.036376953125)]","[(0, 6669.0009765625), (1, 6521.009765625)]","[(0, 4407.318359375), (1, 5020.5732421875)]","[(0, 1273.0135498046875), (1, 1324.6239013671875)]","[(0, 2339.40478515625), (1, 2312.232666015625)]","[(0, 1384.4774169921875), (1, 1326.06982421875)]","[(0, 1212.6346435546875), (1, 1444.8463134765625)]"
294,"[(0, 1567.79541015625), (1, 2053.892333984375)]","[(0, 984.2463989257812), (1, 969.3585815429688)]","[(0, 903.7186279296875), (1, 812.07763671875)]","[(0, 3230.0615234375), (1, 2972.776123046875)]","[(0, 1746.161376953125), (1, 1446.0380859375)]","[(0, 9434.9921875), (1, 9428.4443359375)]","[(0, 6465.7783203125), (1, 7718.71875)]","[(0, 2784.274658203125), (1, 3628.96923828125)]","[(0, 952.3549194335938), (1, 1300.291015625)]","[(0, 854.46484375), (1, 1053.404052734375)]","[(0, 3118.16845703125), (1, 3155.26123046875)]"
295,"[(0, 1794.818359375), (1, 2301.541748046875)]","[(0, 1507.1217041015625), (1, 1601.5068359375)]","[(0, 5084.55712890625), (1, 5085.87158203125)]","[(0, 2666.194091796875), (1, 2623.67578125)]","[(0, 4791.875), (1, 3080.867919921875)]","[(0, 9658.755859375), (1, 9776.310546875)]","[(0, 9266.2431640625), (1, 10819.181640625)]","[(0, 3536.60107421875), (1, 2390.211669921875)]","[(0, 2292.740234375), (1, 2377.971435546875)]","[(0, 2838.10791015625), (1, 2790.89697265625)]","[(0, 1084.9976806640625), (1, 1297.69580078125)]"
296,"[(0, 2190.637451171875), (1, 2825.675537109375)]","[(0, 1240.8267822265625), (1, 1177.1783447265625)]","[(0, 1369.39208984375), (1, 1654.6802978515625)]","[(0, 1635.0487060546875), (1, 1703.7005615234375)]","[(0, 4009.936767578125), (1, 2583.120361328125)]","[(0, 7906.5419921875), (1, 8118.36083984375)]","[(0, 4481.33251953125), (1, 5235.5224609375)]","[(0, 753.7674560546875), (1, 908.8248291015625)]","[(0, 1579.0303955078125), (1, 1113.3349609375)]","[(0, 1609.69580078125), (1, 1560.4393310546875)]","[(0, 2740.54638671875), (1, 2779.289794921875)]"
297,"[(0, 1711.5369873046875), (1, 2279.5390625)]","[(0, 918.0087890625), (1, 864.83349609375)]","[(0, 5489.4130859375), (1, 4946.8720703125)]","[(0, 3427.660400390625), (1, 3523.951904296875)]","[(0, 2432.25048828125), (1, 2221.342041015625)]","[(0, 4189.48486328125), (1, 4024.83642578125)]","[(0, 3614.2353515625), (1, 3507.543212890625)]","[(0, 1496.4830322265625), (1, 1680.4052734375)]","[(0, 500.6692810058594), (1, 800.9107666015625)]","[(0, 2056.282470703125), (1, 1976.9427490234375)]","[(0, 785.9749755859375), (1, 929.8629760742188)]"
298,"[(0, 1364.554931640625), (1, 1690.62109375)]","[(0, 1659.079345703125), (1, 2058.30126953125)]","[(0, 5375.02490234375), (1, 4513.03564453125)]","[(0, 3058.221923828125), (1, 2936.080810546875)]","[(0, 2040.6839599609375), (1, 1837.044677734375)]","[(0, 8695.76171875), (1, 8871.6005859375)]","[(0, 2217.685546875), (1, 2177.010986328125)]","[(0, 1677.927001953125), (1, 2153.47607421875)]","[(0, 997.7762451171875), (1, 1123.6158447265625)]","[(0, 920.2962036132812), (1, 814.853759765625)]","[(0, 1865.8583984375), (1, 1896.9420166015625)]"
299,"[(0, 1800.8363037109375), (1, 2328.5703125)]","[(0, 2146.7236328125), (1, 2759.250244140625)]","[(0, 3725.46923828125), (1, 3541.261962890625)]","[(0, 6188.8173828125), (1, 6408.82568359375)]","[(0, 2482.398193359375), (1, 1465.774658203125)]","[(0, 4638.6455078125), (1, 4746.41162109375)]","[(0, 2951.16259765625), (1, 3511.921142578125)]","[(0, 1587.3709716796875), (1, 1194.1458740234375)]","[(0, 1570.6177978515625), (1, 1121.4090576171875)]","[(0, 1750.240966796875), (1, 1311.7315673828125)]","[(0, 1712.5255126953125), (1, 1775.517578125)]"
300,"[(0, 1728.355224609375), (1, 2266.606201171875)]","[(0, 1756.17578125), (1, 2010.09814453125)]","[(0, 4331.34521484375), (1, 4471.04052734375)]","[(0, 2321.305419921875), (1, 2373.369873046875)]","[(0, 2191.15576171875), (1, 1312.0706787109375)]","[(0, 3506.717041015625), (1, 3310.850830078125)]","[(0, 1822.3690185546875), (1, 2322.85693359375)]","[(0, 1744.22900390625), (1, 1698.634765625)]","[(0, 1263.0894775390625), (1, 1553.814697265625)]","[(0, 1410.0540771484375), (1, 1928.699951171875)]","[(0, 1077.155029296875), (1, 1271.059326171875)]"
301,"[(0, 1622.9769287109375), (1, 2182.776611328125)]","[(0, 1863.5955810546875), (1, 2109.498046875)]","[(0, 2503.215087890625), (1, 2562.948486328125)]","[(0, 2836.7158203125), (1, 2876.150634765625)]","[(0, 1162.4423828125), (1, 969.9249267578125)]","[(0, 3403.581787109375), (1, 3395.153076171875)]","[(0, 3545.611083984375), (1, 3527.06201171875)]","[(0, 1252.1871337890625), (1, 1297.75830078125)]","[(0, 1059.2109375), (1, 1229.022216796875)]","[(0, 2392.7568359375), (1, 1779.9781494140625)]","[(0, 1668.8187255859375), (1, 1963.173095703125)]"
302,"[(0, 1489.82177734375), (1, 1878.138427734375)]","[(0, 819.2699584960938), (1, 747.0091552734375)]","[(0, 7210.30419921875), (1, 6509.68212890625)]","[(0, 1884.042236328125), (1, 1870.4442138671875)]","[(0, 1145.274658203125), (1, 968.032470703125)]","[(0, 2860.086669921875), (1, 2920.1455078125)]","[(0, 3413.340087890625), (1, 3528.562744140625)]","[(0, 2665.115966796875), (1, 2248.12353515625)]","[(0, 1354.0321044921875), (1, 1450.366455078125)]","[(0, 1672.1610107421875), (1, 1840.7451171875)]","[(0, 1196.8468017578125), (1, 1367.91650390625)]"
303,"[(0, 1199.974853515625), (1, 1471.9404296875)]","[(0, 1855.2786865234375), (1, 1854.524169921875)]","[(0, 5838.6982421875), (1, 5328.158203125)]","[(0, 980.5745849609375), (1, 1099.36669921875)]","[(0, 4023.58154296875), (1, 2356.477294921875)]","[(0, 4171.68701171875), (1, 4350.93994140625)]","[(0, 5447.06298828125), (1, 5617.158203125)]","[(0, 1525.1053466796875), (1, 1548.4730224609375)]","[(0, 714.4885864257812), (1, 943.4677734375)]","[(0, 1523.9755859375), (1, 1616.7705078125)]","[(0, 1737.893798828125), (1, 2104.96435546875)]"
304,"[(0, 2100.114013671875), (1, 2682.260986328125)]","[(0, 2445.532470703125), (1, 2561.26025390625)]","[(0, 1942.5953369140625), (1, 2089.9482421875)]","[(0, 1924.4326171875), (1, 1930.529052734375)]","[(0, 2692.513671875), (1, 1634.30517578125)]","[(0, 3055.921630859375), (1, 2888.079833984375)]","[(0, 4822.82568359375), (1, 4829.45361328125)]","[(0, 2089.48291015625), (1, 2838.357177734375)]","[(0, 1557.506591796875), (1, 1704.6552734375)]","[(0, 1680.8804931640625), (1, 1672.3883056640625)]","[(0, 3191.057373046875), (1, 3256.73681640625)]"
305,"[(0, 1242.50244140625), (1, 1633.7542724609375)]","[(0, 2161.87060546875), (1, 1945.702880859375)]","[(0, 3863.95361328125), (1, 3378.95068359375)]","[(0, 1701.6026611328125), (1, 1738.701171875)]","[(0, 4435.73876953125), (1, 2702.205322265625)]","[(0, 3245.098388671875), (1, 3213.047119140625)]","[(0, 3425.98388671875), (1, 3158.52197265625)]","[(0, 1670.3297119140625), (1, 2014.114501953125)]","[(0, 1394.218017578125), (1, 1268.81884765625)]","[(0, 761.400146484375), (1, 570.126953125)]","[(0, 1678.1302490234375), (1, 1693.6986083984375)]"
306,"[(0, 1842.802734375), (1, 2518.220947265625)]","[(0, 2176.99951171875), (1, 2155.01904296875)]","[(0, 5241.61767578125), (1, 4727.533203125)]","[(0, 1565.14453125), (1, 1556.356689453125)]","[(0, 3388.1083984375), (1, 2087.885498046875)]","[(0, 6856.697265625), (1, 7070.3251953125)]","[(0, 4090.226806640625), (1, 4456.40087890625)]","[(0, 1302.5765380859375), (1, 844.3457641601562)]","[(0, 780.6710815429688), (1, 679.0888061523438)]","[(0, 2008.571044921875), (1, 2030.743896484375)]","[(0, 1897.9761962890625), (1, 1914.4544677734375)]"
307,"[(0, 2084.07373046875), (1, 2808.93798828125)]","[(0, 1570.832763671875), (1, 1756.974853515625)]","[(0, 3695.391845703125), (1, 3373.27734375)]","[(0, 6814.60400390625), (1, 6641.677734375)]","[(0, 3124.910888671875), (1, 2717.712890625)]","[(0, 4242.22900390625), (1, 4136.4248046875)]","[(0, 1772.8975830078125), (1, 1777.0379638671875)]","[(0, 824.7955932617188), (1, 1162.894775390625)]","[(0, 1778.73095703125), (1, 2341.12451171875)]","[(0, 1021.9976196289062), (1, 888.6309204101562)]","[(0, 1212.382568359375), (1, 1449.057861328125)]"
308,"[(0, 2073.3232421875), (1, 2674.1259765625)]","[(0, 2400.4453125), (1, 2929.023193359375)]","[(0, 3312.43310546875), (1, 3405.237548828125)]","[(0, 6558.7177734375), (1, 6354.9814453125)]","[(0, 5225.4013671875), (1, 3281.901123046875)]","[(0, 5375.18408203125), (1, 5299.8447265625)]","[(0, 1925.9263916015625), (1, 1891.467529296875)]","[(0, 1604.9461669921875), (1, 1184.8055419921875)]","[(0, 1771.4381103515625), (1, 1521.534423828125)]","[(0, 2844.884033203125), (1, 2819.5458984375)]","[(0, 2091.484619140625), (1, 2092.486083984375)]"
309,"[(0, 939.341552734375), (1, 1184.171875)]","[(0, 1674.9493408203125), (1, 1733.2220458984375)]","[(0, 2585.57763671875), (1, 2167.469970703125)]","[(0, 1926.18994140625), (1, 1933.4503173828125)]","[(0, 3332.648681640625), (1, 2186.564453125)]","[(0, 4343.74658203125), (1, 4388.83447265625)]","[(0, 3122.99267578125), (1, 3384.794677734375)]","[(0, 1342.2366943359375), (1, 1437.065673828125)]","[(0, 1579.406982421875), (1, 1873.5130615234375)]","[(0, 2333.441162109375), (1, 1741.2076416015625)]","[(0, 4062.361572265625), (1, 4133.00634765625)]"
310,"[(0, 2752.86474609375), (1, 3608.077392578125)]","[(0, 1686.6949462890625), (1, 1771.3189697265625)]","[(0, 2487.855224609375), (1, 2360.766845703125)]","[(0, 2180.338623046875), (1, 2388.6083984375)]","[(0, 1088.5179443359375), (1, 961.2010498046875)]","[(0, 3764.684814453125), (1, 3848.0966796875)]","[(0, 4001.646728515625), (1, 4432.80859375)]","[(0, 2648.632568359375), (1, 2300.609130859375)]","[(0, 1778.0101318359375), (1, 1718.9478759765625)]","[(0, 1569.683349609375), (1, 1681.416015625)]","[(0, 1628.83349609375), (1, 1881.2332763671875)]"
311,"[(0, 1510.691162109375), (1, 1950.03857421875)]","[(0, 2264.9921875), (1, 2642.599853515625)]","[(0, 2195.28564453125), (1, 2061.22607421875)]","[(0, 3427.046142578125), (1, 3612.784423828125)]","[(0, 1582.271484375), (1, 1093.539306640625)]","[(0, 5899.3994140625), (1, 6010.94873046875)]","[(0, 4354.60107421875), (1, 4147.09716796875)]","[(0, 1501.2967529296875), (1, 1291.3587646484375)]","[(0, 2591.572509765625), (1, 2735.459716796875)]","[(0, 2756.095703125), (1, 2426.920166015625)]","[(0, 1092.47705078125), (1, 1134.475830078125)]"
312,"[(0, 2028.5374755859375), (1, 2562.0029296875)]","[(0, 2617.584228515625), (1, 3206.533203125)]","[(0, 5478.32080078125), (1, 5042.91552734375)]","[(0, 2647.209716796875), (1, 2566.42919921875)]","[(0, 2457.479248046875), (1, 1464.7191162109375)]","[(0, 3598.33935546875), (1, 3483.345458984375)]","[(0, 4243.17626953125), (1, 4504.8955078125)]","[(0, 1260.23486328125), (1, 1676.7864990234375)]","[(0, 1369.0526123046875), (1, 1019.3713989257812)]","[(0, 1352.033935546875), (1, 954.3368530273438)]","[(0, 1542.48388671875), (1, 1832.085693359375)]"
313,"[(0, 1482.6759033203125), (1, 1969.9893798828125)]","[(0, 2378.948974609375), (1, 2541.759765625)]","[(0, 1912.189208984375), (1, 2018.4112548828125)]","[(0, 5195.75537109375), (1, 5567.8134765625)]","[(0, 1025.9393310546875), (1, 824.8970947265625)]","[(0, 6670.78857421875), (1, 6754.953125)]","[(0, 5371.87353515625), (1, 6751.1279296875)]","[(0, 778.8071899414062), (1, 794.23974609375)]","[(0, 1562.7393798828125), (1, 1216.7244873046875)]","[(0, 2395.978515625), (1, 2200.133544921875)]","[(0, 2085.681396484375), (1, 2121.4091796875)]"
314,"[(0, 1419.3638916015625), (1, 1773.6602783203125)]","[(0, 1699.934326171875), (1, 1766.3594970703125)]","[(0, 2124.5625), (1, 2006.0670166015625)]","[(0, 2411.44189453125), (1, 2465.013916015625)]","[(0, 1234.37841796875), (1, 987.4443359375)]","[(0, 2410.029052734375), (1, 2527.71630859375)]","[(0, 3758.80859375), (1, 4766.12890625)]","[(0, 1908.8275146484375), (1, 2023.6190185546875)]","[(0, 1328.9866943359375), (1, 1377.7994384765625)]","[(0, 1467.250244140625), (1, 1941.8397216796875)]","[(0, 1218.300537109375), (1, 1480.6024169921875)]"
315,"[(0, 2130.261474609375), (1, 2851.6123046875)]","[(0, 587.112548828125), (1, 520.0291137695312)]","[(0, 1940.5743408203125), (1, 1758.924560546875)]","[(0, 1226.04736328125), (1, 1241.424560546875)]","[(0, 2854.194091796875), (1, 1724.07177734375)]","[(0, 2234.204345703125), (1, 2198.79736328125)]","[(0, 6080.412109375), (1, 7247.20703125)]","[(0, 1571.4111328125), (1, 1513.3515625)]","[(0, 1425.9061279296875), (1, 2305.94677734375)]","[(0, 1421.3699951171875), (1, 1429.260009765625)]","[(0, 1590.459228515625), (1, 1899.6204833984375)]"
316,"[(0, 1010.71484375), (1, 1308.6610107421875)]","[(0, 793.9402465820312), (1, 1095.3072509765625)]","[(0, 4397.20068359375), (1, 4208.57373046875)]","[(0, 2817.845703125), (1, 2884.598876953125)]","[(0, 1959.7574462890625), (1, 1310.0345458984375)]","[(0, 6181.20263671875), (1, 6143.32080078125)]","[(0, 2951.96630859375), (1, 3742.39453125)]","[(0, 2010.57470703125), (1, 1567.3626708984375)]","[(0, 1616.7135009765625), (1, 1029.884033203125)]","[(0, 3270.796142578125), (1, 4981.76904296875)]","[(0, 1265.5111083984375), (1, 1556.1385498046875)]"
317,"[(0, 1332.76513671875), (1, 1763.3880615234375)]","[(0, 1049.9273681640625), (1, 1597.0357666015625)]","[(0, 2677.781982421875), (1, 2614.292236328125)]","[(0, 838.6543579101562), (1, 881.81591796875)]","[(0, 680.0025634765625), (1, 610.753173828125)]","[(0, 5394.4931640625), (1, 5402.6123046875)]","[(0, 2944.95361328125), (1, 4060.38623046875)]","[(0, 1735.1356201171875), (1, 1521.1375732421875)]","[(0, 2351.14599609375), (1, 2054.10205078125)]","[(0, 979.9702758789062), (1, 1142.648681640625)]","[(0, 1259.0660400390625), (1, 1507.6513671875)]"
318,"[(0, 3014.0234375), (1, 4068.114990234375)]","[(0, 979.3004150390625), (1, 1317.2222900390625)]","[(0, 5795.7919921875), (1, 5492.7333984375)]","[(0, 2891.30126953125), (1, 3026.44921875)]","[(0, 615.091796875), (1, 552.8413696289062)]","[(0, 3976.565185546875), (1, 4081.428466796875)]","[(0, 5062.56640625), (1, 6659.95751953125)]","[(0, 1989.4774169921875), (1, 1887.3431396484375)]","[(0, 949.1890258789062), (1, 1601.400634765625)]","[(0, 2087.008544921875), (1, 2429.75927734375)]","[(0, 2385.495361328125), (1, 2402.098876953125)]"
319,"[(0, 3092.5751953125), (1, 4238.22607421875)]","[(0, 863.7030639648438), (1, 1045.934326171875)]","[(0, 2392.261474609375), (1, 2204.994140625)]","[(0, 1493.17431640625), (1, 1510.689697265625)]","[(0, 3642.3212890625), (1, 2267.938232421875)]","[(0, 3219.8662109375), (1, 3100.196533203125)]","[(0, 4618.74658203125), (1, 4370.84423828125)]","[(0, 2315.78662109375), (1, 2652.392333984375)]","[(0, 1470.841064453125), (1, 1673.88818359375)]","[(0, 1028.48388671875), (1, 777.740234375)]","[(0, 2286.190185546875), (1, 2283.689697265625)]"
320,"[(0, 2099.141845703125), (1, 2755.123291015625)]","[(0, 1076.1260986328125), (1, 1133.812744140625)]","[(0, 2306.28857421875), (1, 2121.461669921875)]","[(0, 3276.67822265625), (1, 3519.82421875)]","[(0, 4058.276611328125), (1, 2434.084716796875)]","[(0, 1845.0633544921875), (1, 1815.7801513671875)]","[(0, 5050.30810546875), (1, 5226.7275390625)]","[(0, 1652.405517578125), (1, 2328.80810546875)]","[(0, 1627.361572265625), (1, 1554.9361572265625)]","[(0, 1312.6383056640625), (1, 1148.630615234375)]","[(0, 2797.20263671875), (1, 2789.780517578125)]"
321,"[(0, 1368.765380859375), (1, 1695.493408203125)]","[(0, 1460.9794921875), (1, 1628.16259765625)]","[(0, 6502.4228515625), (1, 6579.265625)]","[(0, 2777.880126953125), (1, 2802.6591796875)]","[(0, 3160.067626953125), (1, 1999.4376220703125)]","[(0, 6684.3974609375), (1, 6660.560546875)]","[(0, 2463.794189453125), (1, 2919.61083984375)]","[(0, 1118.2762451171875), (1, 1236.973388671875)]","[(0, 1492.896728515625), (1, 1525.6253662109375)]","[(0, 1394.954833984375), (1, 1073.7181396484375)]","[(0, 1998.0604248046875), (1, 2081.06787109375)]"
322,"[(0, 1676.4234619140625), (1, 2227.965576171875)]","[(0, 1259.6202392578125), (1, 1251.704833984375)]","[(0, 4061.30810546875), (1, 3906.064697265625)]","[(0, 1569.0496826171875), (1, 1591.0264892578125)]","[(0, 2865.496337890625), (1, 1807.978515625)]","[(0, 3359.145751953125), (1, 3506.42919921875)]","[(0, 5058.57958984375), (1, 5929.92041015625)]","[(0, 2126.32373046875), (1, 2840.799560546875)]","[(0, 945.8338623046875), (1, 918.0753784179688)]","[(0, 2224.968505859375), (1, 2621.18994140625)]","[(0, 773.8438110351562), (1, 924.2850341796875)]"
323,"[(0, 1852.28564453125), (1, 2353.6708984375)]","[(0, 1230.0), (1, 1268.511474609375)]","[(0, 1785.5352783203125), (1, 2030.1456298828125)]","[(0, 3283.197021484375), (1, 2985.367919921875)]","[(0, 1172.2015380859375), (1, 1078.9783935546875)]","[(0, 3188.18603515625), (1, 3052.240478515625)]","[(0, 3758.5361328125), (1, 3652.098876953125)]","[(0, 690.2597045898438), (1, 735.24169921875)]","[(0, 1066.176025390625), (1, 816.52001953125)]","[(0, 1719.6373291015625), (1, 1660.564208984375)]","[(0, 2261.219482421875), (1, 2314.515869140625)]"
324,"[(0, 1539.0045166015625), (1, 2017.3575439453125)]","[(0, 660.9915771484375), (1, 625.0707397460938)]","[(0, 2007.5858154296875), (1, 1833.600341796875)]","[(0, 6075.8212890625), (1, 6186.83447265625)]","[(0, 1248.2889404296875), (1, 1158.2489013671875)]","[(0, 3321.40087890625), (1, 3343.284423828125)]","[(0, 4580.95458984375), (1, 4731.529296875)]","[(0, 1728.4566650390625), (1, 1353.3001708984375)]","[(0, 1606.24462890625), (1, 1374.4371337890625)]","[(0, 1389.0341796875), (1, 1375.3909912109375)]","[(0, 1781.9560546875), (1, 2117.234375)]"
325,"[(0, 1793.674560546875), (1, 2336.1318359375)]","[(0, 1093.0684814453125), (1, 1474.610595703125)]","[(0, 4236.26220703125), (1, 4298.900390625)]","[(0, 1402.303466796875), (1, 1473.2767333984375)]","[(0, 5419.48681640625), (1, 3224.927490234375)]","[(0, 4048.75146484375), (1, 4192.318359375)]","[(0, 3522.188232421875), (1, 3843.67333984375)]","[(0, 1242.2576904296875), (1, 1402.81787109375)]","[(0, 1544.221435546875), (1, 1494.3076171875)]","[(0, 1997.0355224609375), (1, 2582.614013671875)]","[(0, 1632.8896484375), (1, 1959.09765625)]"
326,"[(0, 2187.47802734375), (1, 2784.0888671875)]","[(0, 1389.891357421875), (1, 2033.2215576171875)]","[(0, 2688.738037109375), (1, 2638.56201171875)]","[(0, 2813.19921875), (1, 2871.609375)]","[(0, 4403.6845703125), (1, 2609.601806640625)]","[(0, 3688.58203125), (1, 3522.013671875)]","[(0, 3005.558837890625), (1, 3255.97265625)]","[(0, 3356.510498046875), (1, 3475.447998046875)]","[(0, 1059.15283203125), (1, 1048.5513916015625)]","[(0, 2160.476318359375), (1, 1588.421875)]","[(0, 1154.687744140625), (1, 1358.718505859375)]"
327,"[(0, 1755.186279296875), (1, 2394.751953125)]","[(0, 1290.70556640625), (1, 1673.33837890625)]","[(0, 3469.768310546875), (1, 3237.8369140625)]","[(0, 2230.785888671875), (1, 2207.12841796875)]","[(0, 3102.343994140625), (1, 1841.5904541015625)]","[(0, 2961.759765625), (1, 2919.572021484375)]","[(0, 3279.588623046875), (1, 3186.018798828125)]","[(0, 760.8506469726562), (1, 984.8280639648438)]","[(0, 1180.74365234375), (1, 1118.367919921875)]","[(0, 952.7891235351562), (1, 1131.752197265625)]","[(0, 2494.89501953125), (1, 2493.943603515625)]"
328,"[(0, 1993.52001953125), (1, 2703.4775390625)]","[(0, 1409.550537109375), (1, 1792.78857421875)]","[(0, 1973.885986328125), (1, 1716.809814453125)]","[(0, 2084.23779296875), (1, 1933.9307861328125)]","[(0, 2394.779296875), (1, 1453.773681640625)]","[(0, 4945.400390625), (1, 4887.94775390625)]","[(0, 2988.133544921875), (1, 3157.043212890625)]","[(0, 1679.993408203125), (1, 1515.5836181640625)]","[(0, 431.45245361328125), (1, 661.5872192382812)]","[(0, 621.7078857421875), (1, 828.7224731445312)]","[(0, 1314.8533935546875), (1, 1578.85888671875)]"
329,"[(0, 1498.7490234375), (1, 1962.811767578125)]","[(0, 432.99365234375), (1, 379.4578552246094)]","[(0, 3552.481689453125), (1, 3583.6474609375)]","[(0, 4371.5361328125), (1, 4395.720703125)]","[(0, 2704.634033203125), (1, 1553.584228515625)]","[(0, 3738.039306640625), (1, 3845.06298828125)]","[(0, 5890.140625), (1, 6321.37353515625)]","[(0, 2469.682373046875), (1, 1707.64111328125)]","[(0, 1604.15283203125), (1, 1511.6927490234375)]","[(0, 1730.4085693359375), (1, 2174.1767578125)]","[(0, 1342.9754638671875), (1, 1594.0511474609375)]"
330,"[(0, 1330.458984375), (1, 1688.20849609375)]","[(0, 1400.1259765625), (1, 2035.3021240234375)]","[(0, 2190.290771484375), (1, 1948.4639892578125)]","[(0, 2059.56005859375), (1, 2180.543212890625)]","[(0, 2302.8349609375), (1, 1481.186279296875)]","[(0, 4732.458984375), (1, 4619.80810546875)]","[(0, 6155.91796875), (1, 6756.72509765625)]","[(0, 1734.8800048828125), (1, 2071.950439453125)]","[(0, 2513.126220703125), (1, 1884.456298828125)]","[(0, 1564.7205810546875), (1, 1728.5926513671875)]","[(0, 1154.393798828125), (1, 1382.5372314453125)]"
331,"[(0, 1541.79931640625), (1, 1919.493896484375)]","[(0, 1076.8365478515625), (1, 1327.59130859375)]","[(0, 7917.4599609375), (1, 8196.2236328125)]","[(0, 3313.302001953125), (1, 3323.44140625)]","[(0, 1269.845947265625), (1, 1074.0335693359375)]","[(0, 5487.4716796875), (1, 5233.34619140625)]","[(0, 4415.63134765625), (1, 6216.58984375)]","[(0, 1048.27392578125), (1, 1068.283935546875)]","[(0, 1719.421630859375), (1, 2183.10986328125)]","[(0, 1804.1334228515625), (1, 1817.6314697265625)]","[(0, 2931.661376953125), (1, 2974.630859375)]"
332,"[(0, 1776.831298828125), (1, 2369.2099609375)]","[(0, 592.7828369140625), (1, 517.7828979492188)]","[(0, 3027.0986328125), (1, 3169.197021484375)]","[(0, 2129.990234375), (1, 2167.490966796875)]","[(0, 5391.90625), (1, 3378.522216796875)]","[(0, 4124.90283203125), (1, 4155.44677734375)]","[(0, 3884.1591796875), (1, 5097.40869140625)]","[(0, 2675.587890625), (1, 1958.818359375)]","[(0, 1157.78564453125), (1, 1004.2774047851562)]","[(0, 2291.9599609375), (1, 2167.48974609375)]","[(0, 1568.64111328125), (1, 1894.202392578125)]"
333,"[(0, 1417.9549560546875), (1, 1900.374267578125)]","[(0, 913.9686279296875), (1, 1165.5277099609375)]","[(0, 1487.4139404296875), (1, 1395.580810546875)]","[(0, 2700.494873046875), (1, 2561.9443359375)]","[(0, 4617.28857421875), (1, 2888.038330078125)]","[(0, 5672.8125), (1, 5769.02490234375)]","[(0, 3239.2822265625), (1, 3308.3037109375)]","[(0, 1527.194580078125), (1, 2113.608154296875)]","[(0, 1375.6678466796875), (1, 1428.1754150390625)]","[(0, 1364.8055419921875), (1, 1360.8594970703125)]","[(0, 2093.1328125), (1, 2419.80078125)]"
334,"[(0, 1780.676025390625), (1, 2348.64501953125)]","[(0, 1218.789306640625), (1, 1705.3853759765625)]","[(0, 7192.35888671875), (1, 7040.0546875)]","[(0, 3066.06005859375), (1, 3047.48193359375)]","[(0, 3235.037109375), (1, 2886.366943359375)]","[(0, 4322.68310546875), (1, 4356.5615234375)]","[(0, 3507.703857421875), (1, 3587.71337890625)]","[(0, 1619.4356689453125), (1, 1932.1729736328125)]","[(0, 1409.254150390625), (1, 2282.470458984375)]","[(0, 1449.109619140625), (1, 1199.2232666015625)]","[(0, 3200.929443359375), (1, 3284.1865234375)]"
335,"[(0, 1855.8193359375), (1, 2488.6474609375)]","[(0, 1122.00537109375), (1, 1385.474609375)]","[(0, 4767.77490234375), (1, 4274.380859375)]","[(0, 2409.799072265625), (1, 2514.032470703125)]","[(0, 1480.108154296875), (1, 1327.3521728515625)]","[(0, 4455.44482421875), (1, 4341.2783203125)]","[(0, 3357.742919921875), (1, 4217.46142578125)]","[(0, 1986.8297119140625), (1, 1283.054931640625)]","[(0, 2022.6571044921875), (1, 1939.3883056640625)]","[(0, 1611.3662109375), (1, 1326.6865234375)]","[(0, 2385.309814453125), (1, 2395.727294921875)]"
336,"[(0, 2480.917724609375), (1, 3305.16259765625)]","[(0, 783.7313842773438), (1, 869.6084594726562)]","[(0, 4838.5537109375), (1, 4636.52294921875)]","[(0, 3724.453125), (1, 3527.364990234375)]","[(0, 1657.5335693359375), (1, 1139.0350341796875)]","[(0, 5705.740234375), (1, 5689.1904296875)]","[(0, 1926.1806640625), (1, 2495.982666015625)]","[(0, 656.9522094726562), (1, 806.2184448242188)]","[(0, 2605.4912109375), (1, 2660.906494140625)]","[(0, 2044.159912109375), (1, 2234.433349609375)]","[(0, 3089.082275390625), (1, 3114.518798828125)]"
337,"[(0, 2235.246337890625), (1, 2984.2177734375)]","[(0, 731.0783081054688), (1, 629.8173217773438)]","[(0, 1970.7044677734375), (1, 1653.7969970703125)]","[(0, 3491.943115234375), (1, 3508.844482421875)]","[(0, 2889.523193359375), (1, 1702.6463623046875)]","[(0, 3977.706787109375), (1, 4105.99658203125)]","[(0, 3773.858154296875), (1, 3681.153564453125)]","[(0, 1937.1248779296875), (1, 1182.8455810546875)]","[(0, 1882.3306884765625), (1, 1780.204833984375)]","[(0, 2553.973388671875), (1, 2484.445556640625)]","[(0, 1420.327392578125), (1, 1385.629150390625)]"
338,"[(0, 2465.7041015625), (1, 3170.61181640625)]","[(0, 993.6976318359375), (1, 1312.969482421875)]","[(0, 8000.80224609375), (1, 8007.01513671875)]","[(0, 1374.9176025390625), (1, 1340.641357421875)]","[(0, 1885.0108642578125), (1, 1111.952392578125)]","[(0, 6170.48876953125), (1, 6032.42626953125)]","[(0, 2604.74951171875), (1, 2648.615966796875)]","[(0, 746.7943725585938), (1, 812.7745361328125)]","[(0, 1960.623779296875), (1, 1321.7310791015625)]","[(0, 1842.98291015625), (1, 2125.00537109375)]","[(0, 2069.00146484375), (1, 2113.53369140625)]"
339,"[(0, 1566.311279296875), (1, 2075.795166015625)]","[(0, 1327.468505859375), (1, 1869.56591796875)]","[(0, 4544.60791015625), (1, 4929.4287109375)]","[(0, 3099.489990234375), (1, 3373.7470703125)]","[(0, 4171.85009765625), (1, 2552.18505859375)]","[(0, 4839.65234375), (1, 4862.7431640625)]","[(0, 6146.34423828125), (1, 7027.1689453125)]","[(0, 1221.8348388671875), (1, 1308.7283935546875)]","[(0, 1124.707275390625), (1, 1068.1646728515625)]","[(0, 913.8775634765625), (1, 1280.6282958984375)]","[(0, 1207.240234375), (1, 1408.30224609375)]"
340,"[(0, 2868.99365234375), (1, 3830.5107421875)]","[(0, 1208.285400390625), (1, 1579.7113037109375)]","[(0, 3569.839599609375), (1, 3736.388916015625)]","[(0, 1510.453369140625), (1, 1419.4228515625)]","[(0, 4394.92822265625), (1, 2677.595458984375)]","[(0, 1973.0626220703125), (1, 1994.67529296875)]","[(0, 4572.591796875), (1, 5345.5498046875)]","[(0, 1696.47998046875), (1, 1647.6290283203125)]","[(0, 1863.92333984375), (1, 1908.60009765625)]","[(0, 1457.4766845703125), (1, 1260.7403564453125)]","[(0, 2080.81884765625), (1, 2128.726318359375)]"
341,"[(0, 1853.8160400390625), (1, 2418.296630859375)]","[(0, 1297.5484619140625), (1, 1671.271484375)]","[(0, 2381.269775390625), (1, 2147.165771484375)]","[(0, 1836.608642578125), (1, 1824.9161376953125)]","[(0, 2294.19921875), (1, 2005.1336669921875)]","[(0, 4190.427734375), (1, 4257.05029296875)]","[(0, 5173.337890625), (1, 6686.0361328125)]","[(0, 1271.059326171875), (1, 1213.561279296875)]","[(0, 771.3526611328125), (1, 643.5277709960938)]","[(0, 798.0744018554688), (1, 1067.7210693359375)]","[(0, 1187.4388427734375), (1, 1429.77880859375)]"
342,"[(0, 1346.1754150390625), (1, 1748.9136962890625)]","[(0, 752.3264770507812), (1, 704.0030517578125)]","[(0, 703.7546997070312), (1, 740.341796875)]","[(0, 5018.275390625), (1, 5124.0205078125)]","[(0, 1856.0467529296875), (1, 1611.0350341796875)]","[(0, 7311.91650390625), (1, 7512.087890625)]","[(0, 5807.3056640625), (1, 7425.2705078125)]","[(0, 1205.9197998046875), (1, 975.9295654296875)]","[(0, 1171.539306640625), (1, 1298.7078857421875)]","[(0, 1769.2281494140625), (1, 2083.715087890625)]","[(0, 2244.843505859375), (1, 2297.314697265625)]"
343,"[(0, 2919.779541015625), (1, 3770.020263671875)]","[(0, 1456.6424560546875), (1, 1580.4609375)]","[(0, 2464.26513671875), (1, 2761.32861328125)]","[(0, 5088.62744140625), (1, 5084.08203125)]","[(0, 4655.8994140625), (1, 2768.692138671875)]","[(0, 4830.11669921875), (1, 4918.87646484375)]","[(0, 7097.5712890625), (1, 7353.69287109375)]","[(0, 1732.1092529296875), (1, 1376.144775390625)]","[(0, 3635.360107421875), (1, 2844.94091796875)]","[(0, 3531.35009765625), (1, 2513.98095703125)]","[(0, 1253.2469482421875), (1, 1508.9266357421875)]"
344,"[(0, 1919.5699462890625), (1, 2368.9208984375)]","[(0, 1881.448486328125), (1, 2158.978759765625)]","[(0, 1707.0654296875), (1, 1742.7442626953125)]","[(0, 2408.5791015625), (1, 2615.591552734375)]","[(0, 4447.76513671875), (1, 2649.897216796875)]","[(0, 2234.68798828125), (1, 2303.2509765625)]","[(0, 11703.30078125), (1, 11976.64453125)]","[(0, 1504.3143310546875), (1, 1675.2408447265625)]","[(0, 1013.4415283203125), (1, 684.51123046875)]","[(0, 770.5574951171875), (1, 919.9210815429688)]","[(0, 901.4135131835938), (1, 1056.4871826171875)]"
345,"[(0, 2077.070556640625), (1, 2751.11279296875)]","[(0, 1591.4066162109375), (1, 1562.7437744140625)]","[(0, 2126.4638671875), (1, 1917.4228515625)]","[(0, 2311.046630859375), (1, 2305.2705078125)]","[(0, 1276.100341796875), (1, 1127.709228515625)]","[(0, 1881.17041015625), (1, 1833.74267578125)]","[(0, 4358.8515625), (1, 4308.8046875)]","[(0, 602.5380249023438), (1, 641.6305541992188)]","[(0, 1541.85888671875), (1, 1190.5804443359375)]","[(0, 1551.876220703125), (1, 1634.23486328125)]","[(0, 952.6005859375), (1, 1085.2357177734375)]"
346,"[(0, 1209.2254638671875), (1, 1595.423828125)]","[(0, 1184.447998046875), (1, 1153.1624755859375)]","[(0, 3145.800048828125), (1, 3039.587158203125)]","[(0, 2934.766357421875), (1, 2956.984619140625)]","[(0, 1431.2371826171875), (1, 1206.3143310546875)]","[(0, 4741.38525390625), (1, 4814.32470703125)]","[(0, 5169.3134765625), (1, 5092.78271484375)]","[(0, 1490.264404296875), (1, 1588.4681396484375)]","[(0, 1512.529052734375), (1, 1732.7320556640625)]","[(0, 1811.0380859375), (1, 2174.366455078125)]","[(0, 3369.82080078125), (1, 3417.434326171875)]"
347,"[(0, 1958.5699462890625), (1, 2482.85986328125)]","[(0, 480.107177734375), (1, 420.21929931640625)]","[(0, 2731.5810546875), (1, 2360.43603515625)]","[(0, 2130.65771484375), (1, 2179.87060546875)]","[(0, 4493.07080078125), (1, 2863.728759765625)]","[(0, 4508.82421875), (1, 4476.4931640625)]","[(0, 5972.56640625), (1, 5433.37646484375)]","[(0, 968.8941650390625), (1, 1104.11376953125)]","[(0, 1198.028076171875), (1, 1184.898193359375)]","[(0, 2607.86767578125), (1, 3231.984375)]","[(0, 1093.194580078125), (1, 1317.1544189453125)]"
348,"[(0, 1631.59619140625), (1, 2047.289306640625)]","[(0, 402.0418701171875), (1, 338.76751708984375)]","[(0, 1563.279052734375), (1, 1568.1251220703125)]","[(0, 3314.357421875), (1, 3183.009033203125)]","[(0, 3692.0380859375), (1, 2374.48828125)]","[(0, 7316.42919921875), (1, 7518.66064453125)]","[(0, 3424.216796875), (1, 3157.73291015625)]","[(0, 1627.06201171875), (1, 1600.0458984375)]","[(0, 486.49322509765625), (1, 646.5047607421875)]","[(0, 2027.2144775390625), (1, 1620.0411376953125)]","[(0, 2151.796630859375), (1, 2563.650146484375)]"
349,"[(0, 1372.50390625), (1, 1814.5675048828125)]","[(0, 1991.41162109375), (1, 2330.763427734375)]","[(0, 2254.468994140625), (1, 1960.0321044921875)]","[(0, 2789.56640625), (1, 2912.462646484375)]","[(0, 2019.230224609375), (1, 1739.34375)]","[(0, 3943.869873046875), (1, 3852.058349609375)]","[(0, 3308.171142578125), (1, 3805.623046875)]","[(0, 1133.3209228515625), (1, 1276.8489990234375)]","[(0, 1569.850341796875), (1, 1440.240478515625)]","[(0, 2762.36767578125), (1, 2735.07275390625)]","[(0, 732.4398193359375), (1, 859.8809814453125)]"
350,"[(0, 1419.1927490234375), (1, 1763.640380859375)]","[(0, 2265.49658203125), (1, 2723.061279296875)]","[(0, 1905.3074951171875), (1, 2020.4544677734375)]","[(0, 2432.740966796875), (1, 2402.385009765625)]","[(0, 2787.05615234375), (1, 2402.689697265625)]","[(0, 3577.35791015625), (1, 3616.62451171875)]","[(0, 6576.5625), (1, 7156.458984375)]","[(0, 1352.864013671875), (1, 1320.6329345703125)]","[(0, 1280.8121337890625), (1, 1165.0526123046875)]","[(0, 959.851318359375), (1, 1395.329345703125)]","[(0, 900.80810546875), (1, 1084.7142333984375)]"
351,"[(0, 1650.932861328125), (1, 2088.47705078125)]","[(0, 2073.076904296875), (1, 2264.064453125)]","[(0, 3955.622314453125), (1, 3413.798828125)]","[(0, 3165.348876953125), (1, 3201.665283203125)]","[(0, 6116.400390625), (1, 3812.1689453125)]","[(0, 5559.97705078125), (1, 5465.3740234375)]","[(0, 2740.845703125), (1, 2643.552734375)]","[(0, 2384.205810546875), (1, 1745.467041015625)]","[(0, 2072.30224609375), (1, 2026.1409912109375)]","[(0, 1205.5548095703125), (1, 1387.7801513671875)]","[(0, 939.0575561523438), (1, 1121.7432861328125)]"
352,"[(0, 1326.35498046875), (1, 1634.9761962890625)]","[(0, 2119.257568359375), (1, 2264.462890625)]","[(0, 2376.629150390625), (1, 2646.150634765625)]","[(0, 3009.84423828125), (1, 2563.12353515625)]","[(0, 3037.819091796875), (1, 1844.2532958984375)]","[(0, 3442.575927734375), (1, 3449.408203125)]","[(0, 3717.47705078125), (1, 3779.4482421875)]","[(0, 2465.501708984375), (1, 3186.237548828125)]","[(0, 3150.919189453125), (1, 3031.700927734375)]","[(0, 1540.8673095703125), (1, 1497.2025146484375)]","[(0, 2367.502685546875), (1, 2363.750732421875)]"
353,"[(0, 2241.94775390625), (1, 3078.993896484375)]","[(0, 1567.386474609375), (1, 2163.171630859375)]","[(0, 9671.927734375), (1, 9394.2216796875)]","[(0, 2659.204345703125), (1, 2573.63623046875)]","[(0, 2803.3369140625), (1, 1702.1195068359375)]","[(0, 6314.408203125), (1, 6124.8935546875)]","[(0, 6149.7685546875), (1, 6314.7216796875)]","[(0, 2186.26318359375), (1, 1716.7960205078125)]","[(0, 1952.2481689453125), (1, 2798.097900390625)]","[(0, 668.7244262695312), (1, 742.163818359375)]","[(0, 1010.3380737304688), (1, 1227.1376953125)]"
354,"[(0, 1810.4027099609375), (1, 2247.888671875)]","[(0, 2305.448486328125), (1, 3448.927978515625)]","[(0, 4251.52880859375), (1, 3947.77978515625)]","[(0, 1734.289306640625), (1, 1751.671142578125)]","[(0, 1110.283447265625), (1, 976.260009765625)]","[(0, 6815.69580078125), (1, 6761.54052734375)]","[(0, 6987.12060546875), (1, 7276.36328125)]","[(0, 1386.436279296875), (1, 1065.6383056640625)]","[(0, 1931.056640625), (1, 2094.836181640625)]","[(0, 2305.58056640625), (1, 2004.51708984375)]","[(0, 1780.73291015625), (1, 2116.098876953125)]"
355,"[(0, 1276.6322021484375), (1, 1600.24267578125)]","[(0, 1913.156005859375), (1, 2538.805419921875)]","[(0, 6075.34033203125), (1, 6122.94287109375)]","[(0, 3207.007080078125), (1, 3124.219970703125)]","[(0, 1173.9669189453125), (1, 1014.361572265625)]","[(0, 6808.88720703125), (1, 6822.712890625)]","[(0, 7062.09716796875), (1, 6457.98876953125)]","[(0, 2070.0869140625), (1, 2481.869140625)]","[(0, 2586.192626953125), (1, 2749.7998046875)]","[(0, 3601.435791015625), (1, 4132.541015625)]","[(0, 1220.475830078125), (1, 1256.400146484375)]"
356,"[(0, 2369.142333984375), (1, 3004.939697265625)]","[(0, 1398.1112060546875), (1, 1595.0936279296875)]","[(0, 2078.070068359375), (1, 2264.666015625)]","[(0, 1895.8631591796875), (1, 1994.9766845703125)]","[(0, 4633.9150390625), (1, 2771.101318359375)]","[(0, 3589.66748046875), (1, 3613.01513671875)]","[(0, 6291.794921875), (1, 5995.6279296875)]","[(0, 923.0565795898438), (1, 1036.3477783203125)]","[(0, 1397.1055908203125), (1, 1130.7418212890625)]","[(0, 2967.91357421875), (1, 3038.575439453125)]","[(0, 1133.5755615234375), (1, 1370.7894287109375)]"
357,"[(0, 1218.3297119140625), (1, 1570.3258056640625)]","[(0, 1768.7236328125), (1, 2123.736083984375)]","[(0, 2419.02197265625), (1, 2181.445068359375)]","[(0, 1016.9909057617188), (1, 1074.9957275390625)]","[(0, 2055.554931640625), (1, 1410.8658447265625)]","[(0, 3901.061279296875), (1, 3880.767578125)]","[(0, 3421.92822265625), (1, 3316.602294921875)]","[(0, 1757.949462890625), (1, 1762.6827392578125)]","[(0, 1570.3189697265625), (1, 1117.9461669921875)]","[(0, 1101.6368408203125), (1, 1052.5865478515625)]","[(0, 1817.94091796875), (1, 2216.5087890625)]"
358,"[(0, 1236.62353515625), (1, 1603.8009033203125)]","[(0, 1480.214111328125), (1, 1556.2890625)]","[(0, 1631.813232421875), (1, 1861.85009765625)]","[(0, 7514.96875), (1, 7393.69189453125)]","[(0, 977.4334106445312), (1, 852.7244873046875)]","[(0, 6131.5029296875), (1, 5952.8681640625)]","[(0, 4156.52880859375), (1, 4248.7236328125)]","[(0, 2432.48486328125), (1, 3091.926513671875)]","[(0, 2465.71923828125), (1, 2313.985107421875)]","[(0, 2565.02099609375), (1, 3180.7939453125)]","[(0, 1897.3626708984375), (1, 1882.9044189453125)]"
359,"[(0, 2134.018310546875), (1, 2694.16162109375)]","[(0, 1648.878662109375), (1, 1813.6705322265625)]","[(0, 3069.409912109375), (1, 2894.829833984375)]","[(0, 1634.314453125), (1, 1696.891845703125)]","[(0, 4227.8837890625), (1, 2799.16943359375)]","[(0, 4340.94677734375), (1, 4333.65869140625)]","[(0, 6804.51220703125), (1, 8439.0302734375)]","[(0, 1552.4622802734375), (1, 1679.70263671875)]","[(0, 2054.91796875), (1, 2051.628173828125)]","[(0, 2300.956787109375), (1, 2123.9677734375)]","[(0, 2133.647705078125), (1, 2193.212890625)]"
360,"[(0, 1478.46533203125), (1, 1965.7030029296875)]","[(0, 1349.0921630859375), (1, 1386.2000732421875)]","[(0, 1642.3375244140625), (1, 1821.097412109375)]","[(0, 2118.494873046875), (1, 2177.39501953125)]","[(0, 3448.234130859375), (1, 2296.227294921875)]","[(0, 2999.8515625), (1, 3042.2578125)]","[(0, 7120.255859375), (1, 8712.1474609375)]","[(0, 1698.0841064453125), (1, 1691.766357421875)]","[(0, 1540.841552734375), (1, 1968.2899169921875)]","[(0, 1243.9761962890625), (1, 1419.1419677734375)]","[(0, 2086.86328125), (1, 2400.978759765625)]"
361,"[(0, 1378.1549072265625), (1, 1732.8948974609375)]","[(0, 1710.7340087890625), (1, 1833.6815185546875)]","[(0, 2276.900390625), (1, 2266.70361328125)]","[(0, 2438.072509765625), (1, 2597.358642578125)]","[(0, 2557.159912109375), (1, 2228.193115234375)]","[(0, 3646.645263671875), (1, 3499.26708984375)]","[(0, 2796.877197265625), (1, 2749.764404296875)]","[(0, 2619.002197265625), (1, 1381.3768310546875)]","[(0, 4475.67333984375), (1, 4050.632080078125)]","[(0, 1694.5242919921875), (1, 1219.5677490234375)]","[(0, 2672.495849609375), (1, 2695.82568359375)]"
362,"[(0, 1623.7386474609375), (1, 2118.339111328125)]","[(0, 1421.3985595703125), (1, 1505.891845703125)]","[(0, 6958.64599609375), (1, 6819.525390625)]","[(0, 2944.884765625), (1, 2958.499267578125)]","[(0, 2009.61328125), (1, 1725.79736328125)]","[(0, 6257.76318359375), (1, 6177.92529296875)]","[(0, 4877.61962890625), (1, 4911.32470703125)]","[(0, 1672.27587890625), (1, 1441.541015625)]","[(0, 1366.602783203125), (1, 1401.6343994140625)]","[(0, 1754.6197509765625), (1, 1576.6943359375)]","[(0, 2328.140625), (1, 2356.995361328125)]"
363,"[(0, 1134.568359375), (1, 1465.47705078125)]","[(0, 1449.1318359375), (1, 1579.0771484375)]","[(0, 2800.01708984375), (1, 2786.6162109375)]","[(0, 2320.17919921875), (1, 2360.103759765625)]","[(0, 4074.369873046875), (1, 2432.94189453125)]","[(0, 2661.939453125), (1, 2706.072509765625)]","[(0, 3896.617919921875), (1, 4910.32275390625)]","[(0, 1844.10986328125), (1, 1515.7789306640625)]","[(0, 1324.0340576171875), (1, 1123.6265869140625)]","[(0, 1621.8721923828125), (1, 1866.835693359375)]","[(0, 2087.2255859375), (1, 2147.9072265625)]"
364,"[(0, 1636.764892578125), (1, 2140.838623046875)]","[(0, 2353.747314453125), (1, 2502.234130859375)]","[(0, 5604.5302734375), (1, 5081.60498046875)]","[(0, 3631.68017578125), (1, 3564.767333984375)]","[(0, 3163.3994140625), (1, 1909.1007080078125)]","[(0, 1894.8330078125), (1, 1964.4990234375)]","[(0, 2907.844482421875), (1, 3654.088134765625)]","[(0, 3339.7724609375), (1, 3198.93994140625)]","[(0, 823.944580078125), (1, 848.5167236328125)]","[(0, 1818.139404296875), (1, 2296.416748046875)]","[(0, 1661.3341064453125), (1, 1983.8531494140625)]"
365,"[(0, 2016.1246337890625), (1, 2659.909423828125)]","[(0, 2777.616455078125), (1, 3027.19970703125)]","[(0, 3611.206787109375), (1, 3220.87353515625)]","[(0, 2152.027587890625), (1, 2022.478759765625)]","[(0, 668.2283935546875), (1, 605.9915771484375)]","[(0, 3336.652587890625), (1, 3273.183349609375)]","[(0, 3832.703125), (1, 3674.979736328125)]","[(0, 1769.48291015625), (1, 1302.904541015625)]","[(0, 1976.3536376953125), (1, 2007.3302001953125)]","[(0, 1400.23486328125), (1, 1432.4613037109375)]","[(0, 1537.8504638671875), (1, 1882.4617919921875)]"
366,"[(0, 2215.494384765625), (1, 2958.5908203125)]","[(0, 2451.760498046875), (1, 2380.955322265625)]","[(0, 4706.80810546875), (1, 4540.46630859375)]","[(0, 2283.194091796875), (1, 2269.674560546875)]","[(0, 2572.37255859375), (1, 1496.24609375)]","[(0, 4410.6865234375), (1, 4293.70947265625)]","[(0, 3947.362060546875), (1, 3910.59326171875)]","[(0, 2691.22900390625), (1, 3292.236328125)]","[(0, 1342.1925048828125), (1, 808.608154296875)]","[(0, 1483.4085693359375), (1, 1207.6357421875)]","[(0, 1627.229736328125), (1, 1624.466552734375)]"
367,"[(0, 3303.139892578125), (1, 4138.21630859375)]","[(0, 2563.385986328125), (1, 2574.97900390625)]","[(0, 3259.119873046875), (1, 2736.7685546875)]","[(0, 1949.230712890625), (1, 1936.703857421875)]","[(0, 2070.12158203125), (1, 1201.0001220703125)]","[(0, 1197.5203857421875), (1, 1239.8048095703125)]","[(0, 12553.04296875), (1, 14194.9462890625)]","[(0, 917.9720458984375), (1, 730.081298828125)]","[(0, 2773.070556640625), (1, 1440.8525390625)]","[(0, 2429.377197265625), (1, 1807.815673828125)]","[(0, 1770.2239990234375), (1, 1840.4564208984375)]"
368,"[(0, 1102.5054931640625), (1, 1377.5845947265625)]","[(0, 2858.562255859375), (1, 3247.519287109375)]","[(0, 2888.360595703125), (1, 2632.453125)]","[(0, 2807.92431640625), (1, 2590.02490234375)]","[(0, 3149.996826171875), (1, 2108.967041015625)]","[(0, 4615.17578125), (1, 4732.60302734375)]","[(0, 9068.6474609375), (1, 10534.5634765625)]","[(0, 1363.761962890625), (1, 1343.8792724609375)]","[(0, 3837.706787109375), (1, 4377.43505859375)]","[(0, 1341.725341796875), (1, 1064.083984375)]","[(0, 1713.2255859375), (1, 1767.5518798828125)]"
369,"[(0, 1614.580322265625), (1, 2093.445068359375)]","[(0, 3924.97412109375), (1, 4758.66259765625)]","[(0, 2304.111083984375), (1, 2460.093994140625)]","[(0, 2179.8623046875), (1, 2061.767822265625)]","[(0, 2363.301025390625), (1, 1610.11572265625)]","[(0, 2217.125244140625), (1, 2104.9052734375)]","[(0, 3508.148681640625), (1, 3406.452392578125)]","[(0, 1420.3077392578125), (1, 1044.416259765625)]","[(0, 2161.953857421875), (1, 1735.6263427734375)]","[(0, 2514.564697265625), (1, 2018.767333984375)]","[(0, 2498.620361328125), (1, 2495.4541015625)]"
370,"[(0, 1724.2213134765625), (1, 2272.212890625)]","[(0, 3048.141845703125), (1, 3148.4892578125)]","[(0, 3913.902587890625), (1, 3558.028564453125)]","[(0, 3382.3681640625), (1, 3501.063232421875)]","[(0, 1701.920654296875), (1, 1511.1939697265625)]","[(0, 2560.437255859375), (1, 2572.649658203125)]","[(0, 2702.677001953125), (1, 2680.076171875)]","[(0, 1145.237548828125), (1, 967.6092529296875)]","[(0, 1452.70654296875), (1, 935.0593872070312)]","[(0, 1221.9700927734375), (1, 1833.4716796875)]","[(0, 1459.479736328125), (1, 1728.08251953125)]"
371,"[(0, 1711.2593994140625), (1, 2250.52490234375)]","[(0, 2663.96728515625), (1, 2808.19873046875)]","[(0, 2887.556396484375), (1, 2667.030517578125)]","[(0, 3415.4306640625), (1, 3344.834228515625)]","[(0, 5262.25830078125), (1, 3257.591064453125)]","[(0, 5240.478515625), (1, 5369.73779296875)]","[(0, 5858.22509765625), (1, 6529.2861328125)]","[(0, 867.947265625), (1, 832.3045043945312)]","[(0, 1523.288330078125), (1, 1522.997802734375)]","[(0, 679.604248046875), (1, 687.1209106445312)]","[(0, 2161.736328125), (1, 2168.394287109375)]"
372,"[(0, 1794.6685791015625), (1, 2292.013427734375)]","[(0, 944.9395141601562), (1, 1151.7694091796875)]","[(0, 2484.317626953125), (1, 2143.196044921875)]","[(0, 2646.21142578125), (1, 2708.92041015625)]","[(0, 3307.49609375), (1, 2211.376220703125)]","[(0, 5057.658203125), (1, 5273.37109375)]","[(0, 6361.33642578125), (1, 7016.98974609375)]","[(0, 1476.0078125), (1, 1799.592529296875)]","[(0, 1700.264404296875), (1, 1765.17919921875)]","[(0, 1715.1798095703125), (1, 1534.082275390625)]","[(0, 1959.200439453125), (1, 1960.7529296875)]"
373,"[(0, 1485.9947509765625), (1, 1948.658203125)]","[(0, 2040.66259765625), (1, 2216.612548828125)]","[(0, 3015.85498046875), (1, 2400.16943359375)]","[(0, 2218.38671875), (1, 2341.193603515625)]","[(0, 1843.5111083984375), (1, 1603.0570068359375)]","[(0, 5353.8759765625), (1, 5149.017578125)]","[(0, 3277.109619140625), (1, 3127.895751953125)]","[(0, 640.2472534179688), (1, 887.5722045898438)]","[(0, 775.4073486328125), (1, 1071.896484375)]","[(0, 1754.560302734375), (1, 1339.5384521484375)]","[(0, 2472.358154296875), (1, 2563.965576171875)]"
374,"[(0, 1548.7440185546875), (1, 1933.2706298828125)]","[(0, 1026.5113525390625), (1, 1015.3211059570312)]","[(0, 5227.00146484375), (1, 5209.17578125)]","[(0, 2708.448974609375), (1, 2814.840087890625)]","[(0, 3430.0703125), (1, 2157.517578125)]","[(0, 4882.17578125), (1, 4759.8154296875)]","[(0, 2127.86767578125), (1, 2155.72998046875)]","[(0, 2466.53173828125), (1, 1401.747314453125)]","[(0, 605.5057373046875), (1, 515.0164184570312)]","[(0, 1157.2789306640625), (1, 902.1131591796875)]","[(0, 2795.554443359375), (1, 2831.179443359375)]"
375,"[(0, 2312.8896484375), (1, 2888.21875)]","[(0, 1501.6619873046875), (1, 1594.5048828125)]","[(0, 5397.29248046875), (1, 4790.76904296875)]","[(0, 2955.0703125), (1, 2956.233154296875)]","[(0, 2176.267822265625), (1, 1829.4178466796875)]","[(0, 6581.9267578125), (1, 6544.8466796875)]","[(0, 6856.98486328125), (1, 9119.982421875)]","[(0, 972.7730102539062), (1, 808.7011108398438)]","[(0, 1844.014892578125), (1, 1878.70263671875)]","[(0, 1677.0152587890625), (1, 1998.9246826171875)]","[(0, 2540.7080078125), (1, 2574.55322265625)]"
376,"[(0, 1845.5120849609375), (1, 2519.950439453125)]","[(0, 1298.7705078125), (1, 1233.2952880859375)]","[(0, 7776.8759765625), (1, 7677.21826171875)]","[(0, 2275.4189453125), (1, 2381.854736328125)]","[(0, 1791.51025390625), (1, 1555.384033203125)]","[(0, 2726.903564453125), (1, 2836.77783203125)]","[(0, 5262.4990234375), (1, 6211.41015625)]","[(0, 1276.159912109375), (1, 1010.681640625)]","[(0, 1999.427001953125), (1, 1449.6224365234375)]","[(0, 1296.133056640625), (1, 1709.9404296875)]","[(0, 1725.9462890625), (1, 1762.9559326171875)]"
377,"[(0, 2551.677490234375), (1, 3257.9326171875)]","[(0, 1579.13134765625), (1, 1593.1385498046875)]","[(0, 4160.4072265625), (1, 3738.00341796875)]","[(0, 4681.48291015625), (1, 4974.46728515625)]","[(0, 3340.603759765625), (1, 1926.425048828125)]","[(0, 5079.57470703125), (1, 4967.07177734375)]","[(0, 3469.827880859375), (1, 3356.69287109375)]","[(0, 1662.3895263671875), (1, 1617.8941650390625)]","[(0, 1758.740966796875), (1, 2312.39453125)]","[(0, 838.2672729492188), (1, 1153.2647705078125)]","[(0, 824.244384765625), (1, 1010.5422973632812)]"
378,"[(0, 1313.083984375), (1, 1734.8907470703125)]","[(0, 2577.134765625), (1, 2447.890380859375)]","[(0, 4175.11376953125), (1, 3657.494384765625)]","[(0, 2822.203857421875), (1, 2505.345458984375)]","[(0, 3096.382080078125), (1, 1902.514892578125)]","[(0, 5300.14794921875), (1, 5233.037109375)]","[(0, 5972.15087890625), (1, 6054.07275390625)]","[(0, 2142.818115234375), (1, 1860.29541015625)]","[(0, 1269.50146484375), (1, 1332.0091552734375)]","[(0, 1813.0816650390625), (1, 1862.5400390625)]","[(0, 1190.9273681640625), (1, 1431.7552490234375)]"
379,"[(0, 1138.742919921875), (1, 1440.5228271484375)]","[(0, 2814.20947265625), (1, 3326.13671875)]","[(0, 4771.0), (1, 4272.828125)]","[(0, 1614.63427734375), (1, 1692.3714599609375)]","[(0, 2994.726318359375), (1, 1833.2548828125)]","[(0, 2467.5234375), (1, 2449.356689453125)]","[(0, 4390.3828125), (1, 4955.5078125)]","[(0, 1821.2353515625), (1, 1843.7178955078125)]","[(0, 945.6544189453125), (1, 1243.968505859375)]","[(0, 826.2930297851562), (1, 1501.8516845703125)]","[(0, 1652.7735595703125), (1, 1711.083251953125)]"
380,"[(0, 1762.6474609375), (1, 2340.384521484375)]","[(0, 2420.904052734375), (1, 2570.2734375)]","[(0, 2941.123779296875), (1, 2328.32177734375)]","[(0, 2115.06982421875), (1, 2105.974365234375)]","[(0, 857.7576904296875), (1, 759.089111328125)]","[(0, 4908.75439453125), (1, 4956.33984375)]","[(0, 5330.00341796875), (1, 6076.09912109375)]","[(0, 1391.7457275390625), (1, 1364.5244140625)]","[(0, 1550.6158447265625), (1, 1638.348388671875)]","[(0, 1209.4468994140625), (1, 1006.7720336914062)]","[(0, 2177.24560546875), (1, 2518.033447265625)]"
381,"[(0, 1547.50537109375), (1, 2030.8804931640625)]","[(0, 1446.858154296875), (1, 1448.118408203125)]","[(0, 2967.1806640625), (1, 2855.533935546875)]","[(0, 3207.441162109375), (1, 3125.587646484375)]","[(0, 938.8765869140625), (1, 833.0997924804688)]","[(0, 4960.37353515625), (1, 4852.4677734375)]","[(0, 6899.931640625), (1, 6748.7783203125)]","[(0, 2273.500244140625), (1, 1598.9552001953125)]","[(0, 2128.74365234375), (1, 2039.18994140625)]","[(0, 960.015625), (1, 974.81982421875)]","[(0, 1932.6658935546875), (1, 1989.2041015625)]"
382,"[(0, 1608.3868408203125), (1, 2157.22021484375)]","[(0, 1657.4979248046875), (1, 1888.10986328125)]","[(0, 2646.45361328125), (1, 2667.554443359375)]","[(0, 2807.10498046875), (1, 2854.8828125)]","[(0, 5082.3466796875), (1, 3275.206787109375)]","[(0, 3958.833984375), (1, 4029.24169921875)]","[(0, 4895.06640625), (1, 4928.45068359375)]","[(0, 2070.40283203125), (1, 1743.893798828125)]","[(0, 1730.9169921875), (1, 1085.0877685546875)]","[(0, 1796.4786376953125), (1, 1698.3642578125)]","[(0, 2738.3466796875), (1, 2797.4375)]"
383,"[(0, 2277.95703125), (1, 3164.82666015625)]","[(0, 2223.8603515625), (1, 2648.609619140625)]","[(0, 3078.353759765625), (1, 2689.87158203125)]","[(0, 2627.592041015625), (1, 2626.062744140625)]","[(0, 3281.22802734375), (1, 2113.122314453125)]","[(0, 5579.31103515625), (1, 5558.52392578125)]","[(0, 5567.82958984375), (1, 5767.06640625)]","[(0, 1748.2432861328125), (1, 1559.8262939453125)]","[(0, 825.1956787109375), (1, 738.38232421875)]","[(0, 2136.196044921875), (1, 1859.081298828125)]","[(0, 2671.359130859375), (1, 2785.14453125)]"
384,"[(0, 1489.582275390625), (1, 1940.5899658203125)]","[(0, 1823.16357421875), (1, 1946.1427001953125)]","[(0, 2510.686279296875), (1, 2302.838134765625)]","[(0, 2305.805908203125), (1, 2320.1845703125)]","[(0, 1479.8936767578125), (1, 1278.4622802734375)]","[(0, 4153.9609375), (1, 4303.8232421875)]","[(0, 5890.14599609375), (1, 6631.1650390625)]","[(0, 1501.9927978515625), (1, 1911.828125)]","[(0, 2064.6357421875), (1, 1894.46337890625)]","[(0, 998.2159423828125), (1, 1536.0263671875)]","[(0, 2228.810546875), (1, 2275.49169921875)]"
385,"[(0, 1549.9400634765625), (1, 1970.273193359375)]","[(0, 1168.912841796875), (1, 1197.714599609375)]","[(0, 2032.052734375), (1, 1800.53076171875)]","[(0, 3898.026611328125), (1, 3639.099609375)]","[(0, 1606.7547607421875), (1, 1405.484619140625)]","[(0, 2982.027099609375), (1, 2852.5859375)]","[(0, 3039.876953125), (1, 3030.397216796875)]","[(0, 1132.065673828125), (1, 986.7646484375)]","[(0, 982.4874877929688), (1, 1018.2666015625)]","[(0, 2422.98046875), (1, 3228.8173828125)]","[(0, 1787.831298828125), (1, 2095.41162109375)]"
386,"[(0, 1316.43359375), (1, 1650.715576171875)]","[(0, 463.1634826660156), (1, 389.6090087890625)]","[(0, 4087.43896484375), (1, 3539.216064453125)]","[(0, 1846.540283203125), (1, 1858.809326171875)]","[(0, 3901.868408203125), (1, 2324.633056640625)]","[(0, 2140.3232421875), (1, 2139.984619140625)]","[(0, 3469.119873046875), (1, 3580.456787109375)]","[(0, 1505.3310546875), (1, 1966.1268310546875)]","[(0, 1999.7845458984375), (1, 1708.1151123046875)]","[(0, 1452.8492431640625), (1, 1410.1885986328125)]","[(0, 1274.66015625), (1, 1533.3114013671875)]"
387,"[(0, 1366.7689208984375), (1, 1825.142333984375)]","[(0, 1050.6685791015625), (1, 1444.45849609375)]","[(0, 2031.223388671875), (1, 1917.5343017578125)]","[(0, 3671.189453125), (1, 3501.570556640625)]","[(0, 3288.423828125), (1, 1921.6771240234375)]","[(0, 4472.75537109375), (1, 4518.26806640625)]","[(0, 5100.96826171875), (1, 6040.42822265625)]","[(0, 1351.74267578125), (1, 1501.0362548828125)]","[(0, 964.763427734375), (1, 1064.732177734375)]","[(0, 1553.732421875), (1, 1798.8985595703125)]","[(0, 2324.008056640625), (1, 2334.915771484375)]"
388,"[(0, 1389.9139404296875), (1, 1822.82275390625)]","[(0, 1437.89501953125), (1, 2117.63427734375)]","[(0, 5518.49267578125), (1, 5218.35986328125)]","[(0, 5312.814453125), (1, 5196.35009765625)]","[(0, 1094.9637451171875), (1, 959.4696655273438)]","[(0, 5651.58544921875), (1, 5904.67919921875)]","[(0, 4077.394287109375), (1, 4611.17236328125)]","[(0, 1540.062255859375), (1, 1653.7384033203125)]","[(0, 998.2049560546875), (1, 1088.3607177734375)]","[(0, 2887.915771484375), (1, 2605.944580078125)]","[(0, 2104.77880859375), (1, 2127.125)]"
389,"[(0, 1611.8133544921875), (1, 2013.4969482421875)]","[(0, 1251.204833984375), (1, 1648.614501953125)]","[(0, 2050.585693359375), (1, 2131.999267578125)]","[(0, 6380.77294921875), (1, 6479.45751953125)]","[(0, 936.6609497070312), (1, 824.486083984375)]","[(0, 4503.439453125), (1, 4333.34912109375)]","[(0, 4811.2353515625), (1, 4936.47998046875)]","[(0, 1333.178955078125), (1, 1108.289306640625)]","[(0, 1057.6287841796875), (1, 1254.759765625)]","[(0, 1671.1160888671875), (1, 1708.6673583984375)]","[(0, 1409.1453857421875), (1, 1687.957275390625)]"
390,"[(0, 1900.084228515625), (1, 2522.89013671875)]","[(0, 958.051025390625), (1, 1149.6343994140625)]","[(0, 4073.9462890625), (1, 3921.28125)]","[(0, 5138.8779296875), (1, 5117.369140625)]","[(0, 7253.3681640625), (1, 4499.580078125)]","[(0, 3313.020751953125), (1, 3201.52490234375)]","[(0, 5142.40771484375), (1, 5372.6474609375)]","[(0, 1654.320556640625), (1, 1617.662841796875)]","[(0, 935.1102294921875), (1, 1321.43603515625)]","[(0, 1070.72314453125), (1, 1371.4930419921875)]","[(0, 1585.085205078125), (1, 1570.68896484375)]"
391,"[(0, 2260.6005859375), (1, 3101.47119140625)]","[(0, 530.204345703125), (1, 646.3508911132812)]","[(0, 1190.921630859375), (1, 1089.921875)]","[(0, 1757.2916259765625), (1, 1770.273681640625)]","[(0, 5974.62841796875), (1, 3721.2685546875)]","[(0, 5687.38916015625), (1, 5826.99462890625)]","[(0, 3425.82373046875), (1, 3263.626708984375)]","[(0, 2407.63525390625), (1, 2641.0693359375)]","[(0, 2043.33154296875), (1, 2558.926025390625)]","[(0, 1273.1246337890625), (1, 1248.7562255859375)]","[(0, 2799.63916015625), (1, 2747.55615234375)]"
392,"[(0, 1679.7498779296875), (1, 2215.338134765625)]","[(0, 625.654296875), (1, 815.18408203125)]","[(0, 3830.240478515625), (1, 3582.468505859375)]","[(0, 3664.082275390625), (1, 3878.576904296875)]","[(0, 5701.66650390625), (1, 3454.309814453125)]","[(0, 5991.0439453125), (1, 6314.986328125)]","[(0, 1737.129150390625), (1, 1826.7408447265625)]","[(0, 1258.01513671875), (1, 1083.1063232421875)]","[(0, 766.1693115234375), (1, 922.6900634765625)]","[(0, 881.3905029296875), (1, 1311.94677734375)]","[(0, 2347.704345703125), (1, 2784.74462890625)]"
393,"[(0, 1389.5010986328125), (1, 1812.9105224609375)]","[(0, 648.3824462890625), (1, 810.4076538085938)]","[(0, 2935.99267578125), (1, 2700.7138671875)]","[(0, 3333.475341796875), (1, 3400.05224609375)]","[(0, 5427.9794921875), (1, 3348.753662109375)]","[(0, 6240.212890625), (1, 6088.66357421875)]","[(0, 2549.220703125), (1, 2548.62890625)]","[(0, 2478.691162109375), (1, 1941.4581298828125)]","[(0, 1583.8385009765625), (1, 1975.5037841796875)]","[(0, 2106.680419921875), (1, 2209.743408203125)]","[(0, 3140.751953125), (1, 3154.4609375)]"
394,"[(0, 2357.643798828125), (1, 2995.4033203125)]","[(0, 677.1677856445312), (1, 674.5698852539062)]","[(0, 3783.822998046875), (1, 3538.81103515625)]","[(0, 2255.150634765625), (1, 2387.470947265625)]","[(0, 3148.83447265625), (1, 2684.117431640625)]","[(0, 7723.689453125), (1, 7666.4990234375)]","[(0, 3283.055908203125), (1, 3418.0078125)]","[(0, 2073.1669921875), (1, 1689.46240234375)]","[(0, 2540.314453125), (1, 3292.30224609375)]","[(0, 1305.0765380859375), (1, 1655.068603515625)]","[(0, 1303.3575439453125), (1, 1544.2559814453125)]"
395,"[(0, 1514.3953857421875), (1, 1927.6710205078125)]","[(0, 1355.3692626953125), (1, 1424.84033203125)]","[(0, 2986.162353515625), (1, 2874.117431640625)]","[(0, 2120.1630859375), (1, 1993.726318359375)]","[(0, 2452.090087890625), (1, 1743.4456787109375)]","[(0, 7662.2744140625), (1, 7792.2802734375)]","[(0, 4234.1376953125), (1, 4053.194091796875)]","[(0, 1294.947509765625), (1, 1126.551513671875)]","[(0, 2686.84619140625), (1, 2256.639404296875)]","[(0, 1734.061279296875), (1, 1724.923583984375)]","[(0, 2195.079345703125), (1, 2238.880615234375)]"
396,"[(0, 1627.12109375), (1, 2128.84814453125)]","[(0, 1899.810791015625), (1, 2108.848388671875)]","[(0, 1860.703369140625), (1, 1668.54345703125)]","[(0, 3177.6982421875), (1, 3187.6904296875)]","[(0, 2636.376220703125), (1, 1814.7008056640625)]","[(0, 3892.732666015625), (1, 4024.517822265625)]","[(0, 5484.82373046875), (1, 5651.80078125)]","[(0, 970.8207397460938), (1, 764.7243041992188)]","[(0, 1122.565673828125), (1, 1030.7984619140625)]","[(0, 3872.076416015625), (1, 2068.327880859375)]","[(0, 2323.492919921875), (1, 2621.242431640625)]"
397,"[(0, 1228.9388427734375), (1, 1525.791259765625)]","[(0, 1557.99169921875), (1, 1484.9385986328125)]","[(0, 1052.7994384765625), (1, 929.0222778320312)]","[(0, 2173.951904296875), (1, 2215.10693359375)]","[(0, 1521.059326171875), (1, 1356.608642578125)]","[(0, 3706.881103515625), (1, 3564.658447265625)]","[(0, 3296.6884765625), (1, 3388.263427734375)]","[(0, 814.435791015625), (1, 667.3285522460938)]","[(0, 1636.9263916015625), (1, 1601.712158203125)]","[(0, 1593.2479248046875), (1, 1867.5888671875)]","[(0, 3207.79931640625), (1, 3242.889404296875)]"
398,"[(0, 1975.281494140625), (1, 2605.154541015625)]","[(0, 1480.80419921875), (1, 1477.3104248046875)]","[(0, 2653.80810546875), (1, 2520.510498046875)]","[(0, 2939.981201171875), (1, 3002.943115234375)]","[(0, 2254.4990234375), (1, 1929.3944091796875)]","[(0, 2836.613037109375), (1, 2812.1142578125)]","[(0, 3276.815673828125), (1, 3276.681396484375)]","[(0, 992.4967041015625), (1, 1242.9747314453125)]","[(0, 3280.5458984375), (1, 3021.67333984375)]","[(0, 2139.892822265625), (1, 1778.8175048828125)]","[(0, 1381.8873291015625), (1, 1597.37548828125)]"
399,"[(0, 2203.489013671875), (1, 2884.32373046875)]","[(0, 568.7782592773438), (1, 620.7667236328125)]","[(0, 3244.0927734375), (1, 3007.25927734375)]","[(0, 1558.5667724609375), (1, 1603.8529052734375)]","[(0, 4930.67919921875), (1, 2978.0029296875)]","[(0, 4491.73828125), (1, 4557.9326171875)]","[(0, 4464.2490234375), (1, 4445.7509765625)]","[(0, 763.6009521484375), (1, 833.6768188476562)]","[(0, 2783.714599609375), (1, 2118.999755859375)]","[(0, 2430.496337890625), (1, 2345.900634765625)]","[(0, 926.244873046875), (1, 1133.2291259765625)]"
400,"[(0, 1936.9151611328125), (1, 2528.41796875)]","[(0, 491.2571105957031), (1, 429.17401123046875)]","[(0, 1535.23046875), (1, 1565.603515625)]","[(0, 2513.96142578125), (1, 2625.61328125)]","[(0, 3683.773193359375), (1, 2250.43701171875)]","[(0, 1231.7861328125), (1, 1262.21826171875)]","[(0, 4258.45166015625), (1, 4195.74169921875)]","[(0, 2167.655029296875), (1, 2241.8984375)]","[(0, 706.5438232421875), (1, 625.103515625)]","[(0, 1690.9791259765625), (1, 1794.730224609375)]","[(0, 2586.570068359375), (1, 3038.6708984375)]"
401,"[(0, 1468.8946533203125), (1, 1970.3436279296875)]","[(0, 837.7682495117188), (1, 744.8160400390625)]","[(0, 3601.950927734375), (1, 3020.590087890625)]","[(0, 1952.31982421875), (1, 1956.4351806640625)]","[(0, 2712.332763671875), (1, 2276.84814453125)]","[(0, 2972.18505859375), (1, 2867.438720703125)]","[(0, 2233.037841796875), (1, 2220.355224609375)]","[(0, 1268.9791259765625), (1, 1169.1932373046875)]","[(0, 1289.421142578125), (1, 1516.73974609375)]","[(0, 993.6137084960938), (1, 1462.21728515625)]","[(0, 3509.03515625), (1, 3513.150634765625)]"
402,"[(0, 1254.48388671875), (1, 1633.183349609375)]","[(0, 1118.44091796875), (1, 1052.56103515625)]","[(0, 3695.51513671875), (1, 3363.65625)]","[(0, 3108.595947265625), (1, 2817.887451171875)]","[(0, 2044.30126953125), (1, 1723.3287353515625)]","[(0, 2343.423095703125), (1, 2354.234375)]","[(0, 2123.337890625), (1, 2099.838623046875)]","[(0, 1225.1754150390625), (1, 1326.615478515625)]","[(0, 1318.49365234375), (1, 1727.2503662109375)]","[(0, 1921.8924560546875), (1, 1806.4368896484375)]","[(0, 1330.8536376953125), (1, 1574.2880859375)]"
403,"[(0, 2124.95166015625), (1, 2797.454833984375)]","[(0, 1045.2557373046875), (1, 912.9124145507812)]","[(0, 6065.33642578125), (1, 5831.29150390625)]","[(0, 2302.886474609375), (1, 2348.185791015625)]","[(0, 5288.5703125), (1, 3304.920166015625)]","[(0, 4561.01123046875), (1, 4719.5595703125)]","[(0, 5021.83740234375), (1, 4812.12158203125)]","[(0, 1593.9188232421875), (1, 1620.8192138671875)]","[(0, 938.838134765625), (1, 643.1357421875)]","[(0, 1107.353759765625), (1, 1399.886474609375)]","[(0, 1257.0706787109375), (1, 1487.073486328125)]"
404,"[(0, 1870.055419921875), (1, 2360.409912109375)]","[(0, 1277.3319091796875), (1, 1183.167236328125)]","[(0, 3845.671630859375), (1, 3928.498046875)]","[(0, 5418.26220703125), (1, 5469.55615234375)]","[(0, 4127.35009765625), (1, 2613.336181640625)]","[(0, 5632.9140625), (1, 5508.98583984375)]","[(0, 6258.29443359375), (1, 6386.1787109375)]","[(0, 1822.9078369140625), (1, 1591.3626708984375)]","[(0, 604.7901000976562), (1, 570.9142456054688)]","[(0, 1916.012451171875), (1, 1349.95703125)]","[(0, 1758.900390625), (1, 2070.001220703125)]"
405,"[(0, 2019.25341796875), (1, 2752.515380859375)]","[(0, 1082.3773193359375), (1, 1510.9886474609375)]","[(0, 7052.654296875), (1, 7052.7353515625)]","[(0, 4299.01513671875), (1, 4450.08154296875)]","[(0, 4201.7080078125), (1, 3699.873779296875)]","[(0, 2662.6591796875), (1, 2664.911376953125)]","[(0, 9041.4453125), (1, 9432.1494140625)]","[(0, 1800.1983642578125), (1, 1605.82568359375)]","[(0, 2306.58349609375), (1, 2297.00048828125)]","[(0, 2419.92431640625), (1, 2222.27001953125)]","[(0, 2506.96337890625), (1, 2598.137939453125)]"
406,"[(0, 2484.09619140625), (1, 3205.6953125)]","[(0, 1497.8209228515625), (1, 2276.47607421875)]","[(0, 3590.598876953125), (1, 3473.13525390625)]","[(0, 3570.564697265625), (1, 3752.358154296875)]","[(0, 1503.896240234375), (1, 930.5922241210938)]","[(0, 3461.40966796875), (1, 3415.9287109375)]","[(0, 12026.3291015625), (1, 12633.123046875)]","[(0, 2961.440673828125), (1, 2340.997314453125)]","[(0, 2014.0213623046875), (1, 1992.7757568359375)]","[(0, 1024.700439453125), (1, 1047.0615234375)]","[(0, 1448.6453857421875), (1, 1719.869384765625)]"
407,"[(0, 1385.1998291015625), (1, 1739.8406982421875)]","[(0, 1268.74072265625), (1, 1729.5654296875)]","[(0, 1296.9892578125), (1, 1201.4898681640625)]","[(0, 5214.14111328125), (1, 5269.30859375)]","[(0, 551.2025146484375), (1, 467.23370361328125)]","[(0, 5752.66943359375), (1, 5918.767578125)]","[(0, 3396.53271484375), (1, 3577.958251953125)]","[(0, 968.0172119140625), (1, 987.1340942382812)]","[(0, 1089.3372802734375), (1, 1504.6407470703125)]","[(0, 1704.21240234375), (1, 1803.4228515625)]","[(0, 1486.853759765625), (1, 1753.4647216796875)]"
408,"[(0, 2219.82568359375), (1, 2786.83154296875)]","[(0, 1043.9217529296875), (1, 1341.30126953125)]","[(0, 2048.521484375), (1, 1739.8065185546875)]","[(0, 3518.56591796875), (1, 3384.44287109375)]","[(0, 730.9458618164062), (1, 617.6549682617188)]","[(0, 4336.92919921875), (1, 4185.251953125)]","[(0, 3128.262451171875), (1, 3290.673095703125)]","[(0, 1930.956298828125), (1, 1429.337646484375)]","[(0, 2034.30859375), (1, 1646.0269775390625)]","[(0, 1846.71630859375), (1, 1053.86376953125)]","[(0, 1985.771728515625), (1, 2009.6248779296875)]"
409,"[(0, 1480.8487548828125), (1, 1924.964111328125)]","[(0, 1449.9281005859375), (1, 2019.0946044921875)]","[(0, 1672.544677734375), (1, 1688.9364013671875)]","[(0, 931.2562866210938), (1, 932.1915283203125)]","[(0, 3004.784912109375), (1, 1719.2470703125)]","[(0, 3838.270263671875), (1, 3817.636962890625)]","[(0, 3283.159423828125), (1, 3252.884765625)]","[(0, 2070.19775390625), (1, 2593.66552734375)]","[(0, 2131.267333984375), (1, 2884.633544921875)]","[(0, 1506.4656982421875), (1, 1562.4793701171875)]","[(0, 1054.009033203125), (1, 1261.722412109375)]"
410,"[(0, 1374.192138671875), (1, 1826.1407470703125)]","[(0, 1254.859619140625), (1, 1554.128173828125)]","[(0, 3079.968994140625), (1, 2867.785888671875)]","[(0, 3698.26171875), (1, 3951.55029296875)]","[(0, 1985.57568359375), (1, 1567.004638671875)]","[(0, 7299.2919921875), (1, 7227.12255859375)]","[(0, 4894.921875), (1, 5140.27978515625)]","[(0, 1051.4749755859375), (1, 859.1243896484375)]","[(0, 1053.959228515625), (1, 1432.3541259765625)]","[(0, 1857.531494140625), (1, 1336.001953125)]","[(0, 1038.2491455078125), (1, 1248.4210205078125)]"
411,"[(0, 1908.327880859375), (1, 2544.27099609375)]","[(0, 937.5801391601562), (1, 1060.9371337890625)]","[(0, 2410.939453125), (1, 2198.642333984375)]","[(0, 3178.607421875), (1, 3214.48779296875)]","[(0, 3606.625732421875), (1, 2206.28662109375)]","[(0, 2813.97216796875), (1, 2918.546142578125)]","[(0, 1694.388427734375), (1, 1720.68798828125)]","[(0, 1592.8529052734375), (1, 1459.7330322265625)]","[(0, 1083.25146484375), (1, 1028.187255859375)]","[(0, 1399.65283203125), (1, 1308.6048583984375)]","[(0, 1134.9178466796875), (1, 1379.6177978515625)]"
412,"[(0, 1685.9688720703125), (1, 2246.236572265625)]","[(0, 761.228759765625), (1, 706.6408081054688)]","[(0, 3915.03759765625), (1, 3692.087646484375)]","[(0, 2233.9560546875), (1, 2258.533935546875)]","[(0, 2461.67333984375), (1, 1642.8184814453125)]","[(0, 6261.369140625), (1, 6155.48388671875)]","[(0, 2647.555419921875), (1, 2667.65380859375)]","[(0, 1359.8450927734375), (1, 1455.6854248046875)]","[(0, 1854.869140625), (1, 1687.4100341796875)]","[(0, 2673.626220703125), (1, 2112.333740234375)]","[(0, 3375.237060546875), (1, 3381.900390625)]"
413,"[(0, 1589.496337890625), (1, 2102.5537109375)]","[(0, 1871.869140625), (1, 1891.5540771484375)]","[(0, 2247.32177734375), (1, 2401.91552734375)]","[(0, 2493.218017578125), (1, 2566.597900390625)]","[(0, 898.411865234375), (1, 805.7345581054688)]","[(0, 6599.6201171875), (1, 6659.44873046875)]","[(0, 2609.5419921875), (1, 4087.805419921875)]","[(0, 914.4930419921875), (1, 1479.0267333984375)]","[(0, 3060.04541015625), (1, 3188.018798828125)]","[(0, 1345.24169921875), (1, 1472.41357421875)]","[(0, 2092.9482421875), (1, 2399.8798828125)]"
414,"[(0, 1569.5052490234375), (1, 2011.2554931640625)]","[(0, 2735.187255859375), (1, 2934.050048828125)]","[(0, 2753.74951171875), (1, 2866.75927734375)]","[(0, 2313.775390625), (1, 2339.931396484375)]","[(0, 884.2678833007812), (1, 812.0365600585938)]","[(0, 1865.837890625), (1, 1896.99267578125)]","[(0, 4103.72607421875), (1, 6402.6376953125)]","[(0, 1633.3857421875), (1, 1479.6685791015625)]","[(0, 1668.0716552734375), (1, 1660.332275390625)]","[(0, 1463.4156494140625), (1, 1505.046142578125)]","[(0, 2475.79248046875), (1, 2456.055908203125)]"
415,"[(0, 1820.478271484375), (1, 2349.11767578125)]","[(0, 2121.727783203125), (1, 1938.8714599609375)]","[(0, 3685.737548828125), (1, 3397.98095703125)]","[(0, 1851.7327880859375), (1, 1758.0633544921875)]","[(0, 4009.73779296875), (1, 2770.794677734375)]","[(0, 4288.88037109375), (1, 4380.06982421875)]","[(0, 2763.41748046875), (1, 2653.136474609375)]","[(0, 678.3916625976562), (1, 927.8512573242188)]","[(0, 2118.703857421875), (1, 2378.443115234375)]","[(0, 1572.3623046875), (1, 2151.28564453125)]","[(0, 2215.56201171875), (1, 2581.19580078125)]"
416,"[(0, 2038.220703125), (1, 2742.150390625)]","[(0, 1561.815673828125), (1, 1483.0357666015625)]","[(0, 2297.4189453125), (1, 2200.04541015625)]","[(0, 2988.056640625), (1, 3132.33154296875)]","[(0, 3743.25830078125), (1, 2593.1142578125)]","[(0, 6037.80810546875), (1, 6117.5029296875)]","[(0, 3602.720703125), (1, 3769.484375)]","[(0, 887.3990478515625), (1, 1266.111083984375)]","[(0, 2602.81396484375), (1, 1614.891357421875)]","[(0, 2009.654541015625), (1, 2126.115234375)]","[(0, 2512.306640625), (1, 2553.614013671875)]"
417,"[(0, 1330.2559814453125), (1, 1722.8809814453125)]","[(0, 1000.7657470703125), (1, 1291.5379638671875)]","[(0, 1427.061767578125), (1, 1124.69970703125)]","[(0, 4121.3046875), (1, 4243.7509765625)]","[(0, 1612.19384765625), (1, 1438.782470703125)]","[(0, 3884.792724609375), (1, 3992.03369140625)]","[(0, 4696.24853515625), (1, 5164.46484375)]","[(0, 1906.06982421875), (1, 2628.127197265625)]","[(0, 2295.75634765625), (1, 2398.987548828125)]","[(0, 1303.8779296875), (1, 1531.521240234375)]","[(0, 2606.28271484375), (1, 2657.813720703125)]"
418,"[(0, 972.2105102539062), (1, 1247.12939453125)]","[(0, 1518.859619140625), (1, 2165.969970703125)]","[(0, 4958.7275390625), (1, 4622.86669921875)]","[(0, 1378.956298828125), (1, 1434.9183349609375)]","[(0, 1464.97119140625), (1, 1335.97705078125)]","[(0, 3907.402099609375), (1, 4020.60888671875)]","[(0, 5982.53125), (1, 6646.5693359375)]","[(0, 3000.034912109375), (1, 3325.692626953125)]","[(0, 2274.737548828125), (1, 1884.2130126953125)]","[(0, 836.7514038085938), (1, 1233.9547119140625)]","[(0, 1167.261962890625), (1, 1387.9906005859375)]"
419,"[(0, 1929.3907470703125), (1, 2530.371826171875)]","[(0, 1219.6136474609375), (1, 1524.6151123046875)]","[(0, 2190.567626953125), (1, 1971.233642578125)]","[(0, 2101.373046875), (1, 2118.042236328125)]","[(0, 2702.559814453125), (1, 1654.2740478515625)]","[(0, 4005.827880859375), (1, 3921.490966796875)]","[(0, 4483.3076171875), (1, 5149.837890625)]","[(0, 763.9348754882812), (1, 875.158447265625)]","[(0, 1409.423583984375), (1, 1439.479736328125)]","[(0, 2620.846435546875), (1, 1668.794921875)]","[(0, 1717.34033203125), (1, 1750.5380859375)]"
420,"[(0, 2096.630126953125), (1, 2693.0595703125)]","[(0, 958.620361328125), (1, 1104.184326171875)]","[(0, 1795.2266845703125), (1, 2091.788818359375)]","[(0, 3937.78515625), (1, 3994.12451171875)]","[(0, 2833.4375), (1, 1725.2459716796875)]","[(0, 5703.59130859375), (1, 5727.373046875)]","[(0, 6663.10205078125), (1, 7342.7607421875)]","[(0, 1793.8865966796875), (1, 1785.225341796875)]","[(0, 1102.1727294921875), (1, 1329.7542724609375)]","[(0, 2403.670654296875), (1, 2247.0732421875)]","[(0, 1833.65087890625), (1, 1870.9447021484375)]"
421,"[(0, 1149.367431640625), (1, 1454.691162109375)]","[(0, 588.3296508789062), (1, 510.2335205078125)]","[(0, 1889.77099609375), (1, 1624.5037841796875)]","[(0, 1946.4571533203125), (1, 2069.044189453125)]","[(0, 1645.5146484375), (1, 1380.95068359375)]","[(0, 5844.55322265625), (1, 5826.46142578125)]","[(0, 4506.79052734375), (1, 4269.88671875)]","[(0, 1949.1451416015625), (1, 2693.17138671875)]","[(0, 812.3634643554688), (1, 880.1838989257812)]","[(0, 1530.7955322265625), (1, 1687.4591064453125)]","[(0, 2412.43896484375), (1, 2449.94091796875)]"
422,"[(0, 1785.1708984375), (1, 2188.39599609375)]","[(0, 2163.809326171875), (1, 2275.538330078125)]","[(0, 1768.9075927734375), (1, 1692.8887939453125)]","[(0, 1227.0926513671875), (1, 1277.642578125)]","[(0, 6043.52783203125), (1, 3825.195556640625)]","[(0, 5758.333984375), (1, 5813.7119140625)]","[(0, 3626.3330078125), (1, 3827.97265625)]","[(0, 1450.9239501953125), (1, 2033.54443359375)]","[(0, 1093.9814453125), (1, 1331.1513671875)]","[(0, 2127.627197265625), (1, 1898.2305908203125)]","[(0, 1267.8643798828125), (1, 1431.0972900390625)]"
423,"[(0, 1316.4775390625), (1, 1692.07763671875)]","[(0, 3032.481689453125), (1, 3409.374267578125)]","[(0, 2487.789794921875), (1, 2224.98876953125)]","[(0, 1665.351318359375), (1, 1646.1134033203125)]","[(0, 4369.33154296875), (1, 2775.3935546875)]","[(0, 4384.09423828125), (1, 4266.90673828125)]","[(0, 10701.376953125), (1, 10168.818359375)]","[(0, 1342.9434814453125), (1, 1671.892333984375)]","[(0, 2594.39404296875), (1, 2522.67724609375)]","[(0, 1925.670166015625), (1, 1730.48779296875)]","[(0, 1831.1328125), (1, 1839.080810546875)]"
424,"[(0, 1392.5562744140625), (1, 1738.502197265625)]","[(0, 2367.00927734375), (1, 2270.791748046875)]","[(0, 5027.92333984375), (1, 4591.82373046875)]","[(0, 2850.278564453125), (1, 2909.841552734375)]","[(0, 2742.0), (1, 2391.364013671875)]","[(0, 5750.18408203125), (1, 5810.06494140625)]","[(0, 7900.142578125), (1, 7683.00390625)]","[(0, 1297.24169921875), (1, 1100.4791259765625)]","[(0, 1097.1190185546875), (1, 859.7288818359375)]","[(0, 2373.357421875), (1, 3669.20849609375)]","[(0, 2291.43212890625), (1, 2351.943115234375)]"
425,"[(0, 1007.0322875976562), (1, 1309.779052734375)]","[(0, 2523.039306640625), (1, 2547.29248046875)]","[(0, 4847.9814453125), (1, 4150.5830078125)]","[(0, 2559.267822265625), (1, 2365.046142578125)]","[(0, 2150.55126953125), (1, 1853.701171875)]","[(0, 6703.02490234375), (1, 6807.12158203125)]","[(0, 5610.51953125), (1, 7049.76953125)]","[(0, 2045.60986328125), (1, 1815.072998046875)]","[(0, 1189.758056640625), (1, 1710.162353515625)]","[(0, 1645.896728515625), (1, 1211.1021728515625)]","[(0, 1862.068603515625), (1, 2216.639892578125)]"
426,"[(0, 1116.6483154296875), (1, 1365.9376220703125)]","[(0, 2115.37158203125), (1, 2168.9609375)]","[(0, 3921.595458984375), (1, 3456.148681640625)]","[(0, 2504.148681640625), (1, 2545.350830078125)]","[(0, 3817.174560546875), (1, 2246.50634765625)]","[(0, 7367.26171875), (1, 7464.974609375)]","[(0, 1697.61279296875), (1, 2189.1630859375)]","[(0, 907.6321411132812), (1, 722.5758056640625)]","[(0, 1207.2349853515625), (1, 1286.5867919921875)]","[(0, 1061.8486328125), (1, 1165.6673583984375)]","[(0, 2428.4921875), (1, 2790.646728515625)]"
427,"[(0, 1517.9566650390625), (1, 1985.4600830078125)]","[(0, 2697.0576171875), (1, 2910.03173828125)]","[(0, 3640.053955078125), (1, 3265.7470703125)]","[(0, 3534.021728515625), (1, 3529.89892578125)]","[(0, 2927.382568359375), (1, 1738.798095703125)]","[(0, 5807.74365234375), (1, 5651.53125)]","[(0, 4147.125), (1, 4033.216796875)]","[(0, 785.049072265625), (1, 636.6354370117188)]","[(0, 1354.6572265625), (1, 1454.2305908203125)]","[(0, 1332.7803955078125), (1, 1504.3609619140625)]","[(0, 2277.367431640625), (1, 2688.398193359375)]"
428,"[(0, 1292.876220703125), (1, 1721.5948486328125)]","[(0, 2399.841064453125), (1, 2220.25048828125)]","[(0, 2934.7509765625), (1, 2979.22021484375)]","[(0, 2725.68017578125), (1, 2839.270751953125)]","[(0, 4919.57080078125), (1, 2871.16552734375)]","[(0, 5474.1064453125), (1, 5446.72509765625)]","[(0, 2467.6083984375), (1, 2478.61083984375)]","[(0, 1811.1815185546875), (1, 1692.169677734375)]","[(0, 1149.2535400390625), (1, 1461.4964599609375)]","[(0, 2311.861083984375), (1, 2077.624267578125)]","[(0, 2020.6029052734375), (1, 2097.594970703125)]"
429,"[(0, 1262.224853515625), (1, 1635.7747802734375)]","[(0, 2162.275634765625), (1, 2139.921142578125)]","[(0, 3609.577880859375), (1, 3506.71044921875)]","[(0, 4581.8896484375), (1, 4678.39453125)]","[(0, 4043.040771484375), (1, 2359.5478515625)]","[(0, 7309.9501953125), (1, 7278.6953125)]","[(0, 3989.95166015625), (1, 4860.1650390625)]","[(0, 1875.100341796875), (1, 1959.406005859375)]","[(0, 2575.359619140625), (1, 3356.1328125)]","[(0, 2710.49560546875), (1, 1986.64306640625)]","[(0, 1790.100341796875), (1, 2141.701416015625)]"
430,"[(0, 1316.9554443359375), (1, 1687.937255859375)]","[(0, 2947.350341796875), (1, 3197.369140625)]","[(0, 2363.458740234375), (1, 1775.596435546875)]","[(0, 1631.491943359375), (1, 1614.119140625)]","[(0, 1592.92431640625), (1, 1274.87841796875)]","[(0, 4594.7021484375), (1, 4710.494140625)]","[(0, 3300.57666015625), (1, 4045.393310546875)]","[(0, 1105.32373046875), (1, 1155.3740234375)]","[(0, 1258.1021728515625), (1, 1293.9359130859375)]","[(0, 2698.232177734375), (1, 4551.0830078125)]","[(0, 2407.03369140625), (1, 2400.02294921875)]"
431,"[(0, 1957.1480712890625), (1, 2438.32470703125)]","[(0, 3724.57763671875), (1, 4528.13330078125)]","[(0, 6679.408203125), (1, 6054.794921875)]","[(0, 1673.3072509765625), (1, 1675.8497314453125)]","[(0, 1057.93701171875), (1, 885.0039672851562)]","[(0, 6146.4912109375), (1, 6020.50634765625)]","[(0, 3513.96142578125), (1, 3442.57275390625)]","[(0, 2111.8623046875), (1, 1834.3006591796875)]","[(0, 2770.941162109375), (1, 2220.124267578125)]","[(0, 1734.0777587890625), (1, 1333.94140625)]","[(0, 2144.7900390625), (1, 2196.64599609375)]"
432,"[(0, 1820.4765625), (1, 2469.40673828125)]","[(0, 2997.332275390625), (1, 3326.787109375)]","[(0, 2744.455322265625), (1, 2509.94677734375)]","[(0, 2108.97802734375), (1, 2200.42724609375)]","[(0, 2912.138916015625), (1, 1788.869873046875)]","[(0, 4228.09716796875), (1, 4309.00634765625)]","[(0, 3113.814697265625), (1, 3112.0751953125)]","[(0, 1360.8115234375), (1, 1364.84130859375)]","[(0, 1743.98193359375), (1, 1474.4736328125)]","[(0, 1383.2633056640625), (1, 1413.6800537109375)]","[(0, 1844.8487548828125), (1, 1860.447021484375)]"
433,"[(0, 1985.597412109375), (1, 2540.560302734375)]","[(0, 1668.9483642578125), (1, 1720.184326171875)]","[(0, 1967.3966064453125), (1, 1755.3929443359375)]","[(0, 2748.37890625), (1, 2732.642822265625)]","[(0, 3447.92822265625), (1, 2105.32275390625)]","[(0, 5784.75927734375), (1, 5991.21533203125)]","[(0, 2339.83642578125), (1, 2848.865478515625)]","[(0, 1674.003173828125), (1, 2017.5479736328125)]","[(0, 1909.380126953125), (1, 2455.89892578125)]","[(0, 3196.146728515625), (1, 3616.296875)]","[(0, 1714.8240966796875), (1, 2041.892822265625)]"
434,"[(0, 2284.51953125), (1, 3007.918701171875)]","[(0, 1089.570068359375), (1, 1426.564453125)]","[(0, 8367.77734375), (1, 7519.19140625)]","[(0, 1727.3006591796875), (1, 1759.767822265625)]","[(0, 850.6783447265625), (1, 752.0177001953125)]","[(0, 3680.7392578125), (1, 3584.218505859375)]","[(0, 2084.646240234375), (1, 2919.077880859375)]","[(0, 2139.08349609375), (1, 2635.57666015625)]","[(0, 1154.4454345703125), (1, 1315.1123046875)]","[(0, 1823.13037109375), (1, 1467.2796630859375)]","[(0, 2006.45458984375), (1, 2012.6253662109375)]"
435,"[(0, 1441.6195068359375), (1, 1783.302490234375)]","[(0, 1369.959716796875), (1, 1957.9283447265625)]","[(0, 6432.56591796875), (1, 5445.21923828125)]","[(0, 3558.435791015625), (1, 3612.715576171875)]","[(0, 3519.239990234375), (1, 2099.315185546875)]","[(0, 2608.99951171875), (1, 2578.75244140625)]","[(0, 5424.4560546875), (1, 5860.650390625)]","[(0, 1279.2781982421875), (1, 1224.73388671875)]","[(0, 1952.1531982421875), (1, 1677.0863037109375)]","[(0, 682.6751708984375), (1, 1003.7373046875)]","[(0, 4417.3544921875), (1, 4421.4423828125)]"
436,"[(0, 2836.31005859375), (1, 3891.0771484375)]","[(0, 1263.062255859375), (1, 1633.148193359375)]","[(0, 966.4380493164062), (1, 975.43408203125)]","[(0, 1569.6490478515625), (1, 1624.5030517578125)]","[(0, 2168.841064453125), (1, 1288.120849609375)]","[(0, 3875.127685546875), (1, 3885.507568359375)]","[(0, 4312.14306640625), (1, 4684.02392578125)]","[(0, 1304.004638671875), (1, 1543.1231689453125)]","[(0, 2260.867919921875), (1, 1514.625)]","[(0, 1694.037109375), (1, 2508.063720703125)]","[(0, 1371.61083984375), (1, 1639.9210205078125)]"
437,"[(0, 1690.91064453125), (1, 2229.55029296875)]","[(0, 1347.0814208984375), (1, 1649.802734375)]","[(0, 2186.691650390625), (1, 1940.9482421875)]","[(0, 2378.634765625), (1, 2498.249755859375)]","[(0, 4708.8642578125), (1, 2911.286376953125)]","[(0, 7055.7353515625), (1, 7394.8056640625)]","[(0, 1839.9869384765625), (1, 1771.8909912109375)]","[(0, 1983.59130859375), (1, 1817.310791015625)]","[(0, 3104.987060546875), (1, 4012.981689453125)]","[(0, 1949.8544921875), (1, 2179.145263671875)]","[(0, 1887.3341064453125), (1, 1916.1796875)]"
438,"[(0, 1855.7979736328125), (1, 2363.253662109375)]","[(0, 749.6736450195312), (1, 775.6439819335938)]","[(0, 2190.507080078125), (1, 2378.99560546875)]","[(0, 3817.6953125), (1, 3729.955810546875)]","[(0, 3546.02001953125), (1, 2184.44580078125)]","[(0, 6617.17236328125), (1, 6442.07568359375)]","[(0, 4342.3837890625), (1, 4438.1171875)]","[(0, 1127.8641357421875), (1, 1300.3648681640625)]","[(0, 964.9622192382812), (1, 1290.543212890625)]","[(0, 1203.67236328125), (1, 1606.5205078125)]","[(0, 664.6476440429688), (1, 794.9573364257812)]"
439,"[(0, 2986.11962890625), (1, 3800.085205078125)]","[(0, 2880.421875), (1, 3114.417724609375)]","[(0, 6019.587890625), (1, 5775.98876953125)]","[(0, 2221.642822265625), (1, 2277.27490234375)]","[(0, 1410.7286376953125), (1, 1220.5601806640625)]","[(0, 4654.150390625), (1, 4675.79443359375)]","[(0, 5929.8525390625), (1, 5697.46484375)]","[(0, 3632.5703125), (1, 2637.373046875)]","[(0, 967.7208862304688), (1, 986.6024169921875)]","[(0, 1261.7772216796875), (1, 1876.458984375)]","[(0, 3360.46923828125), (1, 3305.0869140625)]"
440,"[(0, 1325.676513671875), (1, 1663.5465087890625)]","[(0, 4022.165771484375), (1, 4665.30029296875)]","[(0, 3786.252197265625), (1, 3710.9130859375)]","[(0, 3750.376220703125), (1, 3508.794189453125)]","[(0, 1724.112060546875), (1, 1460.049072265625)]","[(0, 5850.5537109375), (1, 5977.2958984375)]","[(0, 4156.12060546875), (1, 3923.140625)]","[(0, 1413.3140869140625), (1, 1751.5701904296875)]","[(0, 1707.602783203125), (1, 1674.4837646484375)]","[(0, 1188.94482421875), (1, 1197.1859130859375)]","[(0, 2472.68359375), (1, 2526.111328125)]"
441,"[(0, 1439.025390625), (1, 1861.9139404296875)]","[(0, 3049.074951171875), (1, 3371.007080078125)]","[(0, 3137.3271484375), (1, 2847.406982421875)]","[(0, 1922.9722900390625), (1, 1873.45947265625)]","[(0, 3057.236328125), (1, 1827.76123046875)]","[(0, 3016.60595703125), (1, 3092.66064453125)]","[(0, 5181.0302734375), (1, 5386.58642578125)]","[(0, 1669.2874755859375), (1, 1549.6422119140625)]","[(0, 1679.43115234375), (1, 2279.256591796875)]","[(0, 567.726318359375), (1, 603.8662109375)]","[(0, 1514.3282470703125), (1, 1830.6090087890625)]"
442,"[(0, 2533.213623046875), (1, 3186.656982421875)]","[(0, 1763.9666748046875), (1, 1852.6654052734375)]","[(0, 2634.709716796875), (1, 2373.016845703125)]","[(0, 2056.708984375), (1, 2052.837890625)]","[(0, 2875.66259765625), (1, 1743.5953369140625)]","[(0, 2828.01416015625), (1, 2748.59912109375)]","[(0, 6938.59326171875), (1, 7013.87841796875)]","[(0, 1181.8505859375), (1, 688.2362060546875)]","[(0, 1946.6614990234375), (1, 1802.41357421875)]","[(0, 811.8798217773438), (1, 894.0060424804688)]","[(0, 1568.0667724609375), (1, 1879.9464111328125)]"
443,"[(0, 1554.60400390625), (1, 1966.7427978515625)]","[(0, 459.1326599121094), (1, 408.1103515625)]","[(0, 3449.095947265625), (1, 3480.994140625)]","[(0, 5044.8681640625), (1, 4879.5732421875)]","[(0, 1728.0355224609375), (1, 1451.4111328125)]","[(0, 5854.54443359375), (1, 5692.9296875)]","[(0, 6085.40673828125), (1, 5796.85888671875)]","[(0, 1945.7139892578125), (1, 1887.6400146484375)]","[(0, 847.1801147460938), (1, 1137.3123779296875)]","[(0, 946.3657836914062), (1, 1050.37548828125)]","[(0, 2129.375), (1, 2129.192138671875)]"
444,"[(0, 1296.0489501953125), (1, 1682.37109375)]","[(0, 1022.1988525390625), (1, 1074.4638671875)]","[(0, 5175.232421875), (1, 5090.4375)]","[(0, 4004.704833984375), (1, 3981.24755859375)]","[(0, 1511.6026611328125), (1, 1238.362060546875)]","[(0, 3981.524658203125), (1, 3997.375)]","[(0, 2980.20751953125), (1, 3192.177734375)]","[(0, 3344.9296875), (1, 2940.644287109375)]","[(0, 1401.5220947265625), (1, 1815.5870361328125)]","[(0, 1791.5203857421875), (1, 2131.0947265625)]","[(0, 2152.985107421875), (1, 2219.0732421875)]"
445,"[(0, 1794.3544921875), (1, 2259.331298828125)]","[(0, 1233.61474609375), (1, 1438.6446533203125)]","[(0, 3037.74951171875), (1, 2561.919677734375)]","[(0, 5700.4482421875), (1, 5743.416015625)]","[(0, 2963.3671875), (1, 1773.8505859375)]","[(0, 5443.41259765625), (1, 5606.39013671875)]","[(0, 6688.43359375), (1, 8624.66796875)]","[(0, 1209.965576171875), (1, 934.3271484375)]","[(0, 1500.069580078125), (1, 1154.7333984375)]","[(0, 1696.5794677734375), (1, 1685.7100830078125)]","[(0, 1418.24365234375), (1, 1663.708251953125)]"
446,"[(0, 1786.5240478515625), (1, 2344.934326171875)]","[(0, 1094.5413818359375), (1, 1119.1558837890625)]","[(0, 3201.467041015625), (1, 2881.833984375)]","[(0, 2413.26611328125), (1, 2437.35546875)]","[(0, 3815.56982421875), (1, 2323.135986328125)]","[(0, 3826.399658203125), (1, 3623.1943359375)]","[(0, 5059.82421875), (1, 6545.22119140625)]","[(0, 1055.7569580078125), (1, 816.4125366210938)]","[(0, 1785.20654296875), (1, 1588.5711669921875)]","[(0, 1297.703857421875), (1, 1331.30615234375)]","[(0, 2584.463134765625), (1, 2671.308349609375)]"
447,"[(0, 2505.935791015625), (1, 3326.047607421875)]","[(0, 1170.749267578125), (1, 1210.5513916015625)]","[(0, 4493.576171875), (1, 3990.876708984375)]","[(0, 3677.248046875), (1, 3492.41943359375)]","[(0, 2711.457275390625), (1, 2217.6484375)]","[(0, 7878.63232421875), (1, 7921.01708984375)]","[(0, 2685.930419921875), (1, 2751.271484375)]","[(0, 1651.210693359375), (1, 1231.0885009765625)]","[(0, 1614.0877685546875), (1, 1816.416748046875)]","[(0, 1320.3665771484375), (1, 1234.3984375)]","[(0, 2283.828857421875), (1, 2329.966552734375)]"
448,"[(0, 1541.0018310546875), (1, 2026.31494140625)]","[(0, 725.423583984375), (1, 660.8109741210938)]","[(0, 2223.443603515625), (1, 2022.29541015625)]","[(0, 2518.540283203125), (1, 2504.882080078125)]","[(0, 2389.96875), (1, 1927.5001220703125)]","[(0, 6140.00537109375), (1, 6318.8720703125)]","[(0, 3218.926513671875), (1, 3141.35693359375)]","[(0, 762.9632568359375), (1, 865.0289916992188)]","[(0, 767.64013671875), (1, 900.0400390625)]","[(0, 973.2513427734375), (1, 1581.7689208984375)]","[(0, 1276.18798828125), (1, 1483.1319580078125)]"
449,"[(0, 1435.9949951171875), (1, 1842.2896728515625)]","[(0, 1468.2791748046875), (1, 1608.5072021484375)]","[(0, 6102.294921875), (1, 5360.0830078125)]","[(0, 2029.5716552734375), (1, 2015.7689208984375)]","[(0, 2783.707763671875), (1, 1665.1981201171875)]","[(0, 4483.86328125), (1, 4335.78759765625)]","[(0, 2976.32080078125), (1, 3258.38330078125)]","[(0, 1719.71435546875), (1, 2060.532470703125)]","[(0, 827.517333984375), (1, 1228.556884765625)]","[(0, 1129.0634765625), (1, 1277.0517578125)]","[(0, 894.9652709960938), (1, 1060.5548095703125)]"
450,"[(0, 2153.594970703125), (1, 2714.68994140625)]","[(0, 2165.260498046875), (1, 2561.9443359375)]","[(0, 3870.67333984375), (1, 3197.396484375)]","[(0, 2148.778076171875), (1, 2152.040771484375)]","[(0, 2005.9263916015625), (1, 1192.0421142578125)]","[(0, 5304.142578125), (1, 5428.53369140625)]","[(0, 3181.315673828125), (1, 3543.494873046875)]","[(0, 869.6155395507812), (1, 894.5513916015625)]","[(0, 824.7255249023438), (1, 535.3296508789062)]","[(0, 1724.7294921875), (1, 2035.052734375)]","[(0, 1072.9063720703125), (1, 1295.2847900390625)]"
451,"[(0, 2107.058349609375), (1, 2810.81103515625)]","[(0, 1630.3455810546875), (1, 1615.5045166015625)]","[(0, 4252.52587890625), (1, 3789.579345703125)]","[(0, 1504.179443359375), (1, 1537.7353515625)]","[(0, 815.6907348632812), (1, 704.78564453125)]","[(0, 3527.317626953125), (1, 3646.735595703125)]","[(0, 8922.603515625), (1, 8640.8212890625)]","[(0, 1778.4918212890625), (1, 1634.5732421875)]","[(0, 2180.9404296875), (1, 2799.294921875)]","[(0, 1321.7550048828125), (1, 1679.1524658203125)]","[(0, 2395.047607421875), (1, 2406.927978515625)]"
452,"[(0, 1957.063232421875), (1, 2565.775634765625)]","[(0, 1908.7838134765625), (1, 2005.503662109375)]","[(0, 3973.506103515625), (1, 3712.930908203125)]","[(0, 2883.483642578125), (1, 3044.466552734375)]","[(0, 791.4964599609375), (1, 674.638427734375)]","[(0, 2387.749755859375), (1, 2339.537353515625)]","[(0, 3054.666015625), (1, 3181.679931640625)]","[(0, 2311.15771484375), (1, 2342.494384765625)]","[(0, 1443.098876953125), (1, 1105.720703125)]","[(0, 1903.282470703125), (1, 1908.4771728515625)]","[(0, 1344.650390625), (1, 1591.1812744140625)]"
453,"[(0, 1542.8450927734375), (1, 2024.5919189453125)]","[(0, 723.3010864257812), (1, 1003.9110717773438)]","[(0, 4456.35400390625), (1, 3731.36083984375)]","[(0, 2629.711669921875), (1, 2614.450439453125)]","[(0, 2208.7646484375), (1, 1348.5712890625)]","[(0, 2213.106201171875), (1, 2238.0576171875)]","[(0, 2913.885009765625), (1, 2837.048583984375)]","[(0, 1516.54296875), (1, 1159.569091796875)]","[(0, 889.4354248046875), (1, 1174.070556640625)]","[(0, 1633.33056640625), (1, 1639.5809326171875)]","[(0, 1426.9263916015625), (1, 1747.8798828125)]"
454,"[(0, 2192.844970703125), (1, 2848.536865234375)]","[(0, 943.2940673828125), (1, 1443.7520751953125)]","[(0, 1622.514892578125), (1, 1448.4644775390625)]","[(0, 1534.3829345703125), (1, 1518.037841796875)]","[(0, 4175.99365234375), (1, 2834.668701171875)]","[(0, 5087.34130859375), (1, 5046.8701171875)]","[(0, 4556.97216796875), (1, 4721.94580078125)]","[(0, 896.3190307617188), (1, 1112.306640625)]","[(0, 1009.1078491210938), (1, 1270.7005615234375)]","[(0, 1183.18408203125), (1, 1396.509521484375)]","[(0, 1458.11767578125), (1, 1640.19482421875)]"
455,"[(0, 1309.3763427734375), (1, 1666.6080322265625)]","[(0, 919.2559204101562), (1, 1254.27880859375)]","[(0, 1744.0933837890625), (1, 1640.885498046875)]","[(0, 3400.40234375), (1, 3533.816162109375)]","[(0, 4688.126953125), (1, 2955.749755859375)]","[(0, 4707.68310546875), (1, 4800.3369140625)]","[(0, 2123.8017578125), (1, 2211.154541015625)]","[(0, 881.2779541015625), (1, 1210.3724365234375)]","[(0, 1124.76953125), (1, 917.9470825195312)]","[(0, 1289.7237548828125), (1, 1246.6572265625)]","[(0, 1815.9412841796875), (1, 2089.167236328125)]"
456,"[(0, 1868.8572998046875), (1, 2461.947998046875)]","[(0, 2180.805419921875), (1, 2397.351318359375)]","[(0, 1468.25244140625), (1, 1492.3172607421875)]","[(0, 1703.645263671875), (1, 1742.6861572265625)]","[(0, 3137.940673828125), (1, 2702.535400390625)]","[(0, 7188.53955078125), (1, 7077.64501953125)]","[(0, 3357.24658203125), (1, 3556.739501953125)]","[(0, 1134.1220703125), (1, 1378.2640380859375)]","[(0, 2036.400146484375), (1, 2640.1728515625)]","[(0, 1083.0712890625), (1, 1018.5365600585938)]","[(0, 3592.016845703125), (1, 3623.138916015625)]"
457,"[(0, 1903.7037353515625), (1, 2503.08740234375)]","[(0, 3016.951171875), (1, 3516.371826171875)]","[(0, 4671.8896484375), (1, 4296.07275390625)]","[(0, 1921.969482421875), (1, 2045.9512939453125)]","[(0, 2791.828369140625), (1, 2340.322998046875)]","[(0, 7889.47412109375), (1, 7904.732421875)]","[(0, 6524.044921875), (1, 6609.58447265625)]","[(0, 1077.423095703125), (1, 1099.294921875)]","[(0, 454.6627502441406), (1, 480.70733642578125)]","[(0, 2614.506591796875), (1, 1901.412109375)]","[(0, 741.4259643554688), (1, 717.3985595703125)]"
458,"[(0, 1136.4449462890625), (1, 1394.197998046875)]","[(0, 2231.123046875), (1, 2248.91162109375)]","[(0, 2345.4287109375), (1, 2038.8077392578125)]","[(0, 1034.2930908203125), (1, 972.151611328125)]","[(0, 4186.83642578125), (1, 2588.265380859375)]","[(0, 4326.58056640625), (1, 4364.26708984375)]","[(0, 4347.8994140625), (1, 4428.8447265625)]","[(0, 939.1600952148438), (1, 836.9049682617188)]","[(0, 704.0698852539062), (1, 600.1522827148438)]","[(0, 1449.853271484375), (1, 1366.2105712890625)]","[(0, 2177.752197265625), (1, 2227.44189453125)]"
459,"[(0, 1816.22705078125), (1, 2399.61328125)]","[(0, 1381.4656982421875), (1, 1335.8968505859375)]","[(0, 2573.86328125), (1, 2210.86474609375)]","[(0, 2285.18310546875), (1, 2427.898193359375)]","[(0, 1664.6072998046875), (1, 1488.60595703125)]","[(0, 5697.986328125), (1, 5933.27490234375)]","[(0, 4190.31201171875), (1, 4309.708984375)]","[(0, 1102.021484375), (1, 1599.427978515625)]","[(0, 1769.4188232421875), (1, 1796.000732421875)]","[(0, 2038.377197265625), (1, 2741.597412109375)]","[(0, 3522.554443359375), (1, 3629.380859375)]"
460,"[(0, 1473.3876953125), (1, 1805.815185546875)]","[(0, 505.2461242675781), (1, 450.02001953125)]","[(0, 1569.455078125), (1, 1331.803955078125)]","[(0, 2916.045166015625), (1, 2985.16552734375)]","[(0, 6455.10107421875), (1, 4061.904296875)]","[(0, 5825.70556640625), (1, 5626.95361328125)]","[(0, 2690.80419921875), (1, 3100.2470703125)]","[(0, 2265.44677734375), (1, 1622.9158935546875)]","[(0, 1123.3983154296875), (1, 777.371337890625)]","[(0, 1564.5609130859375), (1, 1314.5869140625)]","[(0, 2163.225341796875), (1, 2189.565185546875)]"
461,"[(0, 1704.4537353515625), (1, 2291.9423828125)]","[(0, 1539.61376953125), (1, 1577.93994140625)]","[(0, 5070.001953125), (1, 4543.0693359375)]","[(0, 2554.05126953125), (1, 2623.0654296875)]","[(0, 5379.88720703125), (1, 3440.3046875)]","[(0, 4241.96630859375), (1, 4005.346435546875)]","[(0, 3922.500732421875), (1, 4647.37353515625)]","[(0, 1402.7369384765625), (1, 1496.1170654296875)]","[(0, 2934.388671875), (1, 2944.1982421875)]","[(0, 2134.251220703125), (1, 1866.778564453125)]","[(0, 979.3036499023438), (1, 1174.3829345703125)]"
462,"[(0, 1687.7005615234375), (1, 2129.46728515625)]","[(0, 2353.94140625), (1, 2596.900634765625)]","[(0, 5787.93212890625), (1, 4949.4814453125)]","[(0, 1428.941162109375), (1, 1646.8843994140625)]","[(0, 2470.0380859375), (1, 2124.723388671875)]","[(0, 8902.791015625), (1, 9196.0009765625)]","[(0, 3268.364013671875), (1, 3202.236328125)]","[(0, 653.7852783203125), (1, 654.3685913085938)]","[(0, 1869.3458251953125), (1, 1978.9912109375)]","[(0, 1842.8511962890625), (1, 1557.49853515625)]","[(0, 2224.41064453125), (1, 2267.399658203125)]"
463,"[(0, 1435.412353515625), (1, 1791.1719970703125)]","[(0, 1651.8548583984375), (1, 1616.2525634765625)]","[(0, 2558.15869140625), (1, 2313.166748046875)]","[(0, 2778.034912109375), (1, 2661.56640625)]","[(0, 2803.13623046875), (1, 2371.47607421875)]","[(0, 4317.43896484375), (1, 4410.62353515625)]","[(0, 3633.7275390625), (1, 3626.702880859375)]","[(0, 1490.830810546875), (1, 1189.7705078125)]","[(0, 1254.941650390625), (1, 1131.3944091796875)]","[(0, 2127.898193359375), (1, 1746.607666015625)]","[(0, 898.629150390625), (1, 1024.994140625)]"
464,"[(0, 1637.72119140625), (1, 2154.74755859375)]","[(0, 1790.4384765625), (1, 1766.9796142578125)]","[(0, 2671.30712890625), (1, 2825.431640625)]","[(0, 1594.0146484375), (1, 1613.879150390625)]","[(0, 3613.170166015625), (1, 2080.087646484375)]","[(0, 4188.57373046875), (1, 4107.328125)]","[(0, 2777.310546875), (1, 2777.77685546875)]","[(0, 1959.049072265625), (1, 1994.7950439453125)]","[(0, 1444.26708984375), (1, 2049.22119140625)]","[(0, 1581.9930419921875), (1, 1379.400146484375)]","[(0, 1545.6888427734375), (1, 1874.72216796875)]"
465,"[(0, 1804.2391357421875), (1, 2452.933349609375)]","[(0, 1185.8228759765625), (1, 1667.130126953125)]","[(0, 4346.7470703125), (1, 4328.3056640625)]","[(0, 2075.6923828125), (1, 2160.993408203125)]","[(0, 3534.409423828125), (1, 2963.716552734375)]","[(0, 5042.94921875), (1, 4900.28369140625)]","[(0, 1895.8243408203125), (1, 1926.09716796875)]","[(0, 1470.44482421875), (1, 1462.4683837890625)]","[(0, 2155.8759765625), (1, 2367.045166015625)]","[(0, 1258.78564453125), (1, 1804.952392578125)]","[(0, 785.9468994140625), (1, 939.938720703125)]"
466,"[(0, 2044.992431640625), (1, 2709.172119140625)]","[(0, 1583.8671875), (1, 2493.375)]","[(0, 2242.555908203125), (1, 1967.48486328125)]","[(0, 4681.5009765625), (1, 5064.16943359375)]","[(0, 5589.04052734375), (1, 3580.374755859375)]","[(0, 5046.60595703125), (1, 5196.7861328125)]","[(0, 2579.158447265625), (1, 2610.336181640625)]","[(0, 1463.767333984375), (1, 1255.737060546875)]","[(0, 1160.485107421875), (1, 880.5928344726562)]","[(0, 2163.262451171875), (1, 2233.4765625)]","[(0, 1836.9168701171875), (1, 1854.4268798828125)]"
467,"[(0, 1746.28369140625), (1, 2270.935791015625)]","[(0, 1355.3349609375), (1, 1848.1495361328125)]","[(0, 1721.7705078125), (1, 1436.9217529296875)]","[(0, 3102.977294921875), (1, 3194.30615234375)]","[(0, 3546.097900390625), (1, 2119.62939453125)]","[(0, 3954.125), (1, 3949.293701171875)]","[(0, 1924.662109375), (1, 1947.8350830078125)]","[(0, 802.629638671875), (1, 790.8905639648438)]","[(0, 1974.20703125), (1, 2327.252685546875)]","[(0, 2937.8271484375), (1, 2407.94873046875)]","[(0, 1677.5582275390625), (1, 1755.4599609375)]"
468,"[(0, 2243.739013671875), (1, 3015.070068359375)]","[(0, 1267.8819580078125), (1, 1634.8055419921875)]","[(0, 1537.8189697265625), (1, 1589.60986328125)]","[(0, 5712.00146484375), (1, 5704.984375)]","[(0, 2692.055419921875), (1, 1612.80517578125)]","[(0, 4216.40771484375), (1, 4164.36083984375)]","[(0, 3030.177734375), (1, 3046.191650390625)]","[(0, 806.5325317382812), (1, 867.0297241210938)]","[(0, 2239.3759765625), (1, 1903.0946044921875)]","[(0, 1441.275146484375), (1, 980.9661254882812)]","[(0, 1257.5821533203125), (1, 1504.0863037109375)]"
469,"[(0, 785.3268432617188), (1, 998.7030029296875)]","[(0, 505.09893798828125), (1, 440.3480224609375)]","[(0, 1342.7091064453125), (1, 1317.231689453125)]","[(0, 3822.285400390625), (1, 3834.999267578125)]","[(0, 3812.517822265625), (1, 2257.324951171875)]","[(0, 3642.178955078125), (1, 3638.27001953125)]","[(0, 3545.6416015625), (1, 3528.380859375)]","[(0, 1302.35986328125), (1, 1388.6287841796875)]","[(0, 562.3209228515625), (1, 580.9022216796875)]","[(0, 3265.72802734375), (1, 3350.47216796875)]","[(0, 2264.243896484375), (1, 2321.5810546875)]"
470,"[(0, 2302.8876953125), (1, 2932.923828125)]","[(0, 873.998291015625), (1, 1159.172119140625)]","[(0, 3534.635009765625), (1, 3319.032470703125)]","[(0, 1767.2105712890625), (1, 1864.2230224609375)]","[(0, 2195.905517578125), (1, 1444.8988037109375)]","[(0, 4723.00830078125), (1, 4741.34912109375)]","[(0, 2301.970703125), (1, 3161.63818359375)]","[(0, 1085.52978515625), (1, 1197.367919921875)]","[(0, 1051.23583984375), (1, 865.75732421875)]","[(0, 2647.4521484375), (1, 2353.38818359375)]","[(0, 2077.02001953125), (1, 2086.985595703125)]"
471,"[(0, 1928.729248046875), (1, 2569.930419921875)]","[(0, 1105.49560546875), (1, 1622.5211181640625)]","[(0, 2108.672607421875), (1, 1819.05859375)]","[(0, 3834.53857421875), (1, 3817.0693359375)]","[(0, 1311.1763916015625), (1, 1058.2103271484375)]","[(0, 3981.08056640625), (1, 4009.305908203125)]","[(0, 4677.8193359375), (1, 5978.732421875)]","[(0, 1994.30419921875), (1, 2267.37890625)]","[(0, 2520.635498046875), (1, 2017.0535888671875)]","[(0, 1025.72265625), (1, 1122.9383544921875)]","[(0, 2918.28173828125), (1, 2909.949951171875)]"
472,"[(0, 1804.182373046875), (1, 2407.0302734375)]","[(0, 1002.2796020507812), (1, 1342.8460693359375)]","[(0, 2230.87841796875), (1, 1822.12060546875)]","[(0, 2218.006103515625), (1, 2202.05224609375)]","[(0, 2847.3662109375), (1, 2472.66357421875)]","[(0, 5066.86474609375), (1, 5070.611328125)]","[(0, 4500.7470703125), (1, 4368.376953125)]","[(0, 1303.453369140625), (1, 920.8238525390625)]","[(0, 1854.7974853515625), (1, 1751.45068359375)]","[(0, 2144.54443359375), (1, 2379.499267578125)]","[(0, 1860.8720703125), (1, 1899.0208740234375)]"
473,"[(0, 1095.3438720703125), (1, 1366.9970703125)]","[(0, 909.2340087890625), (1, 1120.6563720703125)]","[(0, 1507.837646484375), (1, 1191.481689453125)]","[(0, 2007.8231201171875), (1, 1983.102294921875)]","[(0, 4445.00439453125), (1, 2716.67919921875)]","[(0, 5185.96337890625), (1, 5183.89697265625)]","[(0, 6347.458984375), (1, 5966.9072265625)]","[(0, 1036.2232666015625), (1, 1003.0029296875)]","[(0, 912.4915161132812), (1, 1267.3004150390625)]","[(0, 1520.516845703125), (1, 1612.6636962890625)]","[(0, 1440.66015625), (1, 1705.107421875)]"
474,"[(0, 1927.129638671875), (1, 2562.470703125)]","[(0, 1025.03271484375), (1, 1349.9512939453125)]","[(0, 1472.970458984375), (1, 1458.177490234375)]","[(0, 2960.840576171875), (1, 2987.247314453125)]","[(0, 3337.375), (1, 2044.4298095703125)]","[(0, 4258.853515625), (1, 4271.14111328125)]","[(0, 2408.5595703125), (1, 2807.9189453125)]","[(0, 2326.5048828125), (1, 1936.0906982421875)]","[(0, 1321.6510009765625), (1, 1288.2908935546875)]","[(0, 1614.40087890625), (1, 1757.4783935546875)]","[(0, 953.893798828125), (1, 1117.2166748046875)]"
475,"[(0, 1667.7861328125), (1, 2105.002685546875)]","[(0, 1576.0516357421875), (1, 2296.3466796875)]","[(0, 2439.97412109375), (1, 2438.288818359375)]","[(0, 3294.557373046875), (1, 3370.351318359375)]","[(0, 5244.23779296875), (1, 3187.979248046875)]","[(0, 5676.421875), (1, 5808.03125)]","[(0, 3274.828857421875), (1, 3733.1123046875)]","[(0, 1836.4263916015625), (1, 1343.00048828125)]","[(0, 990.033203125), (1, 1484.5421142578125)]","[(0, 1512.8017578125), (1, 1578.4320068359375)]","[(0, 2425.018310546875), (1, 2422.904296875)]"
476,"[(0, 1419.3612060546875), (1, 1860.533935546875)]","[(0, 1156.706298828125), (1, 1498.2930908203125)]","[(0, 4250.16650390625), (1, 3713.68505859375)]","[(0, 1190.2630615234375), (1, 1325.059814453125)]","[(0, 2351.287109375), (1, 2032.04296875)]","[(0, 7379.62353515625), (1, 7369.447265625)]","[(0, 1593.549560546875), (1, 1576.7620849609375)]","[(0, 766.1865234375), (1, 1046.4725341796875)]","[(0, 927.54296875), (1, 1423.718994140625)]","[(0, 1668.1568603515625), (1, 1854.2685546875)]","[(0, 1266.9554443359375), (1, 1524.4117431640625)]"
477,"[(0, 2126.114013671875), (1, 2839.599609375)]","[(0, 1018.5161743164062), (1, 1212.77685546875)]","[(0, 1375.71240234375), (1, 1411.885498046875)]","[(0, 2741.439208984375), (1, 2697.776611328125)]","[(0, 2997.935302734375), (1, 2622.078857421875)]","[(0, 6605.88525390625), (1, 6508.16748046875)]","[(0, 1751.5167236328125), (1, 1788.7838134765625)]","[(0, 1068.542236328125), (1, 842.6821899414062)]","[(0, 1918.7762451171875), (1, 1702.565185546875)]","[(0, 873.305908203125), (1, 1222.4193115234375)]","[(0, 1429.4173583984375), (1, 1678.2623291015625)]"
478,"[(0, 1245.20458984375), (1, 1549.956298828125)]","[(0, 895.9033203125), (1, 1202.4293212890625)]","[(0, 2692.05029296875), (1, 2544.73095703125)]","[(0, 1688.86474609375), (1, 1562.138916015625)]","[(0, 1975.571533203125), (1, 1153.18994140625)]","[(0, 5975.38623046875), (1, 6241.36181640625)]","[(0, 4610.32763671875), (1, 4686.7138671875)]","[(0, 509.9202880859375), (1, 665.3145141601562)]","[(0, 2317.838134765625), (1, 2432.035888671875)]","[(0, 2033.114013671875), (1, 1656.4383544921875)]","[(0, 1012.2592163085938), (1, 1193.9876708984375)]"
479,"[(0, 2241.9658203125), (1, 3025.456298828125)]","[(0, 1177.8515625), (1, 1758.1220703125)]","[(0, 6125.150390625), (1, 5225.22216796875)]","[(0, 1434.04541015625), (1, 1451.9039306640625)]","[(0, 773.8806762695312), (1, 688.1331176757812)]","[(0, 1927.395263671875), (1, 1972.0458984375)]","[(0, 4098.2431640625), (1, 4526.07373046875)]","[(0, 973.2383422851562), (1, 1219.3740234375)]","[(0, 977.2973022460938), (1, 858.9150390625)]","[(0, 2142.61669921875), (1, 2134.503662109375)]","[(0, 1284.832275390625), (1, 1550.9136962890625)]"
480,"[(0, 1851.779541015625), (1, 2518.232666015625)]","[(0, 1053.2337646484375), (1, 1386.1578369140625)]","[(0, 2891.7451171875), (1, 2694.616455078125)]","[(0, 2816.14404296875), (1, 3003.215087890625)]","[(0, 1029.4044189453125), (1, 900.52294921875)]","[(0, 1777.510009765625), (1, 1725.7554931640625)]","[(0, 6330.990234375), (1, 6766.50048828125)]","[(0, 1459.056640625), (1, 1305.0728759765625)]","[(0, 1606.1995849609375), (1, 1628.978759765625)]","[(0, 1704.1068115234375), (1, 1396.9110107421875)]","[(0, 1757.703857421875), (1, 2076.259521484375)]"
481,"[(0, 2085.83349609375), (1, 2716.35009765625)]","[(0, 810.54296875), (1, 962.0892944335938)]","[(0, 7220.158203125), (1, 7644.69140625)]","[(0, 2221.873779296875), (1, 2163.105712890625)]","[(0, 1055.9769287109375), (1, 828.2136840820312)]","[(0, 2390.441650390625), (1, 2391.330810546875)]","[(0, 5557.16748046875), (1, 6127.06640625)]","[(0, 2698.56005859375), (1, 3123.719482421875)]","[(0, 817.2125854492188), (1, 1382.0164794921875)]","[(0, 1029.66552734375), (1, 1342.954345703125)]","[(0, 2366.548583984375), (1, 2408.838623046875)]"
482,"[(0, 2085.765869140625), (1, 2637.4423828125)]","[(0, 2812.131591796875), (1, 3060.4599609375)]","[(0, 2789.634033203125), (1, 2713.1435546875)]","[(0, 2800.80615234375), (1, 2948.715087890625)]","[(0, 1022.6044311523438), (1, 848.9424438476562)]","[(0, 3300.258544921875), (1, 3303.1962890625)]","[(0, 4614.75341796875), (1, 4693.0068359375)]","[(0, 1138.8780517578125), (1, 1267.8988037109375)]","[(0, 2225.4111328125), (1, 2643.176025390625)]","[(0, 3532.90966796875), (1, 3127.8388671875)]","[(0, 1386.240478515625), (1, 1691.8485107421875)]"
483,"[(0, 2305.49365234375), (1, 3077.162109375)]","[(0, 3683.59033203125), (1, 4183.8310546875)]","[(0, 1347.748291015625), (1, 1356.8048095703125)]","[(0, 2898.665771484375), (1, 2765.17724609375)]","[(0, 1742.9710693359375), (1, 1507.0103759765625)]","[(0, 3763.952392578125), (1, 3870.4150390625)]","[(0, 3086.658447265625), (1, 3014.00048828125)]","[(0, 1418.9794921875), (1, 1371.3668212890625)]","[(0, 3119.53662109375), (1, 3105.1083984375)]","[(0, 1621.9139404296875), (1, 1166.4090576171875)]","[(0, 1555.478271484375), (1, 1793.137451171875)]"
484,"[(0, 1942.064697265625), (1, 2543.577392578125)]","[(0, 3027.85791015625), (1, 2976.229736328125)]","[(0, 4134.646484375), (1, 4113.56494140625)]","[(0, 3395.392578125), (1, 3425.656982421875)]","[(0, 1461.298583984375), (1, 1307.930419921875)]","[(0, 3555.620361328125), (1, 3394.023193359375)]","[(0, 6940.29443359375), (1, 8098.70361328125)]","[(0, 1361.7352294921875), (1, 1830.197021484375)]","[(0, 2157.869140625), (1, 1848.4351806640625)]","[(0, 1741.32373046875), (1, 1742.1185302734375)]","[(0, 2584.90087890625), (1, 3049.35400390625)]"
485,"[(0, 1419.206298828125), (1, 1845.9600830078125)]","[(0, 2011.5009765625), (1, 1958.193603515625)]","[(0, 6387.44580078125), (1, 5906.2333984375)]","[(0, 3973.6044921875), (1, 4121.93359375)]","[(0, 1197.7237548828125), (1, 840.2598876953125)]","[(0, 4020.12548828125), (1, 3915.268798828125)]","[(0, 6113.77587890625), (1, 7062.95263671875)]","[(0, 1086.259765625), (1, 1241.5369873046875)]","[(0, 1379.350830078125), (1, 1365.2232666015625)]","[(0, 1222.5902099609375), (1, 1284.2386474609375)]","[(0, 2494.205078125), (1, 2522.5087890625)]"
486,"[(0, 1757.630126953125), (1, 2394.26220703125)]","[(0, 1090.4619140625), (1, 1438.1796875)]","[(0, 3722.482666015625), (1, 3688.536376953125)]","[(0, 4935.78369140625), (1, 4877.55419921875)]","[(0, 1589.9495849609375), (1, 1428.85595703125)]","[(0, 3882.0927734375), (1, 3995.15673828125)]","[(0, 1559.910400390625), (1, 1762.9676513671875)]","[(0, 1093.701904296875), (1, 1191.492431640625)]","[(0, 1568.09375), (1, 1328.7440185546875)]","[(0, 916.2293701171875), (1, 988.117431640625)]","[(0, 1547.4307861328125), (1, 1855.086669921875)]"
487,"[(0, 2367.89306640625), (1, 3097.994873046875)]","[(0, 1506.9951171875), (1, 2169.994384765625)]","[(0, 5091.65625), (1, 4849.01220703125)]","[(0, 2579.6357421875), (1, 2691.187744140625)]","[(0, 1357.6124267578125), (1, 1190.4635009765625)]","[(0, 4953.2353515625), (1, 5080.0205078125)]","[(0, 1760.483642578125), (1, 1914.092041015625)]","[(0, 2398.3974609375), (1, 2991.574951171875)]","[(0, 907.7338256835938), (1, 993.447509765625)]","[(0, 1158.060546875), (1, 1021.5819702148438)]","[(0, 1315.72509765625), (1, 1580.992431640625)]"
488,"[(0, 1545.303466796875), (1, 2022.934814453125)]","[(0, 1232.409423828125), (1, 1617.8487548828125)]","[(0, 1113.8282470703125), (1, 1024.126953125)]","[(0, 2620.48779296875), (1, 2773.493896484375)]","[(0, 1565.0279541015625), (1, 1386.0362548828125)]","[(0, 4691.18603515625), (1, 4636.40380859375)]","[(0, 1826.46826171875), (1, 1810.58837890625)]","[(0, 1684.82373046875), (1, 1242.9361572265625)]","[(0, 1871.9833984375), (1, 2757.9716796875)]","[(0, 2512.482666015625), (1, 2352.16748046875)]","[(0, 2433.97216796875), (1, 2384.496826171875)]"
489,"[(0, 1231.4296875), (1, 1559.852294921875)]","[(0, 936.6998291015625), (1, 1096.29541015625)]","[(0, 2159.798583984375), (1, 1804.7657470703125)]","[(0, 5276.66552734375), (1, 5468.30419921875)]","[(0, 1433.19580078125), (1, 1244.4091796875)]","[(0, 6867.75), (1, 6647.1650390625)]","[(0, 2593.72265625), (1, 2577.0302734375)]","[(0, 1844.3316650390625), (1, 1499.4080810546875)]","[(0, 2402.744873046875), (1, 1344.3990478515625)]","[(0, 533.7050170898438), (1, 575.7987060546875)]","[(0, 1819.1402587890625), (1, 1876.33642578125)]"
490,"[(0, 2179.260498046875), (1, 2773.130126953125)]","[(0, 867.6708374023438), (1, 1021.1066284179688)]","[(0, 4163.86865234375), (1, 3550.937255859375)]","[(0, 1859.61328125), (1, 1879.6219482421875)]","[(0, 4872.7890625), (1, 2994.1923828125)]","[(0, 7586.50244140625), (1, 7660.1923828125)]","[(0, 7218.154296875), (1, 8061.9765625)]","[(0, 1303.7977294921875), (1, 1283.5677490234375)]","[(0, 1133.534912109375), (1, 1316.60693359375)]","[(0, 1183.9951171875), (1, 1324.698974609375)]","[(0, 2043.1220703125), (1, 2003.410400390625)]"
491,"[(0, 1630.54931640625), (1, 2043.07421875)]","[(0, 1056.3612060546875), (1, 1320.04931640625)]","[(0, 1965.2757568359375), (1, 1576.521484375)]","[(0, 3405.679443359375), (1, 3418.31103515625)]","[(0, 2796.823974609375), (1, 1892.238037109375)]","[(0, 1965.183837890625), (1, 2015.9305419921875)]","[(0, 5234.38916015625), (1, 5037.47412109375)]","[(0, 966.84228515625), (1, 1036.9913330078125)]","[(0, 1465.231689453125), (1, 1108.302978515625)]","[(0, 4235.595703125), (1, 3885.822509765625)]","[(0, 1382.7884521484375), (1, 1369.05712890625)]"
492,"[(0, 2113.5517578125), (1, 2685.007080078125)]","[(0, 957.2500610351562), (1, 1105.843017578125)]","[(0, 2245.549072265625), (1, 2349.98583984375)]","[(0, 1214.5767822265625), (1, 1312.5618896484375)]","[(0, 1601.0096435546875), (1, 1140.1767578125)]","[(0, 2807.64306640625), (1, 2797.251953125)]","[(0, 3736.695556640625), (1, 3786.6494140625)]","[(0, 1585.6717529296875), (1, 1949.7987060546875)]","[(0, 975.9263305664062), (1, 797.692138671875)]","[(0, 1448.0626220703125), (1, 1458.4771728515625)]","[(0, 1862.6297607421875), (1, 1920.888427734375)]"
493,"[(0, 1654.8160400390625), (1, 2072.781494140625)]","[(0, 1086.3587646484375), (1, 1250.6339111328125)]","[(0, 7183.5576171875), (1, 7582.408203125)]","[(0, 2658.581787109375), (1, 2546.281005859375)]","[(0, 1139.992431640625), (1, 996.7623291015625)]","[(0, 4432.95654296875), (1, 4418.07470703125)]","[(0, 5082.6181640625), (1, 5717.8935546875)]","[(0, 2138.994873046875), (1, 2228.97509765625)]","[(0, 1583.04638671875), (1, 1450.5213623046875)]","[(0, 2419.7373046875), (1, 2784.3994140625)]","[(0, 1645.789306640625), (1, 1992.21044921875)]"
494,"[(0, 2159.47412109375), (1, 2778.69873046875)]","[(0, 1041.1314697265625), (1, 1394.8682861328125)]","[(0, 4261.4580078125), (1, 4720.1044921875)]","[(0, 2235.30078125), (1, 2145.634765625)]","[(0, 2452.5146484375), (1, 2129.552734375)]","[(0, 3622.89697265625), (1, 3651.834228515625)]","[(0, 3985.9658203125), (1, 4471.85498046875)]","[(0, 1622.9073486328125), (1, 1413.8499755859375)]","[(0, 1638.7265625), (1, 1177.8819580078125)]","[(0, 1160.3555908203125), (1, 1432.217529296875)]","[(0, 2034.9752197265625), (1, 2409.83349609375)]"
495,"[(0, 1388.0640869140625), (1, 1712.81298828125)]","[(0, 1484.29443359375), (1, 2183.48681640625)]","[(0, 1256.1934814453125), (1, 1380.81494140625)]","[(0, 3475.6533203125), (1, 3602.7685546875)]","[(0, 808.2041625976562), (1, 710.9799194335938)]","[(0, 7579.08935546875), (1, 7628.333984375)]","[(0, 9613.3125), (1, 9060.771484375)]","[(0, 1640.1563720703125), (1, 1027.6602783203125)]","[(0, 2153.722412109375), (1, 2064.961669921875)]","[(0, 2572.730712890625), (1, 2734.519775390625)]","[(0, 2390.694580078125), (1, 2459.311767578125)]"
496,"[(0, 2731.328125), (1, 3684.908203125)]","[(0, 1212.4119873046875), (1, 1630.1099853515625)]","[(0, 2959.63916015625), (1, 2672.569580078125)]","[(0, 2887.999755859375), (1, 2655.11572265625)]","[(0, 1380.1192626953125), (1, 1114.88671875)]","[(0, 4639.41552734375), (1, 4617.896484375)]","[(0, 13020.4140625), (1, 12082.3603515625)]","[(0, 1757.5621337890625), (1, 1410.795166015625)]","[(0, 1034.346435546875), (1, 705.249267578125)]","[(0, 2925.109619140625), (1, 2531.170654296875)]","[(0, 861.90478515625), (1, 1032.4088134765625)]"
497,"[(0, 1728.0313720703125), (1, 2270.95849609375)]","[(0, 894.4763793945312), (1, 1049.18310546875)]","[(0, 2709.126953125), (1, 2759.371337890625)]","[(0, 2732.541015625), (1, 2733.8271484375)]","[(0, 732.327392578125), (1, 658.3194580078125)]","[(0, 5983.8037109375), (1, 6001.10791015625)]","[(0, 3252.041015625), (1, 3065.890625)]","[(0, 1749.3865966796875), (1, 1793.65234375)]","[(0, 2153.888916015625), (1, 2567.7119140625)]","[(0, 1470.7315673828125), (1, 1282.6878662109375)]","[(0, 1747.3548583984375), (1, 1803.34716796875)]"
498,"[(0, 1811.6583251953125), (1, 2403.40966796875)]","[(0, 733.666748046875), (1, 905.279052734375)]","[(0, 1679.211669921875), (1, 1353.599609375)]","[(0, 2475.3037109375), (1, 2628.984619140625)]","[(0, 799.2066040039062), (1, 743.2440185546875)]","[(0, 7709.037109375), (1, 7859.03857421875)]","[(0, 4251.2001953125), (1, 4497.96240234375)]","[(0, 1162.6258544921875), (1, 1142.37353515625)]","[(0, 726.1011962890625), (1, 1175.14306640625)]","[(0, 1659.3619384765625), (1, 2155.076416015625)]","[(0, 2160.638916015625), (1, 2123.29052734375)]"
499,"[(0, 2442.147216796875), (1, 2862.284423828125)]","[(0, 833.4947509765625), (1, 1088.253173828125)]","[(0, 7587.83349609375), (1, 7526.2861328125)]","[(0, 2228.9814453125), (1, 2110.291015625)]","[(0, 2568.675537109375), (1, 1674.1268310546875)]","[(0, 1897.5418701171875), (1, 1956.7833251953125)]","[(0, 3246.66455078125), (1, 3960.922119140625)]","[(0, 1732.9154052734375), (1, 1888.89697265625)]","[(0, 842.1226806640625), (1, 629.8554077148438)]","[(0, 1170.198974609375), (1, 1229.740234375)]","[(0, 1519.8238525390625), (1, 1776.9312744140625)]"
