,anaphoric-one-semantics,anaphoric-one-syntax,island-adjunct,island-complex-np,island-wh,principle_a_command,principle_a_locality,question-formation_or,question-formation_rr,question-formation_sr,wanna
0,"[(0, 2436.3642578125), (1, 3060.772216796875)]","[(0, 3014.31689453125), (1, 3243.124267578125)]","[(0, 2579.153564453125), (1, 2705.843994140625)]","[(0, 2019.81298828125), (1, 2033.1021728515625)]","[(0, 3650.793212890625), (1, 2337.241455078125)]","[(0, 5165.64697265625), (1, 4902.966796875)]","[(0, 6607.80712890625), (1, 7115.62646484375)]","[(0, 1953.569580078125), (1, 1249.657470703125)]","[(0, 2299.747802734375), (1, 2349.41552734375)]","[(0, 2324.52001953125), (1, 2111.63671875)]","[(0, 4068.34765625), (1, 3462.677490234375)]"
1,"[(0, 3927.45263671875), (1, 5377.36328125)]","[(0, 3068.18359375), (1, 3364.5673828125)]","[(0, 1500.5645751953125), (1, 1582.64111328125)]","[(0, 3312.417236328125), (1, 3298.2451171875)]","[(0, 3414.5576171875), (1, 2096.55908203125)]","[(0, 5068.314453125), (1, 5345.87109375)]","[(0, 4452.896484375), (1, 5050.57275390625)]","[(0, 1951.886962890625), (1, 1189.80859375)]","[(0, 1918.0865478515625), (1, 1247.5260009765625)]","[(0, 1871.945068359375), (1, 2360.681396484375)]","[(0, 2947.978515625), (1, 2215.259765625)]"
2,"[(0, 3400.15283203125), (1, 4730.04931640625)]","[(0, 2737.109130859375), (1, 2795.6357421875)]","[(0, 1321.2747802734375), (1, 1496.4937744140625)]","[(0, 2868.216796875), (1, 2839.498291015625)]","[(0, 1752.4967041015625), (1, 1506.1697998046875)]","[(0, 7822.861328125), (1, 7281.67333984375)]","[(0, 2071.827880859375), (1, 2188.497314453125)]","[(0, 1352.5330810546875), (1, 1550.1943359375)]","[(0, 3032.8720703125), (1, 2232.756591796875)]","[(0, 3254.99169921875), (1, 3868.8134765625)]","[(0, 2765.720703125), (1, 2120.505859375)]"
3,"[(0, 3860.40673828125), (1, 5144.93408203125)]","[(0, 2558.8603515625), (1, 2671.714599609375)]","[(0, 6968.740234375), (1, 7620.525390625)]","[(0, 4040.83984375), (1, 4040.2578125)]","[(0, 1647.9039306640625), (1, 1441.2257080078125)]","[(0, 6024.47509765625), (1, 5587.484375)]","[(0, 4926.35009765625), (1, 4732.62158203125)]","[(0, 3024.533203125), (1, 2382.096435546875)]","[(0, 2237.892333984375), (1, 2332.86474609375)]","[(0, 2200.429443359375), (1, 1348.0440673828125)]","[(0, 4070.362060546875), (1, 3317.352294921875)]"
4,"[(0, 2729.68505859375), (1, 3728.888671875)]","[(0, 1021.7349243164062), (1, 965.1932373046875)]","[(0, 6396.27880859375), (1, 5966.6513671875)]","[(0, 3791.3505859375), (1, 4245.79931640625)]","[(0, 4270.0986328125), (1, 2622.70654296875)]","[(0, 4019.3818359375), (1, 4237.5146484375)]","[(0, 3848.045166015625), (1, 4136.685546875)]","[(0, 2127.58544921875), (1, 1663.7701416015625)]","[(0, 1914.288330078125), (1, 3543.623291015625)]","[(0, 834.589599609375), (1, 1510.3056640625)]","[(0, 3129.802490234375), (1, 2787.747314453125)]"
5,"[(0, 3455.212646484375), (1, 4510.04541015625)]","[(0, 1005.738037109375), (1, 933.3515014648438)]","[(0, 2345.313232421875), (1, 2760.838623046875)]","[(0, 2629.8984375), (1, 2933.80517578125)]","[(0, 4519.14697265625), (1, 2820.944580078125)]","[(0, 4501.88037109375), (1, 4459.92529296875)]","[(0, 5167.1396484375), (1, 4913.32568359375)]","[(0, 2482.498779296875), (1, 1686.1103515625)]","[(0, 2497.389892578125), (1, 3455.169921875)]","[(0, 845.0570678710938), (1, 1269.1485595703125)]","[(0, 2086.459228515625), (1, 1902.025146484375)]"
6,"[(0, 3267.647216796875), (1, 4510.68603515625)]","[(0, 2955.116943359375), (1, 3570.29248046875)]","[(0, 2734.378662109375), (1, 2079.388427734375)]","[(0, 2701.392578125), (1, 2661.171875)]","[(0, 2059.718994140625), (1, 1842.9293212890625)]","[(0, 3133.069580078125), (1, 3118.968505859375)]","[(0, 8531.8818359375), (1, 9965.5380859375)]","[(0, 1659.9364013671875), (1, 1681.557861328125)]","[(0, 2314.417724609375), (1, 2017.3104248046875)]","[(0, 2749.673828125), (1, 2288.6083984375)]","[(0, 4015.125732421875), (1, 3379.90771484375)]"
7,"[(0, 2493.697265625), (1, 3385.55029296875)]","[(0, 3056.501708984375), (1, 3808.215576171875)]","[(0, 1558.4085693359375), (1, 1674.683349609375)]","[(0, 5650.92236328125), (1, 5503.703125)]","[(0, 1746.78173828125), (1, 1505.977294921875)]","[(0, 3362.591552734375), (1, 3461.749755859375)]","[(0, 7189.9111328125), (1, 7968.53076171875)]","[(0, 3458.318115234375), (1, 2845.232666015625)]","[(0, 1625.591796875), (1, 1836.3643798828125)]","[(0, 2095.80029296875), (1, 2221.198974609375)]","[(0, 3032.5048828125), (1, 2772.976806640625)]"
8,"[(0, 3826.13671875), (1, 5061.1806640625)]","[(0, 2667.251953125), (1, 2956.065185546875)]","[(0, 4636.6552734375), (1, 4588.3349609375)]","[(0, 3888.6884765625), (1, 3893.19677734375)]","[(0, 4599.6689453125), (1, 2632.131591796875)]","[(0, 4024.529296875), (1, 3967.43994140625)]","[(0, 3688.67724609375), (1, 3915.20166015625)]","[(0, 1753.5557861328125), (1, 1676.6058349609375)]","[(0, 2467.941162109375), (1, 3349.072998046875)]","[(0, 1946.5482177734375), (1, 2805.646240234375)]","[(0, 1177.879150390625), (1, 968.9841918945312)]"
9,"[(0, 3176.1533203125), (1, 4331.8037109375)]","[(0, 1798.47216796875), (1, 1822.21875)]","[(0, 2232.798095703125), (1, 2329.30224609375)]","[(0, 6696.91650390625), (1, 6663.12744140625)]","[(0, 1161.0125732421875), (1, 998.5491943359375)]","[(0, 3376.534423828125), (1, 3555.610107421875)]","[(0, 5586.07275390625), (1, 5381.2724609375)]","[(0, 2586.062255859375), (1, 1859.024658203125)]","[(0, 1211.627685546875), (1, 1739.7576904296875)]","[(0, 4858.55712890625), (1, 2878.8662109375)]","[(0, 3370.897705078125), (1, 2522.328369140625)]"
10,"[(0, 2673.06396484375), (1, 3591.646728515625)]","[(0, 1024.14990234375), (1, 876.5438232421875)]","[(0, 6953.0078125), (1, 6908.392578125)]","[(0, 2567.320068359375), (1, 2484.6552734375)]","[(0, 966.3997802734375), (1, 856.3383178710938)]","[(0, 3107.18212890625), (1, 2897.57275390625)]","[(0, 5268.7763671875), (1, 7212.16796875)]","[(0, 2077.83349609375), (1, 1522.5628662109375)]","[(0, 2570.757568359375), (1, 4004.597900390625)]","[(0, 1820.111083984375), (1, 1721.3173828125)]","[(0, 2974.748779296875), (1, 2571.24072265625)]"
11,"[(0, 3280.1142578125), (1, 4266.58984375)]","[(0, 875.526611328125), (1, 806.7640991210938)]","[(0, 1525.6806640625), (1, 1528.45556640625)]","[(0, 2747.80615234375), (1, 2938.10302734375)]","[(0, 1924.636474609375), (1, 1231.6962890625)]","[(0, 5936.6201171875), (1, 5782.64111328125)]","[(0, 5745.486328125), (1, 7287.21044921875)]","[(0, 2471.330322265625), (1, 1745.036865234375)]","[(0, 1721.681884765625), (1, 1388.7685546875)]","[(0, 1887.849853515625), (1, 1908.114990234375)]","[(0, 2583.65478515625), (1, 2203.634033203125)]"
12,"[(0, 4440.22509765625), (1, 6143.794921875)]","[(0, 1159.4346923828125), (1, 1394.5550537109375)]","[(0, 5072.28466796875), (1, 5018.55322265625)]","[(0, 3531.235595703125), (1, 3309.004150390625)]","[(0, 1979.3309326171875), (1, 1752.58447265625)]","[(0, 6495.6796875), (1, 6836.42333984375)]","[(0, 7166.02734375), (1, 7631.93603515625)]","[(0, 2377.987060546875), (1, 2698.72607421875)]","[(0, 1103.4632568359375), (1, 1726.988525390625)]","[(0, 3357.00341796875), (1, 2835.912353515625)]","[(0, 2736.98388671875), (1, 2222.3994140625)]"
13,"[(0, 4395.84228515625), (1, 5961.11181640625)]","[(0, 1194.4539794921875), (1, 1531.454833984375)]","[(0, 3029.065185546875), (1, 3041.906982421875)]","[(0, 6343.98486328125), (1, 6389.791015625)]","[(0, 1944.30322265625), (1, 1637.8883056640625)]","[(0, 4301.890625), (1, 4529.96875)]","[(0, 4818.98291015625), (1, 4472.28125)]","[(0, 1518.8240966796875), (1, 1989.1746826171875)]","[(0, 2493.565185546875), (1, 2051.302490234375)]","[(0, 3562.8095703125), (1, 4057.18505859375)]","[(0, 2193.043701171875), (1, 1682.2091064453125)]"
14,"[(0, 3973.67236328125), (1, 5280.7587890625)]","[(0, 1038.4071044921875), (1, 1204.574951171875)]","[(0, 2023.5987548828125), (1, 2007.45361328125)]","[(0, 7477.56494140625), (1, 7847.66845703125)]","[(0, 2084.17626953125), (1, 1384.2496337890625)]","[(0, 5129.755859375), (1, 5045.08984375)]","[(0, 3196.929931640625), (1, 3288.9755859375)]","[(0, 1695.1456298828125), (1, 1756.5115966796875)]","[(0, 1942.288818359375), (1, 1211.9508056640625)]","[(0, 1924.7640380859375), (1, 2745.6806640625)]","[(0, 3211.8583984375), (1, 2852.260986328125)]"
15,"[(0, 2907.16650390625), (1, 3736.51025390625)]","[(0, 1058.7509765625), (1, 1188.58154296875)]","[(0, 1315.7314453125), (1, 1323.8302001953125)]","[(0, 2535.1943359375), (1, 2578.750244140625)]","[(0, 890.2191772460938), (1, 798.7071533203125)]","[(0, 6570.650390625), (1, 6382.9580078125)]","[(0, 5483.3642578125), (1, 5290.06884765625)]","[(0, 1689.091064453125), (1, 2511.850341796875)]","[(0, 2216.06298828125), (1, 2646.14453125)]","[(0, 1591.8248291015625), (1, 1390.1697998046875)]","[(0, 1512.1966552734375), (1, 1335.8260498046875)]"
16,"[(0, 4173.74853515625), (1, 5384.59375)]","[(0, 839.5758666992188), (1, 811.5585327148438)]","[(0, 4063.109375), (1, 4033.947509765625)]","[(0, 3248.02099609375), (1, 3196.140625)]","[(0, 1448.517578125), (1, 1273.1441650390625)]","[(0, 5006.23486328125), (1, 5141.97607421875)]","[(0, 5310.33251953125), (1, 6131.17578125)]","[(0, 1821.323974609375), (1, 3155.66748046875)]","[(0, 1590.9954833984375), (1, 1218.297119140625)]","[(0, 2750.1171875), (1, 2619.4619140625)]","[(0, 2484.989501953125), (1, 2000.511474609375)]"
17,"[(0, 4185.28369140625), (1, 5668.25341796875)]","[(0, 1116.73095703125), (1, 1056.3787841796875)]","[(0, 4657.71142578125), (1, 4852.73193359375)]","[(0, 1756.51318359375), (1, 1916.9775390625)]","[(0, 1583.9246826171875), (1, 1434.80615234375)]","[(0, 3966.259521484375), (1, 4089.51318359375)]","[(0, 6763.43603515625), (1, 7265.56689453125)]","[(0, 2886.25), (1, 2099.98486328125)]","[(0, 2188.990966796875), (1, 2247.32080078125)]","[(0, 2682.3798828125), (1, 2765.509765625)]","[(0, 3377.6328125), (1, 2900.93212890625)]"
18,"[(0, 3775.633056640625), (1, 4966.68798828125)]","[(0, 1608.227294921875), (1, 2042.8951416015625)]","[(0, 4436.90234375), (1, 3742.322998046875)]","[(0, 2925.035888671875), (1, 2556.307861328125)]","[(0, 3762.02197265625), (1, 2279.4423828125)]","[(0, 7176.73046875), (1, 6930.55810546875)]","[(0, 6112.90185546875), (1, 5996.6572265625)]","[(0, 3255.429443359375), (1, 4252.65576171875)]","[(0, 1621.179443359375), (1, 2146.39208984375)]","[(0, 1915.7091064453125), (1, 1785.62548828125)]","[(0, 2087.04638671875), (1, 1413.2183837890625)]"
19,"[(0, 3510.14990234375), (1, 4664.92626953125)]","[(0, 1524.5135498046875), (1, 2052.403076171875)]","[(0, 3706.08203125), (1, 4226.287109375)]","[(0, 2739.558837890625), (1, 2729.69677734375)]","[(0, 1033.326904296875), (1, 915.9310302734375)]","[(0, 5656.76708984375), (1, 5880.267578125)]","[(0, 4955.97607421875), (1, 4855.40283203125)]","[(0, 2218.219482421875), (1, 2727.382080078125)]","[(0, 1290.2318115234375), (1, 895.25634765625)]","[(0, 1731.2083740234375), (1, 1434.3272705078125)]","[(0, 2742.177734375), (1, 2579.93701171875)]"
20,"[(0, 3642.814697265625), (1, 4751.14453125)]","[(0, 1503.3828125), (1, 1803.9183349609375)]","[(0, 6297.77392578125), (1, 6040.81396484375)]","[(0, 2700.296630859375), (1, 2913.99072265625)]","[(0, 4066.900634765625), (1, 2596.956298828125)]","[(0, 8445.705078125), (1, 7947.70458984375)]","[(0, 4508.4970703125), (1, 4712.04443359375)]","[(0, 1881.29150390625), (1, 1846.755126953125)]","[(0, 1599.95361328125), (1, 1334.5146484375)]","[(0, 2468.77099609375), (1, 2255.32177734375)]","[(0, 3609.281982421875), (1, 2829.522216796875)]"
21,"[(0, 4297.7119140625), (1, 5927.74951171875)]","[(0, 1147.6270751953125), (1, 1272.20166015625)]","[(0, 1332.5789794921875), (1, 1432.8480224609375)]","[(0, 2531.83349609375), (1, 2678.720458984375)]","[(0, 1417.474853515625), (1, 1287.6173095703125)]","[(0, 4431.10498046875), (1, 4449.7587890625)]","[(0, 2820.90283203125), (1, 2744.50634765625)]","[(0, 1779.2449951171875), (1, 1787.3463134765625)]","[(0, 2413.96923828125), (1, 2217.50146484375)]","[(0, 1083.0634765625), (1, 1142.8895263671875)]","[(0, 3375.404541015625), (1, 2825.7724609375)]"
22,"[(0, 2756.256103515625), (1, 3773.433837890625)]","[(0, 904.3980102539062), (1, 782.0719604492188)]","[(0, 1968.0440673828125), (1, 2441.845703125)]","[(0, 5613.1845703125), (1, 5591.5302734375)]","[(0, 2798.252685546875), (1, 1721.517578125)]","[(0, 8504.642578125), (1, 8605.1796875)]","[(0, 6074.19873046875), (1, 8956.287109375)]","[(0, 1592.6197509765625), (1, 2361.991943359375)]","[(0, 2135.88427734375), (1, 2038.676513671875)]","[(0, 1632.2490234375), (1, 2135.260009765625)]","[(0, 1627.5546875), (1, 1265.097900390625)]"
23,"[(0, 3635.380859375), (1, 5042.55517578125)]","[(0, 2653.115966796875), (1, 2978.027099609375)]","[(0, 1117.9110107421875), (1, 1139.1104736328125)]","[(0, 4248.80078125), (1, 4451.87744140625)]","[(0, 2429.3017578125), (1, 2248.94580078125)]","[(0, 8543.0439453125), (1, 9090.67578125)]","[(0, 3477.052490234375), (1, 4643.17333984375)]","[(0, 1534.29443359375), (1, 1748.239990234375)]","[(0, 1968.197998046875), (1, 1571.0064697265625)]","[(0, 1314.530517578125), (1, 1590.103515625)]","[(0, 4045.9453125), (1, 3492.30615234375)]"
24,"[(0, 4760.69580078125), (1, 6769.61865234375)]","[(0, 2602.0458984375), (1, 2950.050048828125)]","[(0, 7967.4892578125), (1, 7803.9638671875)]","[(0, 1581.3134765625), (1, 1643.3135986328125)]","[(0, 2504.47119140625), (1, 1637.132568359375)]","[(0, 3805.55810546875), (1, 3542.92724609375)]","[(0, 2607.22119140625), (1, 2925.22705078125)]","[(0, 1865.09423828125), (1, 2015.4730224609375)]","[(0, 1984.4417724609375), (1, 2649.876953125)]","[(0, 1261.236328125), (1, 2350.4443359375)]","[(0, 2208.25390625), (1, 1899.8197021484375)]"
25,"[(0, 3285.091796875), (1, 4335.68017578125)]","[(0, 2470.231201171875), (1, 2538.33349609375)]","[(0, 6302.47265625), (1, 6345.0498046875)]","[(0, 5351.58935546875), (1, 5293.490234375)]","[(0, 2499.5126953125), (1, 1814.7891845703125)]","[(0, 3120.04541015625), (1, 3061.738525390625)]","[(0, 4697.86572265625), (1, 4061.470703125)]","[(0, 1720.319580078125), (1, 1442.281494140625)]","[(0, 3331.1171875), (1, 3145.115966796875)]","[(0, 905.5739135742188), (1, 1791.9373779296875)]","[(0, 2530.408203125), (1, 2267.77490234375)]"
26,"[(0, 3584.830322265625), (1, 4962.66845703125)]","[(0, 1730.17919921875), (1, 1593.549560546875)]","[(0, 5888.33154296875), (1, 6108.75830078125)]","[(0, 5719.16943359375), (1, 5106.619140625)]","[(0, 3443.945068359375), (1, 2430.767578125)]","[(0, 4006.3818359375), (1, 4186.6689453125)]","[(0, 4464.19384765625), (1, 4451.50341796875)]","[(0, 4103.18603515625), (1, 2205.693603515625)]","[(0, 1464.65478515625), (1, 1389.1009521484375)]","[(0, 2326.607177734375), (1, 1660.6434326171875)]","[(0, 3015.6826171875), (1, 2709.283447265625)]"
27,"[(0, 2743.031982421875), (1, 3817.2802734375)]","[(0, 854.97509765625), (1, 719.3953857421875)]","[(0, 3641.86669921875), (1, 3119.167724609375)]","[(0, 4573.8388671875), (1, 4624.1630859375)]","[(0, 1486.500732421875), (1, 1264.0107421875)]","[(0, 4385.0390625), (1, 4287.1298828125)]","[(0, 4865.95751953125), (1, 5105.6259765625)]","[(0, 3199.98974609375), (1, 4372.048828125)]","[(0, 2039.548828125), (1, 2879.553955078125)]","[(0, 2855.486083984375), (1, 3681.981689453125)]","[(0, 2128.393310546875), (1, 1574.1357421875)]"
28,"[(0, 3433.336669921875), (1, 4587.5302734375)]","[(0, 1638.1234130859375), (1, 1669.30908203125)]","[(0, 2303.6728515625), (1, 2046.8245849609375)]","[(0, 2833.048583984375), (1, 3044.15576171875)]","[(0, 1453.9117431640625), (1, 1200.1768798828125)]","[(0, 3909.85107421875), (1, 4099.748046875)]","[(0, 6359.6015625), (1, 9138.4658203125)]","[(0, 1937.0714111328125), (1, 2320.259765625)]","[(0, 1464.010986328125), (1, 1726.77685546875)]","[(0, 2392.830810546875), (1, 1933.9610595703125)]","[(0, 4017.335693359375), (1, 3311.829833984375)]"
29,"[(0, 4328.89208984375), (1, 5591.796875)]","[(0, 749.406982421875), (1, 652.2138061523438)]","[(0, 1533.579833984375), (1, 1634.1781005859375)]","[(0, 2569.086181640625), (1, 2539.04638671875)]","[(0, 4558.67626953125), (1, 3191.925048828125)]","[(0, 2721.7333984375), (1, 2777.091796875)]","[(0, 5268.9423828125), (1, 7501.43505859375)]","[(0, 2688.197021484375), (1, 2256.823486328125)]","[(0, 4541.37548828125), (1, 3411.52734375)]","[(0, 3147.651611328125), (1, 2774.214599609375)]","[(0, 2376.203125), (1, 2199.740234375)]"
30,"[(0, 3024.5419921875), (1, 4068.88720703125)]","[(0, 1169.9210205078125), (1, 1119.7744140625)]","[(0, 7112.73583984375), (1, 6847.02587890625)]","[(0, 4238.13330078125), (1, 3998.7705078125)]","[(0, 4395.12109375), (1, 3037.2138671875)]","[(0, 3995.671142578125), (1, 3935.709228515625)]","[(0, 2397.925048828125), (1, 2450.350830078125)]","[(0, 1405.07666015625), (1, 1550.510009765625)]","[(0, 2333.513427734375), (1, 2248.865478515625)]","[(0, 1660.408935546875), (1, 1381.9044189453125)]","[(0, 3955.742919921875), (1, 3261.209228515625)]"
31,"[(0, 4964.2587890625), (1, 6364.06689453125)]","[(0, 3163.329833984375), (1, 3790.8623046875)]","[(0, 2819.220703125), (1, 2440.5849609375)]","[(0, 2149.06298828125), (1, 2100.679931640625)]","[(0, 2088.197998046875), (1, 1839.5684814453125)]","[(0, 5608.8720703125), (1, 5869.91943359375)]","[(0, 2259.85595703125), (1, 2249.2890625)]","[(0, 1690.6236572265625), (1, 1920.42041015625)]","[(0, 1680.5638427734375), (1, 1836.138427734375)]","[(0, 2839.05810546875), (1, 3780.88671875)]","[(0, 2039.6829833984375), (1, 1866.5009765625)]"
32,"[(0, 4337.1279296875), (1, 5817.58837890625)]","[(0, 3498.40966796875), (1, 3944.336181640625)]","[(0, 1953.4298095703125), (1, 2095.488525390625)]","[(0, 4758.38134765625), (1, 4835.5927734375)]","[(0, 2160.499755859375), (1, 1961.8057861328125)]","[(0, 7164.40087890625), (1, 6437.35888671875)]","[(0, 4287.625), (1, 4337.251953125)]","[(0, 1574.5869140625), (1, 1033.897216796875)]","[(0, 1551.6572265625), (1, 1583.3861083984375)]","[(0, 1565.1741943359375), (1, 1629.3912353515625)]","[(0, 4274.21728515625), (1, 3730.656494140625)]"
33,"[(0, 4691.40966796875), (1, 6065.24365234375)]","[(0, 2846.26806640625), (1, 3013.0322265625)]","[(0, 5323.81103515625), (1, 5911.3837890625)]","[(0, 2656.696044921875), (1, 2559.680419921875)]","[(0, 5741.19775390625), (1, 3964.6748046875)]","[(0, 5212.39599609375), (1, 5244.11279296875)]","[(0, 3895.280517578125), (1, 3988.429931640625)]","[(0, 2569.42529296875), (1, 1647.926025390625)]","[(0, 1612.92041015625), (1, 1269.899169921875)]","[(0, 2638.955810546875), (1, 3706.6298828125)]","[(0, 1607.1800537109375), (1, 1111.065185546875)]"
34,"[(0, 3273.414306640625), (1, 4358.53173828125)]","[(0, 2045.09765625), (1, 1929.8387451171875)]","[(0, 3548.3408203125), (1, 3847.25634765625)]","[(0, 5098.001953125), (1, 5252.80712890625)]","[(0, 2038.51513671875), (1, 1591.2025146484375)]","[(0, 9364.783203125), (1, 9595.359375)]","[(0, 3433.411865234375), (1, 3430.067138671875)]","[(0, 3051.8212890625), (1, 4521.3330078125)]","[(0, 1421.1097412109375), (1, 2020.0257568359375)]","[(0, 2310.328125), (1, 1550.73486328125)]","[(0, 3123.11474609375), (1, 2305.07275390625)]"
35,"[(0, 3318.62109375), (1, 4549.486328125)]","[(0, 2718.6787109375), (1, 2770.311279296875)]","[(0, 7661.6240234375), (1, 7502.96630859375)]","[(0, 4066.117431640625), (1, 4134.93408203125)]","[(0, 1350.832763671875), (1, 1148.5341796875)]","[(0, 8336.029296875), (1, 8669.396484375)]","[(0, 6030.3271484375), (1, 5879.8583984375)]","[(0, 3909.91796875), (1, 4877.80078125)]","[(0, 3096.630126953125), (1, 2204.7607421875)]","[(0, 2436.843017578125), (1, 3083.99560546875)]","[(0, 2528.38916015625), (1, 2216.353515625)]"
36,"[(0, 2898.390869140625), (1, 3851.3642578125)]","[(0, 2960.385986328125), (1, 3084.533935546875)]","[(0, 2199.54931640625), (1, 2787.123779296875)]","[(0, 3006.545166015625), (1, 2812.736572265625)]","[(0, 1810.444091796875), (1, 1539.2613525390625)]","[(0, 4043.634521484375), (1, 3955.52783203125)]","[(0, 5640.52001953125), (1, 6467.400390625)]","[(0, 2165.843994140625), (1, 2612.843994140625)]","[(0, 2173.471923828125), (1, 2191.098388671875)]","[(0, 1180.5111083984375), (1, 888.1707763671875)]","[(0, 3037.26025390625), (1, 2827.46533203125)]"
37,"[(0, 3383.816650390625), (1, 4643.22216796875)]","[(0, 2757.511474609375), (1, 2926.25634765625)]","[(0, 3591.797607421875), (1, 3583.411865234375)]","[(0, 2319.36376953125), (1, 2229.580078125)]","[(0, 2030.0294189453125), (1, 1823.935546875)]","[(0, 3565.06640625), (1, 3448.970703125)]","[(0, 5549.572265625), (1, 5281.47412109375)]","[(0, 1425.0958251953125), (1, 1588.6180419921875)]","[(0, 1664.778076171875), (1, 2634.317626953125)]","[(0, 2490.017333984375), (1, 2418.439697265625)]","[(0, 2942.53076171875), (1, 2513.88623046875)]"
38,"[(0, 2712.437255859375), (1, 3497.005126953125)]","[(0, 1819.4013671875), (1, 1910.3719482421875)]","[(0, 1387.4129638671875), (1, 1533.6156005859375)]","[(0, 3773.181884765625), (1, 3805.6884765625)]","[(0, 2640.208251953125), (1, 1660.4447021484375)]","[(0, 3174.757080078125), (1, 3169.816650390625)]","[(0, 2626.76416015625), (1, 2568.609619140625)]","[(0, 2768.792236328125), (1, 2774.42236328125)]","[(0, 2329.036865234375), (1, 2479.148681640625)]","[(0, 1618.5416259765625), (1, 2094.306884765625)]","[(0, 5182.0380859375), (1, 4403.6845703125)]"
39,"[(0, 3204.882080078125), (1, 4105.24072265625)]","[(0, 887.0618896484375), (1, 846.7597045898438)]","[(0, 7729.20068359375), (1, 8052.30224609375)]","[(0, 3507.75390625), (1, 3677.462158203125)]","[(0, 2177.396240234375), (1, 1361.817626953125)]","[(0, 2075.86865234375), (1, 2134.802978515625)]","[(0, 2142.054931640625), (1, 2199.672119140625)]","[(0, 2838.93359375), (1, 1886.9705810546875)]","[(0, 2012.2972412109375), (1, 2124.384033203125)]","[(0, 2255.3505859375), (1, 2730.719970703125)]","[(0, 3154.68359375), (1, 2931.65576171875)]"
40,"[(0, 4490.14111328125), (1, 5968.609375)]","[(0, 746.6498413085938), (1, 658.8621215820312)]","[(0, 2825.29541015625), (1, 2538.680908203125)]","[(0, 1991.5399169921875), (1, 2259.58447265625)]","[(0, 1209.5928955078125), (1, 1091.7777099609375)]","[(0, 4070.342529296875), (1, 3942.482177734375)]","[(0, 4225.96484375), (1, 4854.52783203125)]","[(0, 1707.1982421875), (1, 2719.00146484375)]","[(0, 1195.345703125), (1, 1812.15771484375)]","[(0, 2010.122314453125), (1, 2056.897216796875)]","[(0, 3037.26025390625), (1, 2701.0654296875)]"
41,"[(0, 4449.79736328125), (1, 5950.427734375)]","[(0, 1183.794677734375), (1, 1094.056640625)]","[(0, 6791.72119140625), (1, 6262.193359375)]","[(0, 2578.421875), (1, 2689.94091796875)]","[(0, 1449.966796875), (1, 1301.341796875)]","[(0, 3626.114990234375), (1, 3546.53759765625)]","[(0, 3979.008056640625), (1, 3709.434326171875)]","[(0, 2184.121826171875), (1, 1573.4708251953125)]","[(0, 3144.777099609375), (1, 2333.56689453125)]","[(0, 1869.9093017578125), (1, 2674.146484375)]","[(0, 1664.644775390625), (1, 1123.0914306640625)]"
42,"[(0, 3141.24609375), (1, 4273.3369140625)]","[(0, 3389.44921875), (1, 4184.2021484375)]","[(0, 2573.30859375), (1, 2464.72119140625)]","[(0, 4095.42626953125), (1, 4433.2353515625)]","[(0, 3842.614013671875), (1, 2505.93212890625)]","[(0, 2810.835205078125), (1, 2773.4423828125)]","[(0, 3590.842041015625), (1, 3869.473876953125)]","[(0, 2459.43701171875), (1, 1914.8206787109375)]","[(0, 2016.180419921875), (1, 1752.5609130859375)]","[(0, 2192.02001953125), (1, 2077.76904296875)]","[(0, 3811.97265625), (1, 3323.11181640625)]"
43,"[(0, 3090.66748046875), (1, 4117.38427734375)]","[(0, 3344.559814453125), (1, 4209.36474609375)]","[(0, 4566.93505859375), (1, 4770.48583984375)]","[(0, 3783.6171875), (1, 3409.18896484375)]","[(0, 3735.145751953125), (1, 2373.993408203125)]","[(0, 2029.797119140625), (1, 1981.0985107421875)]","[(0, 3136.881591796875), (1, 3395.664794921875)]","[(0, 2000.1717529296875), (1, 1996.394775390625)]","[(0, 982.92138671875), (1, 1343.0765380859375)]","[(0, 1380.56884765625), (1, 2297.449462890625)]","[(0, 2850.169677734375), (1, 2503.577880859375)]"
44,"[(0, 3497.015380859375), (1, 4837.88916015625)]","[(0, 3049.29296875), (1, 3407.082763671875)]","[(0, 2078.330810546875), (1, 2130.99609375)]","[(0, 1446.3924560546875), (1, 1566.9022216796875)]","[(0, 4209.14794921875), (1, 2896.225830078125)]","[(0, 3681.92578125), (1, 3779.412353515625)]","[(0, 4705.89208984375), (1, 5161.072265625)]","[(0, 2425.930908203125), (1, 2344.38623046875)]","[(0, 1851.8837890625), (1, 1672.17138671875)]","[(0, 2508.55029296875), (1, 2729.552490234375)]","[(0, 1838.71337890625), (1, 1648.12255859375)]"
45,"[(0, 5006.3681640625), (1, 6232.62353515625)]","[(0, 1775.9774169921875), (1, 1801.794921875)]","[(0, 5209.4296875), (1, 5124.90966796875)]","[(0, 2266.673095703125), (1, 2488.928955078125)]","[(0, 4610.01123046875), (1, 4120.07080078125)]","[(0, 4446.63671875), (1, 4648.70751953125)]","[(0, 3417.975341796875), (1, 3097.52783203125)]","[(0, 2175.92333984375), (1, 2769.929443359375)]","[(0, 1287.3895263671875), (1, 1381.8438720703125)]","[(0, 1109.04638671875), (1, 982.508544921875)]","[(0, 5385.92431640625), (1, 4370.4189453125)]"
46,"[(0, 3343.44677734375), (1, 4254.93994140625)]","[(0, 817.3933715820312), (1, 674.1776123046875)]","[(0, 2791.763427734375), (1, 3935.431396484375)]","[(0, 1932.1656494140625), (1, 1911.9366455078125)]","[(0, 3613.638916015625), (1, 3322.52880859375)]","[(0, 4937.5869140625), (1, 4703.4111328125)]","[(0, 3637.590087890625), (1, 3835.248046875)]","[(0, 1464.693115234375), (1, 1475.9437255859375)]","[(0, 3222.83984375), (1, 3572.31201171875)]","[(0, 3353.8994140625), (1, 2788.15673828125)]","[(0, 2597.07763671875), (1, 2171.24267578125)]"
47,"[(0, 3846.522705078125), (1, 5012.1533203125)]","[(0, 830.1688842773438), (1, 750.1635131835938)]","[(0, 6626.44873046875), (1, 6394.1865234375)]","[(0, 3556.84814453125), (1, 3493.411865234375)]","[(0, 3929.303466796875), (1, 2354.592529296875)]","[(0, 4023.094482421875), (1, 3850.8388671875)]","[(0, 4821.12451171875), (1, 4673.984375)]","[(0, 1569.177490234375), (1, 1575.7158203125)]","[(0, 1162.255615234375), (1, 1373.5218505859375)]","[(0, 1671.8182373046875), (1, 2373.43896484375)]","[(0, 2727.416015625), (1, 2169.63232421875)]"
48,"[(0, 4236.14111328125), (1, 5475.5)]","[(0, 998.2188110351562), (1, 926.092041015625)]","[(0, 1554.6173095703125), (1, 1748.2332763671875)]","[(0, 2206.0048828125), (1, 2110.220458984375)]","[(0, 3107.41015625), (1, 1912.8458251953125)]","[(0, 4711.91455078125), (1, 4915.7861328125)]","[(0, 3495.875), (1, 3653.652587890625)]","[(0, 1408.156494140625), (1, 1525.436279296875)]","[(0, 1022.99658203125), (1, 1155.0621337890625)]","[(0, 1748.4708251953125), (1, 1238.8369140625)]","[(0, 2277.67041015625), (1, 2126.805419921875)]"
49,"[(0, 4159.72900390625), (1, 5583.82470703125)]","[(0, 2146.937744140625), (1, 2257.334716796875)]","[(0, 3840.947265625), (1, 4062.09423828125)]","[(0, 1915.0478515625), (1, 2053.324462890625)]","[(0, 2722.687255859375), (1, 2353.371337890625)]","[(0, 7126.98193359375), (1, 7487.89111328125)]","[(0, 4117.7177734375), (1, 3776.349609375)]","[(0, 4513.07470703125), (1, 3902.8623046875)]","[(0, 1695.4432373046875), (1, 1805.849609375)]","[(0, 1798.368408203125), (1, 2651.55029296875)]","[(0, 1807.2630615234375), (1, 1422.1944580078125)]"
50,"[(0, 3822.7998046875), (1, 5198.3076171875)]","[(0, 2112.6025390625), (1, 2252.12451171875)]","[(0, 2573.36376953125), (1, 2584.834228515625)]","[(0, 2719.04296875), (1, 2781.287841796875)]","[(0, 2562.7275390625), (1, 2262.0810546875)]","[(0, 5339.29345703125), (1, 4979.96826171875)]","[(0, 5327.4521484375), (1, 5924.96875)]","[(0, 2663.53564453125), (1, 2528.960693359375)]","[(0, 1772.456298828125), (1, 1982.1068115234375)]","[(0, 1226.6707763671875), (1, 1525.5423583984375)]","[(0, 1659.0438232421875), (1, 1247.9722900390625)]"
51,"[(0, 2838.788818359375), (1, 3805.3984375)]","[(0, 2024.373779296875), (1, 2144.374755859375)]","[(0, 3570.500244140625), (1, 3451.705078125)]","[(0, 3363.659423828125), (1, 3251.41748046875)]","[(0, 4492.7109375), (1, 2936.91552734375)]","[(0, 5721.1279296875), (1, 5774.53466796875)]","[(0, 5352.36474609375), (1, 6158.9072265625)]","[(0, 1657.906494140625), (1, 2042.6048583984375)]","[(0, 1384.552001953125), (1, 2471.489501953125)]","[(0, 1714.23876953125), (1, 2282.653076171875)]","[(0, 5000.72802734375), (1, 3698.667236328125)]"
52,"[(0, 3773.419189453125), (1, 4914.421875)]","[(0, 2587.8544921875), (1, 3022.618896484375)]","[(0, 3147.720458984375), (1, 2948.023681640625)]","[(0, 4138.666015625), (1, 4213.98779296875)]","[(0, 4045.9453125), (1, 2786.2216796875)]","[(0, 3120.29248046875), (1, 3070.414306640625)]","[(0, 2096.947998046875), (1, 2263.06494140625)]","[(0, 2983.423828125), (1, 2855.465576171875)]","[(0, 2102.840576171875), (1, 1461.190673828125)]","[(0, 1854.374755859375), (1, 2225.85888671875)]","[(0, 2890.578857421875), (1, 2425.115478515625)]"
53,"[(0, 4327.005859375), (1, 5706.76953125)]","[(0, 2748.8271484375), (1, 3280.52392578125)]","[(0, 7999.55078125), (1, 7940.4775390625)]","[(0, 3922.92724609375), (1, 3872.85546875)]","[(0, 2985.524169921875), (1, 2589.293701171875)]","[(0, 4030.970947265625), (1, 4313.58203125)]","[(0, 2705.37451171875), (1, 2514.857177734375)]","[(0, 1947.44970703125), (1, 2181.291015625)]","[(0, 1261.795166015625), (1, 1449.726806640625)]","[(0, 1338.5233154296875), (1, 1129.7362060546875)]","[(0, 1866.1492919921875), (1, 1178.9669189453125)]"
54,"[(0, 3840.778564453125), (1, 5017.275390625)]","[(0, 2761.117919921875), (1, 2878.569580078125)]","[(0, 2647.177978515625), (1, 2800.366943359375)]","[(0, 4150.78857421875), (1, 4163.69384765625)]","[(0, 3022.46875), (1, 2715.5341796875)]","[(0, 9666.2099609375), (1, 9190.302734375)]","[(0, 6198.1201171875), (1, 7622.3857421875)]","[(0, 2641.022705078125), (1, 2224.02880859375)]","[(0, 2893.546630859375), (1, 2012.89990234375)]","[(0, 1574.420166015625), (1, 1258.9537353515625)]","[(0, 2422.482666015625), (1, 1674.063720703125)]"
55,"[(0, 3026.67724609375), (1, 4026.537109375)]","[(0, 2122.417724609375), (1, 2354.76318359375)]","[(0, 7423.91796875), (1, 7063.376953125)]","[(0, 2787.598388671875), (1, 2748.633056640625)]","[(0, 2653.07177734375), (1, 1745.4112548828125)]","[(0, 6696.09228515625), (1, 6655.31591796875)]","[(0, 8093.59228515625), (1, 9912.13671875)]","[(0, 2003.2786865234375), (1, 1922.892578125)]","[(0, 1467.1922607421875), (1, 1584.7919921875)]","[(0, 1766.9273681640625), (1, 1439.0797119140625)]","[(0, 2492.82470703125), (1, 2368.55029296875)]"
56,"[(0, 2867.947265625), (1, 3825.15185546875)]","[(0, 2172.419189453125), (1, 2463.27978515625)]","[(0, 3188.970703125), (1, 2705.803955078125)]","[(0, 2726.984130859375), (1, 2409.163818359375)]","[(0, 2163.784423828125), (1, 1465.4959716796875)]","[(0, 4384.46630859375), (1, 4493.65380859375)]","[(0, 3933.810302734375), (1, 3863.013916015625)]","[(0, 1420.7757568359375), (1, 1125.4862060546875)]","[(0, 1930.659912109375), (1, 2484.439697265625)]","[(0, 2051.814208984375), (1, 3618.2080078125)]","[(0, 2645.372314453125), (1, 2301.950927734375)]"
57,"[(0, 3110.763671875), (1, 4096.57421875)]","[(0, 2080.13720703125), (1, 2126.232666015625)]","[(0, 6476.4794921875), (1, 6300.88623046875)]","[(0, 4423.36181640625), (1, 4361.4755859375)]","[(0, 1536.898193359375), (1, 1325.7725830078125)]","[(0, 3545.780029296875), (1, 3676.953369140625)]","[(0, 1578.0142822265625), (1, 1615.48828125)]","[(0, 969.625244140625), (1, 1697.945556640625)]","[(0, 2128.069580078125), (1, 2216.599853515625)]","[(0, 3046.1103515625), (1, 2404.175048828125)]","[(0, 1903.418701171875), (1, 1612.9927978515625)]"
58,"[(0, 4220.18115234375), (1, 5504.69482421875)]","[(0, 1474.8433837890625), (1, 1332.3331298828125)]","[(0, 2737.60107421875), (1, 2592.75927734375)]","[(0, 2891.99755859375), (1, 3078.662109375)]","[(0, 1940.7381591796875), (1, 1622.78271484375)]","[(0, 7604.90869140625), (1, 7404.32568359375)]","[(0, 8804.0634765625), (1, 9055.4931640625)]","[(0, 1547.8795166015625), (1, 1256.29541015625)]","[(0, 1840.3272705078125), (1, 3079.431396484375)]","[(0, 1915.9010009765625), (1, 1978.846923828125)]","[(0, 2078.78271484375), (1, 1902.948486328125)]"
59,"[(0, 3176.61962890625), (1, 4044.911376953125)]","[(0, 2544.262451171875), (1, 3260.179931640625)]","[(0, 6606.0556640625), (1, 6525.27685546875)]","[(0, 5049.90380859375), (1, 4786.45361328125)]","[(0, 2680.234619140625), (1, 1620.7156982421875)]","[(0, 6276.45263671875), (1, 5892.73046875)]","[(0, 5118.29638671875), (1, 5339.86328125)]","[(0, 3975.82958984375), (1, 2705.128173828125)]","[(0, 845.1675415039062), (1, 1126.6632080078125)]","[(0, 3011.11328125), (1, 2021.1705322265625)]","[(0, 3026.299072265625), (1, 2237.560302734375)]"
60,"[(0, 2043.1455078125), (1, 2745.147705078125)]","[(0, 2464.39794921875), (1, 3215.5146484375)]","[(0, 6800.23681640625), (1, 6377.712890625)]","[(0, 1897.2178955078125), (1, 1942.9853515625)]","[(0, 2500.885009765625), (1, 1531.719970703125)]","[(0, 4449.203125), (1, 4726.24365234375)]","[(0, 5309.46142578125), (1, 6016.33349609375)]","[(0, 1612.9090576171875), (1, 2480.85986328125)]","[(0, 3355.857421875), (1, 2871.517578125)]","[(0, 1665.10986328125), (1, 1501.15869140625)]","[(0, 5481.69140625), (1, 4816.06494140625)]"
61,"[(0, 2591.268798828125), (1, 3378.966552734375)]","[(0, 2718.93017578125), (1, 3027.115966796875)]","[(0, 6030.28662109375), (1, 6160.05859375)]","[(0, 3419.269775390625), (1, 4051.605712890625)]","[(0, 1603.3497314453125), (1, 1319.4659423828125)]","[(0, 3480.88134765625), (1, 3828.46923828125)]","[(0, 3559.586669921875), (1, 3208.8916015625)]","[(0, 2110.563720703125), (1, 2271.5009765625)]","[(0, 2067.784423828125), (1, 2096.026123046875)]","[(0, 2697.945068359375), (1, 3336.767333984375)]","[(0, 1305.1007080078125), (1, 926.2236328125)]"
62,"[(0, 2675.437255859375), (1, 3550.050048828125)]","[(0, 1903.97705078125), (1, 1893.9359130859375)]","[(0, 4062.214599609375), (1, 3908.27783203125)]","[(0, 5896.64306640625), (1, 5780.95947265625)]","[(0, 1986.2574462890625), (1, 1644.7176513671875)]","[(0, 7798.51025390625), (1, 6842.70458984375)]","[(0, 6767.7783203125), (1, 6922.49267578125)]","[(0, 1126.9920654296875), (1, 1131.2017822265625)]","[(0, 1639.0540771484375), (1, 1503.6431884765625)]","[(0, 1946.00439453125), (1, 1728.7822265625)]","[(0, 3087.37109375), (1, 2548.14404296875)]"
63,"[(0, 3730.567626953125), (1, 4689.56640625)]","[(0, 941.851318359375), (1, 816.559326171875)]","[(0, 2643.70654296875), (1, 2601.03857421875)]","[(0, 2626.279296875), (1, 2621.91015625)]","[(0, 4769.7080078125), (1, 3173.848876953125)]","[(0, 2814.409423828125), (1, 2720.6474609375)]","[(0, 4850.82080078125), (1, 4494.63916015625)]","[(0, 3072.751708984375), (1, 3438.093994140625)]","[(0, 1127.7269287109375), (1, 890.2921752929688)]","[(0, 3242.963623046875), (1, 3558.9755859375)]","[(0, 2807.531982421875), (1, 2411.40625)]"
64,"[(0, 2708.324951171875), (1, 3248.52587890625)]","[(0, 1208.37646484375), (1, 1720.5008544921875)]","[(0, 3636.338134765625), (1, 3628.42236328125)]","[(0, 3328.58642578125), (1, 3433.254638671875)]","[(0, 4268.0302734375), (1, 2900.710693359375)]","[(0, 2104.155517578125), (1, 2085.44970703125)]","[(0, 9456.2783203125), (1, 9554.9072265625)]","[(0, 1735.0057373046875), (1, 2103.989990234375)]","[(0, 2223.05126953125), (1, 1807.562255859375)]","[(0, 2114.6767578125), (1, 2035.915771484375)]","[(0, 4937.20068359375), (1, 4068.708740234375)]"
65,"[(0, 4766.42431640625), (1, 6650.12646484375)]","[(0, 1320.944091796875), (1, 1945.8975830078125)]","[(0, 3293.498779296875), (1, 3252.927978515625)]","[(0, 3466.665771484375), (1, 3364.082763671875)]","[(0, 2295.30224609375), (1, 2058.740966796875)]","[(0, 2671.794921875), (1, 2779.902099609375)]","[(0, 8224.7646484375), (1, 8852.9560546875)]","[(0, 1791.74267578125), (1, 1467.90673828125)]","[(0, 2253.515625), (1, 1851.7830810546875)]","[(0, 2710.866455078125), (1, 1495.963623046875)]","[(0, 2716.91357421875), (1, 2378.176513671875)]"
66,"[(0, 3094.50146484375), (1, 4077.4990234375)]","[(0, 1242.340087890625), (1, 1582.032958984375)]","[(0, 5663.16357421875), (1, 5893.16845703125)]","[(0, 3546.5478515625), (1, 3825.505615234375)]","[(0, 2513.64404296875), (1, 2177.265380859375)]","[(0, 5754.74365234375), (1, 5539.89599609375)]","[(0, 2750.829345703125), (1, 2915.942138671875)]","[(0, 2710.708740234375), (1, 3820.17919921875)]","[(0, 1833.453369140625), (1, 1813.722412109375)]","[(0, 2081.38037109375), (1, 1305.363525390625)]","[(0, 3530.380126953125), (1, 3101.701904296875)]"
67,"[(0, 3656.385498046875), (1, 4790.80615234375)]","[(0, 999.5300903320312), (1, 1142.63623046875)]","[(0, 3955.11669921875), (1, 3997.340576171875)]","[(0, 2686.222412109375), (1, 2573.984619140625)]","[(0, 1528.57080078125), (1, 991.3558959960938)]","[(0, 3039.17822265625), (1, 3080.6181640625)]","[(0, 4536.6396484375), (1, 4317.0390625)]","[(0, 1650.754150390625), (1, 1707.2462158203125)]","[(0, 2566.92236328125), (1, 2102.52880859375)]","[(0, 1526.15283203125), (1, 1441.29296875)]","[(0, 3249.756103515625), (1, 2260.70849609375)]"
68,"[(0, 4478.0048828125), (1, 5759.59130859375)]","[(0, 789.482421875), (1, 764.1837158203125)]","[(0, 2472.3701171875), (1, 3171.54638671875)]","[(0, 2530.917236328125), (1, 2377.24365234375)]","[(0, 5771.09912109375), (1, 3896.52099609375)]","[(0, 3321.03662109375), (1, 3375.614013671875)]","[(0, 2432.72607421875), (1, 2589.655517578125)]","[(0, 1782.388671875), (1, 1624.470458984375)]","[(0, 1163.453857421875), (1, 1357.557373046875)]","[(0, 1874.5335693359375), (1, 2045.62353515625)]","[(0, 4636.48291015625), (1, 4137.119140625)]"
69,"[(0, 4477.884765625), (1, 5912.56787109375)]","[(0, 1488.5087890625), (1, 1975.387939453125)]","[(0, 3955.30517578125), (1, 3878.07421875)]","[(0, 3342.799560546875), (1, 3215.43505859375)]","[(0, 5613.50048828125), (1, 3797.8681640625)]","[(0, 6607.8828125), (1, 6733.02197265625)]","[(0, 5658.88232421875), (1, 6158.9248046875)]","[(0, 1535.285400390625), (1, 2136.469970703125)]","[(0, 2149.677734375), (1, 2493.79736328125)]","[(0, 2192.76025390625), (1, 3702.048095703125)]","[(0, 1997.0850830078125), (1, 1684.026123046875)]"
70,"[(0, 3223.82373046875), (1, 4484.5947265625)]","[(0, 1492.383544921875), (1, 1823.946044921875)]","[(0, 7129.4697265625), (1, 6725.78271484375)]","[(0, 6048.87890625), (1, 6073.60205078125)]","[(0, 2734.25390625), (1, 2272.955078125)]","[(0, 7149.58984375), (1, 6685.58984375)]","[(0, 4842.4638671875), (1, 5253.0771484375)]","[(0, 1404.4200439453125), (1, 1420.70263671875)]","[(0, 2382.763427734375), (1, 3130.981689453125)]","[(0, 1508.29638671875), (1, 1448.2537841796875)]","[(0, 2924.547607421875), (1, 1908.7584228515625)]"
71,"[(0, 3736.214599609375), (1, 4808.89599609375)]","[(0, 1166.9564208984375), (1, 1329.744873046875)]","[(0, 2769.251953125), (1, 2614.989013671875)]","[(0, 2546.374267578125), (1, 2586.369140625)]","[(0, 2422.167236328125), (1, 2033.7442626953125)]","[(0, 3145.131103515625), (1, 2989.134033203125)]","[(0, 3159.564208984375), (1, 3023.15478515625)]","[(0, 2598.52685546875), (1, 3191.769775390625)]","[(0, 2285.069580078125), (1, 2213.6318359375)]","[(0, 1372.1451416015625), (1, 1744.5135498046875)]","[(0, 3408.13232421875), (1, 3070.364501953125)]"
72,"[(0, 2975.9658203125), (1, 3980.408447265625)]","[(0, 887.7579956054688), (1, 809.4791870117188)]","[(0, 3859.571044921875), (1, 3855.906494140625)]","[(0, 5061.92431640625), (1, 5215.09619140625)]","[(0, 4469.1220703125), (1, 3244.890869140625)]","[(0, 5227.0859375), (1, 5409.09814453125)]","[(0, 7432.39794921875), (1, 8376.50390625)]","[(0, 2185.899169921875), (1, 2217.178955078125)]","[(0, 1740.5028076171875), (1, 2474.32666015625)]","[(0, 2419.332275390625), (1, 2677.257080078125)]","[(0, 1484.859375), (1, 1041.27294921875)]"
73,"[(0, 2527.806640625), (1, 3416.916259765625)]","[(0, 2269.145263671875), (1, 3065.007568359375)]","[(0, 1913.9150390625), (1, 1560.4176025390625)]","[(0, 2582.71875), (1, 2431.87109375)]","[(0, 3790.139404296875), (1, 3252.08740234375)]","[(0, 6464.78515625), (1, 7159.5107421875)]","[(0, 4282.03076171875), (1, 4711.2763671875)]","[(0, 2325.06884765625), (1, 2411.457763671875)]","[(0, 1693.2125244140625), (1, 2142.068115234375)]","[(0, 2047.8038330078125), (1, 1912.294921875)]","[(0, 4169.51904296875), (1, 3603.538330078125)]"
74,"[(0, 2591.60986328125), (1, 3346.4453125)]","[(0, 2118.290771484375), (1, 2946.16845703125)]","[(0, 5613.4736328125), (1, 4520.20751953125)]","[(0, 2293.927978515625), (1, 2232.06689453125)]","[(0, 4238.51708984375), (1, 3669.97509765625)]","[(0, 4377.12158203125), (1, 4002.906494140625)]","[(0, 6228.962890625), (1, 7855.576171875)]","[(0, 2443.370361328125), (1, 1994.212158203125)]","[(0, 2547.694580078125), (1, 2414.1142578125)]","[(0, 2680.833984375), (1, 2739.986083984375)]","[(0, 1997.265869140625), (1, 1783.4393310546875)]"
75,"[(0, 2353.525146484375), (1, 2869.420654296875)]","[(0, 2086.540771484375), (1, 2563.82763671875)]","[(0, 1932.4466552734375), (1, 1958.07421875)]","[(0, 3016.188720703125), (1, 2934.916259765625)]","[(0, 2813.456787109375), (1, 1738.634765625)]","[(0, 3835.47119140625), (1, 3780.17626953125)]","[(0, 4003.058837890625), (1, 4247.86474609375)]","[(0, 2050.622802734375), (1, 2110.892822265625)]","[(0, 1651.0926513671875), (1, 1506.1065673828125)]","[(0, 1396.531494140625), (1, 1244.42529296875)]","[(0, 2149.8837890625), (1, 1365.9259033203125)]"
76,"[(0, 2807.78369140625), (1, 3761.68798828125)]","[(0, 1632.5604248046875), (1, 1855.355712890625)]","[(0, 2063.862060546875), (1, 2345.879150390625)]","[(0, 1956.236572265625), (1, 1822.7974853515625)]","[(0, 1922.6248779296875), (1, 1688.2454833984375)]","[(0, 8931.8408203125), (1, 9445.904296875)]","[(0, 3740.132568359375), (1, 3609.98095703125)]","[(0, 2421.85791015625), (1, 2397.83251953125)]","[(0, 1800.656005859375), (1, 3277.541015625)]","[(0, 1879.73583984375), (1, 2894.81884765625)]","[(0, 4420.7509765625), (1, 3756.2607421875)]"
77,"[(0, 2523.49169921875), (1, 3571.136962890625)]","[(0, 664.9104614257812), (1, 722.9993896484375)]","[(0, 2955.69482421875), (1, 2872.984375)]","[(0, 2346.9140625), (1, 2233.559814453125)]","[(0, 3611.9814453125), (1, 2322.086181640625)]","[(0, 4498.90625), (1, 4614.3173828125)]","[(0, 7469.8603515625), (1, 9680.7119140625)]","[(0, 1279.6583251953125), (1, 1746.6767578125)]","[(0, 2021.309326171875), (1, 1727.97216796875)]","[(0, 1819.8282470703125), (1, 2449.891845703125)]","[(0, 4549.37353515625), (1, 3541.970947265625)]"
78,"[(0, 4063.927001953125), (1, 5495.9501953125)]","[(0, 2554.266845703125), (1, 3267.008544921875)]","[(0, 4501.68310546875), (1, 4340.4794921875)]","[(0, 2725.62451171875), (1, 2633.96484375)]","[(0, 3264.336181640625), (1, 2137.605224609375)]","[(0, 6668.61962890625), (1, 6262.7783203125)]","[(0, 7651.5625), (1, 9720.3251953125)]","[(0, 2630.649658203125), (1, 2884.328125)]","[(0, 2537.222412109375), (1, 3424.31787109375)]","[(0, 1563.9261474609375), (1, 1748.7569580078125)]","[(0, 4913.52685546875), (1, 3646.82958984375)]"
79,"[(0, 2102.950927734375), (1, 2740.44970703125)]","[(0, 2683.3818359375), (1, 3557.69970703125)]","[(0, 2919.328369140625), (1, 3018.27197265625)]","[(0, 2034.6075439453125), (1, 1909.1407470703125)]","[(0, 1213.8009033203125), (1, 1114.7027587890625)]","[(0, 5817.88232421875), (1, 5519.8505859375)]","[(0, 3674.412109375), (1, 3853.116455078125)]","[(0, 1559.6953125), (1, 2007.74853515625)]","[(0, 2469.830810546875), (1, 2162.46435546875)]","[(0, 2954.63916015625), (1, 3140.784912109375)]","[(0, 2480.68603515625), (1, 2028.2850341796875)]"
80,"[(0, 2817.14306640625), (1, 3648.896240234375)]","[(0, 2687.71240234375), (1, 2971.66357421875)]","[(0, 4769.72607421875), (1, 4910.02783203125)]","[(0, 4706.56103515625), (1, 4813.18603515625)]","[(0, 3663.034423828125), (1, 2371.964599609375)]","[(0, 4513.04833984375), (1, 5013.13330078125)]","[(0, 7783.62060546875), (1, 7312.36962890625)]","[(0, 1643.2156982421875), (1, 2129.971923828125)]","[(0, 1875.1719970703125), (1, 1473.9991455078125)]","[(0, 2082.438720703125), (1, 2870.928955078125)]","[(0, 2785.660888671875), (1, 2355.45263671875)]"
81,"[(0, 3932.857421875), (1, 5209.84716796875)]","[(0, 2042.16064453125), (1, 2178.249755859375)]","[(0, 7312.2236328125), (1, 6845.099609375)]","[(0, 1813.986328125), (1, 1398.435302734375)]","[(0, 3475.550537109375), (1, 2270.375)]","[(0, 5729.5859375), (1, 6111.8583984375)]","[(0, 5731.50439453125), (1, 5932.28466796875)]","[(0, 1491.0078125), (1, 1292.645751953125)]","[(0, 1333.64501953125), (1, 1964.7022705078125)]","[(0, 2645.796142578125), (1, 2264.169189453125)]","[(0, 1944.1207275390625), (1, 1830.1927490234375)]"
82,"[(0, 3106.023681640625), (1, 4083.0673828125)]","[(0, 1188.5531005859375), (1, 1037.28662109375)]","[(0, 2457.40087890625), (1, 2545.908203125)]","[(0, 4533.90185546875), (1, 4844.55615234375)]","[(0, 3241.411376953125), (1, 2815.3544921875)]","[(0, 6872.20556640625), (1, 6421.44775390625)]","[(0, 8963.0283203125), (1, 9443.689453125)]","[(0, 2642.42724609375), (1, 2254.799072265625)]","[(0, 1881.0172119140625), (1, 1540.4552001953125)]","[(0, 2902.76416015625), (1, 3415.892822265625)]","[(0, 2977.75732421875), (1, 2273.74755859375)]"
83,"[(0, 3374.8251953125), (1, 4266.99658203125)]","[(0, 2020.6751708984375), (1, 2112.65087890625)]","[(0, 3247.129150390625), (1, 3095.7265625)]","[(0, 2282.7021484375), (1, 2279.405517578125)]","[(0, 2448.571044921875), (1, 1582.688720703125)]","[(0, 5724.98681640625), (1, 5496.73681640625)]","[(0, 6495.22119140625), (1, 7251.07861328125)]","[(0, 1453.6392822265625), (1, 1971.916015625)]","[(0, 2436.264404296875), (1, 2546.715576171875)]","[(0, 1136.1427001953125), (1, 1521.3197021484375)]","[(0, 1999.3670654296875), (1, 1696.040771484375)]"
84,"[(0, 4968.21826171875), (1, 6148.09130859375)]","[(0, 2077.929443359375), (1, 2253.835693359375)]","[(0, 5314.48681640625), (1, 5251.23876953125)]","[(0, 2180.052734375), (1, 1954.07177734375)]","[(0, 2528.735107421875), (1, 1619.5181884765625)]","[(0, 4239.6611328125), (1, 4214.47412109375)]","[(0, 4938.3212890625), (1, 4394.203125)]","[(0, 4050.203369140625), (1, 2814.93310546875)]","[(0, 2381.063232421875), (1, 1999.4166259765625)]","[(0, 2640.69677734375), (1, 2689.72021484375)]","[(0, 3066.66259765625), (1, 2423.009521484375)]"
85,"[(0, 2741.510986328125), (1, 3685.66015625)]","[(0, 2063.941650390625), (1, 2028.8101806640625)]","[(0, 4572.669921875), (1, 4401.0517578125)]","[(0, 7098.681640625), (1, 7313.18603515625)]","[(0, 972.32177734375), (1, 845.7674560546875)]","[(0, 4008.804931640625), (1, 4129.248046875)]","[(0, 12600.072265625), (1, 16271.404296875)]","[(0, 2939.64453125), (1, 4058.810791015625)]","[(0, 2025.927490234375), (1, 1632.87109375)]","[(0, 1398.1065673828125), (1, 1640.1485595703125)]","[(0, 2283.70263671875), (1, 2088.681884765625)]"
86,"[(0, 2035.571044921875), (1, 2662.68603515625)]","[(0, 1700.7322998046875), (1, 1638.682861328125)]","[(0, 1846.957763671875), (1, 1679.8740234375)]","[(0, 1892.26953125), (1, 1965.3001708984375)]","[(0, 1068.869384765625), (1, 922.8880615234375)]","[(0, 7598.96435546875), (1, 7300.44091796875)]","[(0, 7787.4150390625), (1, 9945.14453125)]","[(0, 1409.0303955078125), (1, 2365.044921875)]","[(0, 2504.418701171875), (1, 2890.726318359375)]","[(0, 2861.09326171875), (1, 2111.9619140625)]","[(0, 4522.009765625), (1, 4142.80810546875)]"
87,"[(0, 3058.84619140625), (1, 4203.111328125)]","[(0, 2401.1689453125), (1, 2913.69189453125)]","[(0, 4025.024658203125), (1, 3949.4140625)]","[(0, 1838.54345703125), (1, 1918.337158203125)]","[(0, 2276.790771484375), (1, 1358.401123046875)]","[(0, 3251.30615234375), (1, 3012.28515625)]","[(0, 7603.59619140625), (1, 6979.79443359375)]","[(0, 2266.443115234375), (1, 2502.540771484375)]","[(0, 2409.83349609375), (1, 2222.791748046875)]","[(0, 1622.9312744140625), (1, 1255.008056640625)]","[(0, 3547.812744140625), (1, 3121.866943359375)]"
88,"[(0, 4608.09033203125), (1, 6019.00244140625)]","[(0, 2458.081787109375), (1, 3032.036376953125)]","[(0, 2875.990234375), (1, 3356.1904296875)]","[(0, 1998.46923828125), (1, 2149.0322265625)]","[(0, 3449.714111328125), (1, 2192.39111328125)]","[(0, 1928.2052001953125), (1, 1985.9959716796875)]","[(0, 7387.27783203125), (1, 6836.43603515625)]","[(0, 2593.431884765625), (1, 2865.92138671875)]","[(0, 2488.972900390625), (1, 2502.875)]","[(0, 2753.787353515625), (1, 2854.014404296875)]","[(0, 1743.695068359375), (1, 1525.115478515625)]"
89,"[(0, 4347.54296875), (1, 5952.10205078125)]","[(0, 2517.73681640625), (1, 2754.4404296875)]","[(0, 5007.232421875), (1, 4066.35791015625)]","[(0, 6213.32958984375), (1, 6318.9384765625)]","[(0, 3236.521728515625), (1, 2046.6041259765625)]","[(0, 4275.65283203125), (1, 4257.78125)]","[(0, 4883.96826171875), (1, 4453.99169921875)]","[(0, 2623.7109375), (1, 4073.15771484375)]","[(0, 2608.810546875), (1, 2275.953857421875)]","[(0, 1661.8768310546875), (1, 1918.2100830078125)]","[(0, 2514.370361328125), (1, 2012.2474365234375)]"
90,"[(0, 3935.1611328125), (1, 5366.4560546875)]","[(0, 2409.600341796875), (1, 2620.99609375)]","[(0, 6034.7509765625), (1, 5631.16796875)]","[(0, 3384.177978515625), (1, 3570.92919921875)]","[(0, 1910.9158935546875), (1, 1724.4334716796875)]","[(0, 2322.451416015625), (1, 2281.174560546875)]","[(0, 7563.8896484375), (1, 7352.4033203125)]","[(0, 1295.75048828125), (1, 1629.9818115234375)]","[(0, 3585.43212890625), (1, 2603.117919921875)]","[(0, 1234.8388671875), (1, 1570.023193359375)]","[(0, 3999.4951171875), (1, 3335.905029296875)]"
91,"[(0, 3592.499755859375), (1, 4746.9501953125)]","[(0, 1265.3717041015625), (1, 1130.3714599609375)]","[(0, 8020.90234375), (1, 7750.26611328125)]","[(0, 3716.190185546875), (1, 3815.87158203125)]","[(0, 5468.8515625), (1, 3522.463623046875)]","[(0, 2280.7861328125), (1, 2272.3232421875)]","[(0, 3577.787841796875), (1, 3798.531005859375)]","[(0, 2576.393798828125), (1, 2075.754638671875)]","[(0, 1937.7939453125), (1, 1614.0377197265625)]","[(0, 2606.48388671875), (1, 2617.856201171875)]","[(0, 5087.103515625), (1, 4235.9755859375)]"
92,"[(0, 3900.923583984375), (1, 5048.0927734375)]","[(0, 3458.624755859375), (1, 4309.4951171875)]","[(0, 3348.05419921875), (1, 4052.517822265625)]","[(0, 1883.0489501953125), (1, 1893.416748046875)]","[(0, 4883.75390625), (1, 3162.22607421875)]","[(0, 3667.91064453125), (1, 3608.25634765625)]","[(0, 3083.3486328125), (1, 2989.384765625)]","[(0, 1715.3001708984375), (1, 2588.458984375)]","[(0, 1797.04052734375), (1, 2668.49609375)]","[(0, 1515.86767578125), (1, 1736.2513427734375)]","[(0, 2569.57861328125), (1, 1949.2464599609375)]"
93,"[(0, 2828.30419921875), (1, 3803.163330078125)]","[(0, 3760.454345703125), (1, 4825.40673828125)]","[(0, 1749.38818359375), (1, 1893.3408203125)]","[(0, 1662.1534423828125), (1, 1845.136474609375)]","[(0, 2614.127685546875), (1, 2294.69384765625)]","[(0, 6361.955078125), (1, 6261.57177734375)]","[(0, 5558.0625), (1, 5604.09716796875)]","[(0, 2564.56591796875), (1, 2378.1220703125)]","[(0, 1494.0595703125), (1, 1465.6055908203125)]","[(0, 1169.9761962890625), (1, 1371.8397216796875)]","[(0, 3784.98486328125), (1, 3262.05224609375)]"
94,"[(0, 4988.80078125), (1, 6286.7568359375)]","[(0, 3517.938232421875), (1, 3691.78466796875)]","[(0, 5087.88916015625), (1, 4796.6484375)]","[(0, 3350.09521484375), (1, 3301.0361328125)]","[(0, 2767.68359375), (1, 1648.0799560546875)]","[(0, 4260.884765625), (1, 4387.4697265625)]","[(0, 3134.5400390625), (1, 3286.15087890625)]","[(0, 2767.845947265625), (1, 3049.202880859375)]","[(0, 2833.64697265625), (1, 3194.138671875)]","[(0, 2212.466796875), (1, 2429.350341796875)]","[(0, 2149.64697265625), (1, 1721.162353515625)]"
95,"[(0, 4634.5908203125), (1, 6284.8681640625)]","[(0, 2338.04541015625), (1, 2334.027587890625)]","[(0, 1591.191162109375), (1, 1576.0396728515625)]","[(0, 3624.5869140625), (1, 3675.758056640625)]","[(0, 2865.641357421875), (1, 1710.018798828125)]","[(0, 4352.2470703125), (1, 4590.072265625)]","[(0, 2832.741943359375), (1, 2931.752197265625)]","[(0, 2279.189208984375), (1, 2423.82421875)]","[(0, 4398.32470703125), (1, 4137.26953125)]","[(0, 1460.01708984375), (1, 957.4075927734375)]","[(0, 1518.8045654296875), (1, 1348.8497314453125)]"
96,"[(0, 3123.2158203125), (1, 4139.6962890625)]","[(0, 831.8173217773438), (1, 763.3569946289062)]","[(0, 5201.9873046875), (1, 5154.30419921875)]","[(0, 1312.7728271484375), (1, 1326.6295166015625)]","[(0, 2201.516845703125), (1, 1843.6912841796875)]","[(0, 7486.30615234375), (1, 7297.3505859375)]","[(0, 3267.606689453125), (1, 3206.288330078125)]","[(0, 1815.839111328125), (1, 2002.4525146484375)]","[(0, 2296.783447265625), (1, 1693.557373046875)]","[(0, 1941.02587890625), (1, 1900.8419189453125)]","[(0, 3065.61572265625), (1, 2552.927490234375)]"
97,"[(0, 2658.78955078125), (1, 3631.112060546875)]","[(0, 3272.284423828125), (1, 3926.857177734375)]","[(0, 2272.79248046875), (1, 2184.2490234375)]","[(0, 2022.9310302734375), (1, 2126.3076171875)]","[(0, 1437.668701171875), (1, 1222.1844482421875)]","[(0, 2316.95751953125), (1, 2347.04736328125)]","[(0, 1900.3525390625), (1, 2084.6552734375)]","[(0, 2839.6865234375), (1, 2681.121826171875)]","[(0, 2564.9462890625), (1, 1815.3958740234375)]","[(0, 2285.797607421875), (1, 2214.569091796875)]","[(0, 2351.179443359375), (1, 1937.796630859375)]"
98,"[(0, 4301.2958984375), (1, 5824.5)]","[(0, 3010.18017578125), (1, 3661.480224609375)]","[(0, 6697.3251953125), (1, 6237.9814453125)]","[(0, 2541.38671875), (1, 2577.2822265625)]","[(0, 2668.57470703125), (1, 1656.321533203125)]","[(0, 2445.25732421875), (1, 2422.211181640625)]","[(0, 2174.02734375), (1, 1981.48486328125)]","[(0, 1607.68603515625), (1, 1545.56884765625)]","[(0, 4364.6337890625), (1, 2858.372802734375)]","[(0, 2353.6552734375), (1, 2196.114990234375)]","[(0, 3577.664794921875), (1, 3069.61767578125)]"
99,"[(0, 3749.599853515625), (1, 4776.8046875)]","[(0, 3292.62890625), (1, 3410.086181640625)]","[(0, 5308.82373046875), (1, 5179.6171875)]","[(0, 4478.57275390625), (1, 4362.69873046875)]","[(0, 2328.988037109375), (1, 1528.7354736328125)]","[(0, 3788.928955078125), (1, 3941.959716796875)]","[(0, 9307.923828125), (1, 10211.2373046875)]","[(0, 2181.614501953125), (1, 1522.1337890625)]","[(0, 2345.630859375), (1, 2935.08544921875)]","[(0, 1673.3948974609375), (1, 1241.975830078125)]","[(0, 2246.558837890625), (1, 1949.00390625)]"
100,"[(0, 4712.6513671875), (1, 6331.09912109375)]","[(0, 2427.879638671875), (1, 3137.81787109375)]","[(0, 2994.2294921875), (1, 2829.075439453125)]","[(0, 2527.629638671875), (1, 2612.78662109375)]","[(0, 3033.728271484375), (1, 1864.8416748046875)]","[(0, 4128.97216796875), (1, 4007.0810546875)]","[(0, 3596.373291015625), (1, 3921.38232421875)]","[(0, 2702.0341796875), (1, 3512.4873046875)]","[(0, 1169.72412109375), (1, 1923.7080078125)]","[(0, 1902.400634765625), (1, 1582.5966796875)]","[(0, 2884.364990234375), (1, 2524.84326171875)]"
101,"[(0, 2674.665771484375), (1, 3588.1376953125)]","[(0, 2668.671630859375), (1, 2798.613037109375)]","[(0, 3317.757080078125), (1, 3562.836669921875)]","[(0, 3996.09033203125), (1, 4280.7734375)]","[(0, 3325.293212890625), (1, 2153.903076171875)]","[(0, 4417.27001953125), (1, 4129.32275390625)]","[(0, 4582.580078125), (1, 4970.35107421875)]","[(0, 1696.1514892578125), (1, 1814.7164306640625)]","[(0, 1678.929931640625), (1, 1618.8087158203125)]","[(0, 3186.465576171875), (1, 2129.20849609375)]","[(0, 2793.040283203125), (1, 2177.08984375)]"
102,"[(0, 3004.15478515625), (1, 4053.3447265625)]","[(0, 1151.22412109375), (1, 1080.03515625)]","[(0, 1689.0804443359375), (1, 1841.7530517578125)]","[(0, 3625.1435546875), (1, 3405.6826171875)]","[(0, 1017.93017578125), (1, 894.5816650390625)]","[(0, 4170.5927734375), (1, 4362.09521484375)]","[(0, 2850.363037109375), (1, 3066.8876953125)]","[(0, 1152.637939453125), (1, 1145.361572265625)]","[(0, 2282.916748046875), (1, 3014.868896484375)]","[(0, 2296.281005859375), (1, 1918.068359375)]","[(0, 2207.45361328125), (1, 2153.643310546875)]"
103,"[(0, 4285.9775390625), (1, 5749.08251953125)]","[(0, 724.6190795898438), (1, 651.0014038085938)]","[(0, 2633.10595703125), (1, 2057.67333984375)]","[(0, 3336.18505859375), (1, 3404.08837890625)]","[(0, 884.6373291015625), (1, 807.1212158203125)]","[(0, 3584.830322265625), (1, 3684.865966796875)]","[(0, 3498.99365234375), (1, 3729.365478515625)]","[(0, 2756.284912109375), (1, 3050.534912109375)]","[(0, 1952.8720703125), (1, 2405.49267578125)]","[(0, 1138.0631103515625), (1, 1788.5457763671875)]","[(0, 3210.85986328125), (1, 2832.89453125)]"
104,"[(0, 3129.333984375), (1, 4218.84130859375)]","[(0, 2086.901123046875), (1, 2483.353515625)]","[(0, 5915.404296875), (1, 5505.90283203125)]","[(0, 3176.88037109375), (1, 3256.80517578125)]","[(0, 1879.843505859375), (1, 1359.7354736328125)]","[(0, 5801.10595703125), (1, 5402.33935546875)]","[(0, 4017.810546875), (1, 3545.59765625)]","[(0, 2080.398193359375), (1, 2302.14306640625)]","[(0, 2625.9951171875), (1, 3230.006103515625)]","[(0, 2154.573974609375), (1, 2382.36376953125)]","[(0, 2475.5576171875), (1, 2367.1943359375)]"
105,"[(0, 2512.201171875), (1, 3272.00341796875)]","[(0, 1543.592041015625), (1, 1517.5029296875)]","[(0, 2509.93115234375), (1, 2777.555419921875)]","[(0, 2711.640869140625), (1, 2966.794677734375)]","[(0, 5231.05078125), (1, 3212.47412109375)]","[(0, 2797.54150390625), (1, 2886.780029296875)]","[(0, 6919.32470703125), (1, 8133.619140625)]","[(0, 1636.3536376953125), (1, 1793.257080078125)]","[(0, 878.0618896484375), (1, 1493.4185791015625)]","[(0, 1265.951171875), (1, 1939.9017333984375)]","[(0, 2783.1689453125), (1, 2245.42578125)]"
106,"[(0, 3678.12158203125), (1, 4908.59033203125)]","[(0, 2167.625244140625), (1, 2307.795654296875)]","[(0, 5483.60498046875), (1, 4333.0634765625)]","[(0, 2264.347412109375), (1, 2518.049072265625)]","[(0, 3689.525146484375), (1, 2389.177978515625)]","[(0, 3215.557861328125), (1, 3188.131103515625)]","[(0, 3633.699951171875), (1, 4860.615234375)]","[(0, 1748.995361328125), (1, 2282.291748046875)]","[(0, 1168.3751220703125), (1, 2046.64013671875)]","[(0, 3586.888916015625), (1, 2523.10302734375)]","[(0, 1751.4073486328125), (1, 1359.1585693359375)]"
107,"[(0, 5202.06689453125), (1, 6889.79931640625)]","[(0, 2263.463134765625), (1, 2471.050048828125)]","[(0, 8197.9365234375), (1, 7757.609375)]","[(0, 1911.3431396484375), (1, 2055.60693359375)]","[(0, 2764.09375), (1, 2586.07080078125)]","[(0, 3601.010009765625), (1, 3614.64892578125)]","[(0, 4181.93603515625), (1, 4257.314453125)]","[(0, 2212.200927734375), (1, 1792.951904296875)]","[(0, 2109.193359375), (1, 1711.8045654296875)]","[(0, 1383.939453125), (1, 1837.2952880859375)]","[(0, 2707.05712890625), (1, 2133.489013671875)]"
108,"[(0, 3443.564208984375), (1, 4487.4951171875)]","[(0, 2247.84375), (1, 2220.27783203125)]","[(0, 2566.694580078125), (1, 2528.996826171875)]","[(0, 2009.18408203125), (1, 2010.73193359375)]","[(0, 3058.96875), (1, 2166.0546875)]","[(0, 4832.26416015625), (1, 4787.3076171875)]","[(0, 3868.455322265625), (1, 4287.404296875)]","[(0, 1459.7281494140625), (1, 1318.2037353515625)]","[(0, 2336.516357421875), (1, 1951.8265380859375)]","[(0, 2469.8330078125), (1, 3308.4677734375)]","[(0, 3397.0185546875), (1, 2182.947509765625)]"
109,"[(0, 3140.697998046875), (1, 4211.45263671875)]","[(0, 1388.5023193359375), (1, 1380.57666015625)]","[(0, 5571.10693359375), (1, 4848.9521484375)]","[(0, 4086.44873046875), (1, 4060.29345703125)]","[(0, 2674.81591796875), (1, 1911.3349609375)]","[(0, 3018.33251953125), (1, 2951.928466796875)]","[(0, 2928.618408203125), (1, 3103.57763671875)]","[(0, 2357.33935546875), (1, 3019.15869140625)]","[(0, 2112.5048828125), (1, 1841.290283203125)]","[(0, 2566.546630859375), (1, 2542.00830078125)]","[(0, 2979.81396484375), (1, 2668.9541015625)]"
110,"[(0, 3566.95703125), (1, 4237.603515625)]","[(0, 2538.75341796875), (1, 2934.488037109375)]","[(0, 2197.74072265625), (1, 2418.40380859375)]","[(0, 2211.899169921875), (1, 2401.850341796875)]","[(0, 1495.8203125), (1, 1392.95068359375)]","[(0, 2437.6005859375), (1, 2499.567626953125)]","[(0, 3198.021728515625), (1, 2895.221923828125)]","[(0, 1610.08349609375), (1, 2482.409912109375)]","[(0, 2583.148681640625), (1, 2115.81640625)]","[(0, 2605.97314453125), (1, 2158.743896484375)]","[(0, 2371.613037109375), (1, 2270.952880859375)]"
111,"[(0, 4052.40185546875), (1, 5457.18115234375)]","[(0, 2684.53466796875), (1, 3191.952392578125)]","[(0, 2993.0390625), (1, 3087.556396484375)]","[(0, 2643.594482421875), (1, 2841.6396484375)]","[(0, 1561.4306640625), (1, 1384.1136474609375)]","[(0, 6647.177734375), (1, 6830.65576171875)]","[(0, 2839.77978515625), (1, 3282.458251953125)]","[(0, 1447.749755859375), (1, 1182.5303955078125)]","[(0, 1085.3170166015625), (1, 1703.408935546875)]","[(0, 1969.6175537109375), (1, 2337.86572265625)]","[(0, 2621.6337890625), (1, 2332.160888671875)]"
112,"[(0, 3208.5), (1, 4106.8818359375)]","[(0, 2610.089599609375), (1, 2778.82470703125)]","[(0, 2689.1123046875), (1, 2425.805908203125)]","[(0, 2087.505126953125), (1, 2224.70654296875)]","[(0, 1383.19140625), (1, 1219.55078125)]","[(0, 7057.76123046875), (1, 6710.34814453125)]","[(0, 4323.40478515625), (1, 4674.18017578125)]","[(0, 2232.66943359375), (1, 3132.973876953125)]","[(0, 2488.7568359375), (1, 1515.67041015625)]","[(0, 3302.021484375), (1, 3493.2919921875)]","[(0, 3542.86279296875), (1, 3196.613037109375)]"
113,"[(0, 3170.16748046875), (1, 4098.03955078125)]","[(0, 1738.6580810546875), (1, 1742.3245849609375)]","[(0, 2377.1142578125), (1, 2427.4755859375)]","[(0, 4324.876953125), (1, 4278.0390625)]","[(0, 4551.212890625), (1, 3014.9521484375)]","[(0, 5987.3486328125), (1, 5891.443359375)]","[(0, 4097.64111328125), (1, 4244.04638671875)]","[(0, 1730.8204345703125), (1, 1962.96435546875)]","[(0, 1048.9410400390625), (1, 1578.9136962890625)]","[(0, 2115.132568359375), (1, 2449.556640625)]","[(0, 2113.812744140625), (1, 1691.509033203125)]"
114,"[(0, 3770.023681640625), (1, 4876.8427734375)]","[(0, 2903.063232421875), (1, 3254.04833984375)]","[(0, 3666.51513671875), (1, 3679.100341796875)]","[(0, 4443.28369140625), (1, 4436.466796875)]","[(0, 3816.9453125), (1, 2543.169921875)]","[(0, 5863.3505859375), (1, 6067.82421875)]","[(0, 4953.02783203125), (1, 4653.51611328125)]","[(0, 1675.558837890625), (1, 2127.771240234375)]","[(0, 2067.053955078125), (1, 2207.589599609375)]","[(0, 2236.391357421875), (1, 2656.222412109375)]","[(0, 4356.76123046875), (1, 3663.1494140625)]"
115,"[(0, 3891.233154296875), (1, 5372.232421875)]","[(0, 2981.481201171875), (1, 3210.085205078125)]","[(0, 4207.84765625), (1, 4585.44775390625)]","[(0, 1893.511474609375), (1, 1994.028564453125)]","[(0, 2311.57568359375), (1, 2051.335693359375)]","[(0, 7261.9365234375), (1, 7572.1611328125)]","[(0, 6478.23974609375), (1, 7247.076171875)]","[(0, 3235.62353515625), (1, 2093.324462890625)]","[(0, 1539.2921142578125), (1, 1963.6505126953125)]","[(0, 3021.26416015625), (1, 2981.651611328125)]","[(0, 3361.908447265625), (1, 2420.74609375)]"
116,"[(0, 4690.953125), (1, 5974.1103515625)]","[(0, 2657.728759765625), (1, 2828.735595703125)]","[(0, 3403.53662109375), (1, 2911.489013671875)]","[(0, 1142.96923828125), (1, 1264.3084716796875)]","[(0, 2298.320556640625), (1, 2013.4903564453125)]","[(0, 6734.18408203125), (1, 6533.95166015625)]","[(0, 6110.41845703125), (1, 7090.98828125)]","[(0, 2791.004638671875), (1, 2294.84033203125)]","[(0, 2778.857666015625), (1, 2337.512451171875)]","[(0, 1940.1385498046875), (1, 3032.305419921875)]","[(0, 1838.5283203125), (1, 1564.577392578125)]"
117,"[(0, 3684.781494140625), (1, 4861.02294921875)]","[(0, 2273.627197265625), (1, 2353.398193359375)]","[(0, 9789.55859375), (1, 9459.9765625)]","[(0, 3002.74560546875), (1, 3058.3388671875)]","[(0, 1922.8458251953125), (1, 1144.562744140625)]","[(0, 5613.62890625), (1, 5482.517578125)]","[(0, 3746.322509765625), (1, 4023.013671875)]","[(0, 2182.797607421875), (1, 2014.0069580078125)]","[(0, 1127.4456787109375), (1, 1586.5513916015625)]","[(0, 2230.247802734375), (1, 2450.23779296875)]","[(0, 2541.481201171875), (1, 1772.541748046875)]"
118,"[(0, 2914.051513671875), (1, 4041.313720703125)]","[(0, 1093.0762939453125), (1, 1032.9132080078125)]","[(0, 3792.22216796875), (1, 4088.92822265625)]","[(0, 3732.581787109375), (1, 3629.239013671875)]","[(0, 1976.9144287109375), (1, 1675.5548095703125)]","[(0, 4420.64990234375), (1, 4549.3037109375)]","[(0, 3188.0126953125), (1, 3015.487060546875)]","[(0, 1860.9429931640625), (1, 1291.96484375)]","[(0, 3123.06103515625), (1, 3154.1962890625)]","[(0, 1137.28369140625), (1, 1749.2598876953125)]","[(0, 2105.475341796875), (1, 1924.2528076171875)]"
119,"[(0, 3139.362548828125), (1, 4085.31103515625)]","[(0, 2966.095703125), (1, 3499.45068359375)]","[(0, 4848.7763671875), (1, 5073.90087890625)]","[(0, 2507.84228515625), (1, 2598.0498046875)]","[(0, 2204.844970703125), (1, 1894.7489013671875)]","[(0, 5149.7744140625), (1, 5192.93212890625)]","[(0, 4237.07421875), (1, 4776.60400390625)]","[(0, 1544.2442626953125), (1, 1593.08984375)]","[(0, 1172.6236572265625), (1, 1679.995849609375)]","[(0, 3446.974853515625), (1, 3783.270751953125)]","[(0, 3404.57177734375), (1, 3037.76123046875)]"
120,"[(0, 4103.02978515625), (1, 5297.828125)]","[(0, 2875.788818359375), (1, 3095.009033203125)]","[(0, 5381.92431640625), (1, 4969.2607421875)]","[(0, 2748.954345703125), (1, 2649.3310546875)]","[(0, 3672.814697265625), (1, 2188.33984375)]","[(0, 6253.52734375), (1, 6012.9208984375)]","[(0, 2890.14208984375), (1, 3230.32666015625)]","[(0, 2061.491455078125), (1, 1891.4630126953125)]","[(0, 2097.31787109375), (1, 1906.138916015625)]","[(0, 2065.234375), (1, 2048.1259765625)]","[(0, 2583.799072265625), (1, 2480.83251953125)]"
121,"[(0, 4427.96630859375), (1, 5723.15771484375)]","[(0, 2631.962158203125), (1, 2967.967529296875)]","[(0, 2315.48193359375), (1, 1901.940673828125)]","[(0, 1856.4556884765625), (1, 1845.495361328125)]","[(0, 2626.630126953125), (1, 1580.709716796875)]","[(0, 3053.789306640625), (1, 2846.080810546875)]","[(0, 4243.7470703125), (1, 4403.4365234375)]","[(0, 2117.452392578125), (1, 2285.308349609375)]","[(0, 1523.321044921875), (1, 1590.0859375)]","[(0, 1836.8931884765625), (1, 2755.669921875)]","[(0, 2135.234619140625), (1, 1776.167236328125)]"
122,"[(0, 3144.318359375), (1, 4049.41552734375)]","[(0, 2250.217041015625), (1, 2451.00537109375)]","[(0, 1264.218017578125), (1, 1240.9227294921875)]","[(0, 3065.10986328125), (1, 3133.7568359375)]","[(0, 4730.64453125), (1, 3304.7939453125)]","[(0, 4987.359375), (1, 5127.11962890625)]","[(0, 2565.197021484375), (1, 2459.5966796875)]","[(0, 3225.099609375), (1, 2706.600341796875)]","[(0, 1698.177978515625), (1, 1652.6143798828125)]","[(0, 2941.523681640625), (1, 2126.866455078125)]","[(0, 3292.6572265625), (1, 2919.78369140625)]"
123,"[(0, 3001.7861328125), (1, 3703.474609375)]","[(0, 1144.7352294921875), (1, 1081.177001953125)]","[(0, 1915.412353515625), (1, 2051.559814453125)]","[(0, 3489.283447265625), (1, 3711.426513671875)]","[(0, 4133.35693359375), (1, 2887.939208984375)]","[(0, 6887.0595703125), (1, 7068.92333984375)]","[(0, 8148.8603515625), (1, 9163.7744140625)]","[(0, 1532.3919677734375), (1, 2156.550537109375)]","[(0, 2173.62646484375), (1, 1824.886474609375)]","[(0, 1557.2705078125), (1, 1662.7930908203125)]","[(0, 2935.880615234375), (1, 2524.973388671875)]"
124,"[(0, 3854.5244140625), (1, 5232.83203125)]","[(0, 2510.16455078125), (1, 3068.30078125)]","[(0, 7150.60595703125), (1, 7288.607421875)]","[(0, 2396.026611328125), (1, 2343.8876953125)]","[(0, 1848.322265625), (1, 1642.9688720703125)]","[(0, 4119.74853515625), (1, 3896.933837890625)]","[(0, 4675.87890625), (1, 5722.43212890625)]","[(0, 2516.75732421875), (1, 2648.388916015625)]","[(0, 2004.9739990234375), (1, 2058.96875)]","[(0, 2001.833984375), (1, 1994.0048828125)]","[(0, 2705.822021484375), (1, 2319.56396484375)]"
125,"[(0, 2857.984375), (1, 3485.4453125)]","[(0, 2795.04931640625), (1, 3607.798828125)]","[(0, 5182.63623046875), (1, 5047.80908203125)]","[(0, 5027.72216796875), (1, 4632.58935546875)]","[(0, 1845.358154296875), (1, 1651.7391357421875)]","[(0, 1920.62548828125), (1, 1898.7357177734375)]","[(0, 7715.30419921875), (1, 8440.712890625)]","[(0, 2095.894287109375), (1, 3368.150390625)]","[(0, 2019.3392333984375), (1, 1298.979248046875)]","[(0, 3223.8173828125), (1, 2054.2880859375)]","[(0, 2639.6064453125), (1, 2202.17724609375)]"
126,"[(0, 3474.997314453125), (1, 5088.11279296875)]","[(0, 2563.9912109375), (1, 2863.281005859375)]","[(0, 1353.8797607421875), (1, 1184.0413818359375)]","[(0, 3372.469970703125), (1, 3670.657470703125)]","[(0, 2360.107177734375), (1, 1466.041748046875)]","[(0, 3415.49560546875), (1, 3428.78515625)]","[(0, 5024.45751953125), (1, 4716.60791015625)]","[(0, 1955.016845703125), (1, 2009.7847900390625)]","[(0, 1334.2530517578125), (1, 1474.50732421875)]","[(0, 2366.166259765625), (1, 2605.90869140625)]","[(0, 2648.10595703125), (1, 2269.369384765625)]"
127,"[(0, 2770.82763671875), (1, 3654.5830078125)]","[(0, 2233.58544921875), (1, 2392.337890625)]","[(0, 1802.89501953125), (1, 1913.4853515625)]","[(0, 3634.659912109375), (1, 3638.787109375)]","[(0, 1834.961181640625), (1, 1628.421875)]","[(0, 4802.32861328125), (1, 4801.54541015625)]","[(0, 4254.25), (1, 4678.57763671875)]","[(0, 4138.267578125), (1, 2791.09521484375)]","[(0, 1511.90966796875), (1, 1867.73486328125)]","[(0, 2324.8037109375), (1, 2362.7197265625)]","[(0, 3982.329833984375), (1, 3275.775390625)]"
128,"[(0, 4166.9990234375), (1, 5563.35546875)]","[(0, 1668.340576171875), (1, 1490.376708984375)]","[(0, 5923.3359375), (1, 6016.33935546875)]","[(0, 4804.53662109375), (1, 4613.318359375)]","[(0, 4373.61669921875), (1, 2590.924072265625)]","[(0, 3408.701416015625), (1, 3411.26708984375)]","[(0, 3813.5107421875), (1, 3453.163818359375)]","[(0, 2022.6002197265625), (1, 2437.875)]","[(0, 1587.952392578125), (1, 2298.535400390625)]","[(0, 2444.291015625), (1, 2423.933837890625)]","[(0, 1668.724853515625), (1, 1521.428466796875)]"
129,"[(0, 4813.0390625), (1, 6169.66552734375)]","[(0, 2275.7333984375), (1, 2922.7451171875)]","[(0, 4458.28857421875), (1, 4400.52294921875)]","[(0, 2329.090087890625), (1, 2268.333984375)]","[(0, 3846.401611328125), (1, 2292.17626953125)]","[(0, 3928.329345703125), (1, 3885.3076171875)]","[(0, 7765.50732421875), (1, 8221.91796875)]","[(0, 1910.4393310546875), (1, 2761.60888671875)]","[(0, 1382.7481689453125), (1, 1704.5130615234375)]","[(0, 3088.063232421875), (1, 2025.37109375)]","[(0, 3196.174072265625), (1, 3002.4248046875)]"
130,"[(0, 4108.001953125), (1, 5423.70068359375)]","[(0, 2341.817626953125), (1, 3093.56640625)]","[(0, 2107.155517578125), (1, 2285.4990234375)]","[(0, 3415.792236328125), (1, 3422.3427734375)]","[(0, 1383.9071044921875), (1, 1344.063232421875)]","[(0, 4990.18505859375), (1, 5015.9599609375)]","[(0, 5986.2978515625), (1, 6180.66015625)]","[(0, 1266.2132568359375), (1, 1824.9630126953125)]","[(0, 1839.463134765625), (1, 1820.0894775390625)]","[(0, 1701.1142578125), (1, 1235.1881103515625)]","[(0, 3032.137451171875), (1, 2617.5654296875)]"
131,"[(0, 2221.829345703125), (1, 2936.13525390625)]","[(0, 2198.96826171875), (1, 2390.253662109375)]","[(0, 3102.97998046875), (1, 2660.0693359375)]","[(0, 4898.1015625), (1, 5177.24658203125)]","[(0, 1598.80419921875), (1, 1068.2364501953125)]","[(0, 4649.984375), (1, 4856.6298828125)]","[(0, 2870.49365234375), (1, 2835.08642578125)]","[(0, 3051.931640625), (1, 2649.5458984375)]","[(0, 1382.25048828125), (1, 1749.1512451171875)]","[(0, 2317.21923828125), (1, 1841.7205810546875)]","[(0, 3694.436767578125), (1, 3305.241455078125)]"
132,"[(0, 3731.507080078125), (1, 4873.2626953125)]","[(0, 2141.34619140625), (1, 2241.550048828125)]","[(0, 3992.5400390625), (1, 3201.674560546875)]","[(0, 1741.06298828125), (1, 1843.112060546875)]","[(0, 1684.9208984375), (1, 1114.979248046875)]","[(0, 6833.30126953125), (1, 6594.3291015625)]","[(0, 2765.01513671875), (1, 2903.265380859375)]","[(0, 3399.6240234375), (1, 3212.976806640625)]","[(0, 2711.61865234375), (1, 3012.374267578125)]","[(0, 2178.42529296875), (1, 2011.950927734375)]","[(0, 4290.13623046875), (1, 3714.889404296875)]"
133,"[(0, 4755.07861328125), (1, 5975.50634765625)]","[(0, 4205.98193359375), (1, 4822.23291015625)]","[(0, 8355.1142578125), (1, 8148.1220703125)]","[(0, 2936.345458984375), (1, 2909.89599609375)]","[(0, 645.3447875976562), (1, 615.5609741210938)]","[(0, 2279.561767578125), (1, 2157.30224609375)]","[(0, 6952.5302734375), (1, 7293.50244140625)]","[(0, 3535.154541015625), (1, 2182.156494140625)]","[(0, 1430.8359375), (1, 2129.34228515625)]","[(0, 1948.223388671875), (1, 1529.2764892578125)]","[(0, 1603.30615234375), (1, 1376.2242431640625)]"
134,"[(0, 2847.406982421875), (1, 3761.720458984375)]","[(0, 4242.5732421875), (1, 4883.82861328125)]","[(0, 2638.9658203125), (1, 2219.285888671875)]","[(0, 1412.8828125), (1, 1305.633544921875)]","[(0, 730.5817260742188), (1, 658.1832275390625)]","[(0, 3684.619873046875), (1, 3870.36328125)]","[(0, 5977.671875), (1, 5609.59912109375)]","[(0, 1974.5364990234375), (1, 2169.190673828125)]","[(0, 1680.602294921875), (1, 1831.0062255859375)]","[(0, 1616.2325439453125), (1, 2036.767333984375)]","[(0, 2091.600341796875), (1, 1302.88720703125)]"
135,"[(0, 3601.944091796875), (1, 4650.63232421875)]","[(0, 3990.17626953125), (1, 4338.55078125)]","[(0, 2299.452880859375), (1, 2309.8447265625)]","[(0, 3252.741943359375), (1, 3336.35986328125)]","[(0, 2977.614013671875), (1, 1846.357177734375)]","[(0, 3287.445556640625), (1, 3132.698974609375)]","[(0, 4943.5751953125), (1, 5009.0380859375)]","[(0, 2335.614013671875), (1, 2576.41357421875)]","[(0, 1747.4898681640625), (1, 2264.699462890625)]","[(0, 2344.687255859375), (1, 3466.685546875)]","[(0, 4070.06689453125), (1, 3560.204345703125)]"
136,"[(0, 2419.025390625), (1, 3099.54931640625)]","[(0, 2287.281494140625), (1, 2259.478759765625)]","[(0, 6152.291015625), (1, 6135.66796875)]","[(0, 2907.40478515625), (1, 3175.175048828125)]","[(0, 2796.6171875), (1, 1764.680908203125)]","[(0, 6427.84375), (1, 6150.00341796875)]","[(0, 6629.26171875), (1, 7796.6884765625)]","[(0, 1939.3902587890625), (1, 1044.392333984375)]","[(0, 1986.964111328125), (1, 2226.355712890625)]","[(0, 1475.8958740234375), (1, 1783.064453125)]","[(0, 2260.699951171875), (1, 1958.747314453125)]"
137,"[(0, 3453.054931640625), (1, 4359.32568359375)]","[(0, 1070.1988525390625), (1, 901.67919921875)]","[(0, 2761.79345703125), (1, 2785.544189453125)]","[(0, 4546.20263671875), (1, 4634.1884765625)]","[(0, 1453.285888671875), (1, 1323.9659423828125)]","[(0, 3631.68017578125), (1, 3746.17236328125)]","[(0, 5089.03955078125), (1, 5232.4580078125)]","[(0, 2090.028076171875), (1, 1834.1580810546875)]","[(0, 2705.022216796875), (1, 2740.104736328125)]","[(0, 1446.0670166015625), (1, 1402.2982177734375)]","[(0, 2807.1103515625), (1, 2152.84765625)]"
138,"[(0, 2999.053466796875), (1, 3824.761474609375)]","[(0, 3487.8759765625), (1, 4057.575927734375)]","[(0, 4729.490234375), (1, 5201.8291015625)]","[(0, 1921.0908203125), (1, 2006.9539794921875)]","[(0, 3478.07421875), (1, 2048.681884765625)]","[(0, 4903.1259765625), (1, 4736.56298828125)]","[(0, 4183.06884765625), (1, 4385.8134765625)]","[(0, 4101.84814453125), (1, 4023.570068359375)]","[(0, 2240.732421875), (1, 2496.075439453125)]","[(0, 2290.24365234375), (1, 2725.64794921875)]","[(0, 3377.47509765625), (1, 2585.354248046875)]"
139,"[(0, 2875.274658203125), (1, 3854.656494140625)]","[(0, 4286.98291015625), (1, 5155.2333984375)]","[(0, 4311.81396484375), (1, 4450.09423828125)]","[(0, 2600.261962890625), (1, 2611.59716796875)]","[(0, 2750.563232421875), (1, 1610.4912109375)]","[(0, 3268.136474609375), (1, 3311.447509765625)]","[(0, 3647.685302734375), (1, 3837.014892578125)]","[(0, 1411.8006591796875), (1, 1478.17431640625)]","[(0, 3151.481201171875), (1, 2802.600341796875)]","[(0, 1707.1224365234375), (1, 1491.2979736328125)]","[(0, 2184.267822265625), (1, 1653.378173828125)]"
140,"[(0, 3328.031005859375), (1, 4401.82421875)]","[(0, 3071.204833984375), (1, 3274.538330078125)]","[(0, 2042.434326171875), (1, 2193.32080078125)]","[(0, 3907.16357421875), (1, 4193.6455078125)]","[(0, 2117.00927734375), (1, 1803.0762939453125)]","[(0, 3772.56640625), (1, 3833.489013671875)]","[(0, 3794.3203125), (1, 3666.896484375)]","[(0, 1912.511962890625), (1, 1688.399169921875)]","[(0, 1458.88623046875), (1, 2078.501220703125)]","[(0, 2313.377197265625), (1, 2352.46142578125)]","[(0, 2521.728271484375), (1, 1644.5418701171875)]"
141,"[(0, 4087.28271484375), (1, 5848.333984375)]","[(0, 1877.4139404296875), (1, 1889.0816650390625)]","[(0, 2078.369384765625), (1, 2081.090576171875)]","[(0, 1864.533203125), (1, 2078.3525390625)]","[(0, 2312.830322265625), (1, 1892.5257568359375)]","[(0, 4449.177734375), (1, 4346.79248046875)]","[(0, 3838.944091796875), (1, 4591.23291015625)]","[(0, 2836.166748046875), (1, 2958.415771484375)]","[(0, 2023.223388671875), (1, 1622.934326171875)]","[(0, 1738.250244140625), (1, 2440.274169921875)]","[(0, 2666.546142578125), (1, 2295.99853515625)]"
142,"[(0, 2805.600830078125), (1, 3586.916259765625)]","[(0, 945.5994262695312), (1, 817.3501586914062)]","[(0, 3139.736572265625), (1, 2648.94970703125)]","[(0, 2673.482177734375), (1, 2593.584228515625)]","[(0, 3231.6484375), (1, 1978.1666259765625)]","[(0, 5087.79736328125), (1, 4864.310546875)]","[(0, 3471.612060546875), (1, 4302.1572265625)]","[(0, 1745.5777587890625), (1, 2198.419921875)]","[(0, 1919.639404296875), (1, 2151.502197265625)]","[(0, 1169.7816162109375), (1, 1855.55908203125)]","[(0, 3361.51416015625), (1, 2870.852294921875)]"
143,"[(0, 4331.63427734375), (1, 5654.5126953125)]","[(0, 3294.909423828125), (1, 4025.33154296875)]","[(0, 1475.0628662109375), (1, 1300.3759765625)]","[(0, 2951.3134765625), (1, 2971.44677734375)]","[(0, 2964.41455078125), (1, 1815.5101318359375)]","[(0, 5348.35400390625), (1, 5565.642578125)]","[(0, 2792.55419921875), (1, 3003.12353515625)]","[(0, 1821.3143310546875), (1, 1762.097900390625)]","[(0, 2389.270263671875), (1, 2587.6953125)]","[(0, 1689.509765625), (1, 2581.039306640625)]","[(0, 2492.4443359375), (1, 1962.723876953125)]"
144,"[(0, 2457.421875), (1, 3337.48974609375)]","[(0, 3396.658935546875), (1, 4225.9443359375)]","[(0, 7487.0771484375), (1, 6697.6064453125)]","[(0, 2683.37646484375), (1, 2953.140625)]","[(0, 2124.49560546875), (1, 1854.988525390625)]","[(0, 7536.83740234375), (1, 7348.3857421875)]","[(0, 3415.287109375), (1, 3178.70166015625)]","[(0, 1561.3316650390625), (1, 1715.894775390625)]","[(0, 2210.34814453125), (1, 1505.647705078125)]","[(0, 1425.6715087890625), (1, 1233.9617919921875)]","[(0, 1692.237548828125), (1, 1388.6427001953125)]"
145,"[(0, 3247.181640625), (1, 4593.9482421875)]","[(0, 2929.607177734375), (1, 3257.702880859375)]","[(0, 3276.415771484375), (1, 2473.372314453125)]","[(0, 1562.3668212890625), (1, 1671.834228515625)]","[(0, 2539.201416015625), (1, 1616.3065185546875)]","[(0, 3675.24267578125), (1, 3684.061279296875)]","[(0, 3485.66796875), (1, 3554.020263671875)]","[(0, 2723.508056640625), (1, 1724.92529296875)]","[(0, 3083.234130859375), (1, 2387.7578125)]","[(0, 1608.2120361328125), (1, 1373.379150390625)]","[(0, 2305.727783203125), (1, 2110.8203125)]"
146,"[(0, 3009.775390625), (1, 3830.57666015625)]","[(0, 1610.052734375), (1, 1616.339599609375)]","[(0, 3313.564208984375), (1, 3979.156005859375)]","[(0, 2942.320556640625), (1, 2834.218505859375)]","[(0, 1080.5374755859375), (1, 996.883544921875)]","[(0, 2416.291015625), (1, 2383.8125)]","[(0, 4291.220703125), (1, 4354.638671875)]","[(0, 2945.4423828125), (1, 3250.67041015625)]","[(0, 1329.5203857421875), (1, 1570.2344970703125)]","[(0, 2342.900146484375), (1, 2371.78955078125)]","[(0, 2820.867919921875), (1, 2327.9521484375)]"
147,"[(0, 2752.36181640625), (1, 3704.30810546875)]","[(0, 857.3335571289062), (1, 691.1256103515625)]","[(0, 6928.65478515625), (1, 6655.2900390625)]","[(0, 3928.93994140625), (1, 3568.6787109375)]","[(0, 3827.509033203125), (1, 2514.365478515625)]","[(0, 3139.027099609375), (1, 3438.202392578125)]","[(0, 6308.90673828125), (1, 9039.6435546875)]","[(0, 2740.796142578125), (1, 1928.08837890625)]","[(0, 1454.718994140625), (1, 1910.563232421875)]","[(0, 1410.6915283203125), (1, 1371.6146240234375)]","[(0, 2072.699462890625), (1, 1877.7210693359375)]"
148,"[(0, 2335.798828125), (1, 2967.729736328125)]","[(0, 1542.7994384765625), (1, 2001.3358154296875)]","[(0, 2403.365966796875), (1, 2534.645751953125)]","[(0, 4459.04931640625), (1, 4576.6796875)]","[(0, 3049.421142578125), (1, 2080.831787109375)]","[(0, 5770.52099609375), (1, 5337.740234375)]","[(0, 2417.316650390625), (1, 3476.064453125)]","[(0, 1981.005126953125), (1, 2225.1435546875)]","[(0, 1522.9737548828125), (1, 1347.6783447265625)]","[(0, 1945.3568115234375), (1, 2767.731201171875)]","[(0, 2651.789306640625), (1, 2029.2078857421875)]"
149,"[(0, 3269.077880859375), (1, 4064.043212890625)]","[(0, 1513.877685546875), (1, 2068.380126953125)]","[(0, 3499.150146484375), (1, 2664.352294921875)]","[(0, 2840.27685546875), (1, 3385.83740234375)]","[(0, 1619.59619140625), (1, 1447.03955078125)]","[(0, 5026.2021484375), (1, 4911.8544921875)]","[(0, 6450.578125), (1, 6901.78759765625)]","[(0, 2051.90234375), (1, 2131.1953125)]","[(0, 1651.768310546875), (1, 2092.095947265625)]","[(0, 3224.34326171875), (1, 2690.732421875)]","[(0, 2748.423583984375), (1, 2501.0078125)]"
150,"[(0, 4468.44921875), (1, 6336.8076171875)]","[(0, 1451.8326416015625), (1, 1784.0416259765625)]","[(0, 3464.23974609375), (1, 4242.86083984375)]","[(0, 2015.6787109375), (1, 2181.642578125)]","[(0, 1767.0865478515625), (1, 1536.26220703125)]","[(0, 5482.779296875), (1, 5548.21240234375)]","[(0, 4384.02734375), (1, 4122.45654296875)]","[(0, 2295.0625), (1, 3312.0380859375)]","[(0, 1626.821533203125), (1, 2144.64453125)]","[(0, 2243.211669921875), (1, 2146.89453125)]","[(0, 2535.645263671875), (1, 1787.8619384765625)]"
151,"[(0, 4225.5654296875), (1, 5420.52587890625)]","[(0, 1194.302490234375), (1, 1350.1121826171875)]","[(0, 6000.970703125), (1, 4453.4736328125)]","[(0, 2659.75341796875), (1, 2724.57568359375)]","[(0, 4371.53173828125), (1, 2994.937744140625)]","[(0, 5200.9609375), (1, 5535.61279296875)]","[(0, 4252.72509765625), (1, 5166.0556640625)]","[(0, 1438.3853759765625), (1, 1978.987548828125)]","[(0, 1555.4708251953125), (1, 1355.112060546875)]","[(0, 1342.6988525390625), (1, 2262.268798828125)]","[(0, 2643.5263671875), (1, 1696.15966796875)]"
152,"[(0, 4736.21533203125), (1, 6168.35888671875)]","[(0, 1625.632080078125), (1, 2368.954833984375)]","[(0, 3076.384765625), (1, 3246.893798828125)]","[(0, 3211.3896484375), (1, 3294.940673828125)]","[(0, 4410.31201171875), (1, 3096.234375)]","[(0, 6722.845703125), (1, 6485.064453125)]","[(0, 3586.215087890625), (1, 4492.64208984375)]","[(0, 2029.04541015625), (1, 1900.4276123046875)]","[(0, 2430.009521484375), (1, 2133.33447265625)]","[(0, 1694.25927734375), (1, 1911.208251953125)]","[(0, 1428.3272705078125), (1, 1047.981689453125)]"
153,"[(0, 2886.620361328125), (1, 3876.00732421875)]","[(0, 1776.1383056640625), (1, 2787.52783203125)]","[(0, 2951.109375), (1, 2264.37646484375)]","[(0, 5508.5654296875), (1, 5160.13720703125)]","[(0, 3864.126953125), (1, 3264.597900390625)]","[(0, 6700.72412109375), (1, 6444.98193359375)]","[(0, 3246.08251953125), (1, 3023.82666015625)]","[(0, 3496.738525390625), (1, 2915.105224609375)]","[(0, 1444.194091796875), (1, 1865.626220703125)]","[(0, 1643.210205078125), (1, 1389.4871826171875)]","[(0, 3247.71142578125), (1, 2825.841064453125)]"
154,"[(0, 3391.17578125), (1, 4444.08056640625)]","[(0, 1646.693603515625), (1, 2146.71337890625)]","[(0, 1157.5377197265625), (1, 930.1041870117188)]","[(0, 3825.797607421875), (1, 4000.673828125)]","[(0, 5114.02734375), (1, 3256.199462890625)]","[(0, 8169.08349609375), (1, 8470.71875)]","[(0, 4681.48779296875), (1, 4302.669921875)]","[(0, 2214.236572265625), (1, 2513.23291015625)]","[(0, 1687.214599609375), (1, 2148.183837890625)]","[(0, 2127.523681640625), (1, 2642.17138671875)]","[(0, 2741.665283203125), (1, 2289.719482421875)]"
155,"[(0, 3961.55322265625), (1, 5044.00244140625)]","[(0, 1190.925048828125), (1, 1430.6441650390625)]","[(0, 10163.3701171875), (1, 9933.958984375)]","[(0, 2289.14404296875), (1, 2210.907958984375)]","[(0, 4431.134765625), (1, 2835.833984375)]","[(0, 8471.607421875), (1, 8919.013671875)]","[(0, 4846.54833984375), (1, 4858.2421875)]","[(0, 1233.1219482421875), (1, 1506.89453125)]","[(0, 1962.116455078125), (1, 2054.9111328125)]","[(0, 3973.126708984375), (1, 3095.818115234375)]","[(0, 3079.8251953125), (1, 2157.4052734375)]"
156,"[(0, 4087.060546875), (1, 5457.08251953125)]","[(0, 760.3414306640625), (1, 687.1278076171875)]","[(0, 3816.1044921875), (1, 3876.77978515625)]","[(0, 3312.679443359375), (1, 3342.031494140625)]","[(0, 3945.107421875), (1, 3332.0166015625)]","[(0, 7633.57373046875), (1, 7317.98583984375)]","[(0, 5338.74853515625), (1, 5212.50537109375)]","[(0, 2885.460205078125), (1, 1895.077880859375)]","[(0, 1488.0318603515625), (1, 1370.2589111328125)]","[(0, 1521.4168701171875), (1, 2063.425048828125)]","[(0, 1857.8770751953125), (1, 1523.7467041015625)]"
157,"[(0, 2360.652099609375), (1, 3176.97119140625)]","[(0, 3350.385986328125), (1, 4231.9736328125)]","[(0, 4505.4541015625), (1, 4010.43408203125)]","[(0, 4606.62744140625), (1, 4547.80322265625)]","[(0, 2816.4755859375), (1, 2218.338134765625)]","[(0, 7311.51904296875), (1, 7287.724609375)]","[(0, 2708.933349609375), (1, 3115.727783203125)]","[(0, 3452.63671875), (1, 2166.22509765625)]","[(0, 2432.4453125), (1, 1761.05712890625)]","[(0, 1640.829833984375), (1, 1145.2392578125)]","[(0, 2591.654052734375), (1, 2185.098876953125)]"
158,"[(0, 3919.9951171875), (1, 5134.7724609375)]","[(0, 4600.78369140625), (1, 6154.9140625)]","[(0, 5432.6875), (1, 5085.55126953125)]","[(0, 2051.236083984375), (1, 1968.1116943359375)]","[(0, 2649.366455078125), (1, 1607.203857421875)]","[(0, 5007.42822265625), (1, 5113.71484375)]","[(0, 2529.77587890625), (1, 2917.95751953125)]","[(0, 1815.0911865234375), (1, 1778.3687744140625)]","[(0, 1779.4638671875), (1, 1345.078857421875)]","[(0, 3539.924560546875), (1, 2798.92919921875)]","[(0, 3566.17138671875), (1, 3157.609375)]"
159,"[(0, 3770.82177734375), (1, 4902.88232421875)]","[(0, 3429.861083984375), (1, 3966.02490234375)]","[(0, 2506.4697265625), (1, 2440.213623046875)]","[(0, 1492.54296875), (1, 1633.3055419921875)]","[(0, 2359.615478515625), (1, 1421.6920166015625)]","[(0, 7323.4521484375), (1, 7573.005859375)]","[(0, 4322.5556640625), (1, 4548.18017578125)]","[(0, 2824.0009765625), (1, 4041.80712890625)]","[(0, 1399.8055419921875), (1, 1371.5635986328125)]","[(0, 2221.336669921875), (1, 2464.156005859375)]","[(0, 2579.068603515625), (1, 2189.996337890625)]"
160,"[(0, 5044.48828125), (1, 6658.15966796875)]","[(0, 2895.487060546875), (1, 3120.646484375)]","[(0, 8058.87890625), (1, 8597.0263671875)]","[(0, 5809.64892578125), (1, 5305.9130859375)]","[(0, 1227.8734130859375), (1, 1173.097900390625)]","[(0, 9455.4580078125), (1, 8986.291015625)]","[(0, 3839.903564453125), (1, 3698.80859375)]","[(0, 3570.755615234375), (1, 2411.77978515625)]","[(0, 3382.148681640625), (1, 2297.713623046875)]","[(0, 1984.01220703125), (1, 1709.95751953125)]","[(0, 5012.31591796875), (1, 4030.89404296875)]"
161,"[(0, 4550.427734375), (1, 6144.09375)]","[(0, 1798.09912109375), (1, 2451.49853515625)]","[(0, 3096.78662109375), (1, 3446.323974609375)]","[(0, 1645.0400390625), (1, 1763.595703125)]","[(0, 4625.94091796875), (1, 2987.990966796875)]","[(0, 5856.47705078125), (1, 5586.39208984375)]","[(0, 3630.426513671875), (1, 5148.232421875)]","[(0, 2703.385986328125), (1, 1847.890625)]","[(0, 2108.14453125), (1, 2017.7105712890625)]","[(0, 1237.2659912109375), (1, 1674.431884765625)]","[(0, 1828.522216796875), (1, 1473.261962890625)]"
162,"[(0, 2915.91845703125), (1, 3865.71533203125)]","[(0, 1799.7144775390625), (1, 2571.17919921875)]","[(0, 6617.64501953125), (1, 6775.26318359375)]","[(0, 3766.9833984375), (1, 3960.5634765625)]","[(0, 4288.8515625), (1, 2761.27978515625)]","[(0, 4732.44970703125), (1, 5054.11962890625)]","[(0, 3712.72216796875), (1, 5509.962890625)]","[(0, 3408.672119140625), (1, 2351.23779296875)]","[(0, 1825.010986328125), (1, 2433.224853515625)]","[(0, 2321.279052734375), (1, 2568.04248046875)]","[(0, 2581.790283203125), (1, 2111.543212890625)]"
163,"[(0, 3972.29345703125), (1, 5138.19677734375)]","[(0, 1763.864013671875), (1, 2236.792236328125)]","[(0, 2162.080810546875), (1, 2068.387939453125)]","[(0, 2985.831787109375), (1, 3215.815185546875)]","[(0, 2055.813720703125), (1, 1668.8521728515625)]","[(0, 4786.626953125), (1, 4943.4951171875)]","[(0, 5010.169921875), (1, 5741.48828125)]","[(0, 3302.758544921875), (1, 4503.58544921875)]","[(0, 1653.5255126953125), (1, 1783.042236328125)]","[(0, 1789.36474609375), (1, 1374.3468017578125)]","[(0, 3084.5810546875), (1, 2620.90625)]"
164,"[(0, 3829.889892578125), (1, 5177.63671875)]","[(0, 1509.3043212890625), (1, 1765.64892578125)]","[(0, 1686.54541015625), (1, 1264.438720703125)]","[(0, 1955.7589111328125), (1, 2357.58203125)]","[(0, 1383.150390625), (1, 1118.4169921875)]","[(0, 7571.69189453125), (1, 7049.05029296875)]","[(0, 5544.81640625), (1, 4534.47265625)]","[(0, 1785.4510498046875), (1, 1383.5792236328125)]","[(0, 1803.6429443359375), (1, 1481.1827392578125)]","[(0, 2737.875244140625), (1, 1897.1373291015625)]","[(0, 2163.405029296875), (1, 1924.509765625)]"
165,"[(0, 3614.634765625), (1, 4675.8076171875)]","[(0, 2593.220458984375), (1, 3082.275634765625)]","[(0, 3594.333251953125), (1, 3734.928466796875)]","[(0, 1761.1519775390625), (1, 1901.9326171875)]","[(0, 1996.633544921875), (1, 1264.14697265625)]","[(0, 4080.8212890625), (1, 4070.19482421875)]","[(0, 3019.535888671875), (1, 3300.544921875)]","[(0, 1865.2926025390625), (1, 1506.6251220703125)]","[(0, 1867.086669921875), (1, 1751.616943359375)]","[(0, 2706.5693359375), (1, 2990.054931640625)]","[(0, 2236.182373046875), (1, 1835.0233154296875)]"
166,"[(0, 2901.066162109375), (1, 3921.116943359375)]","[(0, 2655.194091796875), (1, 3225.08447265625)]","[(0, 1331.4967041015625), (1, 1223.60205078125)]","[(0, 2317.29541015625), (1, 2567.426513671875)]","[(0, 3055.10302734375), (1, 2305.766357421875)]","[(0, 5065.9375), (1, 5086.0849609375)]","[(0, 3383.6845703125), (1, 3131.292236328125)]","[(0, 1739.8182373046875), (1, 2111.516845703125)]","[(0, 2072.26171875), (1, 2193.48388671875)]","[(0, 2363.926513671875), (1, 2611.283447265625)]","[(0, 1416.950439453125), (1, 1080.293701171875)]"
167,"[(0, 3602.25341796875), (1, 4939.814453125)]","[(0, 2699.484375), (1, 2909.185546875)]","[(0, 5024.9560546875), (1, 5115.18798828125)]","[(0, 5226.25927734375), (1, 4802.52099609375)]","[(0, 3626.2119140625), (1, 2889.318115234375)]","[(0, 5771.517578125), (1, 5813.517578125)]","[(0, 3519.085693359375), (1, 3568.689208984375)]","[(0, 1821.9129638671875), (1, 2023.136474609375)]","[(0, 1862.0977783203125), (1, 1360.3548583984375)]","[(0, 1539.1292724609375), (1, 1635.637451171875)]","[(0, 1828.138671875), (1, 1456.449951171875)]"
168,"[(0, 2136.679931640625), (1, 2898.91064453125)]","[(0, 1835.2928466796875), (1, 1858.134765625)]","[(0, 7429.56298828125), (1, 6285.2822265625)]","[(0, 2609.1474609375), (1, 2706.486572265625)]","[(0, 2867.84619140625), (1, 2378.380859375)]","[(0, 2400.726806640625), (1, 2415.283203125)]","[(0, 5380.3486328125), (1, 5382.0166015625)]","[(0, 1590.73974609375), (1, 2164.16845703125)]","[(0, 2338.833740234375), (1, 2986.341552734375)]","[(0, 2863.189697265625), (1, 2462.216796875)]","[(0, 2014.5765380859375), (1, 1686.760009765625)]"
169,"[(0, 4208.3330078125), (1, 5680.04443359375)]","[(0, 2188.391845703125), (1, 2480.47900390625)]","[(0, 6542.4130859375), (1, 6797.8056640625)]","[(0, 3176.086669921875), (1, 3115.8408203125)]","[(0, 3909.027099609375), (1, 2412.815185546875)]","[(0, 4190.259765625), (1, 4055.4365234375)]","[(0, 3628.578125), (1, 3930.29296875)]","[(0, 3086.084716796875), (1, 3065.10107421875)]","[(0, 1873.5345458984375), (1, 1994.883544921875)]","[(0, 1781.8447265625), (1, 1791.95703125)]","[(0, 2014.7281494140625), (1, 1567.0435791015625)]"
170,"[(0, 3408.034912109375), (1, 4430.52197265625)]","[(0, 2499.221923828125), (1, 2902.83056640625)]","[(0, 8160.95361328125), (1, 8143.35205078125)]","[(0, 3613.1220703125), (1, 3373.673095703125)]","[(0, 3581.5771484375), (1, 2259.473388671875)]","[(0, 3573.187744140625), (1, 3516.539306640625)]","[(0, 5324.74462890625), (1, 5056.92529296875)]","[(0, 2157.130615234375), (1, 2552.5087890625)]","[(0, 1829.8629150390625), (1, 2112.35888671875)]","[(0, 1724.02490234375), (1, 2112.00732421875)]","[(0, 2220.946044921875), (1, 2119.76904296875)]"
171,"[(0, 3156.203369140625), (1, 4371.14013671875)]","[(0, 2203.772705078125), (1, 2266.217041015625)]","[(0, 5292.54638671875), (1, 4612.43017578125)]","[(0, 2277.955078125), (1, 2454.330322265625)]","[(0, 1282.5233154296875), (1, 1184.1824951171875)]","[(0, 2863.711181640625), (1, 2879.90966796875)]","[(0, 6387.5556640625), (1, 6131.49755859375)]","[(0, 2330.65771484375), (1, 2392.471435546875)]","[(0, 2361.293701171875), (1, 2356.6806640625)]","[(0, 1424.7139892578125), (1, 1414.299072265625)]","[(0, 3056.7001953125), (1, 2596.720947265625)]"
172,"[(0, 3914.56689453125), (1, 5332.47412109375)]","[(0, 2340.68359375), (1, 2404.69677734375)]","[(0, 2932.84423828125), (1, 2834.867431640625)]","[(0, 1371.58251953125), (1, 1453.45703125)]","[(0, 1279.458740234375), (1, 1151.6085205078125)]","[(0, 7711.02978515625), (1, 7253.57568359375)]","[(0, 6322.24169921875), (1, 5678.4248046875)]","[(0, 1607.3917236328125), (1, 2393.080810546875)]","[(0, 2404.796630859375), (1, 2724.310791015625)]","[(0, 2051.501220703125), (1, 2458.57177734375)]","[(0, 2832.2783203125), (1, 2617.901123046875)]"
173,"[(0, 3101.30859375), (1, 3961.489013671875)]","[(0, 1008.6239624023438), (1, 875.7809448242188)]","[(0, 4225.83984375), (1, 3943.381103515625)]","[(0, 4143.0654296875), (1, 4026.587158203125)]","[(0, 4171.32080078125), (1, 2725.751953125)]","[(0, 4821.57080078125), (1, 4820.05810546875)]","[(0, 3176.135009765625), (1, 3484.84033203125)]","[(0, 2121.954345703125), (1, 3450.066162109375)]","[(0, 2558.17822265625), (1, 3618.9326171875)]","[(0, 1958.796875), (1, 1692.4005126953125)]","[(0, 3364.451904296875), (1, 2557.67822265625)]"
174,"[(0, 3929.753173828125), (1, 5348.79833984375)]","[(0, 1556.968994140625), (1, 2322.773681640625)]","[(0, 2949.082275390625), (1, 2342.505615234375)]","[(0, 1191.41064453125), (1, 1197.9110107421875)]","[(0, 3978.5224609375), (1, 2676.88427734375)]","[(0, 5228.716796875), (1, 5253.9091796875)]","[(0, 2742.774169921875), (1, 2619.994140625)]","[(0, 2613.868408203125), (1, 2205.75341796875)]","[(0, 2381.675048828125), (1, 2229.157958984375)]","[(0, 1509.1668701171875), (1, 1715.619140625)]","[(0, 1574.4735107421875), (1, 929.429443359375)]"
175,"[(0, 2464.89501953125), (1, 3188.526611328125)]","[(0, 1596.239501953125), (1, 2441.117919921875)]","[(0, 3522.89697265625), (1, 3077.488037109375)]","[(0, 1716.09033203125), (1, 1715.8115234375)]","[(0, 3371.408935546875), (1, 2820.49658203125)]","[(0, 5781.37841796875), (1, 6195.76806640625)]","[(0, 6230.8466796875), (1, 7619.09375)]","[(0, 3479.40087890625), (1, 3899.2236328125)]","[(0, 1916.5836181640625), (1, 2945.254150390625)]","[(0, 2429.82666015625), (1, 2611.269775390625)]","[(0, 3934.117919921875), (1, 3180.830322265625)]"
176,"[(0, 2496.619384765625), (1, 3351.453369140625)]","[(0, 1650.220458984375), (1, 2137.57958984375)]","[(0, 3198.3876953125), (1, 3662.46826171875)]","[(0, 2003.4315185546875), (1, 2240.9931640625)]","[(0, 3427.3857421875), (1, 2851.688232421875)]","[(0, 6883.1591796875), (1, 6198.16748046875)]","[(0, 4451.1640625), (1, 5292.61181640625)]","[(0, 3011.1220703125), (1, 2029.427490234375)]","[(0, 2455.48095703125), (1, 2332.6767578125)]","[(0, 1422.6630859375), (1, 1209.943603515625)]","[(0, 1671.332763671875), (1, 1436.499755859375)]"
177,"[(0, 2705.6943359375), (1, 3521.53662109375)]","[(0, 1305.18115234375), (1, 1491.9957275390625)]","[(0, 2206.12890625), (1, 2012.1744384765625)]","[(0, 5882.29833984375), (1, 6182.67041015625)]","[(0, 3230.32958984375), (1, 2134.3154296875)]","[(0, 5194.57666015625), (1, 5040.5595703125)]","[(0, 3129.2919921875), (1, 3262.5810546875)]","[(0, 1776.4288330078125), (1, 2953.340576171875)]","[(0, 1745.2606201171875), (1, 1497.7152099609375)]","[(0, 2324.697265625), (1, 1273.6778564453125)]","[(0, 1816.614990234375), (1, 1560.31201171875)]"
178,"[(0, 4157.8291015625), (1, 5349.3388671875)]","[(0, 3291.721435546875), (1, 3651.489501953125)]","[(0, 6478.3388671875), (1, 5725.73486328125)]","[(0, 2535.52099609375), (1, 2556.672119140625)]","[(0, 3064.931640625), (1, 2080.12646484375)]","[(0, 3845.16943359375), (1, 3877.61181640625)]","[(0, 4246.458984375), (1, 4041.282958984375)]","[(0, 2488.749755859375), (1, 1496.1727294921875)]","[(0, 1173.35302734375), (1, 966.2495727539062)]","[(0, 1646.9912109375), (1, 1681.123291015625)]","[(0, 1963.7740478515625), (1, 1569.53662109375)]"
179,"[(0, 4816.31298828125), (1, 6777.97802734375)]","[(0, 4382.31787109375), (1, 5111.92041015625)]","[(0, 3351.162353515625), (1, 2456.265625)]","[(0, 2359.15966796875), (1, 2372.71826171875)]","[(0, 4812.3505859375), (1, 3112.455078125)]","[(0, 3147.2373046875), (1, 3205.282470703125)]","[(0, 2988.11376953125), (1, 3023.910400390625)]","[(0, 2053.291015625), (1, 2307.923583984375)]","[(0, 2426.8369140625), (1, 2521.88818359375)]","[(0, 1120.7696533203125), (1, 1148.3638916015625)]","[(0, 3758.76904296875), (1, 3027.294921875)]"
180,"[(0, 3907.159912109375), (1, 5263.3623046875)]","[(0, 2966.654296875), (1, 3120.29833984375)]","[(0, 3284.2646484375), (1, 2417.345458984375)]","[(0, 6616.45849609375), (1, 7179.89990234375)]","[(0, 2970.773681640625), (1, 2065.513916015625)]","[(0, 2789.6953125), (1, 2826.12255859375)]","[(0, 4869.20751953125), (1, 4517.048828125)]","[(0, 2497.53857421875), (1, 1207.935302734375)]","[(0, 1375.1719970703125), (1, 1523.282470703125)]","[(0, 2022.167236328125), (1, 1329.84375)]","[(0, 2248.94140625), (1, 1964.39892578125)]"
181,"[(0, 4192.669921875), (1, 5410.86767578125)]","[(0, 1947.005859375), (1, 1890.568603515625)]","[(0, 1643.85205078125), (1, 1282.8963623046875)]","[(0, 3775.816650390625), (1, 3838.27392578125)]","[(0, 2728.29150390625), (1, 2481.530517578125)]","[(0, 2673.133056640625), (1, 2623.58203125)]","[(0, 3494.155029296875), (1, 4660.275390625)]","[(0, 1952.764892578125), (1, 1558.305908203125)]","[(0, 2577.46044921875), (1, 2888.017578125)]","[(0, 1333.084228515625), (1, 1803.281982421875)]","[(0, 2707.6884765625), (1, 2130.35595703125)]"
182,"[(0, 3473.9931640625), (1, 4659.97314453125)]","[(0, 1403.9254150390625), (1, 1382.8074951171875)]","[(0, 6049.23095703125), (1, 4857.3896484375)]","[(0, 1331.567138671875), (1, 1317.3453369140625)]","[(0, 2444.708251953125), (1, 2092.43212890625)]","[(0, 3891.4150390625), (1, 3908.494140625)]","[(0, 4472.8916015625), (1, 5940.28466796875)]","[(0, 1823.275634765625), (1, 1069.573974609375)]","[(0, 2618.1708984375), (1, 2800.430908203125)]","[(0, 2193.318603515625), (1, 3902.1103515625)]","[(0, 3616.541748046875), (1, 2708.33154296875)]"
183,"[(0, 2453.577880859375), (1, 3358.511474609375)]","[(0, 728.07568359375), (1, 676.4903564453125)]","[(0, 1954.99169921875), (1, 1860.2713623046875)]","[(0, 2864.93212890625), (1, 2740.99609375)]","[(0, 4801.7744140625), (1, 2991.244140625)]","[(0, 6735.6416015625), (1, 6592.77587890625)]","[(0, 5904.07080078125), (1, 6072.25244140625)]","[(0, 1675.303955078125), (1, 2690.346435546875)]","[(0, 2138.76953125), (1, 1389.3267822265625)]","[(0, 1454.15234375), (1, 2264.73828125)]","[(0, 4445.5810546875), (1, 3849.18310546875)]"
184,"[(0, 2089.72314453125), (1, 2607.9931640625)]","[(0, 2651.253173828125), (1, 3104.823974609375)]","[(0, 3828.728515625), (1, 3642.311279296875)]","[(0, 5186.2998046875), (1, 5438.3115234375)]","[(0, 3814.696533203125), (1, 2431.64501953125)]","[(0, 7151.27392578125), (1, 7391.80908203125)]","[(0, 7391.61181640625), (1, 7785.35791015625)]","[(0, 3757.973388671875), (1, 3824.6337890625)]","[(0, 2558.893310546875), (1, 1823.3885498046875)]","[(0, 1923.429931640625), (1, 2765.6533203125)]","[(0, 3088.3369140625), (1, 2587.985107421875)]"
185,"[(0, 2040.0009765625), (1, 2738.922607421875)]","[(0, 3034.1015625), (1, 3609.0859375)]","[(0, 6067.0078125), (1, 5703.8525390625)]","[(0, 2620.5263671875), (1, 2388.617431640625)]","[(0, 2069.7841796875), (1, 1607.177001953125)]","[(0, 7573.41796875), (1, 7589.54150390625)]","[(0, 3314.77783203125), (1, 3234.633056640625)]","[(0, 1649.85546875), (1, 2140.4091796875)]","[(0, 1446.04150390625), (1, 2430.148681640625)]","[(0, 2960.24072265625), (1, 2632.419189453125)]","[(0, 2502.2890625), (1, 2210.304931640625)]"
186,"[(0, 3533.88330078125), (1, 4873.634765625)]","[(0, 2605.1357421875), (1, 2561.70361328125)]","[(0, 3334.836181640625), (1, 3618.36669921875)]","[(0, 3943.2119140625), (1, 3953.725341796875)]","[(0, 1258.7825927734375), (1, 997.409912109375)]","[(0, 6427.05322265625), (1, 6300.291015625)]","[(0, 6121.115234375), (1, 6151.85107421875)]","[(0, 1692.5828857421875), (1, 1729.96875)]","[(0, 1862.1182861328125), (1, 1794.9552001953125)]","[(0, 1995.396240234375), (1, 2233.07080078125)]","[(0, 2501.64111328125), (1, 1688.301025390625)]"
187,"[(0, 3976.583984375), (1, 5360.666015625)]","[(0, 1878.646240234375), (1, 1725.255126953125)]","[(0, 2680.03125), (1, 2548.828125)]","[(0, 3856.88134765625), (1, 3979.470947265625)]","[(0, 1615.3426513671875), (1, 1135.140380859375)]","[(0, 5611.7236328125), (1, 5610.8994140625)]","[(0, 3793.9873046875), (1, 3928.872802734375)]","[(0, 2159.900390625), (1, 1830.8299560546875)]","[(0, 1422.541015625), (1, 1495.5322265625)]","[(0, 1547.2012939453125), (1, 1165.2882080078125)]","[(0, 2209.271240234375), (1, 1416.273681640625)]"
188,"[(0, 4775.49267578125), (1, 6240.86767578125)]","[(0, 3136.0380859375), (1, 3738.837890625)]","[(0, 3089.948486328125), (1, 2237.634033203125)]","[(0, 3250.468994140625), (1, 3397.070556640625)]","[(0, 2593.423095703125), (1, 1643.026123046875)]","[(0, 3868.55126953125), (1, 3897.69921875)]","[(0, 3986.612548828125), (1, 3931.25634765625)]","[(0, 1121.8245849609375), (1, 1292.84619140625)]","[(0, 1628.602783203125), (1, 1101.6630859375)]","[(0, 1200.7843017578125), (1, 2321.510498046875)]","[(0, 1946.221435546875), (1, 1730.7608642578125)]"
189,"[(0, 4112.7060546875), (1, 5510.09423828125)]","[(0, 3346.049560546875), (1, 4134.83544921875)]","[(0, 3992.890380859375), (1, 3036.507080078125)]","[(0, 2382.2080078125), (1, 2279.98583984375)]","[(0, 2307.919189453125), (1, 1982.4053955078125)]","[(0, 4167.09033203125), (1, 4360.31494140625)]","[(0, 4324.25439453125), (1, 6139.513671875)]","[(0, 1203.9381103515625), (1, 1762.881103515625)]","[(0, 1985.9515380859375), (1, 1262.56201171875)]","[(0, 2595.92626953125), (1, 1899.0616455078125)]","[(0, 2534.4365234375), (1, 2200.794677734375)]"
190,"[(0, 4869.97802734375), (1, 6625.62744140625)]","[(0, 3040.46240234375), (1, 3240.199951171875)]","[(0, 2015.1279296875), (1, 1926.8521728515625)]","[(0, 3320.0771484375), (1, 3076.657470703125)]","[(0, 1827.61474609375), (1, 1572.251953125)]","[(0, 5774.49609375), (1, 5581.072265625)]","[(0, 3813.4306640625), (1, 4771.20458984375)]","[(0, 1369.4755859375), (1, 2053.511474609375)]","[(0, 1176.0450439453125), (1, 760.2613525390625)]","[(0, 4247.89306640625), (1, 3581.105712890625)]","[(0, 2656.898681640625), (1, 2609.55322265625)]"
191,"[(0, 4559.05859375), (1, 6186.6162109375)]","[(0, 2026.382568359375), (1, 2009.6104736328125)]","[(0, 4436.75439453125), (1, 3353.79052734375)]","[(0, 2543.2763671875), (1, 2431.32275390625)]","[(0, 6138.84033203125), (1, 3988.251220703125)]","[(0, 6938.87158203125), (1, 6899.81298828125)]","[(0, 3170.158203125), (1, 3299.701416015625)]","[(0, 2015.972900390625), (1, 2284.603515625)]","[(0, 3010.4013671875), (1, 2758.278076171875)]","[(0, 2661.537109375), (1, 1857.862060546875)]","[(0, 2559.990478515625), (1, 2040.7142333984375)]"
192,"[(0, 3474.2451171875), (1, 4509.0390625)]","[(0, 1613.3297119140625), (1, 2449.779541015625)]","[(0, 4244.95703125), (1, 4254.84228515625)]","[(0, 4608.2177734375), (1, 4667.876953125)]","[(0, 4810.46044921875), (1, 3158.27197265625)]","[(0, 5146.53369140625), (1, 5194.16015625)]","[(0, 5510.96142578125), (1, 5225.07763671875)]","[(0, 2716.6181640625), (1, 2388.140380859375)]","[(0, 1660.896728515625), (1, 1802.6224365234375)]","[(0, 2992.35400390625), (1, 4052.483154296875)]","[(0, 5246.37890625), (1, 4779.1376953125)]"
193,"[(0, 4421.32470703125), (1, 5678.6904296875)]","[(0, 1819.9722900390625), (1, 2860.015625)]","[(0, 5248.5302734375), (1, 5337.9033203125)]","[(0, 3461.238037109375), (1, 3214.135009765625)]","[(0, 2304.525390625), (1, 2178.853271484375)]","[(0, 7543.27294921875), (1, 7857.4267578125)]","[(0, 4254.8466796875), (1, 4386.61669921875)]","[(0, 2356.812255859375), (1, 2872.158447265625)]","[(0, 1947.5806884765625), (1, 2274.146484375)]","[(0, 2058.5966796875), (1, 1416.236572265625)]","[(0, 4057.587890625), (1, 3401.3525390625)]"
194,"[(0, 1721.658935546875), (1, 2305.734375)]","[(0, 1665.728515625), (1, 2192.922119140625)]","[(0, 1801.958984375), (1, 1909.4530029296875)]","[(0, 5223.99169921875), (1, 5344.7392578125)]","[(0, 2918.958251953125), (1, 1625.810302734375)]","[(0, 6959.81396484375), (1, 6753.35595703125)]","[(0, 5575.3056640625), (1, 5828.044921875)]","[(0, 2133.81982421875), (1, 2528.14794921875)]","[(0, 976.802490234375), (1, 1390.8619384765625)]","[(0, 2751.299072265625), (1, 2797.42138671875)]","[(0, 1577.963134765625), (1, 1182.3048095703125)]"
195,"[(0, 3971.7705078125), (1, 5179.38037109375)]","[(0, 1398.5272216796875), (1, 1621.786376953125)]","[(0, 3021.748291015625), (1, 2432.56005859375)]","[(0, 4316.14599609375), (1, 4217.2080078125)]","[(0, 2327.0263671875), (1, 1307.160400390625)]","[(0, 5063.681640625), (1, 4638.20751953125)]","[(0, 3709.600341796875), (1, 3820.845947265625)]","[(0, 2203.3125), (1, 3134.264892578125)]","[(0, 3045.087890625), (1, 3620.54150390625)]","[(0, 3075.487060546875), (1, 2930.301513671875)]","[(0, 1451.130126953125), (1, 1218.6748046875)]"
196,"[(0, 3367.5947265625), (1, 4564.22216796875)]","[(0, 1033.0333251953125), (1, 935.6530151367188)]","[(0, 1676.5091552734375), (1, 1699.2528076171875)]","[(0, 5373.3388671875), (1, 5188.5263671875)]","[(0, 2662.556640625), (1, 2068.475830078125)]","[(0, 3890.44287109375), (1, 4182.390625)]","[(0, 1949.2891845703125), (1, 1884.7296142578125)]","[(0, 2811.977294921875), (1, 2946.921875)]","[(0, 1782.3375244140625), (1, 1056.2991943359375)]","[(0, 3744.9580078125), (1, 3274.76025390625)]","[(0, 3531.646484375), (1, 2618.5390625)]"
197,"[(0, 4017.10595703125), (1, 5099.55322265625)]","[(0, 776.8988037109375), (1, 721.6925659179688)]","[(0, 4658.1025390625), (1, 3593.277587890625)]","[(0, 2310.571533203125), (1, 2248.045166015625)]","[(0, 2572.77490234375), (1, 2004.02001953125)]","[(0, 3018.623046875), (1, 3191.383056640625)]","[(0, 10528.0751953125), (1, 10720.9384765625)]","[(0, 4933.46337890625), (1, 2865.119384765625)]","[(0, 1690.4962158203125), (1, 1858.52392578125)]","[(0, 1495.4886474609375), (1, 1879.51904296875)]","[(0, 1512.2593994140625), (1, 1286.0206298828125)]"
198,"[(0, 2984.738525390625), (1, 4017.4736328125)]","[(0, 1304.2205810546875), (1, 1664.8138427734375)]","[(0, 2714.26171875), (1, 2668.797607421875)]","[(0, 1874.2645263671875), (1, 1701.5426025390625)]","[(0, 4364.3837890625), (1, 2743.730224609375)]","[(0, 6345.697265625), (1, 5962.91943359375)]","[(0, 4168.759765625), (1, 4237.58740234375)]","[(0, 1852.9278564453125), (1, 1910.1268310546875)]","[(0, 2950.72802734375), (1, 3046.133544921875)]","[(0, 1997.4439697265625), (1, 1865.927734375)]","[(0, 2832.09619140625), (1, 2213.35400390625)]"
199,"[(0, 5711.7890625), (1, 7703.5546875)]","[(0, 1216.1339111328125), (1, 1620.2274169921875)]","[(0, 7092.1181640625), (1, 6948.39404296875)]","[(0, 2348.8310546875), (1, 2347.532958984375)]","[(0, 1864.0068359375), (1, 1210.66455078125)]","[(0, 5159.03515625), (1, 4540.90380859375)]","[(0, 3424.654296875), (1, 3740.56396484375)]","[(0, 1258.1136474609375), (1, 1068.8902587890625)]","[(0, 1860.782470703125), (1, 1514.2320556640625)]","[(0, 1767.2576904296875), (1, 1462.538818359375)]","[(0, 4570.27685546875), (1, 4028.12353515625)]"
200,"[(0, 3918.387939453125), (1, 5288.70166015625)]","[(0, 1230.4012451171875), (1, 1404.9425048828125)]","[(0, 2181.92333984375), (1, 1775.33642578125)]","[(0, 4850.49658203125), (1, 5156.29541015625)]","[(0, 2555.51904296875), (1, 2134.06396484375)]","[(0, 3623.8955078125), (1, 3924.046142578125)]","[(0, 3402.780029296875), (1, 3025.06103515625)]","[(0, 2027.8284912109375), (1, 1514.5093994140625)]","[(0, 2894.67138671875), (1, 2655.252197265625)]","[(0, 1803.6224365234375), (1, 1456.99169921875)]","[(0, 2797.2333984375), (1, 2453.732177734375)]"
201,"[(0, 3384.7236328125), (1, 4303.65478515625)]","[(0, 1444.687255859375), (1, 1590.91650390625)]","[(0, 4085.474609375), (1, 4087.049072265625)]","[(0, 2492.64990234375), (1, 2526.1728515625)]","[(0, 3095.691162109375), (1, 2418.704833984375)]","[(0, 3166.049072265625), (1, 3485.933837890625)]","[(0, 3846.647216796875), (1, 3750.49755859375)]","[(0, 2387.282958984375), (1, 1812.05224609375)]","[(0, 2370.353515625), (1, 1890.9932861328125)]","[(0, 1516.31591796875), (1, 2025.9351806640625)]","[(0, 3500.595703125), (1, 2610.005126953125)]"
202,"[(0, 3809.883056640625), (1, 4950.7373046875)]","[(0, 1190.5860595703125), (1, 1057.729736328125)]","[(0, 1303.0523681640625), (1, 1339.912109375)]","[(0, 2610.23876953125), (1, 2726.438232421875)]","[(0, 4449.7421875), (1, 3002.298583984375)]","[(0, 7750.74658203125), (1, 6978.18359375)]","[(0, 2947.994140625), (1, 2897.970703125)]","[(0, 2204.98876953125), (1, 3077.90771484375)]","[(0, 2116.897216796875), (1, 3173.76123046875)]","[(0, 1467.5755615234375), (1, 1774.7642822265625)]","[(0, 2143.8603515625), (1, 1756.462158203125)]"
203,"[(0, 5087.3798828125), (1, 6633.751953125)]","[(0, 2438.600341796875), (1, 3142.156982421875)]","[(0, 2722.81201171875), (1, 2707.06103515625)]","[(0, 3610.91064453125), (1, 3713.947265625)]","[(0, 3569.465087890625), (1, 2424.01953125)]","[(0, 3983.085693359375), (1, 3830.620361328125)]","[(0, 3738.588134765625), (1, 3943.328369140625)]","[(0, 1808.2294921875), (1, 2667.1806640625)]","[(0, 2000.2281494140625), (1, 2695.505859375)]","[(0, 1399.8843994140625), (1, 1856.9212646484375)]","[(0, 2207.788330078125), (1, 2084.79736328125)]"
204,"[(0, 3817.4404296875), (1, 4513.431640625)]","[(0, 2599.955810546875), (1, 3494.638427734375)]","[(0, 4052.94287109375), (1, 3419.162109375)]","[(0, 3077.191650390625), (1, 3423.390625)]","[(0, 2321.34765625), (1, 2120.9052734375)]","[(0, 3443.945068359375), (1, 3512.93603515625)]","[(0, 3344.476806640625), (1, 2990.462646484375)]","[(0, 2414.14990234375), (1, 3027.540283203125)]","[(0, 1402.639892578125), (1, 2183.48974609375)]","[(0, 2852.10595703125), (1, 3074.492919921875)]","[(0, 2547.10791015625), (1, 2007.7703857421875)]"
205,"[(0, 2594.1123046875), (1, 3394.0361328125)]","[(0, 2416.119384765625), (1, 2731.490966796875)]","[(0, 1813.18798828125), (1, 1707.3292236328125)]","[(0, 2399.257568359375), (1, 2364.485595703125)]","[(0, 1923.1080322265625), (1, 1719.5340576171875)]","[(0, 4583.921875), (1, 4333.9482421875)]","[(0, 5801.32177734375), (1, 5859.767578125)]","[(0, 1694.358642578125), (1, 1623.156494140625)]","[(0, 1371.614013671875), (1, 1012.21630859375)]","[(0, 2135.12353515625), (1, 1864.5855712890625)]","[(0, 4685.89208984375), (1, 3961.428466796875)]"
206,"[(0, 2740.904541015625), (1, 3718.902099609375)]","[(0, 1703.30078125), (1, 1795.2369384765625)]","[(0, 3394.055419921875), (1, 2693.7568359375)]","[(0, 3108.400146484375), (1, 3011.357421875)]","[(0, 4844.94921875), (1, 3302.302001953125)]","[(0, 5229.5595703125), (1, 5132.59423828125)]","[(0, 5684.30908203125), (1, 6018.35986328125)]","[(0, 2126.8310546875), (1, 2539.322265625)]","[(0, 1691.1839599609375), (1, 2178.521728515625)]","[(0, 3045.767578125), (1, 3263.2998046875)]","[(0, 1535.388671875), (1, 1314.4239501953125)]"
207,"[(0, 4567.2265625), (1, 5983.03271484375)]","[(0, 1221.365966796875), (1, 1106.7587890625)]","[(0, 2001.024658203125), (1, 1746.6834716796875)]","[(0, 2629.825927734375), (1, 2405.913818359375)]","[(0, 4571.2138671875), (1, 3120.000732421875)]","[(0, 7853.0517578125), (1, 8142.3662109375)]","[(0, 3407.01123046875), (1, 3798.317138671875)]","[(0, 1964.458740234375), (1, 2047.2481689453125)]","[(0, 1634.8773193359375), (1, 1158.013671875)]","[(0, 2258.61474609375), (1, 2015.9410400390625)]","[(0, 3338.6005859375), (1, 3068.315185546875)]"
208,"[(0, 3507.359130859375), (1, 4777.861328125)]","[(0, 2109.5966796875), (1, 2291.36865234375)]","[(0, 1492.48388671875), (1, 1735.729736328125)]","[(0, 1498.2808837890625), (1, 1616.7073974609375)]","[(0, 2540.242919921875), (1, 1620.1468505859375)]","[(0, 6208.70947265625), (1, 6759.81884765625)]","[(0, 5466.30224609375), (1, 5023.04443359375)]","[(0, 1282.149658203125), (1, 1161.60400390625)]","[(0, 1917.9805908203125), (1, 1706.537353515625)]","[(0, 1906.6334228515625), (1, 1596.415283203125)]","[(0, 2368.302978515625), (1, 1738.2684326171875)]"
209,"[(0, 3053.806640625), (1, 4097.56689453125)]","[(0, 2275.040283203125), (1, 2481.7919921875)]","[(0, 5039.79541015625), (1, 4657.90673828125)]","[(0, 1632.6507568359375), (1, 1524.6246337890625)]","[(0, 738.0250244140625), (1, 670.2548217773438)]","[(0, 3831.24853515625), (1, 3686.00830078125)]","[(0, 3629.470947265625), (1, 5036.41748046875)]","[(0, 1455.6187744140625), (1, 1595.8824462890625)]","[(0, 2194.690185546875), (1, 1209.9713134765625)]","[(0, 2194.388916015625), (1, 2771.081298828125)]","[(0, 1906.6470947265625), (1, 1477.826171875)]"
210,"[(0, 3978.067138671875), (1, 5254.08984375)]","[(0, 2073.627685546875), (1, 2067.813232421875)]","[(0, 2066.806640625), (1, 1647.529296875)]","[(0, 3106.58056640625), (1, 2857.142333984375)]","[(0, 724.6847534179688), (1, 670.5204467773438)]","[(0, 4929.6494140625), (1, 4879.25244140625)]","[(0, 2233.88671875), (1, 3031.20654296875)]","[(0, 3342.33740234375), (1, 1673.443603515625)]","[(0, 3729.34375), (1, 2496.507568359375)]","[(0, 2123.03125), (1, 1107.33740234375)]","[(0, 3732.92724609375), (1, 3295.647705078125)]"
211,"[(0, 2982.322998046875), (1, 4015.3857421875)]","[(0, 2307.06298828125), (1, 2221.60888671875)]","[(0, 2184.682373046875), (1, 2055.821533203125)]","[(0, 3027.208251953125), (1, 3064.761962890625)]","[(0, 3152.23876953125), (1, 1983.7340087890625)]","[(0, 2887.16796875), (1, 2940.47607421875)]","[(0, 3446.412841796875), (1, 3706.930419921875)]","[(0, 2267.011474609375), (1, 1943.33740234375)]","[(0, 1666.8297119140625), (1, 2122.24462890625)]","[(0, 2340.59423828125), (1, 2118.788818359375)]","[(0, 1885.106201171875), (1, 1488.2916259765625)]"
212,"[(0, 4463.28662109375), (1, 5728.421875)]","[(0, 1206.6710205078125), (1, 1092.419189453125)]","[(0, 3419.32177734375), (1, 2553.7978515625)]","[(0, 2911.51953125), (1, 3041.72412109375)]","[(0, 2806.572265625), (1, 1840.085205078125)]","[(0, 2130.85986328125), (1, 2130.37939453125)]","[(0, 4652.3134765625), (1, 4278.94873046875)]","[(0, 2266.556396484375), (1, 2075.426025390625)]","[(0, 2706.27001953125), (1, 2301.304443359375)]","[(0, 1558.7376708984375), (1, 1185.5888671875)]","[(0, 4238.88525390625), (1, 3660.586181640625)]"
213,"[(0, 4896.33154296875), (1, 6365.65087890625)]","[(0, 3318.52294921875), (1, 3711.712890625)]","[(0, 2116.128173828125), (1, 1742.95703125)]","[(0, 3924.2744140625), (1, 4309.26904296875)]","[(0, 4718.974609375), (1, 2968.07080078125)]","[(0, 2345.969970703125), (1, 2364.42236328125)]","[(0, 4232.03857421875), (1, 4187.85888671875)]","[(0, 2532.077392578125), (1, 2713.8203125)]","[(0, 1062.73974609375), (1, 1053.1544189453125)]","[(0, 2359.7021484375), (1, 2962.749755859375)]","[(0, 1887.1441650390625), (1, 1707.833251953125)]"
214,"[(0, 2850.4580078125), (1, 3915.567626953125)]","[(0, 3559.246826171875), (1, 4085.825439453125)]","[(0, 5193.15478515625), (1, 5190.1396484375)]","[(0, 3502.699462890625), (1, 3159.47998046875)]","[(0, 3839.69091796875), (1, 2372.99755859375)]","[(0, 4620.23095703125), (1, 4488.28271484375)]","[(0, 5489.146484375), (1, 5515.63037109375)]","[(0, 1888.8681640625), (1, 2432.183349609375)]","[(0, 1543.4617919921875), (1, 2270.269775390625)]","[(0, 1536.83447265625), (1, 1216.6524658203125)]","[(0, 1472.05126953125), (1, 1101.4970703125)]"
215,"[(0, 2767.4765625), (1, 3586.273193359375)]","[(0, 2914.3603515625), (1, 3035.6240234375)]","[(0, 1916.9620361328125), (1, 1840.5010986328125)]","[(0, 2813.533447265625), (1, 3306.035888671875)]","[(0, 1956.73388671875), (1, 1748.6575927734375)]","[(0, 3107.718505859375), (1, 3197.793212890625)]","[(0, 3327.796142578125), (1, 3605.329345703125)]","[(0, 2736.926513671875), (1, 2313.580322265625)]","[(0, 1201.44287109375), (1, 1038.1158447265625)]","[(0, 2592.332763671875), (1, 1798.09228515625)]","[(0, 2537.06396484375), (1, 2374.872314453125)]"
216,"[(0, 3166.849609375), (1, 4269.60595703125)]","[(0, 1870.57177734375), (1, 1771.477783203125)]","[(0, 4006.955078125), (1, 3650.232666015625)]","[(0, 3391.37646484375), (1, 3666.218017578125)]","[(0, 1935.54150390625), (1, 1716.3277587890625)]","[(0, 4811.845703125), (1, 4849.90966796875)]","[(0, 2316.834716796875), (1, 2131.424072265625)]","[(0, 2759.3515625), (1, 2902.811279296875)]","[(0, 1965.8511962890625), (1, 1984.4786376953125)]","[(0, 2095.142822265625), (1, 2631.2080078125)]","[(0, 4376.03662109375), (1, 3057.046875)]"
217,"[(0, 4034.551513671875), (1, 5413.7939453125)]","[(0, 2698.3916015625), (1, 3491.10400390625)]","[(0, 1920.0340576171875), (1, 1949.201904296875)]","[(0, 1909.6778564453125), (1, 2014.730224609375)]","[(0, 6238.91552734375), (1, 4143.44482421875)]","[(0, 4348.64599609375), (1, 4326.8447265625)]","[(0, 9260.6162109375), (1, 9666.7265625)]","[(0, 3098.6181640625), (1, 2323.892822265625)]","[(0, 1881.96728515625), (1, 2235.68017578125)]","[(0, 1618.3857421875), (1, 1650.2685546875)]","[(0, 2985.299560546875), (1, 2428.680908203125)]"
218,"[(0, 4164.10693359375), (1, 5604.49267578125)]","[(0, 2566.96533203125), (1, 3361.42431640625)]","[(0, 9057.40234375), (1, 9000.8896484375)]","[(0, 4112.6591796875), (1, 4194.61376953125)]","[(0, 5273.974609375), (1, 3494.231689453125)]","[(0, 4895.173828125), (1, 4789.87841796875)]","[(0, 3262.758544921875), (1, 3600.97216796875)]","[(0, 1548.0537109375), (1, 2397.546630859375)]","[(0, 1639.265869140625), (1, 1708.8873291015625)]","[(0, 1749.141357421875), (1, 1895.0181884765625)]","[(0, 3029.868408203125), (1, 2425.0830078125)]"
219,"[(0, 2221.4609375), (1, 2956.230224609375)]","[(0, 2834.573974609375), (1, 3143.925537109375)]","[(0, 4214.0439453125), (1, 4335.63916015625)]","[(0, 2977.518798828125), (1, 3080.891357421875)]","[(0, 2341.365478515625), (1, 1503.00439453125)]","[(0, 4505.17919921875), (1, 4584.0703125)]","[(0, 6840.890625), (1, 7233.3076171875)]","[(0, 1802.111083984375), (1, 1892.302978515625)]","[(0, 2180.647216796875), (1, 1828.67578125)]","[(0, 3135.359130859375), (1, 2685.41943359375)]","[(0, 3565.8349609375), (1, 2910.123291015625)]"
220,"[(0, 3754.05810546875), (1, 5021.94287109375)]","[(0, 2776.9052734375), (1, 2928.90185546875)]","[(0, 1512.3900146484375), (1, 1752.9454345703125)]","[(0, 2707.910400390625), (1, 2891.663818359375)]","[(0, 1877.88134765625), (1, 1204.9173583984375)]","[(0, 4284.10595703125), (1, 4557.0244140625)]","[(0, 6145.74658203125), (1, 6380.74267578125)]","[(0, 2130.5947265625), (1, 1375.1824951171875)]","[(0, 1091.62939453125), (1, 1267.591796875)]","[(0, 1490.6737060546875), (1, 1225.2882080078125)]","[(0, 3576.191162109375), (1, 2986.213623046875)]"
221,"[(0, 2970.21435546875), (1, 3730.62109375)]","[(0, 1114.8426513671875), (1, 1048.52197265625)]","[(0, 6578.7451171875), (1, 6124.02294921875)]","[(0, 2213.2294921875), (1, 2150.263427734375)]","[(0, 929.6856689453125), (1, 874.8668823242188)]","[(0, 4095.88671875), (1, 3933.46923828125)]","[(0, 2738.0322265625), (1, 2828.220458984375)]","[(0, 1568.1220703125), (1, 1199.89599609375)]","[(0, 1533.0380859375), (1, 1001.9374389648438)]","[(0, 1880.4996337890625), (1, 1466.134033203125)]","[(0, 2162.16748046875), (1, 1531.8441162109375)]"
222,"[(0, 2987.392822265625), (1, 3892.32421875)]","[(0, 2022.2386474609375), (1, 2449.960693359375)]","[(0, 2806.101318359375), (1, 2856.6015625)]","[(0, 2110.9189453125), (1, 1953.3665771484375)]","[(0, 849.2274780273438), (1, 810.5487670898438)]","[(0, 5229.41455078125), (1, 5066.01953125)]","[(0, 4142.310546875), (1, 3904.15771484375)]","[(0, 1373.9149169921875), (1, 2136.893798828125)]","[(0, 2517.798095703125), (1, 2301.296875)]","[(0, 1583.11962890625), (1, 2010.5765380859375)]","[(0, 2630.74267578125), (1, 2227.85205078125)]"
223,"[(0, 3277.865966796875), (1, 4131.43798828125)]","[(0, 2419.747802734375), (1, 3054.89892578125)]","[(0, 4889.486328125), (1, 4463.5166015625)]","[(0, 3120.73583984375), (1, 3603.28759765625)]","[(0, 4260.11279296875), (1, 2892.41943359375)]","[(0, 2874.5166015625), (1, 2888.9970703125)]","[(0, 2812.417236328125), (1, 2885.6240234375)]","[(0, 2519.491455078125), (1, 2558.740478515625)]","[(0, 1599.6597900390625), (1, 2084.93359375)]","[(0, 1474.9791259765625), (1, 1756.8408203125)]","[(0, 3207.45361328125), (1, 2718.9755859375)]"
224,"[(0, 3108.154052734375), (1, 4184.12646484375)]","[(0, 2071.53173828125), (1, 2188.415771484375)]","[(0, 2236.6240234375), (1, 1924.8631591796875)]","[(0, 1722.8916015625), (1, 2024.7955322265625)]","[(0, 3059.885009765625), (1, 2122.21240234375)]","[(0, 5621.67041015625), (1, 4887.7939453125)]","[(0, 4519.58642578125), (1, 4799.837890625)]","[(0, 1086.1806640625), (1, 1517.4327392578125)]","[(0, 1758.64794921875), (1, 1147.323974609375)]","[(0, 1633.1864013671875), (1, 2411.537353515625)]","[(0, 2488.837646484375), (1, 1875.4124755859375)]"
225,"[(0, 2292.1357421875), (1, 2975.81396484375)]","[(0, 2076.9111328125), (1, 2135.200927734375)]","[(0, 3293.882080078125), (1, 3366.958984375)]","[(0, 2683.267822265625), (1, 2859.880615234375)]","[(0, 2717.28271484375), (1, 2338.7021484375)]","[(0, 5528.775390625), (1, 5351.7119140625)]","[(0, 6078.87548828125), (1, 6366.5859375)]","[(0, 1603.7352294921875), (1, 2069.152587890625)]","[(0, 2457.279052734375), (1, 3231.898193359375)]","[(0, 2628.936767578125), (1, 1958.947265625)]","[(0, 856.3240356445312), (1, 653.8336791992188)]"
226,"[(0, 5041.51611328125), (1, 6417.994140625)]","[(0, 824.9072875976562), (1, 753.4879150390625)]","[(0, 1450.5379638671875), (1, 1452.296630859375)]","[(0, 2253.07177734375), (1, 2234.6826171875)]","[(0, 3084.522216796875), (1, 2747.076416015625)]","[(0, 4380.72607421875), (1, 4416.89501953125)]","[(0, 5625.00634765625), (1, 6816.85302734375)]","[(0, 2464.908203125), (1, 2176.316650390625)]","[(0, 3029.345458984375), (1, 2107.561767578125)]","[(0, 2233.685546875), (1, 1549.074951171875)]","[(0, 4734.4814453125), (1, 3729.67822265625)]"
227,"[(0, 3494.005126953125), (1, 4571.00048828125)]","[(0, 2127.728759765625), (1, 2777.331787109375)]","[(0, 5792.00146484375), (1, 4590.5107421875)]","[(0, 2291.718505859375), (1, 2355.07080078125)]","[(0, 2981.9189453125), (1, 1937.0548095703125)]","[(0, 5478.96875), (1, 5655.05224609375)]","[(0, 2473.955078125), (1, 3678.521240234375)]","[(0, 1701.78271484375), (1, 1657.8631591796875)]","[(0, 1658.3131103515625), (1, 1640.5638427734375)]","[(0, 1818.7950439453125), (1, 2527.572998046875)]","[(0, 3466.0244140625), (1, 3092.079833984375)]"
228,"[(0, 3395.14013671875), (1, 4294.2744140625)]","[(0, 1837.8411865234375), (1, 2493.232421875)]","[(0, 4023.266845703125), (1, 3332.79833984375)]","[(0, 3591.047607421875), (1, 3756.271484375)]","[(0, 2873.629638671875), (1, 1787.814208984375)]","[(0, 7021.22705078125), (1, 6642.615234375)]","[(0, 2625.443115234375), (1, 3818.38720703125)]","[(0, 1922.177490234375), (1, 2898.828857421875)]","[(0, 1902.4088134765625), (1, 1638.6024169921875)]","[(0, 1133.091796875), (1, 1508.347412109375)]","[(0, 2117.718017578125), (1, 1865.4100341796875)]"
229,"[(0, 2917.908935546875), (1, 3980.587158203125)]","[(0, 2072.6005859375), (1, 2537.75)]","[(0, 2685.87158203125), (1, 2698.3310546875)]","[(0, 5756.8291015625), (1, 5856.99609375)]","[(0, 2509.0263671875), (1, 1725.3011474609375)]","[(0, 7297.81640625), (1, 7187.88818359375)]","[(0, 10080.056640625), (1, 10729.693359375)]","[(0, 1299.3719482421875), (1, 1909.2371826171875)]","[(0, 1437.160888671875), (1, 1714.817626953125)]","[(0, 3021.8173828125), (1, 1905.9971923828125)]","[(0, 3868.093994140625), (1, 3525.0947265625)]"
230,"[(0, 4586.611328125), (1, 5863.1328125)]","[(0, 2225.157470703125), (1, 2628.019287109375)]","[(0, 4214.50244140625), (1, 3350.52978515625)]","[(0, 4433.244140625), (1, 4541.06396484375)]","[(0, 1879.683837890625), (1, 1617.0203857421875)]","[(0, 4991.4462890625), (1, 5087.90869140625)]","[(0, 10617.439453125), (1, 10359.1904296875)]","[(0, 1644.9285888671875), (1, 2105.56884765625)]","[(0, 1824.7037353515625), (1, 2019.984375)]","[(0, 1201.32373046875), (1, 1548.1378173828125)]","[(0, 3110.215087890625), (1, 2479.51611328125)]"
231,"[(0, 3173.54638671875), (1, 4580.0546875)]","[(0, 2789.861572265625), (1, 3417.300537109375)]","[(0, 5208.2470703125), (1, 4402.03857421875)]","[(0, 1955.59765625), (1, 2090.20654296875)]","[(0, 1393.43359375), (1, 953.1798706054688)]","[(0, 8155.70947265625), (1, 8044.94140625)]","[(0, 3827.74267578125), (1, 3868.392822265625)]","[(0, 3364.821044921875), (1, 2867.41552734375)]","[(0, 958.9138793945312), (1, 1173.2557373046875)]","[(0, 1693.27392578125), (1, 1760.29052734375)]","[(0, 3760.615478515625), (1, 2469.698974609375)]"
232,"[(0, 3890.750732421875), (1, 5122.916015625)]","[(0, 2523.041748046875), (1, 3124.6162109375)]","[(0, 4059.546142578125), (1, 3504.627685546875)]","[(0, 2013.29150390625), (1, 2027.2734375)]","[(0, 1924.359375), (1, 1167.47900390625)]","[(0, 3730.80224609375), (1, 3326.904541015625)]","[(0, 6310.01416015625), (1, 6211.9375)]","[(0, 2696.05859375), (1, 2505.313232421875)]","[(0, 3422.391845703125), (1, 2307.970703125)]","[(0, 2374.482666015625), (1, 1934.1318359375)]","[(0, 3187.0126953125), (1, 2621.79248046875)]"
233,"[(0, 3859.16259765625), (1, 4961.55126953125)]","[(0, 2834.621337890625), (1, 3037.752685546875)]","[(0, 921.4602661132812), (1, 727.0952758789062)]","[(0, 3100.09619140625), (1, 3374.3583984375)]","[(0, 3292.443603515625), (1, 1941.4534912109375)]","[(0, 2829.841796875), (1, 2945.891845703125)]","[(0, 2268.1923828125), (1, 2216.895751953125)]","[(0, 1667.0340576171875), (1, 1670.5137939453125)]","[(0, 3045.099609375), (1, 2405.385009765625)]","[(0, 2455.4248046875), (1, 2590.150634765625)]","[(0, 2576.614990234375), (1, 1864.8834228515625)]"
234,"[(0, 4025.600341796875), (1, 5085.14892578125)]","[(0, 2643.0068359375), (1, 2777.640380859375)]","[(0, 6036.2822265625), (1, 3868.00537109375)]","[(0, 4414.80615234375), (1, 4206.20654296875)]","[(0, 2944.43701171875), (1, 1823.4268798828125)]","[(0, 3033.25390625), (1, 3145.514892578125)]","[(0, 5164.54833984375), (1, 5014.2236328125)]","[(0, 2632.55322265625), (1, 3038.178466796875)]","[(0, 2959.80859375), (1, 4161.0302734375)]","[(0, 1563.0672607421875), (1, 1888.0523681640625)]","[(0, 1697.5966796875), (1, 1368.4031982421875)]"
235,"[(0, 5368.6572265625), (1, 7065.12158203125)]","[(0, 3830.437744140625), (1, 4601.78369140625)]","[(0, 4700.59912109375), (1, 4823.658203125)]","[(0, 3298.273193359375), (1, 3787.42236328125)]","[(0, 1926.5517578125), (1, 1654.45947265625)]","[(0, 5344.13818359375), (1, 4985.6376953125)]","[(0, 4277.7490234375), (1, 6096.6123046875)]","[(0, 1927.8079833984375), (1, 1577.115478515625)]","[(0, 2620.750244140625), (1, 2573.70361328125)]","[(0, 2975.913330078125), (1, 2665.37890625)]","[(0, 1588.5665283203125), (1, 1439.9569091796875)]"
236,"[(0, 4489.9267578125), (1, 6056.72998046875)]","[(0, 3838.14208984375), (1, 4767.01611328125)]","[(0, 6033.2607421875), (1, 4951.23291015625)]","[(0, 1690.209228515625), (1, 1422.3836669921875)]","[(0, 1802.888916015625), (1, 1565.6998291015625)]","[(0, 9665.1220703125), (1, 9590.3095703125)]","[(0, 6507.63427734375), (1, 9104.271484375)]","[(0, 1692.6014404296875), (1, 2351.559814453125)]","[(0, 1880.976806640625), (1, 1513.815673828125)]","[(0, 2215.957275390625), (1, 1539.59521484375)]","[(0, 1995.8873291015625), (1, 1751.9803466796875)]"
237,"[(0, 4003.58984375), (1, 5210.2890625)]","[(0, 3522.99755859375), (1, 3730.41455078125)]","[(0, 2989.148193359375), (1, 2639.230224609375)]","[(0, 2102.2822265625), (1, 2130.561279296875)]","[(0, 2963.060791015625), (1, 1788.3863525390625)]","[(0, 7320.92431640625), (1, 7665.037109375)]","[(0, 4255.88134765625), (1, 4920.22265625)]","[(0, 3534.9384765625), (1, 3404.253662109375)]","[(0, 1501.52734375), (1, 2220.149658203125)]","[(0, 981.3965454101562), (1, 881.5679321289062)]","[(0, 756.6368408203125), (1, 594.2618408203125)]"
238,"[(0, 4784.8701171875), (1, 6202.8564453125)]","[(0, 3495.2783203125), (1, 3489.4130859375)]","[(0, 1792.12109375), (1, 1800.2491455078125)]","[(0, 1173.258544921875), (1, 1206.9886474609375)]","[(0, 3239.591064453125), (1, 2093.61083984375)]","[(0, 9131.375), (1, 9584.404296875)]","[(0, 4844.26513671875), (1, 4287.98046875)]","[(0, 2155.384765625), (1, 2361.5537109375)]","[(0, 1167.7908935546875), (1, 1009.327392578125)]","[(0, 1506.064208984375), (1, 1202.5662841796875)]","[(0, 1904.45263671875), (1, 1686.635498046875)]"
239,"[(0, 2957.600830078125), (1, 3849.56494140625)]","[(0, 2982.78076171875), (1, 3286.122802734375)]","[(0, 8122.3798828125), (1, 6771.2451171875)]","[(0, 4326.90673828125), (1, 3271.1923828125)]","[(0, 2001.5277099609375), (1, 1372.3238525390625)]","[(0, 10938.4912109375), (1, 10497.7470703125)]","[(0, 4425.41259765625), (1, 4398.1357421875)]","[(0, 1826.5562744140625), (1, 2624.52294921875)]","[(0, 1748.4659423828125), (1, 2280.930908203125)]","[(0, 1486.9068603515625), (1, 1490.0377197265625)]","[(0, 1481.3819580078125), (1, 1251.513916015625)]"
240,"[(0, 2647.103515625), (1, 3791.795166015625)]","[(0, 3242.564453125), (1, 3659.1728515625)]","[(0, 3183.48583984375), (1, 3546.23974609375)]","[(0, 6766.67529296875), (1, 6939.2490234375)]","[(0, 1816.5535888671875), (1, 1287.2298583984375)]","[(0, 3316.244873046875), (1, 3405.5849609375)]","[(0, 4751.8330078125), (1, 4851.4453125)]","[(0, 1477.282958984375), (1, 1627.817138671875)]","[(0, 1823.5086669921875), (1, 1546.605224609375)]","[(0, 1706.3916015625), (1, 1599.118408203125)]","[(0, 2494.88427734375), (1, 2043.026611328125)]"
241,"[(0, 2331.624755859375), (1, 2840.6748046875)]","[(0, 2593.895751953125), (1, 2672.16845703125)]","[(0, 5308.79296875), (1, 4808.73095703125)]","[(0, 2220.016357421875), (1, 2334.81884765625)]","[(0, 2247.349609375), (1, 2125.485595703125)]","[(0, 4035.86376953125), (1, 4020.194580078125)]","[(0, 8695.08203125), (1, 9838.43359375)]","[(0, 2196.22900390625), (1, 1630.1854248046875)]","[(0, 2895.837646484375), (1, 3121.932373046875)]","[(0, 1902.927734375), (1, 1676.907958984375)]","[(0, 3154.223388671875), (1, 2345.81103515625)]"
242,"[(0, 4513.0615234375), (1, 5861.421875)]","[(0, 1797.273681640625), (1, 1704.669921875)]","[(0, 3672.19091796875), (1, 3106.802734375)]","[(0, 2699.012939453125), (1, 2281.77734375)]","[(0, 1885.894775390625), (1, 1762.2078857421875)]","[(0, 3400.133056640625), (1, 3536.007568359375)]","[(0, 8654.6435546875), (1, 8879.8037109375)]","[(0, 1167.2586669921875), (1, 1416.2196044921875)]","[(0, 1713.7958984375), (1, 1894.455322265625)]","[(0, 4198.20751953125), (1, 3528.31689453125)]","[(0, 3251.69677734375), (1, 2849.24462890625)]"
243,"[(0, 4644.732421875), (1, 6289.67138671875)]","[(0, 939.829833984375), (1, 829.8333129882812)]","[(0, 2426.363525390625), (1, 1999.333740234375)]","[(0, 2497.663818359375), (1, 2662.4306640625)]","[(0, 5650.42626953125), (1, 3774.70068359375)]","[(0, 1951.29052734375), (1, 1944.96630859375)]","[(0, 2198.413818359375), (1, 2176.42236328125)]","[(0, 2177.001708984375), (1, 2301.738037109375)]","[(0, 2889.746337890625), (1, 3221.165283203125)]","[(0, 3040.55517578125), (1, 2474.380859375)]","[(0, 3407.053466796875), (1, 2861.001708984375)]"
244,"[(0, 4317.265625), (1, 5557.5166015625)]","[(0, 1425.779541015625), (1, 1301.6011962890625)]","[(0, 5777.2939453125), (1, 4534.7626953125)]","[(0, 1251.8087158203125), (1, 1352.74658203125)]","[(0, 5540.70947265625), (1, 3815.38037109375)]","[(0, 4951.09130859375), (1, 4749.77587890625)]","[(0, 3003.358154296875), (1, 2904.446533203125)]","[(0, 3557.427978515625), (1, 2645.09228515625)]","[(0, 1329.7841796875), (1, 1202.9556884765625)]","[(0, 1542.395751953125), (1, 1942.8056640625)]","[(0, 2024.0599365234375), (1, 1713.4901123046875)]"
245,"[(0, 4166.943359375), (1, 5519.2138671875)]","[(0, 2238.093994140625), (1, 2501.359619140625)]","[(0, 2439.342529296875), (1, 1630.0145263671875)]","[(0, 5043.62255859375), (1, 5022.6611328125)]","[(0, 2217.892822265625), (1, 1407.2684326171875)]","[(0, 3617.30078125), (1, 3618.142333984375)]","[(0, 2669.90234375), (1, 3576.740478515625)]","[(0, 1454.9215087890625), (1, 1422.555908203125)]","[(0, 1581.829345703125), (1, 906.3152465820312)]","[(0, 1430.482421875), (1, 1933.4189453125)]","[(0, 1648.4163818359375), (1, 1501.349853515625)]"
246,"[(0, 3696.23779296875), (1, 5048.06884765625)]","[(0, 2243.206298828125), (1, 2588.861572265625)]","[(0, 4372.7119140625), (1, 4076.892578125)]","[(0, 2772.53662109375), (1, 2851.453125)]","[(0, 2318.9248046875), (1, 1509.5498046875)]","[(0, 2304.706787109375), (1, 2309.209228515625)]","[(0, 3652.485595703125), (1, 4791.2353515625)]","[(0, 2449.5029296875), (1, 3053.26220703125)]","[(0, 2511.86572265625), (1, 3497.088623046875)]","[(0, 2548.79541015625), (1, 2035.102294921875)]","[(0, 2326.634765625), (1, 1939.3707275390625)]"
247,"[(0, 4581.34326171875), (1, 6560.17529296875)]","[(0, 2193.50390625), (1, 2260.849609375)]","[(0, 4252.92333984375), (1, 4581.8154296875)]","[(0, 3211.359130859375), (1, 2932.56884765625)]","[(0, 1980.7896728515625), (1, 1578.2340087890625)]","[(0, 5664.865234375), (1, 5585.64111328125)]","[(0, 2346.561767578125), (1, 2480.351318359375)]","[(0, 1089.6173095703125), (1, 1552.514892578125)]","[(0, 3117.686767578125), (1, 1975.8419189453125)]","[(0, 1162.6502685546875), (1, 2007.1204833984375)]","[(0, 3125.25390625), (1, 2606.621826171875)]"
248,"[(0, 3076.490234375), (1, 4137.1748046875)]","[(0, 1600.0001220703125), (1, 1426.1746826171875)]","[(0, 1450.6949462890625), (1, 1617.4136962890625)]","[(0, 2208.8740234375), (1, 2278.9326171875)]","[(0, 1723.372314453125), (1, 1452.11865234375)]","[(0, 4028.4423828125), (1, 4071.969482421875)]","[(0, 5124.68994140625), (1, 4806.04931640625)]","[(0, 2911.5849609375), (1, 2210.6748046875)]","[(0, 1993.9287109375), (1, 2076.45361328125)]","[(0, 2841.0517578125), (1, 3979.33056640625)]","[(0, 2099.58837890625), (1, 2074.65234375)]"
249,"[(0, 3747.77685546875), (1, 4912.60888671875)]","[(0, 770.2647094726562), (1, 657.278076171875)]","[(0, 2935.512451171875), (1, 2465.3349609375)]","[(0, 2925.66064453125), (1, 3181.200439453125)]","[(0, 3237.416748046875), (1, 2004.801025390625)]","[(0, 5146.29345703125), (1, 4980.48583984375)]","[(0, 3167.25732421875), (1, 3176.640869140625)]","[(0, 1464.520751953125), (1, 1673.426025390625)]","[(0, 2170.318359375), (1, 2756.033935546875)]","[(0, 3112.505615234375), (1, 3255.895263671875)]","[(0, 1798.7689208984375), (1, 1530.55615234375)]"
250,"[(0, 4123.25048828125), (1, 5459.29443359375)]","[(0, 2059.104248046875), (1, 2786.92578125)]","[(0, 7764.29296875), (1, 7381.7001953125)]","[(0, 2717.667724609375), (1, 2878.909912109375)]","[(0, 1728.1812744140625), (1, 1454.923583984375)]","[(0, 4020.693359375), (1, 3871.205078125)]","[(0, 5216.70263671875), (1, 5472.89013671875)]","[(0, 2311.051025390625), (1, 2244.346923828125)]","[(0, 2752.89599609375), (1, 3541.798828125)]","[(0, 3456.385986328125), (1, 3076.04150390625)]","[(0, 3141.476806640625), (1, 2673.58056640625)]"
251,"[(0, 3386.8837890625), (1, 4620.50830078125)]","[(0, 2230.6591796875), (1, 3123.117431640625)]","[(0, 2697.70068359375), (1, 2810.05126953125)]","[(0, 4428.3251953125), (1, 4073.54638671875)]","[(0, 2515.5146484375), (1, 1509.3756103515625)]","[(0, 2651.282470703125), (1, 2826.59716796875)]","[(0, 3854.85498046875), (1, 5041.4921875)]","[(0, 4087.6376953125), (1, 3422.577880859375)]","[(0, 2647.891357421875), (1, 3658.904052734375)]","[(0, 2366.823974609375), (1, 2456.9228515625)]","[(0, 810.7188110351562), (1, 633.6420288085938)]"
252,"[(0, 3236.493896484375), (1, 4176.23291015625)]","[(0, 2026.4501953125), (1, 2570.431640625)]","[(0, 2501.986083984375), (1, 3808.15380859375)]","[(0, 5394.36962890625), (1, 5235.138671875)]","[(0, 2644.6572265625), (1, 1611.0357666015625)]","[(0, 2903.33447265625), (1, 3202.792236328125)]","[(0, 5448.2841796875), (1, 7469.87451171875)]","[(0, 3259.735107421875), (1, 4017.653564453125)]","[(0, 1664.40185546875), (1, 1518.5076904296875)]","[(0, 2238.3564453125), (1, 2459.447509765625)]","[(0, 3112.054443359375), (1, 2880.75146484375)]"
253,"[(0, 3214.870849609375), (1, 4369.25634765625)]","[(0, 1329.2421875), (1, 1544.8909912109375)]","[(0, 4775.97119140625), (1, 4095.164306640625)]","[(0, 3460.3701171875), (1, 2859.875)]","[(0, 3370.952392578125), (1, 2683.1884765625)]","[(0, 5423.591796875), (1, 5119.0673828125)]","[(0, 5047.46728515625), (1, 5354.0546875)]","[(0, 4401.28271484375), (1, 2955.459228515625)]","[(0, 1293.34619140625), (1, 1844.531982421875)]","[(0, 1897.4576416015625), (1, 2145.1162109375)]","[(0, 1861.5562744140625), (1, 1629.8824462890625)]"
254,"[(0, 2488.48046875), (1, 3347.1923828125)]","[(0, 3611.561279296875), (1, 4272.80322265625)]","[(0, 2200.388427734375), (1, 2546.5126953125)]","[(0, 5574.396484375), (1, 5467.26123046875)]","[(0, 3475.01708984375), (1, 2838.24462890625)]","[(0, 6027.35986328125), (1, 5846.482421875)]","[(0, 2343.16259765625), (1, 2182.28466796875)]","[(0, 1015.0476684570312), (1, 1982.3675537109375)]","[(0, 2716.1337890625), (1, 4405.60009765625)]","[(0, 1935.781494140625), (1, 2160.90380859375)]","[(0, 2052.22021484375), (1, 1757.12060546875)]"
255,"[(0, 2390.540771484375), (1, 3178.677490234375)]","[(0, 3910.46630859375), (1, 4599.62060546875)]","[(0, 7509.33740234375), (1, 6864.849609375)]","[(0, 3148.78955078125), (1, 3023.921875)]","[(0, 872.3490600585938), (1, 801.8217163085938)]","[(0, 3918.3095703125), (1, 4087.411376953125)]","[(0, 3790.855224609375), (1, 4520.7333984375)]","[(0, 2012.6561279296875), (1, 1734.873291015625)]","[(0, 4010.78955078125), (1, 2987.178955078125)]","[(0, 1816.0997314453125), (1, 2269.95068359375)]","[(0, 2749.163818359375), (1, 2462.111328125)]"
256,"[(0, 3147.1591796875), (1, 4038.389404296875)]","[(0, 3330.081787109375), (1, 3526.625)]","[(0, 1054.7747802734375), (1, 1273.2552490234375)]","[(0, 3258.029052734375), (1, 3425.036376953125)]","[(0, 3166.064453125), (1, 2004.1424560546875)]","[(0, 7257.2568359375), (1, 7847.65380859375)]","[(0, 2511.68994140625), (1, 2838.606201171875)]","[(0, 2108.968994140625), (1, 2974.576904296875)]","[(0, 3739.782958984375), (1, 2978.542724609375)]","[(0, 1388.2236328125), (1, 2018.04833984375)]","[(0, 2688.189208984375), (1, 1962.3447265625)]"
257,"[(0, 3854.18603515625), (1, 5237.884765625)]","[(0, 2119.5556640625), (1, 2163.93310546875)]","[(0, 1777.905029296875), (1, 1763.8521728515625)]","[(0, 6955.3955078125), (1, 6234.4072265625)]","[(0, 3033.204833984375), (1, 1960.576171875)]","[(0, 6991.58642578125), (1, 6555.57861328125)]","[(0, 5017.0166015625), (1, 5510.75146484375)]","[(0, 1247.818115234375), (1, 1244.6959228515625)]","[(0, 989.5848388671875), (1, 1534.3843994140625)]","[(0, 1422.2479248046875), (1, 1319.47607421875)]","[(0, 3413.864013671875), (1, 3227.721435546875)]"
258,"[(0, 3771.447998046875), (1, 4888.2412109375)]","[(0, 2652.393798828125), (1, 3144.078369140625)]","[(0, 2448.4833984375), (1, 2059.075927734375)]","[(0, 3631.922607421875), (1, 3605.14013671875)]","[(0, 1008.08544921875), (1, 903.3339233398438)]","[(0, 5653.10009765625), (1, 5449.91552734375)]","[(0, 5516.5302734375), (1, 4852.10205078125)]","[(0, 2791.125732421875), (1, 2683.587646484375)]","[(0, 1413.6099853515625), (1, 2014.3883056640625)]","[(0, 1906.381591796875), (1, 1952.076904296875)]","[(0, 4187.33544921875), (1, 3554.7626953125)]"
259,"[(0, 3325.835205078125), (1, 4202.72607421875)]","[(0, 3200.035400390625), (1, 3971.1875)]","[(0, 8504.27734375), (1, 8415.11328125)]","[(0, 2681.180419921875), (1, 2339.142578125)]","[(0, 1016.8047485351562), (1, 911.3192138671875)]","[(0, 5360.0830078125), (1, 5570.5439453125)]","[(0, 3920.955810546875), (1, 4615.9501953125)]","[(0, 2919.9619140625), (1, 3568.0732421875)]","[(0, 1452.779296875), (1, 2498.45703125)]","[(0, 2926.88720703125), (1, 3518.08935546875)]","[(0, 2671.63818359375), (1, 2264.669189453125)]"
260,"[(0, 3931.646484375), (1, 5498.099609375)]","[(0, 2625.63330078125), (1, 2769.2822265625)]","[(0, 1803.9200439453125), (1, 1525.6676025390625)]","[(0, 2456.40283203125), (1, 2540.383544921875)]","[(0, 3614.797119140625), (1, 2466.892822265625)]","[(0, 5761.73388671875), (1, 6190.88330078125)]","[(0, 4347.50146484375), (1, 4973.091796875)]","[(0, 1298.088134765625), (1, 1644.7811279296875)]","[(0, 2582.4541015625), (1, 1459.0113525390625)]","[(0, 1240.180908203125), (1, 1770.18505859375)]","[(0, 3048.08642578125), (1, 2627.981689453125)]"
261,"[(0, 2424.012451171875), (1, 3312.135986328125)]","[(0, 1821.8433837890625), (1, 1764.4554443359375)]","[(0, 4419.05224609375), (1, 3542.43408203125)]","[(0, 1765.45263671875), (1, 1782.5859375)]","[(0, 5134.478515625), (1, 3391.56396484375)]","[(0, 6660.13525390625), (1, 6276.91357421875)]","[(0, 3831.880859375), (1, 3985.521240234375)]","[(0, 2533.010986328125), (1, 2183.4033203125)]","[(0, 1977.2518310546875), (1, 1338.126220703125)]","[(0, 3310.771728515625), (1, 3329.96435546875)]","[(0, 2679.847412109375), (1, 1752.9898681640625)]"
262,"[(0, 4044.135986328125), (1, 5458.513671875)]","[(0, 995.7567138671875), (1, 827.185546875)]","[(0, 1811.541748046875), (1, 2300.71875)]","[(0, 3090.744140625), (1, 3370.03955078125)]","[(0, 2233.97412109375), (1, 1984.34716796875)]","[(0, 2947.837890625), (1, 2821.49609375)]","[(0, 3394.126708984375), (1, 3264.597900390625)]","[(0, 980.3909301757812), (1, 1204.9501953125)]","[(0, 2044.1053466796875), (1, 2604.23779296875)]","[(0, 2277.939697265625), (1, 1458.1204833984375)]","[(0, 2811.061767578125), (1, 2045.51123046875)]"
263,"[(0, 3843.77978515625), (1, 4686.4775390625)]","[(0, 1187.89306640625), (1, 1106.7926025390625)]","[(0, 5370.93115234375), (1, 4876.23828125)]","[(0, 4191.126953125), (1, 4403.73876953125)]","[(0, 2002.0869140625), (1, 1710.7869873046875)]","[(0, 4610.451171875), (1, 4891.65478515625)]","[(0, 8190.48876953125), (1, 9525.193359375)]","[(0, 1084.9532470703125), (1, 1236.7628173828125)]","[(0, 1759.1419677734375), (1, 1780.626708984375)]","[(0, 2481.001953125), (1, 1710.6580810546875)]","[(0, 4032.551513671875), (1, 3164.42236328125)]"
264,"[(0, 2401.15869140625), (1, 3194.9521484375)]","[(0, 842.24560546875), (1, 735.608154296875)]","[(0, 6274.43603515625), (1, 5511.2451171875)]","[(0, 3789.340576171875), (1, 3763.256103515625)]","[(0, 2322.9189453125), (1, 1534.9075927734375)]","[(0, 5939.349609375), (1, 6094.6875)]","[(0, 7507.72607421875), (1, 8631.8759765625)]","[(0, 2886.640869140625), (1, 1797.9140625)]","[(0, 2327.353759765625), (1, 2071.686767578125)]","[(0, 2202.565673828125), (1, 1250.31005859375)]","[(0, 1885.0198974609375), (1, 1599.68115234375)]"
265,"[(0, 2872.1884765625), (1, 3647.351318359375)]","[(0, 2206.9169921875), (1, 2880.438232421875)]","[(0, 5228.69189453125), (1, 4820.0947265625)]","[(0, 3403.786376953125), (1, 3723.547607421875)]","[(0, 1701.02587890625), (1, 1161.50927734375)]","[(0, 4426.328125), (1, 4316.4833984375)]","[(0, 6557.9736328125), (1, 6674.12939453125)]","[(0, 1816.0469970703125), (1, 2550.718994140625)]","[(0, 2838.4287109375), (1, 4068.44873046875)]","[(0, 2105.57275390625), (1, 1849.604248046875)]","[(0, 3313.030029296875), (1, 2622.001220703125)]"
266,"[(0, 3379.372802734375), (1, 4613.59130859375)]","[(0, 1972.5565185546875), (1, 2650.73876953125)]","[(0, 3336.302734375), (1, 3870.37060546875)]","[(0, 4086.30859375), (1, 4062.1640625)]","[(0, 606.4301147460938), (1, 557.6510009765625)]","[(0, 4369.51025390625), (1, 4201.98876953125)]","[(0, 3247.271484375), (1, 3078.938232421875)]","[(0, 1486.139404296875), (1, 2403.57568359375)]","[(0, 1626.505126953125), (1, 1538.0235595703125)]","[(0, 3481.28955078125), (1, 3019.558837890625)]","[(0, 2976.053955078125), (1, 2265.064453125)]"
267,"[(0, 2528.767822265625), (1, 3438.192626953125)]","[(0, 2073.75732421875), (1, 2560.107666015625)]","[(0, 8298.0439453125), (1, 8448.34765625)]","[(0, 1862.5382080078125), (1, 1885.9180908203125)]","[(0, 728.0423583984375), (1, 676.7745971679688)]","[(0, 4530.54345703125), (1, 4870.865234375)]","[(0, 6272.53369140625), (1, 7045.44091796875)]","[(0, 2803.149658203125), (1, 3028.1611328125)]","[(0, 1142.5364990234375), (1, 793.4360961914062)]","[(0, 2548.986083984375), (1, 3304.658447265625)]","[(0, 1664.1343994140625), (1, 1416.427734375)]"
268,"[(0, 3980.98193359375), (1, 5078.78076171875)]","[(0, 1575.325927734375), (1, 1798.0904541015625)]","[(0, 5933.4052734375), (1, 5752.3291015625)]","[(0, 4732.720703125), (1, 4956.38232421875)]","[(0, 5359.10693359375), (1, 3473.221435546875)]","[(0, 3497.785888671875), (1, 3433.19580078125)]","[(0, 4121.1513671875), (1, 5048.70458984375)]","[(0, 1824.3583984375), (1, 1987.34228515625)]","[(0, 1660.2911376953125), (1, 1415.9090576171875)]","[(0, 3460.069580078125), (1, 3228.934326171875)]","[(0, 4099.27099609375), (1, 3441.2265625)]"
269,"[(0, 4156.06103515625), (1, 5318.9033203125)]","[(0, 2516.34228515625), (1, 2976.140625)]","[(0, 2276.11767578125), (1, 2248.12255859375)]","[(0, 1493.68212890625), (1, 1403.9681396484375)]","[(0, 4050.4736328125), (1, 2691.2021484375)]","[(0, 2721.24267578125), (1, 2758.72412109375)]","[(0, 3860.152587890625), (1, 4076.421875)]","[(0, 1702.5968017578125), (1, 2702.919189453125)]","[(0, 2103.229736328125), (1, 2023.457763671875)]","[(0, 2236.4873046875), (1, 1395.417724609375)]","[(0, 2432.1982421875), (1, 2310.617919921875)]"
270,"[(0, 4487.19140625), (1, 5749.033203125)]","[(0, 2770.106201171875), (1, 3360.16162109375)]","[(0, 2536.8076171875), (1, 2292.19384765625)]","[(0, 1546.65625), (1, 1766.7386474609375)]","[(0, 5297.89404296875), (1, 3465.2080078125)]","[(0, 4318.94189453125), (1, 4364.1630859375)]","[(0, 3866.515625), (1, 3765.9345703125)]","[(0, 2623.745849609375), (1, 2616.915283203125)]","[(0, 1881.384033203125), (1, 2631.871826171875)]","[(0, 2241.10107421875), (1, 2132.93359375)]","[(0, 3518.800537109375), (1, 2878.060302734375)]"
271,"[(0, 2975.78564453125), (1, 3865.560546875)]","[(0, 2569.367919921875), (1, 2720.193359375)]","[(0, 5407.19482421875), (1, 5097.54931640625)]","[(0, 2313.85498046875), (1, 2319.18798828125)]","[(0, 4416.0107421875), (1, 2876.7900390625)]","[(0, 2357.094482421875), (1, 2318.664794921875)]","[(0, 6575.83447265625), (1, 6893.34814453125)]","[(0, 1344.4293212890625), (1, 1451.0816650390625)]","[(0, 2068.676025390625), (1, 1872.3387451171875)]","[(0, 2332.4765625), (1, 2208.51611328125)]","[(0, 3198.90625), (1, 2807.997802734375)]"
272,"[(0, 3733.1015625), (1, 4773.13427734375)]","[(0, 1706.1549072265625), (1, 1815.7835693359375)]","[(0, 3441.400634765625), (1, 2206.825439453125)]","[(0, 3344.703369140625), (1, 3017.742431640625)]","[(0, 4774.28173828125), (1, 3274.63525390625)]","[(0, 5918.76171875), (1, 5526.33984375)]","[(0, 6767.97216796875), (1, 7198.50732421875)]","[(0, 1719.7701416015625), (1, 2368.57080078125)]","[(0, 3651.37451171875), (1, 3951.42578125)]","[(0, 1906.197998046875), (1, 2712.9755859375)]","[(0, 2860.461669921875), (1, 2056.406982421875)]"
273,"[(0, 2348.872314453125), (1, 3021.258544921875)]","[(0, 2748.888671875), (1, 3207.374267578125)]","[(0, 7583.91259765625), (1, 7551.36328125)]","[(0, 2391.422119140625), (1, 2283.695068359375)]","[(0, 4361.43359375), (1, 3142.62158203125)]","[(0, 3534.149658203125), (1, 3565.88916015625)]","[(0, 5212.38134765625), (1, 5676.3896484375)]","[(0, 2147.4833984375), (1, 1211.078369140625)]","[(0, 877.7052612304688), (1, 1746.3260498046875)]","[(0, 1506.27685546875), (1, 1912.0059814453125)]","[(0, 2120.442138671875), (1, 1880.31494140625)]"
274,"[(0, 3910.462890625), (1, 5264.14501953125)]","[(0, 2935.26318359375), (1, 3520.68359375)]","[(0, 2594.902587890625), (1, 2620.030517578125)]","[(0, 2672.096923828125), (1, 2649.960205078125)]","[(0, 2367.995849609375), (1, 1425.76123046875)]","[(0, 3798.54541015625), (1, 4218.1494140625)]","[(0, 6793.78125), (1, 6330.76708984375)]","[(0, 2092.894287109375), (1, 1767.264404296875)]","[(0, 2132.52685546875), (1, 1985.9449462890625)]","[(0, 3381.20703125), (1, 2655.865234375)]","[(0, 3324.65869140625), (1, 2968.027099609375)]"
275,"[(0, 3981.58935546875), (1, 5250.0322265625)]","[(0, 2706.393798828125), (1, 2843.72021484375)]","[(0, 4669.65771484375), (1, 4340.62841796875)]","[(0, 3018.902587890625), (1, 3028.666748046875)]","[(0, 1186.46484375), (1, 1112.9007568359375)]","[(0, 6979.8876953125), (1, 6411.49169921875)]","[(0, 5991.40380859375), (1, 6507.1123046875)]","[(0, 1360.897216796875), (1, 1464.152587890625)]","[(0, 1475.5960693359375), (1, 1446.48291015625)]","[(0, 1107.5501708984375), (1, 1486.2908935546875)]","[(0, 2580.122802734375), (1, 1963.4678955078125)]"
276,"[(0, 4424.45849609375), (1, 5877.4140625)]","[(0, 1746.783447265625), (1, 2531.770751953125)]","[(0, 1944.751220703125), (1, 1934.860595703125)]","[(0, 4437.93115234375), (1, 4394.140625)]","[(0, 4512.72119140625), (1, 2988.97998046875)]","[(0, 3469.123046875), (1, 3412.926513671875)]","[(0, 5333.90869140625), (1, 4916.7421875)]","[(0, 1893.9937744140625), (1, 2353.503662109375)]","[(0, 2881.6103515625), (1, 1911.988525390625)]","[(0, 2157.591552734375), (1, 2426.30322265625)]","[(0, 2385.550048828125), (1, 1782.1881103515625)]"
277,"[(0, 2808.224365234375), (1, 3678.8896484375)]","[(0, 1695.7294921875), (1, 2524.694091796875)]","[(0, 4169.56689453125), (1, 3925.12744140625)]","[(0, 3984.058349609375), (1, 4362.20751953125)]","[(0, 3104.42431640625), (1, 2814.248291015625)]","[(0, 3407.524658203125), (1, 3503.76171875)]","[(0, 13303.607421875), (1, 11169.306640625)]","[(0, 1487.780029296875), (1, 1823.66943359375)]","[(0, 2043.688232421875), (1, 1820.716064453125)]","[(0, 3513.84423828125), (1, 2809.046630859375)]","[(0, 5223.16455078125), (1, 4615.30322265625)]"
278,"[(0, 4131.40234375), (1, 5357.4306640625)]","[(0, 1696.4095458984375), (1, 2187.60107421875)]","[(0, 2298.30322265625), (1, 1968.1126708984375)]","[(0, 1359.9993896484375), (1, 1316.829833984375)]","[(0, 3411.8525390625), (1, 3072.271240234375)]","[(0, 3772.023193359375), (1, 4081.27294921875)]","[(0, 7431.57568359375), (1, 7159.65380859375)]","[(0, 990.3868408203125), (1, 1737.874755859375)]","[(0, 2641.065673828125), (1, 2863.977294921875)]","[(0, 1788.1619873046875), (1, 2746.259033203125)]","[(0, 4665.29150390625), (1, 3953.6044921875)]"
279,"[(0, 2852.044677734375), (1, 3708.069091796875)]","[(0, 1454.8804931640625), (1, 1663.0777587890625)]","[(0, 4922.91259765625), (1, 3809.123291015625)]","[(0, 1418.3330078125), (1, 1637.365234375)]","[(0, 4099.673828125), (1, 2522.491943359375)]","[(0, 2956.5810546875), (1, 2909.66259765625)]","[(0, 4459.92529296875), (1, 4531.90087890625)]","[(0, 2474.19091796875), (1, 2432.113525390625)]","[(0, 1182.5450439453125), (1, 1498.8660888671875)]","[(0, 1896.88330078125), (1, 2954.0166015625)]","[(0, 2323.7763671875), (1, 1635.497802734375)]"
280,"[(0, 3980.37060546875), (1, 4699.30859375)]","[(0, 986.5614013671875), (1, 846.2894287109375)]","[(0, 2375.41796875), (1, 2376.16015625)]","[(0, 1944.0029296875), (1, 1999.205810546875)]","[(0, 1479.064697265625), (1, 1362.3756103515625)]","[(0, 5471.8251953125), (1, 5227.58984375)]","[(0, 6045.50537109375), (1, 5780.64501953125)]","[(0, 3629.3427734375), (1, 3471.260986328125)]","[(0, 2472.473876953125), (1, 2121.944091796875)]","[(0, 3979.0234375), (1, 3596.977294921875)]","[(0, 2032.451904296875), (1, 1862.381103515625)]"
281,"[(0, 2508.08740234375), (1, 3393.1103515625)]","[(0, 2435.010009765625), (1, 2943.570556640625)]","[(0, 3569.587646484375), (1, 3533.822998046875)]","[(0, 2224.051025390625), (1, 2092.828369140625)]","[(0, 3083.18408203125), (1, 1816.1439208984375)]","[(0, 6751.353515625), (1, 7074.7705078125)]","[(0, 5322.21142578125), (1, 5497.98974609375)]","[(0, 1139.1051025390625), (1, 1034.4658203125)]","[(0, 1865.2518310546875), (1, 1508.301513671875)]","[(0, 1869.830810546875), (1, 2445.860107421875)]","[(0, 2431.43408203125), (1, 2096.684814453125)]"
282,"[(0, 3118.424072265625), (1, 4037.080322265625)]","[(0, 2662.80029296875), (1, 3316.826904296875)]","[(0, 1565.4012451171875), (1, 1712.679931640625)]","[(0, 2205.32958984375), (1, 2386.77880859375)]","[(0, 2425.962158203125), (1, 1432.351318359375)]","[(0, 7416.693359375), (1, 7570.92626953125)]","[(0, 2598.970458984375), (1, 2564.700439453125)]","[(0, 2640.752197265625), (1, 2477.9833984375)]","[(0, 1597.1126708984375), (1, 1787.418701171875)]","[(0, 1244.8282470703125), (1, 1758.2730712890625)]","[(0, 4028.02734375), (1, 3512.10546875)]"
283,"[(0, 2831.53857421875), (1, 3691.468017578125)]","[(0, 2192.28564453125), (1, 2490.12890625)]","[(0, 5468.59619140625), (1, 5271.27392578125)]","[(0, 3370.695068359375), (1, 3446.20556640625)]","[(0, 1185.291015625), (1, 1064.9215087890625)]","[(0, 7133.96533203125), (1, 6837.24462890625)]","[(0, 8238.1337890625), (1, 8771.72265625)]","[(0, 2457.50634765625), (1, 3694.923095703125)]","[(0, 1060.457763671875), (1, 1722.9482421875)]","[(0, 2085.0986328125), (1, 3013.615478515625)]","[(0, 2854.806640625), (1, 2391.4072265625)]"
284,"[(0, 4219.76708984375), (1, 5729.1484375)]","[(0, 2672.88330078125), (1, 3049.947509765625)]","[(0, 4963.26025390625), (1, 4247.609375)]","[(0, 3759.83056640625), (1, 3478.491943359375)]","[(0, 3586.044189453125), (1, 2148.27392578125)]","[(0, 4654.36376953125), (1, 4266.38623046875)]","[(0, 3658.223388671875), (1, 3691.1123046875)]","[(0, 2333.220703125), (1, 3393.3662109375)]","[(0, 2258.989501953125), (1, 2144.71630859375)]","[(0, 2131.181884765625), (1, 1501.305419921875)]","[(0, 1800.0233154296875), (1, 1586.007568359375)]"
285,"[(0, 2261.354248046875), (1, 3003.63916015625)]","[(0, 1331.8560791015625), (1, 1838.8536376953125)]","[(0, 1782.5909423828125), (1, 1561.1187744140625)]","[(0, 4395.11669921875), (1, 4329.6845703125)]","[(0, 2944.56884765625), (1, 1756.1104736328125)]","[(0, 4241.99462890625), (1, 4409.71484375)]","[(0, 7947.77294921875), (1, 7694.18603515625)]","[(0, 2041.928955078125), (1, 2466.572998046875)]","[(0, 2212.59130859375), (1, 2338.834716796875)]","[(0, 1155.8389892578125), (1, 2007.11572265625)]","[(0, 3194.823974609375), (1, 2455.216552734375)]"
286,"[(0, 3251.46728515625), (1, 4290.44287109375)]","[(0, 1345.962890625), (1, 1965.4482421875)]","[(0, 4312.0849609375), (1, 3585.9892578125)]","[(0, 2338.668701171875), (1, 2335.579345703125)]","[(0, 4470.20068359375), (1, 2736.93310546875)]","[(0, 3763.726318359375), (1, 4040.2001953125)]","[(0, 6016.4658203125), (1, 5793.91845703125)]","[(0, 1475.2415771484375), (1, 1596.4761962890625)]","[(0, 1961.9573974609375), (1, 1565.492919921875)]","[(0, 1443.80029296875), (1, 1785.0159912109375)]","[(0, 1660.583251953125), (1, 1476.0367431640625)]"
287,"[(0, 3306.9501953125), (1, 4419.7734375)]","[(0, 1355.9290771484375), (1, 1749.367431640625)]","[(0, 1969.4232177734375), (1, 2484.86865234375)]","[(0, 1979.124267578125), (1, 2160.3896484375)]","[(0, 709.6389770507812), (1, 609.7437133789062)]","[(0, 4739.4912109375), (1, 4403.9404296875)]","[(0, 3504.988525390625), (1, 3644.538330078125)]","[(0, 2475.39697265625), (1, 2836.52099609375)]","[(0, 1118.1572265625), (1, 1173.1319580078125)]","[(0, 1303.2115478515625), (1, 1217.929443359375)]","[(0, 2560.866943359375), (1, 2113.264404296875)]"
288,"[(0, 2732.1396484375), (1, 3693.97900390625)]","[(0, 1192.69482421875), (1, 1351.232177734375)]","[(0, 4922.26904296875), (1, 5786.2431640625)]","[(0, 3505.720703125), (1, 3535.96337890625)]","[(0, 1479.643798828125), (1, 1107.51806640625)]","[(0, 5939.4404296875), (1, 5505.65576171875)]","[(0, 3606.041259765625), (1, 3683.875)]","[(0, 1897.283203125), (1, 1774.210205078125)]","[(0, 2314.392333984375), (1, 2208.53173828125)]","[(0, 2103.86767578125), (1, 1589.5902099609375)]","[(0, 3315.7421875), (1, 2541.209716796875)]"
289,"[(0, 3401.011962890625), (1, 4419.13671875)]","[(0, 926.346435546875), (1, 857.4284057617188)]","[(0, 2168.1884765625), (1, 2877.822998046875)]","[(0, 2971.07421875), (1, 3068.408935546875)]","[(0, 3926.703857421875), (1, 2654.71044921875)]","[(0, 4798.10302734375), (1, 4885.69677734375)]","[(0, 6141.87939453125), (1, 6184.15673828125)]","[(0, 1887.389892578125), (1, 2173.7705078125)]","[(0, 1850.2041015625), (1, 1100.1375732421875)]","[(0, 2076.895263671875), (1, 1872.2093505859375)]","[(0, 3782.094970703125), (1, 3488.14208984375)]"
290,"[(0, 3324.823486328125), (1, 4313.0146484375)]","[(0, 1703.218017578125), (1, 2070.226318359375)]","[(0, 4100.96435546875), (1, 3323.901123046875)]","[(0, 2301.06640625), (1, 2139.71923828125)]","[(0, 4208.60986328125), (1, 2839.85693359375)]","[(0, 2842.349609375), (1, 2895.94677734375)]","[(0, 6089.73779296875), (1, 6267.86328125)]","[(0, 1793.629150390625), (1, 2882.114501953125)]","[(0, 1895.6878662109375), (1, 2562.424560546875)]","[(0, 2304.5439453125), (1, 2730.38671875)]","[(0, 3987.41064453125), (1, 3182.402099609375)]"
291,"[(0, 2675.33642578125), (1, 3619.885498046875)]","[(0, 1956.3643798828125), (1, 2491.327392578125)]","[(0, 5135.8251953125), (1, 4189.28857421875)]","[(0, 2747.584716796875), (1, 2973.23974609375)]","[(0, 1566.259033203125), (1, 1416.2115478515625)]","[(0, 3497.50537109375), (1, 3382.084228515625)]","[(0, 2975.736083984375), (1, 3041.033935546875)]","[(0, 1969.2615966796875), (1, 2222.6982421875)]","[(0, 1673.19873046875), (1, 1679.4559326171875)]","[(0, 3721.4423828125), (1, 2891.139892578125)]","[(0, 1633.569580078125), (1, 1420.5203857421875)]"
292,"[(0, 3317.12109375), (1, 4451.31689453125)]","[(0, 1567.995849609375), (1, 1649.141357421875)]","[(0, 2258.837890625), (1, 2021.84619140625)]","[(0, 3141.545654296875), (1, 3350.8076171875)]","[(0, 1947.482177734375), (1, 1282.9466552734375)]","[(0, 8937.65234375), (1, 8670.1328125)]","[(0, 7259.146484375), (1, 6951.953125)]","[(0, 2128.897705078125), (1, 2974.3330078125)]","[(0, 1413.1085205078125), (1, 1528.3966064453125)]","[(0, 1304.3797607421875), (1, 1160.6478271484375)]","[(0, 1686.7713623046875), (1, 1385.512939453125)]"
293,"[(0, 4273.2802734375), (1, 5585.69970703125)]","[(0, 1272.9693603515625), (1, 1321.32958984375)]","[(0, 2768.15625), (1, 2500.14453125)]","[(0, 4902.8779296875), (1, 4453.626953125)]","[(0, 2860.927978515625), (1, 1738.093505859375)]","[(0, 6632.0), (1, 6837.4208984375)]","[(0, 4536.66162109375), (1, 5054.345703125)]","[(0, 1515.0599365234375), (1, 1553.5323486328125)]","[(0, 3086.26123046875), (1, 2371.21484375)]","[(0, 1722.8809814453125), (1, 2139.621337890625)]","[(0, 1782.960693359375), (1, 1500.1968994140625)]"
294,"[(0, 3712.375244140625), (1, 4888.05029296875)]","[(0, 1649.3607177734375), (1, 1857.898193359375)]","[(0, 1188.0936279296875), (1, 1017.6249389648438)]","[(0, 3298.587890625), (1, 3206.135498046875)]","[(0, 2092.064208984375), (1, 1736.7952880859375)]","[(0, 8744.4521484375), (1, 9224.6708984375)]","[(0, 6432.5107421875), (1, 7476.7236328125)]","[(0, 3457.57275390625), (1, 4492.17919921875)]","[(0, 1353.600830078125), (1, 2127.76318359375)]","[(0, 1360.4410400390625), (1, 1911.7451171875)]","[(0, 4780.4365234375), (1, 3888.962890625)]"
295,"[(0, 3457.26611328125), (1, 4634.228515625)]","[(0, 1739.4383544921875), (1, 2019.447998046875)]","[(0, 5341.564453125), (1, 5644.37841796875)]","[(0, 3145.74609375), (1, 3107.36572265625)]","[(0, 4898.19970703125), (1, 3406.04638671875)]","[(0, 9984.2109375), (1, 9465.283203125)]","[(0, 7873.52392578125), (1, 8602.126953125)]","[(0, 3908.97119140625), (1, 2843.030029296875)]","[(0, 2414.630126953125), (1, 2798.755615234375)]","[(0, 3377.252685546875), (1, 2850.9638671875)]","[(0, 1834.9139404296875), (1, 1457.736083984375)]"
296,"[(0, 3311.01171875), (1, 4568.8212890625)]","[(0, 1794.789306640625), (1, 1750.422119140625)]","[(0, 1816.6939697265625), (1, 2319.87255859375)]","[(0, 1836.0289306640625), (1, 2039.012939453125)]","[(0, 4170.38623046875), (1, 2943.771484375)]","[(0, 7961.76220703125), (1, 7762.36767578125)]","[(0, 4014.520751953125), (1, 4377.79833984375)]","[(0, 1328.4962158203125), (1, 1310.86376953125)]","[(0, 1977.093505859375), (1, 2001.5543212890625)]","[(0, 2688.3046875), (1, 2214.333740234375)]","[(0, 4459.26220703125), (1, 3894.775146484375)]"
297,"[(0, 4137.45849609375), (1, 5373.671875)]","[(0, 1350.3162841796875), (1, 1381.527587890625)]","[(0, 5989.57568359375), (1, 5248.9609375)]","[(0, 3760.278564453125), (1, 3865.796630859375)]","[(0, 3204.784423828125), (1, 2989.162353515625)]","[(0, 4570.6953125), (1, 4639.1279296875)]","[(0, 3715.65869140625), (1, 3927.898681640625)]","[(0, 2216.03759765625), (1, 2671.800048828125)]","[(0, 783.1314086914062), (1, 1289.349853515625)]","[(0, 2302.0927734375), (1, 2297.4638671875)]","[(0, 1291.0323486328125), (1, 1031.9639892578125)]"
298,"[(0, 2240.542236328125), (1, 2889.672119140625)]","[(0, 3096.272705078125), (1, 3826.833740234375)]","[(0, 5998.73388671875), (1, 4447.48095703125)]","[(0, 3020.92724609375), (1, 3012.6875)]","[(0, 3692.39013671875), (1, 3318.007080078125)]","[(0, 8613.1767578125), (1, 8490.283203125)]","[(0, 2801.713134765625), (1, 2567.57373046875)]","[(0, 2078.934326171875), (1, 2948.330078125)]","[(0, 1365.802734375), (1, 1354.9097900390625)]","[(0, 1312.12451171875), (1, 1043.865478515625)]","[(0, 2673.7587890625), (1, 2373.269287109375)]"
299,"[(0, 3061.697509765625), (1, 4063.16748046875)]","[(0, 3155.22216796875), (1, 3994.493896484375)]","[(0, 3805.0751953125), (1, 3819.45068359375)]","[(0, 6834.9111328125), (1, 7122.076171875)]","[(0, 2558.737060546875), (1, 1565.64599609375)]","[(0, 4909.79833984375), (1, 4546.1162109375)]","[(0, 3081.58203125), (1, 3639.45703125)]","[(0, 2525.786376953125), (1, 1508.8236083984375)]","[(0, 2116.959716796875), (1, 1546.4276123046875)]","[(0, 2082.588623046875), (1, 1343.31103515625)]","[(0, 2618.91259765625), (1, 2235.949951171875)]"
300,"[(0, 3150.435546875), (1, 4079.264892578125)]","[(0, 2819.189697265625), (1, 3169.3603515625)]","[(0, 4528.9453125), (1, 4621.2578125)]","[(0, 2440.7177734375), (1, 2475.098388671875)]","[(0, 2316.194091796875), (1, 1438.5059814453125)]","[(0, 4128.4130859375), (1, 4194.2216796875)]","[(0, 1910.1068115234375), (1, 2381.59912109375)]","[(0, 1954.7540283203125), (1, 2268.568603515625)]","[(0, 1556.9014892578125), (1, 1906.0234375)]","[(0, 1609.8992919921875), (1, 2248.468505859375)]","[(0, 1964.271484375), (1, 1543.938720703125)]"
301,"[(0, 4127.44482421875), (1, 5548.28662109375)]","[(0, 2537.843017578125), (1, 2722.118896484375)]","[(0, 2434.30517578125), (1, 2317.7783203125)]","[(0, 3181.352294921875), (1, 3195.2080078125)]","[(0, 1326.623779296875), (1, 1118.6981201171875)]","[(0, 4317.42626953125), (1, 4440.39892578125)]","[(0, 4376.91748046875), (1, 4725.70263671875)]","[(0, 2246.817138671875), (1, 2155.158447265625)]","[(0, 1353.9378662109375), (1, 1442.326416015625)]","[(0, 2942.7373046875), (1, 2433.061279296875)]","[(0, 2792.97216796875), (1, 2261.966796875)]"
302,"[(0, 2902.083251953125), (1, 3735.434326171875)]","[(0, 1214.1534423828125), (1, 1137.6719970703125)]","[(0, 7968.30224609375), (1, 6821.60693359375)]","[(0, 2271.607177734375), (1, 2375.857666015625)]","[(0, 1394.0272216796875), (1, 1197.892822265625)]","[(0, 3889.58935546875), (1, 3818.332763671875)]","[(0, 5144.865234375), (1, 4768.72119140625)]","[(0, 3665.12744140625), (1, 2554.8173828125)]","[(0, 2074.31201171875), (1, 1882.2740478515625)]","[(0, 1838.9036865234375), (1, 1913.646728515625)]","[(0, 2777.778076171875), (1, 1877.732666015625)]"
303,"[(0, 2847.4638671875), (1, 3539.779541015625)]","[(0, 2161.546875), (1, 2450.23876953125)]","[(0, 6845.23046875), (1, 5759.09130859375)]","[(0, 1253.3538818359375), (1, 1490.05126953125)]","[(0, 3628.65771484375), (1, 2190.750244140625)]","[(0, 4993.66064453125), (1, 4912.59423828125)]","[(0, 7383.08740234375), (1, 6981.9384765625)]","[(0, 2562.200927734375), (1, 2517.85693359375)]","[(0, 1101.6904296875), (1, 1689.662109375)]","[(0, 2000.5284423828125), (1, 1760.4609375)]","[(0, 3282.573974609375), (1, 2556.396728515625)]"
304,"[(0, 4171.68310546875), (1, 5446.80322265625)]","[(0, 2196.275146484375), (1, 2527.251220703125)]","[(0, 2124.5615234375), (1, 2462.098388671875)]","[(0, 2308.899658203125), (1, 2411.5439453125)]","[(0, 2764.117431640625), (1, 1772.3843994140625)]","[(0, 3213.69677734375), (1, 3225.173583984375)]","[(0, 6206.3125), (1, 5620.30859375)]","[(0, 2835.300048828125), (1, 3799.92578125)]","[(0, 1944.21240234375), (1, 2056.786376953125)]","[(0, 1838.3065185546875), (1, 2914.406005859375)]","[(0, 4778.3125), (1, 3876.295654296875)]"
305,"[(0, 3174.260498046875), (1, 4023.888671875)]","[(0, 2281.485595703125), (1, 2261.107177734375)]","[(0, 4228.30712890625), (1, 3393.85498046875)]","[(0, 2009.9161376953125), (1, 2147.6298828125)]","[(0, 4715.96044921875), (1, 3074.31689453125)]","[(0, 3664.302490234375), (1, 3820.4013671875)]","[(0, 3448.66162109375), (1, 3418.77392578125)]","[(0, 2957.902587890625), (1, 2785.388671875)]","[(0, 2919.805908203125), (1, 2055.86083984375)]","[(0, 1263.196044921875), (1, 787.5814208984375)]","[(0, 2439.0830078125), (1, 2128.470458984375)]"
306,"[(0, 4620.2705078125), (1, 6543.1552734375)]","[(0, 2370.1435546875), (1, 2421.366943359375)]","[(0, 5892.4716796875), (1, 5074.78125)]","[(0, 1774.833740234375), (1, 1904.8714599609375)]","[(0, 3518.253662109375), (1, 2344.585205078125)]","[(0, 7032.478515625), (1, 7045.15869140625)]","[(0, 4932.6591796875), (1, 4968.4267578125)]","[(0, 2120.964111328125), (1, 1092.9814453125)]","[(0, 1646.310546875), (1, 1016.7954711914062)]","[(0, 2261.603271484375), (1, 2384.05126953125)]","[(0, 2710.3505859375), (1, 2327.963134765625)]"
307,"[(0, 3675.95068359375), (1, 4981.00390625)]","[(0, 2825.669921875), (1, 3224.27880859375)]","[(0, 4224.3447265625), (1, 3947.8212890625)]","[(0, 7520.94091796875), (1, 7233.40478515625)]","[(0, 3280.52099609375), (1, 2895.01220703125)]","[(0, 4897.50390625), (1, 4558.78466796875)]","[(0, 1891.4837646484375), (1, 2153.675048828125)]","[(0, 1415.3399658203125), (1, 1896.414794921875)]","[(0, 1756.739501953125), (1, 2476.023681640625)]","[(0, 1343.6864013671875), (1, 1078.996826171875)]","[(0, 2594.793701171875), (1, 1872.3656005859375)]"
308,"[(0, 4451.38037109375), (1, 5783.64453125)]","[(0, 3046.23828125), (1, 3642.821533203125)]","[(0, 2985.74365234375), (1, 3726.26171875)]","[(0, 7371.66845703125), (1, 6696.22705078125)]","[(0, 5016.552734375), (1, 3326.56494140625)]","[(0, 5691.22509765625), (1, 6022.8837890625)]","[(0, 2476.021240234375), (1, 2162.330078125)]","[(0, 2366.66064453125), (1, 1581.4063720703125)]","[(0, 2123.381591796875), (1, 2419.211181640625)]","[(0, 2814.0283203125), (1, 2818.423583984375)]","[(0, 2908.912109375), (1, 2558.416015625)]"
309,"[(0, 1796.3809814453125), (1, 2316.408447265625)]","[(0, 2458.5517578125), (1, 2500.078857421875)]","[(0, 3546.990966796875), (1, 2673.834228515625)]","[(0, 2440.7666015625), (1, 2415.861083984375)]","[(0, 3630.28466796875), (1, 2562.701904296875)]","[(0, 5133.72021484375), (1, 5340.734375)]","[(0, 3049.76123046875), (1, 3584.960205078125)]","[(0, 2146.821044921875), (1, 2189.19873046875)]","[(0, 2611.396728515625), (1, 2093.662841796875)]","[(0, 3065.56591796875), (1, 2464.861083984375)]","[(0, 5176.0126953125), (1, 4401.29931640625)]"
310,"[(0, 5250.86376953125), (1, 6590.43798828125)]","[(0, 2647.089599609375), (1, 2627.98046875)]","[(0, 3197.9853515625), (1, 3086.1728515625)]","[(0, 2643.891845703125), (1, 2918.631103515625)]","[(0, 1494.634521484375), (1, 1279.3050537109375)]","[(0, 4586.794921875), (1, 4462.56787109375)]","[(0, 3498.736572265625), (1, 4292.06787109375)]","[(0, 3161.623046875), (1, 2954.806884765625)]","[(0, 2376.007080078125), (1, 2150.87451171875)]","[(0, 2295.76416015625), (1, 1861.2811279296875)]","[(0, 2984.56201171875), (1, 2268.773193359375)]"
311,"[(0, 2327.29833984375), (1, 2998.541748046875)]","[(0, 3547.450927734375), (1, 4145.17578125)]","[(0, 2723.4755859375), (1, 2375.454345703125)]","[(0, 3642.564697265625), (1, 3881.21923828125)]","[(0, 1732.485107421875), (1, 1219.240966796875)]","[(0, 5827.38916015625), (1, 5554.05712890625)]","[(0, 5357.09375), (1, 5395.25439453125)]","[(0, 1913.815673828125), (1, 1972.461669921875)]","[(0, 2863.623779296875), (1, 2474.83056640625)]","[(0, 2445.93603515625), (1, 2888.4267578125)]","[(0, 1650.220458984375), (1, 1440.9169921875)]"
312,"[(0, 4318.20849609375), (1, 5776.42919921875)]","[(0, 3397.177490234375), (1, 4134.40966796875)]","[(0, 6305.857421875), (1, 5644.5830078125)]","[(0, 3145.2900390625), (1, 3049.688720703125)]","[(0, 2757.870361328125), (1, 1700.933349609375)]","[(0, 3660.907470703125), (1, 3780.1259765625)]","[(0, 4770.7451171875), (1, 4790.06103515625)]","[(0, 1554.217041015625), (1, 3217.508544921875)]","[(0, 1900.9488525390625), (1, 1292.2723388671875)]","[(0, 1661.6834716796875), (1, 1163.3651123046875)]","[(0, 2250.6376953125), (1, 1953.50439453125)]"
313,"[(0, 3172.810791015625), (1, 4398.462890625)]","[(0, 3275.103515625), (1, 3506.1787109375)]","[(0, 2058.433837890625), (1, 2467.196533203125)]","[(0, 5641.07958984375), (1, 5963.66455078125)]","[(0, 1337.065673828125), (1, 1077.0003662109375)]","[(0, 6625.671875), (1, 6405.7890625)]","[(0, 6594.8828125), (1, 7415.73779296875)]","[(0, 1485.4229736328125), (1, 1689.30126953125)]","[(0, 2302.8349609375), (1, 1734.8394775390625)]","[(0, 3101.438720703125), (1, 2681.37109375)]","[(0, 2929.1181640625), (1, 2624.942138671875)]"
314,"[(0, 3304.491455078125), (1, 4476.1689453125)]","[(0, 2387.735107421875), (1, 2400.345947265625)]","[(0, 2546.935302734375), (1, 2361.71044921875)]","[(0, 2633.865478515625), (1, 2592.227783203125)]","[(0, 1532.460693359375), (1, 1215.97509765625)]","[(0, 3121.920654296875), (1, 3067.20068359375)]","[(0, 4424.79638671875), (1, 5173.58447265625)]","[(0, 2312.85107421875), (1, 2653.933349609375)]","[(0, 1726.07958984375), (1, 2218.321044921875)]","[(0, 1581.6038818359375), (1, 2172.554931640625)]","[(0, 2011.80419921875), (1, 1700.849853515625)]"
315,"[(0, 4285.40087890625), (1, 5530.92724609375)]","[(0, 900.2258911132812), (1, 836.3671875)]","[(0, 2179.7998046875), (1, 1843.32666015625)]","[(0, 1290.378173828125), (1, 1301.6768798828125)]","[(0, 3036.9326171875), (1, 1895.7122802734375)]","[(0, 2098.090087890625), (1, 2172.140380859375)]","[(0, 4843.55419921875), (1, 6200.06494140625)]","[(0, 1754.2633056640625), (1, 2721.76318359375)]","[(0, 1693.76806640625), (1, 2828.56298828125)]","[(0, 2275.9951171875), (1, 2246.40478515625)]","[(0, 2746.04833984375), (1, 2232.412841796875)]"
316,"[(0, 1836.0780029296875), (1, 2440.46875)]","[(0, 1509.1668701171875), (1, 2030.5115966796875)]","[(0, 4753.19287109375), (1, 4373.5751953125)]","[(0, 2831.90576171875), (1, 3367.093505859375)]","[(0, 2220.17626953125), (1, 1587.5987548828125)]","[(0, 5701.921875), (1, 5863.4736328125)]","[(0, 2802.838134765625), (1, 3770.919189453125)]","[(0, 2992.46826171875), (1, 2250.2578125)]","[(0, 2090.145751953125), (1, 1269.984619140625)]","[(0, 3312.347900390625), (1, 4774.568359375)]","[(0, 1878.304931640625), (1, 1639.6903076171875)]"
317,"[(0, 3491.037353515625), (1, 4731.06005859375)]","[(0, 1599.25634765625), (1, 2247.786865234375)]","[(0, 3108.740966796875), (1, 2995.7490234375)]","[(0, 1247.049072265625), (1, 1191.96533203125)]","[(0, 1005.9010620117188), (1, 934.3480834960938)]","[(0, 5493.2939453125), (1, 5178.71826171875)]","[(0, 3958.89794921875), (1, 3796.33251953125)]","[(0, 2721.63232421875), (1, 2572.20068359375)]","[(0, 2514.841552734375), (1, 2276.568115234375)]","[(0, 1540.1268310546875), (1, 2067.777587890625)]","[(0, 2106.594970703125), (1, 1597.5772705078125)]"
318,"[(0, 3979.63427734375), (1, 5385.83642578125)]","[(0, 1484.4791259765625), (1, 1866.46435546875)]","[(0, 5673.5693359375), (1, 5244.302734375)]","[(0, 3313.77587890625), (1, 3482.97314453125)]","[(0, 792.7293090820312), (1, 743.739990234375)]","[(0, 4668.2197265625), (1, 4491.3701171875)]","[(0, 6849.775390625), (1, 6195.45458984375)]","[(0, 2328.72021484375), (1, 2304.527587890625)]","[(0, 1348.312744140625), (1, 2164.038330078125)]","[(0, 2564.693115234375), (1, 3079.789794921875)]","[(0, 3079.951416015625), (1, 2726.02880859375)]"
319,"[(0, 5701.5146484375), (1, 7538.26806640625)]","[(0, 1202.31982421875), (1, 1358.2152099609375)]","[(0, 2534.552490234375), (1, 2246.915771484375)]","[(0, 1609.3104248046875), (1, 1727.16064453125)]","[(0, 3738.07470703125), (1, 2421.844970703125)]","[(0, 3571.18115234375), (1, 3643.311767578125)]","[(0, 4504.47021484375), (1, 4624.35693359375)]","[(0, 3054.12109375), (1, 3288.931884765625)]","[(0, 2361.6494140625), (1, 2512.9453125)]","[(0, 1560.9862060546875), (1, 1337.9527587890625)]","[(0, 3583.3330078125), (1, 3085.2666015625)]"
320,"[(0, 3451.155517578125), (1, 4525.21923828125)]","[(0, 1857.09130859375), (1, 2192.916015625)]","[(0, 2489.2255859375), (1, 2090.465576171875)]","[(0, 3635.464111328125), (1, 3892.142578125)]","[(0, 3874.90234375), (1, 2394.596435546875)]","[(0, 2416.484375), (1, 2448.810302734375)]","[(0, 5065.85546875), (1, 4902.91552734375)]","[(0, 2487.525146484375), (1, 3832.871337890625)]","[(0, 2268.173828125), (1, 1690.955810546875)]","[(0, 1677.639892578125), (1, 1715.149658203125)]","[(0, 4430.18798828125), (1, 3793.914794921875)]"
321,"[(0, 2308.99462890625), (1, 2995.360595703125)]","[(0, 1989.5552978515625), (1, 2401.487060546875)]","[(0, 7195.837890625), (1, 7499.9765625)]","[(0, 2888.654052734375), (1, 2836.253173828125)]","[(0, 3288.859619140625), (1, 2160.0146484375)]","[(0, 6863.861328125), (1, 6507.32958984375)]","[(0, 3189.119384765625), (1, 3468.226806640625)]","[(0, 1484.292236328125), (1, 1928.738525390625)]","[(0, 1877.3333740234375), (1, 1976.1925048828125)]","[(0, 1964.3538818359375), (1, 1533.7568359375)]","[(0, 2653.396728515625), (1, 2450.5322265625)]"
322,"[(0, 4125.5791015625), (1, 5429.14990234375)]","[(0, 1979.3394775390625), (1, 2076.223876953125)]","[(0, 4561.02001953125), (1, 4585.4130859375)]","[(0, 2184.03857421875), (1, 2144.55859375)]","[(0, 3042.8642578125), (1, 2008.4368896484375)]","[(0, 3959.92138671875), (1, 3887.312744140625)]","[(0, 5141.45654296875), (1, 5557.29931640625)]","[(0, 2858.973876953125), (1, 3582.21923828125)]","[(0, 1588.532470703125), (1, 1574.22802734375)]","[(0, 2499.604736328125), (1, 2925.751220703125)]","[(0, 2026.7969970703125), (1, 1401.3978271484375)]"
323,"[(0, 3246.96484375), (1, 4253.2646484375)]","[(0, 1987.033203125), (1, 2078.2119140625)]","[(0, 1958.40283203125), (1, 2123.676025390625)]","[(0, 3840.060791015625), (1, 3468.977294921875)]","[(0, 1286.294189453125), (1, 1196.505615234375)]","[(0, 3477.274658203125), (1, 3567.72265625)]","[(0, 4361.109375), (1, 4451.15966796875)]","[(0, 1300.04931640625), (1, 1305.6292724609375)]","[(0, 1545.2733154296875), (1, 1397.837890625)]","[(0, 1820.848876953125), (1, 2021.1656494140625)]","[(0, 3131.327880859375), (1, 2659.23974609375)]"
324,"[(0, 2409.048828125), (1, 3183.607177734375)]","[(0, 1126.663818359375), (1, 1060.4915771484375)]","[(0, 2389.75439453125), (1, 2270.852294921875)]","[(0, 6216.8623046875), (1, 6282.12353515625)]","[(0, 1440.199951171875), (1, 1376.5216064453125)]","[(0, 3714.896484375), (1, 3535.096923828125)]","[(0, 5799.6455078125), (1, 5580.998046875)]","[(0, 2079.319091796875), (1, 2426.86328125)]","[(0, 2517.812744140625), (1, 2326.3095703125)]","[(0, 1621.8157958984375), (1, 2010.26025390625)]","[(0, 3627.436279296875), (1, 2621.8798828125)]"
325,"[(0, 4070.52490234375), (1, 5527.18310546875)]","[(0, 2510.56787109375), (1, 2934.551025390625)]","[(0, 4641.46435546875), (1, 4534.81005859375)]","[(0, 1847.955810546875), (1, 1903.0909423828125)]","[(0, 5312.779296875), (1, 3284.913330078125)]","[(0, 4792.61083984375), (1, 4655.9970703125)]","[(0, 3846.595947265625), (1, 3871.9287109375)]","[(0, 2325.320556640625), (1, 2427.362060546875)]","[(0, 2013.4547119140625), (1, 2023.0594482421875)]","[(0, 2479.20068359375), (1, 2870.103515625)]","[(0, 2473.222412109375), (1, 2112.80810546875)]"
326,"[(0, 3170.23681640625), (1, 4248.201171875)]","[(0, 2579.39208984375), (1, 3136.241455078125)]","[(0, 3107.413330078125), (1, 2785.876220703125)]","[(0, 3080.04541015625), (1, 3116.506591796875)]","[(0, 4398.3330078125), (1, 2726.152099609375)]","[(0, 3804.752197265625), (1, 3938.307373046875)]","[(0, 3356.004638671875), (1, 3350.22314453125)]","[(0, 3624.67333984375), (1, 4056.79052734375)]","[(0, 1111.5230712890625), (1, 1660.9427490234375)]","[(0, 2401.360107421875), (1, 1861.3023681640625)]","[(0, 3087.627197265625), (1, 1947.002197265625)]"
327,"[(0, 3553.942138671875), (1, 5150.3974609375)]","[(0, 2267.141357421875), (1, 2522.048095703125)]","[(0, 4168.740234375), (1, 3631.011474609375)]","[(0, 2438.548095703125), (1, 2431.807373046875)]","[(0, 2916.350830078125), (1, 1758.3326416015625)]","[(0, 3603.651611328125), (1, 3850.61474609375)]","[(0, 3111.7099609375), (1, 3339.845703125)]","[(0, 1116.5029296875), (1, 1724.5501708984375)]","[(0, 1751.8182373046875), (1, 1448.67431640625)]","[(0, 1259.255126953125), (1, 1418.3330078125)]","[(0, 3438.126953125), (1, 3076.199951171875)]"
328,"[(0, 3711.978515625), (1, 5249.130859375)]","[(0, 2356.630126953125), (1, 2528.784423828125)]","[(0, 2305.780517578125), (1, 1898.0965576171875)]","[(0, 2552.42578125), (1, 2444.12890625)]","[(0, 2344.306884765625), (1, 1480.207763671875)]","[(0, 5156.03955078125), (1, 4859.5439453125)]","[(0, 4281.98974609375), (1, 4077.285400390625)]","[(0, 2606.96630859375), (1, 2367.170654296875)]","[(0, 809.4205322265625), (1, 1204.8927001953125)]","[(0, 849.1736450195312), (1, 1154.4619140625)]","[(0, 2449.271484375), (1, 1874.72412109375)]"
329,"[(0, 2725.046142578125), (1, 3576.447021484375)]","[(0, 1362.8961181640625), (1, 1163.26416015625)]","[(0, 3629.08349609375), (1, 3779.934814453125)]","[(0, 4424.12109375), (1, 4466.505859375)]","[(0, 3006.926513671875), (1, 1753.401123046875)]","[(0, 4672.93212890625), (1, 4587.61767578125)]","[(0, 5490.8056640625), (1, 5818.4931640625)]","[(0, 4080.813720703125), (1, 2565.056396484375)]","[(0, 2007.62109375), (1, 1635.0159912109375)]","[(0, 1907.7000732421875), (1, 2353.33984375)]","[(0, 2133.550048828125), (1, 1810.0946044921875)]"
330,"[(0, 2774.846923828125), (1, 3622.02978515625)]","[(0, 2087.944091796875), (1, 2832.153076171875)]","[(0, 2316.047119140625), (1, 2319.612548828125)]","[(0, 2013.64013671875), (1, 2224.017333984375)]","[(0, 2650.52880859375), (1, 1719.8480224609375)]","[(0, 4735.59228515625), (1, 5105.2021484375)]","[(0, 5402.1640625), (1, 5541.771484375)]","[(0, 2406.783447265625), (1, 2681.723876953125)]","[(0, 3135.556640625), (1, 1974.527099609375)]","[(0, 1986.91015625), (1, 2564.244384765625)]","[(0, 2278.481689453125), (1, 1803.597412109375)]"
331,"[(0, 3660.959716796875), (1, 4230.2548828125)]","[(0, 1386.36083984375), (1, 1549.638671875)]","[(0, 8539.1025390625), (1, 8782.2861328125)]","[(0, 3695.76904296875), (1, 3829.42578125)]","[(0, 1739.794189453125), (1, 1500.57177734375)]","[(0, 5383.3046875), (1, 5834.03369140625)]","[(0, 5845.43408203125), (1, 8342.14453125)]","[(0, 2350.51611328125), (1, 1425.16455078125)]","[(0, 1901.0303955078125), (1, 2701.892333984375)]","[(0, 1850.4537353515625), (1, 1913.1632080078125)]","[(0, 3927.175537109375), (1, 3420.329833984375)]"
332,"[(0, 3987.384033203125), (1, 5329.3681640625)]","[(0, 824.3021240234375), (1, 729.2222290039062)]","[(0, 3241.142333984375), (1, 3626.57861328125)]","[(0, 2420.7978515625), (1, 2506.034912109375)]","[(0, 5662.74755859375), (1, 3698.511962890625)]","[(0, 5218.04150390625), (1, 4830.98779296875)]","[(0, 4123.94287109375), (1, 5511.9970703125)]","[(0, 3310.96435546875), (1, 2914.898193359375)]","[(0, 1768.8924560546875), (1, 1652.4820556640625)]","[(0, 2710.4140625), (1, 2771.955078125)]","[(0, 2281.25927734375), (1, 1905.0167236328125)]"
333,"[(0, 4575.2919921875), (1, 6406.2353515625)]","[(0, 1767.7886962890625), (1, 2542.647216796875)]","[(0, 1917.8616943359375), (1, 1676.511474609375)]","[(0, 2961.874267578125), (1, 2901.374755859375)]","[(0, 4614.06640625), (1, 3013.534912109375)]","[(0, 5737.66748046875), (1, 5489.046875)]","[(0, 4230.6787109375), (1, 4911.7607421875)]","[(0, 1936.6494140625), (1, 2692.28662109375)]","[(0, 1947.1199951171875), (1, 2298.829345703125)]","[(0, 1801.55517578125), (1, 1681.8023681640625)]","[(0, 3120.229736328125), (1, 2514.6533203125)]"
334,"[(0, 4652.1708984375), (1, 5883.43115234375)]","[(0, 1725.1728515625), (1, 2589.048095703125)]","[(0, 8163.740234375), (1, 7588.7451171875)]","[(0, 3745.825927734375), (1, 3699.66552734375)]","[(0, 3613.990478515625), (1, 3390.105712890625)]","[(0, 4254.57470703125), (1, 4612.9970703125)]","[(0, 4096.26611328125), (1, 3714.308349609375)]","[(0, 3105.140869140625), (1, 2641.1220703125)]","[(0, 1828.7349853515625), (1, 2505.319091796875)]","[(0, 1819.889892578125), (1, 1416.9052734375)]","[(0, 4388.36083984375), (1, 3719.04052734375)]"
335,"[(0, 3366.037353515625), (1, 4602.025390625)]","[(0, 1704.2392578125), (1, 2161.950927734375)]","[(0, 4943.94775390625), (1, 4240.51806640625)]","[(0, 2445.751708984375), (1, 2741.359375)]","[(0, 2324.592041015625), (1, 2089.73095703125)]","[(0, 4395.1630859375), (1, 4644.8564453125)]","[(0, 3287.097412109375), (1, 3977.68017578125)]","[(0, 2371.04541015625), (1, 1782.9259033203125)]","[(0, 2591.804931640625), (1, 2758.29931640625)]","[(0, 2118.539306640625), (1, 1669.2978515625)]","[(0, 3235.540283203125), (1, 2841.3916015625)]"
336,"[(0, 4799.439453125), (1, 6336.9951171875)]","[(0, 1419.004638671875), (1, 1656.87451171875)]","[(0, 5404.7099609375), (1, 4891.45458984375)]","[(0, 3920.952392578125), (1, 3685.642822265625)]","[(0, 2059.654296875), (1, 1514.1859130859375)]","[(0, 6115.09375), (1, 5719.4697265625)]","[(0, 2180.833251953125), (1, 2691.52783203125)]","[(0, 951.710693359375), (1, 1275.169189453125)]","[(0, 2542.49072265625), (1, 3295.012939453125)]","[(0, 2839.109619140625), (1, 2108.09423828125)]","[(0, 4238.763671875), (1, 3790.15380859375)]"
337,"[(0, 3444.270263671875), (1, 4700.4736328125)]","[(0, 959.813720703125), (1, 820.6399536132812)]","[(0, 2183.509521484375), (1, 1770.7845458984375)]","[(0, 3806.962646484375), (1, 3612.70166015625)]","[(0, 2937.82861328125), (1, 1738.6090087890625)]","[(0, 3766.12109375), (1, 3817.851806640625)]","[(0, 4339.51904296875), (1, 4632.107421875)]","[(0, 2752.8330078125), (1, 2092.080078125)]","[(0, 2519.11083984375), (1, 2653.89404296875)]","[(0, 2759.52001953125), (1, 2657.5146484375)]","[(0, 2219.39404296875), (1, 1679.2813720703125)]"
338,"[(0, 4865.3779296875), (1, 6764.52001953125)]","[(0, 2156.962890625), (1, 2724.532958984375)]","[(0, 8715.48828125), (1, 8241.8193359375)]","[(0, 1475.4539794921875), (1, 1432.933349609375)]","[(0, 2049.36376953125), (1, 1236.9892578125)]","[(0, 6978.623046875), (1, 7132.4619140625)]","[(0, 3072.101318359375), (1, 2847.16796875)]","[(0, 1730.2625732421875), (1, 1528.6304931640625)]","[(0, 2171.6279296875), (1, 1356.391357421875)]","[(0, 2051.591064453125), (1, 2433.00341796875)]","[(0, 2806.864013671875), (1, 2522.0048828125)]"
339,"[(0, 4191.9423828125), (1, 5475.12939453125)]","[(0, 2616.839111328125), (1, 3332.97314453125)]","[(0, 4875.21533203125), (1, 5804.3212890625)]","[(0, 3120.337158203125), (1, 3243.665771484375)]","[(0, 4167.953125), (1, 2620.423828125)]","[(0, 5892.59033203125), (1, 6081.26416015625)]","[(0, 4959.13916015625), (1, 5929.35498046875)]","[(0, 1836.4326171875), (1, 2560.908447265625)]","[(0, 1375.18505859375), (1, 1441.8682861328125)]","[(0, 1250.7025146484375), (1, 1902.348876953125)]","[(0, 1729.9598388671875), (1, 1498.8511962890625)]"
340,"[(0, 4216.89453125), (1, 5497.5703125)]","[(0, 2081.536376953125), (1, 2523.1005859375)]","[(0, 3501.884521484375), (1, 4085.490234375)]","[(0, 2171.075927734375), (1, 1955.709716796875)]","[(0, 4402.806640625), (1, 2779.4912109375)]","[(0, 3148.296875), (1, 3047.9091796875)]","[(0, 3298.16943359375), (1, 4074.3037109375)]","[(0, 2794.450927734375), (1, 2646.329833984375)]","[(0, 3124.931884765625), (1, 2945.129150390625)]","[(0, 2103.603759765625), (1, 1523.7794189453125)]","[(0, 2660.342041015625), (1, 2456.211669921875)]"
341,"[(0, 4301.775390625), (1, 5982.91943359375)]","[(0, 2041.4771728515625), (1, 2460.00341796875)]","[(0, 2849.271728515625), (1, 2303.688232421875)]","[(0, 2165.529052734375), (1, 2109.603759765625)]","[(0, 2609.728515625), (1, 2266.689453125)]","[(0, 4909.43798828125), (1, 4689.3203125)]","[(0, 6026.82568359375), (1, 7554.56884765625)]","[(0, 2137.57861328125), (1, 2009.7169189453125)]","[(0, 1544.8128662109375), (1, 1269.0916748046875)]","[(0, 1021.4918823242188), (1, 1361.8521728515625)]","[(0, 1586.785888671875), (1, 1437.0347900390625)]"
342,"[(0, 2114.28857421875), (1, 2783.55908203125)]","[(0, 1172.5677490234375), (1, 1097.2874755859375)]","[(0, 953.0494384765625), (1, 1106.263427734375)]","[(0, 5100.6181640625), (1, 5101.46435546875)]","[(0, 2381.000732421875), (1, 1955.231201171875)]","[(0, 6382.89111328125), (1, 6815.83251953125)]","[(0, 6640.17041015625), (1, 8361.8662109375)]","[(0, 1643.7908935546875), (1, 1159.389404296875)]","[(0, 1531.4898681640625), (1, 1870.1624755859375)]","[(0, 2374.154296875), (1, 2504.02099609375)]","[(0, 3879.05810546875), (1, 3141.575927734375)]"
343,"[(0, 4359.45849609375), (1, 5938.88525390625)]","[(0, 2499.453369140625), (1, 2812.708251953125)]","[(0, 2565.208251953125), (1, 3225.385986328125)]","[(0, 5325.791015625), (1, 5203.39208984375)]","[(0, 5111.53076171875), (1, 3186.447265625)]","[(0, 6252.5498046875), (1, 6173.5908203125)]","[(0, 7342.62109375), (1, 8288.37109375)]","[(0, 2074.30810546875), (1, 1792.1339111328125)]","[(0, 3582.45849609375), (1, 2784.318359375)]","[(0, 3469.612548828125), (1, 2414.197265625)]","[(0, 3163.94873046875), (1, 2258.531982421875)]"
344,"[(0, 3769.944580078125), (1, 4821.8603515625)]","[(0, 2321.540283203125), (1, 2658.65771484375)]","[(0, 1875.582275390625), (1, 1858.616943359375)]","[(0, 2653.616943359375), (1, 2825.14599609375)]","[(0, 4665.9853515625), (1, 2935.05615234375)]","[(0, 3303.8359375), (1, 3225.625732421875)]","[(0, 11032.265625), (1, 12126.4912109375)]","[(0, 1929.7799072265625), (1, 2200.339111328125)]","[(0, 1419.1636962890625), (1, 871.9544067382812)]","[(0, 1259.093505859375), (1, 1552.4852294921875)]","[(0, 2388.767822265625), (1, 1638.1976318359375)]"
345,"[(0, 3372.682373046875), (1, 4399.58740234375)]","[(0, 2254.874267578125), (1, 2303.671630859375)]","[(0, 3300.976318359375), (1, 2575.849853515625)]","[(0, 2231.0986328125), (1, 2252.798095703125)]","[(0, 1811.4398193359375), (1, 1603.3751220703125)]","[(0, 2271.83349609375), (1, 2266.1328125)]","[(0, 5091.23876953125), (1, 5510.99267578125)]","[(0, 1331.4058837890625), (1, 1577.9827880859375)]","[(0, 2148.034423828125), (1, 1335.534423828125)]","[(0, 2361.28125), (1, 1807.8914794921875)]","[(0, 2351.21875), (1, 1467.7806396484375)]"
346,"[(0, 2207.25390625), (1, 2950.446533203125)]","[(0, 1879.6883544921875), (1, 1702.2713623046875)]","[(0, 3427.964599609375), (1, 3554.301513671875)]","[(0, 3107.54052734375), (1, 3127.9287109375)]","[(0, 1887.0343017578125), (1, 1599.1624755859375)]","[(0, 4864.08349609375), (1, 5322.19140625)]","[(0, 5235.373046875), (1, 4606.0341796875)]","[(0, 2044.2359619140625), (1, 2210.814208984375)]","[(0, 2308.2041015625), (1, 1880.114013671875)]","[(0, 1659.855712890625), (1, 2214.270263671875)]","[(0, 4082.876708984375), (1, 3517.30419921875)]"
347,"[(0, 3850.214599609375), (1, 4955.1728515625)]","[(0, 819.3301391601562), (1, 748.9808349609375)]","[(0, 2945.832763671875), (1, 2400.834716796875)]","[(0, 2507.915283203125), (1, 2559.76708984375)]","[(0, 4219.94384765625), (1, 2779.098876953125)]","[(0, 6964.5546875), (1, 6220.646484375)]","[(0, 5579.42822265625), (1, 5380.67724609375)]","[(0, 1372.2833251953125), (1, 1465.84326171875)]","[(0, 1435.887451171875), (1, 1281.4737548828125)]","[(0, 3255.215087890625), (1, 3064.756103515625)]","[(0, 1924.48046875), (1, 1539.6312255859375)]"
348,"[(0, 3896.335205078125), (1, 5141.74072265625)]","[(0, 767.8023071289062), (1, 706.2517700195312)]","[(0, 1905.502685546875), (1, 1730.8856201171875)]","[(0, 3491.3603515625), (1, 3505.14892578125)]","[(0, 3429.373779296875), (1, 2305.767333984375)]","[(0, 8266.828125), (1, 7828.1298828125)]","[(0, 3403.549560546875), (1, 3337.378173828125)]","[(0, 2250.6708984375), (1, 2549.828857421875)]","[(0, 1316.7657470703125), (1, 1155.0533447265625)]","[(0, 2023.6875), (1, 1602.2218017578125)]","[(0, 3022.56103515625), (1, 2463.01904296875)]"
349,"[(0, 3269.6611328125), (1, 4245.3740234375)]","[(0, 2519.7294921875), (1, 2967.7509765625)]","[(0, 2853.89599609375), (1, 2347.172607421875)]","[(0, 2776.451171875), (1, 2936.943359375)]","[(0, 2617.0537109375), (1, 2338.80908203125)]","[(0, 3871.507568359375), (1, 4026.852294921875)]","[(0, 3957.79931640625), (1, 4176.75048828125)]","[(0, 1547.0870361328125), (1, 1806.8046875)]","[(0, 1826.0606689453125), (1, 2147.392333984375)]","[(0, 3215.65869140625), (1, 2913.4638671875)]","[(0, 2074.7294921875), (1, 1282.58935546875)]"
350,"[(0, 2796.921142578125), (1, 3715.226318359375)]","[(0, 2450.100830078125), (1, 2924.625732421875)]","[(0, 1922.187744140625), (1, 1874.3350830078125)]","[(0, 2544.764892578125), (1, 2535.063720703125)]","[(0, 3457.351806640625), (1, 3037.81640625)]","[(0, 4835.6201171875), (1, 5121.79736328125)]","[(0, 6875.37158203125), (1, 6836.755859375)]","[(0, 2136.66455078125), (1, 1779.7872314453125)]","[(0, 2003.93896484375), (1, 2510.795166015625)]","[(0, 1140.1978759765625), (1, 1568.864013671875)]","[(0, 1348.1834716796875), (1, 1120.0965576171875)]"
351,"[(0, 3049.0517578125), (1, 4098.00048828125)]","[(0, 2455.7958984375), (1, 2667.6435546875)]","[(0, 5091.38427734375), (1, 3840.683349609375)]","[(0, 3688.125), (1, 3688.2060546875)]","[(0, 6293.16943359375), (1, 4084.92138671875)]","[(0, 6381.51513671875), (1, 6039.31689453125)]","[(0, 3951.716064453125), (1, 4043.160400390625)]","[(0, 3145.94091796875), (1, 1799.7882080078125)]","[(0, 2520.795166015625), (1, 2672.52392578125)]","[(0, 1781.0625), (1, 2318.557861328125)]","[(0, 1843.8558349609375), (1, 1257.95458984375)]"
352,"[(0, 2204.475830078125), (1, 2851.178466796875)]","[(0, 2437.4658203125), (1, 2493.205078125)]","[(0, 2456.317138671875), (1, 3043.73193359375)]","[(0, 3710.26904296875), (1, 2830.480224609375)]","[(0, 3394.337158203125), (1, 2184.60302734375)]","[(0, 3793.166015625), (1, 3630.886962890625)]","[(0, 4597.61669921875), (1, 4339.4365234375)]","[(0, 2460.740234375), (1, 3501.313232421875)]","[(0, 3615.27294921875), (1, 3639.01611328125)]","[(0, 1930.511474609375), (1, 1577.39208984375)]","[(0, 2892.216796875), (1, 2519.90478515625)]"
353,"[(0, 4309.10888671875), (1, 6131.40380859375)]","[(0, 2381.6865234375), (1, 2997.55517578125)]","[(0, 9374.568359375), (1, 9413.646484375)]","[(0, 2973.229736328125), (1, 3043.9091796875)]","[(0, 2976.078125), (1, 1932.9903564453125)]","[(0, 5764.7900390625), (1, 5873.98486328125)]","[(0, 7700.06591796875), (1, 7642.53369140625)]","[(0, 3530.65966796875), (1, 2237.969970703125)]","[(0, 1924.49609375), (1, 2907.824951171875)]","[(0, 1017.0267944335938), (1, 1378.9976806640625)]","[(0, 1799.5701904296875), (1, 1411.533935546875)]"
354,"[(0, 3685.958740234375), (1, 4849.48828125)]","[(0, 2998.819091796875), (1, 4078.700927734375)]","[(0, 4291.2080078125), (1, 3860.281494140625)]","[(0, 2118.894775390625), (1, 2287.216064453125)]","[(0, 1279.5753173828125), (1, 1162.0743408203125)]","[(0, 6388.40234375), (1, 7057.65380859375)]","[(0, 7815.5087890625), (1, 8163.6005859375)]","[(0, 2189.48046875), (1, 1798.480712890625)]","[(0, 2426.902587890625), (1, 2667.699462890625)]","[(0, 2520.385498046875), (1, 2136.954833984375)]","[(0, 3536.435546875), (1, 2763.474365234375)]"
355,"[(0, 2857.225341796875), (1, 3847.69677734375)]","[(0, 2555.845703125), (1, 3032.68701171875)]","[(0, 7005.8896484375), (1, 6888.931640625)]","[(0, 3441.239990234375), (1, 3540.232177734375)]","[(0, 1314.8721923828125), (1, 1156.4989013671875)]","[(0, 6588.408203125), (1, 6080.73046875)]","[(0, 7140.35009765625), (1, 6871.95654296875)]","[(0, 3012.514892578125), (1, 3167.5986328125)]","[(0, 2688.412353515625), (1, 4370.62744140625)]","[(0, 3564.9541015625), (1, 4231.36865234375)]","[(0, 1913.3092041015625), (1, 1570.543701171875)]"
356,"[(0, 3937.747802734375), (1, 4957.7958984375)]","[(0, 2689.77294921875), (1, 3301.02978515625)]","[(0, 2265.468505859375), (1, 2680.444091796875)]","[(0, 2358.07568359375), (1, 2647.6513671875)]","[(0, 4611.361328125), (1, 2830.00927734375)]","[(0, 5129.74609375), (1, 5070.1474609375)]","[(0, 6038.5625), (1, 5935.2783203125)]","[(0, 1396.377685546875), (1, 1695.61865234375)]","[(0, 2379.124755859375), (1, 1803.98193359375)]","[(0, 3242.505859375), (1, 3511.3251953125)]","[(0, 1918.9520263671875), (1, 1504.604248046875)]"
357,"[(0, 2093.523193359375), (1, 2778.010009765625)]","[(0, 2651.3544921875), (1, 3269.62060546875)]","[(0, 2835.587890625), (1, 2351.352294921875)]","[(0, 1193.351318359375), (1, 1298.5438232421875)]","[(0, 2309.81494140625), (1, 1601.62890625)]","[(0, 4823.80615234375), (1, 4802.4111328125)]","[(0, 3799.353271484375), (1, 4055.529296875)]","[(0, 2173.76416015625), (1, 2407.13818359375)]","[(0, 2061.968505859375), (1, 1460.6500244140625)]","[(0, 1394.7080078125), (1, 1211.962890625)]","[(0, 2495.983642578125), (1, 2224.39892578125)]"
358,"[(0, 2880.556640625), (1, 3923.08056640625)]","[(0, 2390.976318359375), (1, 2570.178955078125)]","[(0, 1682.300537109375), (1, 1923.18603515625)]","[(0, 7715.24462890625), (1, 7453.5146484375)]","[(0, 1496.6414794921875), (1, 1257.5875244140625)]","[(0, 6913.4609375), (1, 7373.77783203125)]","[(0, 4207.337890625), (1, 3938.76171875)]","[(0, 2457.5625), (1, 3632.549560546875)]","[(0, 2318.913818359375), (1, 3100.935791015625)]","[(0, 2677.952880859375), (1, 3211.7666015625)]","[(0, 3509.84521484375), (1, 2583.577392578125)]"
359,"[(0, 3405.650146484375), (1, 4362.869140625)]","[(0, 2215.8408203125), (1, 2393.223388671875)]","[(0, 3427.35302734375), (1, 3044.93994140625)]","[(0, 2003.75341796875), (1, 2085.423828125)]","[(0, 3880.4677734375), (1, 2826.222412109375)]","[(0, 5954.3388671875), (1, 5725.9091796875)]","[(0, 7241.7763671875), (1, 9078.8583984375)]","[(0, 2484.506103515625), (1, 2310.975830078125)]","[(0, 2348.242919921875), (1, 2852.74365234375)]","[(0, 2244.503173828125), (1, 1846.419677734375)]","[(0, 2968.709228515625), (1, 2643.87939453125)]"
360,"[(0, 3272.259521484375), (1, 4485.7412109375)]","[(0, 2267.7294921875), (1, 2210.697021484375)]","[(0, 1687.16552734375), (1, 1853.9124755859375)]","[(0, 2371.319091796875), (1, 2502.554931640625)]","[(0, 3084.46337890625), (1, 2252.374755859375)]","[(0, 2792.66455078125), (1, 2664.476806640625)]","[(0, 6443.138671875), (1, 7672.4013671875)]","[(0, 2023.685546875), (1, 2738.513916015625)]","[(0, 2613.984375), (1, 2743.40966796875)]","[(0, 2032.4130859375), (1, 1554.2437744140625)]","[(0, 2966.0166015625), (1, 2362.7724609375)]"
361,"[(0, 3573.310546875), (1, 4275.0)]","[(0, 2089.709228515625), (1, 2093.824462890625)]","[(0, 2331.38134765625), (1, 2397.69873046875)]","[(0, 2836.335693359375), (1, 3145.076904296875)]","[(0, 2366.811767578125), (1, 2177.963134765625)]","[(0, 3824.3310546875), (1, 3903.159912109375)]","[(0, 3250.388427734375), (1, 3429.955810546875)]","[(0, 3570.503662109375), (1, 2108.65625)]","[(0, 4613.43310546875), (1, 4039.895751953125)]","[(0, 2108.135498046875), (1, 1272.2750244140625)]","[(0, 3749.685791015625), (1, 3131.322021484375)]"
362,"[(0, 3724.162109375), (1, 5050.31298828125)]","[(0, 2089.5048828125), (1, 2133.54296875)]","[(0, 6847.0849609375), (1, 7067.3388671875)]","[(0, 3208.438720703125), (1, 3325.483154296875)]","[(0, 2112.260986328125), (1, 1926.7833251953125)]","[(0, 5898.68505859375), (1, 6459.1591796875)]","[(0, 5917.6728515625), (1, 5581.81787109375)]","[(0, 2048.798095703125), (1, 2269.24169921875)]","[(0, 1849.6951904296875), (1, 2149.259765625)]","[(0, 2086.068115234375), (1, 2072.740966796875)]","[(0, 3371.81396484375), (1, 2875.21826171875)]"
363,"[(0, 2231.45703125), (1, 2776.672119140625)]","[(0, 1971.761962890625), (1, 2091.59228515625)]","[(0, 3103.423828125), (1, 3148.344970703125)]","[(0, 2524.396728515625), (1, 2591.005615234375)]","[(0, 4541.3623046875), (1, 2891.01318359375)]","[(0, 3006.335693359375), (1, 2831.02294921875)]","[(0, 4403.10498046875), (1, 5878.6416015625)]","[(0, 2377.456787109375), (1, 1862.4779052734375)]","[(0, 2096.337158203125), (1, 1946.0322265625)]","[(0, 2045.1212158203125), (1, 2414.324951171875)]","[(0, 3085.705078125), (1, 2618.9873046875)]"
364,"[(0, 2595.043701171875), (1, 3441.981689453125)]","[(0, 2720.495361328125), (1, 3137.967529296875)]","[(0, 6124.8115234375), (1, 5198.421875)]","[(0, 4130.4765625), (1, 4007.654296875)]","[(0, 3316.615234375), (1, 2104.792724609375)]","[(0, 2475.42529296875), (1, 2591.387451171875)]","[(0, 3037.65966796875), (1, 4069.63232421875)]","[(0, 4542.70556640625), (1, 4620.05517578125)]","[(0, 1551.0386962890625), (1, 1354.528076171875)]","[(0, 2329.89208984375), (1, 2281.38427734375)]","[(0, 3654.280029296875), (1, 2706.052978515625)]"
365,"[(0, 4233.7578125), (1, 5900.14208984375)]","[(0, 2804.084228515625), (1, 3267.606689453125)]","[(0, 4029.960205078125), (1, 3370.1455078125)]","[(0, 2400.07568359375), (1, 2270.320556640625)]","[(0, 724.9173583984375), (1, 687.4902954101562)]","[(0, 4041.703125), (1, 4030.555908203125)]","[(0, 5242.55224609375), (1, 5585.3427734375)]","[(0, 2587.125244140625), (1, 1618.8201904296875)]","[(0, 2443.32958984375), (1, 1748.97119140625)]","[(0, 1948.4453125), (1, 1735.5592041015625)]","[(0, 2171.44677734375), (1, 1986.5889892578125)]"
366,"[(0, 4174.85107421875), (1, 5357.63525390625)]","[(0, 2755.218017578125), (1, 2784.01171875)]","[(0, 5385.13818359375), (1, 5041.1650390625)]","[(0, 2304.106689453125), (1, 2367.508056640625)]","[(0, 2615.476806640625), (1, 1546.7535400390625)]","[(0, 4357.83740234375), (1, 4600.6123046875)]","[(0, 4578.9541015625), (1, 4395.01171875)]","[(0, 3455.75634765625), (1, 3681.529052734375)]","[(0, 1989.002197265625), (1, 1123.539306640625)]","[(0, 1957.08935546875), (1, 1747.19482421875)]","[(0, 2638.041015625), (1, 2063.999755859375)]"
367,"[(0, 5401.80322265625), (1, 6974.23876953125)]","[(0, 2695.204833984375), (1, 2681.88232421875)]","[(0, 3574.7216796875), (1, 2850.763916015625)]","[(0, 2570.485595703125), (1, 2688.577880859375)]","[(0, 2236.443603515625), (1, 1314.2239990234375)]","[(0, 1819.3076171875), (1, 1795.4278564453125)]","[(0, 12688.048828125), (1, 13244.8427734375)]","[(0, 1302.0531005859375), (1, 1474.6971435546875)]","[(0, 3205.606689453125), (1, 1821.1475830078125)]","[(0, 2915.32763671875), (1, 2172.480224609375)]","[(0, 2227.95068359375), (1, 2085.362060546875)]"
368,"[(0, 2932.374267578125), (1, 3899.937744140625)]","[(0, 4067.97509765625), (1, 4778.927734375)]","[(0, 3543.89013671875), (1, 2734.609619140625)]","[(0, 2898.5), (1, 2636.266845703125)]","[(0, 3590.9208984375), (1, 2491.5400390625)]","[(0, 4385.001953125), (1, 4080.389404296875)]","[(0, 8981.2109375), (1, 9695.837890625)]","[(0, 1703.468994140625), (1, 1544.8592529296875)]","[(0, 4111.56103515625), (1, 5355.6171875)]","[(0, 1627.8280029296875), (1, 1366.0399169921875)]","[(0, 2300.481689453125), (1, 2054.16162109375)]"
369,"[(0, 3590.386474609375), (1, 5003.9814453125)]","[(0, 4311.14794921875), (1, 5215.4443359375)]","[(0, 2362.21728515625), (1, 2846.090087890625)]","[(0, 2362.044921875), (1, 2342.39404296875)]","[(0, 2895.1572265625), (1, 2123.174072265625)]","[(0, 2416.14794921875), (1, 2457.132568359375)]","[(0, 3338.574951171875), (1, 3443.813720703125)]","[(0, 2143.6396484375), (1, 1342.0350341796875)]","[(0, 2760.65185546875), (1, 2095.377685546875)]","[(0, 2997.686767578125), (1, 2530.85205078125)]","[(0, 3192.7470703125), (1, 2686.095703125)]"
370,"[(0, 4421.451171875), (1, 5706.37744140625)]","[(0, 3694.052734375), (1, 3943.791015625)]","[(0, 4437.19482421875), (1, 4102.0556640625)]","[(0, 3388.250244140625), (1, 3660.373291015625)]","[(0, 2427.849609375), (1, 2091.855712890625)]","[(0, 3306.736083984375), (1, 3551.59765625)]","[(0, 3329.80859375), (1, 3175.21435546875)]","[(0, 1557.7235107421875), (1, 1630.9100341796875)]","[(0, 2105.935302734375), (1, 1581.42431640625)]","[(0, 1568.2403564453125), (1, 2333.1328125)]","[(0, 2423.347900390625), (1, 1870.58251953125)]"
371,"[(0, 3788.368896484375), (1, 4936.103515625)]","[(0, 3661.4658203125), (1, 3822.744873046875)]","[(0, 3209.10302734375), (1, 2717.584716796875)]","[(0, 3814.703857421875), (1, 3777.624755859375)]","[(0, 5671.4111328125), (1, 3625.3681640625)]","[(0, 5560.97314453125), (1, 5338.53466796875)]","[(0, 5609.02685546875), (1, 6245.8447265625)]","[(0, 1558.904296875), (1, 1413.3828125)]","[(0, 1729.7205810546875), (1, 1970.358642578125)]","[(0, 969.4200439453125), (1, 1031.55859375)]","[(0, 3066.250244140625), (1, 2676.478515625)]"
372,"[(0, 3180.184326171875), (1, 4235.6640625)]","[(0, 1821.1512451171875), (1, 2297.4111328125)]","[(0, 2787.846923828125), (1, 2278.12109375)]","[(0, 2933.034423828125), (1, 3207.169189453125)]","[(0, 3788.8203125), (1, 2610.7978515625)]","[(0, 5470.59912109375), (1, 5369.912109375)]","[(0, 5897.85791015625), (1, 6405.0556640625)]","[(0, 3240.14111328125), (1, 2974.5966796875)]","[(0, 1806.3792724609375), (1, 2248.4453125)]","[(0, 2197.685302734375), (1, 2015.4951171875)]","[(0, 2952.456298828125), (1, 2447.794677734375)]"
373,"[(0, 2184.11767578125), (1, 2943.353271484375)]","[(0, 2765.746826171875), (1, 3057.472412109375)]","[(0, 3043.456298828125), (1, 2492.6474609375)]","[(0, 2400.114501953125), (1, 2509.94287109375)]","[(0, 2066.69921875), (1, 1758.28564453125)]","[(0, 4465.9951171875), (1, 4636.5361328125)]","[(0, 3353.84814453125), (1, 3628.553955078125)]","[(0, 940.0763549804688), (1, 1367.4287109375)]","[(0, 1196.655029296875), (1, 1707.023193359375)]","[(0, 2297.407958984375), (1, 1550.9033203125)]","[(0, 4270.9541015625), (1, 3495.228271484375)]"
374,"[(0, 3326.228515625), (1, 4423.24755859375)]","[(0, 1677.623046875), (1, 1869.559814453125)]","[(0, 5782.9169921875), (1, 5062.22314453125)]","[(0, 2923.266357421875), (1, 3069.254638671875)]","[(0, 3295.745361328125), (1, 2157.697265625)]","[(0, 4993.43212890625), (1, 5245.1533203125)]","[(0, 2325.515625), (1, 2076.782470703125)]","[(0, 3450.118896484375), (1, 2287.962158203125)]","[(0, 970.8359985351562), (1, 951.473876953125)]","[(0, 1356.950927734375), (1, 1205.373046875)]","[(0, 3858.915771484375), (1, 3186.410888671875)]"
375,"[(0, 4212.943359375), (1, 5452.9931640625)]","[(0, 1795.6676025390625), (1, 2067.134033203125)]","[(0, 6673.70263671875), (1, 5007.833984375)]","[(0, 3007.96484375), (1, 3059.33642578125)]","[(0, 1888.4503173828125), (1, 1586.1292724609375)]","[(0, 6804.13623046875), (1, 6299.87060546875)]","[(0, 5593.4716796875), (1, 7714.5458984375)]","[(0, 2372.96484375), (1, 1112.2249755859375)]","[(0, 2300.449951171875), (1, 2603.923583984375)]","[(0, 1752.9029541015625), (1, 2095.5615234375)]","[(0, 3308.767333984375), (1, 2947.202880859375)]"
376,"[(0, 5748.77001953125), (1, 8089.04736328125)]","[(0, 1806.3876953125), (1, 1750.620849609375)]","[(0, 7753.62255859375), (1, 7433.5390625)]","[(0, 2611.9697265625), (1, 2649.20458984375)]","[(0, 1798.171142578125), (1, 1531.5460205078125)]","[(0, 2992.953369140625), (1, 2966.859619140625)]","[(0, 4321.97021484375), (1, 5402.15380859375)]","[(0, 1691.239501953125), (1, 1286.6873779296875)]","[(0, 2658.105224609375), (1, 1940.703857421875)]","[(0, 1348.8818359375), (1, 1902.062255859375)]","[(0, 2379.888427734375), (1, 2108.4169921875)]"
377,"[(0, 4941.40234375), (1, 6693.67919921875)]","[(0, 2112.42919921875), (1, 2153.352783203125)]","[(0, 4760.3828125), (1, 4195.02587890625)]","[(0, 5045.5419921875), (1, 5341.17236328125)]","[(0, 3488.188720703125), (1, 2082.841064453125)]","[(0, 4840.1787109375), (1, 5136.0166015625)]","[(0, 3502.278564453125), (1, 3683.635986328125)]","[(0, 2375.344482421875), (1, 2619.977783203125)]","[(0, 2680.06201171875), (1, 3313.200927734375)]","[(0, 969.443603515625), (1, 1487.56640625)]","[(0, 1472.912109375), (1, 1252.1287841796875)]"
378,"[(0, 3366.454833984375), (1, 4471.00244140625)]","[(0, 3281.074951171875), (1, 3014.50634765625)]","[(0, 4602.71923828125), (1, 4012.656494140625)]","[(0, 3022.039306640625), (1, 2621.35498046875)]","[(0, 3029.9638671875), (1, 1965.240234375)]","[(0, 6152.06201171875), (1, 6966.24853515625)]","[(0, 5444.91796875), (1, 4961.59423828125)]","[(0, 3045.570068359375), (1, 2128.247314453125)]","[(0, 2049.10009765625), (1, 1894.484130859375)]","[(0, 2093.0400390625), (1, 2034.5491943359375)]","[(0, 2432.641357421875), (1, 1939.12939453125)]"
379,"[(0, 3278.428466796875), (1, 4418.67724609375)]","[(0, 2569.2392578125), (1, 3256.000732421875)]","[(0, 5533.07958984375), (1, 4621.9853515625)]","[(0, 1640.081298828125), (1, 1864.3065185546875)]","[(0, 2908.63330078125), (1, 1884.8023681640625)]","[(0, 3708.164306640625), (1, 3411.735595703125)]","[(0, 4356.283203125), (1, 5087.375)]","[(0, 2589.615966796875), (1, 2599.104248046875)]","[(0, 1248.1614990234375), (1, 1558.3096923828125)]","[(0, 1444.66796875), (1, 2073.234375)]","[(0, 2381.014404296875), (1, 2114.93701171875)]"
380,"[(0, 3633.581787109375), (1, 4639.685546875)]","[(0, 2655.20166015625), (1, 2950.100341796875)]","[(0, 3037.79296875), (1, 2440.252197265625)]","[(0, 2346.51025390625), (1, 2402.592529296875)]","[(0, 786.0338134765625), (1, 729.6779174804688)]","[(0, 5248.1455078125), (1, 5173.8115234375)]","[(0, 4884.634765625), (1, 6399.89697265625)]","[(0, 2399.9794921875), (1, 1946.6873779296875)]","[(0, 1764.2593994140625), (1, 2255.44091796875)]","[(0, 1930.78955078125), (1, 1322.6873779296875)]","[(0, 2692.766845703125), (1, 2455.1591796875)]"
381,"[(0, 2872.367919921875), (1, 3777.4951171875)]","[(0, 1636.3497314453125), (1, 1666.1678466796875)]","[(0, 3498.13623046875), (1, 2983.54345703125)]","[(0, 3592.068115234375), (1, 3389.413818359375)]","[(0, 865.8505859375), (1, 803.6770629882812)]","[(0, 5418.732421875), (1, 5712.67724609375)]","[(0, 6131.6552734375), (1, 6438.91845703125)]","[(0, 2385.29638671875), (1, 2040.5604248046875)]","[(0, 2382.00341796875), (1, 2380.168701171875)]","[(0, 1223.0111083984375), (1, 1541.3927001953125)]","[(0, 2385.8115234375), (1, 2246.75390625)]"
382,"[(0, 3762.96923828125), (1, 5126.40576171875)]","[(0, 3006.43896484375), (1, 3416.13427734375)]","[(0, 3068.947265625), (1, 2966.826904296875)]","[(0, 2969.527587890625), (1, 2900.571044921875)]","[(0, 4927.67529296875), (1, 3297.82666015625)]","[(0, 4111.9765625), (1, 4379.59765625)]","[(0, 5783.1923828125), (1, 5552.9130859375)]","[(0, 2770.072021484375), (1, 2261.453369140625)]","[(0, 1922.6641845703125), (1, 1504.9658203125)]","[(0, 2105.05078125), (1, 1954.2264404296875)]","[(0, 3780.673828125), (1, 3306.08642578125)]"
383,"[(0, 4540.9208984375), (1, 6346.50830078125)]","[(0, 3012.25634765625), (1, 3411.049072265625)]","[(0, 3337.08544921875), (1, 2811.150146484375)]","[(0, 2963.748779296875), (1, 2869.794189453125)]","[(0, 3537.61279296875), (1, 2404.543212890625)]","[(0, 5800.8076171875), (1, 5517.65625)]","[(0, 6819.21337890625), (1, 6876.9521484375)]","[(0, 2507.64990234375), (1, 1743.013427734375)]","[(0, 1085.43603515625), (1, 1247.3017578125)]","[(0, 2076.512939453125), (1, 1895.037109375)]","[(0, 3392.337158203125), (1, 3157.41943359375)]"
384,"[(0, 4304.8291015625), (1, 5833.51123046875)]","[(0, 2702.18115234375), (1, 2910.060791015625)]","[(0, 2928.425537109375), (1, 2704.3798828125)]","[(0, 2580.9052734375), (1, 2626.355712890625)]","[(0, 1808.8443603515625), (1, 1516.5364990234375)]","[(0, 5109.1328125), (1, 5156.0888671875)]","[(0, 7016.380859375), (1, 7478.30712890625)]","[(0, 2258.149658203125), (1, 2966.616455078125)]","[(0, 2379.0283203125), (1, 2381.753662109375)]","[(0, 1209.3443603515625), (1, 2030.7197265625)]","[(0, 3269.866943359375), (1, 2786.119140625)]"
385,"[(0, 3229.06982421875), (1, 4211.16357421875)]","[(0, 1656.8277587890625), (1, 1622.970703125)]","[(0, 2488.79736328125), (1, 2055.08154296875)]","[(0, 4082.533935546875), (1, 3765.3203125)]","[(0, 1703.063720703125), (1, 1492.842529296875)]","[(0, 3133.82861328125), (1, 3154.103271484375)]","[(0, 3646.09228515625), (1, 4238.58154296875)]","[(0, 1399.580810546875), (1, 968.4281005859375)]","[(0, 1321.939697265625), (1, 1620.5548095703125)]","[(0, 2645.18701171875), (1, 3519.998779296875)]","[(0, 2294.671875), (1, 2105.33984375)]"
386,"[(0, 3345.635009765625), (1, 4014.781005859375)]","[(0, 806.7418212890625), (1, 693.7200317382812)]","[(0, 4945.29638671875), (1, 3980.57568359375)]","[(0, 2034.7093505859375), (1, 2030.6529541015625)]","[(0, 3848.87841796875), (1, 2301.28466796875)]","[(0, 2587.6298828125), (1, 2737.3115234375)]","[(0, 3688.743896484375), (1, 3462.2353515625)]","[(0, 2137.688720703125), (1, 3177.41357421875)]","[(0, 1647.962890625), (1, 2323.837158203125)]","[(0, 1573.77392578125), (1, 1660.424072265625)]","[(0, 1784.1488037109375), (1, 1504.8251953125)]"
387,"[(0, 2616.5732421875), (1, 3702.175048828125)]","[(0, 2637.358154296875), (1, 3168.281494140625)]","[(0, 2539.6796875), (1, 2054.314453125)]","[(0, 3595.71484375), (1, 3506.910888671875)]","[(0, 3638.048095703125), (1, 2123.4765625)]","[(0, 5146.0625), (1, 4958.13623046875)]","[(0, 5993.41552734375), (1, 6434.228515625)]","[(0, 2111.03662109375), (1, 2322.97314453125)]","[(0, 1843.5384521484375), (1, 1856.8743896484375)]","[(0, 2516.690185546875), (1, 2073.854248046875)]","[(0, 3788.43017578125), (1, 3136.839599609375)]"
388,"[(0, 2533.515869140625), (1, 3421.99365234375)]","[(0, 3059.6865234375), (1, 3722.734619140625)]","[(0, 6150.19091796875), (1, 5593.47705078125)]","[(0, 5864.1279296875), (1, 5629.4013671875)]","[(0, 1392.2401123046875), (1, 1284.685791015625)]","[(0, 6042.513671875), (1, 5879.0341796875)]","[(0, 4497.64501953125), (1, 4808.68994140625)]","[(0, 2322.9853515625), (1, 2197.370849609375)]","[(0, 1230.897705078125), (1, 1453.014892578125)]","[(0, 3182.7451171875), (1, 2941.700439453125)]","[(0, 3078.547607421875), (1, 2434.130126953125)]"
389,"[(0, 2732.912353515625), (1, 3666.043212890625)]","[(0, 2364.156494140625), (1, 2670.62939453125)]","[(0, 1935.4759521484375), (1, 2370.094970703125)]","[(0, 7401.1904296875), (1, 7343.13916015625)]","[(0, 1644.4306640625), (1, 1495.849609375)]","[(0, 4874.18798828125), (1, 4899.25537109375)]","[(0, 4878.07080078125), (1, 4989.80419921875)]","[(0, 2093.489013671875), (1, 1515.27587890625)]","[(0, 1347.125244140625), (1, 1426.146728515625)]","[(0, 2012.9920654296875), (1, 2140.134521484375)]","[(0, 2382.635986328125), (1, 1858.93408203125)]"
390,"[(0, 2911.29345703125), (1, 3871.658935546875)]","[(0, 1572.656982421875), (1, 1659.9522705078125)]","[(0, 4847.3154296875), (1, 4467.82275390625)]","[(0, 5346.748046875), (1, 5209.3251953125)]","[(0, 7309.7060546875), (1, 4760.44677734375)]","[(0, 3858.57373046875), (1, 3992.726806640625)]","[(0, 5685.82177734375), (1, 5957.70166015625)]","[(0, 3124.982421875), (1, 2083.579833984375)]","[(0, 1328.43994140625), (1, 2267.52392578125)]","[(0, 1214.81591796875), (1, 1916.574462890625)]","[(0, 2813.63916015625), (1, 2353.351318359375)]"
391,"[(0, 4382.96142578125), (1, 6032.7490234375)]","[(0, 1102.6531982421875), (1, 1256.61474609375)]","[(0, 1585.2491455078125), (1, 1482.159912109375)]","[(0, 2009.53466796875), (1, 2144.19482421875)]","[(0, 5792.283203125), (1, 3820.193603515625)]","[(0, 5749.46044921875), (1, 5376.94287109375)]","[(0, 3458.87890625), (1, 3553.322021484375)]","[(0, 2731.572998046875), (1, 4462.35888671875)]","[(0, 2475.551513671875), (1, 2989.8095703125)]","[(0, 1547.64111328125), (1, 1777.1490478515625)]","[(0, 4158.7294921875), (1, 3475.375)]"
392,"[(0, 2509.86767578125), (1, 3359.72900390625)]","[(0, 991.48876953125), (1, 1170.7274169921875)]","[(0, 4393.134765625), (1, 3978.30615234375)]","[(0, 4116.54736328125), (1, 3814.32177734375)]","[(0, 5821.78955078125), (1, 3702.358642578125)]","[(0, 6396.43701171875), (1, 6480.5693359375)]","[(0, 1936.489501953125), (1, 1868.6898193359375)]","[(0, 1843.9208984375), (1, 1652.3212890625)]","[(0, 2132.286865234375), (1, 1967.6068115234375)]","[(0, 1262.02685546875), (1, 2067.967041015625)]","[(0, 3292.672607421875), (1, 2909.697265625)]"
393,"[(0, 3329.519775390625), (1, 4279.51171875)]","[(0, 1141.7413330078125), (1, 1249.6270751953125)]","[(0, 3288.122802734375), (1, 3112.437255859375)]","[(0, 3533.061279296875), (1, 3629.0556640625)]","[(0, 5254.19482421875), (1, 3478.359130859375)]","[(0, 6352.2001953125), (1, 6508.0498046875)]","[(0, 3096.16064453125), (1, 3553.555908203125)]","[(0, 3300.356201171875), (1, 2368.560546875)]","[(0, 2267.935791015625), (1, 3129.674072265625)]","[(0, 2729.194580078125), (1, 2835.256591796875)]","[(0, 5100.44775390625), (1, 4097.41845703125)]"
394,"[(0, 3638.5302734375), (1, 4848.28173828125)]","[(0, 985.040771484375), (1, 910.150634765625)]","[(0, 4424.9775390625), (1, 3984.7421875)]","[(0, 2859.594482421875), (1, 2838.733154296875)]","[(0, 2938.999755859375), (1, 2484.1875)]","[(0, 7480.482421875), (1, 7706.27392578125)]","[(0, 3551.489013671875), (1, 3291.354248046875)]","[(0, 3371.781982421875), (1, 2208.386474609375)]","[(0, 2996.129150390625), (1, 4174.48046875)]","[(0, 1898.515625), (1, 2530.4443359375)]","[(0, 2822.669677734375), (1, 2149.40625)]"
395,"[(0, 3063.6923828125), (1, 4040.37744140625)]","[(0, 2319.983154296875), (1, 2668.629638671875)]","[(0, 3102.228515625), (1, 3019.262451171875)]","[(0, 2959.414794921875), (1, 2648.295166015625)]","[(0, 2341.66259765625), (1, 1772.48681640625)]","[(0, 8851.7998046875), (1, 8393.880859375)]","[(0, 4488.2529296875), (1, 4844.06689453125)]","[(0, 1885.5943603515625), (1, 1552.767333984375)]","[(0, 2906.212646484375), (1, 2517.3359375)]","[(0, 2191.003173828125), (1, 1442.02783203125)]","[(0, 2547.366455078125), (1, 2428.6044921875)]"
396,"[(0, 3015.429443359375), (1, 3932.98876953125)]","[(0, 2488.952392578125), (1, 2921.8671875)]","[(0, 2246.763427734375), (1, 2093.574951171875)]","[(0, 2864.68505859375), (1, 3013.083740234375)]","[(0, 3024.19580078125), (1, 2319.744384765625)]","[(0, 3972.45654296875), (1, 3834.099853515625)]","[(0, 5620.271484375), (1, 5277.56201171875)]","[(0, 1533.3487548828125), (1, 1380.91845703125)]","[(0, 1412.4349365234375), (1, 1178.599365234375)]","[(0, 4155.478515625), (1, 2688.902099609375)]","[(0, 3444.44140625), (1, 2866.194580078125)]"
397,"[(0, 2250.391845703125), (1, 3014.837158203125)]","[(0, 2328.113037109375), (1, 2336.295654296875)]","[(0, 1653.4901123046875), (1, 1371.891357421875)]","[(0, 2329.312255859375), (1, 2488.597900390625)]","[(0, 2128.5830078125), (1, 1762.681884765625)]","[(0, 4235.3935546875), (1, 4276.4599609375)]","[(0, 3759.661865234375), (1, 3861.021484375)]","[(0, 2504.293212890625), (1, 1756.6080322265625)]","[(0, 2084.050048828125), (1, 2289.40283203125)]","[(0, 1832.9219970703125), (1, 2522.09521484375)]","[(0, 4666.75537109375), (1, 4234.10107421875)]"
398,"[(0, 4639.203125), (1, 6024.15380859375)]","[(0, 3002.974609375), (1, 3053.0029296875)]","[(0, 2774.246337890625), (1, 2816.258056640625)]","[(0, 3117.43115234375), (1, 3194.714599609375)]","[(0, 2453.30419921875), (1, 2031.7880859375)]","[(0, 3256.86083984375), (1, 3423.26318359375)]","[(0, 3922.467041015625), (1, 3742.75830078125)]","[(0, 1740.0032958984375), (1, 2054.063720703125)]","[(0, 3045.37548828125), (1, 4746.158203125)]","[(0, 2813.62841796875), (1, 2371.41845703125)]","[(0, 3303.672119140625), (1, 2239.739013671875)]"
399,"[(0, 4979.59326171875), (1, 6566.0087890625)]","[(0, 1180.4892578125), (1, 1414.935791015625)]","[(0, 3669.9853515625), (1, 3297.77001953125)]","[(0, 1918.75537109375), (1, 1798.2320556640625)]","[(0, 4602.80224609375), (1, 2887.656982421875)]","[(0, 4449.81005859375), (1, 4160.85595703125)]","[(0, 4272.39208984375), (1, 4388.6416015625)]","[(0, 1901.0693359375), (1, 1715.1806640625)]","[(0, 3567.31787109375), (1, 2889.756103515625)]","[(0, 2797.34521484375), (1, 2660.846923828125)]","[(0, 1682.462646484375), (1, 1301.5626220703125)]"
400,"[(0, 4160.2880859375), (1, 5760.28857421875)]","[(0, 763.8944702148438), (1, 700.4086303710938)]","[(0, 1696.6927490234375), (1, 1956.7843017578125)]","[(0, 2519.789306640625), (1, 2629.76171875)]","[(0, 3626.505859375), (1, 2369.996337890625)]","[(0, 1641.70654296875), (1, 1651.196533203125)]","[(0, 4156.2431640625), (1, 4201.7802734375)]","[(0, 2693.209716796875), (1, 2736.922607421875)]","[(0, 1111.9375), (1, 1136.6959228515625)]","[(0, 2056.777587890625), (1, 2328.187255859375)]","[(0, 3590.557861328125), (1, 3182.1865234375)]"
401,"[(0, 3399.08935546875), (1, 4804.86669921875)]","[(0, 1390.7633056640625), (1, 1340.258544921875)]","[(0, 4029.59130859375), (1, 3096.14892578125)]","[(0, 2351.540771484375), (1, 2302.763427734375)]","[(0, 2997.892578125), (1, 2495.580322265625)]","[(0, 3360.08154296875), (1, 3290.334228515625)]","[(0, 2831.9921875), (1, 3175.238525390625)]","[(0, 1545.503173828125), (1, 1839.6341552734375)]","[(0, 1687.826171875), (1, 2202.476318359375)]","[(0, 1040.64453125), (1, 2137.24853515625)]","[(0, 4402.36572265625), (1, 3834.2568359375)]"
402,"[(0, 4012.6298828125), (1, 5233.93017578125)]","[(0, 1536.7744140625), (1, 1527.5164794921875)]","[(0, 4129.22021484375), (1, 3676.231201171875)]","[(0, 3318.117919921875), (1, 3164.751220703125)]","[(0, 2392.837890625), (1, 1967.4520263671875)]","[(0, 3653.8896484375), (1, 3679.22314453125)]","[(0, 2358.631103515625), (1, 2176.09130859375)]","[(0, 1446.3890380859375), (1, 2194.498779296875)]","[(0, 1591.4552001953125), (1, 2286.551025390625)]","[(0, 2207.104248046875), (1, 2174.105224609375)]","[(0, 2182.47509765625), (1, 1755.8089599609375)]"
403,"[(0, 4773.412109375), (1, 6239.4931640625)]","[(0, 1436.5614013671875), (1, 1280.8548583984375)]","[(0, 6515.6572265625), (1, 5942.39208984375)]","[(0, 2585.515869140625), (1, 2667.2607421875)]","[(0, 5533.08984375), (1, 3722.9228515625)]","[(0, 5688.51171875), (1, 5458.45654296875)]","[(0, 5628.6337890625), (1, 5822.5009765625)]","[(0, 2429.8681640625), (1, 2512.093505859375)]","[(0, 1663.821044921875), (1, 1240.2855224609375)]","[(0, 1637.728271484375), (1, 2173.40234375)]","[(0, 2980.761962890625), (1, 2039.3590087890625)]"
404,"[(0, 4254.6923828125), (1, 5505.53515625)]","[(0, 1559.4097900390625), (1, 1458.7735595703125)]","[(0, 3935.915771484375), (1, 4207.72314453125)]","[(0, 5684.7099609375), (1, 5489.38720703125)]","[(0, 4314.1748046875), (1, 2989.34765625)]","[(0, 5741.01708984375), (1, 5990.98095703125)]","[(0, 7672.51123046875), (1, 7394.580078125)]","[(0, 2985.9599609375), (1, 2903.499267578125)]","[(0, 1295.7647705078125), (1, 1082.493408203125)]","[(0, 2176.872802734375), (1, 1620.077392578125)]","[(0, 2115.6005859375), (1, 2028.181396484375)]"
405,"[(0, 4402.138671875), (1, 6266.53662109375)]","[(0, 2204.51904296875), (1, 3317.412109375)]","[(0, 7300.57275390625), (1, 7392.1689453125)]","[(0, 4383.26220703125), (1, 4277.18994140625)]","[(0, 4657.16552734375), (1, 4137.1904296875)]","[(0, 3530.40380859375), (1, 3601.7451171875)]","[(0, 9489.6689453125), (1, 9553.103515625)]","[(0, 3079.34033203125), (1, 2766.31005859375)]","[(0, 2569.36669921875), (1, 2665.828857421875)]","[(0, 2469.308837890625), (1, 2432.17041015625)]","[(0, 3077.05078125), (1, 2856.02392578125)]"
406,"[(0, 3629.43994140625), (1, 4903.453125)]","[(0, 2441.50341796875), (1, 3788.45556640625)]","[(0, 4266.3291015625), (1, 3905.35693359375)]","[(0, 3880.194091796875), (1, 4083.491943359375)]","[(0, 1715.70751953125), (1, 1109.1446533203125)]","[(0, 4353.06494140625), (1, 4170.38232421875)]","[(0, 11648.138671875), (1, 11459.5810546875)]","[(0, 3540.360107421875), (1, 2925.041259765625)]","[(0, 2126.124267578125), (1, 2259.952880859375)]","[(0, 1295.7808837890625), (1, 1120.605712890625)]","[(0, 2086.427490234375), (1, 1861.923828125)]"
407,"[(0, 2384.603759765625), (1, 3194.656494140625)]","[(0, 2194.76953125), (1, 2945.5224609375)]","[(0, 1732.184326171875), (1, 1514.1368408203125)]","[(0, 5611.0009765625), (1, 5516.21435546875)]","[(0, 652.822998046875), (1, 527.2015380859375)]","[(0, 4997.61962890625), (1, 4869.7412109375)]","[(0, 3330.624755859375), (1, 3435.73095703125)]","[(0, 1732.5584716796875), (1, 1927.145263671875)]","[(0, 1669.2476806640625), (1, 1671.6915283203125)]","[(0, 1955.2022705078125), (1, 2166.872802734375)]","[(0, 2939.511474609375), (1, 2261.697265625)]"
408,"[(0, 3038.491455078125), (1, 4021.66357421875)]","[(0, 1871.472900390625), (1, 2696.790283203125)]","[(0, 2728.4736328125), (1, 2170.36181640625)]","[(0, 3302.3271484375), (1, 3293.33544921875)]","[(0, 848.631591796875), (1, 697.0441284179688)]","[(0, 4499.34814453125), (1, 4637.33203125)]","[(0, 3047.48193359375), (1, 3029.50439453125)]","[(0, 2504.69921875), (1, 1854.6815185546875)]","[(0, 2978.09521484375), (1, 2149.071044921875)]","[(0, 2085.213134765625), (1, 1748.2198486328125)]","[(0, 2537.416015625), (1, 2378.437255859375)]"
409,"[(0, 2913.03466796875), (1, 3892.50244140625)]","[(0, 2209.40185546875), (1, 3251.771240234375)]","[(0, 1875.9052734375), (1, 2047.144775390625)]","[(0, 1414.5849609375), (1, 1430.301025390625)]","[(0, 3308.682373046875), (1, 1996.186279296875)]","[(0, 3603.624267578125), (1, 3697.767822265625)]","[(0, 3239.992919921875), (1, 3535.15771484375)]","[(0, 2407.59619140625), (1, 2727.5576171875)]","[(0, 2537.23095703125), (1, 3341.183837890625)]","[(0, 1814.332275390625), (1, 1764.343505859375)]","[(0, 2456.372314453125), (1, 1769.01806640625)]"
410,"[(0, 2533.28857421875), (1, 3280.220703125)]","[(0, 1829.807861328125), (1, 2312.80810546875)]","[(0, 3537.03271484375), (1, 3255.56591796875)]","[(0, 4236.08837890625), (1, 4249.3681640625)]","[(0, 2395.915771484375), (1, 1855.8775634765625)]","[(0, 6810.03076171875), (1, 6547.3310546875)]","[(0, 5380.13818359375), (1, 4988.88134765625)]","[(0, 1969.9425048828125), (1, 1424.07275390625)]","[(0, 871.9631958007812), (1, 1586.772216796875)]","[(0, 2186.075439453125), (1, 1292.87939453125)]","[(0, 1492.4326171875), (1, 1302.8468017578125)]"
411,"[(0, 5424.30029296875), (1, 7255.748046875)]","[(0, 1478.1707763671875), (1, 1619.77001953125)]","[(0, 3181.2763671875), (1, 3046.197509765625)]","[(0, 3556.82080078125), (1, 3466.5302734375)]","[(0, 3718.4765625), (1, 2361.236328125)]","[(0, 3469.56640625), (1, 3327.554931640625)]","[(0, 2490.341552734375), (1, 2559.575439453125)]","[(0, 1864.4541015625), (1, 1946.466552734375)]","[(0, 1704.001953125), (1, 1296.163818359375)]","[(0, 1705.0267333984375), (1, 1569.9820556640625)]","[(0, 2179.362548828125), (1, 1783.1060791015625)]"
412,"[(0, 3628.031494140625), (1, 5013.77880859375)]","[(0, 1116.76171875), (1, 1057.7589111328125)]","[(0, 4828.330078125), (1, 4427.97509765625)]","[(0, 2869.750244140625), (1, 2905.02001953125)]","[(0, 2856.324951171875), (1, 1997.617431640625)]","[(0, 6436.603515625), (1, 6885.49658203125)]","[(0, 3789.56103515625), (1, 3778.024658203125)]","[(0, 1743.9212646484375), (1, 1864.574951171875)]","[(0, 2783.6240234375), (1, 1839.1368408203125)]","[(0, 2747.4091796875), (1, 2794.25244140625)]","[(0, 4165.11181640625), (1, 3735.170654296875)]"
413,"[(0, 3386.08935546875), (1, 4589.06591796875)]","[(0, 2888.531494140625), (1, 3432.08935546875)]","[(0, 2340.79833984375), (1, 2708.01513671875)]","[(0, 2927.956298828125), (1, 3061.99267578125)]","[(0, 1222.7890625), (1, 1133.49658203125)]","[(0, 6415.8955078125), (1, 6400.09814453125)]","[(0, 3019.83837890625), (1, 4378.5498046875)]","[(0, 1589.267333984375), (1, 2385.77294921875)]","[(0, 3401.02197265625), (1, 3749.668212890625)]","[(0, 2063.5146484375), (1, 1993.4827880859375)]","[(0, 2803.881103515625), (1, 2356.126708984375)]"
414,"[(0, 3739.7470703125), (1, 5053.72900390625)]","[(0, 3310.90771484375), (1, 4089.867919921875)]","[(0, 2941.896728515625), (1, 3164.998779296875)]","[(0, 2459.6728515625), (1, 2697.223388671875)]","[(0, 1282.3857421875), (1, 1221.7037353515625)]","[(0, 2861.67578125), (1, 2922.232177734375)]","[(0, 4375.68994140625), (1, 5991.02099609375)]","[(0, 1984.171142578125), (1, 2148.14697265625)]","[(0, 1817.7979736328125), (1, 1637.564208984375)]","[(0, 1780.3126220703125), (1, 2145.410888671875)]","[(0, 3317.3046875), (1, 2849.58837890625)]"
415,"[(0, 4291.51513671875), (1, 5671.93017578125)]","[(0, 2933.419189453125), (1, 2904.62353515625)]","[(0, 4610.70166015625), (1, 4029.410400390625)]","[(0, 1981.3753662109375), (1, 1871.8326416015625)]","[(0, 4817.64990234375), (1, 3573.89306640625)]","[(0, 4970.763671875), (1, 4820.8671875)]","[(0, 3181.467529296875), (1, 3194.656494140625)]","[(0, 820.7667846679688), (1, 1242.364990234375)]","[(0, 2675.34033203125), (1, 2762.2978515625)]","[(0, 2176.290771484375), (1, 2689.431640625)]","[(0, 3348.993408203125), (1, 2712.089599609375)]"
416,"[(0, 2855.981689453125), (1, 3897.2646484375)]","[(0, 2191.49658203125), (1, 2146.538330078125)]","[(0, 2844.318359375), (1, 2590.800537109375)]","[(0, 3079.66943359375), (1, 3291.05908203125)]","[(0, 4288.14794921875), (1, 3219.3779296875)]","[(0, 4909.0068359375), (1, 5357.80859375)]","[(0, 5646.87646484375), (1, 5252.08544921875)]","[(0, 1141.9515380859375), (1, 1924.7154541015625)]","[(0, 3090.770751953125), (1, 1735.0164794921875)]","[(0, 2334.123046875), (1, 2735.7548828125)]","[(0, 3220.406494140625), (1, 2863.442138671875)]"
417,"[(0, 2012.609130859375), (1, 2634.5361328125)]","[(0, 1600.7425537109375), (1, 2278.568603515625)]","[(0, 1982.985107421875), (1, 1374.6396484375)]","[(0, 4305.86328125), (1, 4327.154296875)]","[(0, 2154.122802734375), (1, 2049.592529296875)]","[(0, 4837.755859375), (1, 4763.66650390625)]","[(0, 5970.3115234375), (1, 6027.00927734375)]","[(0, 2612.60498046875), (1, 3398.76171875)]","[(0, 2817.163330078125), (1, 2906.516357421875)]","[(0, 1752.957275390625), (1, 1982.504638671875)]","[(0, 4312.9326171875), (1, 3464.48779296875)]"
418,"[(0, 2114.417724609375), (1, 2714.35498046875)]","[(0, 1947.0792236328125), (1, 2943.014892578125)]","[(0, 5178.822265625), (1, 4583.8828125)]","[(0, 1625.66845703125), (1, 1742.9918212890625)]","[(0, 2015.22607421875), (1, 1958.5186767578125)]","[(0, 4330.77490234375), (1, 4082.03955078125)]","[(0, 7719.27099609375), (1, 7083.10791015625)]","[(0, 4140.9599609375), (1, 3809.25439453125)]","[(0, 2426.4248046875), (1, 1644.182861328125)]","[(0, 1100.462890625), (1, 1922.350830078125)]","[(0, 2283.375), (1, 1644.410888671875)]"
419,"[(0, 3586.605224609375), (1, 4932.15087890625)]","[(0, 1578.237060546875), (1, 2017.958740234375)]","[(0, 2975.208251953125), (1, 2511.705322265625)]","[(0, 2251.289306640625), (1, 2295.65234375)]","[(0, 2664.142578125), (1, 1723.5416259765625)]","[(0, 4714.31884765625), (1, 5076.89697265625)]","[(0, 4743.0), (1, 5345.8916015625)]","[(0, 1476.84423828125), (1, 1613.909912109375)]","[(0, 2358.667236328125), (1, 2024.935546875)]","[(0, 3035.855712890625), (1, 1637.66650390625)]","[(0, 2489.343017578125), (1, 2152.7294921875)]"
420,"[(0, 4073.43359375), (1, 5401.6796875)]","[(0, 1175.57861328125), (1, 1336.23828125)]","[(0, 1949.9195556640625), (1, 2311.939208984375)]","[(0, 4039.402587890625), (1, 4024.414306640625)]","[(0, 2772.32763671875), (1, 1755.486572265625)]","[(0, 5762.04736328125), (1, 6040.146484375)]","[(0, 6783.623046875), (1, 7208.021484375)]","[(0, 2412.805908203125), (1, 2742.91796875)]","[(0, 1815.2720947265625), (1, 2426.2109375)]","[(0, 2807.947021484375), (1, 2766.17041015625)]","[(0, 2886.780029296875), (1, 2572.7490234375)]"
421,"[(0, 2539.478759765625), (1, 3242.40380859375)]","[(0, 789.96826171875), (1, 686.677734375)]","[(0, 2646.78173828125), (1, 2023.184814453125)]","[(0, 2230.260498046875), (1, 2282.9501953125)]","[(0, 1910.976806640625), (1, 1629.035400390625)]","[(0, 6280.8955078125), (1, 6027.17626953125)]","[(0, 4726.83447265625), (1, 4912.25732421875)]","[(0, 2314.1396484375), (1, 3299.012451171875)]","[(0, 1290.2255859375), (1, 1381.5770263671875)]","[(0, 1870.6727294921875), (1, 2046.60302734375)]","[(0, 3205.5791015625), (1, 2833.07958984375)]"
422,"[(0, 3753.31005859375), (1, 4833.1259765625)]","[(0, 2703.1796875), (1, 3128.95166015625)]","[(0, 1977.3603515625), (1, 1933.14794921875)]","[(0, 1380.751953125), (1, 1474.0889892578125)]","[(0, 6304.65478515625), (1, 4164.6669921875)]","[(0, 6572.1171875), (1, 6090.0625)]","[(0, 4758.90283203125), (1, 4447.47216796875)]","[(0, 1701.7786865234375), (1, 1982.582275390625)]","[(0, 1410.4757080078125), (1, 1579.6427001953125)]","[(0, 2826.0283203125), (1, 2399.734619140625)]","[(0, 2770.403564453125), (1, 1917.6778564453125)]"
423,"[(0, 2189.66748046875), (1, 2827.523193359375)]","[(0, 3006.728515625), (1, 3627.77197265625)]","[(0, 3431.886474609375), (1, 2594.97314453125)]","[(0, 1858.990966796875), (1, 1915.626953125)]","[(0, 4631.498046875), (1, 3082.47265625)]","[(0, 5491.4814453125), (1, 5991.22119140625)]","[(0, 9547.1650390625), (1, 9523.7216796875)]","[(0, 2177.036865234375), (1, 3019.464111328125)]","[(0, 2843.02880859375), (1, 3181.48876953125)]","[(0, 2165.729248046875), (1, 1913.562744140625)]","[(0, 2622.799072265625), (1, 2251.97314453125)]"
424,"[(0, 2578.98486328125), (1, 3127.320068359375)]","[(0, 2775.461181640625), (1, 2802.337158203125)]","[(0, 5594.970703125), (1, 4780.14501953125)]","[(0, 3184.5), (1, 3136.25341796875)]","[(0, 3132.02685546875), (1, 2806.90283203125)]","[(0, 5849.57763671875), (1, 6347.1376953125)]","[(0, 7194.28662109375), (1, 7044.39990234375)]","[(0, 1463.3883056640625), (1, 1979.9775390625)]","[(0, 1380.8829345703125), (1, 1112.35546875)]","[(0, 2543.0703125), (1, 4555.62060546875)]","[(0, 3628.58154296875), (1, 3070.8359375)]"
425,"[(0, 2216.857666015625), (1, 3011.46630859375)]","[(0, 2711.46875), (1, 2692.495849609375)]","[(0, 5412.82861328125), (1, 4494.3564453125)]","[(0, 2485.9482421875), (1, 2422.57275390625)]","[(0, 2618.500244140625), (1, 2317.653564453125)]","[(0, 6596.61279296875), (1, 6359.70458984375)]","[(0, 6383.26806640625), (1, 8263.25)]","[(0, 2272.79248046875), (1, 2168.03564453125)]","[(0, 1733.87841796875), (1, 2225.5224609375)]","[(0, 2101.9052734375), (1, 1153.004638671875)]","[(0, 2005.049560546875), (1, 2007.225830078125)]"
426,"[(0, 2703.462158203125), (1, 3374.052734375)]","[(0, 2724.3095703125), (1, 3200.197021484375)]","[(0, 4165.2470703125), (1, 3518.18994140625)]","[(0, 2684.81884765625), (1, 2775.958740234375)]","[(0, 4459.087890625), (1, 2818.512451171875)]","[(0, 7665.99462890625), (1, 7454.62353515625)]","[(0, 1939.6334228515625), (1, 2566.295654296875)]","[(0, 1916.2874755859375), (1, 1528.6837158203125)]","[(0, 2282.576904296875), (1, 1506.06494140625)]","[(0, 1292.1300048828125), (1, 1612.7589111328125)]","[(0, 4231.142578125), (1, 3176.101806640625)]"
427,"[(0, 3170.303466796875), (1, 4259.71875)]","[(0, 2647.4873046875), (1, 3176.864990234375)]","[(0, 4425.04541015625), (1, 3599.8974609375)]","[(0, 3600.141357421875), (1, 3453.186767578125)]","[(0, 3194.552978515625), (1, 2041.6651611328125)]","[(0, 5348.80859375), (1, 5478.32080078125)]","[(0, 3929.127685546875), (1, 4228.0166015625)]","[(0, 1635.78173828125), (1, 979.158935546875)]","[(0, 1528.916259765625), (1, 2022.058349609375)]","[(0, 2586.186767578125), (1, 1853.310546875)]","[(0, 2821.840576171875), (1, 2547.777099609375)]"
428,"[(0, 3806.904541015625), (1, 5339.0693359375)]","[(0, 2806.139892578125), (1, 2860.2734375)]","[(0, 3428.48095703125), (1, 3472.7744140625)]","[(0, 3164.775390625), (1, 3463.54638671875)]","[(0, 4446.2255859375), (1, 2646.199951171875)]","[(0, 6582.052734375), (1, 6917.5830078125)]","[(0, 2908.898193359375), (1, 2670.176025390625)]","[(0, 2021.2156982421875), (1, 2454.468505859375)]","[(0, 2345.353515625), (1, 1731.868896484375)]","[(0, 3111.26513671875), (1, 2623.666015625)]","[(0, 2956.974365234375), (1, 2659.02294921875)]"
429,"[(0, 3082.4697265625), (1, 3815.9736328125)]","[(0, 2840.913330078125), (1, 2934.8798828125)]","[(0, 3837.164794921875), (1, 3728.66845703125)]","[(0, 5083.2431640625), (1, 4854.39794921875)]","[(0, 3787.628173828125), (1, 2293.470703125)]","[(0, 8294.23046875), (1, 7825.9423828125)]","[(0, 4054.8720703125), (1, 5110.1220703125)]","[(0, 2174.45361328125), (1, 3265.077392578125)]","[(0, 3002.937255859375), (1, 3848.184814453125)]","[(0, 2634.4912109375), (1, 2570.036865234375)]","[(0, 3136.91455078125), (1, 2633.359375)]"
430,"[(0, 3051.6318359375), (1, 4098.5166015625)]","[(0, 4149.3837890625), (1, 4809.30419921875)]","[(0, 2743.08154296875), (1, 1914.1304931640625)]","[(0, 1874.46923828125), (1, 1983.6773681640625)]","[(0, 2302.343994140625), (1, 1980.388427734375)]","[(0, 5278.4775390625), (1, 5104.23388671875)]","[(0, 3653.419189453125), (1, 4567.283203125)]","[(0, 2711.84765625), (1, 1730.4580078125)]","[(0, 2094.288818359375), (1, 1835.1702880859375)]","[(0, 2814.292724609375), (1, 4890.642578125)]","[(0, 3490.641357421875), (1, 2765.616455078125)]"
431,"[(0, 3733.98095703125), (1, 4783.41455078125)]","[(0, 4290.02587890625), (1, 5099.3388671875)]","[(0, 7050.98681640625), (1, 6058.4453125)]","[(0, 2327.89111328125), (1, 2438.02734375)]","[(0, 2341.256103515625), (1, 1981.7978515625)]","[(0, 6390.81494140625), (1, 6532.53076171875)]","[(0, 3613.1806640625), (1, 3920.993408203125)]","[(0, 2868.76513671875), (1, 2125.17431640625)]","[(0, 3866.943115234375), (1, 2739.3876953125)]","[(0, 1678.2911376953125), (1, 1336.1937255859375)]","[(0, 2900.367919921875), (1, 2553.94873046875)]"
432,"[(0, 3024.400634765625), (1, 4300.34814453125)]","[(0, 3931.78125), (1, 4278.30419921875)]","[(0, 3316.95654296875), (1, 2836.537353515625)]","[(0, 2211.048095703125), (1, 2189.748779296875)]","[(0, 2749.991455078125), (1, 1774.990234375)]","[(0, 5060.20068359375), (1, 4947.140625)]","[(0, 3737.668701171875), (1, 3402.35498046875)]","[(0, 1568.9306640625), (1, 2589.450439453125)]","[(0, 2613.872314453125), (1, 2226.88427734375)]","[(0, 1748.9019775390625), (1, 1680.774658203125)]","[(0, 3603.445556640625), (1, 2768.640625)]"
433,"[(0, 3707.209716796875), (1, 4864.333984375)]","[(0, 2324.51318359375), (1, 2273.08837890625)]","[(0, 2693.421630859375), (1, 2076.251708984375)]","[(0, 2801.244384765625), (1, 2741.722900390625)]","[(0, 3470.77099609375), (1, 2254.020751953125)]","[(0, 6304.43212890625), (1, 6231.63134765625)]","[(0, 3068.406005859375), (1, 3837.223388671875)]","[(0, 1993.7528076171875), (1, 2505.214111328125)]","[(0, 2361.698974609375), (1, 2876.77490234375)]","[(0, 3290.230712890625), (1, 3499.36083984375)]","[(0, 2877.986328125), (1, 2267.566162109375)]"
434,"[(0, 3849.164794921875), (1, 5314.841796875)]","[(0, 1897.524658203125), (1, 2544.382568359375)]","[(0, 8865.7314453125), (1, 7613.02880859375)]","[(0, 1909.5540771484375), (1, 1965.8212890625)]","[(0, 1029.162353515625), (1, 940.6704711914062)]","[(0, 3819.64013671875), (1, 3939.6748046875)]","[(0, 2323.645751953125), (1, 3162.22900390625)]","[(0, 2848.37109375), (1, 3590.11279296875)]","[(0, 1541.465576171875), (1, 1672.68017578125)]","[(0, 1979.3697509765625), (1, 1572.74853515625)]","[(0, 2560.0146484375), (1, 2192.565673828125)]"
435,"[(0, 4474.7431640625), (1, 5667.8212890625)]","[(0, 1895.209716796875), (1, 2675.88623046875)]","[(0, 6887.18408203125), (1, 5531.591796875)]","[(0, 3891.615478515625), (1, 3805.169677734375)]","[(0, 3616.214111328125), (1, 2303.967041015625)]","[(0, 2929.63525390625), (1, 2900.65283203125)]","[(0, 6648.0966796875), (1, 6450.423828125)]","[(0, 1657.7564697265625), (1, 1378.9154052734375)]","[(0, 2254.724853515625), (1, 1958.965087890625)]","[(0, 1120.7440185546875), (1, 1729.914306640625)]","[(0, 5891.10107421875), (1, 5183.12548828125)]"
436,"[(0, 4547.33056640625), (1, 6250.0517578125)]","[(0, 1833.5426025390625), (1, 2263.7265625)]","[(0, 1143.9129638671875), (1, 1092.5760498046875)]","[(0, 1664.3463134765625), (1, 1965.001220703125)]","[(0, 2415.548095703125), (1, 1572.3892822265625)]","[(0, 4847.06103515625), (1, 4938.990234375)]","[(0, 4847.5048828125), (1, 4985.8037109375)]","[(0, 2396.7431640625), (1, 2775.4267578125)]","[(0, 2434.6396484375), (1, 1813.4967041015625)]","[(0, 1723.5135498046875), (1, 2627.71728515625)]","[(0, 1835.083740234375), (1, 1602.331787109375)]"
437,"[(0, 2637.74658203125), (1, 3445.380859375)]","[(0, 2231.726318359375), (1, 2728.1328125)]","[(0, 2728.728515625), (1, 2120.694091796875)]","[(0, 2582.96875), (1, 2699.7158203125)]","[(0, 4608.12109375), (1, 3013.9775390625)]","[(0, 7229.9765625), (1, 7202.81982421875)]","[(0, 2088.524658203125), (1, 2247.782470703125)]","[(0, 3424.076171875), (1, 2395.541015625)]","[(0, 2980.048583984375), (1, 4556.2685546875)]","[(0, 2251.895751953125), (1, 2544.159423828125)]","[(0, 2540.534912109375), (1, 2228.44921875)]"
438,"[(0, 3292.195556640625), (1, 4416.76904296875)]","[(0, 1455.5731201171875), (1, 1530.4547119140625)]","[(0, 2504.456787109375), (1, 2746.580078125)]","[(0, 4194.677734375), (1, 3876.476806640625)]","[(0, 3529.615966796875), (1, 2324.605224609375)]","[(0, 6275.65673828125), (1, 6500.5322265625)]","[(0, 4560.1806640625), (1, 4290.26708984375)]","[(0, 1551.5535888671875), (1, 2414.333251953125)]","[(0, 1200.8570556640625), (1, 1322.00390625)]","[(0, 1410.2288818359375), (1, 1743.8165283203125)]","[(0, 1274.4906005859375), (1, 957.58837890625)]"
439,"[(0, 5224.77392578125), (1, 6542.494140625)]","[(0, 3773.224853515625), (1, 4528.150390625)]","[(0, 6198.7880859375), (1, 5940.7939453125)]","[(0, 2445.60009765625), (1, 2411.705078125)]","[(0, 1647.7869873046875), (1, 1392.0609130859375)]","[(0, 4813.9248046875), (1, 5033.65673828125)]","[(0, 4999.392578125), (1, 4842.37158203125)]","[(0, 4138.5634765625), (1, 3283.397216796875)]","[(0, 2188.081787109375), (1, 1670.58935546875)]","[(0, 1559.058837890625), (1, 2378.639404296875)]","[(0, 4302.6826171875), (1, 3570.384521484375)]"
440,"[(0, 2368.027587890625), (1, 3208.640869140625)]","[(0, 4084.60986328125), (1, 5205.05908203125)]","[(0, 3977.97607421875), (1, 4168.43017578125)]","[(0, 3717.139892578125), (1, 3525.609130859375)]","[(0, 1732.91064453125), (1, 1487.2188720703125)]","[(0, 6128.19482421875), (1, 5989.76416015625)]","[(0, 3969.2490234375), (1, 4047.971435546875)]","[(0, 1811.8458251953125), (1, 2207.504150390625)]","[(0, 2146.485107421875), (1, 2318.333251953125)]","[(0, 1535.5855712890625), (1, 2156.472412109375)]","[(0, 3073.4228515625), (1, 2809.944091796875)]"
441,"[(0, 3543.3359375), (1, 4458.77734375)]","[(0, 3642.689697265625), (1, 4074.649658203125)]","[(0, 3671.627197265625), (1, 3207.181396484375)]","[(0, 2149.60400390625), (1, 2042.821044921875)]","[(0, 3018.703857421875), (1, 1974.8548583984375)]","[(0, 3599.842529296875), (1, 3438.80224609375)]","[(0, 5496.857421875), (1, 5345.92724609375)]","[(0, 2460.828369140625), (1, 2474.858642578125)]","[(0, 2140.4111328125), (1, 2257.843017578125)]","[(0, 836.7322387695312), (1, 1653.31982421875)]","[(0, 2120.08544921875), (1, 1869.508056640625)]"
442,"[(0, 4318.595703125), (1, 5436.921875)]","[(0, 2399.08837890625), (1, 2522.673583984375)]","[(0, 2560.0146484375), (1, 2331.640380859375)]","[(0, 2424.0703125), (1, 2419.4580078125)]","[(0, 2988.903076171875), (1, 2044.0565185546875)]","[(0, 3253.26611328125), (1, 3402.59521484375)]","[(0, 6876.68359375), (1, 6674.6064453125)]","[(0, 2011.5155029296875), (1, 1047.65087890625)]","[(0, 2652.260986328125), (1, 2920.020263671875)]","[(0, 1352.914306640625), (1, 1647.0728759765625)]","[(0, 1945.7093505859375), (1, 1876.98779296875)]"
443,"[(0, 2633.791259765625), (1, 3478.28955078125)]","[(0, 832.9342041015625), (1, 732.743408203125)]","[(0, 3848.66552734375), (1, 3953.05419921875)]","[(0, 4960.65234375), (1, 4800.88623046875)]","[(0, 1928.2244873046875), (1, 1589.9290771484375)]","[(0, 5241.37255859375), (1, 5273.69775390625)]","[(0, 5459.4873046875), (1, 5500.69580078125)]","[(0, 2490.86767578125), (1, 2594.21728515625)]","[(0, 1662.7938232421875), (1, 1773.469970703125)]","[(0, 1134.995849609375), (1, 1326.2569580078125)]","[(0, 2852.5234375), (1, 2546.691162109375)]"
444,"[(0, 3403.3544921875), (1, 4197.38671875)]","[(0, 2278.689453125), (1, 2342.652099609375)]","[(0, 5791.4326171875), (1, 5504.552734375)]","[(0, 4185.24755859375), (1, 4242.33837890625)]","[(0, 2184.786376953125), (1, 1665.6824951171875)]","[(0, 4474.75634765625), (1, 4390.18212890625)]","[(0, 4163.45947265625), (1, 4139.57421875)]","[(0, 3601.71728515625), (1, 4320.05810546875)]","[(0, 1841.4588623046875), (1, 2391.48486328125)]","[(0, 2292.613525390625), (1, 2878.591796875)]","[(0, 2907.1025390625), (1, 2639.381103515625)]"
445,"[(0, 2858.52392578125), (1, 3658.4189453125)]","[(0, 2351.4296875), (1, 2464.05029296875)]","[(0, 3393.307861328125), (1, 2610.56982421875)]","[(0, 5873.486328125), (1, 5736.7646484375)]","[(0, 3294.39404296875), (1, 2089.7509765625)]","[(0, 5480.01904296875), (1, 5305.91845703125)]","[(0, 6315.98046875), (1, 8579.7607421875)]","[(0, 1566.2120361328125), (1, 1385.9906005859375)]","[(0, 1925.49658203125), (1, 1426.12841796875)]","[(0, 1938.735595703125), (1, 2112.850341796875)]","[(0, 2177.29736328125), (1, 1798.1600341796875)]"
446,"[(0, 4572.4873046875), (1, 6006.10107421875)]","[(0, 2183.886474609375), (1, 2095.32373046875)]","[(0, 3753.818359375), (1, 3394.275634765625)]","[(0, 2673.966796875), (1, 2636.65380859375)]","[(0, 3749.099609375), (1, 2369.955810546875)]","[(0, 4252.4814453125), (1, 4329.30908203125)]","[(0, 4284.2080078125), (1, 5813.46240234375)]","[(0, 1524.359375), (1, 1159.65869140625)]","[(0, 2363.773193359375), (1, 2235.375244140625)]","[(0, 1313.5699462890625), (1, 1684.2283935546875)]","[(0, 3578.0673828125), (1, 3247.023681640625)]"
447,"[(0, 4980.62353515625), (1, 6846.3271484375)]","[(0, 2056.505126953125), (1, 2121.823974609375)]","[(0, 5237.015625), (1, 4448.9443359375)]","[(0, 3870.281982421875), (1, 3850.372802734375)]","[(0, 2500.3330078125), (1, 2130.40673828125)]","[(0, 7303.2607421875), (1, 6988.14013671875)]","[(0, 2819.102294921875), (1, 3169.94970703125)]","[(0, 2636.59228515625), (1, 1659.7235107421875)]","[(0, 2123.33984375), (1, 2341.263916015625)]","[(0, 2115.92431640625), (1, 1796.1436767578125)]","[(0, 3402.582275390625), (1, 2995.54052734375)]"
448,"[(0, 4579.35595703125), (1, 5883.61669921875)]","[(0, 1286.332275390625), (1, 1158.2239990234375)]","[(0, 2710.63134765625), (1, 2565.774658203125)]","[(0, 2542.14892578125), (1, 2554.4873046875)]","[(0, 2243.977783203125), (1, 1946.1212158203125)]","[(0, 6237.4521484375), (1, 6163.73095703125)]","[(0, 4369.45654296875), (1, 3733.080322265625)]","[(0, 1750.5999755859375), (1, 1445.6527099609375)]","[(0, 1640.2823486328125), (1, 1945.0478515625)]","[(0, 1239.8740234375), (1, 2325.83056640625)]","[(0, 2274.31689453125), (1, 1693.3087158203125)]"
449,"[(0, 2992.64501953125), (1, 4149.2373046875)]","[(0, 2726.50830078125), (1, 3072.9453125)]","[(0, 6854.83349609375), (1, 5867.35595703125)]","[(0, 2229.80859375), (1, 2554.855224609375)]","[(0, 2796.16650390625), (1, 1754.998779296875)]","[(0, 5041.30908203125), (1, 5176.728515625)]","[(0, 3157.142578125), (1, 3850.871826171875)]","[(0, 2356.298828125), (1, 2654.1650390625)]","[(0, 1424.3988037109375), (1, 2252.072021484375)]","[(0, 1292.4361572265625), (1, 1799.5625)]","[(0, 1652.3992919921875), (1, 1230.62841796875)]"
450,"[(0, 3098.352294921875), (1, 4117.23095703125)]","[(0, 2653.17431640625), (1, 3103.086669921875)]","[(0, 4644.82568359375), (1, 3699.093994140625)]","[(0, 2313.29443359375), (1, 2363.344970703125)]","[(0, 2845.190673828125), (1, 1878.347900390625)]","[(0, 6120.111328125), (1, 5940.0126953125)]","[(0, 3429.314697265625), (1, 4343.087890625)]","[(0, 1381.0250244140625), (1, 1436.7161865234375)]","[(0, 1445.5458984375), (1, 1000.0296020507812)]","[(0, 2809.283447265625), (1, 3214.69921875)]","[(0, 2014.04345703125), (1, 1639.54345703125)]"
451,"[(0, 3877.9150390625), (1, 5087.2783203125)]","[(0, 2561.08544921875), (1, 2620.114013671875)]","[(0, 4955.88623046875), (1, 4213.07177734375)]","[(0, 1660.64501953125), (1, 1742.3271484375)]","[(0, 1234.9884033203125), (1, 1096.963134765625)]","[(0, 4383.69287109375), (1, 4169.76171875)]","[(0, 7112.50537109375), (1, 7102.21630859375)]","[(0, 2383.57958984375), (1, 2278.737060546875)]","[(0, 2213.466064453125), (1, 3532.454833984375)]","[(0, 1945.2547607421875), (1, 2540.39306640625)]","[(0, 3712.520263671875), (1, 3228.244873046875)]"
452,"[(0, 4480.03369140625), (1, 6016.6552734375)]","[(0, 2588.309814453125), (1, 2550.17041015625)]","[(0, 4179.56787109375), (1, 3770.818359375)]","[(0, 3193.258544921875), (1, 3662.615234375)]","[(0, 964.9570922851562), (1, 833.9193115234375)]","[(0, 2762.6376953125), (1, 2956.600830078125)]","[(0, 2970.238525390625), (1, 3131.581787109375)]","[(0, 2889.779541015625), (1, 3246.321044921875)]","[(0, 2315.969970703125), (1, 1315.221435546875)]","[(0, 2137.165771484375), (1, 2404.03759765625)]","[(0, 2282.327880859375), (1, 1877.474853515625)]"
453,"[(0, 2456.72705078125), (1, 3244.89404296875)]","[(0, 1530.679443359375), (1, 2142.641357421875)]","[(0, 4809.50146484375), (1, 3985.768310546875)]","[(0, 2993.83544921875), (1, 3019.420654296875)]","[(0, 2511.743896484375), (1, 1613.772216796875)]","[(0, 3346.732666015625), (1, 3714.80810546875)]","[(0, 3016.453369140625), (1, 3090.997802734375)]","[(0, 2902.05419921875), (1, 2063.310791015625)]","[(0, 1539.1240234375), (1, 2152.35888671875)]","[(0, 2308.276611328125), (1, 1970.322998046875)]","[(0, 1865.49267578125), (1, 1705.369140625)]"
454,"[(0, 4517.01025390625), (1, 5803.45263671875)]","[(0, 1632.260009765625), (1, 2356.08740234375)]","[(0, 1785.086669921875), (1, 1582.1529541015625)]","[(0, 1727.37646484375), (1, 1674.7728271484375)]","[(0, 4650.1884765625), (1, 3254.41748046875)]","[(0, 5243.5224609375), (1, 4914.4267578125)]","[(0, 4661.275390625), (1, 4488.1416015625)]","[(0, 1270.3819580078125), (1, 2249.698974609375)]","[(0, 1520.510986328125), (1, 1765.472900390625)]","[(0, 1492.091064453125), (1, 1856.839111328125)]","[(0, 2352.6533203125), (1, 1809.671630859375)]"
455,"[(0, 2930.3896484375), (1, 3677.48291015625)]","[(0, 1553.8065185546875), (1, 2009.5174560546875)]","[(0, 2086.20458984375), (1, 2011.1346435546875)]","[(0, 3734.590087890625), (1, 3730.795166015625)]","[(0, 4645.7470703125), (1, 3092.64013671875)]","[(0, 5348.951171875), (1, 5260.93359375)]","[(0, 3269.052978515625), (1, 3241.1240234375)]","[(0, 1850.737060546875), (1, 2206.66650390625)]","[(0, 1602.3685302734375), (1, 1236.8388671875)]","[(0, 1691.5137939453125), (1, 2054.76416015625)]","[(0, 2918.09130859375), (1, 2454.674560546875)]"
456,"[(0, 3558.01513671875), (1, 4624.2822265625)]","[(0, 2816.984619140625), (1, 3377.92578125)]","[(0, 2165.270751953125), (1, 2538.28125)]","[(0, 2169.793701171875), (1, 2327.125244140625)]","[(0, 3189.682373046875), (1, 2722.1435546875)]","[(0, 7531.57763671875), (1, 7835.61328125)]","[(0, 5650.259765625), (1, 5709.7412109375)]","[(0, 1597.15234375), (1, 2134.239990234375)]","[(0, 2583.46630859375), (1, 3304.913818359375)]","[(0, 1623.7308349609375), (1, 1289.2791748046875)]","[(0, 5070.46142578125), (1, 4434.68994140625)]"
457,"[(0, 5187.556640625), (1, 6712.29443359375)]","[(0, 3069.667724609375), (1, 3820.1318359375)]","[(0, 5556.02783203125), (1, 4859.96142578125)]","[(0, 2411.265869140625), (1, 2783.947998046875)]","[(0, 2995.5546875), (1, 2405.480224609375)]","[(0, 7135.6123046875), (1, 7446.9208984375)]","[(0, 6737.65966796875), (1, 7343.35595703125)]","[(0, 2240.4248046875), (1, 1827.9835205078125)]","[(0, 624.3140869140625), (1, 962.529296875)]","[(0, 2844.59228515625), (1, 2377.446533203125)]","[(0, 1134.845458984375), (1, 883.5269165039062)]"
458,"[(0, 3086.923583984375), (1, 3700.544189453125)]","[(0, 2696.2783203125), (1, 2879.459228515625)]","[(0, 2923.644287109375), (1, 2443.131591796875)]","[(0, 1574.8428955078125), (1, 1209.1771240234375)]","[(0, 4751.63818359375), (1, 3000.959228515625)]","[(0, 6264.15185546875), (1, 6113.42626953125)]","[(0, 4901.578125), (1, 5404.9677734375)]","[(0, 1653.7369384765625), (1, 1753.8785400390625)]","[(0, 1004.517822265625), (1, 1021.5853881835938)]","[(0, 1873.4495849609375), (1, 1968.7357177734375)]","[(0, 2872.14453125), (1, 2601.5595703125)]"
459,"[(0, 4589.05712890625), (1, 5743.21337890625)]","[(0, 1759.2391357421875), (1, 1706.3370361328125)]","[(0, 2817.254638671875), (1, 2217.8271484375)]","[(0, 2532.455322265625), (1, 2743.1064453125)]","[(0, 2158.877685546875), (1, 2056.984619140625)]","[(0, 6247.21533203125), (1, 6145.61767578125)]","[(0, 5226.0498046875), (1, 4689.71435546875)]","[(0, 1676.9991455078125), (1, 1928.6024169921875)]","[(0, 2487.96875), (1, 3705.431884765625)]","[(0, 2270.57421875), (1, 3169.91064453125)]","[(0, 5044.00732421875), (1, 4097.48486328125)]"
460,"[(0, 3224.001953125), (1, 4197.67919921875)]","[(0, 843.3116455078125), (1, 766.5084228515625)]","[(0, 2097.1328125), (1, 1754.6431884765625)]","[(0, 3018.188720703125), (1, 3088.993896484375)]","[(0, 6533.4404296875), (1, 4294.16796875)]","[(0, 5652.64697265625), (1, 5918.16357421875)]","[(0, 3252.47509765625), (1, 3448.980712890625)]","[(0, 2706.1357421875), (1, 2371.079345703125)]","[(0, 1574.4974365234375), (1, 1079.110107421875)]","[(0, 2101.673828125), (1, 1709.7342529296875)]","[(0, 3392.838623046875), (1, 2895.300537109375)]"
461,"[(0, 3295.9306640625), (1, 4504.7666015625)]","[(0, 2134.862060546875), (1, 2500.531982421875)]","[(0, 5613.87548828125), (1, 4872.07763671875)]","[(0, 2947.398193359375), (1, 2916.87939453125)]","[(0, 5326.40087890625), (1, 3576.402587890625)]","[(0, 5297.65673828125), (1, 5365.05419921875)]","[(0, 3808.970947265625), (1, 4104.865234375)]","[(0, 1660.9134521484375), (1, 2160.753173828125)]","[(0, 2878.232177734375), (1, 3001.176513671875)]","[(0, 2271.2529296875), (1, 1962.4954833984375)]","[(0, 1560.9765625), (1, 1290.0977783203125)]"
462,"[(0, 3701.28173828125), (1, 4862.98388671875)]","[(0, 2369.302734375), (1, 2858.96435546875)]","[(0, 6332.84423828125), (1, 4931.9580078125)]","[(0, 1401.7647705078125), (1, 1830.1595458984375)]","[(0, 2484.417236328125), (1, 2163.01611328125)]","[(0, 8557.54296875), (1, 8184.78076171875)]","[(0, 3908.829345703125), (1, 4031.26318359375)]","[(0, 1125.8721923828125), (1, 984.8853149414062)]","[(0, 2339.71923828125), (1, 2020.894775390625)]","[(0, 2359.344482421875), (1, 3024.3515625)]","[(0, 2921.350341796875), (1, 2769.320556640625)]"
463,"[(0, 2322.058349609375), (1, 3035.884521484375)]","[(0, 2076.042724609375), (1, 2153.41455078125)]","[(0, 3015.745849609375), (1, 2619.870361328125)]","[(0, 2797.3466796875), (1, 2721.488037109375)]","[(0, 2746.560546875), (1, 2320.1845703125)]","[(0, 4540.8037109375), (1, 4379.70654296875)]","[(0, 4341.02587890625), (1, 4238.71533203125)]","[(0, 2610.347412109375), (1, 1713.9036865234375)]","[(0, 1461.432373046875), (1, 1356.0712890625)]","[(0, 2085.13134765625), (1, 1444.7086181640625)]","[(0, 1949.6248779296875), (1, 1361.717041015625)]"
464,"[(0, 3480.15771484375), (1, 4588.98291015625)]","[(0, 2243.03955078125), (1, 2307.2587890625)]","[(0, 2746.4228515625), (1, 3183.15185546875)]","[(0, 1868.2042236328125), (1, 1981.511474609375)]","[(0, 3919.456787109375), (1, 2386.810546875)]","[(0, 4498.29296875), (1, 4519.98779296875)]","[(0, 2720.66796875), (1, 2927.2666015625)]","[(0, 3341.45458984375), (1, 3108.13916015625)]","[(0, 1430.797607421875), (1, 1955.459716796875)]","[(0, 1842.98291015625), (1, 1494.3310546875)]","[(0, 2066.76416015625), (1, 1894.383056640625)]"
465,"[(0, 4172.65771484375), (1, 5932.5673828125)]","[(0, 2151.154296875), (1, 3009.75537109375)]","[(0, 4830.130859375), (1, 4724.70263671875)]","[(0, 2297.141845703125), (1, 2386.4384765625)]","[(0, 3422.274169921875), (1, 2903.474365234375)]","[(0, 4815.83544921875), (1, 5006.5400390625)]","[(0, 2231.812744140625), (1, 2126.1201171875)]","[(0, 1758.8306884765625), (1, 2646.06494140625)]","[(0, 2692.77587890625), (1, 2880.12646484375)]","[(0, 2230.5986328125), (1, 2970.555908203125)]","[(0, 1779.1558837890625), (1, 1184.6976318359375)]"
466,"[(0, 5240.08837890625), (1, 7249.025390625)]","[(0, 1931.8541259765625), (1, 2903.98779296875)]","[(0, 2836.22216796875), (1, 2621.92626953125)]","[(0, 4566.01171875), (1, 4891.2958984375)]","[(0, 5450.0556640625), (1, 3657.655029296875)]","[(0, 5524.1845703125), (1, 5077.0078125)]","[(0, 2565.116455078125), (1, 2516.91943359375)]","[(0, 2628.51318359375), (1, 1604.7916259765625)]","[(0, 1362.91748046875), (1, 1820.381103515625)]","[(0, 2380.416259765625), (1, 2542.0751953125)]","[(0, 2588.177978515625), (1, 2262.8125)]"
467,"[(0, 4274.013671875), (1, 5850.78271484375)]","[(0, 2062.813232421875), (1, 2654.653564453125)]","[(0, 1885.820068359375), (1, 1554.947265625)]","[(0, 3074.00634765625), (1, 3398.010009765625)]","[(0, 3679.67919921875), (1, 2317.360595703125)]","[(0, 4058.423583984375), (1, 3806.46875)]","[(0, 2065.365234375), (1, 2053.220703125)]","[(0, 1578.0166015625), (1, 1779.200927734375)]","[(0, 2881.376708984375), (1, 2770.759033203125)]","[(0, 2473.093994140625), (1, 3194.552978515625)]","[(0, 2276.64306640625), (1, 2167.86279296875)]"
468,"[(0, 3738.21044921875), (1, 5006.56396484375)]","[(0, 1903.405029296875), (1, 2285.623291015625)]","[(0, 1988.79736328125), (1, 2295.105224609375)]","[(0, 6096.69921875), (1, 6248.93701171875)]","[(0, 2817.24658203125), (1, 1785.494384765625)]","[(0, 4162.21728515625), (1, 4242.5087890625)]","[(0, 3145.899169921875), (1, 3492.07958984375)]","[(0, 1365.29296875), (1, 1400.7557373046875)]","[(0, 2315.733642578125), (1, 1855.069091796875)]","[(0, 1494.7764892578125), (1, 1792.4039306640625)]","[(0, 1889.6492919921875), (1, 1610.312255859375)]"
469,"[(0, 1753.07080078125), (1, 2326.119873046875)]","[(0, 684.591552734375), (1, 615.4905395507812)]","[(0, 1524.261962890625), (1, 1498.6968994140625)]","[(0, 4460.4443359375), (1, 4464.82373046875)]","[(0, 3868.698974609375), (1, 2379.190673828125)]","[(0, 3747.541015625), (1, 3938.134765625)]","[(0, 4112.498046875), (1, 3728.870849609375)]","[(0, 1784.95556640625), (1, 1982.9329833984375)]","[(0, 1025.0626220703125), (1, 935.414306640625)]","[(0, 3500.555419921875), (1, 3624.928955078125)]","[(0, 2990.300048828125), (1, 2710.467041015625)]"
470,"[(0, 3737.907470703125), (1, 4826.2265625)]","[(0, 2968.94140625), (1, 3573.102783203125)]","[(0, 3129.330810546875), (1, 3122.956787109375)]","[(0, 1973.0286865234375), (1, 2065.317138671875)]","[(0, 2543.90478515625), (1, 1756.001708984375)]","[(0, 6241.9267578125), (1, 5612.7509765625)]","[(0, 2498.179443359375), (1, 3520.781005859375)]","[(0, 1521.968994140625), (1, 1941.4443359375)]","[(0, 1585.0140380859375), (1, 1521.1143798828125)]","[(0, 3066.94921875), (1, 2720.255615234375)]","[(0, 3567.103515625), (1, 2928.72998046875)]"
471,"[(0, 3440.055419921875), (1, 4669.66259765625)]","[(0, 2634.429443359375), (1, 3305.834228515625)]","[(0, 2552.193359375), (1, 2009.1705322265625)]","[(0, 4020.869384765625), (1, 3862.726806640625)]","[(0, 1516.3094482421875), (1, 1263.971435546875)]","[(0, 4097.0703125), (1, 4038.62841796875)]","[(0, 5122.4765625), (1, 6521.70556640625)]","[(0, 2755.200927734375), (1, 2531.814208984375)]","[(0, 3159.311279296875), (1, 2438.443359375)]","[(0, 1378.3009033203125), (1, 1322.9183349609375)]","[(0, 3756.110595703125), (1, 3171.770263671875)]"
472,"[(0, 4127.07861328125), (1, 5501.6455078125)]","[(0, 2606.16845703125), (1, 2973.761474609375)]","[(0, 2551.781982421875), (1, 1920.932373046875)]","[(0, 2343.2587890625), (1, 2245.034912109375)]","[(0, 2729.629150390625), (1, 2437.693603515625)]","[(0, 5213.7783203125), (1, 5438.73681640625)]","[(0, 4836.17333984375), (1, 5223.787109375)]","[(0, 1758.2880859375), (1, 1255.45751953125)]","[(0, 2423.536376953125), (1, 2524.810791015625)]","[(0, 2267.657958984375), (1, 2606.607177734375)]","[(0, 2788.418701171875), (1, 2377.75146484375)]"
473,"[(0, 2157.092529296875), (1, 2898.02587890625)]","[(0, 2258.662353515625), (1, 2399.687744140625)]","[(0, 1985.523681640625), (1, 1628.8544921875)]","[(0, 2153.71728515625), (1, 2088.065673828125)]","[(0, 3841.48583984375), (1, 2498.61669921875)]","[(0, 5719.16943359375), (1, 5907.2978515625)]","[(0, 6099.06591796875), (1, 5156.91015625)]","[(0, 1650.8831787109375), (1, 1379.447509765625)]","[(0, 1175.89990234375), (1, 1592.7723388671875)]","[(0, 2096.69091796875), (1, 1815.647705078125)]","[(0, 1755.7386474609375), (1, 1563.5308837890625)]"
474,"[(0, 3147.471435546875), (1, 4245.5888671875)]","[(0, 2008.8900146484375), (1, 2483.0185546875)]","[(0, 1764.882080078125), (1, 1811.8087158203125)]","[(0, 2998.12109375), (1, 2966.626220703125)]","[(0, 2926.506103515625), (1, 1934.7120361328125)]","[(0, 4543.4677734375), (1, 4574.42822265625)]","[(0, 2677.159912109375), (1, 3064.455322265625)]","[(0, 3412.93310546875), (1, 3182.936279296875)]","[(0, 1588.8536376953125), (1, 1499.005615234375)]","[(0, 1869.30029296875), (1, 1820.361083984375)]","[(0, 1983.162841796875), (1, 1518.4801025390625)]"
475,"[(0, 3029.244384765625), (1, 4023.359130859375)]","[(0, 2344.5654296875), (1, 2981.592041015625)]","[(0, 2881.89599609375), (1, 2953.8515625)]","[(0, 3741.5166015625), (1, 3772.92626953125)]","[(0, 5782.78955078125), (1, 3733.486083984375)]","[(0, 5854.337890625), (1, 5570.04443359375)]","[(0, 3101.47998046875), (1, 3412.604248046875)]","[(0, 2531.637939453125), (1, 1654.9091796875)]","[(0, 1155.6522216796875), (1, 1814.6661376953125)]","[(0, 1747.6431884765625), (1, 2136.298828125)]","[(0, 3393.136474609375), (1, 2902.643798828125)]"
476,"[(0, 4262.53466796875), (1, 5558.63525390625)]","[(0, 1784.5435791015625), (1, 2044.92236328125)]","[(0, 5548.22802734375), (1, 4663.86328125)]","[(0, 1441.7459716796875), (1, 1685.12255859375)]","[(0, 2445.8916015625), (1, 2214.319091796875)]","[(0, 8226.6474609375), (1, 8810.1201171875)]","[(0, 2316.25390625), (1, 2375.839599609375)]","[(0, 1135.3487548828125), (1, 1922.187744140625)]","[(0, 937.4987182617188), (1, 1711.0693359375)]","[(0, 1889.216796875), (1, 2205.87646484375)]","[(0, 2927.65771484375), (1, 2083.827392578125)]"
477,"[(0, 4056.570068359375), (1, 5466.94287109375)]","[(0, 1298.0467529296875), (1, 1410.705810546875)]","[(0, 1811.825927734375), (1, 2100.2890625)]","[(0, 3122.560791015625), (1, 3079.69873046875)]","[(0, 2883.527587890625), (1, 2605.209228515625)]","[(0, 8526.943359375), (1, 8985.4775390625)]","[(0, 2163.827880859375), (1, 2095.70849609375)]","[(0, 1994.117919921875), (1, 1282.109375)]","[(0, 1889.488037109375), (1, 2302.979736328125)]","[(0, 1033.6600341796875), (1, 1579.2276611328125)]","[(0, 2456.934326171875), (1, 1836.120849609375)]"
478,"[(0, 2328.5302734375), (1, 2848.70654296875)]","[(0, 1963.839599609375), (1, 2620.319091796875)]","[(0, 2965.1328125), (1, 2497.89599609375)]","[(0, 2159.215576171875), (1, 2022.9146728515625)]","[(0, 2237.496337890625), (1, 1359.1546630859375)]","[(0, 6490.60791015625), (1, 6141.85595703125)]","[(0, 4676.7353515625), (1, 4558.345703125)]","[(0, 711.42041015625), (1, 1219.9632568359375)]","[(0, 2505.2021484375), (1, 2370.663330078125)]","[(0, 2182.90771484375), (1, 1824.412353515625)]","[(0, 1634.7220458984375), (1, 1360.95556640625)]"
479,"[(0, 4002.734375), (1, 5273.3154296875)]","[(0, 1837.3734130859375), (1, 2614.587646484375)]","[(0, 6720.98681640625), (1, 5503.09423828125)]","[(0, 1708.0849609375), (1, 1622.40966796875)]","[(0, 1039.715576171875), (1, 906.2724609375)]","[(0, 2394.14892578125), (1, 2357.776611328125)]","[(0, 3733.7529296875), (1, 3961.103515625)]","[(0, 1545.045654296875), (1, 2091.656982421875)]","[(0, 1527.902587890625), (1, 1338.624755859375)]","[(0, 2273.39306640625), (1, 2268.4736328125)]","[(0, 2682.47216796875), (1, 1987.7877197265625)]"
480,"[(0, 4350.462890625), (1, 6166.41845703125)]","[(0, 1844.1063232421875), (1, 2312.187255859375)]","[(0, 3543.298828125), (1, 3248.947265625)]","[(0, 3205.44140625), (1, 3523.646240234375)]","[(0, 1218.7218017578125), (1, 1066.1282958984375)]","[(0, 1991.0509033203125), (1, 1970.80419921875)]","[(0, 6472.89794921875), (1, 7212.7529296875)]","[(0, 2371.03515625), (1, 1583.4254150390625)]","[(0, 2410.832275390625), (1, 2203.505859375)]","[(0, 2163.3388671875), (1, 1677.357421875)]","[(0, 2339.697998046875), (1, 1996.7469482421875)]"
481,"[(0, 4067.521484375), (1, 5588.20361328125)]","[(0, 1483.2572021484375), (1, 1695.7230224609375)]","[(0, 7580.759765625), (1, 7888.33837890625)]","[(0, 2400.650390625), (1, 2226.012939453125)]","[(0, 1132.84326171875), (1, 856.2341918945312)]","[(0, 2799.959716796875), (1, 2959.849609375)]","[(0, 5075.72021484375), (1, 5750.595703125)]","[(0, 3252.106201171875), (1, 3921.707763671875)]","[(0, 1136.597900390625), (1, 1736.5740966796875)]","[(0, 1278.6854248046875), (1, 2038.0009765625)]","[(0, 3132.8095703125), (1, 2848.40234375)]"
482,"[(0, 3595.265625), (1, 4636.3369140625)]","[(0, 3266.771728515625), (1, 3933.4541015625)]","[(0, 2969.738525390625), (1, 3181.443359375)]","[(0, 2911.84033203125), (1, 3130.9248046875)]","[(0, 1271.1077880859375), (1, 1061.1102294921875)]","[(0, 3070.929443359375), (1, 2829.130859375)]","[(0, 4987.9775390625), (1, 5533.07958984375)]","[(0, 2341.673828125), (1, 2226.701904296875)]","[(0, 2684.783203125), (1, 2982.396728515625)]","[(0, 3785.172607421875), (1, 3640.019287109375)]","[(0, 1938.6458740234375), (1, 1691.1524658203125)]"
483,"[(0, 4472.021484375), (1, 5976.97119140625)]","[(0, 3465.677490234375), (1, 4177.30419921875)]","[(0, 1661.5042724609375), (1, 1605.926025390625)]","[(0, 2952.827880859375), (1, 3078.2568359375)]","[(0, 2485.3818359375), (1, 2232.138427734375)]","[(0, 3707.220458984375), (1, 3422.3134765625)]","[(0, 3869.200927734375), (1, 3630.433349609375)]","[(0, 2142.59228515625), (1, 2371.069091796875)]","[(0, 4075.55908203125), (1, 3126.941162109375)]","[(0, 2244.628173828125), (1, 1456.7340087890625)]","[(0, 2127.7255859375), (1, 1727.05029296875)]"
484,"[(0, 4489.4130859375), (1, 5796.56591796875)]","[(0, 3552.915283203125), (1, 3710.59814453125)]","[(0, 4460.1552734375), (1, 4354.5595703125)]","[(0, 3798.328125), (1, 3867.916748046875)]","[(0, 2754.28271484375), (1, 2456.57373046875)]","[(0, 3358.639892578125), (1, 3307.521240234375)]","[(0, 7101.349609375), (1, 7923.4423828125)]","[(0, 1953.1988525390625), (1, 2546.909912109375)]","[(0, 2504.968017578125), (1, 2300.1494140625)]","[(0, 1843.5059814453125), (1, 1856.04052734375)]","[(0, 5290.9921875), (1, 4217.3046875)]"
485,"[(0, 2495.75634765625), (1, 3334.651611328125)]","[(0, 2302.413330078125), (1, 2293.576904296875)]","[(0, 6882.6142578125), (1, 6372.095703125)]","[(0, 4308.83740234375), (1, 4264.1083984375)]","[(0, 1678.616943359375), (1, 1266.150390625)]","[(0, 3499.831298828125), (1, 3570.064453125)]","[(0, 6004.45166015625), (1, 6992.693359375)]","[(0, 1557.6009521484375), (1, 1909.7763671875)]","[(0, 1902.7879638671875), (1, 1914.4764404296875)]","[(0, 1180.47119140625), (1, 1556.3046875)]","[(0, 4177.833984375), (1, 3318.060791015625)]"
486,"[(0, 3659.221435546875), (1, 5276.81201171875)]","[(0, 2071.02490234375), (1, 2709.5068359375)]","[(0, 3959.826904296875), (1, 4070.2607421875)]","[(0, 4980.51904296875), (1, 4972.3798828125)]","[(0, 2016.7064208984375), (1, 1868.198974609375)]","[(0, 4444.7626953125), (1, 4233.6572265625)]","[(0, 1723.333740234375), (1, 1900.0906982421875)]","[(0, 1408.2069091796875), (1, 1953.2752685546875)]","[(0, 1628.4654541015625), (1, 1724.556884765625)]","[(0, 1709.1187744140625), (1, 1414.762451171875)]","[(0, 3284.120849609375), (1, 2452.271484375)]"
487,"[(0, 3794.714599609375), (1, 4864.9326171875)]","[(0, 2337.366455078125), (1, 3224.149658203125)]","[(0, 5549.0224609375), (1, 5264.91845703125)]","[(0, 3272.06298828125), (1, 3604.7998046875)]","[(0, 1663.882080078125), (1, 1486.830322265625)]","[(0, 5704.58154296875), (1, 5685.1171875)]","[(0, 1692.225341796875), (1, 1808.2889404296875)]","[(0, 2504.78515625), (1, 3419.165283203125)]","[(0, 1180.44921875), (1, 1743.1240234375)]","[(0, 1607.7120361328125), (1, 1555.1571044921875)]","[(0, 1929.4901123046875), (1, 1648.21923828125)]"
488,"[(0, 3442.224609375), (1, 4516.00634765625)]","[(0, 1927.100341796875), (1, 2363.245849609375)]","[(0, 1517.7532958984375), (1, 1289.8731689453125)]","[(0, 3075.34619140625), (1, 3156.766357421875)]","[(0, 2842.204833984375), (1, 2592.946044921875)]","[(0, 4200.322265625), (1, 4373.33740234375)]","[(0, 1922.9678955078125), (1, 2064.33642578125)]","[(0, 2566.345947265625), (1, 1619.462646484375)]","[(0, 2143.99951171875), (1, 2719.23486328125)]","[(0, 2178.844970703125), (1, 2642.34423828125)]","[(0, 3351.578125), (1, 2748.866455078125)]"
489,"[(0, 2658.62255859375), (1, 3326.625244140625)]","[(0, 1432.102783203125), (1, 1529.4339599609375)]","[(0, 2613.4921875), (1, 2030.33642578125)]","[(0, 5382.16064453125), (1, 5436.42919921875)]","[(0, 1615.19091796875), (1, 1416.3277587890625)]","[(0, 5962.40234375), (1, 6046.09912109375)]","[(0, 3191.142578125), (1, 2924.568603515625)]","[(0, 2885.06396484375), (1, 1945.1248779296875)]","[(0, 3242.026611328125), (1, 1868.9144287109375)]","[(0, 802.4214477539062), (1, 1117.420654296875)]","[(0, 2772.78759765625), (1, 2570.8642578125)]"
490,"[(0, 3764.2109375), (1, 5142.2705078125)]","[(0, 2421.166015625), (1, 2670.6689453125)]","[(0, 4989.162109375), (1, 4172.8564453125)]","[(0, 2221.9873046875), (1, 2397.40380859375)]","[(0, 5322.28759765625), (1, 3421.94140625)]","[(0, 7705.58984375), (1, 7179.619140625)]","[(0, 6210.7763671875), (1, 7071.89013671875)]","[(0, 1909.489501953125), (1, 2490.880615234375)]","[(0, 1379.7435302734375), (1, 1549.3038330078125)]","[(0, 1293.806884765625), (1, 1423.31103515625)]","[(0, 2923.535400390625), (1, 2297.67529296875)]"
491,"[(0, 3398.79736328125), (1, 4497.3447265625)]","[(0, 2187.514404296875), (1, 2417.285400390625)]","[(0, 2290.264404296875), (1, 1692.787109375)]","[(0, 3792.768310546875), (1, 3855.965576171875)]","[(0, 3502.021484375), (1, 2512.412109375)]","[(0, 2411.869384765625), (1, 2348.05712890625)]","[(0, 5214.4296875), (1, 5288.5859375)]","[(0, 1719.110107421875), (1, 1962.2381591796875)]","[(0, 1897.7952880859375), (1, 1238.1046142578125)]","[(0, 4460.95068359375), (1, 4113.27880859375)]","[(0, 1943.8602294921875), (1, 1713.2613525390625)]"
492,"[(0, 3883.962646484375), (1, 5021.923828125)]","[(0, 2122.315673828125), (1, 2247.822265625)]","[(0, 2290.993896484375), (1, 2562.2265625)]","[(0, 1210.9334716796875), (1, 1287.5196533203125)]","[(0, 1779.37060546875), (1, 1305.0970458984375)]","[(0, 2819.64013671875), (1, 2944.95068359375)]","[(0, 5264.48681640625), (1, 4733.01416015625)]","[(0, 2209.4873046875), (1, 2601.8173828125)]","[(0, 1666.443603515625), (1, 1338.6783447265625)]","[(0, 1856.6893310546875), (1, 1766.6038818359375)]","[(0, 3215.701904296875), (1, 2733.718017578125)]"
493,"[(0, 3371.547119140625), (1, 4352.03564453125)]","[(0, 2279.08056640625), (1, 2446.2041015625)]","[(0, 7149.96484375), (1, 7424.392578125)]","[(0, 3039.7666015625), (1, 2815.6884765625)]","[(0, 1383.962646484375), (1, 1275.3831787109375)]","[(0, 4120.05078125), (1, 4557.18505859375)]","[(0, 4844.13134765625), (1, 5082.2060546875)]","[(0, 3503.554931640625), (1, 2964.527587890625)]","[(0, 2431.572021484375), (1, 1804.4344482421875)]","[(0, 2400.449951171875), (1, 2199.26513671875)]","[(0, 3091.392822265625), (1, 2486.032470703125)]"
494,"[(0, 4449.0166015625), (1, 5852.62451171875)]","[(0, 2183.010986328125), (1, 2943.545654296875)]","[(0, 4381.97509765625), (1, 5262.65478515625)]","[(0, 2594.704833984375), (1, 2690.14599609375)]","[(0, 3012.313720703125), (1, 2475.23291015625)]","[(0, 4221.517578125), (1, 3928.3818359375)]","[(0, 3692.4326171875), (1, 3821.104736328125)]","[(0, 1868.5267333984375), (1, 1798.62060546875)]","[(0, 2647.3154296875), (1, 1872.5941162109375)]","[(0, 1165.715087890625), (1, 1607.1051025390625)]","[(0, 2894.900390625), (1, 2406.128173828125)]"
495,"[(0, 3446.130126953125), (1, 4446.8955078125)]","[(0, 2543.383056640625), (1, 3630.980712890625)]","[(0, 1429.6812744140625), (1, 1597.14013671875)]","[(0, 3553.1083984375), (1, 3751.982421875)]","[(0, 1158.2825927734375), (1, 966.401611328125)]","[(0, 8276.16796875), (1, 7639.05810546875)]","[(0, 9003.697265625), (1, 8568.8857421875)]","[(0, 2254.554931640625), (1, 1549.255859375)]","[(0, 2356.017822265625), (1, 3595.2587890625)]","[(0, 2811.475830078125), (1, 3892.46142578125)]","[(0, 3569.482177734375), (1, 3173.588623046875)]"
496,"[(0, 5238.099609375), (1, 6955.2890625)]","[(0, 2053.994140625), (1, 2567.893310546875)]","[(0, 3698.078369140625), (1, 3349.673583984375)]","[(0, 2821.1611328125), (1, 2826.463623046875)]","[(0, 1364.858154296875), (1, 1092.0328369140625)]","[(0, 4468.17626953125), (1, 4788.48974609375)]","[(0, 11860.5029296875), (1, 10841.6767578125)]","[(0, 2316.95849609375), (1, 2423.14697265625)]","[(0, 1768.6563720703125), (1, 1466.06689453125)]","[(0, 3249.5205078125), (1, 2971.976806640625)]","[(0, 1807.0408935546875), (1, 1246.3475341796875)]"
497,"[(0, 2705.319091796875), (1, 3611.3203125)]","[(0, 1455.87353515625), (1, 1567.077880859375)]","[(0, 3148.97265625), (1, 3480.6455078125)]","[(0, 2956.605224609375), (1, 3031.362548828125)]","[(0, 674.5174560546875), (1, 626.0458374023438)]","[(0, 5212.3916015625), (1, 5531.5546875)]","[(0, 3996.631591796875), (1, 4211.248046875)]","[(0, 2230.292236328125), (1, 2922.95703125)]","[(0, 3596.160888671875), (1, 2797.41455078125)]","[(0, 1940.169921875), (1, 1783.915771484375)]","[(0, 2443.618408203125), (1, 2260.94775390625)]"
498,"[(0, 3622.603271484375), (1, 4714.7685546875)]","[(0, 1175.034912109375), (1, 1571.344482421875)]","[(0, 2132.977294921875), (1, 1642.4189453125)]","[(0, 2534.6298828125), (1, 2699.8935546875)]","[(0, 764.8417358398438), (1, 729.339111328125)]","[(0, 7407.58837890625), (1, 7205.0458984375)]","[(0, 4298.3310546875), (1, 4193.56201171875)]","[(0, 1484.96826171875), (1, 1767.8189697265625)]","[(0, 983.3822631835938), (1, 1868.692626953125)]","[(0, 2057.073974609375), (1, 2006.4259033203125)]","[(0, 3115.439697265625), (1, 2683.819091796875)]"
499,"[(0, 4010.296142578125), (1, 4371.3193359375)]","[(0, 1113.1878662109375), (1, 1531.6337890625)]","[(0, 8436.326171875), (1, 8270.3291015625)]","[(0, 2406.082275390625), (1, 2276.38916015625)]","[(0, 2845.9951171875), (1, 2013.3060302734375)]","[(0, 2305.137451171875), (1, 2325.227294921875)]","[(0, 3316.754150390625), (1, 3873.261962890625)]","[(0, 2023.8746337890625), (1, 2166.545166015625)]","[(0, 1545.090576171875), (1, 1252.3262939453125)]","[(0, 1303.86865234375), (1, 1491.45947265625)]","[(0, 3088.885009765625), (1, 2375.01708984375)]"
