,anaphoric-one-semantics,anaphoric-one-syntax,island-adjunct,island-complex-np,island-wh,principle_a_command,principle_a_locality,question-formation_or,question-formation_rr,question-formation_sr,wanna
0,"[(0, 6557.87939453125), (1, 6464.98291015625)]","[(0, 8691.939453125), (1, 7933.5517578125)]","[(0, 5784.40625), (1, 5693.01123046875)]","[(0, 4221.03076171875), (1, 3981.817138671875)]","[(0, 5257.2119140625), (1, 3632.6015625)]","[(0, 5712.74267578125), (1, 6178.4736328125)]","[(0, 10544.5341796875), (1, 9846.2998046875)]","[(0, 5105.6552734375), (1, 4031.359375)]","[(0, 4682.80908203125), (1, 4428.11865234375)]","[(0, 3347.6201171875), (1, 3053.0234375)]","[(0, 5100.19970703125), (1, 5347.416015625)]"
1,"[(0, 9249.6181640625), (1, 9473.275390625)]","[(0, 8438.2978515625), (1, 7757.53515625)]","[(0, 3801.096435546875), (1, 3685.713134765625)]","[(0, 4870.0341796875), (1, 4756.638671875)]","[(0, 5001.033203125), (1, 3342.55419921875)]","[(0, 7382.228515625), (1, 7338.0078125)]","[(0, 8920.2294921875), (1, 8193.94921875)]","[(0, 2774.03759765625), (1, 2751.494384765625)]","[(0, 2837.520751953125), (1, 3212.756103515625)]","[(0, 3949.7568359375), (1, 4258.1708984375)]","[(0, 4468.99853515625), (1, 3989.301025390625)]"
2,"[(0, 7455.419921875), (1, 8285.984375)]","[(0, 8446.4541015625), (1, 8075.681640625)]","[(0, 4581.57958984375), (1, 4709.021484375)]","[(0, 5587.6923828125), (1, 5908.046875)]","[(0, 3263.663818359375), (1, 3397.3974609375)]","[(0, 7785.744140625), (1, 8225.5576171875)]","[(0, 2817.54345703125), (1, 2578.933349609375)]","[(0, 3173.721923828125), (1, 3816.348388671875)]","[(0, 2954.412353515625), (1, 3762.122314453125)]","[(0, 5858.52734375), (1, 5378.41455078125)]","[(0, 3940.497802734375), (1, 3926.501708984375)]"
3,"[(0, 8414.005859375), (1, 8657.72265625)]","[(0, 6951.78076171875), (1, 6335.9130859375)]","[(0, 8248.1484375), (1, 8297.1416015625)]","[(0, 6826.87158203125), (1, 7285.64697265625)]","[(0, 3248.14501953125), (1, 3566.8857421875)]","[(0, 6448.7998046875), (1, 6919.9912109375)]","[(0, 5278.06005859375), (1, 5758.53125)]","[(0, 4193.2900390625), (1, 3676.564208984375)]","[(0, 2624.08642578125), (1, 3665.976806640625)]","[(0, 3598.04052734375), (1, 3466.041015625)]","[(0, 6484.48291015625), (1, 6964.46142578125)]"
4,"[(0, 9336.951171875), (1, 8922.91015625)]","[(0, 3812.80517578125), (1, 3257.3984375)]","[(0, 7794.47314453125), (1, 8538.6376953125)]","[(0, 5630.228515625), (1, 5697.1767578125)]","[(0, 6788.4248046875), (1, 4903.61669921875)]","[(0, 4735.5830078125), (1, 4294.16015625)]","[(0, 4071.938232421875), (1, 3852.672119140625)]","[(0, 4512.17919921875), (1, 3181.473388671875)]","[(0, 3306.405029296875), (1, 4332.94384765625)]","[(0, 2008.797119140625), (1, 3118.98046875)]","[(0, 5380.82080078125), (1, 5497.921875)]"
5,"[(0, 7889.65478515625), (1, 7546.84228515625)]","[(0, 5996.7890625), (1, 5515.267578125)]","[(0, 4584.197265625), (1, 4834.9052734375)]","[(0, 4913.32568359375), (1, 4562.6728515625)]","[(0, 8114.8544921875), (1, 5770.52099609375)]","[(0, 4898.59716796875), (1, 5738.8662109375)]","[(0, 7648.46875), (1, 8160.3154296875)]","[(0, 5588.67822265625), (1, 4381.962890625)]","[(0, 2796.3359375), (1, 2905.004638671875)]","[(0, 4848.83203125), (1, 3728.134765625)]","[(0, 3744.736328125), (1, 3592.95556640625)]"
6,"[(0, 6814.15576171875), (1, 6833.2421875)]","[(0, 7126.43115234375), (1, 7239.111328125)]","[(0, 4582.6015625), (1, 4410.51806640625)]","[(0, 5640.92919921875), (1, 5827.76171875)]","[(0, 4987.3828125), (1, 4923.54638671875)]","[(0, 5951.3017578125), (1, 5344.26025390625)]","[(0, 8562.2685546875), (1, 8134.138671875)]","[(0, 2724.96826171875), (1, 2561.883056640625)]","[(0, 4843.8818359375), (1, 5086.2109375)]","[(0, 4568.3291015625), (1, 4335.5439453125)]","[(0, 6102.35888671875), (1, 6348.4453125)]"
7,"[(0, 5044.3828125), (1, 5015.22314453125)]","[(0, 7284.8828125), (1, 7514.6103515625)]","[(0, 3523.22607421875), (1, 3567.4130859375)]","[(0, 7965.0048828125), (1, 8350.9404296875)]","[(0, 5342.9150390625), (1, 5312.74365234375)]","[(0, 3853.75244140625), (1, 4113.29833984375)]","[(0, 8523.46484375), (1, 7982.35107421875)]","[(0, 3374.66748046875), (1, 4073.71337890625)]","[(0, 3967.2734375), (1, 3392.327392578125)]","[(0, 4697.328125), (1, 4243.47998046875)]","[(0, 5228.3330078125), (1, 5505.92333984375)]"
8,"[(0, 7299.43798828125), (1, 7190.322265625)]","[(0, 6936.26513671875), (1, 6670.76318359375)]","[(0, 8484.8671875), (1, 7822.7939453125)]","[(0, 6743.4833984375), (1, 6783.169921875)]","[(0, 7051.47705078125), (1, 5492.48681640625)]","[(0, 4648.77392578125), (1, 4392.36376953125)]","[(0, 5138.00537109375), (1, 5005.8955078125)]","[(0, 3567.702392578125), (1, 2636.221435546875)]","[(0, 5691.02978515625), (1, 5199.99365234375)]","[(0, 3588.021484375), (1, 3040.465576171875)]","[(0, 3130.1875), (1, 2851.63818359375)]"
9,"[(0, 7716.7978515625), (1, 7528.203125)]","[(0, 5638.4169921875), (1, 5391.947265625)]","[(0, 5601.90625), (1, 5491.1513671875)]","[(0, 7936.25341796875), (1, 7949.53173828125)]","[(0, 4505.3896484375), (1, 4494.25390625)]","[(0, 3946.79736328125), (1, 3806.7666015625)]","[(0, 5015.935546875), (1, 5213.43017578125)]","[(0, 3922.743896484375), (1, 3408.35986328125)]","[(0, 2163.7587890625), (1, 2639.9423828125)]","[(0, 5681.67529296875), (1, 5685.1982421875)]","[(0, 4824.67529296875), (1, 4291.78564453125)]"
10,"[(0, 8494.33984375), (1, 7922.66357421875)]","[(0, 3177.877197265625), (1, 2879.387939453125)]","[(0, 9023.8896484375), (1, 8821.4189453125)]","[(0, 5001.82958984375), (1, 5395.75390625)]","[(0, 3349.727783203125), (1, 3311.081298828125)]","[(0, 3214.364990234375), (1, 3531.22216796875)]","[(0, 6307.99853515625), (1, 6171.5068359375)]","[(0, 4439.759765625), (1, 3966.02880859375)]","[(0, 4731.65576171875), (1, 4759.484375)]","[(0, 3738.07470703125), (1, 3131.277099609375)]","[(0, 5132.505859375), (1, 5211.77001953125)]"
11,"[(0, 12061.8212890625), (1, 11980.84765625)]","[(0, 3512.9697265625), (1, 3250.38232421875)]","[(0, 3350.903564453125), (1, 3049.50537109375)]","[(0, 6186.96435546875), (1, 5819.61962890625)]","[(0, 3737.340576171875), (1, 2748.54931640625)]","[(0, 6998.86474609375), (1, 7342.6416015625)]","[(0, 6480.35302734375), (1, 6341.3359375)]","[(0, 3944.6259765625), (1, 2668.068603515625)]","[(0, 2297.075927734375), (1, 2842.56640625)]","[(0, 3259.719970703125), (1, 4771.55517578125)]","[(0, 4194.39404296875), (1, 4203.55615234375)]"
12,"[(0, 6502.7822265625), (1, 6471.3427734375)]","[(0, 3305.358154296875), (1, 3393.463134765625)]","[(0, 8552.2470703125), (1, 9451.87890625)]","[(0, 6046.90673828125), (1, 5902.736328125)]","[(0, 3729.47900390625), (1, 3985.080322265625)]","[(0, 6215.70068359375), (1, 5822.95068359375)]","[(0, 5275.27734375), (1, 4712.06689453125)]","[(0, 5940.15966796875), (1, 4475.10595703125)]","[(0, 2775.77880859375), (1, 3840.85546875)]","[(0, 4707.56640625), (1, 5060.64990234375)]","[(0, 5876.3828125), (1, 6070.22021484375)]"
13,"[(0, 4779.23291015625), (1, 4786.8369140625)]","[(0, 2730.041748046875), (1, 2869.23046875)]","[(0, 5928.1904296875), (1, 6029.50439453125)]","[(0, 9525.1748046875), (1, 9159.5107421875)]","[(0, 3994.8291015625), (1, 4364.32958984375)]","[(0, 5082.875), (1, 4871.919921875)]","[(0, 4708.0693359375), (1, 5026.50390625)]","[(0, 2922.970703125), (1, 4195.52197265625)]","[(0, 4119.642578125), (1, 2872.946044921875)]","[(0, 4362.01171875), (1, 4400.19140625)]","[(0, 2788.224365234375), (1, 2625.7333984375)]"
14,"[(0, 10311.6015625), (1, 10165.91015625)]","[(0, 3172.284423828125), (1, 3355.550048828125)]","[(0, 3735.170654296875), (1, 3637.8017578125)]","[(0, 10643.23046875), (1, 10678.7236328125)]","[(0, 4911.498046875), (1, 3372.30908203125)]","[(0, 6583.5654296875), (1, 6894.748046875)]","[(0, 3718.958984375), (1, 3473.860595703125)]","[(0, 3032.26171875), (1, 3065.872802734375)]","[(0, 3947.2451171875), (1, 3946.654296875)]","[(0, 3206.988525390625), (1, 3634.96142578125)]","[(0, 5988.3994140625), (1, 6413.85205078125)]"
15,"[(0, 8636.3798828125), (1, 8476.763671875)]","[(0, 4087.150390625), (1, 3966.92529296875)]","[(0, 3007.373779296875), (1, 2970.968017578125)]","[(0, 4558.4150390625), (1, 4998.73974609375)]","[(0, 3689.173095703125), (1, 3589.22607421875)]","[(0, 6626.55615234375), (1, 6917.17333984375)]","[(0, 5941.01513671875), (1, 6242.826171875)]","[(0, 3106.373291015625), (1, 3625.641357421875)]","[(0, 4083.7958984375), (1, 3451.415283203125)]","[(0, 3621.232177734375), (1, 4142.1015625)]","[(0, 2402.745849609375), (1, 2325.97802734375)]"
16,"[(0, 9037.7724609375), (1, 9048.44921875)]","[(0, 3951.55419921875), (1, 3902.099365234375)]","[(0, 6827.0869140625), (1, 6938.7724609375)]","[(0, 5974.7373046875), (1, 5554.34814453125)]","[(0, 4250.0771484375), (1, 4252.501953125)]","[(0, 5646.23583984375), (1, 5307.35595703125)]","[(0, 7818.251953125), (1, 7510.98486328125)]","[(0, 3440.47509765625), (1, 4999.7412109375)]","[(0, 2143.839111328125), (1, 2202.822021484375)]","[(0, 4731.9716796875), (1, 3640.62353515625)]","[(0, 4295.306640625), (1, 3994.4482421875)]"
17,"[(0, 9022.07421875), (1, 8770.609375)]","[(0, 4428.82373046875), (1, 4078.1796875)]","[(0, 6591.39306640625), (1, 6756.595703125)]","[(0, 4295.86376953125), (1, 4197.91943359375)]","[(0, 3920.0625), (1, 3970.142333984375)]","[(0, 5714.84033203125), (1, 5354.04443359375)]","[(0, 7249.41259765625), (1, 6914.06103515625)]","[(0, 3672.7236328125), (1, 3290.79248046875)]","[(0, 5247.3544921875), (1, 4637.82275390625)]","[(0, 4119.92138671875), (1, 4379.65234375)]","[(0, 6487.3525390625), (1, 6466.10498046875)]"
18,"[(0, 5482.9775390625), (1, 5657.5439453125)]","[(0, 3159.86865234375), (1, 3730.2900390625)]","[(0, 7336.4892578125), (1, 8100.294921875)]","[(0, 4565.90283203125), (1, 5022.57470703125)]","[(0, 7388.8701171875), (1, 5376.1171875)]","[(0, 5725.74560546875), (1, 6093.83349609375)]","[(0, 7857.3740234375), (1, 9154.8916015625)]","[(0, 6616.099609375), (1, 5850.30859375)]","[(0, 3194.58642578125), (1, 3177.289306640625)]","[(0, 5271.50537109375), (1, 5024.18017578125)]","[(0, 3368.009033203125), (1, 3002.207275390625)]"
19,"[(0, 8597.8466796875), (1, 8355.81640625)]","[(0, 3200.81982421875), (1, 3805.2568359375)]","[(0, 6361.1845703125), (1, 6846.2490234375)]","[(0, 5109.615234375), (1, 5080.24853515625)]","[(0, 4147.607421875), (1, 4367.6025390625)]","[(0, 6081.18896484375), (1, 5723.57275390625)]","[(0, 5837.61279296875), (1, 7003.2109375)]","[(0, 3701.81494140625), (1, 4813.7275390625)]","[(0, 4323.67724609375), (1, 2645.29296875)]","[(0, 2922.7880859375), (1, 2404.82421875)]","[(0, 5809.52734375), (1, 5488.654296875)]"
20,"[(0, 6517.3916015625), (1, 6610.01318359375)]","[(0, 3273.8046875), (1, 3769.98779296875)]","[(0, 7616.68896484375), (1, 7633.99609375)]","[(0, 4875.349609375), (1, 4732.44970703125)]","[(0, 6259.45263671875), (1, 4344.5380859375)]","[(0, 9730.5380859375), (1, 10079.2685546875)]","[(0, 4543.2080078125), (1, 4494.89208984375)]","[(0, 2857.03466796875), (1, 3283.16259765625)]","[(0, 2947.190185546875), (1, 2738.7763671875)]","[(0, 3722.745361328125), (1, 3520.7744140625)]","[(0, 6450.70703125), (1, 6152.8544921875)]"
21,"[(0, 9180.7802734375), (1, 9333.2744140625)]","[(0, 3382.326171875), (1, 3481.4853515625)]","[(0, 2972.0263671875), (1, 2870.40576171875)]","[(0, 6024.400390625), (1, 5776.12060546875)]","[(0, 4015.060302734375), (1, 4061.22265625)]","[(0, 4711.48291015625), (1, 5332.47900390625)]","[(0, 3732.727783203125), (1, 3835.021240234375)]","[(0, 2865.92138671875), (1, 2469.273681640625)]","[(0, 4052.877197265625), (1, 4178.94580078125)]","[(0, 2345.835693359375), (1, 2458.143798828125)]","[(0, 6759.02587890625), (1, 6785.427734375)]"
22,"[(0, 8187.70849609375), (1, 7587.22607421875)]","[(0, 3388.075927734375), (1, 3120.98583984375)]","[(0, 4936.3251953125), (1, 4789.9150390625)]","[(0, 10119.31640625), (1, 10131.14453125)]","[(0, 4728.87646484375), (1, 3553.935302734375)]","[(0, 9577.7060546875), (1, 8487.7646484375)]","[(0, 5966.6796875), (1, 5663.19580078125)]","[(0, 3524.567138671875), (1, 3381.59716796875)]","[(0, 5267.912109375), (1, 4245.44677734375)]","[(0, 3079.24072265625), (1, 3104.78271484375)]","[(0, 2727.0478515625), (1, 2602.55810546875)]"
23,"[(0, 11187.365234375), (1, 11114.7958984375)]","[(0, 6604.6826171875), (1, 7174.60205078125)]","[(0, 2805.020263671875), (1, 2935.7978515625)]","[(0, 6776.58154296875), (1, 7054.76025390625)]","[(0, 2669.215087890625), (1, 2743.96728515625)]","[(0, 9887.8720703125), (1, 9363.765625)]","[(0, 4384.3115234375), (1, 3746.290283203125)]","[(0, 3310.01416015625), (1, 3325.40380859375)]","[(0, 3726.89794921875), (1, 2782.47900390625)]","[(0, 2379.77734375), (1, 3288.618408203125)]","[(0, 5907.33203125), (1, 6175.82861328125)]"
24,"[(0, 8408.7041015625), (1, 8479.658203125)]","[(0, 5614.19140625), (1, 6152.419921875)]","[(0, 8964.1220703125), (1, 10331.98828125)]","[(0, 3047.84814453125), (1, 3088.012939453125)]","[(0, 4440.212890625), (1, 3161.906494140625)]","[(0, 5380.37451171875), (1, 5743.44287109375)]","[(0, 3506.422607421875), (1, 3142.84033203125)]","[(0, 5869.3203125), (1, 4834.6474609375)]","[(0, 5220.9033203125), (1, 4629.04296875)]","[(0, 3915.220458984375), (1, 3807.73583984375)]","[(0, 5258.78125), (1, 5305.38720703125)]"
25,"[(0, 6975.96826171875), (1, 7008.1083984375)]","[(0, 6646.4169921875), (1, 6307.80615234375)]","[(0, 10858.7294921875), (1, 11977.96875)]","[(0, 7206.56494140625), (1, 7220.41943359375)]","[(0, 4666.376953125), (1, 4015.087158203125)]","[(0, 3442.60546875), (1, 3727.95703125)]","[(0, 4257.9033203125), (1, 4504.27685546875)]","[(0, 2631.90087890625), (1, 2224.599609375)]","[(0, 4817.1767578125), (1, 4609.5673828125)]","[(0, 2175.570556640625), (1, 2206.785400390625)]","[(0, 5012.27294921875), (1, 4819.44677734375)]"
26,"[(0, 7853.6806640625), (1, 8234.37109375)]","[(0, 6142.43017578125), (1, 5918.7451171875)]","[(0, 10124.80859375), (1, 8868.34375)]","[(0, 8309.5576171875), (1, 7922.15771484375)]","[(0, 5595.4990234375), (1, 4588.72021484375)]","[(0, 4756.16748046875), (1, 4658.8623046875)]","[(0, 6964.74755859375), (1, 7645.63916015625)]","[(0, 4671.314453125), (1, 4040.88232421875)]","[(0, 3679.009033203125), (1, 4269.6748046875)]","[(0, 3086.755615234375), (1, 3341.830810546875)]","[(0, 5749.82763671875), (1, 5715.14013671875)]"
27,"[(0, 13611.302734375), (1, 13572.376953125)]","[(0, 3842.837646484375), (1, 3718.458984375)]","[(0, 5854.9189453125), (1, 5795.57080078125)]","[(0, 6499.6083984375), (1, 6462.46142578125)]","[(0, 4588.00244140625), (1, 4623.81005859375)]","[(0, 6819.80517578125), (1, 7750.01513671875)]","[(0, 6567.931640625), (1, 7788.447265625)]","[(0, 3709.1650390625), (1, 4389.38671875)]","[(0, 4781.7041015625), (1, 4190.34765625)]","[(0, 5470.927734375), (1, 5203.212890625)]","[(0, 3633.661865234375), (1, 3193.43505859375)]"
28,"[(0, 6209.041015625), (1, 6194.00146484375)]","[(0, 5902.86572265625), (1, 5725.205078125)]","[(0, 4391.01123046875), (1, 4283.7626953125)]","[(0, 4678.974609375), (1, 4654.3056640625)]","[(0, 4574.423828125), (1, 4520.310546875)]","[(0, 7972.48291015625), (1, 7277.80712890625)]","[(0, 9038.0654296875), (1, 9854.9609375)]","[(0, 4131.5205078125), (1, 4914.609375)]","[(0, 4129.95263671875), (1, 4086.799560546875)]","[(0, 4566.0595703125), (1, 4549.43408203125)]","[(0, 5583.1220703125), (1, 5828.6396484375)]"
29,"[(0, 7594.82666015625), (1, 7638.18359375)]","[(0, 5463.357421875), (1, 4693.51318359375)]","[(0, 3271.76953125), (1, 3286.235595703125)]","[(0, 5540.234375), (1, 5502.28076171875)]","[(0, 7292.73046875), (1, 5234.60400390625)]","[(0, 5746.056640625), (1, 5537.9677734375)]","[(0, 7608.927734375), (1, 7906.63232421875)]","[(0, 5586.5361328125), (1, 4480.14453125)]","[(0, 4295.68798828125), (1, 5481.81689453125)]","[(0, 4669.84912109375), (1, 4060.351318359375)]","[(0, 3810.3408203125), (1, 3689.662353515625)]"
30,"[(0, 9160.10546875), (1, 9033.2578125)]","[(0, 3897.7587890625), (1, 3858.50732421875)]","[(0, 11326.5703125), (1, 11265.607421875)]","[(0, 8000.68798828125), (1, 8040.92236328125)]","[(0, 8621.0), (1, 6080.42333984375)]","[(0, 5826.5556640625), (1, 6173.10791015625)]","[(0, 4054.183837890625), (1, 4128.6923828125)]","[(0, 2779.562744140625), (1, 2558.798095703125)]","[(0, 2500.140869140625), (1, 3068.953369140625)]","[(0, 3310.266845703125), (1, 3508.081787109375)]","[(0, 6273.69970703125), (1, 5683.31689453125)]"
31,"[(0, 7798.51806640625), (1, 7893.71875)]","[(0, 6496.29931640625), (1, 7084.45263671875)]","[(0, 4533.9931640625), (1, 4406.3310546875)]","[(0, 3974.6201171875), (1, 4334.33642578125)]","[(0, 5729.52001953125), (1, 6342.00048828125)]","[(0, 7150.35986328125), (1, 6850.6123046875)]","[(0, 4952.134765625), (1, 4860.8603515625)]","[(0, 4694.546875), (1, 4601.349609375)]","[(0, 3488.025634765625), (1, 4601.50341796875)]","[(0, 4937.82666015625), (1, 4591.01806640625)]","[(0, 4045.841064453125), (1, 3775.903076171875)]"
32,"[(0, 6774.8759765625), (1, 6742.71142578125)]","[(0, 6644.54736328125), (1, 6776.6396484375)]","[(0, 4608.0419921875), (1, 5170.10693359375)]","[(0, 5938.65869140625), (1, 5704.51611328125)]","[(0, 5257.01123046875), (1, 5865.02294921875)]","[(0, 8071.10009765625), (1, 8954.8095703125)]","[(0, 6362.45263671875), (1, 5677.17431640625)]","[(0, 2585.8486328125), (1, 3090.791259765625)]","[(0, 4082.829833984375), (1, 2920.585693359375)]","[(0, 3273.261474609375), (1, 3816.28662109375)]","[(0, 5619.96044921875), (1, 5781.45556640625)]"
33,"[(0, 9813.6572265625), (1, 10380.2841796875)]","[(0, 6857.638671875), (1, 6733.74072265625)]","[(0, 8770.6767578125), (1, 8484.2841796875)]","[(0, 6061.5947265625), (1, 6657.7412109375)]","[(0, 9727.1796875), (1, 6826.21484375)]","[(0, 5649.28955078125), (1, 6258.61083984375)]","[(0, 5350.30322265625), (1, 4618.7021484375)]","[(0, 4328.396484375), (1, 3817.163818359375)]","[(0, 3616.693603515625), (1, 2731.558837890625)]","[(0, 4619.7197265625), (1, 3846.324462890625)]","[(0, 3252.521728515625), (1, 2866.715576171875)]"
34,"[(0, 7114.81884765625), (1, 6629.052734375)]","[(0, 8228.349609375), (1, 7735.98486328125)]","[(0, 6774.1845703125), (1, 6694.5986328125)]","[(0, 6372.81884765625), (1, 6606.6357421875)]","[(0, 5194.75), (1, 4083.441162109375)]","[(0, 7604.3427734375), (1, 7285.95947265625)]","[(0, 4616.33349609375), (1, 4236.99755859375)]","[(0, 4093.578857421875), (1, 4579.26416015625)]","[(0, 2526.488525390625), (1, 2736.5244140625)]","[(0, 3752.0107421875), (1, 2969.561767578125)]","[(0, 4418.947265625), (1, 4244.4833984375)]"
35,"[(0, 9092.08984375), (1, 9060.0888671875)]","[(0, 5804.1884765625), (1, 5898.9716796875)]","[(0, 9690.0224609375), (1, 9791.435546875)]","[(0, 5517.361328125), (1, 5550.6787109375)]","[(0, 4136.0107421875), (1, 4039.445068359375)]","[(0, 7869.3203125), (1, 7527.77197265625)]","[(0, 8283.6611328125), (1, 8482.5703125)]","[(0, 6108.6357421875), (1, 5397.6376953125)]","[(0, 5318.28466796875), (1, 5032.2119140625)]","[(0, 5037.6328125), (1, 5471.0322265625)]","[(0, 4223.50732421875), (1, 4140.27294921875)]"
36,"[(0, 10935.0693359375), (1, 10750.9990234375)]","[(0, 5825.9501953125), (1, 5934.9501953125)]","[(0, 4441.0341796875), (1, 4193.8017578125)]","[(0, 6013.4140625), (1, 5874.80810546875)]","[(0, 4915.50927734375), (1, 4797.52685546875)]","[(0, 4090.75341796875), (1, 4507.61181640625)]","[(0, 7370.39599609375), (1, 8562.333984375)]","[(0, 4898.82568359375), (1, 5349.70068359375)]","[(0, 3831.3876953125), (1, 3063.736328125)]","[(0, 2530.3515625), (1, 2911.43359375)]","[(0, 8846.2978515625), (1, 8748.23046875)]"
37,"[(0, 11740.8515625), (1, 11197.67578125)]","[(0, 5976.72021484375), (1, 5545.5146484375)]","[(0, 5722.52490234375), (1, 5683.5615234375)]","[(0, 3991.84326171875), (1, 4258.09814453125)]","[(0, 3432.95361328125), (1, 3231.642333984375)]","[(0, 3494.368408203125), (1, 3892.472900390625)]","[(0, 6011.0517578125), (1, 6521.12109375)]","[(0, 2779.83837890625), (1, 2245.95703125)]","[(0, 3521.70458984375), (1, 3208.506103515625)]","[(0, 4208.9833984375), (1, 3942.89208984375)]","[(0, 3988.71142578125), (1, 3942.557373046875)]"
38,"[(0, 7129.53125), (1, 7150.2783203125)]","[(0, 5649.79638671875), (1, 5335.78076171875)]","[(0, 3139.640869140625), (1, 3278.581787109375)]","[(0, 5890.12890625), (1, 6225.732421875)]","[(0, 5641.47265625), (1, 3986.15234375)]","[(0, 4036.633544921875), (1, 3527.637451171875)]","[(0, 3745.84375), (1, 3806.498046875)]","[(0, 4469.91943359375), (1, 4010.01708984375)]","[(0, 3528.7578125), (1, 3971.589111328125)]","[(0, 2700.66748046875), (1, 2541.62646484375)]","[(0, 6436.73876953125), (1, 6715.29052734375)]"
39,"[(0, 6171.71923828125), (1, 6346.369140625)]","[(0, 3915.09716796875), (1, 3682.220703125)]","[(0, 10386.275390625), (1, 9115.0087890625)]","[(0, 6134.84912109375), (1, 5795.869140625)]","[(0, 5079.541015625), (1, 3446.685546875)]","[(0, 3139.24560546875), (1, 2854.8271484375)]","[(0, 3652.050048828125), (1, 4173.0361328125)]","[(0, 2520.445556640625), (1, 2947.66650390625)]","[(0, 4350.5458984375), (1, 4039.41796875)]","[(0, 3235.31201171875), (1, 3672.3837890625)]","[(0, 6291.705078125), (1, 6409.64501953125)]"
40,"[(0, 7105.0888671875), (1, 7187.73046875)]","[(0, 3143.65869140625), (1, 3005.123291015625)]","[(0, 5486.4140625), (1, 5267.5654296875)]","[(0, 4236.85595703125), (1, 4385.4453125)]","[(0, 3437.3271484375), (1, 3696.900634765625)]","[(0, 4930.4345703125), (1, 5157.65771484375)]","[(0, 4863.689453125), (1, 4425.85986328125)]","[(0, 3445.37744140625), (1, 3155.3515625)]","[(0, 2354.213134765625), (1, 2629.611328125)]","[(0, 2997.00927734375), (1, 3580.600341796875)]","[(0, 6365.8154296875), (1, 6996.2421875)]"
41,"[(0, 8620.91015625), (1, 8928.0166015625)]","[(0, 4423.9267578125), (1, 3984.517822265625)]","[(0, 9562.9482421875), (1, 9516.9482421875)]","[(0, 4709.87451171875), (1, 4771.5048828125)]","[(0, 3561.372802734375), (1, 3763.313720703125)]","[(0, 5871.04443359375), (1, 5843.02099609375)]","[(0, 7010.43505859375), (1, 7803.93408203125)]","[(0, 4816.26708984375), (1, 3882.3408203125)]","[(0, 2801.864013671875), (1, 2788.580810546875)]","[(0, 4024.23388671875), (1, 3904.8798828125)]","[(0, 2863.6728515625), (1, 2643.63720703125)]"
42,"[(0, 9023.5537109375), (1, 9123.17578125)]","[(0, 6868.5693359375), (1, 6969.55126953125)]","[(0, 5182.6953125), (1, 5219.5693359375)]","[(0, 7788.6103515625), (1, 7434.9287109375)]","[(0, 5772.1123046875), (1, 4266.1748046875)]","[(0, 4458.322265625), (1, 3924.510009765625)]","[(0, 7405.44091796875), (1, 6920.8623046875)]","[(0, 4327.69921875), (1, 2891.93408203125)]","[(0, 3076.387451171875), (1, 3279.519775390625)]","[(0, 4230.97314453125), (1, 3348.19482421875)]","[(0, 6439.6181640625), (1, 6327.984375)]"
43,"[(0, 7469.36181640625), (1, 7046.03271484375)]","[(0, 6841.19091796875), (1, 7111.1494140625)]","[(0, 7501.43505859375), (1, 8580.5302734375)]","[(0, 6215.3037109375), (1, 6604.38037109375)]","[(0, 6548.44873046875), (1, 4660.94189453125)]","[(0, 2778.57421875), (1, 3027.2431640625)]","[(0, 5759.3388671875), (1, 5535.2802734375)]","[(0, 4539.517578125), (1, 4087.6689453125)]","[(0, 2995.84619140625), (1, 2476.277587890625)]","[(0, 4259.2880859375), (1, 4645.29052734375)]","[(0, 5330.6845703125), (1, 5070.490234375)]"
44,"[(0, 14767.8017578125), (1, 14733.1533203125)]","[(0, 6827.58154296875), (1, 6633.13818359375)]","[(0, 4729.00732421875), (1, 4601.13916015625)]","[(0, 3342.61767578125), (1, 3425.60498046875)]","[(0, 7476.630859375), (1, 5060.7607421875)]","[(0, 3859.427490234375), (1, 3684.46533203125)]","[(0, 6668.6259765625), (1, 5990.32373046875)]","[(0, 3680.05126953125), (1, 3005.756591796875)]","[(0, 4278.49169921875), (1, 3282.041748046875)]","[(0, 4274.49462890625), (1, 4248.0224609375)]","[(0, 3457.7080078125), (1, 3386.8935546875)]"
45,"[(0, 8783.32421875), (1, 9041.3505859375)]","[(0, 5655.1005859375), (1, 4991.037109375)]","[(0, 10854.763671875), (1, 10937.9267578125)]","[(0, 4742.14990234375), (1, 4578.330078125)]","[(0, 6629.4326171875), (1, 6765.55859375)]","[(0, 4034.11669921875), (1, 3576.692626953125)]","[(0, 3537.47802734375), (1, 3888.299072265625)]","[(0, 4390.01025390625), (1, 4539.8642578125)]","[(0, 4404.65478515625), (1, 3224.235595703125)]","[(0, 3325.708251953125), (1, 3786.5771484375)]","[(0, 7828.5478515625), (1, 7870.37109375)]"
46,"[(0, 5399.552734375), (1, 5654.63671875)]","[(0, 3400.57421875), (1, 3177.6376953125)]","[(0, 6723.77490234375), (1, 6403.7978515625)]","[(0, 4147.94384765625), (1, 4024.268310546875)]","[(0, 6527.2998046875), (1, 6425.1904296875)]","[(0, 5658.09423828125), (1, 6152.73681640625)]","[(0, 4667.60546875), (1, 4220.39453125)]","[(0, 2214.048583984375), (1, 2488.932373046875)]","[(0, 5545.017578125), (1, 6173.2021484375)]","[(0, 6826.89794921875), (1, 7842.46923828125)]","[(0, 4450.89208984375), (1, 4036.14111328125)]"
47,"[(0, 12955.572265625), (1, 12741.9970703125)]","[(0, 3806.135009765625), (1, 3329.122802734375)]","[(0, 8993.7080078125), (1, 9096.7119140625)]","[(0, 6059.77978515625), (1, 6329.9638671875)]","[(0, 6466.61083984375), (1, 4612.58837890625)]","[(0, 4402.10546875), (1, 4660.26171875)]","[(0, 5449.01171875), (1, 5992.9697265625)]","[(0, 4575.24365234375), (1, 3101.0068359375)]","[(0, 2646.4208984375), (1, 2243.0576171875)]","[(0, 4704.81103515625), (1, 4792.39599609375)]","[(0, 3993.994873046875), (1, 3960.71826171875)]"
48,"[(0, 10370.0234375), (1, 10719.55859375)]","[(0, 4411.40576171875), (1, 3748.90625)]","[(0, 3563.842529296875), (1, 3500.8125)]","[(0, 4518.9833984375), (1, 4186.5966796875)]","[(0, 6662.07861328125), (1, 4672.01416015625)]","[(0, 5324.2470703125), (1, 4913.31591796875)]","[(0, 5233.5107421875), (1, 4481.576171875)]","[(0, 1958.643798828125), (1, 2189.388671875)]","[(0, 2550.670166015625), (1, 2748.72998046875)]","[(0, 3245.62744140625), (1, 2883.072509765625)]","[(0, 4494.720703125), (1, 4332.001953125)]"
49,"[(0, 8984.3896484375), (1, 8954.5439453125)]","[(0, 3322.338623046875), (1, 2887.97900390625)]","[(0, 5034.99609375), (1, 5553.78662109375)]","[(0, 3504.18310546875), (1, 3611.4375)]","[(0, 5861.25439453125), (1, 5692.50634765625)]","[(0, 8260.96484375), (1, 7894.1328125)]","[(0, 5196.1025390625), (1, 5817.2998046875)]","[(0, 5767.18212890625), (1, 5693.1845703125)]","[(0, 2761.79345703125), (1, 2699.66552734375)]","[(0, 4223.93408203125), (1, 4214.498046875)]","[(0, 4359.2177734375), (1, 4120.5107421875)]"
50,"[(0, 7828.28662109375), (1, 7922.24072265625)]","[(0, 3296.1728515625), (1, 2904.629150390625)]","[(0, 4561.25927734375), (1, 4085.1904296875)]","[(0, 4709.87451171875), (1, 4923.6591796875)]","[(0, 5515.89892578125), (1, 5211.22802734375)]","[(0, 6287.55419921875), (1, 6523.4228515625)]","[(0, 8134.05322265625), (1, 9401.794921875)]","[(0, 3595.6015625), (1, 3620.7001953125)]","[(0, 3642.870361328125), (1, 4588.34814453125)]","[(0, 2633.413330078125), (1, 2553.146484375)]","[(0, 3924.5849609375), (1, 3713.168212890625)]"
51,"[(0, 8398.93359375), (1, 8746.1865234375)]","[(0, 3489.80224609375), (1, 3572.755126953125)]","[(0, 6761.35986328125), (1, 6690.373046875)]","[(0, 6277.4404296875), (1, 6549.57958984375)]","[(0, 7341.82275390625), (1, 5159.5712890625)]","[(0, 4736.12939453125), (1, 5072.18798828125)]","[(0, 7407.65185546875), (1, 7752.4248046875)]","[(0, 4839.56884765625), (1, 4328.4091796875)]","[(0, 4008.021240234375), (1, 3642.936279296875)]","[(0, 7398.4169921875), (1, 7151.1650390625)]","[(0, 5611.4453125), (1, 4929.4990234375)]"
52,"[(0, 10020.4697265625), (1, 10339.380859375)]","[(0, 5526.3505859375), (1, 5533.04736328125)]","[(0, 4605.23046875), (1, 4687.6484375)]","[(0, 5777.9111328125), (1, 5908.046875)]","[(0, 6794.11767578125), (1, 4704.4921875)]","[(0, 3475.10986328125), (1, 3191.7119140625)]","[(0, 3678.3388671875), (1, 3495.91162109375)]","[(0, 3732.877197265625), (1, 3944.23095703125)]","[(0, 3758.33544921875), (1, 4313.17529296875)]","[(0, 3232.97998046875), (1, 3900.145751953125)]","[(0, 5301.12890625), (1, 4540.3271484375)]"
53,"[(0, 8193.73046875), (1, 7824.33056640625)]","[(0, 6147.83349609375), (1, 6063.90771484375)]","[(0, 11175.46484375), (1, 10943.2490234375)]","[(0, 6441.67626953125), (1, 6610.7890625)]","[(0, 5114.17333984375), (1, 5194.24951171875)]","[(0, 4300.09375), (1, 3890.2275390625)]","[(0, 4242.7392578125), (1, 4779.08251953125)]","[(0, 2560.96826171875), (1, 3330.879150390625)]","[(0, 3475.82568359375), (1, 2598.332275390625)]","[(0, 3305.815185546875), (1, 4166.5458984375)]","[(0, 3912.312744140625), (1, 3057.0615234375)]"
54,"[(0, 8388.4716796875), (1, 8770.9521484375)]","[(0, 5647.7275390625), (1, 5521.6142578125)]","[(0, 5211.10888671875), (1, 5044.73876953125)]","[(0, 7520.43896484375), (1, 8268.673828125)]","[(0, 4999.35498046875), (1, 5075.62841796875)]","[(0, 5900.18115234375), (1, 6417.54150390625)]","[(0, 7202.4560546875), (1, 7000.306640625)]","[(0, 3635.464111328125), (1, 4174.18603515625)]","[(0, 4508.05029296875), (1, 3462.28125)]","[(0, 2674.490966796875), (1, 2475.160888671875)]","[(0, 3648.635009765625), (1, 3471.30078125)]"
55,"[(0, 7409.49609375), (1, 7077.57763671875)]","[(0, 4924.2412109375), (1, 5314.99365234375)]","[(0, 12245.1669921875), (1, 11067.0400390625)]","[(0, 5511.61865234375), (1, 5588.9501953125)]","[(0, 4666.568359375), (1, 3302.22021484375)]","[(0, 7725.19921875), (1, 8393.2724609375)]","[(0, 8370.2119140625), (1, 8498.8701171875)]","[(0, 3897.677001953125), (1, 4290.45556640625)]","[(0, 3528.337158203125), (1, 2682.903076171875)]","[(0, 3629.9765625), (1, 4609.20703125)]","[(0, 4333.58837890625), (1, 4438.6083984375)]"
56,"[(0, 9144.4990234375), (1, 8640.3349609375)]","[(0, 4594.083984375), (1, 4922.44287109375)]","[(0, 7250.11083984375), (1, 7496.55810546875)]","[(0, 3954.117431640625), (1, 4124.94189453125)]","[(0, 4533.25341796875), (1, 3190.97216796875)]","[(0, 5243.177734375), (1, 4903.83203125)]","[(0, 5783.20361328125), (1, 5742.654296875)]","[(0, 3287.65869140625), (1, 3212.60302734375)]","[(0, 5107.4765625), (1, 5237.6201171875)]","[(0, 3727.79345703125), (1, 3519.199951171875)]","[(0, 4592.7568359375), (1, 4550.6748046875)]"
57,"[(0, 6960.07958984375), (1, 7099.48779296875)]","[(0, 5245.2080078125), (1, 5013.759765625)]","[(0, 9853.2685546875), (1, 10679.7724609375)]","[(0, 6331.15966796875), (1, 6293.451171875)]","[(0, 4269.3330078125), (1, 4241.67138671875)]","[(0, 4877.861328125), (1, 4400.3046875)]","[(0, 2508.87451171875), (1, 2606.5810546875)]","[(0, 2714.121826171875), (1, 3326.549072265625)]","[(0, 4033.82080078125), (1, 3914.25341796875)]","[(0, 4430.03173828125), (1, 4705.97314453125)]","[(0, 4186.47705078125), (1, 3745.975830078125)]"
58,"[(0, 10350.173828125), (1, 10523.6279296875)]","[(0, 5148.8359375), (1, 4840.14599609375)]","[(0, 5397.26708984375), (1, 5152.81982421875)]","[(0, 6011.2236328125), (1, 6357.521484375)]","[(0, 5092.326171875), (1, 4939.31494140625)]","[(0, 6146.7021484375), (1, 6587.0634765625)]","[(0, 11081.4130859375), (1, 9964.359375)]","[(0, 3589.80810546875), (1, 3198.05224609375)]","[(0, 3610.903564453125), (1, 3246.435546875)]","[(0, 2970.67333984375), (1, 3499.814453125)]","[(0, 3590.037353515625), (1, 3654.1962890625)]"
59,"[(0, 9753.0576171875), (1, 10063.333984375)]","[(0, 7312.06982421875), (1, 7028.82421875)]","[(0, 8941.4375), (1, 8980.0625)]","[(0, 7851.08203125), (1, 7553.005859375)]","[(0, 4720.80224609375), (1, 3359.587890625)]","[(0, 7503.4814453125), (1, 8131.1767578125)]","[(0, 6436.78173828125), (1, 5764.88916015625)]","[(0, 7137.42236328125), (1, 6583.4208984375)]","[(0, 2426.775634765625), (1, 2115.0771484375)]","[(0, 3875.393798828125), (1, 3456.52783203125)]","[(0, 4029.606689453125), (1, 3718.802978515625)]"
60,"[(0, 8911.5224609375), (1, 8433.037109375)]","[(0, 8497.2734375), (1, 8200.1884765625)]","[(0, 8178.10986328125), (1, 7875.6796875)]","[(0, 4181.7763671875), (1, 4108.55078125)]","[(0, 5240.892578125), (1, 3553.84716796875)]","[(0, 5852.7529296875), (1, 5329.052734375)]","[(0, 5389.4541015625), (1, 5294.6162109375)]","[(0, 2757.257568359375), (1, 3636.525390625)]","[(0, 4638.8935546875), (1, 3272.68701171875)]","[(0, 5127.69677734375), (1, 4596.9150390625)]","[(0, 7370.705078125), (1, 7044.00341796875)]"
61,"[(0, 5480.80810546875), (1, 5639.0576171875)]","[(0, 7710.765625), (1, 7147.12890625)]","[(0, 10476.1943359375), (1, 10826.9228515625)]","[(0, 5299.4658203125), (1, 5497.7119140625)]","[(0, 3516.482421875), (1, 3395.379638671875)]","[(0, 4595.62646484375), (1, 4225.59814453125)]","[(0, 4266.23974609375), (1, 4499.48974609375)]","[(0, 3635.98095703125), (1, 4064.625)]","[(0, 3561.09765625), (1, 2889.822265625)]","[(0, 5105.89892578125), (1, 4561.89013671875)]","[(0, 2429.6552734375), (1, 2306.48876953125)]"
62,"[(0, 9642.6220703125), (1, 9010.5)]","[(0, 5608.224609375), (1, 5118.29638671875)]","[(0, 6651.49609375), (1, 7436.162109375)]","[(0, 8379.9560546875), (1, 8007.19091796875)]","[(0, 3381.61328125), (1, 3359.972412109375)]","[(0, 10587.96484375), (1, 11390.2734375)]","[(0, 6681.2109375), (1, 6396.98583984375)]","[(0, 2493.048095703125), (1, 4031.64794921875)]","[(0, 4358.8681640625), (1, 3059.164306640625)]","[(0, 3079.176025390625), (1, 2927.97998046875)]","[(0, 5147.3388671875), (1, 5121.40673828125)]"
63,"[(0, 10938.9599609375), (1, 11107.0595703125)]","[(0, 3466.943359375), (1, 3141.234130859375)]","[(0, 4177.99365234375), (1, 4556.9677734375)]","[(0, 5130.318359375), (1, 5437.373046875)]","[(0, 7147.19677734375), (1, 4905.18798828125)]","[(0, 4814.205078125), (1, 5196.9248046875)]","[(0, 5620.51806640625), (1, 5820.63525390625)]","[(0, 3641.338623046875), (1, 4791.67431640625)]","[(0, 3658.310791015625), (1, 2266.849365234375)]","[(0, 6664.322265625), (1, 5863.5244140625)]","[(0, 4677.06982421875), (1, 4647.9892578125)]"
64,"[(0, 4411.22900390625), (1, 4529.13525390625)]","[(0, 3098.5087890625), (1, 3844.182861328125)]","[(0, 6074.26220703125), (1, 5957.16748046875)]","[(0, 5294.47509765625), (1, 5373.95947265625)]","[(0, 7073.25927734375), (1, 4783.59716796875)]","[(0, 3619.491943359375), (1, 3242.676025390625)]","[(0, 8580.4892578125), (1, 10581.1005859375)]","[(0, 3894.75634765625), (1, 3039.059326171875)]","[(0, 2743.641357421875), (1, 2627.079833984375)]","[(0, 2938.166259765625), (1, 3436.858154296875)]","[(0, 6428.8251953125), (1, 6740.365234375)]"
65,"[(0, 9138.0556640625), (1, 9112.462890625)]","[(0, 3012.6298828125), (1, 3829.97021484375)]","[(0, 6030.33837890625), (1, 6741.07177734375)]","[(0, 5548.02197265625), (1, 5742.29345703125)]","[(0, 6367.98291015625), (1, 6214.349609375)]","[(0, 4634.97119140625), (1, 4524.0673828125)]","[(0, 9572.857421875), (1, 10902.923828125)]","[(0, 3263.695068359375), (1, 3376.70849609375)]","[(0, 4241.189453125), (1, 3640.4775390625)]","[(0, 4174.08251953125), (1, 3864.75341796875)]","[(0, 5343.68408203125), (1, 5106.3076171875)]"
66,"[(0, 8072.64013671875), (1, 7937.2822265625)]","[(0, 3608.270263671875), (1, 3995.964599609375)]","[(0, 8925.939453125), (1, 8299.048828125)]","[(0, 5938.65869140625), (1, 5537.9677734375)]","[(0, 6227.775390625), (1, 5878.36669921875)]","[(0, 6790.84033203125), (1, 7391.09033203125)]","[(0, 4552.7412109375), (1, 4046.04931640625)]","[(0, 3862.712158203125), (1, 3761.842529296875)]","[(0, 2286.307861328125), (1, 2282.400634765625)]","[(0, 3322.699951171875), (1, 3856.4951171875)]","[(0, 6131.81298828125), (1, 6545.33349609375)]"
67,"[(0, 12243.216796875), (1, 12267.234375)]","[(0, 3352.27490234375), (1, 3431.938720703125)]","[(0, 6386.67822265625), (1, 6601.01123046875)]","[(0, 5592.56005859375), (1, 5448.88134765625)]","[(0, 4867.3134765625), (1, 3822.672119140625)]","[(0, 5630.46484375), (1, 5677.91064453125)]","[(0, 4844.21435546875), (1, 5198.26806640625)]","[(0, 3490.461669921875), (1, 3212.94921875)]","[(0, 5571.27734375), (1, 4687.57666015625)]","[(0, 3846.394287109375), (1, 2696.336181640625)]","[(0, 4197.03076171875), (1, 4085.498046875)]"
68,"[(0, 8650.8642578125), (1, 8942.8701171875)]","[(0, 3835.533203125), (1, 3715.9208984375)]","[(0, 5559.39892578125), (1, 5829.22900390625)]","[(0, 4792.08984375), (1, 4749.49951171875)]","[(0, 9572.5107421875), (1, 6719.83251953125)]","[(0, 6553.89697265625), (1, 6389.572265625)]","[(0, 4535.46728515625), (1, 5352.78369140625)]","[(0, 4733.939453125), (1, 5810.09814453125)]","[(0, 2422.919189453125), (1, 2758.52001953125)]","[(0, 3379.733642578125), (1, 4238.54931640625)]","[(0, 5734.08984375), (1, 5664.77294921875)]"
69,"[(0, 6877.37841796875), (1, 6624.31298828125)]","[(0, 3486.768310546875), (1, 4047.75537109375)]","[(0, 7105.25146484375), (1, 6965.48486328125)]","[(0, 5194.8984375), (1, 4971.17578125)]","[(0, 9617.732421875), (1, 6691.1962890625)]","[(0, 7356.84228515625), (1, 6858.61328125)]","[(0, 6469.58984375), (1, 7574.689453125)]","[(0, 3115.011962890625), (1, 3422.117431640625)]","[(0, 3454.758056640625), (1, 3031.154541015625)]","[(0, 5434.98828125), (1, 5500.87451171875)]","[(0, 6092.82177734375), (1, 6282.44775390625)]"
70,"[(0, 9429.712890625), (1, 9438.5205078125)]","[(0, 3628.287353515625), (1, 3838.358154296875)]","[(0, 10285.5458984375), (1, 10502.4228515625)]","[(0, 9185.0888671875), (1, 10163.0205078125)]","[(0, 6668.82958984375), (1, 6453.6728515625)]","[(0, 9228.2080078125), (1, 10213.759765625)]","[(0, 4601.57763671875), (1, 4104.20751953125)]","[(0, 3608.2978515625), (1, 2431.169677734375)]","[(0, 4475.818359375), (1, 4705.06201171875)]","[(0, 3069.15234375), (1, 3429.046630859375)]","[(0, 4354.18994140625), (1, 4236.24609375)]"
71,"[(0, 8963.720703125), (1, 8975.859375)]","[(0, 3583.391357421875), (1, 3415.287109375)]","[(0, 5813.7060546875), (1, 5697.8017578125)]","[(0, 5069.07861328125), (1, 5538.25830078125)]","[(0, 6163.8017578125), (1, 6023.4931640625)]","[(0, 4405.2216796875), (1, 4861.42578125)]","[(0, 4780.048828125), (1, 5077.439453125)]","[(0, 4168.72802734375), (1, 3674.696044921875)]","[(0, 4018.113525390625), (1, 4299.81494140625)]","[(0, 3791.372314453125), (1, 3745.05078125)]","[(0, 7822.06298828125), (1, 7880.27734375)]"
72,"[(0, 7530.177734375), (1, 7419.60791015625)]","[(0, 3508.844482421875), (1, 3223.633056640625)]","[(0, 7196.455078125), (1, 7226.55029296875)]","[(0, 7077.04443359375), (1, 7393.91015625)]","[(0, 7564.3662109375), (1, 5193.8134765625)]","[(0, 9183.2578125), (1, 8010.078125)]","[(0, 5856.10302734375), (1, 6919.654296875)]","[(0, 4511.146484375), (1, 3375.5205078125)]","[(0, 2980.875732421875), (1, 3930.862548828125)]","[(0, 5356.638671875), (1, 4809.859375)]","[(0, 3314.297607421875), (1, 2821.67236328125)]"
73,"[(0, 8901.7724609375), (1, 8648.380859375)]","[(0, 4132.75), (1, 4442.9912109375)]","[(0, 3994.950927734375), (1, 4251.91357421875)]","[(0, 6464.5947265625), (1, 5995.021484375)]","[(0, 5776.9140625), (1, 6101.171875)]","[(0, 10022.791015625), (1, 9145.37109375)]","[(0, 6586.4794921875), (1, 6575.45849609375)]","[(0, 3370.431640625), (1, 3760.51904296875)]","[(0, 2828.066650390625), (1, 2706.9228515625)]","[(0, 3381.45849609375), (1, 3645.789794921875)]","[(0, 7148.68994140625), (1, 6934.55126953125)]"
74,"[(0, 10199.966796875), (1, 10139.640625)]","[(0, 4183.0849609375), (1, 4435.4091796875)]","[(0, 7266.00341796875), (1, 6889.076171875)]","[(0, 4230.94482421875), (1, 4510.58740234375)]","[(0, 5236.90576171875), (1, 5304.94189453125)]","[(0, 6473.8857421875), (1, 6866.041015625)]","[(0, 9225.638671875), (1, 8751.29296875)]","[(0, 3631.302490234375), (1, 3633.536865234375)]","[(0, 3441.73876953125), (1, 4366.35302734375)]","[(0, 4669.58251953125), (1, 3951.693603515625)]","[(0, 3650.904541015625), (1, 3544.877197265625)]"
75,"[(0, 6814.99365234375), (1, 6961.11474609375)]","[(0, 4236.09228515625), (1, 4651.2841796875)]","[(0, 4139.08056640625), (1, 3978.879150390625)]","[(0, 5030.4794921875), (1, 4981.27001953125)]","[(0, 4032.62060546875), (1, 2777.385986328125)]","[(0, 4159.3798828125), (1, 4401.76953125)]","[(0, 6822.10791015625), (1, 6577.99853515625)]","[(0, 3995.240478515625), (1, 3500.90283203125)]","[(0, 4182.9931640625), (1, 3988.464111328125)]","[(0, 3066.390380859375), (1, 3975.837158203125)]","[(0, 3425.977294921875), (1, 2929.968994140625)]"
76,"[(0, 7872.427734375), (1, 7231.2802734375)]","[(0, 4252.17333984375), (1, 4381.4990234375)]","[(0, 4184.93994140625), (1, 4344.26416015625)]","[(0, 3836.857666015625), (1, 3957.350341796875)]","[(0, 3117.086181640625), (1, 3332.607421875)]","[(0, 9236.93359375), (1, 8346.3466796875)]","[(0, 4380.3916015625), (1, 4649.048828125)]","[(0, 3816.661376953125), (1, 3849.0107421875)]","[(0, 4581.36962890625), (1, 5097.802734375)]","[(0, 4957.611328125), (1, 3855.222900390625)]","[(0, 6359.50439453125), (1, 6318.45654296875)]"
77,"[(0, 7260.912109375), (1, 7195.84423828125)]","[(0, 4478.9013671875), (1, 3986.84033203125)]","[(0, 4925.5703125), (1, 4853.6064453125)]","[(0, 4723.65234375), (1, 4367.23583984375)]","[(0, 5771.1708984375), (1, 4003.22705078125)]","[(0, 5656.16845703125), (1, 5254.24462890625)]","[(0, 8565.87890625), (1, 9697.9267578125)]","[(0, 2846.850341796875), (1, 2620.701416015625)]","[(0, 3699.312744140625), (1, 2384.03515625)]","[(0, 3830.46337890625), (1, 4005.124755859375)]","[(0, 6431.5419921875), (1, 6673.9892578125)]"
78,"[(0, 8672.2080078125), (1, 9151.5302734375)]","[(0, 8467.6337890625), (1, 8126.06787109375)]","[(0, 6932.81884765625), (1, 7184.482421875)]","[(0, 5804.4873046875), (1, 5620.5341796875)]","[(0, 5461.98681640625), (1, 3806.178466796875)]","[(0, 7120.2763671875), (1, 7543.18701171875)]","[(0, 8321.080078125), (1, 9076.693359375)]","[(0, 6662.1357421875), (1, 5066.3671875)]","[(0, 4975.3544921875), (1, 4381.6572265625)]","[(0, 1828.69482421875), (1, 2188.048583984375)]","[(0, 5440.4072265625), (1, 4636.6689453125)]"
79,"[(0, 6418.3251953125), (1, 6152.390625)]","[(0, 9668.03515625), (1, 9435.443359375)]","[(0, 6341.93408203125), (1, 6074.0537109375)]","[(0, 4335.55615234375), (1, 3788.777099609375)]","[(0, 3799.98388671875), (1, 3921.673828125)]","[(0, 6291.0751953125), (1, 6906.96337890625)]","[(0, 3513.438720703125), (1, 3235.793212890625)]","[(0, 3585.428466796875), (1, 4560.18505859375)]","[(0, 4183.62744140625), (1, 3661.741943359375)]","[(0, 4906.13330078125), (1, 5385.5390625)]","[(0, 3796.22412109375), (1, 3550.317626953125)]"
80,"[(0, 6988.37353515625), (1, 7027.2763671875)]","[(0, 8725.3671875), (1, 8029.90234375)]","[(0, 9895.84375), (1, 8539.810546875)]","[(0, 6359.58935546875), (1, 6085.37744140625)]","[(0, 6021.017578125), (1, 4424.3193359375)]","[(0, 6242.6357421875), (1, 5604.236328125)]","[(0, 7201.29541015625), (1, 7989.22802734375)]","[(0, 3264.896728515625), (1, 2819.14794921875)]","[(0, 3326.28564453125), (1, 3364.323486328125)]","[(0, 3781.928955078125), (1, 4109.78515625)]","[(0, 4882.67822265625), (1, 4483.6455078125)]"
81,"[(0, 6751.26904296875), (1, 6214.10595703125)]","[(0, 7985.51806640625), (1, 7548.5048828125)]","[(0, 12056.6806640625), (1, 11993.537109375)]","[(0, 3880.67138671875), (1, 3560.302978515625)]","[(0, 5883.99267578125), (1, 4286.32080078125)]","[(0, 6853.68994140625), (1, 6319.30029296875)]","[(0, 6760.134765625), (1, 8277.849609375)]","[(0, 2880.06201171875), (1, 2474.418701171875)]","[(0, 2975.94189453125), (1, 2835.931396484375)]","[(0, 3782.20654296875), (1, 3395.18212890625)]","[(0, 5043.458984375), (1, 4789.6455078125)]"
82,"[(0, 5855.63330078125), (1, 5520.21875)]","[(0, 4529.97314453125), (1, 4310.732421875)]","[(0, 6801.38525390625), (1, 6650.93115234375)]","[(0, 8117.70263671875), (1, 8256.6572265625)]","[(0, 4647.1962890625), (1, 4871.576171875)]","[(0, 6663.826171875), (1, 7275.6904296875)]","[(0, 9054.1376953125), (1, 10353.3330078125)]","[(0, 4785.45849609375), (1, 3878.74365234375)]","[(0, 3723.43408203125), (1, 3048.97314453125)]","[(0, 3508.824462890625), (1, 3346.850830078125)]","[(0, 4269.56494140625), (1, 4132.17041015625)]"
83,"[(0, 8296.0810546875), (1, 8506.16015625)]","[(0, 3977.236328125), (1, 4243.72265625)]","[(0, 5743.76611328125), (1, 5704.57080078125)]","[(0, 5403.73046875), (1, 5061.1708984375)]","[(0, 4747.98291015625), (1, 3268.591552734375)]","[(0, 6974.19189453125), (1, 7976.06494140625)]","[(0, 4447.18408203125), (1, 4008.197021484375)]","[(0, 3070.305908203125), (1, 2761.45361328125)]","[(0, 4995.3369140625), (1, 4714.224609375)]","[(0, 3590.1435546875), (1, 2427.79150390625)]","[(0, 2854.976806640625), (1, 2770.8818359375)]"
84,"[(0, 11946.859375), (1, 11890.787109375)]","[(0, 3973.0322265625), (1, 4192.837890625)]","[(0, 12565.33203125), (1, 11999.7041015625)]","[(0, 5945.0166015625), (1, 6222.66357421875)]","[(0, 4639.9599609375), (1, 3127.7705078125)]","[(0, 7211.3427734375), (1, 7258.49560546875)]","[(0, 4628.71630859375), (1, 5021.35888671875)]","[(0, 5090.068359375), (1, 5072.0087890625)]","[(0, 2987.07666015625), (1, 3299.481201171875)]","[(0, 3608.38037109375), (1, 3601.239990234375)]","[(0, 4751.72900390625), (1, 4266.16650390625)]"
85,"[(0, 10833.5537109375), (1, 10886.4453125)]","[(0, 4640.87158203125), (1, 4370.6025390625)]","[(0, 6946.41943359375), (1, 6989.212890625)]","[(0, 9575.9072265625), (1, 9942.716796875)]","[(0, 3069.854736328125), (1, 2927.893798828125)]","[(0, 5238.4794921875), (1, 4971.9345703125)]","[(0, 11107.896484375), (1, 11475.6689453125)]","[(0, 3478.269775390625), (1, 4435.5615234375)]","[(0, 5374.6611328125), (1, 4591.666015625)]","[(0, 4857.69091796875), (1, 3701.39501953125)]","[(0, 5438.63330078125), (1, 5112.193359375)]"
86,"[(0, 6297.13134765625), (1, 6343.62158203125)]","[(0, 4748.13232421875), (1, 4372.4658203125)]","[(0, 3685.681396484375), (1, 3881.300537109375)]","[(0, 3658.10498046875), (1, 3724.325439453125)]","[(0, 2794.581787109375), (1, 2894.487548828125)]","[(0, 7035.93310546875), (1, 7841.20556640625)]","[(0, 8909.373046875), (1, 9104.6884765625)]","[(0, 3890.153564453125), (1, 4192.38623046875)]","[(0, 3879.834716796875), (1, 3833.551025390625)]","[(0, 3214.37109375), (1, 3813.85986328125)]","[(0, 7201.919921875), (1, 7790.2744140625)]"
87,"[(0, 7605.81494140625), (1, 7626.98095703125)]","[(0, 6020.33984375), (1, 6558.2177734375)]","[(0, 6400.91015625), (1, 6808.63427734375)]","[(0, 3600.6494140625), (1, 3822.722900390625)]","[(0, 4974.56689453125), (1, 3486.5888671875)]","[(0, 3416.091552734375), (1, 3746.383056640625)]","[(0, 10113.228515625), (1, 9287.166015625)]","[(0, 3603.359619140625), (1, 3959.5927734375)]","[(0, 2756.517578125), (1, 2898.0302734375)]","[(0, 4633.81787109375), (1, 4688.9453125)]","[(0, 7886.509765625), (1, 8229.57421875)]"
88,"[(0, 7689.89453125), (1, 7480.2470703125)]","[(0, 6236.197265625), (1, 6761.5078125)]","[(0, 5853.17724609375), (1, 5687.38916015625)]","[(0, 6212.8740234375), (1, 6679.84765625)]","[(0, 6523.677734375), (1, 4714.984375)]","[(0, 3548.702880859375), (1, 3234.59912109375)]","[(0, 8414.1826171875), (1, 7539.52587890625)]","[(0, 4661.177734375), (1, 5422.08203125)]","[(0, 3895.625732421875), (1, 4654.58984375)]","[(0, 4753.8818359375), (1, 5619.97119140625)]","[(0, 3630.8974609375), (1, 3511.794189453125)]"
89,"[(0, 11178.640625), (1, 11312.9140625)]","[(0, 6530.28857421875), (1, 6735.59716796875)]","[(0, 10095.8056640625), (1, 8293.2333984375)]","[(0, 8432.6103515625), (1, 8767.482421875)]","[(0, 6567.931640625), (1, 4616.87939453125)]","[(0, 5291.85986328125), (1, 5461.4716796875)]","[(0, 6167.53564453125), (1, 5508.97509765625)]","[(0, 4099.53662109375), (1, 4942.5849609375)]","[(0, 4728.6064453125), (1, 6350.61328125)]","[(0, 3209.809814453125), (1, 2880.2392578125)]","[(0, 4559.50634765625), (1, 4296.90869140625)]"
90,"[(0, 8748.623046875), (1, 8564.7265625)]","[(0, 6313.90869140625), (1, 5564.703125)]","[(0, 10533.2578125), (1, 9142.6064453125)]","[(0, 4940.47412109375), (1, 5279.03662109375)]","[(0, 4088.08203125), (1, 4175.3408203125)]","[(0, 3905.99755859375), (1, 3597.587890625)]","[(0, 10340.8203125), (1, 9015.7431640625)]","[(0, 2659.73828125), (1, 2843.506103515625)]","[(0, 3914.903076171875), (1, 3923.41748046875)]","[(0, 2599.513427734375), (1, 2588.503662109375)]","[(0, 6896.55029296875), (1, 6630.0712890625)]"
91,"[(0, 11887.2490234375), (1, 12097.994140625)]","[(0, 4564.46630859375), (1, 3768.9921875)]","[(0, 10780.5263671875), (1, 10466.8466796875)]","[(0, 5413.5927734375), (1, 5327.28466796875)]","[(0, 9533.736328125), (1, 6850.27880859375)]","[(0, 3530.289306640625), (1, 3337.594482421875)]","[(0, 6315.13720703125), (1, 5825.77783203125)]","[(0, 3982.4892578125), (1, 3088.42822265625)]","[(0, 4184.908203125), (1, 3052.746826171875)]","[(0, 3705.340087890625), (1, 2760.559814453125)]","[(0, 6935.23974609375), (1, 7004.3271484375)]"
92,"[(0, 10687.556640625), (1, 11167.388671875)]","[(0, 6036.54150390625), (1, 6594.98974609375)]","[(0, 6113.478515625), (1, 5756.6318359375)]","[(0, 4272.87646484375), (1, 4278.65087890625)]","[(0, 8578.263671875), (1, 6131.35107421875)]","[(0, 4927.0927734375), (1, 5127.041015625)]","[(0, 4302.47314453125), (1, 4627.82470703125)]","[(0, 3374.162109375), (1, 2911.22119140625)]","[(0, 3322.471923828125), (1, 3473.095458984375)]","[(0, 3547.846923828125), (1, 4958.5712890625)]","[(0, 4593.23388671875), (1, 4000.105224609375)]"
93,"[(0, 7181.337890625), (1, 7408.36572265625)]","[(0, 5681.87060546875), (1, 6127.75048828125)]","[(0, 3799.6396484375), (1, 3705.7216796875)]","[(0, 3660.92822265625), (1, 3769.2041015625)]","[(0, 3842.321044921875), (1, 4090.03955078125)]","[(0, 5744.927734375), (1, 6178.974609375)]","[(0, 8030.53076171875), (1, 7892.10791015625)]","[(0, 5165.8095703125), (1, 5625.751953125)]","[(0, 2621.088623046875), (1, 3112.70458984375)]","[(0, 2224.162353515625), (1, 2792.75537109375)]","[(0, 6388.90771484375), (1, 5986.28076171875)]"
94,"[(0, 11324.798828125), (1, 11562.0234375)]","[(0, 6585.009765625), (1, 6232.58837890625)]","[(0, 11371.7900390625), (1, 8562.0478515625)]","[(0, 5567.11279296875), (1, 5676.703125)]","[(0, 5042.72802734375), (1, 3572.509765625)]","[(0, 5184.77197265625), (1, 4940.29052734375)]","[(0, 4639.71630859375), (1, 4600.0771484375)]","[(0, 3404.685546875), (1, 3581.45068359375)]","[(0, 4184.63671875), (1, 3423.501708984375)]","[(0, 2389.882080078125), (1, 3557.60791015625)]","[(0, 4768.35693359375), (1, 4006.584228515625)]"
95,"[(0, 7340.67431640625), (1, 7234.23193359375)]","[(0, 7653.05078125), (1, 7429.1728515625)]","[(0, 4652.2685546875), (1, 5016.6201171875)]","[(0, 6256.0986328125), (1, 6717.53271484375)]","[(0, 5282.486328125), (1, 3580.494384765625)]","[(0, 5058.3046875), (1, 4642.75732421875)]","[(0, 5813.75048828125), (1, 7076.53173828125)]","[(0, 3761.128662109375), (1, 4368.3564453125)]","[(0, 6042.3984375), (1, 6497.40185546875)]","[(0, 4826.875), (1, 2971.323486328125)]","[(0, 3195.15625), (1, 3051.256591796875)]"
96,"[(0, 7761.16845703125), (1, 7943.62841796875)]","[(0, 5104.18017578125), (1, 4788.1611328125)]","[(0, 7104.79736328125), (1, 7393.8818359375)]","[(0, 2905.95361328125), (1, 2754.160400390625)]","[(0, 3874.614013671875), (1, 3790.294921875)]","[(0, 6227.19921875), (1, 6622.56982421875)]","[(0, 5444.02490234375), (1, 5947.3642578125)]","[(0, 2761.6328125), (1, 2885.7119140625)]","[(0, 2965.80859375), (1, 2934.653076171875)]","[(0, 4634.763671875), (1, 6032.0234375)]","[(0, 4518.3369140625), (1, 4203.19140625)]"
97,"[(0, 8152.52099609375), (1, 8475.6884765625)]","[(0, 4939.98876953125), (1, 5334.0712890625)]","[(0, 4449.88232421875), (1, 4183.15283203125)]","[(0, 4198.80810546875), (1, 4182.50634765625)]","[(0, 2944.6279296875), (1, 2872.7529296875)]","[(0, 4350.529296875), (1, 4484.90673828125)]","[(0, 2758.158447265625), (1, 2710.9970703125)]","[(0, 3744.383056640625), (1, 3638.5302734375)]","[(0, 4044.4599609375), (1, 4341.73388671875)]","[(0, 3501.136474609375), (1, 3221.008544921875)]","[(0, 4962.41748046875), (1, 4530.2236328125)]"
98,"[(0, 9770.3916015625), (1, 9740.388671875)]","[(0, 5119.2822265625), (1, 5498.16796875)]","[(0, 11034.0859375), (1, 11490.2333984375)]","[(0, 4983.00439453125), (1, 4961.72216796875)]","[(0, 4919.1298828125), (1, 3220.418701171875)]","[(0, 5194.87890625), (1, 5192.72412109375)]","[(0, 2421.0576171875), (1, 2622.35498046875)]","[(0, 3219.13232421875), (1, 3725.01806640625)]","[(0, 4016.0830078125), (1, 4367.39404296875)]","[(0, 3381.96142578125), (1, 3208.27978515625)]","[(0, 6299.40185546875), (1, 6175.64013671875)]"
99,"[(0, 8904.3359375), (1, 9144.794921875)]","[(0, 5437.46142578125), (1, 5338.244140625)]","[(0, 9440.51953125), (1, 10130.3427734375)]","[(0, 7537.99462890625), (1, 7450.00390625)]","[(0, 4484.337890625), (1, 2930.137939453125)]","[(0, 5493.26220703125), (1, 5074.09912109375)]","[(0, 7029.76318359375), (1, 7062.09716796875)]","[(0, 3525.225830078125), (1, 3069.1787109375)]","[(0, 3275.837890625), (1, 3589.606201171875)]","[(0, 4229.33935546875), (1, 4161.99462890625)]","[(0, 3792.439208984375), (1, 3532.256103515625)]"
100,"[(0, 7088.744140625), (1, 6898.806640625)]","[(0, 8706.90625), (1, 8577.3798828125)]","[(0, 6328.88330078125), (1, 5829.2568359375)]","[(0, 5393.52587890625), (1, 5731.77197265625)]","[(0, 6001.36572265625), (1, 4055.0732421875)]","[(0, 4248.16064453125), (1, 4669.7421875)]","[(0, 7022.365234375), (1, 5972.85693359375)]","[(0, 4654.14599609375), (1, 4665.78076171875)]","[(0, 2976.6328125), (1, 3119.21826171875)]","[(0, 3430.19140625), (1, 2943.55126953125)]","[(0, 5011.986328125), (1, 5040.8095703125)]"
101,"[(0, 8845.3359375), (1, 8818.0126953125)]","[(0, 6611.595703125), (1, 5931.92822265625)]","[(0, 6640.404296875), (1, 6756.37060546875)]","[(0, 6531.22900390625), (1, 7163.916015625)]","[(0, 5591.716796875), (1, 3735.690673828125)]","[(0, 4680.84033203125), (1, 4897.9521484375)]","[(0, 8975.1142578125), (1, 8631.587890625)]","[(0, 3656.12060546875), (1, 3735.733642578125)]","[(0, 4725.07666015625), (1, 4011.589111328125)]","[(0, 3407.21923828125), (1, 2950.8701171875)]","[(0, 4411.767578125), (1, 3976.292236328125)]"
102,"[(0, 8247.6455078125), (1, 8091.740234375)]","[(0, 3821.523681640625), (1, 3292.97119140625)]","[(0, 3990.834716796875), (1, 4028.2080078125)]","[(0, 5562.31005859375), (1, 5767.09912109375)]","[(0, 3519.421630859375), (1, 3546.15869140625)]","[(0, 5433.37109375), (1, 5036.408203125)]","[(0, 5150.88916015625), (1, 4789.17041015625)]","[(0, 3907.607177734375), (1, 3344.495849609375)]","[(0, 4653.65771484375), (1, 5387.1982421875)]","[(0, 4390.19873046875), (1, 5251.18408203125)]","[(0, 4289.66162109375), (1, 4068.017822265625)]"
103,"[(0, 8965.6279296875), (1, 9555.828125)]","[(0, 3969.279052734375), (1, 3561.824462890625)]","[(0, 5691.12744140625), (1, 5456.03662109375)]","[(0, 7676.73486328125), (1, 7638.03076171875)]","[(0, 3779.033935546875), (1, 3772.019775390625)]","[(0, 4707.19384765625), (1, 4370.96484375)]","[(0, 6270.43408203125), (1, 5598.18408203125)]","[(0, 4296.27783203125), (1, 3422.69873046875)]","[(0, 3037.097900390625), (1, 2784.228271484375)]","[(0, 4056.38427734375), (1, 3204.717041015625)]","[(0, 7267.30615234375), (1, 7145.2412109375)]"
104,"[(0, 6430.28466796875), (1, 6157.20361328125)]","[(0, 5315.9365234375), (1, 5654.8251953125)]","[(0, 9846.599609375), (1, 9957.8046875)]","[(0, 4510.0712890625), (1, 4879.443359375)]","[(0, 4399.31005859375), (1, 3429.900146484375)]","[(0, 4917.21142578125), (1, 5431.34033203125)]","[(0, 4796.33740234375), (1, 5071.3076171875)]","[(0, 3822.4130859375), (1, 5688.9296875)]","[(0, 5707.150390625), (1, 5525.20166015625)]","[(0, 3927.089599609375), (1, 3457.134033203125)]","[(0, 6279.9853515625), (1, 6421.92529296875)]"
105,"[(0, 7548.81396484375), (1, 7473.52294921875)]","[(0, 4022.77197265625), (1, 4021.37939453125)]","[(0, 5131.12109375), (1, 5175.22265625)]","[(0, 5257.84375), (1, 5420.84619140625)]","[(0, 9179.5712890625), (1, 6596.4423828125)]","[(0, 3518.49853515625), (1, 3617.266357421875)]","[(0, 9282.9072265625), (1, 8686.64453125)]","[(0, 3544.559326171875), (1, 3547.35302734375)]","[(0, 3122.015869140625), (1, 2769.509521484375)]","[(0, 3872.600830078125), (1, 4307.25146484375)]","[(0, 4856.736328125), (1, 4702.66162109375)]"
106,"[(0, 7263.23193359375), (1, 7322.8935546875)]","[(0, 3564.30126953125), (1, 3528.212646484375)]","[(0, 10348.2001953125), (1, 9213.42578125)]","[(0, 5383.197265625), (1, 5317.18359375)]","[(0, 7027.72509765625), (1, 5258.25)]","[(0, 3385.714599609375), (1, 3147.01513671875)]","[(0, 4015.42041015625), (1, 4170.82763671875)]","[(0, 3722.83056640625), (1, 3086.55859375)]","[(0, 2991.432373046875), (1, 3156.371826171875)]","[(0, 4059.7783203125), (1, 4099.31787109375)]","[(0, 4100.36181640625), (1, 3914.962890625)]"
107,"[(0, 7076.0185546875), (1, 7260.91845703125)]","[(0, 2993.233154296875), (1, 3029.076904296875)]","[(0, 12396.7783203125), (1, 12601.345703125)]","[(0, 3595.83837890625), (1, 3694.359375)]","[(0, 4822.82568359375), (1, 4684.9130859375)]","[(0, 5175.06494140625), (1, 4927.505859375)]","[(0, 7148.28759765625), (1, 7851.47216796875)]","[(0, 4445.5048828125), (1, 3247.187744140625)]","[(0, 4872.115234375), (1, 4584.232421875)]","[(0, 4434.8212890625), (1, 3213.6630859375)]","[(0, 4889.220703125), (1, 5467.30322265625)]"
108,"[(0, 10170.9140625), (1, 10860.2626953125)]","[(0, 3582.4072265625), (1, 3492.759033203125)]","[(0, 5480.83935546875), (1, 5401.80859375)]","[(0, 5126.166015625), (1, 5353.0390625)]","[(0, 6586.900390625), (1, 5376.296875)]","[(0, 6188.87646484375), (1, 6595.970703125)]","[(0, 4767.05712890625), (1, 4774.62744140625)]","[(0, 2923.88525390625), (1, 3110.731201171875)]","[(0, 2592.227783203125), (1, 2744.52978515625)]","[(0, 6246.51220703125), (1, 5014.00341796875)]","[(0, 3412.994873046875), (1, 3266.95849609375)]"
109,"[(0, 6295.93701171875), (1, 6196.59521484375)]","[(0, 3482.521484375), (1, 3236.641845703125)]","[(0, 7831.55712890625), (1, 7896.50439453125)]","[(0, 6589.16796875), (1, 6767.3916015625)]","[(0, 5134.87548828125), (1, 4103.4560546875)]","[(0, 4401.90380859375), (1, 4475.89990234375)]","[(0, 3995.08837890625), (1, 3704.255126953125)]","[(0, 5024.42919921875), (1, 5093.7109375)]","[(0, 2948.855712890625), (1, 2924.695556640625)]","[(0, 5170.51611328125), (1, 4975.03173828125)]","[(0, 5784.43896484375), (1, 6205.92138671875)]"
110,"[(0, 5932.26806640625), (1, 6145.24267578125)]","[(0, 5697.4755859375), (1, 5996.3828125)]","[(0, 4174.9423828125), (1, 4150.041015625)]","[(0, 5692.3271484375), (1, 5980.58056640625)]","[(0, 4795.34033203125), (1, 4747.7880859375)]","[(0, 4274.4091796875), (1, 4184.6650390625)]","[(0, 3427.156982421875), (1, 3892.69580078125)]","[(0, 2644.76171875), (1, 3394.388916015625)]","[(0, 3792.912841796875), (1, 3653.81982421875)]","[(0, 4466.98779296875), (1, 4744.1357421875)]","[(0, 4606.29345703125), (1, 4316.51220703125)]"
111,"[(0, 9164.640625), (1, 8877.3388671875)]","[(0, 5156.6201171875), (1, 5578.69384765625)]","[(0, 4664.21484375), (1, 5469.19091796875)]","[(0, 5003.0126953125), (1, 4788.37109375)]","[(0, 4089.985107421875), (1, 4156.26708984375)]","[(0, 8952.708984375), (1, 8778.015625)]","[(0, 5592.61279296875), (1, 4568.93017578125)]","[(0, 2803.605712890625), (1, 2278.56640625)]","[(0, 3554.298095703125), (1, 3441.085693359375)]","[(0, 3146.4990234375), (1, 4203.79248046875)]","[(0, 5273.1796875), (1, 5247.5546875)]"
112,"[(0, 8314.48828125), (1, 8185.79541015625)]","[(0, 6217.9833984375), (1, 6272.56298828125)]","[(0, 4623.1357421875), (1, 4654.64794921875)]","[(0, 3542.39013671875), (1, 3682.1787109375)]","[(0, 4543.27294921875), (1, 4807.70361328125)]","[(0, 7008.44970703125), (1, 7303.0869140625)]","[(0, 4835.9013671875), (1, 4174.21826171875)]","[(0, 4655.9130859375), (1, 4917.76953125)]","[(0, 4450.9091796875), (1, 3233.65234375)]","[(0, 3962.1650390625), (1, 4067.529052734375)]","[(0, 6235.44775390625), (1, 6103.12158203125)]"
113,"[(0, 12408.5712890625), (1, 12547.7412109375)]","[(0, 5242.6875), (1, 5311.4365234375)]","[(0, 5096.34423828125), (1, 4871.869140625)]","[(0, 6900.51708984375), (1, 6398.20654296875)]","[(0, 7170.0810546875), (1, 5159.6943359375)]","[(0, 6251.828125), (1, 6405.75244140625)]","[(0, 5188.9716796875), (1, 4737.57958984375)]","[(0, 3047.673583984375), (1, 2749.6083984375)]","[(0, 2147.016357421875), (1, 3950.660888671875)]","[(0, 3701.790283203125), (1, 4791.23046875)]","[(0, 3724.21875), (1, 3419.33154296875)]"
114,"[(0, 8687.779296875), (1, 8609.44921875)]","[(0, 4919.98828125), (1, 4840.7783203125)]","[(0, 5918.96533203125), (1, 6137.353515625)]","[(0, 6233.91943359375), (1, 6718.134765625)]","[(0, 7254.3505859375), (1, 5171.58642578125)]","[(0, 7158.80029296875), (1, 7070.24462890625)]","[(0, 5991.53515625), (1, 6431.443359375)]","[(0, 3845.2353515625), (1, 3308.00390625)]","[(0, 2824.483154296875), (1, 2893.02490234375)]","[(0, 3853.7412109375), (1, 3844.413818359375)]","[(0, 6897.76025390625), (1, 7135.1083984375)]"
115,"[(0, 12158.2314453125), (1, 12823.037109375)]","[(0, 5710.45458984375), (1, 5955.9404296875)]","[(0, 5924.55029296875), (1, 6073.2255859375)]","[(0, 4805.87451171875), (1, 4874.271484375)]","[(0, 6374.2412109375), (1, 6552.34130859375)]","[(0, 10001.2705078125), (1, 9838.7236328125)]","[(0, 9701.4423828125), (1, 8858.8935546875)]","[(0, 4176.626953125), (1, 4135.74267578125)]","[(0, 3635.134765625), (1, 4323.697265625)]","[(0, 4605.89794921875), (1, 5495.86669921875)]","[(0, 4278.2998046875), (1, 3977.6650390625)]"
116,"[(0, 9320.927734375), (1, 9203.1953125)]","[(0, 4791.76513671875), (1, 4959.36083984375)]","[(0, 5415.400390625), (1, 6015.587890625)]","[(0, 2765.049560546875), (1, 2643.861572265625)]","[(0, 6050.69091796875), (1, 5671.2001953125)]","[(0, 8224.7646484375), (1, 8847.34375)]","[(0, 7656.84716796875), (1, 6757.06005859375)]","[(0, 5352.5537109375), (1, 4149.74365234375)]","[(0, 4333.56787109375), (1, 4160.58984375)]","[(0, 4548.33642578125), (1, 4857.54296875)]","[(0, 3680.552978515625), (1, 3380.03369140625)]"
117,"[(0, 10777.37109375), (1, 9945.419921875)]","[(0, 4939.83837890625), (1, 4676.2578125)]","[(0, 10809.3525390625), (1, 11175.357421875)]","[(0, 5851.3408203125), (1, 6035.130859375)]","[(0, 4788.8046875), (1, 3272.512451171875)]","[(0, 5835.67578125), (1, 6278.044921875)]","[(0, 4549.99365234375), (1, 4380.04931640625)]","[(0, 4459.134765625), (1, 3117.4189453125)]","[(0, 3640.248291015625), (1, 3180.51806640625)]","[(0, 3252.1123046875), (1, 3729.781494140625)]","[(0, 3596.626953125), (1, 3314.101318359375)]"
118,"[(0, 9215.341796875), (1, 9061.576171875)]","[(0, 5281.95751953125), (1, 4569.87158203125)]","[(0, 7021.28759765625), (1, 7119.69189453125)]","[(0, 6387.06201171875), (1, 6099.44384765625)]","[(0, 2934.155029296875), (1, 2881.753173828125)]","[(0, 6120.8349609375), (1, 5597.41015625)]","[(0, 3294.557373046875), (1, 3556.82080078125)]","[(0, 4677.22998046875), (1, 3193.758056640625)]","[(0, 4063.682861328125), (1, 3818.980712890625)]","[(0, 2364.955810546875), (1, 2398.288818359375)]","[(0, 3200.5419921875), (1, 3137.560791015625)]"
119,"[(0, 7832.92431640625), (1, 7125.20751953125)]","[(0, 6057.46923828125), (1, 5614.61962890625)]","[(0, 7189.3212890625), (1, 7565.93896484375)]","[(0, 4504.689453125), (1, 4658.22265625)]","[(0, 3173.515869140625), (1, 3102.571533203125)]","[(0, 6473.24365234375), (1, 5802.6884765625)]","[(0, 6049.11572265625), (1, 6498.1455078125)]","[(0, 2812.50439453125), (1, 3274.6943359375)]","[(0, 2947.202880859375), (1, 3916.6396484375)]","[(0, 5416.91357421875), (1, 5383.7001953125)]","[(0, 6249.25927734375), (1, 6262.724609375)]"
120,"[(0, 8838.3955078125), (1, 8528.4970703125)]","[(0, 5660.6796875), (1, 5566.74658203125)]","[(0, 8415.8193359375), (1, 7229.4736328125)]","[(0, 4498.7646484375), (1, 4553.45361328125)]","[(0, 6031.5810546875), (1, 4027.017333984375)]","[(0, 6231.9580078125), (1, 6493.25146484375)]","[(0, 4472.46484375), (1, 4530.53466796875)]","[(0, 5292.61181640625), (1, 5725.4619140625)]","[(0, 3604.84130859375), (1, 3324.867919921875)]","[(0, 2966.098388671875), (1, 4459.80224609375)]","[(0, 6012.2041015625), (1, 5575.67236328125)]"
121,"[(0, 10445.45703125), (1, 10699.162109375)]","[(0, 5684.8134765625), (1, 5380.4716796875)]","[(0, 3875.634033203125), (1, 4160.06591796875)]","[(0, 3591.790771484375), (1, 3486.269775390625)]","[(0, 4253.2646484375), (1, 2785.7236328125)]","[(0, 4294.93017578125), (1, 4447.00146484375)]","[(0, 6685.62158203125), (1, 6332.373046875)]","[(0, 4517.6904296875), (1, 3730.00927734375)]","[(0, 2488.708251953125), (1, 4014.214599609375)]","[(0, 5531.64404296875), (1, 5933.33154296875)]","[(0, 4781.25732421875), (1, 4241.90576171875)]"
122,"[(0, 10383.4921875), (1, 9947.572265625)]","[(0, 5524.92724609375), (1, 4976.35546875)]","[(0, 3050.17724609375), (1, 2863.833984375)]","[(0, 7180.73583984375), (1, 7556.478515625)]","[(0, 8123.12353515625), (1, 5918.2197265625)]","[(0, 6330.97802734375), (1, 5611.134765625)]","[(0, 3598.04052734375), (1, 3893.189453125)]","[(0, 7202.408203125), (1, 5332.34716796875)]","[(0, 3878.677001953125), (1, 2733.978515625)]","[(0, 3980.3515625), (1, 4679.7509765625)]","[(0, 6659.32177734375), (1, 6600.646484375)]"
123,"[(0, 6162.34375), (1, 6214.35498046875)]","[(0, 3979.87353515625), (1, 3463.922607421875)]","[(0, 4903.17724609375), (1, 4637.89404296875)]","[(0, 6914.0478515625), (1, 7027.5712890625)]","[(0, 8123.7890625), (1, 5801.01806640625)]","[(0, 7371.2744140625), (1, 6624.42724609375)]","[(0, 9242.484375), (1, 10564.513671875)]","[(0, 2775.212158203125), (1, 3428.57568359375)]","[(0, 4331.99365234375), (1, 3845.12890625)]","[(0, 2642.0908203125), (1, 2798.14453125)]","[(0, 5023.6240234375), (1, 4980.4384765625)]"
124,"[(0, 7929.88330078125), (1, 7853.02197265625)]","[(0, 7055.0419921875), (1, 7527.1044921875)]","[(0, 10853.552734375), (1, 10227.0546875)]","[(0, 4450.68017578125), (1, 4568.5419921875)]","[(0, 6019.5478515625), (1, 6369.53759765625)]","[(0, 4526.38916015625), (1, 5004.01953125)]","[(0, 5979.60498046875), (1, 7335.09033203125)]","[(0, 3386.00537109375), (1, 3686.205078125)]","[(0, 3198.031005859375), (1, 3527.6708984375)]","[(0, 3131.2265625), (1, 3908.859375)]","[(0, 6614.6416015625), (1, 6817.37939453125)]"
125,"[(0, 4918.59033203125), (1, 5007.93408203125)]","[(0, 7488.1552734375), (1, 7932.9013671875)]","[(0, 8168.3427734375), (1, 8535.080078125)]","[(0, 8052.27197265625), (1, 7801.52294921875)]","[(0, 5556.0595703125), (1, 6060.29443359375)]","[(0, 3055.43798828125), (1, 3225.78564453125)]","[(0, 8699.2373046875), (1, 8090.63623046875)]","[(0, 4330.08935546875), (1, 5152.47119140625)]","[(0, 2872.53369140625), (1, 2152.31591796875)]","[(0, 6410.4521484375), (1, 5343.9951171875)]","[(0, 4157.9560546875), (1, 3905.908203125)]"
126,"[(0, 5904.22265625), (1, 6116.26611328125)]","[(0, 6999.96630859375), (1, 7160.73974609375)]","[(0, 3051.093505859375), (1, 3304.166748046875)]","[(0, 6239.54052734375), (1, 6194.8701171875)]","[(0, 5360.119140625), (1, 3941.001220703125)]","[(0, 4058.2724609375), (1, 3817.378662109375)]","[(0, 6247.74560546875), (1, 6605.06005859375)]","[(0, 3259.520751953125), (1, 2681.126953125)]","[(0, 2645.32568359375), (1, 3529.9931640625)]","[(0, 5444.7880859375), (1, 6778.4296875)]","[(0, 4515.705078125), (1, 4011.539306640625)]"
127,"[(0, 10206.2724609375), (1, 10558.12890625)]","[(0, 6800.57470703125), (1, 6140.11083984375)]","[(0, 4334.212890625), (1, 4247.94580078125)]","[(0, 6058.27783203125), (1, 6017.99755859375)]","[(0, 3968.98388671875), (1, 4268.79150390625)]","[(0, 5797.36767578125), (1, 5682.8076171875)]","[(0, 6151.927734375), (1, 5530.0302734375)]","[(0, 5670.60009765625), (1, 5253.58837890625)]","[(0, 3491.70654296875), (1, 4585.74072265625)]","[(0, 2234.09765625), (1, 2393.05224609375)]","[(0, 6202.9453125), (1, 6155.61865234375)]"
128,"[(0, 8635.7216796875), (1, 8351.4423828125)]","[(0, 4572.21240234375), (1, 4222.77392578125)]","[(0, 10951.037109375), (1, 9986.66796875)]","[(0, 7256.97314453125), (1, 6932.09814453125)]","[(0, 8129.8115234375), (1, 5763.38232421875)]","[(0, 4870.595703125), (1, 4875.4990234375)]","[(0, 3329.16748046875), (1, 3560.873291015625)]","[(0, 3321.898193359375), (1, 5275.48876953125)]","[(0, 2756.56103515625), (1, 2680.03125)]","[(0, 3754.6240234375), (1, 3168.187744140625)]","[(0, 3860.09375), (1, 3565.562744140625)]"
129,"[(0, 7243.75927734375), (1, 6945.0947265625)]","[(0, 5012.22509765625), (1, 5030.1435546875)]","[(0, 7876.25048828125), (1, 8071.6162109375)]","[(0, 5132.466796875), (1, 5195.1708984375)]","[(0, 7423.33740234375), (1, 5089.7626953125)]","[(0, 4434.68994140625), (1, 4818.84033203125)]","[(0, 10252.875), (1, 9712.033203125)]","[(0, 3689.2119140625), (1, 3633.05859375)]","[(0, 3150.50439453125), (1, 3909.772705078125)]","[(0, 4656.41015625), (1, 5000.22705078125)]","[(0, 5600.7099609375), (1, 5747.64013671875)]"
130,"[(0, 12148.3095703125), (1, 12247.0830078125)]","[(0, 5114.61767578125), (1, 5123.8349609375)]","[(0, 4391.857421875), (1, 4775.0009765625)]","[(0, 6525.42041015625), (1, 6886.671875)]","[(0, 3638.120849609375), (1, 3644.7294921875)]","[(0, 6236.36376953125), (1, 5853.00390625)]","[(0, 5644.83056640625), (1, 5327.26904296875)]","[(0, 2770.597900390625), (1, 2488.298828125)]","[(0, 2874.083251953125), (1, 3231.026123046875)]","[(0, 3703.453369140625), (1, 2769.16064453125)]","[(0, 4747.57080078125), (1, 4696.79052734375)]"
131,"[(0, 6368.60205078125), (1, 5986.771484375)]","[(0, 5073.533203125), (1, 5127.71142578125)]","[(0, 6520.53076171875), (1, 6279.0751953125)]","[(0, 7654.0068359375), (1, 7528.0810546875)]","[(0, 3695.761962890625), (1, 2703.383544921875)]","[(0, 6987.89990234375), (1, 6680.943359375)]","[(0, 4319.38671875), (1, 4837.4052734375)]","[(0, 4672.9814453125), (1, 5325.958984375)]","[(0, 2576.86328125), (1, 3812.027099609375)]","[(0, 4336.90869140625), (1, 4659.90625)]","[(0, 5367.3623046875), (1, 5786.4638671875)]"
132,"[(0, 8492.8173828125), (1, 8841.6083984375)]","[(0, 5086.42919921875), (1, 4721.4052734375)]","[(0, 7466.22802734375), (1, 6998.3505859375)]","[(0, 3563.4248046875), (1, 3472.688232421875)]","[(0, 3537.06298828125), (1, 2466.5283203125)]","[(0, 5305.36181640625), (1, 5738.56494140625)]","[(0, 4468.41943359375), (1, 4835.0341796875)]","[(0, 5298.23779296875), (1, 6776.87255859375)]","[(0, 4285.33984375), (1, 3702.923583984375)]","[(0, 4017.1669921875), (1, 3635.391357421875)]","[(0, 6869.18505859375), (1, 6866.021484375)]"
133,"[(0, 7327.63720703125), (1, 7449.791015625)]","[(0, 6394.54638671875), (1, 6895.7021484375)]","[(0, 10803.94140625), (1, 10923.146484375)]","[(0, 5308.14501953125), (1, 4806.24609375)]","[(0, 2370.383056640625), (1, 2509.716796875)]","[(0, 3573.67529296875), (1, 3648.986572265625)]","[(0, 6921.443359375), (1, 6133.31591796875)]","[(0, 3958.603759765625), (1, 3435.452392578125)]","[(0, 1749.3365478515625), (1, 1969.1375732421875)]","[(0, 5924.1044921875), (1, 4454.50146484375)]","[(0, 4202.74609375), (1, 4471.3349609375)]"
134,"[(0, 9319.177734375), (1, 9661.9892578125)]","[(0, 6941.67138671875), (1, 6996.58203125)]","[(0, 4960.1513671875), (1, 4813.14013671875)]","[(0, 2964.799072265625), (1, 2950.113037109375)]","[(0, 2867.191162109375), (1, 3129.587646484375)]","[(0, 7491.89111328125), (1, 6952.689453125)]","[(0, 4757.41015625), (1, 5451.73486328125)]","[(0, 3732.037109375), (1, 3247.624755859375)]","[(0, 2795.69189453125), (1, 2740.483642578125)]","[(0, 3848.0048828125), (1, 5228.7568359375)]","[(0, 3600.53271484375), (1, 2946.854248046875)]"
135,"[(0, 8709.4228515625), (1, 8924.5439453125)]","[(0, 6349.1357421875), (1, 6467.5849609375)]","[(0, 4654.79443359375), (1, 4841.0693359375)]","[(0, 6056.6025390625), (1, 5822.51171875)]","[(0, 4893.11962890625), (1, 3325.159912109375)]","[(0, 5228.41748046875), (1, 5229.58935546875)]","[(0, 7898.89208984375), (1, 7735.88134765625)]","[(0, 3736.228759765625), (1, 5202.2705078125)]","[(0, 3362.7197265625), (1, 3564.25390625)]","[(0, 4034.1630859375), (1, 4820.724609375)]","[(0, 6001.0849609375), (1, 5700.4052734375)]"
136,"[(0, 5749.5703125), (1, 5811.189453125)]","[(0, 4552.263671875), (1, 4268.8203125)]","[(0, 10243.1796875), (1, 10484.669921875)]","[(0, 4422.62744140625), (1, 4403.9951171875)]","[(0, 5031.45361328125), (1, 3349.996337890625)]","[(0, 7086.94580078125), (1, 7582.07568359375)]","[(0, 8741.55078125), (1, 8609.6787109375)]","[(0, 4768.7119140625), (1, 3479.785888671875)]","[(0, 3495.44140625), (1, 3874.093017578125)]","[(0, 3429.697509765625), (1, 2888.7021484375)]","[(0, 3427.470703125), (1, 3248.234619140625)]"
137,"[(0, 6973.3408203125), (1, 7184.037109375)]","[(0, 6058.47998046875), (1, 5539.08740234375)]","[(0, 6092.71142578125), (1, 5959.1962890625)]","[(0, 6094.54248046875), (1, 5811.4501953125)]","[(0, 3132.16748046875), (1, 3285.267333984375)]","[(0, 3920.83251953125), (1, 3676.1015625)]","[(0, 6081.45556640625), (1, 6166.0302734375)]","[(0, 2703.985595703125), (1, 2582.173095703125)]","[(0, 3543.893798828125), (1, 4274.39697265625)]","[(0, 3743.31884765625), (1, 3272.983642578125)]","[(0, 3210.81103515625), (1, 3083.68408203125)]"
138,"[(0, 6500.80419921875), (1, 6434.142578125)]","[(0, 6293.76318359375), (1, 5908.205078125)]","[(0, 7699.97802734375), (1, 8468.9248046875)]","[(0, 4379.86083984375), (1, 4724.1572265625)]","[(0, 6299.0712890625), (1, 4269.84619140625)]","[(0, 5820.4462890625), (1, 6225.6611328125)]","[(0, 4732.21533203125), (1, 4664.7353515625)]","[(0, 7090.9345703125), (1, 5551.494140625)]","[(0, 3481.365966796875), (1, 4478.611328125)]","[(0, 3105.552734375), (1, 3352.533935546875)]","[(0, 5692.43017578125), (1, 4984.8720703125)]"
139,"[(0, 7388.0810546875), (1, 6934.69677734375)]","[(0, 5821.98388671875), (1, 5603.3759765625)]","[(0, 6467.640625), (1, 6606.40234375)]","[(0, 5312.814453125), (1, 5415.5810546875)]","[(0, 5219.99755859375), (1, 3430.83935546875)]","[(0, 5016.82568359375), (1, 4428.62109375)]","[(0, 4520.0869140625), (1, 4299.474609375)]","[(0, 3125.140625), (1, 2721.978515625)]","[(0, 3984.517822265625), (1, 4611.39208984375)]","[(0, 4238.54150390625), (1, 3356.712158203125)]","[(0, 4306.52880859375), (1, 3844.333251953125)]"
140,"[(0, 8171.4130859375), (1, 7876.00244140625)]","[(0, 5927.15576171875), (1, 5670.55126953125)]","[(0, 4763.8935546875), (1, 4313.11376953125)]","[(0, 6294.8623046875), (1, 6092.54931640625)]","[(0, 3813.53955078125), (1, 3893.46044921875)]","[(0, 4527.26513671875), (1, 4182.76171875)]","[(0, 7149.1533203125), (1, 7725.1328125)]","[(0, 4746.00439453125), (1, 2858.47216796875)]","[(0, 3048.2724609375), (1, 2538.6494140625)]","[(0, 4434.99072265625), (1, 4072.44677734375)]","[(0, 4316.48779296875), (1, 3436.609130859375)]"
141,"[(0, 7203.6787109375), (1, 7051.73291015625)]","[(0, 5505.986328125), (1, 5043.416015625)]","[(0, 3892.558349609375), (1, 3750.73046875)]","[(0, 3765.41015625), (1, 3716.562255859375)]","[(0, 3882.15185546875), (1, 3749.6787109375)]","[(0, 5540.67236328125), (1, 5863.708984375)]","[(0, 6714.56689453125), (1, 8055.3291015625)]","[(0, 3396.305908203125), (1, 3669.737060546875)]","[(0, 3512.5576171875), (1, 3460.119384765625)]","[(0, 4148.5849609375), (1, 3849.13916015625)]","[(0, 4225.62646484375), (1, 4292.33349609375)]"
142,"[(0, 5126.0), (1, 5428.92724609375)]","[(0, 4299.08935546875), (1, 3963.46533203125)]","[(0, 5282.52685546875), (1, 5204.13623046875)]","[(0, 4956.41552734375), (1, 4545.5263671875)]","[(0, 5487.361328125), (1, 4021.8896484375)]","[(0, 4504.2255859375), (1, 4845.76708984375)]","[(0, 4922.72900390625), (1, 6112.89013671875)]","[(0, 2608.060546875), (1, 2678.347412109375)]","[(0, 3409.897705078125), (1, 4587.50341796875)]","[(0, 3286.178955078125), (1, 4031.097900390625)]","[(0, 5958.50830078125), (1, 5895.62548828125)]"
143,"[(0, 6514.19091796875), (1, 6101.83544921875)]","[(0, 6593.15966796875), (1, 6792.07763671875)]","[(0, 3699.436279296875), (1, 3894.830810546875)]","[(0, 4944.11279296875), (1, 5529.85107421875)]","[(0, 5562.13525390625), (1, 3962.26708984375)]","[(0, 5924.16650390625), (1, 5465.04052734375)]","[(0, 3373.065185546875), (1, 3383.032470703125)]","[(0, 3478.54833984375), (1, 3731.649169921875)]","[(0, 2870.423583984375), (1, 3737.14453125)]","[(0, 4077.42919921875), (1, 3633.782958984375)]","[(0, 4310.42822265625), (1, 3912.133544921875)]"
144,"[(0, 7102.43994140625), (1, 6908.84033203125)]","[(0, 6973.939453125), (1, 7268.22802734375)]","[(0, 9942.9443359375), (1, 9062.21484375)]","[(0, 6238.07666015625), (1, 6539.6181640625)]","[(0, 4032.632080078125), (1, 4072.48193359375)]","[(0, 5594.6669921875), (1, 5792.0234375)]","[(0, 4202.662109375), (1, 4295.6181640625)]","[(0, 3249.523681640625), (1, 2947.731201171875)]","[(0, 3692.376220703125), (1, 2647.078125)]","[(0, 2454.978759765625), (1, 3230.0185546875)]","[(0, 4988.71923828125), (1, 4983.4365234375)]"
145,"[(0, 6136.5341796875), (1, 6238.72509765625)]","[(0, 6587.31494140625), (1, 6441.02490234375)]","[(0, 5927.90771484375), (1, 6348.21533203125)]","[(0, 3830.5068359375), (1, 4022.864013671875)]","[(0, 5197.78759765625), (1, 3643.2177734375)]","[(0, 4467.60498046875), (1, 4873.4951171875)]","[(0, 4391.97021484375), (1, 4689.333984375)]","[(0, 4014.16064453125), (1, 3504.5439453125)]","[(0, 2817.13525390625), (1, 3450.306396484375)]","[(0, 2670.008056640625), (1, 3204.546142578125)]","[(0, 4072.043212890625), (1, 3985.27783203125)]"
146,"[(0, 5711.50048828125), (1, 5872.11962890625)]","[(0, 5698.40478515625), (1, 5216.931640625)]","[(0, 6312.0908203125), (1, 6278.2490234375)]","[(0, 5580.279296875), (1, 5274.447265625)]","[(0, 3265.678466796875), (1, 3505.743896484375)]","[(0, 4416.57080078125), (1, 3979.140869140625)]","[(0, 5298.4755859375), (1, 5377.814453125)]","[(0, 4810.189453125), (1, 4456.00146484375)]","[(0, 2236.606689453125), (1, 2479.226806640625)]","[(0, 3939.618408203125), (1, 5488.14111328125)]","[(0, 5967.220703125), (1, 5584.650390625)]"
147,"[(0, 9384.0048828125), (1, 9426.33203125)]","[(0, 3427.108154296875), (1, 3368.5615234375)]","[(0, 8057.20361328125), (1, 8402.5712890625)]","[(0, 5709.7744140625), (1, 5699.25830078125)]","[(0, 6989.73974609375), (1, 4754.638671875)]","[(0, 3764.72412109375), (1, 3470.08251953125)]","[(0, 8653.5205078125), (1, 9071.1982421875)]","[(0, 5670.84326171875), (1, 4643.25732421875)]","[(0, 2132.293212890625), (1, 2509.21435546875)]","[(0, 2823.026123046875), (1, 2411.372802734375)]","[(0, 3762.333984375), (1, 3811.460205078125)]"
148,"[(0, 7746.44580078125), (1, 7740.4130859375)]","[(0, 3814.107177734375), (1, 4472.068359375)]","[(0, 5256.11376953125), (1, 4958.306640625)]","[(0, 7537.27587890625), (1, 7656.43798828125)]","[(0, 5860.35986328125), (1, 3859.58203125)]","[(0, 5696.5302734375), (1, 6045.955078125)]","[(0, 4629.6083984375), (1, 4314.76708984375)]","[(0, 2869.7353515625), (1, 3472.99609375)]","[(0, 3643.73193359375), (1, 3511.62646484375)]","[(0, 3062.7138671875), (1, 3792.739013671875)]","[(0, 4799.58154296875), (1, 4520.7763671875)]"
149,"[(0, 5800.5859375), (1, 5856.68896484375)]","[(0, 3710.060302734375), (1, 4393.02978515625)]","[(0, 4990.03759765625), (1, 4850.72802734375)]","[(0, 5800.984375), (1, 4745.96826171875)]","[(0, 4897.896484375), (1, 4979.982421875)]","[(0, 5715.06396484375), (1, 6061.36376953125)]","[(0, 7458.6064453125), (1, 6879.3662109375)]","[(0, 3561.454345703125), (1, 2739.95068359375)]","[(0, 4927.4541015625), (1, 4411.5869140625)]","[(0, 4080.21044921875), (1, 4675.7001953125)]","[(0, 6072.125), (1, 6262.8740234375)]"
150,"[(0, 6891.7705078125), (1, 7047.55810546875)]","[(0, 3846.71337890625), (1, 4430.5517578125)]","[(0, 5449.70751953125), (1, 5411.6728515625)]","[(0, 3270.41259765625), (1, 3276.1875)]","[(0, 4958.306640625), (1, 5283.80126953125)]","[(0, 7033.94775390625), (1, 6522.12890625)]","[(0, 4741.87841796875), (1, 5125.4521484375)]","[(0, 4510.09716796875), (1, 4615.29443359375)]","[(0, 4272.1923828125), (1, 4465.892578125)]","[(0, 4212.60546875), (1, 3169.94384765625)]","[(0, 4256.03564453125), (1, 3811.616455078125)]"
151,"[(0, 9277.3486328125), (1, 9966.9541015625)]","[(0, 4260.7587890625), (1, 4345.677734375)]","[(0, 6540.41064453125), (1, 6699.8935546875)]","[(0, 5406.205078125), (1, 5462.0810546875)]","[(0, 6676.66943359375), (1, 4651.8515625)]","[(0, 8332.5078125), (1, 7868.29248046875)]","[(0, 7820.59326171875), (1, 8260.5078125)]","[(0, 3135.93603515625), (1, 3127.024658203125)]","[(0, 3425.849853515625), (1, 3276.418701171875)]","[(0, 3095.3369140625), (1, 3975.294677734375)]","[(0, 3599.262451171875), (1, 3257.466796875)]"
152,"[(0, 5527.13037109375), (1, 5320.6181640625)]","[(0, 3128.37890625), (1, 3536.560302734375)]","[(0, 5758.212890625), (1, 5724.6318359375)]","[(0, 4744.189453125), (1, 5028.7578125)]","[(0, 7390.033203125), (1, 5087.33642578125)]","[(0, 5762.1240234375), (1, 6348.60888671875)]","[(0, 4618.04150390625), (1, 5219.873046875)]","[(0, 4081.697265625), (1, 3877.84130859375)]","[(0, 3885.715087890625), (1, 3645.01123046875)]","[(0, 3451.98828125), (1, 4245.61279296875)]","[(0, 2514.96533203125), (1, 2315.20263671875)]"
153,"[(0, 10608.4208984375), (1, 9872.0146484375)]","[(0, 3168.755859375), (1, 3644.75732421875)]","[(0, 5562.3046875), (1, 5077.6328125)]","[(0, 9699.537109375), (1, 9435.55078125)]","[(0, 6284.74267578125), (1, 5997.5322265625)]","[(0, 6713.1201171875), (1, 6905.19775390625)]","[(0, 4059.39892578125), (1, 3925.35986328125)]","[(0, 5200.43017578125), (1, 5300.5576171875)]","[(0, 3431.054931640625), (1, 4249.509765625)]","[(0, 4578.61767578125), (1, 3497.926025390625)]","[(0, 5014.24267578125), (1, 4970.70166015625)]"
154,"[(0, 5275.23193359375), (1, 4981.97802734375)]","[(0, 3099.590576171875), (1, 3572.117919921875)]","[(0, 3005.667724609375), (1, 2799.69921875)]","[(0, 6211.9970703125), (1, 6200.11865234375)]","[(0, 8377.51953125), (1, 5666.02685546875)]","[(0, 7555.6708984375), (1, 7573.2587890625)]","[(0, 4707.55322265625), (1, 4317.4921875)]","[(0, 3505.660400390625), (1, 3258.513671875)]","[(0, 3371.913818359375), (1, 4134.9931640625)]","[(0, 3644.795654296875), (1, 3281.80078125)]","[(0, 3921.868408203125), (1, 3771.26806640625)]"
155,"[(0, 8282.9111328125), (1, 8194.3642578125)]","[(0, 3083.93994140625), (1, 3231.6484375)]","[(0, 10752.8544921875), (1, 11285.7373046875)]","[(0, 4402.75634765625), (1, 4288.09912109375)]","[(0, 7409.6728515625), (1, 4978.4580078125)]","[(0, 8497.208984375), (1, 8126.8037109375)]","[(0, 5679.06396484375), (1, 5434.37646484375)]","[(0, 2621.53369140625), (1, 4120.64453125)]","[(0, 5121.61669921875), (1, 3963.57470703125)]","[(0, 4552.66748046875), (1, 4323.2568359375)]","[(0, 3531.8720703125), (1, 3383.43896484375)]"
156,"[(0, 10037.6181640625), (1, 10128.9033203125)]","[(0, 4063.822265625), (1, 3632.5322265625)]","[(0, 5054.98681640625), (1, 5158.361328125)]","[(0, 5365.37109375), (1, 5631.8017578125)]","[(0, 5024.8173828125), (1, 4665.0419921875)]","[(0, 7595.77587890625), (1, 8035.93212890625)]","[(0, 8511.9052734375), (1, 8848.7861328125)]","[(0, 5238.9736328125), (1, 4560.98974609375)]","[(0, 2140.1416015625), (1, 2045.9815673828125)]","[(0, 4376.93408203125), (1, 5139.892578125)]","[(0, 3759.511474609375), (1, 3618.1630859375)]"
157,"[(0, 10109.7568359375), (1, 9525.7099609375)]","[(0, 6230.18701171875), (1, 6774.47509765625)]","[(0, 8183.4853515625), (1, 7188.80029296875)]","[(0, 6565.294921875), (1, 6376.81298828125)]","[(0, 3560.503173828125), (1, 3410.902587890625)]","[(0, 5913.58837890625), (1, 6153.9638671875)]","[(0, 3907.72265625), (1, 3923.7802734375)]","[(0, 4956.4248046875), (1, 4717.615234375)]","[(0, 3811.354736328125), (1, 2915.240234375)]","[(0, 4042.83642578125), (1, 3142.3037109375)]","[(0, 4053.526611328125), (1, 3820.7294921875)]"
158,"[(0, 9415.6845703125), (1, 9213.0302734375)]","[(0, 6657.88671875), (1, 7107.60986328125)]","[(0, 7122.857421875), (1, 7543.56103515625)]","[(0, 3993.705322265625), (1, 3811.078369140625)]","[(0, 5898.4150390625), (1, 3977.968505859375)]","[(0, 7435.1982421875), (1, 7000.11962890625)]","[(0, 4167.734375), (1, 3949.80224609375)]","[(0, 2787.731201171875), (1, 3128.519287109375)]","[(0, 4339.07666015625), (1, 3406.760986328125)]","[(0, 5572.169921875), (1, 5293.91943359375)]","[(0, 8864.79296875), (1, 9454.4482421875)]"
159,"[(0, 8512.001953125), (1, 8310.0498046875)]","[(0, 6156.8046875), (1, 6737.3828125)]","[(0, 4748.3359375), (1, 4583.58544921875)]","[(0, 2780.3779296875), (1, 2778.628662109375)]","[(0, 5303.25732421875), (1, 3508.091796875)]","[(0, 7995.455078125), (1, 7790.6533203125)]","[(0, 5343.57177734375), (1, 5117.76904296875)]","[(0, 4760.02880859375), (1, 5980.23779296875)]","[(0, 2772.444091796875), (1, 3753.353271484375)]","[(0, 4071.468505859375), (1, 3903.524658203125)]","[(0, 3811.81982421875), (1, 3966.857421875)]"
160,"[(0, 9742.134765625), (1, 9612.111328125)]","[(0, 6238.671875), (1, 6225.6201171875)]","[(0, 11502.01953125), (1, 12372.75390625)]","[(0, 8712.9951171875), (1, 8712.005859375)]","[(0, 3820.390625), (1, 3841.39404296875)]","[(0, 6774.765625), (1, 7124.0390625)]","[(0, 4307.5517578125), (1, 4692.076171875)]","[(0, 4143.32568359375), (1, 3889.43017578125)]","[(0, 4072.000244140625), (1, 4129.25146484375)]","[(0, 3975.7724609375), (1, 2990.203125)]","[(0, 7178.77734375), (1, 7029.7158203125)]"
161,"[(0, 7761.76806640625), (1, 7609.37744140625)]","[(0, 4374.4423828125), (1, 5409.37646484375)]","[(0, 5398.68798828125), (1, 5453.44580078125)]","[(0, 2888.19677734375), (1, 2972.943359375)]","[(0, 7513.92236328125), (1, 5275.72998046875)]","[(0, 6034.89501953125), (1, 6358.4248046875)]","[(0, 4463.244140625), (1, 5575.603515625)]","[(0, 4813.94775390625), (1, 4156.45361328125)]","[(0, 3391.16943359375), (1, 3712.1982421875)]","[(0, 3877.382568359375), (1, 4940.44091796875)]","[(0, 2869.432861328125), (1, 2802.5830078125)]"
162,"[(0, 7915.7919921875), (1, 7651.06591796875)]","[(0, 4186.60888671875), (1, 5202.49853515625)]","[(0, 8977.3056640625), (1, 10192.0419921875)]","[(0, 6920.625), (1, 6834.5458984375)]","[(0, 6618.92041015625), (1, 4536.0556640625)]","[(0, 6532.20703125), (1, 6051.5390625)]","[(0, 4246.96533203125), (1, 5031.3671875)]","[(0, 4753.5234375), (1, 4042.86328125)]","[(0, 5298.73291015625), (1, 5431.46484375)]","[(0, 3977.61572265625), (1, 3769.779052734375)]","[(0, 3423.818115234375), (1, 3151.93212890625)]"
163,"[(0, 8001.22119140625), (1, 8229.833984375)]","[(0, 4272.79931640625), (1, 4913.7001953125)]","[(0, 4385.44091796875), (1, 4100.22900390625)]","[(0, 5318.50244140625), (1, 5004.8359375)]","[(0, 4845.2958984375), (1, 4648.7607421875)]","[(0, 5792.802734375), (1, 5388.51318359375)]","[(0, 7846.9130859375), (1, 7320.91796875)]","[(0, 4248.638671875), (1, 4636.73486328125)]","[(0, 3642.780029296875), (1, 2403.690185546875)]","[(0, 3509.587646484375), (1, 3223.16259765625)]","[(0, 6939.142578125), (1, 7015.69140625)]"
164,"[(0, 8954.919921875), (1, 8988.77734375)]","[(0, 4832.46240234375), (1, 4954.166015625)]","[(0, 3674.73095703125), (1, 3406.078857421875)]","[(0, 4574.02685546875), (1, 5001.29541015625)]","[(0, 3297.738525390625), (1, 3195.058837890625)]","[(0, 7104.98681640625), (1, 7807.58935546875)]","[(0, 5644.017578125), (1, 5791.15087890625)]","[(0, 2901.9560546875), (1, 3533.819580078125)]","[(0, 4377.25146484375), (1, 3882.659423828125)]","[(0, 4323.44580078125), (1, 3205.083984375)]","[(0, 3801.828857421875), (1, 3849.61279296875)]"
165,"[(0, 8372.7353515625), (1, 8020.2978515625)]","[(0, 6383.14697265625), (1, 6614.244140625)]","[(0, 5247.4599609375), (1, 5317.24951171875)]","[(0, 4662.3642578125), (1, 4606.6884765625)]","[(0, 4514.56396484375), (1, 3122.03076171875)]","[(0, 3383.513427734375), (1, 3853.315185546875)]","[(0, 5114.41259765625), (1, 4841.849609375)]","[(0, 3692.365966796875), (1, 3494.3349609375)]","[(0, 3635.859375), (1, 3501.9345703125)]","[(0, 3931.22998046875), (1, 4803.56103515625)]","[(0, 3817.7861328125), (1, 3651.325927734375)]"
166,"[(0, 7298.4912109375), (1, 7159.8857421875)]","[(0, 5811.2451171875), (1, 6039.21875)]","[(0, 2811.017578125), (1, 2891.603271484375)]","[(0, 3879.642333984375), (1, 3880.612060546875)]","[(0, 4056.58544921875), (1, 2948.358154296875)]","[(0, 5272.978515625), (1, 4907.4111328125)]","[(0, 4500.24951171875), (1, 4438.8154296875)]","[(0, 3058.175537109375), (1, 4323.4296875)]","[(0, 4082.99755859375), (1, 2970.810546875)]","[(0, 4447.8623046875), (1, 5121.04541015625)]","[(0, 2889.869140625), (1, 2703.65283203125)]"
167,"[(0, 4525.9140625), (1, 4683.1484375)]","[(0, 6285.2939453125), (1, 6225.54833984375)]","[(0, 8531.0517578125), (1, 8422.0576171875)]","[(0, 7513.06982421875), (1, 8102.49658203125)]","[(0, 6385.685546875), (1, 6238.95751953125)]","[(0, 5588.71533203125), (1, 5275.2822265625)]","[(0, 4733.78125), (1, 5621.9599609375)]","[(0, 5668.22119140625), (1, 5050.89111328125)]","[(0, 5244.82275390625), (1, 5225.67578125)]","[(0, 2396.619873046875), (1, 2757.035400390625)]","[(0, 3232.459228515625), (1, 2984.20361328125)]"
168,"[(0, 6623.52978515625), (1, 6553.078125)]","[(0, 5562.6708984375), (1, 5614.51220703125)]","[(0, 7699.537109375), (1, 7380.15185546875)]","[(0, 3981.464111328125), (1, 4002.627685546875)]","[(0, 6075.31103515625), (1, 6221.03173828125)]","[(0, 3378.686279296875), (1, 3628.45703125)]","[(0, 4940.28564453125), (1, 6231.81494140625)]","[(0, 2869.431640625), (1, 3767.863525390625)]","[(0, 4084.017822265625), (1, 4263.47802734375)]","[(0, 6180.22412109375), (1, 5889.140625)]","[(0, 4142.109375), (1, 4248.72802734375)]"
169,"[(0, 7805.9814453125), (1, 7888.19482421875)]","[(0, 3891.184814453125), (1, 3871.2529296875)]","[(0, 10412.685546875), (1, 11590.23046875)]","[(0, 6039.13232421875), (1, 6056.22119140625)]","[(0, 6315.7451171875), (1, 4293.13623046875)]","[(0, 5128.078125), (1, 5323.5771484375)]","[(0, 4300.67626953125), (1, 4048.967529296875)]","[(0, 4584.76123046875), (1, 4381.57373046875)]","[(0, 3637.891845703125), (1, 3635.06201171875)]","[(0, 4253.8076171875), (1, 3460.083251953125)]","[(0, 3345.32861328125), (1, 3070.215087890625)]"
170,"[(0, 9525.1298828125), (1, 9484.5576171875)]","[(0, 3986.692138671875), (1, 3957.07470703125)]","[(0, 12818.341796875), (1, 12313.521484375)]","[(0, 6809.16015625), (1, 7083.3173828125)]","[(0, 6415.283203125), (1, 4325.78857421875)]","[(0, 4142.78857421875), (1, 3773.631591796875)]","[(0, 4985.84228515625), (1, 5444.6015625)]","[(0, 3707.07177734375), (1, 2770.169677734375)]","[(0, 2539.87109375), (1, 3043.6884765625)]","[(0, 3854.54248046875), (1, 4315.3515625)]","[(0, 4408.78173828125), (1, 4153.72705078125)]"
171,"[(0, 8823.513671875), (1, 8953.6650390625)]","[(0, 4174.1025390625), (1, 4028.82275390625)]","[(0, 8889.5302734375), (1, 9076.02734375)]","[(0, 4377.57666015625), (1, 4506.4638671875)]","[(0, 3495.304931640625), (1, 3664.599609375)]","[(0, 3199.119873046875), (1, 2924.80419921875)]","[(0, 8201.9794921875), (1, 9481.654296875)]","[(0, 3944.818115234375), (1, 3483.358642578125)]","[(0, 4542.16845703125), (1, 4432.89697265625)]","[(0, 3622.821044921875), (1, 3526.200927734375)]","[(0, 6951.44921875), (1, 6679.53515625)]"
172,"[(0, 6196.74267578125), (1, 6159.14208984375)]","[(0, 3992.056640625), (1, 3718.802978515625)]","[(0, 6383.7373046875), (1, 5955.84423828125)]","[(0, 3218.484375), (1, 3287.71826171875)]","[(0, 3571.8896484375), (1, 3745.090087890625)]","[(0, 7019.1513671875), (1, 7660.798828125)]","[(0, 5825.0224609375), (1, 6262.88623046875)]","[(0, 2959.43017578125), (1, 3497.5625)]","[(0, 4106.0009765625), (1, 3974.798095703125)]","[(0, 4322.32080078125), (1, 4418.35693359375)]","[(0, 7296.77294921875), (1, 7245.845703125)]"
173,"[(0, 9617.466796875), (1, 9279.2421875)]","[(0, 3329.519775390625), (1, 2982.03857421875)]","[(0, 7014.64111328125), (1, 6516.3095703125)]","[(0, 6286.15087890625), (1, 5923.21142578125)]","[(0, 7241.09326171875), (1, 5894.81005859375)]","[(0, 5726.2041015625), (1, 5913.07470703125)]","[(0, 3821.39990234375), (1, 3784.923583984375)]","[(0, 3861.919921875), (1, 4516.62646484375)]","[(0, 3426.699462890625), (1, 4035.067138671875)]","[(0, 4251.75537109375), (1, 5133.30419921875)]","[(0, 4542.7744140625), (1, 4187.5234375)]"
174,"[(0, 7763.11572265625), (1, 7699.2509765625)]","[(0, 2713.2744140625), (1, 3381.34912109375)]","[(0, 4987.3447265625), (1, 4884.71875)]","[(0, 3121.324951171875), (1, 2908.378173828125)]","[(0, 7009.5322265625), (1, 5500.181640625)]","[(0, 6534.9111328125), (1, 6314.11962890625)]","[(0, 3734.5615234375), (1, 3946.35693359375)]","[(0, 3651.94580078125), (1, 3761.541015625)]","[(0, 4866.681640625), (1, 4071.658447265625)]","[(0, 3613.497802734375), (1, 3310.99609375)]","[(0, 3370.621337890625), (1, 2672.97607421875)]"
175,"[(0, 5874.81396484375), (1, 5928.71044921875)]","[(0, 2933.017822265625), (1, 3705.983154296875)]","[(0, 6277.17724609375), (1, 6959.82080078125)]","[(0, 4207.28173828125), (1, 4288.27099609375)]","[(0, 4743.56982421875), (1, 4654.86083984375)]","[(0, 6258.67041015625), (1, 6003.2314453125)]","[(0, 6370.4306640625), (1, 6721.78125)]","[(0, 5105.513671875), (1, 6367.55126953125)]","[(0, 4112.14111328125), (1, 4401.8369140625)]","[(0, 3999.456787109375), (1, 4285.83447265625)]","[(0, 8720.734375), (1, 8820.2587890625)]"
176,"[(0, 9990.5263671875), (1, 9347.134765625)]","[(0, 2957.243896484375), (1, 3514.182861328125)]","[(0, 4727.87109375), (1, 4689.90234375)]","[(0, 3996.315185546875), (1, 4123.16796875)]","[(0, 4628.45556640625), (1, 4674.76416015625)]","[(0, 6291.81298828125), (1, 6698.966796875)]","[(0, 5616.96533203125), (1, 5702.40576171875)]","[(0, 4515.515625), (1, 3927.415283203125)]","[(0, 2498.641845703125), (1, 3048.60986328125)]","[(0, 3321.280517578125), (1, 2280.7568359375)]","[(0, 3024.798583984375), (1, 2841.35107421875)]"
177,"[(0, 11701.158203125), (1, 11529.2880859375)]","[(0, 3043.86279296875), (1, 3274.026123046875)]","[(0, 5627.4423828125), (1, 5360.1240234375)]","[(0, 8622.216796875), (1, 8939.783203125)]","[(0, 6102.71435546875), (1, 4100.48291015625)]","[(0, 6261.55419921875), (1, 6528.0283203125)]","[(0, 4131.9853515625), (1, 3668.10302734375)]","[(0, 3667.616943359375), (1, 4755.11962890625)]","[(0, 3006.04345703125), (1, 2513.52880859375)]","[(0, 4081.794189453125), (1, 3047.84521484375)]","[(0, 2729.609619140625), (1, 2564.00244140625)]"
178,"[(0, 9756.7880859375), (1, 9872.2119140625)]","[(0, 5039.208984375), (1, 5039.8046875)]","[(0, 10039.3134765625), (1, 10109.08203125)]","[(0, 4759.91064453125), (1, 4809.69873046875)]","[(0, 5672.36865234375), (1, 3781.164306640625)]","[(0, 5289.4580078125), (1, 4689.70068359375)]","[(0, 5832.79345703125), (1, 6323.01416015625)]","[(0, 3672.60107421875), (1, 2911.083740234375)]","[(0, 2309.079345703125), (1, 2620.630126953125)]","[(0, 3866.677490234375), (1, 3523.76708984375)]","[(0, 3244.367919921875), (1, 3211.6318359375)]"
179,"[(0, 8042.6865234375), (1, 8103.16162109375)]","[(0, 4357.03955078125), (1, 4585.04150390625)]","[(0, 5380.990234375), (1, 5143.06982421875)]","[(0, 5303.69287109375), (1, 5037.224609375)]","[(0, 7575.98974609375), (1, 4985.65673828125)]","[(0, 3503.421142578125), (1, 3270.81494140625)]","[(0, 4439.67041015625), (1, 4401.1357421875)]","[(0, 4035.9716796875), (1, 4024.67529296875)]","[(0, 4355.94677734375), (1, 4564.02197265625)]","[(0, 2982.08984375), (1, 2666.310791015625)]","[(0, 7090.853515625), (1, 7262.20654296875)]"
180,"[(0, 7522.11767578125), (1, 7416.2470703125)]","[(0, 5065.21728515625), (1, 5123.00439453125)]","[(0, 4768.388671875), (1, 4543.18603515625)]","[(0, 8771.220703125), (1, 8997.6708984375)]","[(0, 5432.7548828125), (1, 3710.10986328125)]","[(0, 4254.46533203125), (1, 4406.8603515625)]","[(0, 4994.62744140625), (1, 5212.27685546875)]","[(0, 3757.2783203125), (1, 2954.50830078125)]","[(0, 3328.078369140625), (1, 2312.002197265625)]","[(0, 3404.84130859375), (1, 3749.077880859375)]","[(0, 3294.4755859375), (1, 3186.4990234375)]"
181,"[(0, 8201.220703125), (1, 8199.2021484375)]","[(0, 5910.36328125), (1, 5295.99951171875)]","[(0, 3051.739501953125), (1, 2618.464111328125)]","[(0, 6112.11474609375), (1, 6296.6630859375)]","[(0, 4588.1513671875), (1, 4693.90234375)]","[(0, 4059.4765625), (1, 3788.6396484375)]","[(0, 6320.36083984375), (1, 5174.91650390625)]","[(0, 2219.29345703125), (1, 2189.446044921875)]","[(0, 4773.001953125), (1, 4141.93896484375)]","[(0, 3137.4619140625), (1, 2491.787109375)]","[(0, 4685.0068359375), (1, 3942.275634765625)]"
182,"[(0, 8020.4814453125), (1, 7856.16064453125)]","[(0, 3904.641845703125), (1, 3775.093017578125)]","[(0, 9556.912109375), (1, 8416.3896484375)]","[(0, 3618.763671875), (1, 3510.755859375)]","[(0, 4800.68017578125), (1, 4627.67041015625)]","[(0, 4306.8984375), (1, 4628.5703125)]","[(0, 6022.55078125), (1, 5376.18896484375)]","[(0, 4631.599609375), (1, 3257.143798828125)]","[(0, 3969.510009765625), (1, 3257.6220703125)]","[(0, 5740.9736328125), (1, 6147.3291015625)]","[(0, 5590.99169921875), (1, 5241.837890625)]"
183,"[(0, 10731.4638671875), (1, 10943.384765625)]","[(0, 4404.25537109375), (1, 3609.671142578125)]","[(0, 4405.54931640625), (1, 5583.24462890625)]","[(0, 5050.703125), (1, 4381.63232421875)]","[(0, 7266.564453125), (1, 4860.5361328125)]","[(0, 6872.5986328125), (1, 7737.99169921875)]","[(0, 9490.97265625), (1, 10722.5439453125)]","[(0, 4554.99951171875), (1, 4612.671875)]","[(0, 4159.193359375), (1, 2966.445068359375)]","[(0, 3514.722412109375), (1, 4720.91455078125)]","[(0, 5620.14306640625), (1, 5930.310546875)]"
184,"[(0, 5671.97412109375), (1, 5721.91357421875)]","[(0, 4560.5546875), (1, 4878.18212890625)]","[(0, 7536.5859375), (1, 7446.970703125)]","[(0, 8302.896484375), (1, 7921.0927734375)]","[(0, 6405.17822265625), (1, 4172.51025390625)]","[(0, 8196.482421875), (1, 7254.0390625)]","[(0, 9327.0732421875), (1, 10444.7001953125)]","[(0, 5404.15869140625), (1, 5225.8701171875)]","[(0, 4069.244384765625), (1, 3430.3876953125)]","[(0, 3546.4091796875), (1, 3710.39990234375)]","[(0, 6132.275390625), (1, 6375.45703125)]"
185,"[(0, 7844.18212890625), (1, 7688.8974609375)]","[(0, 4995.4658203125), (1, 5350.9462890625)]","[(0, 9175.0205078125), (1, 8328.2421875)]","[(0, 4824.21533203125), (1, 4154.39697265625)]","[(0, 4338.74951171875), (1, 4358.78125)]","[(0, 7900.4365234375), (1, 7273.68505859375)]","[(0, 4716.6123046875), (1, 4701.8681640625)]","[(0, 3521.220947265625), (1, 2892.771240234375)]","[(0, 2794.08056640625), (1, 3804.117431640625)]","[(0, 4803.25830078125), (1, 4037.407470703125)]","[(0, 5771.2919921875), (1, 5491.31396484375)]"
186,"[(0, 9504.177734375), (1, 9115.6171875)]","[(0, 5099.51904296875), (1, 4988.5009765625)]","[(0, 5549.72607421875), (1, 5761.5634765625)]","[(0, 6358.21826171875), (1, 5920.9296875)]","[(0, 2823.787109375), (1, 2828.238037109375)]","[(0, 7437.19091796875), (1, 8097.34423828125)]","[(0, 6540.32958984375), (1, 6630.68408203125)]","[(0, 3863.658935546875), (1, 2482.06787109375)]","[(0, 3819.873291015625), (1, 3384.70751953125)]","[(0, 4285.033203125), (1, 4056.430908203125)]","[(0, 4809.4326171875), (1, 3998.78173828125)]"
187,"[(0, 8027.11572265625), (1, 7879.61669921875)]","[(0, 4518.26806640625), (1, 4223.89404296875)]","[(0, 4346.3740234375), (1, 4919.41162109375)]","[(0, 6687.54736328125), (1, 7272.8251953125)]","[(0, 3887.4052734375), (1, 3135.954345703125)]","[(0, 5558.70458984375), (1, 5865.8564453125)]","[(0, 5487.51806640625), (1, 4925.19482421875)]","[(0, 4161.55419921875), (1, 3491.083984375)]","[(0, 3304.169921875), (1, 3328.818115234375)]","[(0, 4212.537109375), (1, 3365.963623046875)]","[(0, 3099.9453125), (1, 2542.7587890625)]"
188,"[(0, 9992.3271484375), (1, 9934.6689453125)]","[(0, 5629.06884765625), (1, 5609.1552734375)]","[(0, 5777.16748046875), (1, 5358.25390625)]","[(0, 5121.36767578125), (1, 4943.51416015625)]","[(0, 5326.2734375), (1, 3650.5947265625)]","[(0, 4710.92578125), (1, 4269.12158203125)]","[(0, 4232.10693359375), (1, 4463.44873046875)]","[(0, 2467.662353515625), (1, 2971.629638671875)]","[(0, 2627.797607421875), (1, 2858.6181640625)]","[(0, 3063.03515625), (1, 3682.062744140625)]","[(0, 3967.375732421875), (1, 3751.06298828125)]"
189,"[(0, 9375.2294921875), (1, 9932.4912109375)]","[(0, 5593.62109375), (1, 5614.373046875)]","[(0, 4840.884765625), (1, 4952.90478515625)]","[(0, 4489.16064453125), (1, 4388.95947265625)]","[(0, 4130.5908203125), (1, 4041.537353515625)]","[(0, 4620.10791015625), (1, 4212.4931640625)]","[(0, 6303.0556640625), (1, 7633.49365234375)]","[(0, 2904.868896484375), (1, 3233.9638671875)]","[(0, 3392.43115234375), (1, 3292.390380859375)]","[(0, 2747.38037109375), (1, 2819.90234375)]","[(0, 5392.59521484375), (1, 5297.3486328125)]"
190,"[(0, 6046.77978515625), (1, 6065.31884765625)]","[(0, 5838.2470703125), (1, 5666.896484375)]","[(0, 4637.42041015625), (1, 4507.16455078125)]","[(0, 5390.029296875), (1, 5703.57568359375)]","[(0, 3322.433837890625), (1, 3208.16650390625)]","[(0, 4572.87060546875), (1, 4886.134765625)]","[(0, 4961.513671875), (1, 5788.505859375)]","[(0, 4043.461181640625), (1, 4305.71142578125)]","[(0, 4140.6953125), (1, 2545.045166015625)]","[(0, 5398.21435546875), (1, 5272.69677734375)]","[(0, 5045.12353515625), (1, 4679.19775390625)]"
191,"[(0, 8393.4970703125), (1, 7960.72216796875)]","[(0, 6338.16748046875), (1, 5933.6259765625)]","[(0, 6384.388671875), (1, 6263.81787109375)]","[(0, 4506.4296875), (1, 4456.3837890625)]","[(0, 8886.0205078125), (1, 6477.04150390625)]","[(0, 7061.80078125), (1, 7658.46826171875)]","[(0, 3774.7978515625), (1, 3557.6484375)]","[(0, 3560.85302734375), (1, 3884.888916015625)]","[(0, 3836.2099609375), (1, 4905.455078125)]","[(0, 4099.673828125), (1, 4182.96142578125)]","[(0, 4606.359375), (1, 3804.30224609375)]"
192,"[(0, 8343.1865234375), (1, 8216.2353515625)]","[(0, 2647.852294921875), (1, 3200.28271484375)]","[(0, 6238.154296875), (1, 6141.8271484375)]","[(0, 7300.43359375), (1, 7439.0703125)]","[(0, 7351.63134765625), (1, 5364.81884765625)]","[(0, 4811.9697265625), (1, 4637.81884765625)]","[(0, 6874.48046875), (1, 7314.3369140625)]","[(0, 2874.64111328125), (1, 4460.38916015625)]","[(0, 5575.33740234375), (1, 3384.604248046875)]","[(0, 5902.63525390625), (1, 5625.2529296875)]","[(0, 8962.74609375), (1, 9178.8193359375)]"
193,"[(0, 7914.5986328125), (1, 8112.16943359375)]","[(0, 2449.294921875), (1, 2932.239013671875)]","[(0, 9446.00390625), (1, 9062.7421875)]","[(0, 6136.5751953125), (1, 6192.66064453125)]","[(0, 5594.5439453125), (1, 5618.052734375)]","[(0, 7086.2021484375), (1, 6726.89208984375)]","[(0, 5701.2861328125), (1, 5297.10107421875)]","[(0, 4362.79833984375), (1, 4624.33056640625)]","[(0, 3453.48291015625), (1, 4810.68505859375)]","[(0, 3473.221435546875), (1, 3148.077880859375)]","[(0, 5684.6884765625), (1, 5795.869140625)]"
194,"[(0, 10069.248046875), (1, 9272.5380859375)]","[(0, 3011.486572265625), (1, 3502.19189453125)]","[(0, 3828.136962890625), (1, 3429.059814453125)]","[(0, 7530.76611328125), (1, 7284.4658203125)]","[(0, 4922.71533203125), (1, 3358.0439453125)]","[(0, 6652.32080078125), (1, 7014.35986328125)]","[(0, 6047.8642578125), (1, 5504.12255859375)]","[(0, 3402.867919921875), (1, 3428.088623046875)]","[(0, 2556.09814453125), (1, 2322.493408203125)]","[(0, 4848.64697265625), (1, 4746.416015625)]","[(0, 3278.2099609375), (1, 2942.895751953125)]"
195,"[(0, 8426.0185546875), (1, 8338.2236328125)]","[(0, 3300.302734375), (1, 3630.696533203125)]","[(0, 5613.33984375), (1, 5255.3720703125)]","[(0, 7258.765625), (1, 7649.29296875)]","[(0, 4270.888671875), (1, 2897.435791015625)]","[(0, 5066.60888671875), (1, 5389.2587890625)]","[(0, 4855.8798828125), (1, 4330.927734375)]","[(0, 4461.95068359375), (1, 3937.162109375)]","[(0, 4434.119140625), (1, 3868.05322265625)]","[(0, 6759.689453125), (1, 6222.00537109375)]","[(0, 2786.489990234375), (1, 2784.13916015625)]"
196,"[(0, 8381.03515625), (1, 8649.1064453125)]","[(0, 4136.17236328125), (1, 3651.39208984375)]","[(0, 4297.400390625), (1, 4231.869140625)]","[(0, 8167.86767578125), (1, 8320.818359375)]","[(0, 4183.81103515625), (1, 3896.283447265625)]","[(0, 4880.7373046875), (1, 4503.57666015625)]","[(0, 3276.91259765625), (1, 3469.401123046875)]","[(0, 4331.1591796875), (1, 5097.1220703125)]","[(0, 2711.581298828125), (1, 3017.742431640625)]","[(0, 5250.78857421875), (1, 4611.607421875)]","[(0, 5372.45751953125), (1, 4419.0654296875)]"
197,"[(0, 9711.1708984375), (1, 10386.1162109375)]","[(0, 2966.80029296875), (1, 2814.114013671875)]","[(0, 7352.7255859375), (1, 6438.85693359375)]","[(0, 4015.72705078125), (1, 4154.3251953125)]","[(0, 3741.584228515625), (1, 3740.00390625)]","[(0, 4414.44873046875), (1, 4076.721435546875)]","[(0, 11438.1806640625), (1, 12350.5322265625)]","[(0, 5876.56201171875), (1, 5475.8447265625)]","[(0, 3580.190673828125), (1, 2509.929931640625)]","[(0, 3887.583251953125), (1, 3782.86328125)]","[(0, 3848.614013671875), (1, 3945.2958984375)]"
198,"[(0, 6255.173828125), (1, 6251.96533203125)]","[(0, 3953.299072265625), (1, 4157.67822265625)]","[(0, 5462.62255859375), (1, 5152.4658203125)]","[(0, 5182.0234375), (1, 5474.2158203125)]","[(0, 6546.5634765625), (1, 4361.521484375)]","[(0, 5578.5556640625), (1, 6171.8662109375)]","[(0, 4622.04638671875), (1, 5028.96875)]","[(0, 2872.416015625), (1, 3640.182373046875)]","[(0, 3564.281005859375), (1, 3783.956298828125)]","[(0, 4155.34765625), (1, 3811.430908203125)]","[(0, 4714.2021484375), (1, 4622.7080078125)]"
199,"[(0, 9017.9453125), (1, 8888.521484375)]","[(0, 3579.99267578125), (1, 3956.85595703125)]","[(0, 9869.2001953125), (1, 9951.177734375)]","[(0, 5539.92236328125), (1, 6255.59130859375)]","[(0, 3802.546875), (1, 2571.321533203125)]","[(0, 5604.7119140625), (1, 5588.64111328125)]","[(0, 4426.72509765625), (1, 4122.7353515625)]","[(0, 2209.070068359375), (1, 1826.81494140625)]","[(0, 2476.80322265625), (1, 2750.110595703125)]","[(0, 3225.705810546875), (1, 4304.45947265625)]","[(0, 6957.28564453125), (1, 7076.1875)]"
200,"[(0, 8164.86181640625), (1, 8038.3154296875)]","[(0, 4032.697265625), (1, 4019.707763671875)]","[(0, 5442.72705078125), (1, 5240.13330078125)]","[(0, 6328.78076171875), (1, 6478.888671875)]","[(0, 3739.904052734375), (1, 3877.80419921875)]","[(0, 4441.07666015625), (1, 4036.12939453125)]","[(0, 4067.606689453125), (1, 4227.033203125)]","[(0, 3165.7353515625), (1, 3128.632568359375)]","[(0, 2998.135498046875), (1, 3007.29931640625)]","[(0, 5134.49853515625), (1, 3657.048095703125)]","[(0, 5351.966796875), (1, 5172.60791015625)]"
201,"[(0, 11218.55078125), (1, 11499.79296875)]","[(0, 5879.83056640625), (1, 5574.31689453125)]","[(0, 5953.25439453125), (1, 5674.52197265625)]","[(0, 5012.02001953125), (1, 5083.0009765625)]","[(0, 3199.840087890625), (1, 3361.376220703125)]","[(0, 3367.81298828125), (1, 3053.209716796875)]","[(0, 5981.80126953125), (1, 7257.5263671875)]","[(0, 4092.759521484375), (1, 3802.441650390625)]","[(0, 2776.2646484375), (1, 3269.9541015625)]","[(0, 2440.626953125), (1, 3647.949462890625)]","[(0, 4223.474609375), (1, 3851.852783203125)]"
202,"[(0, 12528.478515625), (1, 12660.2236328125)]","[(0, 5568.09521484375), (1, 5277.904296875)]","[(0, 2823.214599609375), (1, 3095.623291015625)]","[(0, 6033.19140625), (1, 6072.7099609375)]","[(0, 8173.8916015625), (1, 6142.66455078125)]","[(0, 6556.64794921875), (1, 6970.80078125)]","[(0, 4160.87548828125), (1, 5517.67138671875)]","[(0, 5000.6328125), (1, 5891.47705078125)]","[(0, 3618.449462890625), (1, 3965.28759765625)]","[(0, 4761.16357421875), (1, 3238.0927734375)]","[(0, 3379.791748046875), (1, 3310.816162109375)]"
203,"[(0, 12888.3115234375), (1, 13499.9306640625)]","[(0, 7202.0712890625), (1, 7736.1181640625)]","[(0, 4775.43798828125), (1, 4906.69482421875)]","[(0, 6839.2470703125), (1, 6533.14794921875)]","[(0, 7267.5693359375), (1, 5396.24267578125)]","[(0, 4012.358154296875), (1, 4259.38525390625)]","[(0, 5814.96484375), (1, 5489.0888671875)]","[(0, 3244.176025390625), (1, 3209.86181640625)]","[(0, 3123.6865234375), (1, 4921.87939453125)]","[(0, 2754.3916015625), (1, 2262.665771484375)]","[(0, 3905.87451171875), (1, 3796.64404296875)]"
204,"[(0, 7230.5009765625), (1, 7793.31396484375)]","[(0, 8389.0), (1, 8900.8974609375)]","[(0, 6960.20556640625), (1, 6753.84521484375)]","[(0, 5105.650390625), (1, 4880.48095703125)]","[(0, 4918.5576171875), (1, 5034.80908203125)]","[(0, 4982.29638671875), (1, 4365.51171875)]","[(0, 3822.16162109375), (1, 4145.09228515625)]","[(0, 3873.30224609375), (1, 3576.347900390625)]","[(0, 3989.7919921875), (1, 3626.07373046875)]","[(0, 4622.478515625), (1, 5358.263671875)]","[(0, 4398.236328125), (1, 4545.56982421875)]"
205,"[(0, 8917.1767578125), (1, 9232.7939453125)]","[(0, 7021.9365234375), (1, 7317.46923828125)]","[(0, 5935.3349609375), (1, 6620.30908203125)]","[(0, 4766.7841796875), (1, 4555.76416015625)]","[(0, 3973.4453125), (1, 3944.750244140625)]","[(0, 4916.26904296875), (1, 5422.07177734375)]","[(0, 6661.14501953125), (1, 8184.2265625)]","[(0, 2169.52783203125), (1, 1990.0628662109375)]","[(0, 4120.998046875), (1, 2931.89892578125)]","[(0, 5403.26171875), (1, 5450.96533203125)]","[(0, 6071.4765625), (1, 6204.10498046875)]"
206,"[(0, 9166.5458984375), (1, 9401.7236328125)]","[(0, 6051.7060546875), (1, 5933.55810546875)]","[(0, 10161.6640625), (1, 8670.2724609375)]","[(0, 5780.341796875), (1, 5181.74658203125)]","[(0, 8730.037109375), (1, 6154.50341796875)]","[(0, 5518.0029296875), (1, 6030.9482421875)]","[(0, 4734.318359375), (1, 5409.09814453125)]","[(0, 3128.9189453125), (1, 3729.532470703125)]","[(0, 3646.603759765625), (1, 3364.827392578125)]","[(0, 5200.2119140625), (1, 5451.958984375)]","[(0, 3353.985595703125), (1, 3232.09228515625)]"
207,"[(0, 7963.4560546875), (1, 7895.13427734375)]","[(0, 5431.9931640625), (1, 5112.5498046875)]","[(0, 4694.24267578125), (1, 5246.60400390625)]","[(0, 4549.251953125), (1, 4512.35546875)]","[(0, 8036.98193359375), (1, 5608.16064453125)]","[(0, 8502.6318359375), (1, 7662.12109375)]","[(0, 5145.97412109375), (1, 4810.30419921875)]","[(0, 3229.815185546875), (1, 2789.889404296875)]","[(0, 4562.8212890625), (1, 2663.66259765625)]","[(0, 2960.692138671875), (1, 3547.2412109375)]","[(0, 7948.45556640625), (1, 7515.34130859375)]"
208,"[(0, 13562.8544921875), (1, 14039.849609375)]","[(0, 3570.53759765625), (1, 3665.522216796875)]","[(0, 3899.2646484375), (1, 3957.13525390625)]","[(0, 3128.435791015625), (1, 3275.90625)]","[(0, 4497.4091796875), (1, 2933.897705078125)]","[(0, 8363.9482421875), (1, 7892.634765625)]","[(0, 5726.80517578125), (1, 6024.5498046875)]","[(0, 2936.450439453125), (1, 3510.096435546875)]","[(0, 3281.857177734375), (1, 2246.11328125)]","[(0, 4305.20654296875), (1, 3880.49365234375)]","[(0, 4365.92431640625), (1, 3666.48046875)]"
209,"[(0, 5827.13330078125), (1, 5762.98681640625)]","[(0, 3212.679443359375), (1, 3243.408935546875)]","[(0, 7549.98828125), (1, 8057.4951171875)]","[(0, 3629.88623046875), (1, 3236.98779296875)]","[(0, 2824.35791015625), (1, 3050.951171875)]","[(0, 4753.14306640625), (1, 5040.751953125)]","[(0, 7990.287109375), (1, 7885.56982421875)]","[(0, 4943.34423828125), (1, 3364.522705078125)]","[(0, 3923.989990234375), (1, 3082.89599609375)]","[(0, 4879.615234375), (1, 4585.4873046875)]","[(0, 3216.6005859375), (1, 2924.925537109375)]"
210,"[(0, 7354.25439453125), (1, 6927.9677734375)]","[(0, 3920.9970703125), (1, 3706.280029296875)]","[(0, 5338.95166015625), (1, 4704.7744140625)]","[(0, 6741.888671875), (1, 7097.70703125)]","[(0, 2849.65771484375), (1, 2998.255615234375)]","[(0, 4968.953125), (1, 5710.49267578125)]","[(0, 5008.6416015625), (1, 5421.5546875)]","[(0, 4454.7568359375), (1, 4142.27099609375)]","[(0, 5088.84521484375), (1, 4507.009765625)]","[(0, 4375.16064453125), (1, 4198.41162109375)]","[(0, 5845.56298828125), (1, 5413.55712890625)]"
211,"[(0, 6071.34326171875), (1, 6045.8916015625)]","[(0, 4224.23193359375), (1, 3893.263427734375)]","[(0, 5972.04248046875), (1, 5254.50048828125)]","[(0, 5437.23828125), (1, 5288.9990234375)]","[(0, 5515.3046875), (1, 3858.905029296875)]","[(0, 4285.22119140625), (1, 3675.3583984375)]","[(0, 5000.07470703125), (1, 4730.013671875)]","[(0, 4970.46484375), (1, 4156.79052734375)]","[(0, 2817.735595703125), (1, 2993.11328125)]","[(0, 3442.81884765625), (1, 3532.060546875)]","[(0, 2707.2236328125), (1, 2497.593505859375)]"
212,"[(0, 8477.546875), (1, 8198.0224609375)]","[(0, 3985.570556640625), (1, 3592.010009765625)]","[(0, 3907.16357421875), (1, 4237.99169921875)]","[(0, 4073.68603515625), (1, 4037.896728515625)]","[(0, 4771.96484375), (1, 3254.74951171875)]","[(0, 4735.70068359375), (1, 4549.19091796875)]","[(0, 4773.29833984375), (1, 4939.5126953125)]","[(0, 2662.98193359375), (1, 3016.28369140625)]","[(0, 4371.89013671875), (1, 5064.4736328125)]","[(0, 3863.0693359375), (1, 4068.219970703125)]","[(0, 7024.39501953125), (1, 7087.45947265625)]"
213,"[(0, 9805.994140625), (1, 9414.427734375)]","[(0, 9108.4306640625), (1, 8329.806640625)]","[(0, 4739.99267578125), (1, 4573.6689453125)]","[(0, 7396.42822265625), (1, 7961.10888671875)]","[(0, 8309.955078125), (1, 5799.828125)]","[(0, 3961.14501953125), (1, 4137.703125)]","[(0, 5749.46044921875), (1, 5954.1572265625)]","[(0, 3328.7705078125), (1, 4437.60107421875)]","[(0, 2555.308349609375), (1, 2050.246337890625)]","[(0, 3476.85693359375), (1, 4469.8427734375)]","[(0, 3555.810302734375), (1, 3412.819091796875)]"
214,"[(0, 8844.8974609375), (1, 8338.701171875)]","[(0, 8104.32080078125), (1, 7529.45947265625)]","[(0, 7479.3408203125), (1, 8188.56787109375)]","[(0, 6547.2001953125), (1, 6555.416015625)]","[(0, 7368.14697265625), (1, 5074.162109375)]","[(0, 5142.43701171875), (1, 5545.2392578125)]","[(0, 6711.32763671875), (1, 6922.2685546875)]","[(0, 3953.66845703125), (1, 3510.9033203125)]","[(0, 3300.778076171875), (1, 3754.19775390625)]","[(0, 2214.313720703125), (1, 2103.57666015625)]","[(0, 2778.839111328125), (1, 2507.073486328125)]"
215,"[(0, 8706.6484375), (1, 8664.51171875)]","[(0, 8313.298828125), (1, 7811.18603515625)]","[(0, 3852.289794921875), (1, 3887.676025390625)]","[(0, 5965.4736328125), (1, 6495.07861328125)]","[(0, 4664.0322265625), (1, 5217.00634765625)]","[(0, 5058.2421875), (1, 4850.85791015625)]","[(0, 4196.75830078125), (1, 3872.405029296875)]","[(0, 4162.01025390625), (1, 4420.63330078125)]","[(0, 2400.994873046875), (1, 2691.80908203125)]","[(0, 4014.89208984375), (1, 4588.02001953125)]","[(0, 4737.13232421875), (1, 4836.41796875)]"
216,"[(0, 5979.75927734375), (1, 5934.203125)]","[(0, 7523.13623046875), (1, 6447.2939453125)]","[(0, 8844.2900390625), (1, 8008.2373046875)]","[(0, 6222.10595703125), (1, 6433.84814453125)]","[(0, 4810.92333984375), (1, 5171.083984375)]","[(0, 4380.8427734375), (1, 4128.83447265625)]","[(0, 2844.638427734375), (1, 3055.41162109375)]","[(0, 7727.9404296875), (1, 8311.23828125)]","[(0, 3584.984130859375), (1, 5077.64208984375)]","[(0, 4832.84912109375), (1, 4525.45703125)]","[(0, 3928.7451171875), (1, 3546.86572265625)]"
217,"[(0, 7345.1630859375), (1, 8031.14306640625)]","[(0, 10754.6796875), (1, 10430.724609375)]","[(0, 5590.72021484375), (1, 5899.91650390625)]","[(0, 4556.259765625), (1, 4420.7890625)]","[(0, 9079.5771484375), (1, 6730.6591796875)]","[(0, 3658.45751953125), (1, 3944.227294921875)]","[(0, 8817.4833984375), (1, 8686.51953125)]","[(0, 4053.116943359375), (1, 3257.95751953125)]","[(0, 3137.32421875), (1, 2955.675048828125)]","[(0, 2620.239013671875), (1, 2719.049560546875)]","[(0, 5227.4501953125), (1, 5298.541015625)]"
218,"[(0, 7270.8623046875), (1, 7608.6953125)]","[(0, 11062.966796875), (1, 11038.0859375)]","[(0, 12823.3193359375), (1, 13031.7431640625)]","[(0, 5672.50927734375), (1, 5845.10546875)]","[(0, 8445.76953125), (1, 6232.3564453125)]","[(0, 5336.5341796875), (1, 5344.53564453125)]","[(0, 3948.013427734375), (1, 4017.1669921875)]","[(0, 2711.82568359375), (1, 3512.906005859375)]","[(0, 2889.2421875), (1, 3326.831298828125)]","[(0, 4292.81689453125), (1, 3896.67724609375)]","[(0, 5310.859375), (1, 4704.57763671875)]"
219,"[(0, 7286.501953125), (1, 6700.212890625)]","[(0, 11024.9765625), (1, 10132.6806640625)]","[(0, 6786.0107421875), (1, 7235.826171875)]","[(0, 5584.73583984375), (1, 5344.30078125)]","[(0, 4669.64892578125), (1, 3272.212646484375)]","[(0, 4960.42529296875), (1, 4519.14697265625)]","[(0, 9753.4853515625), (1, 9900.85546875)]","[(0, 3207.046875), (1, 2772.322265625)]","[(0, 4414.376953125), (1, 4132.44287109375)]","[(0, 4494.7421875), (1, 4505.2431640625)]","[(0, 6536.61865234375), (1, 6611.65869140625)]"
220,"[(0, 10435.3916015625), (1, 10950.6083984375)]","[(0, 8123.35546875), (1, 7239.76025390625)]","[(0, 3994.802490234375), (1, 3919.88671875)]","[(0, 4608.6923828125), (1, 4990.03759765625)]","[(0, 4481.3623046875), (1, 3070.768310546875)]","[(0, 3958.39599609375), (1, 3579.350830078125)]","[(0, 6285.08984375), (1, 6570.08642578125)]","[(0, 5064.0966796875), (1, 3443.495361328125)]","[(0, 3337.6328125), (1, 3673.763916015625)]","[(0, 3142.53466796875), (1, 3991.306640625)]","[(0, 6547.53125), (1, 6289.64111328125)]"
221,"[(0, 5911.47412109375), (1, 5959.9462890625)]","[(0, 4220.46728515625), (1, 3566.5966796875)]","[(0, 9538.8291015625), (1, 10510.919921875)]","[(0, 4535.6015625), (1, 4361.5751953125)]","[(0, 3353.972900390625), (1, 3346.633544921875)]","[(0, 3460.650634765625), (1, 3767.536376953125)]","[(0, 4775.98046875), (1, 4359.23828125)]","[(0, 2081.217529296875), (1, 2852.452880859375)]","[(0, 3638.4677734375), (1, 2964.92919921875)]","[(0, 3402.94921875), (1, 3052.61572265625)]","[(0, 3474.559814453125), (1, 3154.352783203125)]"
222,"[(0, 10470.5205078125), (1, 10772.3046875)]","[(0, 3228.752685546875), (1, 3447.02099609375)]","[(0, 4954.70947265625), (1, 4906.87744140625)]","[(0, 4269.56103515625), (1, 4458.01611328125)]","[(0, 3275.45654296875), (1, 3297.65673828125)]","[(0, 5340.91748046875), (1, 6173.85009765625)]","[(0, 5674.83056640625), (1, 6181.70361328125)]","[(0, 2964.710205078125), (1, 2942.61376953125)]","[(0, 3657.7109375), (1, 3267.653564453125)]","[(0, 4770.09912109375), (1, 3329.576904296875)]","[(0, 5838.50341796875), (1, 6020.42041015625)]"
223,"[(0, 5533.56494140625), (1, 5333.435546875)]","[(0, 3387.375), (1, 3571.429931640625)]","[(0, 6636.39111328125), (1, 6374.9765625)]","[(0, 4695.51416015625), (1, 4683.6982421875)]","[(0, 7220.970703125), (1, 4947.10302734375)]","[(0, 5403.576171875), (1, 4929.517578125)]","[(0, 4708.634765625), (1, 4009.61572265625)]","[(0, 5401.994140625), (1, 4645.6005859375)]","[(0, 3796.376220703125), (1, 4373.24560546875)]","[(0, 4906.76025390625), (1, 4914.1220703125)]","[(0, 7604.1396484375), (1, 8155.19677734375)]"
224,"[(0, 7356.5830078125), (1, 7106.626953125)]","[(0, 3608.03271484375), (1, 3632.78515625)]","[(0, 3602.888916015625), (1, 3458.50927734375)]","[(0, 3157.38037109375), (1, 3176.6044921875)]","[(0, 5186.1865234375), (1, 3553.213623046875)]","[(0, 5193.3232421875), (1, 5726.97998046875)]","[(0, 5707.69970703125), (1, 4570.16748046875)]","[(0, 2158.595703125), (1, 3099.031982421875)]","[(0, 2445.380859375), (1, 2420.991943359375)]","[(0, 3082.240478515625), (1, 3694.655517578125)]","[(0, 4362.30322265625), (1, 3753.51416015625)]"
225,"[(0, 9820.9775390625), (1, 9812.5244140625)]","[(0, 3794.403564453125), (1, 3641.59912109375)]","[(0, 6015.685546875), (1, 5781.8525390625)]","[(0, 4191.890625), (1, 4262.888671875)]","[(0, 4405.62939453125), (1, 4357.57568359375)]","[(0, 5035.71630859375), (1, 5441.8603515625)]","[(0, 6185.40087890625), (1, 7240.1337890625)]","[(0, 2818.951904296875), (1, 2859.440185546875)]","[(0, 3464.87109375), (1, 3651.05078125)]","[(0, 4822.5361328125), (1, 4488.80517578125)]","[(0, 3010.3408203125), (1, 3109.467529296875)]"
226,"[(0, 9610.1416015625), (1, 9257.0927734375)]","[(0, 3326.120849609375), (1, 3108.068115234375)]","[(0, 2880.927490234375), (1, 2975.989990234375)]","[(0, 4864.49169921875), (1, 4665.32275390625)]","[(0, 5533.90234375), (1, 5484.6513671875)]","[(0, 4531.22216796875), (1, 4401.6015625)]","[(0, 7300.06494140625), (1, 8768.970703125)]","[(0, 3493.172119140625), (1, 3540.576416015625)]","[(0, 5743.20751953125), (1, 4477.80810546875)]","[(0, 4048.2724609375), (1, 3472.247802734375)]","[(0, 6887.25634765625), (1, 7052.896484375)]"
227,"[(0, 8532.4189453125), (1, 8548.7412109375)]","[(0, 3632.868408203125), (1, 4357.974609375)]","[(0, 8061.43115234375), (1, 7651.357421875)]","[(0, 4750.15185546875), (1, 4767.9931640625)]","[(0, 4537.63525390625), (1, 3342.92724609375)]","[(0, 5122.6083984375), (1, 4714.8134765625)]","[(0, 4623.4619140625), (1, 5588.84912109375)]","[(0, 3935.911865234375), (1, 3795.12353515625)]","[(0, 3269.966552734375), (1, 3575.37255859375)]","[(0, 3865.16259765625), (1, 3731.385986328125)]","[(0, 5805.0634765625), (1, 5881.98974609375)]"
228,"[(0, 8981.6728515625), (1, 9011.255859375)]","[(0, 3870.968505859375), (1, 4615.6025390625)]","[(0, 8063.9677734375), (1, 6774.91455078125)]","[(0, 6001.548828125), (1, 6183.3310546875)]","[(0, 4992.9794921875), (1, 3707.559814453125)]","[(0, 7028.42236328125), (1, 7631.60888671875)]","[(0, 4366.51123046875), (1, 5284.32080078125)]","[(0, 3538.331787109375), (1, 4001.284423828125)]","[(0, 3908.904052734375), (1, 3483.537841796875)]","[(0, 2765.083740234375), (1, 2440.06591796875)]","[(0, 4452.99365234375), (1, 4225.8076171875)]"
229,"[(0, 6714.8232421875), (1, 6327.236328125)]","[(0, 3655.817138671875), (1, 4259.43017578125)]","[(0, 5492.05224609375), (1, 5238.41455078125)]","[(0, 7471.94775390625), (1, 7424.859375)]","[(0, 4242.48828125), (1, 3212.538330078125)]","[(0, 6370.64306640625), (1, 6755.5654296875)]","[(0, 9896.55078125), (1, 10004.24609375)]","[(0, 2673.809814453125), (1, 2320.651611328125)]","[(0, 3032.4208984375), (1, 2623.23291015625)]","[(0, 4299.34375), (1, 3428.673828125)]","[(0, 6605.54541015625), (1, 6839.716796875)]"
230,"[(0, 13684.90625), (1, 14378.1279296875)]","[(0, 3859.824951171875), (1, 3847.197509765625)]","[(0, 6929.44775390625), (1, 6381.0166015625)]","[(0, 7012.7822265625), (1, 7245.97705078125)]","[(0, 4041.81494140625), (1, 4264.17333984375)]","[(0, 6318.0888671875), (1, 6263.84765625)]","[(0, 8272.5302734375), (1, 8586.4404296875)]","[(0, 5460.7998046875), (1, 6480.1865234375)]","[(0, 3328.1357421875), (1, 4052.71484375)]","[(0, 3105.69775390625), (1, 3560.886962890625)]","[(0, 5522.35205078125), (1, 5319.20263671875)]"
231,"[(0, 6340.3134765625), (1, 6387.9208984375)]","[(0, 5729.3837890625), (1, 6273.5087890625)]","[(0, 8233.3271484375), (1, 7421.19970703125)]","[(0, 5037.6376953125), (1, 5705.892578125)]","[(0, 3258.523193359375), (1, 2403.01416015625)]","[(0, 7518.0361328125), (1, 7946.14404296875)]","[(0, 5393.64453125), (1, 4964.08349609375)]","[(0, 5289.33203125), (1, 4877.08447265625)]","[(0, 2343.326904296875), (1, 3416.469482421875)]","[(0, 3435.24267578125), (1, 3589.86962890625)]","[(0, 4588.32177734375), (1, 4561.302734375)]"
232,"[(0, 9137.2548828125), (1, 8965.875)]","[(0, 5905.4619140625), (1, 6412.5126953125)]","[(0, 6944.001953125), (1, 7117.1533203125)]","[(0, 3761.182373046875), (1, 3742.551513671875)]","[(0, 4188.23046875), (1, 2762.015869140625)]","[(0, 4118.54638671875), (1, 4536.2939453125)]","[(0, 5002.0537109375), (1, 5722.68310546875)]","[(0, 3831.862548828125), (1, 3536.15576171875)]","[(0, 4550.8095703125), (1, 4016.45068359375)]","[(0, 3505.96142578125), (1, 3357.954345703125)]","[(0, 6788.76123046875), (1, 5999.7001953125)]"
233,"[(0, 7951.42724609375), (1, 8069.08447265625)]","[(0, 6017.26953125), (1, 6118.96142578125)]","[(0, 2987.694580078125), (1, 2634.742431640625)]","[(0, 5664.5302734375), (1, 5158.021484375)]","[(0, 5554.46484375), (1, 4349.7451171875)]","[(0, 3466.361572265625), (1, 3167.109375)]","[(0, 2874.37255859375), (1, 2789.211181640625)]","[(0, 2691.583251953125), (1, 3588.692138671875)]","[(0, 4421.54833984375), (1, 4970.00048828125)]","[(0, 4004.9990234375), (1, 4826.138671875)]","[(0, 5085.2509765625), (1, 4192.21826171875)]"
234,"[(0, 12563.4150390625), (1, 12869.0771484375)]","[(0, 5121.38232421875), (1, 5125.1005859375)]","[(0, 7293.7392578125), (1, 5454.6787109375)]","[(0, 6807.0302734375), (1, 6814.53271484375)]","[(0, 5237.03564453125), (1, 4018.561767578125)]","[(0, 3964.697509765625), (1, 3737.79345703125)]","[(0, 4540.76953125), (1, 4807.72705078125)]","[(0, 4930.49560546875), (1, 5567.48974609375)]","[(0, 3291.495361328125), (1, 3431.814453125)]","[(0, 3496.715087890625), (1, 3452.27783203125)]","[(0, 3359.587890625), (1, 3136.322021484375)]"
235,"[(0, 9574.36328125), (1, 9763.0244140625)]","[(0, 7545.6044921875), (1, 8261.40625)]","[(0, 8801.7216796875), (1, 9225.8759765625)]","[(0, 5914.1240234375), (1, 5947.8916015625)]","[(0, 3716.39208984375), (1, 3801.93408203125)]","[(0, 6084.07177734375), (1, 6409.81005859375)]","[(0, 6547.00634765625), (1, 8083.5869140625)]","[(0, 2745.789306640625), (1, 3214.44140625)]","[(0, 3491.8232421875), (1, 4245.681640625)]","[(0, 4015.61181640625), (1, 4000.170166015625)]","[(0, 3336.016357421875), (1, 3054.421142578125)]"
236,"[(0, 6047.43115234375), (1, 6176.57666015625)]","[(0, 6280.0634765625), (1, 6947.51904296875)]","[(0, 7164.40771484375), (1, 7027.18896484375)]","[(0, 3482.23583984375), (1, 3211.941162109375)]","[(0, 3798.947509765625), (1, 4091.2998046875)]","[(0, 8048.625), (1, 8643.5322265625)]","[(0, 7535.89599609375), (1, 9207.9892578125)]","[(0, 4389.87646484375), (1, 4771.677734375)]","[(0, 3686.44775390625), (1, 2828.425537109375)]","[(0, 3850.65185546875), (1, 3280.10498046875)]","[(0, 4158.37255859375), (1, 4109.43994140625)]"
237,"[(0, 7876.0625), (1, 7555.25341796875)]","[(0, 7670.6533203125), (1, 7393.21875)]","[(0, 6216.38818359375), (1, 5424.5283203125)]","[(0, 4116.5634765625), (1, 3919.393310546875)]","[(0, 4963.58642578125), (1, 3869.473876953125)]","[(0, 6960.37841796875), (1, 6626.2529296875)]","[(0, 4877.38720703125), (1, 4456.3837890625)]","[(0, 5413.01953125), (1, 5407.720703125)]","[(0, 3085.872802734375), (1, 3589.636962890625)]","[(0, 2619.308349609375), (1, 2222.992919921875)]","[(0, 3238.747802734375), (1, 3350.41455078125)]"
238,"[(0, 11491.40625), (1, 11523.3076171875)]","[(0, 8472.7060546875), (1, 7941.97705078125)]","[(0, 4389.416015625), (1, 4276.6435546875)]","[(0, 2992.71923828125), (1, 2736.093994140625)]","[(0, 5230.09326171875), (1, 3765.01513671875)]","[(0, 9218.1455078125), (1, 8733.009765625)]","[(0, 3517.2236328125), (1, 3809.991943359375)]","[(0, 4994.81298828125), (1, 5390.2197265625)]","[(0, 3098.582763671875), (1, 2214.267333984375)]","[(0, 3013.385498046875), (1, 4004.64013671875)]","[(0, 6183.40771484375), (1, 6609.125)]"
239,"[(0, 6364.625), (1, 6356.38134765625)]","[(0, 5050.134765625), (1, 4996.84228515625)]","[(0, 10435.6796875), (1, 9279.640625)]","[(0, 5768.171875), (1, 5585.85400390625)]","[(0, 4859.275390625), (1, 3351.216796875)]","[(0, 8825.5673828125), (1, 9445.3017578125)]","[(0, 6819.88330078125), (1, 7043.2783203125)]","[(0, 2962.798095703125), (1, 3556.471435546875)]","[(0, 2861.499755859375), (1, 3040.033447265625)]","[(0, 3155.574462890625), (1, 2667.31298828125)]","[(0, 3900.908447265625), (1, 3574.3671875)]"
240,"[(0, 6356.43017578125), (1, 6345.6064453125)]","[(0, 5205.173828125), (1, 5283.3076171875)]","[(0, 5274.97509765625), (1, 5404.39013671875)]","[(0, 9440.7255859375), (1, 9376.5439453125)]","[(0, 4453.88134765625), (1, 3033.251220703125)]","[(0, 4361.171875), (1, 4723.2607421875)]","[(0, 5436.517578125), (1, 5826.00537109375)]","[(0, 3050.32275390625), (1, 3134.7431640625)]","[(0, 2582.316162109375), (1, 2031.86181640625)]","[(0, 3677.04833984375), (1, 3788.516845703125)]","[(0, 4225.5458984375), (1, 3854.79248046875)]"
241,"[(0, 6551.57861328125), (1, 6425.0556640625)]","[(0, 5181.96923828125), (1, 5195.1015625)]","[(0, 7618.7158203125), (1, 7655.97802734375)]","[(0, 5479.5224609375), (1, 5535.04833984375)]","[(0, 2718.060546875), (1, 2775.24951171875)]","[(0, 5413.02490234375), (1, 4950.17041015625)]","[(0, 10119.7119140625), (1, 10418.8642578125)]","[(0, 3011.860107421875), (1, 3354.033935546875)]","[(0, 6230.0087890625), (1, 6289.4853515625)]","[(0, 3038.55517578125), (1, 2976.30078125)]","[(0, 4227.34326171875), (1, 4224.98974609375)]"
242,"[(0, 10677.369140625), (1, 10435.869140625)]","[(0, 4976.35107421875), (1, 4619.91357421875)]","[(0, 6237.029296875), (1, 6159.388671875)]","[(0, 3598.88134765625), (1, 3703.859619140625)]","[(0, 3240.55224609375), (1, 3698.0078125)]","[(0, 5591.5302734375), (1, 5292.2431640625)]","[(0, 9175.3447265625), (1, 9573.5693359375)]","[(0, 2240.89697265625), (1, 2057.973388671875)]","[(0, 3330.980712890625), (1, 4199.548828125)]","[(0, 4588.85107421875), (1, 4626.373046875)]","[(0, 6820.96337890625), (1, 7214.1494140625)]"
243,"[(0, 9241.1533203125), (1, 8960.83984375)]","[(0, 4285.72802734375), (1, 3913.085205078125)]","[(0, 5394.17919921875), (1, 5256.4501953125)]","[(0, 5968.97314453125), (1, 5770.31787109375)]","[(0, 9248.8857421875), (1, 6703.875)]","[(0, 3344.10693359375), (1, 3468.124267578125)]","[(0, 4070.947998046875), (1, 3754.373291015625)]","[(0, 3770.667236328125), (1, 2957.47802734375)]","[(0, 5043.31005859375), (1, 4073.305419921875)]","[(0, 4262.7138671875), (1, 3799.679443359375)]","[(0, 6001.1708984375), (1, 6125.8515625)]"
244,"[(0, 8049.50048828125), (1, 8140.35498046875)]","[(0, 4787.53076171875), (1, 4032.055419921875)]","[(0, 7117.21484375), (1, 7107.751953125)]","[(0, 2758.1162109375), (1, 2793.290771484375)]","[(0, 7424.7392578125), (1, 5359.54150390625)]","[(0, 5518.96630859375), (1, 6027.13623046875)]","[(0, 3789.5322265625), (1, 4058.6865234375)]","[(0, 6235.79833984375), (1, 5602.71337890625)]","[(0, 2373.184326171875), (1, 2569.61279296875)]","[(0, 2926.83544921875), (1, 2581.22900390625)]","[(0, 3718.455322265625), (1, 3242.802734375)]"
245,"[(0, 6813.26513671875), (1, 6706.4970703125)]","[(0, 4985.927734375), (1, 5327.76708984375)]","[(0, 4080.381591796875), (1, 3796.87939453125)]","[(0, 8885.7919921875), (1, 9168.337890625)]","[(0, 5107.515625), (1, 3438.75)]","[(0, 6095.86767578125), (1, 5242.732421875)]","[(0, 3978.9169921875), (1, 5090.947265625)]","[(0, 3034.34765625), (1, 3048.58349609375)]","[(0, 4483.27294921875), (1, 2821.552490234375)]","[(0, 4366.89453125), (1, 4294.70849609375)]","[(0, 5213.30126953125), (1, 5093.65234375)]"
246,"[(0, 7722.1494140625), (1, 7966.85107421875)]","[(0, 4786.05224609375), (1, 5076.0400390625)]","[(0, 7274.55908203125), (1, 7786.0107421875)]","[(0, 4506.53662109375), (1, 4535.05224609375)]","[(0, 4459.67041015625), (1, 2879.875244140625)]","[(0, 4965.85498046875), (1, 4815.39892578125)]","[(0, 4092.716552734375), (1, 5170.57568359375)]","[(0, 3677.118408203125), (1, 4575.173828125)]","[(0, 4318.09326171875), (1, 4318.92138671875)]","[(0, 4109.37353515625), (1, 4954.615234375)]","[(0, 3884.914794921875), (1, 3927.183349609375)]"
247,"[(0, 7126.9404296875), (1, 7146.9990234375)]","[(0, 5497.06201171875), (1, 5234.90869140625)]","[(0, 8082.50048828125), (1, 8006.54931640625)]","[(0, 5924.30224609375), (1, 5490.89501953125)]","[(0, 4464.83642578125), (1, 4745.787109375)]","[(0, 4619.43798828125), (1, 5078.5625)]","[(0, 4226.537109375), (1, 4262.83984375)]","[(0, 2254.20654296875), (1, 3323.49853515625)]","[(0, 4886.79638671875), (1, 3943.04248046875)]","[(0, 3586.62890625), (1, 4379.56005859375)]","[(0, 5510.49365234375), (1, 5302.2509765625)]"
248,"[(0, 9755.625), (1, 9892.314453125)]","[(0, 4921.43359375), (1, 4566.7607421875)]","[(0, 4059.29833984375), (1, 3991.150634765625)]","[(0, 4304.02001953125), (1, 4473.65087890625)]","[(0, 5058.6279296875), (1, 4971.87744140625)]","[(0, 4978.33984375), (1, 4664.83740234375)]","[(0, 6940.162109375), (1, 7459.4384765625)]","[(0, 5161.24462890625), (1, 3837.60400390625)]","[(0, 4147.70263671875), (1, 5976.28125)]","[(0, 4479.38818359375), (1, 5603.2744140625)]","[(0, 4728.1279296875), (1, 4662.3427734375)]"
249,"[(0, 6287.08056640625), (1, 6298.537109375)]","[(0, 3353.87353515625), (1, 3282.871337890625)]","[(0, 5174.3046875), (1, 6675.40234375)]","[(0, 5585.11376953125), (1, 5500.50732421875)]","[(0, 5565.244140625), (1, 3811.798095703125)]","[(0, 6230.0263671875), (1, 6540.72216796875)]","[(0, 4974.078125), (1, 5368.7646484375)]","[(0, 2745.607177734375), (1, 2428.958740234375)]","[(0, 2804.35546875), (1, 3002.164306640625)]","[(0, 4748.25439453125), (1, 4292.52197265625)]","[(0, 3239.7734375), (1, 2967.773681640625)]"
250,"[(0, 10194.2197265625), (1, 9959.3994140625)]","[(0, 4466.49755859375), (1, 5564.01318359375)]","[(0, 10287.3115234375), (1, 11248.9228515625)]","[(0, 3779.58154296875), (1, 3821.159423828125)]","[(0, 3163.51416015625), (1, 3227.358154296875)]","[(0, 4942.2978515625), (1, 5766.109375)]","[(0, 5661.98095703125), (1, 6087.88525390625)]","[(0, 4651.42626953125), (1, 3936.39990234375)]","[(0, 4607.48828125), (1, 4066.842529296875)]","[(0, 6130.0068359375), (1, 6302.22021484375)]","[(0, 7715.8193359375), (1, 7498.03076171875)]"
251,"[(0, 6981.89794921875), (1, 7128.55859375)]","[(0, 4832.2958984375), (1, 5880.91259765625)]","[(0, 5206.658203125), (1, 4789.3349609375)]","[(0, 7218.4365234375), (1, 6904.697265625)]","[(0, 4959.16259765625), (1, 3545.8544921875)]","[(0, 4405.8896484375), (1, 3826.541748046875)]","[(0, 5159.4189453125), (1, 5746.03466796875)]","[(0, 5632.0166015625), (1, 6590.44384765625)]","[(0, 3499.13037109375), (1, 3956.77294921875)]","[(0, 4686.6201171875), (1, 4419.51611328125)]","[(0, 3491.866455078125), (1, 3491.723388671875)]"
252,"[(0, 9250.90625), (1, 9052.4716796875)]","[(0, 4427.05029296875), (1, 5119.84912109375)]","[(0, 4651.77197265625), (1, 4673.27978515625)]","[(0, 8381.0185546875), (1, 8035.8935546875)]","[(0, 5973.6826171875), (1, 4105.3076171875)]","[(0, 5380.77978515625), (1, 4999.8505859375)]","[(0, 6275.3515625), (1, 6997.109375)]","[(0, 4913.0771484375), (1, 6035.5107421875)]","[(0, 3876.554443359375), (1, 3511.2080078125)]","[(0, 5084.71728515625), (1, 4084.165771484375)]","[(0, 6492.50830078125), (1, 6509.4775390625)]"
253,"[(0, 10756.947265625), (1, 10583.240234375)]","[(0, 4565.51513671875), (1, 4529.39013671875)]","[(0, 6693.83251953125), (1, 6489.57470703125)]","[(0, 4890.57275390625), (1, 5090.91796875)]","[(0, 6021.0693359375), (1, 5910.93798828125)]","[(0, 5473.9443359375), (1, 5776.4072265625)]","[(0, 7089.03466796875), (1, 6693.1298828125)]","[(0, 5232.07373046875), (1, 5340.6376953125)]","[(0, 2633.1435546875), (1, 3407.362060546875)]","[(0, 4215.61962890625), (1, 4597.888671875)]","[(0, 3834.574951171875), (1, 3711.6494140625)]"
254,"[(0, 6713.4208984375), (1, 6440.63818359375)]","[(0, 5301.1845703125), (1, 5634.9716796875)]","[(0, 3953.830810546875), (1, 4142.93505859375)]","[(0, 6823.0380859375), (1, 6623.302734375)]","[(0, 6510.7001953125), (1, 6660.7509765625)]","[(0, 6509.20458984375), (1, 7033.9140625)]","[(0, 4116.1748046875), (1, 4011.85693359375)]","[(0, 3426.62744140625), (1, 4210.75390625)]","[(0, 5357.732421875), (1, 5712.89501953125)]","[(0, 3903.82275390625), (1, 3700.463134765625)]","[(0, 4247.11962890625), (1, 4121.71728515625)]"
255,"[(0, 7102.033203125), (1, 7129.06884765625)]","[(0, 4600.3447265625), (1, 4913.4658203125)]","[(0, 9486.8642578125), (1, 9256.880859375)]","[(0, 6310.296875), (1, 6801.9560546875)]","[(0, 2901.839599609375), (1, 3035.54296875)]","[(0, 4608.138671875), (1, 4517.02734375)]","[(0, 6571.15185546875), (1, 5718.771484375)]","[(0, 3658.502685546875), (1, 3519.43505859375)]","[(0, 4214.494140625), (1, 3855.858642578125)]","[(0, 3301.130615234375), (1, 3641.321044921875)]","[(0, 7026.04296875), (1, 6999.11181640625)]"
256,"[(0, 5710.2041015625), (1, 5765.9228515625)]","[(0, 5994.3818359375), (1, 5710.11181640625)]","[(0, 3040.485595703125), (1, 2893.40869140625)]","[(0, 5329.95751953125), (1, 5257.958984375)]","[(0, 5070.03125), (1, 4028.853515625)]","[(0, 7033.142578125), (1, 6694.27294921875)]","[(0, 3946.868896484375), (1, 3559.396240234375)]","[(0, 4299.5322265625), (1, 4246.0908203125)]","[(0, 4159.74462890625), (1, 4315.18701171875)]","[(0, 3718.2001953125), (1, 3929.28125)]","[(0, 5509.31689453125), (1, 4329.37890625)]"
257,"[(0, 5954.52099609375), (1, 6074.7666015625)]","[(0, 4862.2744140625), (1, 4642.9384765625)]","[(0, 3270.8896484375), (1, 3395.855712890625)]","[(0, 9083.119140625), (1, 8764.5810546875)]","[(0, 5787.62841796875), (1, 4375.1396484375)]","[(0, 6994.59423828125), (1, 7640.91552734375)]","[(0, 6309.8095703125), (1, 5891.7919921875)]","[(0, 2346.810302734375), (1, 2517.18359375)]","[(0, 2731.0390625), (1, 3916.097900390625)]","[(0, 3340.597412109375), (1, 2663.600341796875)]","[(0, 8832.068359375), (1, 9222.33984375)]"
258,"[(0, 7254.24609375), (1, 7210.42822265625)]","[(0, 4721.2119140625), (1, 4185.96630859375)]","[(0, 5486.15234375), (1, 5352.7119140625)]","[(0, 6554.3408203125), (1, 6464.0087890625)]","[(0, 3784.021484375), (1, 3783.779541015625)]","[(0, 6318.06494140625), (1, 6558.8427734375)]","[(0, 6847.8095703125), (1, 7395.5537109375)]","[(0, 4296.306640625), (1, 4138.71337890625)]","[(0, 3363.935546875), (1, 3347.438232421875)]","[(0, 3081.74951171875), (1, 3850.750732421875)]","[(0, 6906.4296875), (1, 6743.02001953125)]"
259,"[(0, 6028.7685546875), (1, 5852.27880859375)]","[(0, 4933.51513671875), (1, 4422.78369140625)]","[(0, 10666.3271484375), (1, 11775.1083984375)]","[(0, 5058.91259765625), (1, 5231.779296875)]","[(0, 3913.37646484375), (1, 4003.360595703125)]","[(0, 7382.83349609375), (1, 7201.19921875)]","[(0, 6230.8349609375), (1, 6364.953125)]","[(0, 4350.06005859375), (1, 5853.47265625)]","[(0, 3418.02099609375), (1, 3316.143798828125)]","[(0, 5160.9052734375), (1, 5234.21435546875)]","[(0, 4888.3251953125), (1, 4935.26123046875)]"
260,"[(0, 9163.2763671875), (1, 10029.2646484375)]","[(0, 4450.947265625), (1, 4064.485107421875)]","[(0, 4517.216796875), (1, 4909.494140625)]","[(0, 4366.03662109375), (1, 4369.4853515625)]","[(0, 6237.35107421875), (1, 4617.2666015625)]","[(0, 5816.64501953125), (1, 5485.357421875)]","[(0, 7187.79931640625), (1, 7017.8662109375)]","[(0, 3823.43017578125), (1, 2887.6982421875)]","[(0, 3454.08251953125), (1, 3256.044189453125)]","[(0, 4793.24169921875), (1, 3509.835205078125)]","[(0, 6701.765625), (1, 6936.1923828125)]"
261,"[(0, 8374.0439453125), (1, 8085.73095703125)]","[(0, 3936.230712890625), (1, 3684.904541015625)]","[(0, 6592.66259765625), (1, 6547.30029296875)]","[(0, 4849.38671875), (1, 5304.0615234375)]","[(0, 7144.7705078125), (1, 4885.2822265625)]","[(0, 7018.68994140625), (1, 7287.89892578125)]","[(0, 6184.77587890625), (1, 5662.515625)]","[(0, 4016.30126953125), (1, 3978.302490234375)]","[(0, 3058.87255859375), (1, 3462.41357421875)]","[(0, 5733.43408203125), (1, 5198.69921875)]","[(0, 3748.173583984375), (1, 3326.5078125)]"
262,"[(0, 8982.4443359375), (1, 8928.6044921875)]","[(0, 3587.446533203125), (1, 3250.06591796875)]","[(0, 4448.1845703125), (1, 4344.22705078125)]","[(0, 5303.89990234375), (1, 5448.8037109375)]","[(0, 5765.06494140625), (1, 5888.4609375)]","[(0, 3761.060302734375), (1, 3886.81591796875)]","[(0, 6140.5908203125), (1, 6499.8564453125)]","[(0, 2538.401123046875), (1, 2013.51806640625)]","[(0, 3577.910400390625), (1, 4175.3291015625)]","[(0, 3331.669921875), (1, 4137.4111328125)]","[(0, 4780.42333984375), (1, 4595.77099609375)]"
263,"[(0, 7864.69873046875), (1, 8120.884765625)]","[(0, 5506.18603515625), (1, 4815.068359375)]","[(0, 9362.6044921875), (1, 8736.099609375)]","[(0, 6237.89208984375), (1, 6481.2060546875)]","[(0, 6400.07958984375), (1, 6185.654296875)]","[(0, 7529.12939453125), (1, 6877.71923828125)]","[(0, 8151.72119140625), (1, 7780.71875)]","[(0, 2478.37451171875), (1, 1868.6390380859375)]","[(0, 2544.620361328125), (1, 2664.06005859375)]","[(0, 3016.64599609375), (1, 3543.707763671875)]","[(0, 7886.359375), (1, 8035.87841796875)]"
264,"[(0, 9195.1845703125), (1, 8683.8359375)]","[(0, 4783.396484375), (1, 4464.66162109375)]","[(0, 9225.2333984375), (1, 8667.404296875)]","[(0, 6681.48486328125), (1, 6443.19970703125)]","[(0, 4900.755859375), (1, 3319.016845703125)]","[(0, 7514.25244140625), (1, 7134.60498046875)]","[(0, 7514.25927734375), (1, 6784.77490234375)]","[(0, 3423.978271484375), (1, 4025.109130859375)]","[(0, 4273.40673828125), (1, 3790.226318359375)]","[(0, 5111.662109375), (1, 5054.1865234375)]","[(0, 3391.2470703125), (1, 3060.795654296875)]"
265,"[(0, 6432.8603515625), (1, 6447.7119140625)]","[(0, 3070.9384765625), (1, 3741.80908203125)]","[(0, 6822.283203125), (1, 6436.47509765625)]","[(0, 6706.5546875), (1, 7192.845703125)]","[(0, 4479.6103515625), (1, 2952.12109375)]","[(0, 5583.40966796875), (1, 5896.36767578125)]","[(0, 7492.3125), (1, 6679.34423828125)]","[(0, 4876.99609375), (1, 4490.41455078125)]","[(0, 3664.466796875), (1, 3682.2275390625)]","[(0, 4055.881591796875), (1, 4938.1611328125)]","[(0, 5552.6533203125), (1, 6175.72265625)]"
266,"[(0, 5104.19970703125), (1, 5114.919921875)]","[(0, 3347.546630859375), (1, 4026.053466796875)]","[(0, 5287.69287109375), (1, 5671.4599609375)]","[(0, 6308.064453125), (1, 6058.162109375)]","[(0, 3211.647216796875), (1, 3212.930908203125)]","[(0, 5631.59765625), (1, 5968.24462890625)]","[(0, 3375.990478515625), (1, 3666.256591796875)]","[(0, 3100.01025390625), (1, 2901.409423828125)]","[(0, 5253.00244140625), (1, 4983.5458984375)]","[(0, 4874.8154296875), (1, 4439.21337890625)]","[(0, 3739.365478515625), (1, 3490.121826171875)]"
267,"[(0, 8863.6005859375), (1, 8695.6455078125)]","[(0, 3201.277587890625), (1, 3746.62255859375)]","[(0, 11145.5771484375), (1, 9782.279296875)]","[(0, 3576.624267578125), (1, 3899.78515625)]","[(0, 3336.499755859375), (1, 3417.09521484375)]","[(0, 9189.294921875), (1, 8468.037109375)]","[(0, 8802.4521484375), (1, 10971.986328125)]","[(0, 3887.423828125), (1, 3979.00048828125)]","[(0, 2654.711669921875), (1, 2686.378662109375)]","[(0, 3666.861572265625), (1, 4905.4365234375)]","[(0, 4481.64892578125), (1, 4722.5126953125)]"
268,"[(0, 7943.3408203125), (1, 7935.5419921875)]","[(0, 3338.50830078125), (1, 3551.180908203125)]","[(0, 8220.8671875), (1, 7809.3984375)]","[(0, 6243.26025390625), (1, 6461.6298828125)]","[(0, 8876.8984375), (1, 6541.3955078125)]","[(0, 6215.51123046875), (1, 6214.69921875)]","[(0, 5204.240234375), (1, 6426.998046875)]","[(0, 2988.814697265625), (1, 3784.197998046875)]","[(0, 4990.6513671875), (1, 3655.810302734375)]","[(0, 4113.90234375), (1, 4310.17333984375)]","[(0, 5916.83740234375), (1, 6060.94775390625)]"
269,"[(0, 7540.2021484375), (1, 7505.58544921875)]","[(0, 4638.63232421875), (1, 4140.27294921875)]","[(0, 4906.6201171875), (1, 4952.3095703125)]","[(0, 3233.266845703125), (1, 3273.4267578125)]","[(0, 7158.92333984375), (1, 5217.77734375)]","[(0, 3319.931396484375), (1, 3785.652587890625)]","[(0, 5869.8740234375), (1, 5344.3466796875)]","[(0, 4008.193115234375), (1, 4957.82421875)]","[(0, 4527.26513671875), (1, 3073.607421875)]","[(0, 2912.052734375), (1, 3336.140380859375)]","[(0, 6916.58642578125), (1, 6702.283203125)]"
270,"[(0, 11404.751953125), (1, 11761.19140625)]","[(0, 4895.271484375), (1, 4500.3740234375)]","[(0, 4981.96337890625), (1, 4832.31494140625)]","[(0, 3123.93994140625), (1, 3059.33642578125)]","[(0, 8239.8388671875), (1, 5792.9296875)]","[(0, 5434.734375), (1, 4839.49072265625)]","[(0, 3793.34326171875), (1, 4421.876953125)]","[(0, 6367.6669921875), (1, 5466.75)]","[(0, 3397.39111328125), (1, 3371.113037109375)]","[(0, 3155.05078125), (1, 2967.8232421875)]","[(0, 5352.38037109375), (1, 5533.142578125)]"
271,"[(0, 8029.58154296875), (1, 8567.537109375)]","[(0, 4447.98095703125), (1, 4108.79736328125)]","[(0, 7806.2861328125), (1, 8183.75048828125)]","[(0, 4471.228515625), (1, 4793.9501953125)]","[(0, 7616.0498046875), (1, 5135.693359375)]","[(0, 3296.015625), (1, 3649.007568359375)]","[(0, 8299.927734375), (1, 8692.5693359375)]","[(0, 3057.070068359375), (1, 3025.179443359375)]","[(0, 4659.75537109375), (1, 4464.58935546875)]","[(0, 3784.465087890625), (1, 3753.85400390625)]","[(0, 4756.96142578125), (1, 4759.18896484375)]"
272,"[(0, 6294.06396484375), (1, 6242.60546875)]","[(0, 4385.06005859375), (1, 4029.249267578125)]","[(0, 4918.44482421875), (1, 5335.94873046875)]","[(0, 6026.28564453125), (1, 6091.70654296875)]","[(0, 8030.96728515625), (1, 5667.16162109375)]","[(0, 5658.607421875), (1, 6101.4453125)]","[(0, 6142.27197265625), (1, 6292.25732421875)]","[(0, 4517.1435546875), (1, 4381.6279296875)]","[(0, 5743.19091796875), (1, 6022.14306640625)]","[(0, 3888.818115234375), (1, 3909.04931640625)]","[(0, 5859.974609375), (1, 4717.06640625)]"
273,"[(0, 7411.31201171875), (1, 7118.8095703125)]","[(0, 4986.03173828125), (1, 5311.10205078125)]","[(0, 10114.568359375), (1, 9777.298828125)]","[(0, 4753.50537109375), (1, 4886.83349609375)]","[(0, 6973.8662109375), (1, 4914.34716796875)]","[(0, 4880.62548828125), (1, 4541.59619140625)]","[(0, 5310.4541015625), (1, 4716.25244140625)]","[(0, 5364.66015625), (1, 4396.0390625)]","[(0, 2453.442138671875), (1, 3065.387451171875)]","[(0, 1897.641357421875), (1, 2023.0382080078125)]","[(0, 4917.337890625), (1, 4573.98291015625)]"
274,"[(0, 8023.34228515625), (1, 8304.2734375)]","[(0, 5361.78564453125), (1, 5686.34765625)]","[(0, 6149.7744140625), (1, 6110.96044921875)]","[(0, 5365.98046875), (1, 5156.04931640625)]","[(0, 4240.2998046875), (1, 2800.216064453125)]","[(0, 4578.6748046875), (1, 4229.1455078125)]","[(0, 5598.92626953125), (1, 6338.880859375)]","[(0, 3632.906494140625), (1, 3378.599365234375)]","[(0, 4103.4091796875), (1, 4718.52001953125)]","[(0, 5388.677734375), (1, 5196.23095703125)]","[(0, 4330.39111328125), (1, 4093.2236328125)]"
275,"[(0, 7629.03271484375), (1, 7630.62646484375)]","[(0, 5339.267578125), (1, 5457.94091796875)]","[(0, 6949.93115234375), (1, 7164.77685546875)]","[(0, 5082.6376953125), (1, 5164.87841796875)]","[(0, 3275.003662109375), (1, 3402.426513671875)]","[(0, 5526.029296875), (1, 5913.2724609375)]","[(0, 8123.634765625), (1, 7407.26318359375)]","[(0, 2070.4521484375), (1, 2277.6484375)]","[(0, 2945.302001953125), (1, 2715.213134765625)]","[(0, 3640.2587890625), (1, 3097.00537109375)]","[(0, 5087.46728515625), (1, 4700.7158203125)]"
276,"[(0, 10278.8779296875), (1, 10152.7236328125)]","[(0, 3662.293701171875), (1, 4014.781005859375)]","[(0, 3774.754638671875), (1, 3413.84130859375)]","[(0, 6466.56787109375), (1, 5935.04052734375)]","[(0, 6950.93212890625), (1, 4752.802734375)]","[(0, 3926.18701171875), (1, 4371.67333984375)]","[(0, 6232.13671875), (1, 6649.04833984375)]","[(0, 4078.129150390625), (1, 2810.342041015625)]","[(0, 3953.43115234375), (1, 3623.449951171875)]","[(0, 4772.90185546875), (1, 5036.88818359375)]","[(0, 3905.60986328125), (1, 3577.51806640625)]"
277,"[(0, 9079.4384765625), (1, 9458.1552734375)]","[(0, 3478.40576171875), (1, 4003.162109375)]","[(0, 7306.005859375), (1, 7539.626953125)]","[(0, 6404.2255859375), (1, 6239.3740234375)]","[(0, 6050.37939453125), (1, 5819.61376953125)]","[(0, 4605.01513671875), (1, 4193.44580078125)]","[(0, 14423.21484375), (1, 14479.126953125)]","[(0, 2932.5029296875), (1, 2597.3154296875)]","[(0, 3929.98583984375), (1, 4029.04931640625)]","[(0, 4876.0009765625), (1, 4688.79296875)]","[(0, 5994.2158203125), (1, 5892.4326171875)]"
278,"[(0, 9493.171875), (1, 9837.353515625)]","[(0, 3492.832275390625), (1, 3808.6474609375)]","[(0, 4936.85205078125), (1, 5457.80078125)]","[(0, 3092.560302734375), (1, 2419.330078125)]","[(0, 6639.19482421875), (1, 6505.46875)]","[(0, 4302.021484375), (1, 4049.469482421875)]","[(0, 8988.25390625), (1, 8631.2509765625)]","[(0, 3014.2822265625), (1, 2780.775634765625)]","[(0, 3791.83154296875), (1, 4824.3623046875)]","[(0, 3328.729248046875), (1, 3365.72607421875)]","[(0, 7040.61181640625), (1, 6542.42529296875)]"
279,"[(0, 6349.54150390625), (1, 5896.85693359375)]","[(0, 4397.05810546875), (1, 4392.501953125)]","[(0, 6180.943359375), (1, 6760.49560546875)]","[(0, 3519.203125), (1, 3368.2978515625)]","[(0, 5746.00732421875), (1, 4188.64990234375)]","[(0, 3573.842041015625), (1, 3927.126953125)]","[(0, 6281.79443359375), (1, 5817.1005859375)]","[(0, 3286.94091796875), (1, 4182.9931640625)]","[(0, 2509.030029296875), (1, 3804.512939453125)]","[(0, 3548.2021484375), (1, 3671.361328125)]","[(0, 3354.20947265625), (1, 3046.894775390625)]"
280,"[(0, 6052.13916015625), (1, 6655.1318359375)]","[(0, 4957.66845703125), (1, 4604.8876953125)]","[(0, 4770.95458984375), (1, 4618.46435546875)]","[(0, 3793.16259765625), (1, 4209.58544921875)]","[(0, 3659.298095703125), (1, 3580.600341796875)]","[(0, 5126.0341796875), (1, 6075.84423828125)]","[(0, 5921.873046875), (1, 6394.10107421875)]","[(0, 5770.7470703125), (1, 5391.556640625)]","[(0, 5195.96337890625), (1, 4539.11962890625)]","[(0, 4411.1494140625), (1, 4727.07763671875)]","[(0, 4728.71435546875), (1, 4370.34375)]"
281,"[(0, 7827.181640625), (1, 7295.4921875)]","[(0, 4581.65380859375), (1, 4926.18603515625)]","[(0, 6806.21923828125), (1, 6313.517578125)]","[(0, 4748.3583984375), (1, 4674.74169921875)]","[(0, 5175.50439453125), (1, 3888.4140625)]","[(0, 6106.3818359375), (1, 5557.79248046875)]","[(0, 8189.1064453125), (1, 7209.884765625)]","[(0, 2984.46826171875), (1, 2258.323974609375)]","[(0, 3478.1767578125), (1, 2354.035888671875)]","[(0, 3720.275146484375), (1, 3761.03173828125)]","[(0, 4088.764404296875), (1, 4401.291015625)]"
282,"[(0, 7467.03271484375), (1, 7883.0283203125)]","[(0, 4545.73046875), (1, 5245.68310546875)]","[(0, 3454.616455078125), (1, 3473.175048828125)]","[(0, 4403.58349609375), (1, 3950.6572265625)]","[(0, 3988.87109375), (1, 2855.68896484375)]","[(0, 6362.41015625), (1, 5915.0712890625)]","[(0, 4509.39599609375), (1, 5253.5732421875)]","[(0, 4247.01416015625), (1, 4801.41748046875)]","[(0, 4165.330078125), (1, 3805.986083984375)]","[(0, 6557.341796875), (1, 4940.23388671875)]","[(0, 7111.1826171875), (1, 6882.82421875)]"
283,"[(0, 6376.58154296875), (1, 6196.205078125)]","[(0, 4257.48876953125), (1, 4430.876953125)]","[(0, 8682.5859375), (1, 8394.5615234375)]","[(0, 4178.24072265625), (1, 4300.8154296875)]","[(0, 2886.68212890625), (1, 3163.360107421875)]","[(0, 5501.87646484375), (1, 6026.4921875)]","[(0, 9424.5966796875), (1, 9517.501953125)]","[(0, 5451.26171875), (1, 6483.580078125)]","[(0, 2315.56689453125), (1, 2536.386474609375)]","[(0, 4359.03857421875), (1, 6645.1748046875)]","[(0, 4950.529296875), (1, 4892.5224609375)]"
284,"[(0, 9993.6708984375), (1, 9468.77734375)]","[(0, 4720.82421875), (1, 4607.32568359375)]","[(0, 7747.11865234375), (1, 7417.61279296875)]","[(0, 6965.3251953125), (1, 6933.8701171875)]","[(0, 6399.6953125), (1, 4511.21533203125)]","[(0, 4849.9140625), (1, 4734.24169921875)]","[(0, 4535.44140625), (1, 4964.921875)]","[(0, 5170.28955078125), (1, 5366.50244140625)]","[(0, 3162.0390625), (1, 3445.991943359375)]","[(0, 3797.74853515625), (1, 4613.5517578125)]","[(0, 3004.108642578125), (1, 2979.13916015625)]"
285,"[(0, 6391.0283203125), (1, 6341.166015625)]","[(0, 3968.359619140625), (1, 4511.7275390625)]","[(0, 4102.49365234375), (1, 4654.13720703125)]","[(0, 6866.7939453125), (1, 6409.36376953125)]","[(0, 5868.51416015625), (1, 4032.48974609375)]","[(0, 5445.01171875), (1, 5254.89599609375)]","[(0, 8470.3544921875), (1, 8779.572265625)]","[(0, 2565.433349609375), (1, 2972.1298828125)]","[(0, 3264.17138671875), (1, 3580.139404296875)]","[(0, 2209.623291015625), (1, 3371.5986328125)]","[(0, 5272.0986328125), (1, 4709.501953125)]"
286,"[(0, 7324.10888671875), (1, 7132.65234375)]","[(0, 4049.743896484375), (1, 4511.95947265625)]","[(0, 7315.6826171875), (1, 7735.25439453125)]","[(0, 4907.86962890625), (1, 4632.92919921875)]","[(0, 7678.74072265625), (1, 5140.5986328125)]","[(0, 4494.48046875), (1, 4303.59326171875)]","[(0, 7472.17626953125), (1, 8037.04296875)]","[(0, 4713.8154296875), (1, 3976.4248046875)]","[(0, 3689.53564453125), (1, 2781.67626953125)]","[(0, 3542.484619140625), (1, 4244.36572265625)]","[(0, 5091.1318359375), (1, 5059.33740234375)]"
287,"[(0, 8184.84326171875), (1, 8762.6591796875)]","[(0, 4031.84765625), (1, 4453.38037109375)]","[(0, 5631.60302734375), (1, 5710.46044921875)]","[(0, 3778.66259765625), (1, 3729.42919921875)]","[(0, 2839.20849609375), (1, 3024.2880859375)]","[(0, 4065.109375), (1, 4582.8681640625)]","[(0, 6103.41796875), (1, 5807.5)]","[(0, 4924.396484375), (1, 3982.6259765625)]","[(0, 2778.50390625), (1, 3358.90576171875)]","[(0, 2548.32861328125), (1, 2425.354736328125)]","[(0, 4386.541015625), (1, 4439.560546875)]"
288,"[(0, 10011.662109375), (1, 9472.30859375)]","[(0, 4274.40478515625), (1, 4333.46484375)]","[(0, 8231.8974609375), (1, 9277.783203125)]","[(0, 5260.873046875), (1, 5372.58056640625)]","[(0, 3901.574462890625), (1, 3170.412109375)]","[(0, 5061.4990234375), (1, 5547.80517578125)]","[(0, 5305.6904296875), (1, 5072.3134765625)]","[(0, 2716.803466796875), (1, 3205.233642578125)]","[(0, 3248.789306640625), (1, 4014.826904296875)]","[(0, 4137.24560546875), (1, 3118.275390625)]","[(0, 5400.16064453125), (1, 5817.24462890625)]"
289,"[(0, 8612.7822265625), (1, 9196.9306640625)]","[(0, 4127.52734375), (1, 3613.63525390625)]","[(0, 5565.5361328125), (1, 5726.02392578125)]","[(0, 4833.388671875), (1, 4924.828125)]","[(0, 7116.95654296875), (1, 5590.7626953125)]","[(0, 4696.69677734375), (1, 4347.82470703125)]","[(0, 8008.015625), (1, 7390.70263671875)]","[(0, 4725.14404296875), (1, 3577.8251953125)]","[(0, 3525.7978515625), (1, 2759.952880859375)]","[(0, 3772.451416015625), (1, 3421.77490234375)]","[(0, 5782.52001953125), (1, 5750.8974609375)]"
290,"[(0, 7531.85107421875), (1, 7494.03515625)]","[(0, 5328.5087890625), (1, 5208.84326171875)]","[(0, 6049.2080078125), (1, 5719.93310546875)]","[(0, 3915.646240234375), (1, 4191.14697265625)]","[(0, 6771.29052734375), (1, 5162.07666015625)]","[(0, 3525.693359375), (1, 3361.36328125)]","[(0, 6879.6611328125), (1, 7882.322265625)]","[(0, 3369.56396484375), (1, 4883.48388671875)]","[(0, 4813.99853515625), (1, 4379.0302734375)]","[(0, 4610.173828125), (1, 4027.716552734375)]","[(0, 5971.2333984375), (1, 6431.12451171875)]"
291,"[(0, 7780.96337890625), (1, 7353.138671875)]","[(0, 5766.142578125), (1, 5827.40576171875)]","[(0, 5779.2451171875), (1, 5880.8623046875)]","[(0, 6288.3994140625), (1, 6537.4794921875)]","[(0, 4369.53564453125), (1, 4449.22900390625)]","[(0, 3924.577392578125), (1, 4177.63916015625)]","[(0, 3825.330322265625), (1, 3532.54931640625)]","[(0, 3222.3544921875), (1, 2764.375732421875)]","[(0, 3161.845947265625), (1, 2734.469970703125)]","[(0, 4420.16943359375), (1, 4803.56103515625)]","[(0, 2938.607666015625), (1, 2750.741455078125)]"
292,"[(0, 7600.89208984375), (1, 7769.8037109375)]","[(0, 4894.6181640625), (1, 4922.38671875)]","[(0, 3862.078369140625), (1, 3495.188232421875)]","[(0, 5320.96826171875), (1, 5220.599609375)]","[(0, 4910.00439453125), (1, 3304.21728515625)]","[(0, 5945.271484375), (1, 6320.91552734375)]","[(0, 7780.71142578125), (1, 8077.2138671875)]","[(0, 6379.5869140625), (1, 4636.43017578125)]","[(0, 3082.31689453125), (1, 2269.465576171875)]","[(0, 2772.926513671875), (1, 2461.482177734375)]","[(0, 2793.6396484375), (1, 2601.12890625)]"
293,"[(0, 6941.0751953125), (1, 7411.2275390625)]","[(0, 4185.19580078125), (1, 4167.642578125)]","[(0, 4851.3203125), (1, 4847.9345703125)]","[(0, 7931.10791015625), (1, 7903.76025390625)]","[(0, 5396.65966796875), (1, 3861.9052734375)]","[(0, 7785.57275390625), (1, 7390.21630859375)]","[(0, 5825.56103515625), (1, 6596.98388671875)]","[(0, 3653.88623046875), (1, 3066.3994140625)]","[(0, 5293.03564453125), (1, 4588.49658203125)]","[(0, 2590.114990234375), (1, 3465.363525390625)]","[(0, 3325.88623046875), (1, 3123.65380859375)]"
294,"[(0, 11303.423828125), (1, 11401.8701171875)]","[(0, 4459.9384765625), (1, 4668.64306640625)]","[(0, 2961.576171875), (1, 2669.94189453125)]","[(0, 5718.3837890625), (1, 6002.0009765625)]","[(0, 3581.5634765625), (1, 3522.69873046875)]","[(0, 8899.2080078125), (1, 8380.8994140625)]","[(0, 7276.48095703125), (1, 8399.005859375)]","[(0, 5881.9052734375), (1, 5596.38525390625)]","[(0, 3273.242431640625), (1, 3774.3046875)]","[(0, 3302.005859375), (1, 4413.01318359375)]","[(0, 6133.9189453125), (1, 5617.49072265625)]"
295,"[(0, 10268.5908203125), (1, 10057.03125)]","[(0, 4691.875), (1, 4904.96875)]","[(0, 8272.23828125), (1, 7960.32763671875)]","[(0, 6272.13232421875), (1, 6167.6474609375)]","[(0, 7057.11474609375), (1, 4999.57421875)]","[(0, 8911.216796875), (1, 9595.75390625)]","[(0, 8864.80078125), (1, 9555.5732421875)]","[(0, 5424.7919921875), (1, 4298.03564453125)]","[(0, 3654.4052734375), (1, 4457.53125)]","[(0, 3973.198974609375), (1, 4094.207763671875)]","[(0, 3504.6474609375), (1, 3010.481689453125)]"
296,"[(0, 11954.517578125), (1, 12492.244140625)]","[(0, 4660.43994140625), (1, 4660.1953125)]","[(0, 3116.48876953125), (1, 3478.47216796875)]","[(0, 3511.328369140625), (1, 3398.949951171875)]","[(0, 6017.94677734375), (1, 4271.6748046875)]","[(0, 8241.1279296875), (1, 8722.0732421875)]","[(0, 4261.83984375), (1, 4859.78515625)]","[(0, 3535.66015625), (1, 2357.30908203125)]","[(0, 3632.594482421875), (1, 4186.43310546875)]","[(0, 3463.78076171875), (1, 3889.0478515625)]","[(0, 7635.2412109375), (1, 7921.0849609375)]"
297,"[(0, 6886.908203125), (1, 6517.68310546875)]","[(0, 4023.95751953125), (1, 4124.576171875)]","[(0, 8001.02294921875), (1, 8208.3330078125)]","[(0, 5938.166015625), (1, 5489.9892578125)]","[(0, 3935.34130859375), (1, 4007.979248046875)]","[(0, 5335.14990234375), (1, 5073.10205078125)]","[(0, 6284.634765625), (1, 6009.4013671875)]","[(0, 3899.13427734375), (1, 5590.61328125)]","[(0, 2233.10595703125), (1, 3181.8984375)]","[(0, 4115.4521484375), (1, 4523.34228515625)]","[(0, 3216.103515625), (1, 2948.60546875)]"
298,"[(0, 7260.787109375), (1, 7198.85791015625)]","[(0, 6359.37060546875), (1, 6508.2919921875)]","[(0, 7136.966796875), (1, 7572.03857421875)]","[(0, 5173.29833984375), (1, 5821.5400390625)]","[(0, 3764.4189453125), (1, 3827.67333984375)]","[(0, 7796.47314453125), (1, 8502.2587890625)]","[(0, 3413.649169921875), (1, 3523.8544921875)]","[(0, 3234.077880859375), (1, 3236.774658203125)]","[(0, 2773.052001953125), (1, 2711.13525390625)]","[(0, 4124.24169921875), (1, 3280.010986328125)]","[(0, 5205.75439453125), (1, 5251.92529296875)]"
299,"[(0, 6976.0810546875), (1, 7159.03955078125)]","[(0, 6871.20947265625), (1, 7057.24951171875)]","[(0, 5401.10791015625), (1, 5359.3623046875)]","[(0, 8035.30322265625), (1, 8259.373046875)]","[(0, 5201.24853515625), (1, 3625.005126953125)]","[(0, 5159.36474609375), (1, 5424.197265625)]","[(0, 7682.41796875), (1, 6791.42333984375)]","[(0, 3337.018310546875), (1, 4233.4228515625)]","[(0, 2922.703125), (1, 2612.873779296875)]","[(0, 3920.982177734375), (1, 3589.16455078125)]","[(0, 5219.8828125), (1, 5230.7314453125)]"
300,"[(0, 7224.80078125), (1, 7223.16748046875)]","[(0, 6333.65966796875), (1, 6210.28466796875)]","[(0, 6579.44140625), (1, 7375.1630859375)]","[(0, 4444.546875), (1, 4449.50830078125)]","[(0, 5137.10888671875), (1, 3492.052734375)]","[(0, 6053.2822265625), (1, 5574.337890625)]","[(0, 5163.0859375), (1, 4595.7275390625)]","[(0, 5410.263671875), (1, 6057.46923828125)]","[(0, 3221.61083984375), (1, 3320.052001953125)]","[(0, 4563.15185546875), (1, 4858.62646484375)]","[(0, 3972.153076171875), (1, 3603.1259765625)]"
301,"[(0, 4401.1611328125), (1, 4432.8251953125)]","[(0, 5110.48779296875), (1, 4677.10546875)]","[(0, 6423.51123046875), (1, 5824.85546875)]","[(0, 5040.94921875), (1, 5269.5400390625)]","[(0, 3872.6337890625), (1, 3857.109130859375)]","[(0, 5978.1796875), (1, 6073.642578125)]","[(0, 3888.569580078125), (1, 3497.578857421875)]","[(0, 5206.951171875), (1, 3800.58203125)]","[(0, 2301.69091796875), (1, 2194.713134765625)]","[(0, 4104.0), (1, 4137.16259765625)]","[(0, 5470.0673828125), (1, 4869.625)]"
302,"[(0, 11275.775390625), (1, 11243.83984375)]","[(0, 4201.7080078125), (1, 3433.041748046875)]","[(0, 7979.375), (1, 7778.3369140625)]","[(0, 4670.50439453125), (1, 4481.9052734375)]","[(0, 3357.205078125), (1, 3289.258056640625)]","[(0, 4458.35595703125), (1, 4581.2470703125)]","[(0, 3825.8779296875), (1, 4043.51123046875)]","[(0, 4515.50244140625), (1, 5356.23583984375)]","[(0, 2837.0703125), (1, 2738.7841796875)]","[(0, 3518.23681640625), (1, 2656.1171875)]","[(0, 4226.96826171875), (1, 3545.85107421875)]"
303,"[(0, 6073.86865234375), (1, 6056.8916015625)]","[(0, 4515.451171875), (1, 4708.03759765625)]","[(0, 9137.7333984375), (1, 8623.10546875)]","[(0, 2783.39599609375), (1, 2725.963623046875)]","[(0, 6988.2265625), (1, 4882.310546875)]","[(0, 6839.22705078125), (1, 7079.326171875)]","[(0, 5904.83642578125), (1, 6777.7646484375)]","[(0, 2695.310302734375), (1, 3218.134765625)]","[(0, 1737.188720703125), (1, 2144.626220703125)]","[(0, 4141.26416015625), (1, 4004.4755859375)]","[(0, 4025.78466796875), (1, 3771.56298828125)]"
304,"[(0, 10353.748046875), (1, 10461.9267578125)]","[(0, 4533.81982421875), (1, 4657.6318359375)]","[(0, 4777.3876953125), (1, 5131.74267578125)]","[(0, 4514.01708984375), (1, 4520.888671875)]","[(0, 5102.2236328125), (1, 3635.498779296875)]","[(0, 4621.3544921875), (1, 4245.7626953125)]","[(0, 5111.61865234375), (1, 6074.7490234375)]","[(0, 5059.9306640625), (1, 4995.7802734375)]","[(0, 3921.883544921875), (1, 3447.822998046875)]","[(0, 3893.53076171875), (1, 4478.453125)]","[(0, 8277.296875), (1, 9396.2197265625)]"
305,"[(0, 5607.59912109375), (1, 5735.00341796875)]","[(0, 4967.9345703125), (1, 4839.1357421875)]","[(0, 9778.986328125), (1, 9283.3671875)]","[(0, 4704.14208984375), (1, 4774.22265625)]","[(0, 7105.54931640625), (1, 4825.1953125)]","[(0, 5400.84033203125), (1, 5065.60888671875)]","[(0, 4824.79052734375), (1, 4487.658203125)]","[(0, 3337.747314453125), (1, 3829.038818359375)]","[(0, 5378.35302734375), (1, 4869.1005859375)]","[(0, 2499.843017578125), (1, 2205.702880859375)]","[(0, 4830.416015625), (1, 4742.88232421875)]"
306,"[(0, 7737.8369140625), (1, 7736.0439453125)]","[(0, 5125.57958984375), (1, 4982.0869140625)]","[(0, 7672.34326171875), (1, 7790.43798828125)]","[(0, 3112.677734375), (1, 3034.787353515625)]","[(0, 6405.94775390625), (1, 4194.0859375)]","[(0, 8032.46875), (1, 8297.228515625)]","[(0, 5103.6298828125), (1, 5537.798828125)]","[(0, 5444.2998046875), (1, 3852.52490234375)]","[(0, 2669.607177734375), (1, 2600.72607421875)]","[(0, 5046.3359375), (1, 4911.484375)]","[(0, 5546.02783203125), (1, 5553.79736328125)]"
307,"[(0, 9318.4482421875), (1, 9206.4345703125)]","[(0, 4070.396728515625), (1, 4220.87353515625)]","[(0, 6493.67919921875), (1, 6958.685546875)]","[(0, 7905.4033203125), (1, 8209.2880859375)]","[(0, 5713.2333984375), (1, 5438.43603515625)]","[(0, 5188.0908203125), (1, 5318.984375)]","[(0, 3476.157470703125), (1, 3430.106201171875)]","[(0, 2938.421142578125), (1, 3700.37841796875)]","[(0, 4892.28955078125), (1, 4918.18212890625)]","[(0, 3312.7236328125), (1, 2756.510986328125)]","[(0, 4195.9541015625), (1, 3858.761474609375)]"
308,"[(0, 8479.2294921875), (1, 8507.2060546875)]","[(0, 4231.1708984375), (1, 4436.80078125)]","[(0, 7062.00244140625), (1, 7493.84912109375)]","[(0, 9090.99609375), (1, 8657.400390625)]","[(0, 7917.17333984375), (1, 5672.19580078125)]","[(0, 6358.90966796875), (1, 5838.4033203125)]","[(0, 3391.327880859375), (1, 3642.571533203125)]","[(0, 3082.06103515625), (1, 2782.049072265625)]","[(0, 4417.5185546875), (1, 4854.837890625)]","[(0, 4482.576171875), (1, 4587.1845703125)]","[(0, 5108.69921875), (1, 5159.01025390625)]"
309,"[(0, 5105.18798828125), (1, 4718.80810546875)]","[(0, 4926.7734375), (1, 4547.2783203125)]","[(0, 5383.033203125), (1, 5545.75244140625)]","[(0, 4932.583984375), (1, 5087.0791015625)]","[(0, 6044.02978515625), (1, 4488.62060546875)]","[(0, 6299.94873046875), (1, 6155.4248046875)]","[(0, 4949.12744140625), (1, 5144.865234375)]","[(0, 3375.19873046875), (1, 4253.82373046875)]","[(0, 3964.417724609375), (1, 3893.1259765625)]","[(0, 5701.6884765625), (1, 7489.162109375)]","[(0, 7822.26416015625), (1, 7688.7578125)]"
310,"[(0, 14953.26953125), (1, 14884.548828125)]","[(0, 5017.67724609375), (1, 4742.94140625)]","[(0, 4859.8779296875), (1, 5033.623046875)]","[(0, 5125.59912109375), (1, 4542.07275390625)]","[(0, 3515.674560546875), (1, 3552.88818359375)]","[(0, 5201.3330078125), (1, 5399.46484375)]","[(0, 4755.66796875), (1, 4631.53759765625)]","[(0, 3541.63330078125), (1, 4291.736328125)]","[(0, 3932.625244140625), (1, 3586.4169921875)]","[(0, 3910.462890625), (1, 3827.578369140625)]","[(0, 4675.61572265625), (1, 4034.05908203125)]"
311,"[(0, 6779.61962890625), (1, 6658.53466796875)]","[(0, 4300.671875), (1, 4624.06591796875)]","[(0, 4677.72509765625), (1, 4779.9443359375)]","[(0, 6324.732421875), (1, 7170.9765625)]","[(0, 4191.638671875), (1, 3252.58984375)]","[(0, 5412.10107421875), (1, 5571.47900390625)]","[(0, 7796.29443359375), (1, 7290.52587890625)]","[(0, 3435.2099609375), (1, 3085.405029296875)]","[(0, 6362.51904296875), (1, 6372.14990234375)]","[(0, 4522.220703125), (1, 5429.4189453125)]","[(0, 3839.3173828125), (1, 4100.9443359375)]"
312,"[(0, 11752.4345703125), (1, 11586.79296875)]","[(0, 4048.82470703125), (1, 4407.84814453125)]","[(0, 7900.19580078125), (1, 8767.2646484375)]","[(0, 6573.9033203125), (1, 6433.30224609375)]","[(0, 4899.6201171875), (1, 3303.511474609375)]","[(0, 5191.54052734375), (1, 4989.4619140625)]","[(0, 5422.5732421875), (1, 5781.69287109375)]","[(0, 3481.452392578125), (1, 4479.9609375)]","[(0, 2509.4560546875), (1, 2517.271240234375)]","[(0, 2606.197998046875), (1, 3030.50146484375)]","[(0, 3879.331787109375), (1, 3468.984375)]"
313,"[(0, 5290.90087890625), (1, 5244.97802734375)]","[(0, 5107.17919921875), (1, 4969.93408203125)]","[(0, 5078.18994140625), (1, 4414.35205078125)]","[(0, 8394.8984375), (1, 8607.9541015625)]","[(0, 2850.24462890625), (1, 2754.8447265625)]","[(0, 6723.6533203125), (1, 6940.80419921875)]","[(0, 10132.439453125), (1, 11066.7548828125)]","[(0, 2199.866943359375), (1, 2318.2802734375)]","[(0, 3432.534423828125), (1, 3117.737060546875)]","[(0, 3928.981201171875), (1, 4210.86669921875)]","[(0, 5140.1474609375), (1, 4943.787109375)]"
314,"[(0, 7313.953125), (1, 7260.94677734375)]","[(0, 5755.08349609375), (1, 5668.8046875)]","[(0, 4354.6259765625), (1, 4641.12353515625)]","[(0, 5076.15576171875), (1, 5171.9169921875)]","[(0, 2885.88134765625), (1, 2871.265625)]","[(0, 4192.9658203125), (1, 4387.51171875)]","[(0, 6686.00390625), (1, 7647.60791015625)]","[(0, 4106.9404296875), (1, 3607.67138671875)]","[(0, 2700.609375), (1, 3725.28076171875)]","[(0, 2911.286376953125), (1, 3450.5595703125)]","[(0, 3598.29443359375), (1, 3302.11279296875)]"
315,"[(0, 8170.859375), (1, 8216.392578125)]","[(0, 5872.43310546875), (1, 5628.1669921875)]","[(0, 4540.82958984375), (1, 4569.20458984375)]","[(0, 3510.005859375), (1, 2957.73046875)]","[(0, 5169.78662109375), (1, 3427.490478515625)]","[(0, 3938.096923828125), (1, 3887.223876953125)]","[(0, 7705.53857421875), (1, 9394.2490234375)]","[(0, 3119.447509765625), (1, 4234.34375)]","[(0, 4160.1298828125), (1, 4061.869873046875)]","[(0, 2341.228271484375), (1, 2452.762451171875)]","[(0, 3336.98046875), (1, 3303.921142578125)]"
316,"[(0, 4860.19775390625), (1, 4836.966796875)]","[(0, 4106.68603515625), (1, 4623.94677734375)]","[(0, 6355.34521484375), (1, 6087.107421875)]","[(0, 6407.17578125), (1, 6226.47509765625)]","[(0, 4254.6640625), (1, 3070.2763671875)]","[(0, 5960.8671875), (1, 5587.6708984375)]","[(0, 4839.92919921875), (1, 6755.107421875)]","[(0, 4127.82275390625), (1, 4486.724609375)]","[(0, 3142.9423828125), (1, 2723.818603515625)]","[(0, 5816.2626953125), (1, 6266.7333984375)]","[(0, 3147.141357421875), (1, 2969.900146484375)]"
317,"[(0, 10601.5146484375), (1, 9954.423828125)]","[(0, 4392.35986328125), (1, 4908.08935546875)]","[(0, 6190.541015625), (1, 6315.6669921875)]","[(0, 2834.93212890625), (1, 2246.43798828125)]","[(0, 3225.911865234375), (1, 3516.693603515625)]","[(0, 7254.142578125), (1, 7416.66455078125)]","[(0, 4463.626953125), (1, 4994.59423828125)]","[(0, 4213.58984375), (1, 3552.8271484375)]","[(0, 3275.806396484375), (1, 3647.2470703125)]","[(0, 2621.307373046875), (1, 2886.28564453125)]","[(0, 3601.27783203125), (1, 3485.21923828125)]"
318,"[(0, 6968.341796875), (1, 7261.47265625)]","[(0, 4091.85009765625), (1, 4449.326171875)]","[(0, 8743.54296875), (1, 9236.8896484375)]","[(0, 5352.732421875), (1, 5432.3818359375)]","[(0, 3204.386962890625), (1, 3510.58203125)]","[(0, 4848.01318359375), (1, 5115.29052734375)]","[(0, 4166.712890625), (1, 5738.16552734375)]","[(0, 3365.761474609375), (1, 4311.6533203125)]","[(0, 2718.2275390625), (1, 3254.67822265625)]","[(0, 3926.026123046875), (1, 3926.363037109375)]","[(0, 7717.58544921875), (1, 7703.458984375)]"
319,"[(0, 11143.08984375), (1, 11361.6982421875)]","[(0, 4909.025390625), (1, 4757.2880859375)]","[(0, 5578.50244140625), (1, 5777.02978515625)]","[(0, 3944.731201171875), (1, 4006.14892578125)]","[(0, 5743.0654296875), (1, 4097.56689453125)]","[(0, 4214.15283203125), (1, 3853.274658203125)]","[(0, 6384.28515625), (1, 5842.63623046875)]","[(0, 4675.3125), (1, 4566.86962890625)]","[(0, 5093.4384765625), (1, 4555.85986328125)]","[(0, 2446.15869140625), (1, 2920.6484375)]","[(0, 5969.11572265625), (1, 5917.89794921875)]"
320,"[(0, 8055.16748046875), (1, 7996.1259765625)]","[(0, 3433.277587890625), (1, 3796.70556640625)]","[(0, 5113.06640625), (1, 4742.5703125)]","[(0, 5897.8974609375), (1, 5813.81689453125)]","[(0, 5948.66845703125), (1, 3949.95654296875)]","[(0, 3200.194091796875), (1, 3111.906005859375)]","[(0, 6211.712890625), (1, 6884.42626953125)]","[(0, 3997.38623046875), (1, 4247.333984375)]","[(0, 3794.653076171875), (1, 3396.066162109375)]","[(0, 3073.384765625), (1, 4232.486328125)]","[(0, 7638.49658203125), (1, 7974.28515625)]"
321,"[(0, 8014.2041015625), (1, 7663.0048828125)]","[(0, 3445.818115234375), (1, 3710.8779296875)]","[(0, 10443.9931640625), (1, 10946.2236328125)]","[(0, 5089.95703125), (1, 5373.12890625)]","[(0, 5467.4541015625), (1, 4082.4560546875)]","[(0, 6570.349609375), (1, 6822.64111328125)]","[(0, 4460.87841796875), (1, 4708.05126953125)]","[(0, 4019.711669921875), (1, 4094.84423828125)]","[(0, 3205.728759765625), (1, 3045.163330078125)]","[(0, 3316.80810546875), (1, 4143.22705078125)]","[(0, 5565.228515625), (1, 5905.23095703125)]"
322,"[(0, 10418.21875), (1, 10210.087890625)]","[(0, 3926.894775390625), (1, 3969.222412109375)]","[(0, 8370.611328125), (1, 8453.2958984375)]","[(0, 4500.11669921875), (1, 4218.78076171875)]","[(0, 5029.548828125), (1, 3672.54150390625)]","[(0, 4336.97900390625), (1, 5009.1142578125)]","[(0, 6070.71240234375), (1, 6419.6474609375)]","[(0, 6182.4638671875), (1, 5308.49462890625)]","[(0, 2308.07958984375), (1, 2513.3837890625)]","[(0, 3140.59033203125), (1, 4514.37890625)]","[(0, 3018.706787109375), (1, 2567.48046875)]"
323,"[(0, 9784.95703125), (1, 10341.8955078125)]","[(0, 4326.638671875), (1, 3838.9111328125)]","[(0, 4070.36572265625), (1, 4216.3193359375)]","[(0, 5416.37109375), (1, 5865.59912109375)]","[(0, 3855.70068359375), (1, 3804.070068359375)]","[(0, 4958.2880859375), (1, 4305.06298828125)]","[(0, 3988.34619140625), (1, 3803.20703125)]","[(0, 2418.035888671875), (1, 2999.67138671875)]","[(0, 2349.52197265625), (1, 2753.746826171875)]","[(0, 6795.9326171875), (1, 7330.42626953125)]","[(0, 5577.55517578125), (1, 5265.16455078125)]"
324,"[(0, 7460.619140625), (1, 7167.8525390625)]","[(0, 4821.75), (1, 4154.69775390625)]","[(0, 4485.3388671875), (1, 5600.27734375)]","[(0, 8162.55712890625), (1, 7867.91748046875)]","[(0, 3921.0908203125), (1, 3930.9267578125)]","[(0, 4820.91796875), (1, 4908.14111328125)]","[(0, 5061.20458984375), (1, 5531.44384765625)]","[(0, 6269.76416015625), (1, 6878.72998046875)]","[(0, 3051.55615234375), (1, 2844.6005859375)]","[(0, 2821.06689453125), (1, 4012.866943359375)]","[(0, 4614.1943359375), (1, 4317.3193359375)]"
325,"[(0, 7815.8291015625), (1, 7708.84619140625)]","[(0, 3001.494384765625), (1, 3281.14990234375)]","[(0, 7870.33349609375), (1, 7389.70166015625)]","[(0, 3693.27099609375), (1, 4070.2958984375)]","[(0, 8903.478515625), (1, 5940.52783203125)]","[(0, 4752.39501953125), (1, 5131.5615234375)]","[(0, 4979.541015625), (1, 4667.1025390625)]","[(0, 2926.3359375), (1, 3031.64306640625)]","[(0, 2570.7919921875), (1, 2647.542724609375)]","[(0, 5668.923828125), (1, 5745.36083984375)]","[(0, 3913.447265625), (1, 3620.63818359375)]"
326,"[(0, 9281.7470703125), (1, 9726.046875)]","[(0, 3090.80029296875), (1, 3485.96728515625)]","[(0, 5845.14453125), (1, 5718.2421875)]","[(0, 5675.53955078125), (1, 6052.07568359375)]","[(0, 8194.9345703125), (1, 5307.83154296875)]","[(0, 4799.26123046875), (1, 4272.61181640625)]","[(0, 3700.590087890625), (1, 3987.9013671875)]","[(0, 6090.41162109375), (1, 5564.34228515625)]","[(0, 3364.7021484375), (1, 4614.55078125)]","[(0, 4559.88037109375), (1, 4602.060546875)]","[(0, 3590.80419921875), (1, 3081.341064453125)]"
327,"[(0, 5602.21630859375), (1, 5673.564453125)]","[(0, 3019.22216796875), (1, 3290.450439453125)]","[(0, 7281.361328125), (1, 7071.60009765625)]","[(0, 4435.21435546875), (1, 4610.50830078125)]","[(0, 6197.9013671875), (1, 4333.51025390625)]","[(0, 4549.525390625), (1, 4184.0302734375)]","[(0, 3983.947998046875), (1, 3670.545654296875)]","[(0, 2901.78564453125), (1, 4337.80224609375)]","[(0, 4662.208984375), (1, 3539.776123046875)]","[(0, 2464.690673828125), (1, 2391.4677734375)]","[(0, 6597.0341796875), (1, 6359.6923828125)]"
328,"[(0, 9224.15234375), (1, 9275.2705078125)]","[(0, 3216.391845703125), (1, 3237.20068359375)]","[(0, 4277.00244140625), (1, 4369.53955078125)]","[(0, 4688.05078125), (1, 5158.666015625)]","[(0, 5621.16162109375), (1, 3884.25927734375)]","[(0, 5906.2783203125), (1, 6313.962890625)]","[(0, 4452.416015625), (1, 4821.06982421875)]","[(0, 5970.47607421875), (1, 4547.6943359375)]","[(0, 2238.375732421875), (1, 2653.5625)]","[(0, 2528.85693359375), (1, 2306.534912109375)]","[(0, 4879.4013671875), (1, 4032.520751953125)]"
329,"[(0, 6356.005859375), (1, 6275.70458984375)]","[(0, 3102.068603515625), (1, 3078.268798828125)]","[(0, 7801.1962890625), (1, 7168.80224609375)]","[(0, 7056.798828125), (1, 6467.8505859375)]","[(0, 5319.18701171875), (1, 3770.566650390625)]","[(0, 4710.06298828125), (1, 5096.70361328125)]","[(0, 6990.41259765625), (1, 6376.0341796875)]","[(0, 5072.41064453125), (1, 4972.87353515625)]","[(0, 3544.799560546875), (1, 3403.4716796875)]","[(0, 3664.466796875), (1, 3786.584228515625)]","[(0, 4417.5439453125), (1, 4067.009521484375)]"
330,"[(0, 5052.8037109375), (1, 5272.3349609375)]","[(0, 3510.641845703125), (1, 4223.74462890625)]","[(0, 4266.65478515625), (1, 4176.02978515625)]","[(0, 3990.65966796875), (1, 3874.292724609375)]","[(0, 5000.92333984375), (1, 3679.14208984375)]","[(0, 4078.899169921875), (1, 3878.07421875)]","[(0, 6748.6748046875), (1, 6037.49658203125)]","[(0, 5571.56884765625), (1, 4569.30078125)]","[(0, 4858.44580078125), (1, 4277.84326171875)]","[(0, 4065.7333984375), (1, 3627.501953125)]","[(0, 3367.00048828125), (1, 2909.458740234375)]"
331,"[(0, 5682.6669921875), (1, 5931.6171875)]","[(0, 3425.470703125), (1, 3521.953125)]","[(0, 10701.8564453125), (1, 10380.7001953125)]","[(0, 6519.0009765625), (1, 6291.626953125)]","[(0, 3104.694091796875), (1, 3301.124267578125)]","[(0, 5924.60107421875), (1, 5441.8916015625)]","[(0, 8907.2919921875), (1, 8309.9306640625)]","[(0, 4344.96484375), (1, 2629.2001953125)]","[(0, 3637.420166015625), (1, 2820.49267578125)]","[(0, 4313.1298828125), (1, 4314.29833984375)]","[(0, 5567.07568359375), (1, 5556.4091796875)]"
332,"[(0, 10724.271484375), (1, 10372.8427734375)]","[(0, 4663.783203125), (1, 4142.88720703125)]","[(0, 5866.7685546875), (1, 5385.51318359375)]","[(0, 5818.74853515625), (1, 5604.54638671875)]","[(0, 7735.556640625), (1, 5495.03857421875)]","[(0, 4672.2861328125), (1, 5022.93896484375)]","[(0, 7894.177734375), (1, 7356.6318359375)]","[(0, 4053.472412109375), (1, 4551.599609375)]","[(0, 2311.18115234375), (1, 3884.71484375)]","[(0, 3460.69677734375), (1, 3659.703125)]","[(0, 3482.82373046875), (1, 3422.365478515625)]"
333,"[(0, 7788.20166015625), (1, 7658.38037109375)]","[(0, 3570.020263671875), (1, 4450.80712890625)]","[(0, 4146.11669921875), (1, 4011.814697265625)]","[(0, 5433.78076171875), (1, 5487.1728515625)]","[(0, 7178.318359375), (1, 4937.54443359375)]","[(0, 6702.1943359375), (1, 7171.16162109375)]","[(0, 3932.75244140625), (1, 3919.793212890625)]","[(0, 4686.95556640625), (1, 3657.204833984375)]","[(0, 3605.642333984375), (1, 5010.37548828125)]","[(0, 4982.5859375), (1, 2892.53125)]","[(0, 4801.05126953125), (1, 4829.6611328125)]"
334,"[(0, 11139.4892578125), (1, 10784.4755859375)]","[(0, 3341.28564453125), (1, 4088.7177734375)]","[(0, 10478.3125), (1, 11016.4736328125)]","[(0, 6051.533203125), (1, 6129.43359375)]","[(0, 6258.533203125), (1, 6031.58642578125)]","[(0, 6002.27587890625), (1, 5865.34716796875)]","[(0, 4943.2216796875), (1, 5254.1494140625)]","[(0, 4541.22802734375), (1, 3591.139892578125)]","[(0, 5957.82666015625), (1, 6175.61669921875)]","[(0, 2970.153564453125), (1, 3302.900390625)]","[(0, 7126.93408203125), (1, 7062.38671875)]"
335,"[(0, 8782.017578125), (1, 8693.158203125)]","[(0, 3734.51171875), (1, 4482.662109375)]","[(0, 5274.39208984375), (1, 5123.10205078125)]","[(0, 6057.884765625), (1, 5777.8505859375)]","[(0, 4367.33984375), (1, 4136.13671875)]","[(0, 6689.939453125), (1, 5896.08056640625)]","[(0, 4147.603515625), (1, 4646.46435546875)]","[(0, 3743.458251953125), (1, 4268.04248046875)]","[(0, 4597.72216796875), (1, 4101.32373046875)]","[(0, 3840.8408203125), (1, 3992.612548828125)]","[(0, 7282.6669921875), (1, 7081.203125)]"
336,"[(0, 9913.4033203125), (1, 9545.97265625)]","[(0, 5089.26318359375), (1, 5728.12109375)]","[(0, 7677.5546875), (1, 9305.021484375)]","[(0, 6048.9423828125), (1, 6118.9033203125)]","[(0, 4332.716796875), (1, 3250.524658203125)]","[(0, 5716.8193359375), (1, 6134.0126953125)]","[(0, 3071.86083984375), (1, 3253.356201171875)]","[(0, 2373.073486328125), (1, 2161.416015625)]","[(0, 4268.396484375), (1, 4405.1796875)]","[(0, 4364.07177734375), (1, 4243.79150390625)]","[(0, 7746.17236328125), (1, 8314.765625)]"
337,"[(0, 6717.263671875), (1, 6757.80126953125)]","[(0, 4311.87939453125), (1, 3884.9853515625)]","[(0, 4323.5576171875), (1, 4373.03271484375)]","[(0, 6766.39794921875), (1, 6717.48779296875)]","[(0, 4787.02001953125), (1, 3444.47412109375)]","[(0, 3973.7900390625), (1, 4201.583984375)]","[(0, 4953.42919921875), (1, 4453.2021484375)]","[(0, 4401.0810546875), (1, 3705.1630859375)]","[(0, 3774.98876953125), (1, 3142.201904296875)]","[(0, 3740.18212890625), (1, 4679.18017578125)]","[(0, 5387.6142578125), (1, 5719.45849609375)]"
338,"[(0, 7611.00341796875), (1, 8426.548828125)]","[(0, 3928.823974609375), (1, 4848.4990234375)]","[(0, 10421.0400390625), (1, 12326.044921875)]","[(0, 3551.302978515625), (1, 3829.940673828125)]","[(0, 4295.7900390625), (1, 2997.4267578125)]","[(0, 6520.53076171875), (1, 6167.64111328125)]","[(0, 3976.21630859375), (1, 4676.52099609375)]","[(0, 2838.9052734375), (1, 2710.77978515625)]","[(0, 3010.958251953125), (1, 3231.971923828125)]","[(0, 3487.74951171875), (1, 3252.487548828125)]","[(0, 5369.533203125), (1, 5257.78857421875)]"
339,"[(0, 9526.4462890625), (1, 9119.3046875)]","[(0, 4241.00341796875), (1, 5233.73046875)]","[(0, 7396.1318359375), (1, 7448.71826171875)]","[(0, 5415.0693359375), (1, 5563.98681640625)]","[(0, 8075.64306640625), (1, 5798.1083984375)]","[(0, 6081.56005859375), (1, 5844.30859375)]","[(0, 5966.224609375), (1, 5948.56103515625)]","[(0, 4046.84033203125), (1, 3711.2421875)]","[(0, 2764.7763671875), (1, 3007.236083984375)]","[(0, 3592.249755859375), (1, 3557.00732421875)]","[(0, 3847.94970703125), (1, 3549.2509765625)]"
340,"[(0, 10023.84375), (1, 10204.8798828125)]","[(0, 3923.72802734375), (1, 4462.17626953125)]","[(0, 5730.92431640625), (1, 5210.09521484375)]","[(0, 3751.1630859375), (1, 3877.574951171875)]","[(0, 7627.59228515625), (1, 5285.015625)]","[(0, 3256.373291015625), (1, 3347.66796875)]","[(0, 4091.76416015625), (1, 4115.65625)]","[(0, 4942.623046875), (1, 4319.22998046875)]","[(0, 2807.040771484375), (1, 3816.69775390625)]","[(0, 3348.31298828125), (1, 3212.575439453125)]","[(0, 6218.28564453125), (1, 6140.3330078125)]"
341,"[(0, 8248.7236328125), (1, 8559.65625)]","[(0, 4760.2099609375), (1, 4780.2041015625)]","[(0, 3970.79736328125), (1, 3837.6552734375)]","[(0, 4229.25439453125), (1, 4431.392578125)]","[(0, 4405.10400390625), (1, 4400.72021484375)]","[(0, 5197.51953125), (1, 5793.78076171875)]","[(0, 9722.2080078125), (1, 8708.0185546875)]","[(0, 3013.184326171875), (1, 3534.28466796875)]","[(0, 3648.96923828125), (1, 3092.705078125)]","[(0, 2732.14892578125), (1, 2897.585205078125)]","[(0, 3022.912841796875), (1, 2787.292724609375)]"
342,"[(0, 7327.720703125), (1, 6848.77587890625)]","[(0, 5374.21533203125), (1, 4745.1171875)]","[(0, 2064.82666015625), (1, 2063.233154296875)]","[(0, 6803.44189453125), (1, 6660.12841796875)]","[(0, 3754.326904296875), (1, 3759.6044921875)]","[(0, 6881.01318359375), (1, 6546.98779296875)]","[(0, 10308.30859375), (1, 9292.5087890625)]","[(0, 2418.271240234375), (1, 2333.421142578125)]","[(0, 3324.823486328125), (1, 3719.143310546875)]","[(0, 4279.58935546875), (1, 4499.72607421875)]","[(0, 7240.64453125), (1, 7120.0322265625)]"
343,"[(0, 11437.166015625), (1, 11912.9326171875)]","[(0, 5787.94873046875), (1, 6232.27294921875)]","[(0, 5801.59912109375), (1, 6103.07470703125)]","[(0, 7816.74560546875), (1, 8392.056640625)]","[(0, 8684.962890625), (1, 5953.5556640625)]","[(0, 5614.9248046875), (1, 5965.4736328125)]","[(0, 9162.98828125), (1, 9385.90234375)]","[(0, 4962.5361328125), (1, 4891.2490234375)]","[(0, 4588.7900390625), (1, 5283.83154296875)]","[(0, 5511.0087890625), (1, 4645.81787109375)]","[(0, 4050.771240234375), (1, 3479.62353515625)]"
344,"[(0, 8391.6728515625), (1, 8547.232421875)]","[(0, 5480.35888671875), (1, 5848.10498046875)]","[(0, 4645.26416015625), (1, 4981.3935546875)]","[(0, 4248.86181640625), (1, 4267.1025390625)]","[(0, 9362.845703125), (1, 6195.25390625)]","[(0, 4744.32080078125), (1, 4731.1005859375)]","[(0, 11826.380859375), (1, 12283.21484375)]","[(0, 3511.9814453125), (1, 3336.42041015625)]","[(0, 2800.4150390625), (1, 2718.1357421875)]","[(0, 2602.728271484375), (1, 2395.7958984375)]","[(0, 4091.420654296875), (1, 3481.727783203125)]"
345,"[(0, 6360.05029296875), (1, 6441.669921875)]","[(0, 5931.3515625), (1, 5618.49755859375)]","[(0, 5079.48291015625), (1, 5323.8359375)]","[(0, 5596.68408203125), (1, 5958.33203125)]","[(0, 4250.54736328125), (1, 4256.283203125)]","[(0, 4082.432861328125), (1, 4146.92724609375)]","[(0, 5306.30322265625), (1, 4694.1171875)]","[(0, 1848.981689453125), (1, 2028.5286865234375)]","[(0, 3669.422119140625), (1, 3802.340087890625)]","[(0, 3532.461669921875), (1, 3595.488525390625)]","[(0, 3503.254150390625), (1, 3270.481201171875)]"
346,"[(0, 6099.81005859375), (1, 6044.986328125)]","[(0, 5918.75634765625), (1, 5465.43115234375)]","[(0, 6296.23681640625), (1, 6033.3525390625)]","[(0, 5367.705078125), (1, 5058.048828125)]","[(0, 4891.603515625), (1, 4888.703125)]","[(0, 5782.52490234375), (1, 5387.35205078125)]","[(0, 7389.89208984375), (1, 7692.982421875)]","[(0, 4715.919921875), (1, 3404.257080078125)]","[(0, 3493.80859375), (1, 2832.086669921875)]","[(0, 3521.365234375), (1, 3304.64892578125)]","[(0, 7682.982421875), (1, 8272.94140625)]"
347,"[(0, 13767.6240234375), (1, 13793.974609375)]","[(0, 3155.26123046875), (1, 3090.80908203125)]","[(0, 4847.2138671875), (1, 4625.50830078125)]","[(0, 4318.56689453125), (1, 4434.20361328125)]","[(0, 7605.0751953125), (1, 5727.640625)]","[(0, 5652.275390625), (1, 6049.755859375)]","[(0, 7182.50244140625), (1, 6904.84912109375)]","[(0, 2758.584716796875), (1, 2459.50634765625)]","[(0, 3228.392578125), (1, 3271.164306640625)]","[(0, 7690.49609375), (1, 6146.9130859375)]","[(0, 3065.85546875), (1, 2884.032470703125)]"
348,"[(0, 7788.64013671875), (1, 8065.2294921875)]","[(0, 3728.831787109375), (1, 3680.166748046875)]","[(0, 3189.3173828125), (1, 3086.3759765625)]","[(0, 6001.70361328125), (1, 6137.72216796875)]","[(0, 8048.84814453125), (1, 5823.228515625)]","[(0, 6164.830078125), (1, 6814.54541015625)]","[(0, 4252.68408203125), (1, 4121.044921875)]","[(0, 3232.240234375), (1, 3516.33837890625)]","[(0, 3214.322021484375), (1, 2124.743896484375)]","[(0, 3890.9697265625), (1, 4117.9453125)]","[(0, 4763.87060546875), (1, 4346.904296875)]"
349,"[(0, 6794.765625), (1, 6705.00048828125)]","[(0, 4530.396484375), (1, 4892.45263671875)]","[(0, 4844.052734375), (1, 5236.38134765625)]","[(0, 4632.52294921875), (1, 4642.5712890625)]","[(0, 5912.150390625), (1, 5640.92919921875)]","[(0, 5910.3916015625), (1, 5391.345703125)]","[(0, 5055.40625), (1, 5090.69482421875)]","[(0, 3042.6728515625), (1, 2974.62646484375)]","[(0, 3192.960205078125), (1, 3705.208984375)]","[(0, 5314.51220703125), (1, 4266.69140625)]","[(0, 2835.865234375), (1, 2453.33447265625)]"
350,"[(0, 9040.40234375), (1, 9247.6689453125)]","[(0, 4390.12744140625), (1, 4717.87646484375)]","[(0, 4010.713134765625), (1, 4049.871337890625)]","[(0, 5326.81689453125), (1, 5609.2138671875)]","[(0, 6288.0517578125), (1, 6273.1494140625)]","[(0, 4866.9326171875), (1, 4649.25732421875)]","[(0, 7973.60107421875), (1, 8574.56640625)]","[(0, 3413.939208984375), (1, 2890.65185546875)]","[(0, 5714.87353515625), (1, 4483.23046875)]","[(0, 4933.92919921875), (1, 3558.52099609375)]","[(0, 3103.512939453125), (1, 2944.22509765625)]"
351,"[(0, 6956.177734375), (1, 6865.6806640625)]","[(0, 5202.78125), (1, 5034.97216796875)]","[(0, 7541.51123046875), (1, 7469.46826171875)]","[(0, 6850.494140625), (1, 6127.28857421875)]","[(0, 9098.46484375), (1, 6551.44140625)]","[(0, 6293.10888671875), (1, 6557.216796875)]","[(0, 4683.70703125), (1, 4369.8857421875)]","[(0, 5410.00048828125), (1, 3915.384765625)]","[(0, 4187.7470703125), (1, 3508.342529296875)]","[(0, 3207.906494140625), (1, 3578.978759765625)]","[(0, 3538.466552734375), (1, 3214.37109375)]"
352,"[(0, 6582.12744140625), (1, 6427.71533203125)]","[(0, 5189.9365234375), (1, 4940.90771484375)]","[(0, 4883.64697265625), (1, 5148.8359375)]","[(0, 5460.73193359375), (1, 5394.63232421875)]","[(0, 5833.50537109375), (1, 4085.977294921875)]","[(0, 5371.55078125), (1, 5618.390625)]","[(0, 4292.001953125), (1, 4598.91943359375)]","[(0, 4863.7958984375), (1, 4855.2685546875)]","[(0, 4451.0537109375), (1, 5086.41943359375)]","[(0, 4567.65380859375), (1, 4525.6767578125)]","[(0, 9082.001953125), (1, 9347.84765625)]"
353,"[(0, 8451.1357421875), (1, 8551.5625)]","[(0, 4303.67138671875), (1, 5092.58349609375)]","[(0, 11746.3505859375), (1, 11069.6474609375)]","[(0, 6266.76318359375), (1, 5866.99755859375)]","[(0, 5973.876953125), (1, 4193.994140625)]","[(0, 6734.1455078125), (1, 6594.68115234375)]","[(0, 7795.052734375), (1, 7974.634765625)]","[(0, 4930.57080078125), (1, 4313.14208984375)]","[(0, 4436.72900390625), (1, 3807.195068359375)]","[(0, 2835.865234375), (1, 3453.677490234375)]","[(0, 3110.063720703125), (1, 2824.863037109375)]"
354,"[(0, 6538.32080078125), (1, 7054.1142578125)]","[(0, 5215.9765625), (1, 6720.37744140625)]","[(0, 6886.3896484375), (1, 7125.61572265625)]","[(0, 4460.52099609375), (1, 4280.78955078125)]","[(0, 4120.1806640625), (1, 4216.625)]","[(0, 7584.57763671875), (1, 7041.60546875)]","[(0, 6970.8212890625), (1, 7585.1279296875)]","[(0, 5001.873046875), (1, 3748.41650390625)]","[(0, 4028.849609375), (1, 4426.10888671875)]","[(0, 4047.16064453125), (1, 4082.791015625)]","[(0, 5155.8134765625), (1, 4687.56787109375)]"
355,"[(0, 7187.73046875), (1, 6982.7705078125)]","[(0, 4320.140625), (1, 5103.69287109375)]","[(0, 9635.009765625), (1, 9575.5595703125)]","[(0, 4417.6533203125), (1, 4521.328125)]","[(0, 4463.6103515625), (1, 4418.390625)]","[(0, 6418.09814453125), (1, 6996.1220703125)]","[(0, 9003.8427734375), (1, 8737.0078125)]","[(0, 6123.17041015625), (1, 5050.87158203125)]","[(0, 4428.20703125), (1, 4664.93505859375)]","[(0, 4961.1064453125), (1, 5117.2470703125)]","[(0, 4013.743408203125), (1, 4527.3818359375)]"
356,"[(0, 8275.4501953125), (1, 8805.701171875)]","[(0, 4263.94970703125), (1, 4597.69140625)]","[(0, 5047.79443359375), (1, 4956.59521484375)]","[(0, 4605.48046875), (1, 4859.2333984375)]","[(0, 7695.1767578125), (1, 5661.3115234375)]","[(0, 3638.2666015625), (1, 3911.794189453125)]","[(0, 8074.34130859375), (1, 8248.8095703125)]","[(0, 3138.335693359375), (1, 2694.75634765625)]","[(0, 2805.935546875), (1, 2991.851806640625)]","[(0, 5730.00634765625), (1, 6134.298828125)]","[(0, 3064.32666015625), (1, 2929.980224609375)]"
357,"[(0, 7856.4150390625), (1, 7221.78271484375)]","[(0, 4295.0283203125), (1, 4549.22998046875)]","[(0, 5324.76513671875), (1, 5039.5888671875)]","[(0, 2987.780029296875), (1, 3059.648681640625)]","[(0, 5032.17822265625), (1, 4120.6953125)]","[(0, 4654.3857421875), (1, 4291.5849609375)]","[(0, 7123.896484375), (1, 6582.4228515625)]","[(0, 4411.544921875), (1, 6924.4208984375)]","[(0, 3197.597900390625), (1, 2625.239013671875)]","[(0, 3818.66015625), (1, 3665.693603515625)]","[(0, 3959.709716796875), (1, 3884.144287109375)]"
358,"[(0, 7868.91552734375), (1, 8086.18603515625)]","[(0, 4482.1064453125), (1, 4642.67724609375)]","[(0, 4095.10986328125), (1, 3872.176025390625)]","[(0, 10533.4775390625), (1, 10264.8310546875)]","[(0, 2844.8134765625), (1, 2925.67041015625)]","[(0, 5053.9697265625), (1, 4472.36669921875)]","[(0, 6317.8359375), (1, 6765.11962890625)]","[(0, 5031.01708984375), (1, 4574.5673828125)]","[(0, 5399.2900390625), (1, 5270.087890625)]","[(0, 5544.54150390625), (1, 5031.294921875)]","[(0, 4991.46044921875), (1, 4998.873046875)]"
359,"[(0, 8412.673828125), (1, 8633.869140625)]","[(0, 4555.990234375), (1, 4286.5166015625)]","[(0, 6351.97021484375), (1, 6580.54638671875)]","[(0, 3916.81494140625), (1, 3776.60888671875)]","[(0, 7158.16552734375), (1, 5161.63330078125)]","[(0, 4333.54736328125), (1, 4653.67138671875)]","[(0, 8136.21044921875), (1, 9640.5615234375)]","[(0, 3948.898193359375), (1, 3991.80908203125)]","[(0, 3585.0625), (1, 3659.151611328125)]","[(0, 5167.81982421875), (1, 4866.71435546875)]","[(0, 6141.2119140625), (1, 5969.18994140625)]"
360,"[(0, 6119.90673828125), (1, 5873.38525390625)]","[(0, 4593.96142578125), (1, 4668.38427734375)]","[(0, 4453.83056640625), (1, 4691.69140625)]","[(0, 4546.2373046875), (1, 4556.84619140625)]","[(0, 6150.46044921875), (1, 4490.8603515625)]","[(0, 3906.563720703125), (1, 4164.3095703125)]","[(0, 7952.67919921875), (1, 9494.7919921875)]","[(0, 4847.55126953125), (1, 4669.8583984375)]","[(0, 4156.4892578125), (1, 3218.83447265625)]","[(0, 4036.568359375), (1, 3916.5087890625)]","[(0, 5041.689453125), (1, 5012.86083984375)]"
361,"[(0, 4820.14990234375), (1, 4995.91357421875)]","[(0, 4748.0146484375), (1, 5021.19091796875)]","[(0, 4928.52099609375), (1, 4882.7763671875)]","[(0, 4891.22119140625), (1, 4473.044921875)]","[(0, 5712.1162109375), (1, 5688.4580078125)]","[(0, 4828.68896484375), (1, 4453.822265625)]","[(0, 5451.47021484375), (1, 5193.19482421875)]","[(0, 4683.9794921875), (1, 4526.58349609375)]","[(0, 4422.6572265625), (1, 4138.3662109375)]","[(0, 4086.382568359375), (1, 3595.587890625)]","[(0, 6176.3701171875), (1, 5979.78173828125)]"
362,"[(0, 7440.46826171875), (1, 7704.13525390625)]","[(0, 4866.1435546875), (1, 4633.77783203125)]","[(0, 10642.732421875), (1, 8809.169921875)]","[(0, 5823.31689453125), (1, 5601.50048828125)]","[(0, 5147.697265625), (1, 4931.0693359375)]","[(0, 8302.2392578125), (1, 8099.63818359375)]","[(0, 7693.81201171875), (1, 8141.76806640625)]","[(0, 3167.770751953125), (1, 3377.645751953125)]","[(0, 2700.899169921875), (1, 3047.080810546875)]","[(0, 3777.45556640625), (1, 3912.2158203125)]","[(0, 5982.57666015625), (1, 5826.6279296875)]"
363,"[(0, 6095.61181640625), (1, 6119.93017578125)]","[(0, 4544.26953125), (1, 4181.74462890625)]","[(0, 6692.77294921875), (1, 6914.96435546875)]","[(0, 4758.04541015625), (1, 4818.99609375)]","[(0, 7513.22705078125), (1, 5574.64111328125)]","[(0, 3916.7216796875), (1, 4332.8115234375)]","[(0, 5278.16064453125), (1, 5588.2890625)]","[(0, 3247.37060546875), (1, 3322.31982421875)]","[(0, 3054.06298828125), (1, 4602.1962890625)]","[(0, 5977.17041015625), (1, 6275.80029296875)]","[(0, 5657.150390625), (1, 5971.552734375)]"
364,"[(0, 6053.8828125), (1, 5815.13671875)]","[(0, 5847.66455078125), (1, 6438.1875)]","[(0, 7627.5849609375), (1, 8634.017578125)]","[(0, 6704.642578125), (1, 6229.0283203125)]","[(0, 5713.03662109375), (1, 4132.13525390625)]","[(0, 3440.5673828125), (1, 3462.423583984375)]","[(0, 3676.192626953125), (1, 4272.029296875)]","[(0, 6182.45849609375), (1, 5291.1630859375)]","[(0, 3598.946533203125), (1, 2466.19677734375)]","[(0, 4855.87060546875), (1, 4508.45849609375)]","[(0, 4692.828125), (1, 4376.84228515625)]"
365,"[(0, 9489.1533203125), (1, 9745.23828125)]","[(0, 5382.673828125), (1, 5800.99560546875)]","[(0, 5867.91552734375), (1, 5770.04833984375)]","[(0, 4944.103515625), (1, 5415.3330078125)]","[(0, 3139.865478515625), (1, 3388.27294921875)]","[(0, 3936.227294921875), (1, 3672.005615234375)]","[(0, 4611.3525390625), (1, 4028.353759765625)]","[(0, 4515.791015625), (1, 4523.50634765625)]","[(0, 4332.93994140625), (1, 3640.4775390625)]","[(0, 3020.906982421875), (1, 3133.607421875)]","[(0, 4041.7685546875), (1, 3788.3505859375)]"
366,"[(0, 6979.40185546875), (1, 7016.50146484375)]","[(0, 6231.32177734375), (1, 5966.27587890625)]","[(0, 6806.9140625), (1, 7166.51904296875)]","[(0, 4412.59228515625), (1, 4178.68310546875)]","[(0, 4281.08740234375), (1, 2965.36181640625)]","[(0, 5494.5771484375), (1, 5013.0283203125)]","[(0, 4753.5146484375), (1, 4875.052734375)]","[(0, 5714.29541015625), (1, 5919.6484375)]","[(0, 3065.826416015625), (1, 2674.70263671875)]","[(0, 4303.08837890625), (1, 3985.722900390625)]","[(0, 3933.210205078125), (1, 4025.4775390625)]"
367,"[(0, 8357.0107421875), (1, 9374.4599609375)]","[(0, 6144.169921875), (1, 5668.52392578125)]","[(0, 4890.8203125), (1, 5066.24609375)]","[(0, 6014.951171875), (1, 6044.7041015625)]","[(0, 4179.28466796875), (1, 2831.4873046875)]","[(0, 2757.143310546875), (1, 3075.7509765625)]","[(0, 8597.7978515625), (1, 8540.1279296875)]","[(0, 2374.985595703125), (1, 2885.604736328125)]","[(0, 3692.513427734375), (1, 3835.591796875)]","[(0, 4482.029296875), (1, 3948.26171875)]","[(0, 4844.2978515625), (1, 4818.34326171875)]"
368,"[(0, 9402.037109375), (1, 9080.130859375)]","[(0, 5655.451171875), (1, 5477.443359375)]","[(0, 5163.37158203125), (1, 5139.2353515625)]","[(0, 6480.26025390625), (1, 7135.85693359375)]","[(0, 5417.84326171875), (1, 3861.7431640625)]","[(0, 5163.5732421875), (1, 5291.173828125)]","[(0, 7118.04248046875), (1, 7314.7763671875)]","[(0, 3403.224853515625), (1, 3240.956787109375)]","[(0, 5445.998046875), (1, 5303.91015625)]","[(0, 2940.1494140625), (1, 3457.648681640625)]","[(0, 4944.15966796875), (1, 5172.6865234375)]"
369,"[(0, 7546.6982421875), (1, 7715.767578125)]","[(0, 5968.2392578125), (1, 5990.52978515625)]","[(0, 4661.6396484375), (1, 4605.3623046875)]","[(0, 4099.26318359375), (1, 4329.80859375)]","[(0, 4486.65673828125), (1, 3376.608642578125)]","[(0, 3726.556640625), (1, 3446.876220703125)]","[(0, 5200.83203125), (1, 4746.2080078125)]","[(0, 4465.44091796875), (1, 3635.595947265625)]","[(0, 3775.283935546875), (1, 3824.1669921875)]","[(0, 4116.51220703125), (1, 3734.126953125)]","[(0, 8908.28515625), (1, 9651.517578125)]"
370,"[(0, 5372.45263671875), (1, 5430.916015625)]","[(0, 5925.29052734375), (1, 5528.91748046875)]","[(0, 7108.6201171875), (1, 7135.802734375)]","[(0, 6358.55859375), (1, 6847.96630859375)]","[(0, 2929.605712890625), (1, 2935.083984375)]","[(0, 4447.48095703125), (1, 4075.55126953125)]","[(0, 4223.89404296875), (1, 4317.95751953125)]","[(0, 2415.131103515625), (1, 3508.32275390625)]","[(0, 4437.5458984375), (1, 3650.490234375)]","[(0, 4526.28955078125), (1, 4412.22607421875)]","[(0, 3703.198974609375), (1, 3563.611328125)]"
371,"[(0, 5982.5537109375), (1, 5540.1865234375)]","[(0, 5524.875), (1, 5060.7900390625)]","[(0, 5916.9501953125), (1, 5615.0107421875)]","[(0, 6980.66015625), (1, 7007.35986328125)]","[(0, 7923.31396484375), (1, 5833.43896484375)]","[(0, 5322.08447265625), (1, 5884.45263671875)]","[(0, 6873.81787109375), (1, 6976.95263671875)]","[(0, 2458.40869140625), (1, 2264.755615234375)]","[(0, 4716.51806640625), (1, 4505.509765625)]","[(0, 2798.740966796875), (1, 3113.618896484375)]","[(0, 7003.91259765625), (1, 7046.49609375)]"
372,"[(0, 11820.0673828125), (1, 11827.3173828125)]","[(0, 5063.95166015625), (1, 4479.37158203125)]","[(0, 4692.2509765625), (1, 5015.103515625)]","[(0, 5882.23095703125), (1, 5912.1728515625)]","[(0, 6261.80517578125), (1, 4860.30419921875)]","[(0, 6480.5634765625), (1, 7103.6591796875)]","[(0, 6910.474609375), (1, 6643.71142578125)]","[(0, 4009.454833984375), (1, 3225.25048828125)]","[(0, 3175.308349609375), (1, 3121.706298828125)]","[(0, 2259.3076171875), (1, 2513.314453125)]","[(0, 6243.349609375), (1, 6074.78369140625)]"
373,"[(0, 6515.470703125), (1, 6121.8916015625)]","[(0, 3840.54052734375), (1, 4132.58837890625)]","[(0, 5042.189453125), (1, 4544.15673828125)]","[(0, 3936.03564453125), (1, 3911.104248046875)]","[(0, 4202.4775390625), (1, 4074.746826171875)]","[(0, 5576.22021484375), (1, 5153.05078125)]","[(0, 5533.5966796875), (1, 5041.6025390625)]","[(0, 2219.00439453125), (1, 1967.05419921875)]","[(0, 2517.761962890625), (1, 1930.84765625)]","[(0, 3663.016845703125), (1, 4583.7255859375)]","[(0, 6665.00830078125), (1, 6664.25244140625)]"
374,"[(0, 10846.4853515625), (1, 11096.8857421875)]","[(0, 3968.628173828125), (1, 4078.3388671875)]","[(0, 7764.0263671875), (1, 7733.6171875)]","[(0, 5532.50927734375), (1, 5298.04052734375)]","[(0, 6211.79541015625), (1, 4414.7138671875)]","[(0, 6796.943359375), (1, 5952.1591796875)]","[(0, 3505.99462890625), (1, 3501.81103515625)]","[(0, 5140.02001953125), (1, 4434.1953125)]","[(0, 2348.00439453125), (1, 1959.7703857421875)]","[(0, 3133.6162109375), (1, 4161.35986328125)]","[(0, 6652.828125), (1, 6559.13671875)]"
375,"[(0, 7678.74072265625), (1, 8016.84130859375)]","[(0, 4097.93017578125), (1, 4237.23583984375)]","[(0, 8344.4765625), (1, 7632.693359375)]","[(0, 5754.68310546875), (1, 6085.9404296875)]","[(0, 5232.9921875), (1, 5288.02587890625)]","[(0, 7939.26611328125), (1, 8589.0205078125)]","[(0, 8026.1279296875), (1, 8798.23046875)]","[(0, 3655.35693359375), (1, 2898.21923828125)]","[(0, 2842.790283203125), (1, 3178.022705078125)]","[(0, 4501.7392578125), (1, 3743.697509765625)]","[(0, 6698.51953125), (1, 6616.04248046875)]"
376,"[(0, 8160.92236328125), (1, 8375.673828125)]","[(0, 4331.65478515625), (1, 4308.63232421875)]","[(0, 10796.1865234375), (1, 10242.9453125)]","[(0, 4772.43359375), (1, 4942.72705078125)]","[(0, 4789.08349609375), (1, 4853.92626953125)]","[(0, 3911.27197265625), (1, 4399.2431640625)]","[(0, 5652.18359375), (1, 6186.85205078125)]","[(0, 2615.890869140625), (1, 3097.188232421875)]","[(0, 3085.9228515625), (1, 2980.5146484375)]","[(0, 3850.718017578125), (1, 4267.25732421875)]","[(0, 4680.44775390625), (1, 4813.5302734375)]"
377,"[(0, 14353.5234375), (1, 14371.369140625)]","[(0, 4868.751953125), (1, 4738.44287109375)]","[(0, 6945.1806640625), (1, 7080.39990234375)]","[(0, 8045.46337890625), (1, 8413.9736328125)]","[(0, 6582.5419921875), (1, 4679.95166015625)]","[(0, 4326.33349609375), (1, 4031.02490234375)]","[(0, 7164.35986328125), (1, 6876.0078125)]","[(0, 3494.005126953125), (1, 3864.314697265625)]","[(0, 3948.363525390625), (1, 3987.745361328125)]","[(0, 2630.505615234375), (1, 3001.3740234375)]","[(0, 2619.138427734375), (1, 2432.64013671875)]"
378,"[(0, 8553.609375), (1, 8339.646484375)]","[(0, 4640.4423828125), (1, 6128.2939453125)]","[(0, 6856.55322265625), (1, 7816.45458984375)]","[(0, 5186.5625), (1, 5433.806640625)]","[(0, 5305.685546875), (1, 3535.1474609375)]","[(0, 5304.35498046875), (1, 4992.4560546875)]","[(0, 9450.248046875), (1, 10221.0966796875)]","[(0, 7753.7705078125), (1, 5338.43798828125)]","[(0, 2583.955322265625), (1, 2457.591796875)]","[(0, 2949.6279296875), (1, 2627.954345703125)]","[(0, 5577.55517578125), (1, 4666.10546875)]"
379,"[(0, 8887.1484375), (1, 8587.14453125)]","[(0, 6893.0263671875), (1, 7807.701171875)]","[(0, 7632.234375), (1, 7454.03369140625)]","[(0, 3759.47900390625), (1, 3454.343017578125)]","[(0, 5521.798828125), (1, 3630.963134765625)]","[(0, 3870.315185546875), (1, 4134.9892578125)]","[(0, 5291.693359375), (1, 5712.1162109375)]","[(0, 4017.43505859375), (1, 4175.05810546875)]","[(0, 3926.917236328125), (1, 4208.67041015625)]","[(0, 4153.6318359375), (1, 4216.18701171875)]","[(0, 4773.73974609375), (1, 4974.73779296875)]"
380,"[(0, 9829.626953125), (1, 9680.9892578125)]","[(0, 5894.57958984375), (1, 6099.060546875)]","[(0, 5546.376953125), (1, 5155.70068359375)]","[(0, 5744.03466796875), (1, 5704.68505859375)]","[(0, 3497.35546875), (1, 3595.3515625)]","[(0, 4715.3037109375), (1, 4926.0400390625)]","[(0, 6852.533203125), (1, 7337.8046875)]","[(0, 3309.76171875), (1, 3456.07275390625)]","[(0, 4471.953125), (1, 5294.65625)]","[(0, 3042.704833984375), (1, 3593.57568359375)]","[(0, 3661.445068359375), (1, 3648.76025390625)]"
381,"[(0, 7031.95556640625), (1, 6594.7880859375)]","[(0, 5183.17529296875), (1, 5003.5283203125)]","[(0, 6468.880859375), (1, 6940.1884765625)]","[(0, 6910.1845703125), (1, 6688.61865234375)]","[(0, 3373.431640625), (1, 3588.50390625)]","[(0, 6005.8486328125), (1, 5622.7861328125)]","[(0, 7906.28515625), (1, 7024.48193359375)]","[(0, 4471.466796875), (1, 5412.21484375)]","[(0, 4280.9443359375), (1, 5523.5791015625)]","[(0, 3381.832763671875), (1, 3554.5693359375)]","[(0, 5806.72412109375), (1, 5617.68310546875)]"
382,"[(0, 11378.8408203125), (1, 11216.935546875)]","[(0, 6296.77685546875), (1, 6123.7890625)]","[(0, 5751.38525390625), (1, 5650.1787109375)]","[(0, 4769.68505859375), (1, 5359.0048828125)]","[(0, 7187.2509765625), (1, 5147.06396484375)]","[(0, 5512.4228515625), (1, 5176.916015625)]","[(0, 5235.328125), (1, 5664.58984375)]","[(0, 3721.548828125), (1, 4018.638427734375)]","[(0, 3075.123291015625), (1, 3105.6474609375)]","[(0, 2593.99853515625), (1, 2951.32177734375)]","[(0, 5736.9287109375), (1, 5982.24609375)]"
383,"[(0, 8094.37939453125), (1, 8563.7216796875)]","[(0, 6409.49267578125), (1, 6537.76025390625)]","[(0, 5898.234375), (1, 5824.26123046875)]","[(0, 6364.43115234375), (1, 6433.46142578125)]","[(0, 5411.7861328125), (1, 3870.4296875)]","[(0, 4890.3212890625), (1, 5412.62744140625)]","[(0, 6279.97900390625), (1, 6190.47607421875)]","[(0, 3498.853271484375), (1, 3107.380615234375)]","[(0, 3586.4921875), (1, 3371.64990234375)]","[(0, 5185.2958984375), (1, 4604.72509765625)]","[(0, 5208.7685546875), (1, 5321.46044921875)]"
384,"[(0, 6923.93896484375), (1, 6898.9248046875)]","[(0, 6105.78173828125), (1, 6123.8828125)]","[(0, 6422.5927734375), (1, 6015.69140625)]","[(0, 6157.2626953125), (1, 5869.2080078125)]","[(0, 3857.85986328125), (1, 3662.06689453125)]","[(0, 4516.44140625), (1, 4971.88232421875)]","[(0, 5743.076171875), (1, 5851.79248046875)]","[(0, 4708.3701171875), (1, 4245.2685546875)]","[(0, 5188.1845703125), (1, 5878.95556640625)]","[(0, 4284.13427734375), (1, 4381.7578125)]","[(0, 4813.86083984375), (1, 4933.74609375)]"
385,"[(0, 6720.236328125), (1, 6820.96337890625)]","[(0, 6074.69091796875), (1, 5583.57470703125)]","[(0, 4273.43115234375), (1, 4256.6767578125)]","[(0, 6458.1796875), (1, 6728.90087890625)]","[(0, 4768.8662109375), (1, 4912.529296875)]","[(0, 4305.5595703125), (1, 3770.954833984375)]","[(0, 3627.65087890625), (1, 3249.917236328125)]","[(0, 2400.463623046875), (1, 2663.973876953125)]","[(0, 3276.956298828125), (1, 4285.72802734375)]","[(0, 5291.91552734375), (1, 6114.94189453125)]","[(0, 3504.794677734375), (1, 3369.06884765625)]"
386,"[(0, 8362.568359375), (1, 8614.8779296875)]","[(0, 3192.603759765625), (1, 2839.235595703125)]","[(0, 6715.64306640625), (1, 7150.087890625)]","[(0, 4537.79541015625), (1, 4853.43994140625)]","[(0, 6592.8134765625), (1, 4694.77978515625)]","[(0, 3995.766357421875), (1, 3756.6083984375)]","[(0, 5233.66552734375), (1, 5608.3583984375)]","[(0, 3763.26708984375), (1, 4495.23095703125)]","[(0, 3359.09130859375), (1, 4131.48486328125)]","[(0, 2620.666259765625), (1, 2743.23828125)]","[(0, 3185.3232421875), (1, 3025.519775390625)]"
387,"[(0, 7749.19482421875), (1, 7737.35009765625)]","[(0, 3372.158203125), (1, 3712.155517578125)]","[(0, 4628.4912109375), (1, 4538.85107421875)]","[(0, 7106.16650390625), (1, 6831.1767578125)]","[(0, 5949.38916015625), (1, 4057.150146484375)]","[(0, 4438.8408203125), (1, 4728.54296875)]","[(0, 5459.6796875), (1, 5545.41943359375)]","[(0, 3714.669921875), (1, 4282.7861328125)]","[(0, 3284.4873046875), (1, 2612.75439453125)]","[(0, 4469.7744140625), (1, 3652.08837890625)]","[(0, 8295.50390625), (1, 8923.96484375)]"
388,"[(0, 7299.43115234375), (1, 7283.57666015625)]","[(0, 3639.085693359375), (1, 4089.40771484375)]","[(0, 7462.255859375), (1, 8034.9658203125)]","[(0, 8472.7548828125), (1, 8015.9697265625)]","[(0, 3917.39794921875), (1, 4234.81201171875)]","[(0, 6231.8271484375), (1, 6260.4853515625)]","[(0, 4966.31396484375), (1, 5080.71826171875)]","[(0, 4125.724609375), (1, 4102.47802734375)]","[(0, 2215.2578125), (1, 2140.71826171875)]","[(0, 4915.72021484375), (1, 4492.65087890625)]","[(0, 6621.9130859375), (1, 6786.7099609375)]"
389,"[(0, 9252.1767578125), (1, 8972.0595703125)]","[(0, 3330.16748046875), (1, 3585.77392578125)]","[(0, 5083.32080078125), (1, 4877.63330078125)]","[(0, 8811.4560546875), (1, 8922.6796875)]","[(0, 3540.522216796875), (1, 3788.188232421875)]","[(0, 6178.77392578125), (1, 5989.638671875)]","[(0, 4809.083984375), (1, 4621.40771484375)]","[(0, 4058.837646484375), (1, 3667.448974609375)]","[(0, 3608.153076171875), (1, 2744.93310546875)]","[(0, 3370.44775390625), (1, 3797.918701171875)]","[(0, 5596.87646484375), (1, 4852.06982421875)]"
390,"[(0, 7142.96533203125), (1, 7107.28466796875)]","[(0, 3261.675537109375), (1, 3236.771728515625)]","[(0, 10115.3115234375), (1, 9112.662109375)]","[(0, 6670.794921875), (1, 6653.9453125)]","[(0, 10227.873046875), (1, 7391.45654296875)]","[(0, 5843.42236328125), (1, 5749.09326171875)]","[(0, 6524.2626953125), (1, 6182.33447265625)]","[(0, 5136.251953125), (1, 4274.83740234375)]","[(0, 3667.11328125), (1, 3442.398681640625)]","[(0, 3170.2734375), (1, 2919.290771484375)]","[(0, 5406.7255859375), (1, 5798.7001953125)]"
391,"[(0, 8112.7490234375), (1, 7617.501953125)]","[(0, 3405.3154296875), (1, 3860.082763671875)]","[(0, 3687.9140625), (1, 4364.52099609375)]","[(0, 4302.55078125), (1, 4382.28466796875)]","[(0, 9063.8662109375), (1, 6477.00439453125)]","[(0, 6149.8447265625), (1, 6421.576171875)]","[(0, 4914.15478515625), (1, 4520.4921875)]","[(0, 5770.98388671875), (1, 6347.55517578125)]","[(0, 5166.43505859375), (1, 5960.56005859375)]","[(0, 2734.08154296875), (1, 3851.059326171875)]","[(0, 7405.63916015625), (1, 7695.3603515625)]"
392,"[(0, 6284.71240234375), (1, 5977.10791015625)]","[(0, 3218.328125), (1, 3590.12646484375)]","[(0, 8174.81884765625), (1, 7149.97119140625)]","[(0, 7735.10693359375), (1, 7612.4697265625)]","[(0, 8429.6591796875), (1, 6394.42431640625)]","[(0, 6383.21337890625), (1, 6746.69970703125)]","[(0, 2690.654296875), (1, 2997.269287109375)]","[(0, 3509.443603515625), (1, 3705.240966796875)]","[(0, 3803.645751953125), (1, 3283.67919921875)]","[(0, 2981.930419921875), (1, 4186.70849609375)]","[(0, 5170.59521484375), (1, 4885.12353515625)]"
393,"[(0, 9055.701171875), (1, 9135.546875)]","[(0, 3302.714599609375), (1, 3571.55908203125)]","[(0, 6279.69775390625), (1, 6615.44287109375)]","[(0, 5634.72998046875), (1, 5191.64990234375)]","[(0, 8170.17431640625), (1, 6117.39794921875)]","[(0, 6933.791015625), (1, 6543.1923828125)]","[(0, 3690.253662109375), (1, 3358.2265625)]","[(0, 3504.095947265625), (1, 3488.544677734375)]","[(0, 3017.330810546875), (1, 2982.16650390625)]","[(0, 3273.28955078125), (1, 4100.25634765625)]","[(0, 7751.7080078125), (1, 7995.8818359375)]"
394,"[(0, 8802.8212890625), (1, 9240.3515625)]","[(0, 3661.745361328125), (1, 3311.16015625)]","[(0, 7572.18310546875), (1, 7877.52734375)]","[(0, 4943.9716796875), (1, 4596.1787109375)]","[(0, 6558.486328125), (1, 6137.55224609375)]","[(0, 7999.32958984375), (1, 7537.1396484375)]","[(0, 4424.12548828125), (1, 4794.6083984375)]","[(0, 4818.96875), (1, 4077.662353515625)]","[(0, 5576.83203125), (1, 4997.65771484375)]","[(0, 3874.680419921875), (1, 3572.877685546875)]","[(0, 4934.931640625), (1, 4254.94775390625)]"
395,"[(0, 10573.091796875), (1, 10747.759765625)]","[(0, 4463.720703125), (1, 4320.025390625)]","[(0, 5712.61181640625), (1, 5697.33984375)]","[(0, 4086.191650390625), (1, 4348.71630859375)]","[(0, 5701.7861328125), (1, 4483.6708984375)]","[(0, 7050.67724609375), (1, 7376.39453125)]","[(0, 6032.5009765625), (1, 5471.9873046875)]","[(0, 2627.9580078125), (1, 3217.99658203125)]","[(0, 3687.931396484375), (1, 4313.64794921875)]","[(0, 5096.421875), (1, 4170.82373046875)]","[(0, 6515.29052734375), (1, 6382.1728515625)]"
396,"[(0, 7397.9658203125), (1, 6801.8974609375)]","[(0, 4453.06591796875), (1, 4406.43994140625)]","[(0, 4271.6787109375), (1, 4851.61181640625)]","[(0, 5967.03271484375), (1, 5880.5927734375)]","[(0, 6267.00830078125), (1, 4766.37890625)]","[(0, 5704.6796875), (1, 5854.974609375)]","[(0, 5953.4248046875), (1, 6030.84423828125)]","[(0, 3130.473876953125), (1, 4401.00146484375)]","[(0, 3680.774169921875), (1, 3146.502197265625)]","[(0, 4841.96044921875), (1, 4789.26611328125)]","[(0, 4481.5888671875), (1, 4612.64111328125)]"
397,"[(0, 8596.001953125), (1, 8397.3154296875)]","[(0, 4892.38720703125), (1, 4420.25341796875)]","[(0, 3662.51025390625), (1, 3641.790283203125)]","[(0, 5711.2607421875), (1, 6217.6455078125)]","[(0, 5712.927734375), (1, 5801.72021484375)]","[(0, 5118.69677734375), (1, 4452.62841796875)]","[(0, 8375.0107421875), (1, 6631.9873046875)]","[(0, 2062.395263671875), (1, 2402.540771484375)]","[(0, 4060.262451171875), (1, 3490.85107421875)]","[(0, 3987.201416015625), (1, 4411.75927734375)]","[(0, 7316.35986328125), (1, 7257.9697265625)]"
398,"[(0, 8594.1982421875), (1, 8536.845703125)]","[(0, 4893.3486328125), (1, 4494.73779296875)]","[(0, 5773.7802734375), (1, 5607.29931640625)]","[(0, 5940.3125), (1, 6031.97216796875)]","[(0, 5613.37744140625), (1, 5738.8388671875)]","[(0, 5106.638671875), (1, 4903.31787109375)]","[(0, 6683.8173828125), (1, 5395.63037109375)]","[(0, 3770.447998046875), (1, 4314.20361328125)]","[(0, 4933.96240234375), (1, 4876.96337890625)]","[(0, 4538.171875), (1, 4311.63671875)]","[(0, 4827.79150390625), (1, 4145.32177734375)]"
399,"[(0, 10599.947265625), (1, 10293.08203125)]","[(0, 4385.43701171875), (1, 4303.3759765625)]","[(0, 4860.5498046875), (1, 4891.23974609375)]","[(0, 5133.2255859375), (1, 4866.42626953125)]","[(0, 8334.5908203125), (1, 6799.744140625)]","[(0, 5314.84716796875), (1, 5690.13427734375)]","[(0, 5825.7333984375), (1, 5769.21142578125)]","[(0, 2772.2919921875), (1, 2709.787353515625)]","[(0, 3655.545166015625), (1, 4606.0166015625)]","[(0, 4916.6298828125), (1, 4988.54833984375)]","[(0, 3006.80908203125), (1, 2830.262939453125)]"
400,"[(0, 8498.7080078125), (1, 8727.5400390625)]","[(0, 3463.166259765625), (1, 3254.575927734375)]","[(0, 3713.224853515625), (1, 3790.558837890625)]","[(0, 4844.06201171875), (1, 4560.14111328125)]","[(0, 7012.03271484375), (1, 5603.2900390625)]","[(0, 2830.68408203125), (1, 2859.35693359375)]","[(0, 4528.046875), (1, 4500.10791015625)]","[(0, 3999.372802734375), (1, 3831.891845703125)]","[(0, 2373.66748046875), (1, 2446.099365234375)]","[(0, 3759.980712890625), (1, 4712.4716796875)]","[(0, 5149.92626953125), (1, 4751.4296875)]"
401,"[(0, 6966.2353515625), (1, 7009.2978515625)]","[(0, 3758.2529296875), (1, 3601.70361328125)]","[(0, 6407.2861328125), (1, 6218.8251953125)]","[(0, 5444.90771484375), (1, 5727.10009765625)]","[(0, 6681.6953125), (1, 6416.59912109375)]","[(0, 6960.51806640625), (1, 7270.7998046875)]","[(0, 3557.42138671875), (1, 3355.36767578125)]","[(0, 3804.153564453125), (1, 3504.918212890625)]","[(0, 2518.425048828125), (1, 2852.29638671875)]","[(0, 3444.09619140625), (1, 4148.541015625)]","[(0, 6239.3203125), (1, 6431.17333984375)]"
402,"[(0, 9141.8388671875), (1, 8757.9306640625)]","[(0, 3603.830322265625), (1, 3465.720458984375)]","[(0, 5664.978515625), (1, 6029.56787109375)]","[(0, 6242.59375), (1, 6783.4287109375)]","[(0, 6077.3623046875), (1, 6090.4638671875)]","[(0, 3618.5703125), (1, 3651.08544921875)]","[(0, 3219.469970703125), (1, 3399.724609375)]","[(0, 3479.81591796875), (1, 3980.290771484375)]","[(0, 4555.2294921875), (1, 3664.194091796875)]","[(0, 3315.59375), (1, 4323.70166015625)]","[(0, 3407.089111328125), (1, 3379.781982421875)]"
403,"[(0, 13108.3251953125), (1, 13186.2001953125)]","[(0, 4050.3232421875), (1, 3632.25146484375)]","[(0, 8470.2177734375), (1, 7965.72705078125)]","[(0, 4597.80517578125), (1, 4745.4609375)]","[(0, 8393.720703125), (1, 5921.822265625)]","[(0, 5880.6826171875), (1, 6345.8544921875)]","[(0, 6453.67919921875), (1, 6040.462890625)]","[(0, 3660.677001953125), (1, 3717.001708984375)]","[(0, 1889.748291015625), (1, 1618.6466064453125)]","[(0, 3329.678466796875), (1, 3492.54248046875)]","[(0, 3615.341552734375), (1, 3342.557373046875)]"
404,"[(0, 11210.990234375), (1, 11010.140625)]","[(0, 5542.28955078125), (1, 5035.72607421875)]","[(0, 6434.6884765625), (1, 6565.783203125)]","[(0, 8656.41015625), (1, 8026.45751953125)]","[(0, 7772.85009765625), (1, 5414.83740234375)]","[(0, 8059.5244140625), (1, 7669.73193359375)]","[(0, 6657.18212890625), (1, 7092.416015625)]","[(0, 3770.814697265625), (1, 3513.287841796875)]","[(0, 1881.5958251953125), (1, 2229.03564453125)]","[(0, 3779.31494140625), (1, 3797.074951171875)]","[(0, 3467.64794921875), (1, 3475.07666015625)]"
405,"[(0, 8906.2724609375), (1, 8945.4716796875)]","[(0, 3689.8486328125), (1, 3831.310546875)]","[(0, 9015.85546875), (1, 8912.8056640625)]","[(0, 5928.16162109375), (1, 6259.3984375)]","[(0, 5983.58642578125), (1, 5524.60595703125)]","[(0, 5447.4423828125), (1, 5386.26806640625)]","[(0, 10747.072265625), (1, 11475.263671875)]","[(0, 4973.9072265625), (1, 3660.70849609375)]","[(0, 3394.136474609375), (1, 3709.108642578125)]","[(0, 4781.439453125), (1, 4828.6572265625)]","[(0, 6804.9794921875), (1, 6859.55517578125)]"
406,"[(0, 10311.6611328125), (1, 10717.6162109375)]","[(0, 3834.812744140625), (1, 4032.5244140625)]","[(0, 6871.25537109375), (1, 7149.96484375)]","[(0, 5721.4501953125), (1, 5455.94287109375)]","[(0, 4061.458984375), (1, 2570.19970703125)]","[(0, 6457.1513671875), (1, 6727.482421875)]","[(0, 10547.8837890625), (1, 11259.828125)]","[(0, 4745.8505859375), (1, 5033.97314453125)]","[(0, 3698.025146484375), (1, 3239.031982421875)]","[(0, 3254.34619140625), (1, 2370.78759765625)]","[(0, 3599.68798828125), (1, 3401.60888671875)]"
407,"[(0, 8775.0859375), (1, 8227.80859375)]","[(0, 3483.192626953125), (1, 3775.5322265625)]","[(0, 4283.06396484375), (1, 4434.39013671875)]","[(0, 8743.7265625), (1, 8874.7236328125)]","[(0, 2817.092041015625), (1, 2846.2978515625)]","[(0, 6779.0830078125), (1, 7447.64599609375)]","[(0, 5698.6875), (1, 5957.03125)]","[(0, 2565.40380859375), (1, 2702.245361328125)]","[(0, 3323.62841796875), (1, 3037.5263671875)]","[(0, 3627.315185546875), (1, 2884.435302734375)]","[(0, 4309.04345703125), (1, 4005.976806640625)]"
408,"[(0, 7928.80126953125), (1, 8383.8408203125)]","[(0, 4366.71533203125), (1, 5449.94140625)]","[(0, 5057.70654296875), (1, 5047.298828125)]","[(0, 6166.54150390625), (1, 5913.43603515625)]","[(0, 3101.136962890625), (1, 3047.545654296875)]","[(0, 8810.9677734375), (1, 8140.4794921875)]","[(0, 4571.1357421875), (1, 4794.18798828125)]","[(0, 3723.6044921875), (1, 4130.39794921875)]","[(0, 3879.287353515625), (1, 3516.93505859375)]","[(0, 3741.9306640625), (1, 3563.3125)]","[(0, 7263.16943359375), (1, 6753.20751953125)]"
409,"[(0, 5131.97216796875), (1, 5000.1171875)]","[(0, 4338.654296875), (1, 5374.81494140625)]","[(0, 5883.12841796875), (1, 6214.6455078125)]","[(0, 4271.52392578125), (1, 4066.881591796875)]","[(0, 6643.62890625), (1, 4646.39794921875)]","[(0, 8174.95947265625), (1, 7860.859375)]","[(0, 4562.181640625), (1, 4615.79638671875)]","[(0, 4678.158203125), (1, 4384.11083984375)]","[(0, 4358.58984375), (1, 5136.609375)]","[(0, 3851.081298828125), (1, 3589.811279296875)]","[(0, 3548.645263671875), (1, 3066.463623046875)]"
410,"[(0, 6328.39501953125), (1, 6463.2197265625)]","[(0, 4410.98095703125), (1, 5229.59912109375)]","[(0, 5322.6533203125), (1, 5147.0244140625)]","[(0, 5570.37353515625), (1, 5906.115234375)]","[(0, 4801.0419921875), (1, 4625.4951171875)]","[(0, 8735.375), (1, 9549.677734375)]","[(0, 6084.30419921875), (1, 6437.84423828125)]","[(0, 5013.97998046875), (1, 3783.77587890625)]","[(0, 2552.38330078125), (1, 2593.6484375)]","[(0, 3868.532958984375), (1, 3151.267822265625)]","[(0, 3451.171875), (1, 3267.28564453125)]"
411,"[(0, 7046.5966796875), (1, 7237.23388671875)]","[(0, 5305.0380859375), (1, 5473.75634765625)]","[(0, 5389.8701171875), (1, 7437.3896484375)]","[(0, 6061.8720703125), (1, 5972.7490234375)]","[(0, 5806.5361328125), (1, 4127.7119140625)]","[(0, 4034.0478515625), (1, 4567.20068359375)]","[(0, 3272.79638671875), (1, 3350.104736328125)]","[(0, 2975.17578125), (1, 3203.9287109375)]","[(0, 3441.6337890625), (1, 2818.066162109375)]","[(0, 2607.857666015625), (1, 3004.01708984375)]","[(0, 3373.383544921875), (1, 2907.615478515625)]"
412,"[(0, 8429.025390625), (1, 8059.72412109375)]","[(0, 4982.21044921875), (1, 4331.0517578125)]","[(0, 8382.0263671875), (1, 8551.6767578125)]","[(0, 5166.2431640625), (1, 5339.70068359375)]","[(0, 4707.21630859375), (1, 3578.009521484375)]","[(0, 8463.4189453125), (1, 7774.0654296875)]","[(0, 3873.6162109375), (1, 3992.993408203125)]","[(0, 3416.37841796875), (1, 3337.6357421875)]","[(0, 3255.51318359375), (1, 3774.2724609375)]","[(0, 4259.763671875), (1, 4371.93603515625)]","[(0, 6993.2470703125), (1, 7348.6806640625)]"
413,"[(0, 7320.5126953125), (1, 6921.51611328125)]","[(0, 3781.073974609375), (1, 3902.936767578125)]","[(0, 5601.142578125), (1, 5190.0703125)]","[(0, 4886.98291015625), (1, 4884.587890625)]","[(0, 2854.105712890625), (1, 3027.0322265625)]","[(0, 7521.15576171875), (1, 7363.798828125)]","[(0, 6356.76953125), (1, 7919.0908203125)]","[(0, 3593.2744140625), (1, 5375.04541015625)]","[(0, 5322.5263671875), (1, 4745.52880859375)]","[(0, 3260.447265625), (1, 2986.541015625)]","[(0, 4702.0966796875), (1, 4503.8603515625)]"
414,"[(0, 8606.6328125), (1, 8336.9990234375)]","[(0, 3913.40234375), (1, 3958.471435546875)]","[(0, 5625.15625), (1, 5452.51513671875)]","[(0, 6434.2099609375), (1, 6226.45703125)]","[(0, 2703.18359375), (1, 2762.351806640625)]","[(0, 2989.763916015625), (1, 3124.12158203125)]","[(0, 6479.48193359375), (1, 8367.513671875)]","[(0, 3392.217529296875), (1, 3628.989990234375)]","[(0, 3634.919677734375), (1, 3492.815673828125)]","[(0, 3194.732666015625), (1, 3773.512939453125)]","[(0, 7154.23486328125), (1, 7006.52490234375)]"
415,"[(0, 7553.65380859375), (1, 7508.86474609375)]","[(0, 4382.4892578125), (1, 4200.5625)]","[(0, 7470.2734375), (1, 7023.59814453125)]","[(0, 3924.86181640625), (1, 3811.692626953125)]","[(0, 7189.27294921875), (1, 5437.26953125)]","[(0, 4660.01318359375), (1, 5067.79736328125)]","[(0, 3979.30419921875), (1, 3649.80078125)]","[(0, 4467.29443359375), (1, 3599.02197265625)]","[(0, 4588.16015625), (1, 3650.33349609375)]","[(0, 3737.109130859375), (1, 3897.349853515625)]","[(0, 4423.2099609375), (1, 4471.44140625)]"
416,"[(0, 9344.3271484375), (1, 9318.2265625)]","[(0, 4064.504638671875), (1, 3939.836181640625)]","[(0, 6844.68212890625), (1, 6995.8349609375)]","[(0, 5711.353515625), (1, 6233.62255859375)]","[(0, 7043.701171875), (1, 5310.509765625)]","[(0, 5213.1220703125), (1, 5114.52001953125)]","[(0, 4671.44873046875), (1, 5189.51611328125)]","[(0, 3751.968017578125), (1, 3389.588623046875)]","[(0, 4396.865234375), (1, 3368.532470703125)]","[(0, 3284.4560546875), (1, 4618.53076171875)]","[(0, 5587.1064453125), (1, 5746.67578125)]"
417,"[(0, 7128.5791015625), (1, 6544.74072265625)]","[(0, 3435.216552734375), (1, 4165.00048828125)]","[(0, 5304.6787109375), (1, 4844.23291015625)]","[(0, 6401.0810546875), (1, 6917.384765625)]","[(0, 4081.15576171875), (1, 4155.6962890625)]","[(0, 4533.79833984375), (1, 4935.74609375)]","[(0, 7332.10400390625), (1, 7032.04248046875)]","[(0, 4560.32861328125), (1, 5715.99072265625)]","[(0, 3922.624267578125), (1, 3530.75732421875)]","[(0, 4307.04638671875), (1, 3640.4150390625)]","[(0, 6396.17431640625), (1, 6460.6376953125)]"
418,"[(0, 6535.4970703125), (1, 6125.728515625)]","[(0, 3477.15869140625), (1, 4344.7158203125)]","[(0, 9374.388671875), (1, 8994.8134765625)]","[(0, 3203.293212890625), (1, 3211.521484375)]","[(0, 4021.90869140625), (1, 4001.14697265625)]","[(0, 5970.9208984375), (1, 6378.607421875)]","[(0, 8351.3388671875), (1, 7865.9287109375)]","[(0, 4670.36181640625), (1, 5350.5888671875)]","[(0, 4006.40087890625), (1, 3944.938232421875)]","[(0, 3275.041015625), (1, 3710.94140625)]","[(0, 5193.6845703125), (1, 4518.95751953125)]"
419,"[(0, 11992.771484375), (1, 12287.232421875)]","[(0, 3578.695556640625), (1, 4171.53955078125)]","[(0, 4806.5439453125), (1, 5257.35205078125)]","[(0, 4528.32763671875), (1, 4435.19775390625)]","[(0, 4805.279296875), (1, 3202.190673828125)]","[(0, 8147.0263671875), (1, 7515.73583984375)]","[(0, 7517.677734375), (1, 9008.8330078125)]","[(0, 3170.4638671875), (1, 3596.54833984375)]","[(0, 3835.818603515625), (1, 2725.41015625)]","[(0, 3889.57470703125), (1, 4255.349609375)]","[(0, 5953.220703125), (1, 5793.96826171875)]"
420,"[(0, 11484.470703125), (1, 11838.6474609375)]","[(0, 3895.38427734375), (1, 4048.24560546875)]","[(0, 4666.17236328125), (1, 4728.2001953125)]","[(0, 6766.00341796875), (1, 6283.13037109375)]","[(0, 4940.978515625), (1, 3201.760009765625)]","[(0, 8196.6611328125), (1, 7791.27734375)]","[(0, 7769.00341796875), (1, 9143.216796875)]","[(0, 5226.18896484375), (1, 4945.84375)]","[(0, 4516.1142578125), (1, 3255.32080078125)]","[(0, 4689.82177734375), (1, 4133.7236328125)]","[(0, 3714.014404296875), (1, 3674.60498046875)]"
421,"[(0, 5697.7314453125), (1, 5829.50732421875)]","[(0, 4156.4970703125), (1, 3874.65087890625)]","[(0, 5245.67822265625), (1, 5050.529296875)]","[(0, 4093.973388671875), (1, 4232.62353515625)]","[(0, 3109.986572265625), (1, 3248.702392578125)]","[(0, 7364.177734375), (1, 7782.97509765625)]","[(0, 5099.9130859375), (1, 4662.16455078125)]","[(0, 5054.46142578125), (1, 4390.5380859375)]","[(0, 3074.586669921875), (1, 2708.5576171875)]","[(0, 2989.056884765625), (1, 3302.638916015625)]","[(0, 5498.3671875), (1, 5746.73046875)]"
422,"[(0, 9522.4140625), (1, 9885.2412109375)]","[(0, 6036.6279296875), (1, 6661.37353515625)]","[(0, 4200.09765625), (1, 4105.57763671875)]","[(0, 3137.11181640625), (1, 3146.10595703125)]","[(0, 8130.04443359375), (1, 5640.6494140625)]","[(0, 7304.7587890625), (1, 7889.27099609375)]","[(0, 5326.2431640625), (1, 5825.48876953125)]","[(0, 5457.73828125), (1, 3964.99267578125)]","[(0, 3232.489990234375), (1, 2494.187255859375)]","[(0, 4270.126953125), (1, 3807.65625)]","[(0, 3573.2626953125), (1, 3243.981201171875)]"
423,"[(0, 6121.8564453125), (1, 6085.9638671875)]","[(0, 7164.29833984375), (1, 7776.9794921875)]","[(0, 5896.9189453125), (1, 5653.2783203125)]","[(0, 3910.559814453125), (1, 3847.080322265625)]","[(0, 6646.46142578125), (1, 4605.33154296875)]","[(0, 6846.85009765625), (1, 6578.64501953125)]","[(0, 9211.7294921875), (1, 8329.9892578125)]","[(0, 5094.87158203125), (1, 4890.9599609375)]","[(0, 5088.0107421875), (1, 4579.3779296875)]","[(0, 4463.32958984375), (1, 4954.33154296875)]","[(0, 5384.46044921875), (1, 5435.662109375)]"
424,"[(0, 5035.77880859375), (1, 5568.28662109375)]","[(0, 6697.41455078125), (1, 6415.19775390625)]","[(0, 8445.431640625), (1, 8099.1826171875)]","[(0, 5414.81689453125), (1, 5888.06201171875)]","[(0, 4842.66259765625), (1, 4727.916015625)]","[(0, 7319.5703125), (1, 7018.4619140625)]","[(0, 7742.84912109375), (1, 6629.75439453125)]","[(0, 2611.411865234375), (1, 3544.498779296875)]","[(0, 3101.56298828125), (1, 4367.6689453125)]","[(0, 6510.296875), (1, 6629.08447265625)]","[(0, 5754.17236328125), (1, 5711.505859375)]"
425,"[(0, 7862.70361328125), (1, 7595.037109375)]","[(0, 6766.15234375), (1, 6218.36279296875)]","[(0, 6784.5869140625), (1, 6822.5048828125)]","[(0, 5162.66259765625), (1, 5202.61767578125)]","[(0, 4197.83935546875), (1, 4043.680908203125)]","[(0, 7650.037109375), (1, 8172.37939453125)]","[(0, 7093.7548828125), (1, 7750.103515625)]","[(0, 3782.47705078125), (1, 4148.4658203125)]","[(0, 3178.20751953125), (1, 2710.5302734375)]","[(0, 3517.287353515625), (1, 2739.45703125)]","[(0, 4597.3447265625), (1, 4366.17822265625)]"
426,"[(0, 5090.48583984375), (1, 5234.3544921875)]","[(0, 4854.25439453125), (1, 5195.33935546875)]","[(0, 7731.5302734375), (1, 6559.09912109375)]","[(0, 5222.06884765625), (1, 5692.85888671875)]","[(0, 6710.4443359375), (1, 5263.3974609375)]","[(0, 7007.908203125), (1, 7314.92236328125)]","[(0, 4014.89990234375), (1, 4459.21923828125)]","[(0, 2583.8125), (1, 3552.19384765625)]","[(0, 4695.0078125), (1, 2939.354736328125)]","[(0, 2607.4375), (1, 2741.010498046875)]","[(0, 5418.69091796875), (1, 4904.95947265625)]"
427,"[(0, 9704.3115234375), (1, 9623.19140625)]","[(0, 5589.3232421875), (1, 6032.4609375)]","[(0, 7661.32470703125), (1, 7494.1064453125)]","[(0, 5915.87255859375), (1, 5958.36083984375)]","[(0, 5565.91845703125), (1, 4332.51416015625)]","[(0, 6154.87890625), (1, 5857.76123046875)]","[(0, 6135.95458984375), (1, 5838.70947265625)]","[(0, 4613.40185546875), (1, 3342.104736328125)]","[(0, 3046.488037109375), (1, 3494.414794921875)]","[(0, 4227.24658203125), (1, 3257.180908203125)]","[(0, 4540.55712890625), (1, 4507.78369140625)]"
428,"[(0, 6813.68798828125), (1, 6419.4697265625)]","[(0, 5253.6435546875), (1, 5181.845703125)]","[(0, 5681.35009765625), (1, 5702.58544921875)]","[(0, 6752.38330078125), (1, 7023.26318359375)]","[(0, 7314.96484375), (1, 5037.29638671875)]","[(0, 5716.541015625), (1, 5537.30224609375)]","[(0, 3100.41845703125), (1, 3504.5771484375)]","[(0, 4424.91015625), (1, 3654.9560546875)]","[(0, 3520.8046875), (1, 2195.349609375)]","[(0, 3490.44482421875), (1, 3558.866943359375)]","[(0, 5598.23193359375), (1, 5734.724609375)]"
429,"[(0, 6196.01025390625), (1, 6236.83935546875)]","[(0, 5509.8837890625), (1, 5075.5556640625)]","[(0, 6948.30810546875), (1, 6590.44384765625)]","[(0, 8440.2294921875), (1, 8470.7353515625)]","[(0, 6999.83251953125), (1, 4754.81591796875)]","[(0, 6766.59716796875), (1, 7054.107421875)]","[(0, 5836.72216796875), (1, 8733.9423828125)]","[(0, 5683.376953125), (1, 6639.51806640625)]","[(0, 5326.2890625), (1, 4888.11083984375)]","[(0, 3822.5771484375), (1, 4492.1025390625)]","[(0, 4917.32861328125), (1, 4556.50732421875)]"
430,"[(0, 8680.58203125), (1, 8835.302734375)]","[(0, 6487.18603515625), (1, 6894.39306640625)]","[(0, 4829.7900390625), (1, 4255.43505859375)]","[(0, 4599.79638671875), (1, 4470.58447265625)]","[(0, 4266.1220703125), (1, 4257.22119140625)]","[(0, 5883.98095703125), (1, 6161.638671875)]","[(0, 4636.275390625), (1, 6973.6337890625)]","[(0, 3294.051513671875), (1, 2317.377197265625)]","[(0, 3693.93310546875), (1, 3843.658935546875)]","[(0, 6219.69140625), (1, 6316.7392578125)]","[(0, 6432.45556640625), (1, 6295.78662109375)]"
431,"[(0, 8700.3486328125), (1, 9354.3310546875)]","[(0, 6719.44189453125), (1, 6888.33984375)]","[(0, 10590.1962890625), (1, 10346.7392578125)]","[(0, 5496.39111328125), (1, 5498.3095703125)]","[(0, 3236.47216796875), (1, 3413.343017578125)]","[(0, 5728.37255859375), (1, 5567.72900390625)]","[(0, 5875.3515625), (1, 5320.24755859375)]","[(0, 6438.6298828125), (1, 4715.43408203125)]","[(0, 3739.30859375), (1, 4250.40576171875)]","[(0, 5005.11767578125), (1, 5226.353515625)]","[(0, 4279.56103515625), (1, 4145.15576171875)]"
432,"[(0, 8332.26953125), (1, 8460.5703125)]","[(0, 6421.45361328125), (1, 6533.83935546875)]","[(0, 6094.90234375), (1, 5950.3994140625)]","[(0, 4474.46142578125), (1, 3952.624267578125)]","[(0, 5863.32275390625), (1, 4089.8564453125)]","[(0, 5600.939453125), (1, 5922.404296875)]","[(0, 3719.94482421875), (1, 4119.21435546875)]","[(0, 3132.3583984375), (1, 3554.470947265625)]","[(0, 3659.46240234375), (1, 3468.068115234375)]","[(0, 3753.71826171875), (1, 3507.476318359375)]","[(0, 5773.9560546875), (1, 6050.783203125)]"
433,"[(0, 9790.2958984375), (1, 10080.9990234375)]","[(0, 4494.171875), (1, 4378.56201171875)]","[(0, 4586.02490234375), (1, 4436.6064453125)]","[(0, 5426.4580078125), (1, 5133.31396484375)]","[(0, 5351.28271484375), (1, 3802.53955078125)]","[(0, 6268.47900390625), (1, 6802.54638671875)]","[(0, 8338.4462890625), (1, 7817.55078125)]","[(0, 3347.96484375), (1, 3267.56005859375)]","[(0, 2722.349853515625), (1, 2996.30908203125)]","[(0, 5047.38037109375), (1, 4777.6884765625)]","[(0, 4210.251953125), (1, 3946.56787109375)]"
434,"[(0, 10869.484375), (1, 11193.6181640625)]","[(0, 3452.63671875), (1, 3712.070556640625)]","[(0, 10658.1103515625), (1, 10503.9853515625)]","[(0, 3657.67578125), (1, 3940.9150390625)]","[(0, 3763.41748046875), (1, 3759.833984375)]","[(0, 4696.033203125), (1, 4205.98193359375)]","[(0, 6481.8857421875), (1, 5376.52734375)]","[(0, 7094.39111328125), (1, 5972.1162109375)]","[(0, 4398.09814453125), (1, 3388.318359375)]","[(0, 3063.3798828125), (1, 4090.23095703125)]","[(0, 7486.93408203125), (1, 7039.7119140625)]"
435,"[(0, 9417.400390625), (1, 9286.25390625)]","[(0, 3406.621337890625), (1, 3667.777587890625)]","[(0, 8683.5048828125), (1, 8030.14794921875)]","[(0, 6710.8603515625), (1, 7379.806640625)]","[(0, 6471.1142578125), (1, 4601.314453125)]","[(0, 3734.126953125), (1, 3498.479736328125)]","[(0, 7362.9208984375), (1, 8249.0849609375)]","[(0, 2547.341064453125), (1, 2947.608642578125)]","[(0, 4051.799072265625), (1, 4566.486328125)]","[(0, 2694.033203125), (1, 3365.174072265625)]","[(0, 8866.7197265625), (1, 8626.8896484375)]"
436,"[(0, 10536.703125), (1, 10679.4365234375)]","[(0, 3443.311279296875), (1, 3721.71923828125)]","[(0, 3263.885009765625), (1, 3591.9619140625)]","[(0, 3858.654541015625), (1, 3794.819580078125)]","[(0, 4819.24462890625), (1, 3337.575439453125)]","[(0, 5234.044921875), (1, 5432.9306640625)]","[(0, 5858.15234375), (1, 6518.5908203125)]","[(0, 3265.149169921875), (1, 3247.104248046875)]","[(0, 3452.27783203125), (1, 4185.55517578125)]","[(0, 3456.003662109375), (1, 3965.52197265625)]","[(0, 3335.065185546875), (1, 3188.873046875)]"
437,"[(0, 7445.607421875), (1, 7234.10107421875)]","[(0, 3669.509765625), (1, 3647.0380859375)]","[(0, 5905.5966796875), (1, 5861.953125)]","[(0, 4685.99462890625), (1, 4709.8251953125)]","[(0, 7541.4677734375), (1, 5462.0341796875)]","[(0, 6956.96044921875), (1, 7109.80615234375)]","[(0, 2913.79052734375), (1, 2764.406005859375)]","[(0, 6019.58203125), (1, 4473.5869140625)]","[(0, 6046.46826171875), (1, 5786.005859375)]","[(0, 3284.869384765625), (1, 3937.65771484375)]","[(0, 5474.92041015625), (1, 5289.201171875)]"
438,"[(0, 10479.0224609375), (1, 10371.921875)]","[(0, 3764.659912109375), (1, 3815.98095703125)]","[(0, 5020.037109375), (1, 5260.59228515625)]","[(0, 6013.75830078125), (1, 5844.45361328125)]","[(0, 6460.2001953125), (1, 4553.9658203125)]","[(0, 6796.2177734375), (1, 6481.37890625)]","[(0, 4405.8603515625), (1, 4794.974609375)]","[(0, 3092.825927734375), (1, 4088.1640625)]","[(0, 4793.89990234375), (1, 4430.77587890625)]","[(0, 4066.404296875), (1, 3686.721923828125)]","[(0, 2465.8828125), (1, 2271.4697265625)]"
439,"[(0, 9740.08203125), (1, 10017.2783203125)]","[(0, 8975.8251953125), (1, 8480.1435546875)]","[(0, 8854.6787109375), (1, 11478.1416015625)]","[(0, 5045.21044921875), (1, 5291.01220703125)]","[(0, 4306.82080078125), (1, 4270.0537109375)]","[(0, 5888.41064453125), (1, 5364.15869140625)]","[(0, 6107.31298828125), (1, 6588.91064453125)]","[(0, 6147.83935546875), (1, 6242.33154296875)]","[(0, 3790.692626953125), (1, 3596.977294921875)]","[(0, 4450.5908203125), (1, 4586.11279296875)]","[(0, 6983.13671875), (1, 6612.56689453125)]"
440,"[(0, 8341.3564453125), (1, 7748.54443359375)]","[(0, 8563.771484375), (1, 8018.35546875)]","[(0, 6326.55419921875), (1, 6182.68212890625)]","[(0, 5783.1484375), (1, 5928.10009765625)]","[(0, 5071.4140625), (1, 4884.88134765625)]","[(0, 6771.31640625), (1, 7073.4140625)]","[(0, 6734.9609375), (1, 6238.96923828125)]","[(0, 3797.83544921875), (1, 3202.889892578125)]","[(0, 3862.435791015625), (1, 3425.640869140625)]","[(0, 2837.78173828125), (1, 3755.81298828125)]","[(0, 5946.9560546875), (1, 5933.2861328125)]"
441,"[(0, 8582.53515625), (1, 8515.9970703125)]","[(0, 7742.7529296875), (1, 7732.76171875)]","[(0, 7205.32080078125), (1, 7255.326171875)]","[(0, 4161.1337890625), (1, 4223.8291015625)]","[(0, 4687.37109375), (1, 3575.6591796875)]","[(0, 5352.06884765625), (1, 5834.6572265625)]","[(0, 5049.060546875), (1, 5691.724609375)]","[(0, 6233.794921875), (1, 4561.05908203125)]","[(0, 4853.15771484375), (1, 4479.93115234375)]","[(0, 2063.752685546875), (1, 3205.1328125)]","[(0, 3696.286865234375), (1, 3532.5224609375)]"
442,"[(0, 14098.173828125), (1, 14390.3095703125)]","[(0, 6188.74658203125), (1, 5526.6083984375)]","[(0, 5885.78271484375), (1, 5598.8515625)]","[(0, 4914.5859375), (1, 4836.19189453125)]","[(0, 5111.38916015625), (1, 3819.90234375)]","[(0, 6331.8662109375), (1, 5899.30908203125)]","[(0, 7978.46142578125), (1, 7522.26025390625)]","[(0, 4753.72314453125), (1, 3229.58740234375)]","[(0, 3399.468505859375), (1, 4202.52587890625)]","[(0, 3777.210693359375), (1, 3552.705322265625)]","[(0, 3803.54052734375), (1, 3764.91455078125)]"
443,"[(0, 9150.7275390625), (1, 9072.6611328125)]","[(0, 4001.967529296875), (1, 3535.022705078125)]","[(0, 5998.287109375), (1, 6032.2880859375)]","[(0, 8064.4990234375), (1, 7572.03857421875)]","[(0, 3875.205078125), (1, 3863.3564453125)]","[(0, 7448.79638671875), (1, 7258.00390625)]","[(0, 6472.17578125), (1, 6164.5361328125)]","[(0, 5038.06982421875), (1, 4309.8037109375)]","[(0, 4083.951416015625), (1, 3234.133544921875)]","[(0, 2339.238525390625), (1, 2821.560791015625)]","[(0, 7611.96875), (1, 7488.67626953125)]"
444,"[(0, 5369.27197265625), (1, 5402.921875)]","[(0, 4516.78173828125), (1, 4339.42822265625)]","[(0, 10522.59375), (1, 8635.0126953125)]","[(0, 6928.958984375), (1, 7217.64501953125)]","[(0, 3762.4453125), (1, 3762.459716796875)]","[(0, 7059.6865234375), (1, 7174.0478515625)]","[(0, 3865.877685546875), (1, 4046.141845703125)]","[(0, 5294.95458984375), (1, 6512.71875)]","[(0, 2505.8232421875), (1, 3651.120361328125)]","[(0, 5272.15869140625), (1, 4926.716796875)]","[(0, 5161.58935546875), (1, 4924.166015625)]"
445,"[(0, 8353.5126953125), (1, 8517.5078125)]","[(0, 4779.078125), (1, 4093.750732421875)]","[(0, 6107.49365234375), (1, 6820.9951171875)]","[(0, 8192.23828125), (1, 8085.62255859375)]","[(0, 6134.59130859375), (1, 4317.27001953125)]","[(0, 7611.2353515625), (1, 8605.7958984375)]","[(0, 7112.36328125), (1, 8183.16552734375)]","[(0, 4110.83154296875), (1, 4404.33935546875)]","[(0, 4082.397705078125), (1, 3939.5244140625)]","[(0, 3335.504150390625), (1, 3005.10302734375)]","[(0, 4280.6142578125), (1, 3986.57421875)]"
446,"[(0, 13702.2490234375), (1, 13398.310546875)]","[(0, 4807.4423828125), (1, 4447.27734375)]","[(0, 6202.974609375), (1, 6392.36328125)]","[(0, 4749.16943359375), (1, 5004.33447265625)]","[(0, 6692.134765625), (1, 4606.5830078125)]","[(0, 5055.29052734375), (1, 4459.2109375)]","[(0, 5416.73779296875), (1, 5845.57373046875)]","[(0, 2692.744873046875), (1, 3251.656494140625)]","[(0, 3672.719970703125), (1, 3916.281005859375)]","[(0, 3615.282958984375), (1, 4934.0986328125)]","[(0, 6864.93505859375), (1, 7132.638671875)]"
447,"[(0, 11028.53125), (1, 11651.5048828125)]","[(0, 4667.0712890625), (1, 4211.2919921875)]","[(0, 7584.845703125), (1, 6991.93310546875)]","[(0, 6180.40625), (1, 6437.279296875)]","[(0, 4686.2177734375), (1, 4666.0341796875)]","[(0, 9525.3564453125), (1, 10696.111328125)]","[(0, 4316.9365234375), (1, 4021.536865234375)]","[(0, 3792.287109375), (1, 3113.1943359375)]","[(0, 7127.64794921875), (1, 7099.826171875)]","[(0, 4437.55419921875), (1, 3350.72802734375)]","[(0, 6499.6328125), (1, 5981.880859375)]"
448,"[(0, 6893.3349609375), (1, 6766.9912109375)]","[(0, 4718.8798828125), (1, 3900.7041015625)]","[(0, 4800.611328125), (1, 4838.04638671875)]","[(0, 5400.9482421875), (1, 5356.82763671875)]","[(0, 4577.69677734375), (1, 4476.8173828125)]","[(0, 7515.83544921875), (1, 7910.72021484375)]","[(0, 5006.18212890625), (1, 5196.61279296875)]","[(0, 4376.103515625), (1, 2984.895263671875)]","[(0, 3128.67724609375), (1, 3257.000732421875)]","[(0, 4090.44921875), (1, 6339.18896484375)]","[(0, 4000.830078125), (1, 3666.18310546875)]"
449,"[(0, 6708.16015625), (1, 6899.92529296875)]","[(0, 4913.2412109375), (1, 5384.56298828125)]","[(0, 8375.4501953125), (1, 9003.6708984375)]","[(0, 4408.42431640625), (1, 4703.82373046875)]","[(0, 5623.5205078125), (1, 4041.938232421875)]","[(0, 5493.95947265625), (1, 5393.05810546875)]","[(0, 4695.37060546875), (1, 5055.29541015625)]","[(0, 3784.375), (1, 3076.07080078125)]","[(0, 3030.226806640625), (1, 2312.139892578125)]","[(0, 3217.88623046875), (1, 3669.6494140625)]","[(0, 3300.91015625), (1, 3019.728759765625)]"
450,"[(0, 9485.732421875), (1, 9725.3603515625)]","[(0, 4706.91552734375), (1, 5151.04638671875)]","[(0, 6315.0048828125), (1, 6378.2783203125)]","[(0, 4591.68798828125), (1, 4856.0)]","[(0, 4797.8974609375), (1, 3354.13916015625)]","[(0, 7641.3310546875), (1, 8293.138671875)]","[(0, 4851.4267578125), (1, 5177.1083984375)]","[(0, 2719.499267578125), (1, 3014.894775390625)]","[(0, 1864.1954345703125), (1, 1491.4892578125)]","[(0, 3916.277099609375), (1, 5172.138671875)]","[(0, 3222.259033203125), (1, 2962.25)]"
451,"[(0, 9414.0146484375), (1, 9240.10546875)]","[(0, 5494.34716796875), (1, 5370.95654296875)]","[(0, 7429.18017578125), (1, 6600.99853515625)]","[(0, 3452.03125), (1, 3666.917236328125)]","[(0, 3499.504150390625), (1, 3667.921142578125)]","[(0, 4518.8583984375), (1, 4818.69775390625)]","[(0, 11341.345703125), (1, 12054.634765625)]","[(0, 4893.5263671875), (1, 4080.68115234375)]","[(0, 5151.7783203125), (1, 5233.02197265625)]","[(0, 3608.73828125), (1, 3344.074951171875)]","[(0, 5061.06005859375), (1, 5242.1572265625)]"
452,"[(0, 7427.7138671875), (1, 7511.5146484375)]","[(0, 5693.2822265625), (1, 5385.94482421875)]","[(0, 6811.375), (1, 6288.7177734375)]","[(0, 4750.90869140625), (1, 4782.0146484375)]","[(0, 3580.32373046875), (1, 3554.606689453125)]","[(0, 3959.634521484375), (1, 3656.190185546875)]","[(0, 5971.77490234375), (1, 6134.31640625)]","[(0, 4388.8466796875), (1, 5697.51904296875)]","[(0, 2675.502197265625), (1, 3039.995849609375)]","[(0, 3400.3505859375), (1, 3488.321533203125)]","[(0, 3583.100830078125), (1, 3409.244140625)]"
453,"[(0, 8148.0830078125), (1, 7954.142578125)]","[(0, 4195.658203125), (1, 4655.3447265625)]","[(0, 7848.537109375), (1, 7258.93896484375)]","[(0, 5423.50927734375), (1, 5327.482421875)]","[(0, 5396.896484375), (1, 4006.26708984375)]","[(0, 3810.322509765625), (1, 3568.3896484375)]","[(0, 4551.7861328125), (1, 4184.7646484375)]","[(0, 4430.40771484375), (1, 4874.3134765625)]","[(0, 4683.2958984375), (1, 3048.438232421875)]","[(0, 3528.380859375), (1, 3646.60009765625)]","[(0, 3476.399169921875), (1, 3312.887939453125)]"
454,"[(0, 6871.46484375), (1, 7001.59521484375)]","[(0, 4825.32861328125), (1, 5206.072265625)]","[(0, 4807.00244140625), (1, 5138.25048828125)]","[(0, 3461.67724609375), (1, 3276.062744140625)]","[(0, 8129.76513671875), (1, 6094.06005859375)]","[(0, 6429.2666015625), (1, 6753.2783203125)]","[(0, 6691.228515625), (1, 6970.98681640625)]","[(0, 3296.499755859375), (1, 4112.36083984375)]","[(0, 2847.071533203125), (1, 2787.66357421875)]","[(0, 2334.6396484375), (1, 2478.337890625)]","[(0, 3963.249755859375), (1, 3592.5888671875)]"
455,"[(0, 6181.1728515625), (1, 6576.982421875)]","[(0, 4289.7392578125), (1, 4586.02099609375)]","[(0, 4504.97705078125), (1, 4486.64794921875)]","[(0, 6484.68701171875), (1, 6145.61767578125)]","[(0, 8292.37890625), (1, 5706.02880859375)]","[(0, 8647.2265625), (1, 8661.8271484375)]","[(0, 4052.03466796875), (1, 4069.6708984375)]","[(0, 3292.358642578125), (1, 4053.3642578125)]","[(0, 2087.77978515625), (1, 2350.842041015625)]","[(0, 2670.481689453125), (1, 3320.29541015625)]","[(0, 4759.9970703125), (1, 4666.0791015625)]"
456,"[(0, 8987.8857421875), (1, 8726.482421875)]","[(0, 6069.49658203125), (1, 6115.49658203125)]","[(0, 3924.88427734375), (1, 4093.501220703125)]","[(0, 3269.0654296875), (1, 3398.706787109375)]","[(0, 5642.1337890625), (1, 5674.1865234375)]","[(0, 6904.75048828125), (1, 6497.197265625)]","[(0, 5058.97509765625), (1, 4630.16455078125)]","[(0, 3627.6923828125), (1, 3953.9365234375)]","[(0, 4629.95654296875), (1, 3917.114013671875)]","[(0, 5660.6689453125), (1, 5315.52099609375)]","[(0, 7061.01953125), (1, 7432.5888671875)]"
457,"[(0, 9679.7060546875), (1, 9773.3271484375)]","[(0, 6748.18603515625), (1, 7055.37939453125)]","[(0, 7484.64208984375), (1, 7090.36669921875)]","[(0, 4230.64208984375), (1, 4692.66259765625)]","[(0, 4938.0859375), (1, 4888.33447265625)]","[(0, 8588.2666015625), (1, 8104.82275390625)]","[(0, 8144.56396484375), (1, 6790.8466796875)]","[(0, 3012.39404296875), (1, 2964.34814453125)]","[(0, 2214.43603515625), (1, 3904.195068359375)]","[(0, 4683.51953125), (1, 5145.8125)]","[(0, 3212.4189453125), (1, 3336.767333984375)]"
458,"[(0, 6780.072265625), (1, 6980.26025390625)]","[(0, 6245.07080078125), (1, 6116.76171875)]","[(0, 5962.140625), (1, 6307.1025390625)]","[(0, 3623.093994140625), (1, 3310.96142578125)]","[(0, 6910.67919921875), (1, 5008.9423828125)]","[(0, 6682.912109375), (1, 6944.3525390625)]","[(0, 5575.90673828125), (1, 4929.1884765625)]","[(0, 3368.34619140625), (1, 2910.581298828125)]","[(0, 4451.07470703125), (1, 4702.7158203125)]","[(0, 4047.7666015625), (1, 3163.224609375)]","[(0, 5177.03466796875), (1, 5167.23828125)]"
459,"[(0, 10435.6796875), (1, 10194.607421875)]","[(0, 5093.4970703125), (1, 5137.92724609375)]","[(0, 6088.21630859375), (1, 5955.78759765625)]","[(0, 4079.509765625), (1, 4074.95654296875)]","[(0, 4702.70703125), (1, 4554.6650390625)]","[(0, 5642.88720703125), (1, 6131.32763671875)]","[(0, 4112.84326171875), (1, 4538.94189453125)]","[(0, 5222.41748046875), (1, 4215.45068359375)]","[(0, 3416.788818359375), (1, 3787.888427734375)]","[(0, 5109.93212890625), (1, 5402.494140625)]","[(0, 7032.3310546875), (1, 6749.943359375)]"
460,"[(0, 7188.87548828125), (1, 7578.244140625)]","[(0, 3124.428466796875), (1, 3161.535400390625)]","[(0, 4085.240966796875), (1, 4077.265869140625)]","[(0, 5543.5634765625), (1, 5470.724609375)]","[(0, 9982.9736328125), (1, 7370.75439453125)]","[(0, 4581.97265625), (1, 4475.80615234375)]","[(0, 4829.08984375), (1, 5074.669921875)]","[(0, 3953.178466796875), (1, 3980.3173828125)]","[(0, 2102.439697265625), (1, 2090.25439453125)]","[(0, 5483.68896484375), (1, 4111.56884765625)]","[(0, 5453.4248046875), (1, 5659.4921875)]"
461,"[(0, 4776.6083984375), (1, 4877.033203125)]","[(0, 3599.111328125), (1, 3813.2744140625)]","[(0, 8206.0166015625), (1, 6929.56689453125)]","[(0, 4756.9833984375), (1, 4944.673828125)]","[(0, 9637.0966796875), (1, 6922.802734375)]","[(0, 4510.75927734375), (1, 4205.22412109375)]","[(0, 4124.8984375), (1, 4028.46533203125)]","[(0, 3617.745849609375), (1, 4373.55029296875)]","[(0, 4995.0224609375), (1, 5269.24853515625)]","[(0, 4198.9765625), (1, 4498.99609375)]","[(0, 3061.40283203125), (1, 2854.27587890625)]"
462,"[(0, 10772.212890625), (1, 10416.9365234375)]","[(0, 3821.108154296875), (1, 4069.158935546875)]","[(0, 7880.48046875), (1, 7337.5810546875)]","[(0, 3841.177978515625), (1, 3475.83251953125)]","[(0, 6422.94189453125), (1, 6183.04150390625)]","[(0, 8885.919921875), (1, 9309.1396484375)]","[(0, 3626.56494140625), (1, 3656.281005859375)]","[(0, 2222.080322265625), (1, 2753.94384765625)]","[(0, 5323.328125), (1, 4380.97216796875)]","[(0, 5214.5439453125), (1, 6225.01416015625)]","[(0, 7359.7548828125), (1, 7175.5810546875)]"
463,"[(0, 6604.59423828125), (1, 6635.2138671875)]","[(0, 4231.09423828125), (1, 4215.33447265625)]","[(0, 7738.84814453125), (1, 6929.44775390625)]","[(0, 5812.658203125), (1, 5489.76904296875)]","[(0, 6752.8466796875), (1, 6309.53857421875)]","[(0, 5334.24951171875), (1, 5664.84326171875)]","[(0, 4021.29150390625), (1, 4130.01953125)]","[(0, 3687.161376953125), (1, 3391.861572265625)]","[(0, 3757.192138671875), (1, 4019.546875)]","[(0, 3854.355224609375), (1, 4005.709228515625)]","[(0, 3252.617919921875), (1, 3031.3251953125)]"
464,"[(0, 6578.59423828125), (1, 6132.36865234375)]","[(0, 6124.00537109375), (1, 5927.26318359375)]","[(0, 5645.0244140625), (1, 5358.90771484375)]","[(0, 3388.2666015625), (1, 3289.070068359375)]","[(0, 5660.97119140625), (1, 4251.77197265625)]","[(0, 4724.86474609375), (1, 4399.591796875)]","[(0, 3492.06298828125), (1, 3179.641357421875)]","[(0, 3667.55712890625), (1, 3152.554443359375)]","[(0, 3000.621337890625), (1, 3428.530029296875)]","[(0, 5200.35546875), (1, 4395.5068359375)]","[(0, 3462.733642578125), (1, 3406.2509765625)]"
465,"[(0, 8164.79931640625), (1, 8169.7685546875)]","[(0, 3886.68603515625), (1, 4725.9599609375)]","[(0, 8276.4130859375), (1, 8907.9794921875)]","[(0, 3271.42626953125), (1, 3268.021240234375)]","[(0, 6433.13623046875), (1, 6117.71337890625)]","[(0, 4723.06298828125), (1, 4498.927734375)]","[(0, 3302.55712890625), (1, 3293.11865234375)]","[(0, 3793.339599609375), (1, 4753.7001953125)]","[(0, 4348.7578125), (1, 3704.15283203125)]","[(0, 5244.65771484375), (1, 5010.169921875)]","[(0, 3073.607421875), (1, 2750.22998046875)]"
466,"[(0, 9527.2734375), (1, 9901.498046875)]","[(0, 4319.28369140625), (1, 5247.14404296875)]","[(0, 4832.49462890625), (1, 5686.48876953125)]","[(0, 7590.01953125), (1, 7597.94970703125)]","[(0, 9263.6015625), (1, 6621.5400390625)]","[(0, 5906.59912109375), (1, 5983.20458984375)]","[(0, 4009.8681640625), (1, 4768.63916015625)]","[(0, 4124.23779296875), (1, 3503.678466796875)]","[(0, 2217.150390625), (1, 3108.489013671875)]","[(0, 4595.69677734375), (1, 3756.547607421875)]","[(0, 5155.3662109375), (1, 5051.09814453125)]"
467,"[(0, 7318.1181640625), (1, 7559.96728515625)]","[(0, 3860.7783203125), (1, 4534.1357421875)]","[(0, 4259.72265625), (1, 4152.91943359375)]","[(0, 6066.3603515625), (1, 5760.69580078125)]","[(0, 7070.57470703125), (1, 4804.01416015625)]","[(0, 4915.8515625), (1, 4895.701171875)]","[(0, 3318.605224609375), (1, 4554.84326171875)]","[(0, 2860.62255859375), (1, 3003.67333984375)]","[(0, 5841.33251953125), (1, 4520.74609375)]","[(0, 4891.22119140625), (1, 6012.84619140625)]","[(0, 4617.79541015625), (1, 4568.89990234375)]"
468,"[(0, 7553.65380859375), (1, 7740.029296875)]","[(0, 4696.3515625), (1, 4624.7451171875)]","[(0, 4680.42919921875), (1, 4780.4501953125)]","[(0, 7708.89794921875), (1, 7298.8603515625)]","[(0, 6825.0556640625), (1, 4532.7431640625)]","[(0, 5987.685546875), (1, 5508.5966796875)]","[(0, 4055.40576171875), (1, 3763.751708984375)]","[(0, 2628.1044921875), (1, 3371.897705078125)]","[(0, 5479.17236328125), (1, 4146.646484375)]","[(0, 2461.2060546875), (1, 3716.66845703125)]","[(0, 3412.17138671875), (1, 3092.994140625)]"
469,"[(0, 6247.63232421875), (1, 5891.0390625)]","[(0, 3150.910400390625), (1, 2974.85498046875)]","[(0, 3640.34912109375), (1, 4174.88720703125)]","[(0, 5865.47021484375), (1, 5700.9052734375)]","[(0, 7146.21533203125), (1, 5180.32861328125)]","[(0, 5075.7783203125), (1, 4815.60595703125)]","[(0, 4006.653076171875), (1, 4171.08251953125)]","[(0, 2901.241943359375), (1, 3179.4384765625)]","[(0, 2295.83203125), (1, 2379.01025390625)]","[(0, 4969.36083984375), (1, 5684.59130859375)]","[(0, 5535.2119140625), (1, 5917.587890625)]"
470,"[(0, 13780.4453125), (1, 13836.9130859375)]","[(0, 3588.85986328125), (1, 4282.716796875)]","[(0, 5857.64453125), (1, 5766.703125)]","[(0, 3533.6240234375), (1, 3468.26318359375)]","[(0, 4581.86328125), (1, 3495.52490234375)]","[(0, 5002.12060546875), (1, 5421.306640625)]","[(0, 5299.25341796875), (1, 5634.93359375)]","[(0, 3253.5361328125), (1, 2844.52587890625)]","[(0, 3914.3505859375), (1, 3068.2158203125)]","[(0, 5273.4814453125), (1, 5201.1396484375)]","[(0, 6274.4716796875), (1, 5975.88232421875)]"
471,"[(0, 7947.25048828125), (1, 7758.5263671875)]","[(0, 3487.40380859375), (1, 4043.526611328125)]","[(0, 4649.97119140625), (1, 4378.11962890625)]","[(0, 6570.4560546875), (1, 6922.228515625)]","[(0, 3508.101806640625), (1, 3542.4677734375)]","[(0, 4420.62890625), (1, 4860.55908203125)]","[(0, 8178.15673828125), (1, 9193.3701171875)]","[(0, 4202.42578125), (1, 4941.82177734375)]","[(0, 3604.916748046875), (1, 4259.71875)]","[(0, 2699.2099609375), (1, 2244.3681640625)]","[(0, 5933.86328125), (1, 6232.32666015625)]"
472,"[(0, 6491.3876953125), (1, 6508.73876953125)]","[(0, 3579.777587890625), (1, 4100.095703125)]","[(0, 5549.498046875), (1, 5668.458984375)]","[(0, 4241.55810546875), (1, 4092.89599609375)]","[(0, 5088.427734375), (1, 5075.6865234375)]","[(0, 6356.28466796875), (1, 5802.8603515625)]","[(0, 5879.29736328125), (1, 5500.28662109375)]","[(0, 2443.926025390625), (1, 2534.72900390625)]","[(0, 3780.984130859375), (1, 3946.20654296875)]","[(0, 4260.42138671875), (1, 4289.9970703125)]","[(0, 5491.13037109375), (1, 5442.8310546875)]"
473,"[(0, 7347.99365234375), (1, 6997.01611328125)]","[(0, 4373.47900390625), (1, 4809.4140625)]","[(0, 3199.43115234375), (1, 2868.18115234375)]","[(0, 4489.91796875), (1, 4482.96533203125)]","[(0, 6520.55517578125), (1, 4587.740234375)]","[(0, 6835.8818359375), (1, 6620.24609375)]","[(0, 5602.85205078125), (1, 6003.8046875)]","[(0, 2670.54296875), (1, 2359.589599609375)]","[(0, 2147.971923828125), (1, 2061.2705078125)]","[(0, 3643.38134765625), (1, 3062.985595703125)]","[(0, 3669.992431640625), (1, 3606.8388671875)]"
474,"[(0, 6209.390625), (1, 5831.8310546875)]","[(0, 3097.897216796875), (1, 3460.885009765625)]","[(0, 4316.6318359375), (1, 4095.679931640625)]","[(0, 5676.5791015625), (1, 5726.54833984375)]","[(0, 5992.3984375), (1, 4104.3681640625)]","[(0, 5202.4833984375), (1, 5353.87109375)]","[(0, 3451.18505859375), (1, 4618.29296875)]","[(0, 4369.47705078125), (1, 5293.98486328125)]","[(0, 2947.58642578125), (1, 4097.22265625)]","[(0, 4170.56494140625), (1, 4262.0595703125)]","[(0, 4029.69873046875), (1, 3313.36181640625)]"
475,"[(0, 8095.88525390625), (1, 7910.12451171875)]","[(0, 3413.988037109375), (1, 3924.966552734375)]","[(0, 5584.90625), (1, 5366.880859375)]","[(0, 5720.69140625), (1, 6032.4091796875)]","[(0, 8132.8515625), (1, 5424.04736328125)]","[(0, 5517.06103515625), (1, 6262.7548828125)]","[(0, 4124.3046875), (1, 5336.83935546875)]","[(0, 6343.65234375), (1, 4518.29833984375)]","[(0, 4247.04638671875), (1, 3546.57470703125)]","[(0, 3772.224853515625), (1, 3779.19970703125)]","[(0, 5177.365234375), (1, 5380.86181640625)]"
476,"[(0, 7607.62890625), (1, 7306.87646484375)]","[(0, 3113.838623046875), (1, 3478.060546875)]","[(0, 6609.244140625), (1, 7187.4912109375)]","[(0, 3214.573486328125), (1, 3582.82421875)]","[(0, 4351.2509765625), (1, 4839.740234375)]","[(0, 6615.44287109375), (1, 6098.78125)]","[(0, 3694.556396484375), (1, 3661.02978515625)]","[(0, 3077.95751953125), (1, 2938.2724609375)]","[(0, 2548.060302734375), (1, 3237.419677734375)]","[(0, 3330.542236328125), (1, 2626.698974609375)]","[(0, 6105.32177734375), (1, 5226.3935546875)]"
477,"[(0, 7522.353515625), (1, 7528.86376953125)]","[(0, 3775.582763671875), (1, 3955.418701171875)]","[(0, 4832.5634765625), (1, 4710.98388671875)]","[(0, 6026.61328125), (1, 6563.91748046875)]","[(0, 4660.45263671875), (1, 5203.4365234375)]","[(0, 5739.18896484375), (1, 5441.880859375)]","[(0, 3102.02734375), (1, 3216.674072265625)]","[(0, 2720.2724609375), (1, 3325.686279296875)]","[(0, 3999.2392578125), (1, 4363.88427734375)]","[(0, 2739.11474609375), (1, 3442.4052734375)]","[(0, 4260.125), (1, 3991.401611328125)]"
478,"[(0, 6080.02294921875), (1, 6437.19921875)]","[(0, 3304.343505859375), (1, 3959.064208984375)]","[(0, 5654.45361328125), (1, 5298.08642578125)]","[(0, 4868.4736328125), (1, 4141.591796875)]","[(0, 4769.88525390625), (1, 3177.198486328125)]","[(0, 6394.13720703125), (1, 6889.31298828125)]","[(0, 6823.91015625), (1, 6474.552734375)]","[(0, 2148.453125), (1, 2437.37158203125)]","[(0, 4150.44873046875), (1, 3881.385498046875)]","[(0, 2999.537109375), (1, 3245.704833984375)]","[(0, 3117.612548828125), (1, 2945.03369140625)]"
479,"[(0, 8635.0126953125), (1, 9207.716796875)]","[(0, 3356.276611328125), (1, 4046.902099609375)]","[(0, 8468.078125), (1, 8274.21875)]","[(0, 3827.99462890625), (1, 3996.097900390625)]","[(0, 2835.1728515625), (1, 2928.06396484375)]","[(0, 3621.21484375), (1, 3562.36767578125)]","[(0, 4979.59765625), (1, 4950.6240234375)]","[(0, 3874.55126953125), (1, 3951.373291015625)]","[(0, 3907.6591796875), (1, 3727.46630859375)]","[(0, 4963.705078125), (1, 5124.72900390625)]","[(0, 4346.3984375), (1, 3827.187744140625)]"
480,"[(0, 6875.14892578125), (1, 7077.49658203125)]","[(0, 3416.394775390625), (1, 3955.4072265625)]","[(0, 8926.5869140625), (1, 7891.23486328125)]","[(0, 5696.9921875), (1, 5867.21044921875)]","[(0, 3534.260986328125), (1, 3707.9453125)]","[(0, 4973.6181640625), (1, 4477.9150390625)]","[(0, 9443.283203125), (1, 9512.9921875)]","[(0, 3962.64501953125), (1, 3007.02392578125)]","[(0, 3656.831787109375), (1, 3273.726318359375)]","[(0, 4099.30224609375), (1, 4530.720703125)]","[(0, 3705.375244140625), (1, 3681.72900390625)]"
481,"[(0, 9107.09375), (1, 9054.388671875)]","[(0, 3426.382568359375), (1, 3572.731201171875)]","[(0, 9860.6865234375), (1, 9918.822265625)]","[(0, 3694.359375), (1, 3841.529541015625)]","[(0, 3731.8486328125), (1, 3791.60009765625)]","[(0, 4301.6318359375), (1, 4162.24462890625)]","[(0, 7003.2783203125), (1, 6937.53515625)]","[(0, 6773.13134765625), (1, 5948.09033203125)]","[(0, 2239.349365234375), (1, 2643.388916015625)]","[(0, 2483.315673828125), (1, 2878.771484375)]","[(0, 5904.93212890625), (1, 5989.2216796875)]"
482,"[(0, 7986.66015625), (1, 7968.9560546875)]","[(0, 5035.529296875), (1, 5438.09912109375)]","[(0, 5978.73828125), (1, 6420.216796875)]","[(0, 6147.2529296875), (1, 6150.478515625)]","[(0, 4006.16015625), (1, 3954.05712890625)]","[(0, 5117.88623046875), (1, 5444.21728515625)]","[(0, 4762.15380859375), (1, 4464.666015625)]","[(0, 2836.0166015625), (1, 2726.852783203125)]","[(0, 3982.37548828125), (1, 4005.0908203125)]","[(0, 5375.4560546875), (1, 6525.53857421875)]","[(0, 3647.626220703125), (1, 3429.651611328125)]"
483,"[(0, 7227.3984375), (1, 7255.40185546875)]","[(0, 4811.845703125), (1, 5029.328125)]","[(0, 3366.8046875), (1, 3229.5595703125)]","[(0, 5532.103515625), (1, 5312.6728515625)]","[(0, 3481.193359375), (1, 3689.89453125)]","[(0, 4474.384765625), (1, 4890.2373046875)]","[(0, 3248.860595703125), (1, 3616.921142578125)]","[(0, 2495.97900390625), (1, 2581.37548828125)]","[(0, 5339.01806640625), (1, 5124.80712890625)]","[(0, 3139.913330078125), (1, 3495.354736328125)]","[(0, 4510.7421875), (1, 4291.994140625)]"
484,"[(0, 8771.998046875), (1, 8621.15625)]","[(0, 5545.361328125), (1, 5450.60693359375)]","[(0, 6047.662109375), (1, 5911.5302734375)]","[(0, 6140.9013671875), (1, 5879.17431640625)]","[(0, 2936.010986328125), (1, 3096.260986328125)]","[(0, 5012.05810546875), (1, 4596.0869140625)]","[(0, 7911.708984375), (1, 9164.859375)]","[(0, 4843.35986328125), (1, 3683.383056640625)]","[(0, 3829.389404296875), (1, 4956.7275390625)]","[(0, 3232.452880859375), (1, 3395.334228515625)]","[(0, 7337.755859375), (1, 6029.41845703125)]"
485,"[(0, 7187.5048828125), (1, 6948.1552734375)]","[(0, 4946.77783203125), (1, 4843.494140625)]","[(0, 10290.0888671875), (1, 9889.494140625)]","[(0, 6909.50634765625), (1, 6601.03662109375)]","[(0, 3655.444091796875), (1, 2871.85986328125)]","[(0, 4562.15966796875), (1, 4376.3828125)]","[(0, 7937.93359375), (1, 9647.7548828125)]","[(0, 2690.6669921875), (1, 2409.98193359375)]","[(0, 2848.398193359375), (1, 3167.710205078125)]","[(0, 3685.70947265625), (1, 5472.57177734375)]","[(0, 6722.94189453125), (1, 7068.76806640625)]"
486,"[(0, 5939.412109375), (1, 6024.64208984375)]","[(0, 3414.1279296875), (1, 4097.32861328125)]","[(0, 5272.83740234375), (1, 5380.07666015625)]","[(0, 8277.115234375), (1, 7938.1455078125)]","[(0, 4609.7958984375), (1, 4562.7080078125)]","[(0, 4482.7216796875), (1, 4849.38232421875)]","[(0, 4467.9287109375), (1, 4081.580078125)]","[(0, 3408.4443359375), (1, 4935.94384765625)]","[(0, 5492.64453125), (1, 5544.4521484375)]","[(0, 2967.94775390625), (1, 3373.82421875)]","[(0, 5226.767578125), (1, 4641.97802734375)]"
487,"[(0, 11836.8408203125), (1, 12097.267578125)]","[(0, 3672.436279296875), (1, 4517.0703125)]","[(0, 9646.87109375), (1, 8706.515625)]","[(0, 4724.80615234375), (1, 5029.27099609375)]","[(0, 4135.87255859375), (1, 4215.12939453125)]","[(0, 7002.97119140625), (1, 7676.244140625)]","[(0, 3905.13720703125), (1, 3737.87158203125)]","[(0, 4463.79736328125), (1, 4416.29296875)]","[(0, 2204.593505859375), (1, 3593.222900390625)]","[(0, 3056.76708984375), (1, 3975.0634765625)]","[(0, 3726.990234375), (1, 3506.974609375)]"
488,"[(0, 6519.044921875), (1, 6442.24169921875)]","[(0, 3443.193115234375), (1, 4148.7939453125)]","[(0, 2838.28125), (1, 2692.22119140625)]","[(0, 4935.3408203125), (1, 5301.72998046875)]","[(0, 3080.459716796875), (1, 3103.2080078125)]","[(0, 5925.4375), (1, 5418.89794921875)]","[(0, 3571.52197265625), (1, 3325.365966796875)]","[(0, 4245.1796875), (1, 4284.55908203125)]","[(0, 3942.51611328125), (1, 4334.72509765625)]","[(0, 5575.66748046875), (1, 5549.5087890625)]","[(0, 6587.81103515625), (1, 6773.93896484375)]"
489,"[(0, 5569.4072265625), (1, 5889.7080078125)]","[(0, 3681.922119140625), (1, 3826.5234375)]","[(0, 5259.875), (1, 4754.47119140625)]","[(0, 8719.5615234375), (1, 8214.70703125)]","[(0, 4828.57861328125), (1, 4697.64599609375)]","[(0, 7696.86474609375), (1, 7134.5576171875)]","[(0, 4404.35205078125), (1, 4794.8095703125)]","[(0, 6438.94921875), (1, 6009.853515625)]","[(0, 4448.3798828125), (1, 3872.4345703125)]","[(0, 1901.63330078125), (1, 2395.010986328125)]","[(0, 5738.958984375), (1, 5706.2626953125)]"
490,"[(0, 10115.369140625), (1, 10247.2744140625)]","[(0, 3527.75830078125), (1, 3631.403076171875)]","[(0, 9007.3642578125), (1, 8550.8447265625)]","[(0, 5293.82373046875), (1, 4882.90673828125)]","[(0, 7403.654296875), (1, 5878.0478515625)]","[(0, 9748.212890625), (1, 10415.9833984375)]","[(0, 7974.1708984375), (1, 9307.9501953125)]","[(0, 4465.70947265625), (1, 4147.78955078125)]","[(0, 3675.456298828125), (1, 4433.52734375)]","[(0, 3410.0146484375), (1, 3651.2666015625)]","[(0, 5207.46728515625), (1, 5729.3505859375)]"
491,"[(0, 9821.8583984375), (1, 9721.9853515625)]","[(0, 3258.799560546875), (1, 3350.5810546875)]","[(0, 4412.62158203125), (1, 5329.591796875)]","[(0, 7098.7158203125), (1, 7487.5693359375)]","[(0, 5274.29150390625), (1, 4254.83837890625)]","[(0, 3745.09716796875), (1, 4181.31396484375)]","[(0, 6515.73779296875), (1, 5863.3115234375)]","[(0, 2672.871826171875), (1, 2764.616943359375)]","[(0, 2695.855224609375), (1, 3406.072265625)]","[(0, 7317.5673828125), (1, 6505.2822265625)]","[(0, 4350.34228515625), (1, 4569.5009765625)]"
492,"[(0, 9510.669921875), (1, 9954.6240234375)]","[(0, 3550.551025390625), (1, 3705.255126953125)]","[(0, 5082.79248046875), (1, 4377.60986328125)]","[(0, 3373.071533203125), (1, 3461.83251953125)]","[(0, 3898.755126953125), (1, 3023.8525390625)]","[(0, 3518.958251953125), (1, 3284.484130859375)]","[(0, 5201.43701171875), (1, 5526.46630859375)]","[(0, 2981.017822265625), (1, 2878.1181640625)]","[(0, 3816.868896484375), (1, 2205.478759765625)]","[(0, 3657.1494140625), (1, 3422.44384765625)]","[(0, 5149.37109375), (1, 4996.1279296875)]"
493,"[(0, 8283.9453125), (1, 8219.2763671875)]","[(0, 3628.678466796875), (1, 3462.3408203125)]","[(0, 10581.22265625), (1, 11549.8779296875)]","[(0, 5450.8876953125), (1, 4531.6669921875)]","[(0, 3445.594482421875), (1, 3589.198486328125)]","[(0, 4608.45068359375), (1, 4377.23876953125)]","[(0, 6563.04150390625), (1, 6974.80419921875)]","[(0, 4833.44873046875), (1, 5962.0380859375)]","[(0, 3608.001708984375), (1, 3318.127197265625)]","[(0, 6007.1318359375), (1, 5644.2275390625)]","[(0, 4451.48681640625), (1, 3990.98681640625)]"
494,"[(0, 7597.81884765625), (1, 7486.4482421875)]","[(0, 4162.12548828125), (1, 4985.8232421875)]","[(0, 7090.900390625), (1, 6717.7373046875)]","[(0, 5143.255859375), (1, 5170.74853515625)]","[(0, 5679.78466796875), (1, 5084.33935546875)]","[(0, 5132.1240234375), (1, 5433.86865234375)]","[(0, 5631.2431640625), (1, 6326.162109375)]","[(0, 3735.9189453125), (1, 2996.640625)]","[(0, 4217.44970703125), (1, 3629.914306640625)]","[(0, 3722.3583984375), (1, 3821.862548828125)]","[(0, 4485.32568359375), (1, 4356.06298828125)]"
495,"[(0, 11354.2890625), (1, 11106.201171875)]","[(0, 4187.05615234375), (1, 4955.15380859375)]","[(0, 3295.588134765625), (1, 3246.61181640625)]","[(0, 6702.5009765625), (1, 6858.31201171875)]","[(0, 2754.361328125), (1, 2761.928955078125)]","[(0, 7120.2421875), (1, 7732.7841796875)]","[(0, 10435.98828125), (1, 10368.6591796875)]","[(0, 3650.041259765625), (1, 4695.17822265625)]","[(0, 4279.47900390625), (1, 4385.4912109375)]","[(0, 6645.52294921875), (1, 6538.07177734375)]","[(0, 5314.74560546875), (1, 5266.349609375)]"
496,"[(0, 9297.5341796875), (1, 9075.78515625)]","[(0, 4118.02392578125), (1, 4835.6708984375)]","[(0, 7353.72802734375), (1, 7264.91552734375)]","[(0, 5961.64599609375), (1, 5882.00634765625)]","[(0, 3547.782470703125), (1, 3313.033203125)]","[(0, 6971.73193359375), (1, 6722.2939453125)]","[(0, 11134.2734375), (1, 10679.22265625)]","[(0, 3853.447265625), (1, 4046.273193359375)]","[(0, 2662.86767578125), (1, 3111.72802734375)]","[(0, 4876.34033203125), (1, 4213.07177734375)]","[(0, 2592.128662109375), (1, 2453.076171875)]"
497,"[(0, 7318.572265625), (1, 7116.18310546875)]","[(0, 4482.87548828125), (1, 4455.39404296875)]","[(0, 5106.4296875), (1, 4795.4453125)]","[(0, 5443.22509765625), (1, 5434.97802734375)]","[(0, 2761.445556640625), (1, 2817.648193359375)]","[(0, 8881.79296875), (1, 8475.30859375)]","[(0, 5047.173828125), (1, 4437.9521484375)]","[(0, 3974.866455078125), (1, 4720.4013671875)]","[(0, 5324.5263671875), (1, 3925.520751953125)]","[(0, 4526.75146484375), (1, 4265.89794921875)]","[(0, 5781.7646484375), (1, 5458.40966796875)]"
498,"[(0, 7602.96484375), (1, 7502.12939453125)]","[(0, 4467.5244140625), (1, 4756.43017578125)]","[(0, 4397.74560546875), (1, 4837.857421875)]","[(0, 4310.1982421875), (1, 4785.64111328125)]","[(0, 2818.135986328125), (1, 2823.97705078125)]","[(0, 6300.7177734375), (1, 6845.38720703125)]","[(0, 5482.7265625), (1, 6251.8935546875)]","[(0, 3270.89306640625), (1, 3347.693359375)]","[(0, 2522.9130859375), (1, 2880.06884765625)]","[(0, 4201.84033203125), (1, 3805.7646484375)]","[(0, 8469.41796875), (1, 8418.171875)]"
499,"[(0, 7808.333984375), (1, 7025.82861328125)]","[(0, 4585.2294921875), (1, 4876.59130859375)]","[(0, 11018.1025390625), (1, 11172.0537109375)]","[(0, 4393.24365234375), (1, 4290.23046875)]","[(0, 4847.49560546875), (1, 3396.623291015625)]","[(0, 3762.9833984375), (1, 4077.60400390625)]","[(0, 6604.8271484375), (1, 7614.0380859375)]","[(0, 4143.025390625), (1, 3866.12841796875)]","[(0, 2478.88720703125), (1, 3196.774658203125)]","[(0, 2839.25048828125), (1, 3857.050537109375)]","[(0, 3767.46826171875), (1, 3602.84423828125)]"
