,anaphoric-one-semantics,anaphoric-one-syntax,island-adjunct,island-complex-np,island-wh,principle_a_command,principle_a_locality,question-formation_or,question-formation_rr,question-formation_sr,wanna
0,"[(0, 14505.5810546875), (1, 16256.85546875)]","[(0, 22726.548828125), (1, 22493.587890625)]","[(0, 18290.62890625), (1, 16421.62109375)]","[(0, 16295.86328125), (1, 14254.119140625)]","[(0, 15263.5009765625), (1, 14263.4609375)]","[(0, 27972.748046875), (1, 28353.919921875)]","[(0, 25949.880859375), (1, 25677.779296875)]","[(0, 12646.9140625), (1, 17472.29296875)]","[(0, 31966.939453125), (1, 18731.34375)]","[(0, 23566.134765625), (1, 12820.5302734375)]","[(0, 31078.888671875), (1, 24773.5234375)]"
1,"[(0, 25383.345703125), (1, 27792.859375)]","[(0, 22936.818359375), (1, 22295.65234375)]","[(0, 8103.57861328125), (1, 9076.5986328125)]","[(0, 12326.927734375), (1, 12769.4892578125)]","[(0, 13397.3271484375), (1, 9721.11328125)]","[(0, 40076.48828125), (1, 39356.47265625)]","[(0, 21132.12109375), (1, 21590.673828125)]","[(0, 10680.16015625), (1, 5993.1181640625)]","[(0, 6815.50732421875), (1, 7120.126953125)]","[(0, 18143.4609375), (1, 18320.673828125)]","[(0, 18964.22265625), (1, 20069.828125)]"
2,"[(0, 25241.35546875), (1, 27189.92578125)]","[(0, 20552.884765625), (1, 19681.8671875)]","[(0, 9824.416015625), (1, 11373.25390625)]","[(0, 19224.783203125), (1, 17379.509765625)]","[(0, 10384.02734375), (1, 8709.9951171875)]","[(0, 32537.361328125), (1, 32539.443359375)]","[(0, 20614.740234375), (1, 20222.087890625)]","[(0, 13061.23046875), (1, 7334.36962890625)]","[(0, 22126.32421875), (1, 18378.59765625)]","[(0, 45469.2890625), (1, 43472.71484375)]","[(0, 20938.35546875), (1, 22066.205078125)]"
3,"[(0, 17885.373046875), (1, 19705.36328125)]","[(0, 24155.951171875), (1, 24162.7734375)]","[(0, 23015.0), (1, 26362.8046875)]","[(0, 29687.177734375), (1, 28448.1484375)]","[(0, 9234.0625), (1, 8021.4453125)]","[(0, 27568.263671875), (1, 26511.154296875)]","[(0, 30615.734375), (1, 31141.99609375)]","[(0, 19636.046875), (1, 15895.720703125)]","[(0, 12491.5048828125), (1, 10279.447265625)]","[(0, 14118.74609375), (1, 9270.8134765625)]","[(0, 25148.921875), (1, 20261.12109375)]"
4,"[(0, 18880.380859375), (1, 20737.50390625)]","[(0, 12707.7265625), (1, 12837.255859375)]","[(0, 25776.658203125), (1, 22489.341796875)]","[(0, 24877.6015625), (1, 23814.517578125)]","[(0, 31383.251953125), (1, 24349.890625)]","[(0, 23402.505859375), (1, 22917.94921875)]","[(0, 27736.115234375), (1, 26923.5078125)]","[(0, 10678.4287109375), (1, 19014.65625)]","[(0, 20219.15625), (1, 19968.3359375)]","[(0, 5990.11865234375), (1, 11558.021484375)]","[(0, 20491.6640625), (1, 17859.908203125)]"
5,"[(0, 20777.849609375), (1, 23099.701171875)]","[(0, 10706.3173828125), (1, 9987.849609375)]","[(0, 12377.1923828125), (1, 14243.96875)]","[(0, 18435.404296875), (1, 18652.1796875)]","[(0, 21229.50390625), (1, 15529.806640625)]","[(0, 19468.677734375), (1, 20392.5703125)]","[(0, 22066.435546875), (1, 22057.32421875)]","[(0, 20673.447265625), (1, 15591.0654296875)]","[(0, 21592.3828125), (1, 37125.78515625)]","[(0, 10402.3330078125), (1, 8238.5341796875)]","[(0, 17439.46484375), (1, 17605.853515625)]"
6,"[(0, 28272.916015625), (1, 29935.400390625)]","[(0, 18903.91015625), (1, 21086.78515625)]","[(0, 23968.9296875), (1, 17953.935546875)]","[(0, 24462.66015625), (1, 26771.064453125)]","[(0, 10808.837890625), (1, 9146.453125)]","[(0, 17056.61328125), (1, 16318.3037109375)]","[(0, 36971.984375), (1, 39026.74609375)]","[(0, 16700.51953125), (1, 21577.58203125)]","[(0, 25105.283203125), (1, 18548.408203125)]","[(0, 18513.9296875), (1, 18177.7890625)]","[(0, 28415.693359375), (1, 24104.17578125)]"
7,"[(0, 19399.453125), (1, 21934.630859375)]","[(0, 19115.255859375), (1, 21219.7265625)]","[(0, 10185.7451171875), (1, 10933.359375)]","[(0, 21799.517578125), (1, 22183.728515625)]","[(0, 10187.474609375), (1, 8504.974609375)]","[(0, 20271.88671875), (1, 21236.69140625)]","[(0, 26586.19921875), (1, 28853.65234375)]","[(0, 35516.0625), (1, 31529.4375)]","[(0, 11948.06640625), (1, 10351.45703125)]","[(0, 29085.61328125), (1, 24163.439453125)]","[(0, 23280.03125), (1, 19856.03125)]"
8,"[(0, 26348.177734375), (1, 28650.935546875)]","[(0, 16953.955078125), (1, 18418.375)]","[(0, 19405.021484375), (1, 18407.435546875)]","[(0, 16094.83203125), (1, 14701.474609375)]","[(0, 20750.58203125), (1, 16049.6923828125)]","[(0, 27491.6796875), (1, 26497.125)]","[(0, 18965.341796875), (1, 17489.9296875)]","[(0, 10674.7431640625), (1, 8196.365234375)]","[(0, 20439.611328125), (1, 32747.9609375)]","[(0, 15718.1884765625), (1, 20616.095703125)]","[(0, 9042.5830078125), (1, 9823.67578125)]"
9,"[(0, 25887.666015625), (1, 28188.02734375)]","[(0, 15712.373046875), (1, 15803.3671875)]","[(0, 11091.552734375), (1, 12542.0458984375)]","[(0, 26939.5625), (1, 28220.03515625)]","[(0, 5214.23583984375), (1, 4388.18115234375)]","[(0, 28021.314453125), (1, 28220.3046875)]","[(0, 19814.83203125), (1, 20828.28125)]","[(0, 17805.25), (1, 16580.75)]","[(0, 9298.8291015625), (1, 12562.12109375)]","[(0, 36029.4921875), (1, 18941.62890625)]","[(0, 24842.6328125), (1, 25886.826171875)]"
10,"[(0, 17871.32421875), (1, 19650.658203125)]","[(0, 14831.9638671875), (1, 14128.8212890625)]","[(0, 25156.59765625), (1, 25595.77734375)]","[(0, 15612.9970703125), (1, 14537.2802734375)]","[(0, 4909.765625), (1, 4074.16015625)]","[(0, 21033.16015625), (1, 20810.609375)]","[(0, 26885.251953125), (1, 22605.349609375)]","[(0, 20489.57421875), (1, 10070.2275390625)]","[(0, 32774.89453125), (1, 34746.77734375)]","[(0, 11343.6826171875), (1, 14682.392578125)]","[(0, 20438.130859375), (1, 17291.8046875)]"
11,"[(0, 18361.306640625), (1, 20724.021484375)]","[(0, 8149.388671875), (1, 7902.00390625)]","[(0, 9737.880859375), (1, 10158.4375)]","[(0, 23990.69921875), (1, 23018.796875)]","[(0, 9089.7919921875), (1, 6387.8359375)]","[(0, 30761.484375), (1, 30345.48828125)]","[(0, 21089.158203125), (1, 18946.66796875)]","[(0, 12983.7109375), (1, 12743.345703125)]","[(0, 11147.5859375), (1, 9549.423828125)]","[(0, 21742.419921875), (1, 26787.587890625)]","[(0, 21081.498046875), (1, 17970.5)]"
12,"[(0, 29709.18359375), (1, 32679.916015625)]","[(0, 11470.2197265625), (1, 12919.60546875)]","[(0, 17418.8359375), (1, 19809.91796875)]","[(0, 19487.16015625), (1, 19056.626953125)]","[(0, 8735.19140625), (1, 7454.7734375)]","[(0, 48409.0078125), (1, 48460.1875)]","[(0, 37168.33203125), (1, 36441.47265625)]","[(0, 27843.505859375), (1, 15278.69140625)]","[(0, 7379.24365234375), (1, 9504.033203125)]","[(0, 31350.916015625), (1, 16862.560546875)]","[(0, 18873.68359375), (1, 14745.212890625)]"
13,"[(0, 26876.79296875), (1, 29883.115234375)]","[(0, 13233.984375), (1, 14069.7666015625)]","[(0, 13274.470703125), (1, 13730.125)]","[(0, 22672.0625), (1, 23644.31640625)]","[(0, 8143.2744140625), (1, 6720.5634765625)]","[(0, 30467.392578125), (1, 31491.93359375)]","[(0, 30353.736328125), (1, 31279.328125)]","[(0, 11116.056640625), (1, 15762.892578125)]","[(0, 15845.3349609375), (1, 22813.712890625)]","[(0, 34143.671875), (1, 32523.185546875)]","[(0, 18115.00390625), (1, 19555.166015625)]"
14,"[(0, 26871.435546875), (1, 29284.982421875)]","[(0, 10963.78515625), (1, 11565.1337890625)]","[(0, 14546.697265625), (1, 13486.97265625)]","[(0, 25010.294921875), (1, 26052.712890625)]","[(0, 10289.3525390625), (1, 7239.80859375)]","[(0, 33255.3203125), (1, 31872.662109375)]","[(0, 27395.9140625), (1, 26288.943359375)]","[(0, 18761.970703125), (1, 17867.609375)]","[(0, 18929.654296875), (1, 11235.115234375)]","[(0, 13182.779296875), (1, 24284.83984375)]","[(0, 25818.1640625), (1, 22061.763671875)]"
15,"[(0, 29579.84375), (1, 30383.828125)]","[(0, 9359.123046875), (1, 9272.837890625)]","[(0, 6948.8115234375), (1, 7148.8193359375)]","[(0, 10354.8837890625), (1, 11005.017578125)]","[(0, 4094.711181640625), (1, 3541.819091796875)]","[(0, 25795.71875), (1, 25683.2421875)]","[(0, 27667.083984375), (1, 28351.3515625)]","[(0, 16389.830078125), (1, 16686.287109375)]","[(0, 26400.21875), (1, 27609.703125)]","[(0, 17431.349609375), (1, 16042.8681640625)]","[(0, 11368.634765625), (1, 12760.603515625)]"
16,"[(0, 19040.732421875), (1, 20501.02734375)]","[(0, 8354.7001953125), (1, 7947.94775390625)]","[(0, 16419.9765625), (1, 16885.10546875)]","[(0, 20904.6953125), (1, 21292.033203125)]","[(0, 9155.083984375), (1, 7782.158203125)]","[(0, 24825.484375), (1, 24957.375)]","[(0, 29738.154296875), (1, 32312.708984375)]","[(0, 16055.4638671875), (1, 23545.759765625)]","[(0, 13342.9833984375), (1, 8168.4365234375)]","[(0, 20505.994140625), (1, 20151.2421875)]","[(0, 17822.2890625), (1, 17848.875)]"
17,"[(0, 22108.291015625), (1, 23577.328125)]","[(0, 11430.1982421875), (1, 11644.251953125)]","[(0, 26233.76953125), (1, 26808.98046875)]","[(0, 7262.6015625), (1, 7375.52880859375)]","[(0, 9999.62890625), (1, 8391.0966796875)]","[(0, 23580.521484375), (1, 23974.326171875)]","[(0, 27824.365234375), (1, 28750.18359375)]","[(0, 23977.205078125), (1, 20100.62890625)]","[(0, 14484.4169921875), (1, 24361.8984375)]","[(0, 19744.115234375), (1, 22093.05078125)]","[(0, 19916.587890625), (1, 16523.498046875)]"
18,"[(0, 25582.064453125), (1, 27900.546875)]","[(0, 21503.56640625), (1, 22820.828125)]","[(0, 23451.859375), (1, 16923.24609375)]","[(0, 18276.26171875), (1, 19905.212890625)]","[(0, 23234.62890625), (1, 16958.966796875)]","[(0, 25931.451171875), (1, 25674.205078125)]","[(0, 33244.25390625), (1, 32959.73046875)]","[(0, 32292.068359375), (1, 41737.78125)]","[(0, 11963.97265625), (1, 17910.943359375)]","[(0, 13635.44140625), (1, 19715.17578125)]","[(0, 14382.7080078125), (1, 15371.6435546875)]"
19,"[(0, 21291.810546875), (1, 23114.796875)]","[(0, 19575.50390625), (1, 20024.13671875)]","[(0, 18100.32421875), (1, 16515.1328125)]","[(0, 12618.638671875), (1, 11229.041015625)]","[(0, 5231.6494140625), (1, 4355.79736328125)]","[(0, 33027.3515625), (1, 33704.55859375)]","[(0, 32080.580078125), (1, 34783.41015625)]","[(0, 19643.482421875), (1, 13808.09765625)]","[(0, 9166.9130859375), (1, 5575.39111328125)]","[(0, 9805.9755859375), (1, 6807.18603515625)]","[(0, 23641.54296875), (1, 20860.107421875)]"
20,"[(0, 23344.57421875), (1, 25341.1640625)]","[(0, 20067.16796875), (1, 20021.51953125)]","[(0, 22375.978515625), (1, 22319.798828125)]","[(0, 18536.71875), (1, 16599.86328125)]","[(0, 18818.23828125), (1, 15440.3740234375)]","[(0, 31770.029296875), (1, 31337.25390625)]","[(0, 30076.3046875), (1, 29627.244140625)]","[(0, 17649.763671875), (1, 20130.806640625)]","[(0, 11526.177734375), (1, 13502.8671875)]","[(0, 12105.2998046875), (1, 13487.7060546875)]","[(0, 20877.083984375), (1, 17423.455078125)]"
21,"[(0, 32099.859375), (1, 33874.44140625)]","[(0, 16689.7890625), (1, 16905.939453125)]","[(0, 6846.373046875), (1, 7517.8642578125)]","[(0, 11825.9189453125), (1, 11328.072265625)]","[(0, 7323.6826171875), (1, 6263.36376953125)]","[(0, 25737.455078125), (1, 27299.884765625)]","[(0, 24000.8828125), (1, 24836.970703125)]","[(0, 15862.390625), (1, 14312.884765625)]","[(0, 18668.98046875), (1, 21975.7734375)]","[(0, 5698.78564453125), (1, 5982.00048828125)]","[(0, 22224.068359375), (1, 18363.4765625)]"
22,"[(0, 24813.294921875), (1, 27123.986328125)]","[(0, 8548.3251953125), (1, 8188.7939453125)]","[(0, 8382.650390625), (1, 9745.7587890625)]","[(0, 17985.845703125), (1, 19578.90234375)]","[(0, 19667.5703125), (1, 15250.2021484375)]","[(0, 36999.671875), (1, 36718.4296875)]","[(0, 26475.65625), (1, 33859.421875)]","[(0, 18295.546875), (1, 19614.765625)]","[(0, 18887.56640625), (1, 16341.4150390625)]","[(0, 15919.94921875), (1, 21400.96875)]","[(0, 13032.650390625), (1, 13585.7412109375)]"
23,"[(0, 17316.591796875), (1, 19247.236328125)]","[(0, 16307.2431640625), (1, 17071.943359375)]","[(0, 7387.77099609375), (1, 8602.8984375)]","[(0, 22325.396484375), (1, 20695.28515625)]","[(0, 9730.287109375), (1, 8430.6162109375)]","[(0, 33952.61328125), (1, 34637.12890625)]","[(0, 17581.607421875), (1, 23424.365234375)]","[(0, 11480.0146484375), (1, 19854.421875)]","[(0, 11134.412109375), (1, 10157.1787109375)]","[(0, 18847.4609375), (1, 13122.083984375)]","[(0, 27069.771484375), (1, 21749.84375)]"
24,"[(0, 27625.216796875), (1, 29536.48828125)]","[(0, 15542.80078125), (1, 16301.9873046875)]","[(0, 22534.791015625), (1, 24221.212890625)]","[(0, 10734.791015625), (1, 9344.99609375)]","[(0, 16782.759765625), (1, 13303.0361328125)]","[(0, 24362.736328125), (1, 24885.64453125)]","[(0, 22406.76953125), (1, 23164.44921875)]","[(0, 17878.279296875), (1, 17756.16015625)]","[(0, 23128.09375), (1, 23191.482421875)]","[(0, 9199.5361328125), (1, 14322.359375)]","[(0, 21547.640625), (1, 17468.67578125)]"
25,"[(0, 20033.150390625), (1, 22025.1640625)]","[(0, 14835.1328125), (1, 15226.8916015625)]","[(0, 24381.517578125), (1, 24142.203125)]","[(0, 23020.400390625), (1, 23321.20703125)]","[(0, 13167.01171875), (1, 10702.0087890625)]","[(0, 21363.9765625), (1, 22905.013671875)]","[(0, 33749.8125), (1, 31715.296875)]","[(0, 15896.5390625), (1, 11239.7119140625)]","[(0, 25970.94921875), (1, 21435.671875)]","[(0, 8897.0869140625), (1, 13683.275390625)]","[(0, 16400.3828125), (1, 13821.66796875)]"
26,"[(0, 23342.369140625), (1, 24506.93359375)]","[(0, 13928.306640625), (1, 13591.0419921875)]","[(0, 23365.576171875), (1, 26687.9375)]","[(0, 19276.388671875), (1, 16891.5625)]","[(0, 14731.3974609375), (1, 12436.36328125)]","[(0, 27424.51171875), (1, 26116.51953125)]","[(0, 26329.46484375), (1, 28735.48828125)]","[(0, 20475.529296875), (1, 18550.904296875)]","[(0, 12792.025390625), (1, 14378.40234375)]","[(0, 15869.078125), (1, 17601.806640625)]","[(0, 28039.974609375), (1, 22100.08984375)]"
27,"[(0, 13413.677734375), (1, 15008.30078125)]","[(0, 10992.880859375), (1, 10121.2177734375)]","[(0, 13438.095703125), (1, 14134.25390625)]","[(0, 25388.30859375), (1, 25131.037109375)]","[(0, 6785.92626953125), (1, 5702.87353515625)]","[(0, 20182.1484375), (1, 20038.462890625)]","[(0, 22000.03515625), (1, 25129.0703125)]","[(0, 30411.716796875), (1, 31999.697265625)]","[(0, 16910.341796875), (1, 22589.896484375)]","[(0, 30215.623046875), (1, 40052.1484375)]","[(0, 15545.6181640625), (1, 16103.67578125)]"
28,"[(0, 30136.109375), (1, 32260.94921875)]","[(0, 13807.0302734375), (1, 14064.240234375)]","[(0, 20254.822265625), (1, 18719.396484375)]","[(0, 14581.5185546875), (1, 13925.5703125)]","[(0, 6607.59326171875), (1, 5435.96826171875)]","[(0, 27258.9375), (1, 27696.072265625)]","[(0, 32807.44921875), (1, 37020.109375)]","[(0, 16047.642578125), (1, 11694.041015625)]","[(0, 6789.7587890625), (1, 7838.8056640625)]","[(0, 20324.443359375), (1, 16494.716796875)]","[(0, 28490.095703125), (1, 22355.265625)]"
29,"[(0, 19179.111328125), (1, 21423.71484375)]","[(0, 8152.1171875), (1, 7616.83349609375)]","[(0, 8126.54052734375), (1, 9231.2890625)]","[(0, 12245.447265625), (1, 11555.607421875)]","[(0, 25574.3046875), (1, 24533.404296875)]","[(0, 28881.154296875), (1, 29111.9765625)]","[(0, 28953.435546875), (1, 31538.09765625)]","[(0, 19616.900390625), (1, 17040.078125)]","[(0, 42672.8359375), (1, 29462.556640625)]","[(0, 46242.7578125), (1, 36107.609375)]","[(0, 17175.3125), (1, 17647.609375)]"
30,"[(0, 23221.314453125), (1, 25454.517578125)]","[(0, 7789.44970703125), (1, 7801.84326171875)]","[(0, 23953.4140625), (1, 23524.14453125)]","[(0, 18322.0546875), (1, 17372.103515625)]","[(0, 16572.212890625), (1, 14419.474609375)]","[(0, 22771.240234375), (1, 22819.78515625)]","[(0, 24243.166015625), (1, 23242.474609375)]","[(0, 8725.41796875), (1, 11547.896484375)]","[(0, 14950.046875), (1, 15758.2470703125)]","[(0, 20628.486328125), (1, 10545.076171875)]","[(0, 27446.09765625), (1, 28992.94921875)]"
31,"[(0, 38311.8828125), (1, 39270.12890625)]","[(0, 16509.66796875), (1, 18208.30859375)]","[(0, 16322.8642578125), (1, 14759.6630859375)]","[(0, 22058.01953125), (1, 21304.220703125)]","[(0, 9712.71875), (1, 8384.056640625)]","[(0, 34583.0), (1, 34849.75)]","[(0, 18210.7578125), (1, 19697.359375)]","[(0, 12019.1630859375), (1, 16392.845703125)]","[(0, 11791.716796875), (1, 10413.04296875)]","[(0, 20375.46484375), (1, 39205.953125)]","[(0, 12095.294921875), (1, 13686.0419921875)]"
32,"[(0, 22809.296875), (1, 24638.705078125)]","[(0, 20532.216796875), (1, 22304.435546875)]","[(0, 8029.037109375), (1, 9353.5283203125)]","[(0, 26165.857421875), (1, 23512.0546875)]","[(0, 10426.6474609375), (1, 9640.3505859375)]","[(0, 37515.765625), (1, 36759.0)]","[(0, 27998.662109375), (1, 26830.1328125)]","[(0, 6740.3388671875), (1, 6583.95458984375)]","[(0, 17007.16796875), (1, 10545.931640625)]","[(0, 20218.15234375), (1, 18546.28515625)]","[(0, 27270.296875), (1, 22663.802734375)]"
33,"[(0, 19426.41015625), (1, 22306.455078125)]","[(0, 15134.6845703125), (1, 16016.87890625)]","[(0, 22774.607421875), (1, 26772.46875)]","[(0, 18504.30859375), (1, 19981.537109375)]","[(0, 26757.486328125), (1, 25583.576171875)]","[(0, 28071.89453125), (1, 28597.349609375)]","[(0, 21373.146484375), (1, 21131.234375)]","[(0, 24045.810546875), (1, 17242.962890625)]","[(0, 11127.267578125), (1, 8296.8486328125)]","[(0, 28693.015625), (1, 35498.5546875)]","[(0, 11986.5732421875), (1, 12454.130859375)]"
34,"[(0, 14957.8046875), (1, 16660.478515625)]","[(0, 13539.294921875), (1, 13582.15234375)]","[(0, 15872.166015625), (1, 15508.2587890625)]","[(0, 25115.03125), (1, 22763.8359375)]","[(0, 13374.4638671875), (1, 10486.5703125)]","[(0, 49073.5703125), (1, 47297.67578125)]","[(0, 25962.083984375), (1, 24138.12890625)]","[(0, 29371.09765625), (1, 30043.822265625)]","[(0, 14662.0888671875), (1, 13015.4345703125)]","[(0, 12387.3232421875), (1, 14045.7822265625)]","[(0, 22380.2890625), (1, 22622.603515625)]"
35,"[(0, 22861.62890625), (1, 24615.689453125)]","[(0, 17665.962890625), (1, 17969.900390625)]","[(0, 23111.072265625), (1, 24590.443359375)]","[(0, 22948.416015625), (1, 24825.177734375)]","[(0, 7172.119140625), (1, 5598.75)]","[(0, 36588.11328125), (1, 36547.87109375)]","[(0, 33231.578125), (1, 34084.234375)]","[(0, 26841.189453125), (1, 44875.703125)]","[(0, 25179.111328125), (1, 14428.6767578125)]","[(0, 22643.625), (1, 15583.900390625)]","[(0, 15861.1650390625), (1, 15857.474609375)]"
36,"[(0, 24956.970703125), (1, 26229.666015625)]","[(0, 19604.57421875), (1, 19972.888671875)]","[(0, 11340.373046875), (1, 14050.98046875)]","[(0, 13304.9521484375), (1, 12779.7353515625)]","[(0, 11365.697265625), (1, 9154.009765625)]","[(0, 26992.873046875), (1, 27342.068359375)]","[(0, 36496.1796875), (1, 41789.1640625)]","[(0, 19209.552734375), (1, 18456.529296875)]","[(0, 22068.4140625), (1, 18093.30078125)]","[(0, 9461.6015625), (1, 9881.3017578125)]","[(0, 17081.111328125), (1, 15039.3642578125)]"
37,"[(0, 27115.529296875), (1, 29278.28125)]","[(0, 17777.662109375), (1, 18400.220703125)]","[(0, 20258.724609375), (1, 21207.306640625)]","[(0, 11793.111328125), (1, 11008.41796875)]","[(0, 8901.423828125), (1, 7525.1953125)]","[(0, 23596.359375), (1, 23760.296875)]","[(0, 34999.36328125), (1, 40052.953125)]","[(0, 10757.51171875), (1, 14556.1201171875)]","[(0, 17243.998046875), (1, 19123.33203125)]","[(0, 17499.806640625), (1, 21882.26953125)]","[(0, 15523.0703125), (1, 15707.3095703125)]"
38,"[(0, 15810.6484375), (1, 17716.83203125)]","[(0, 15030.861328125), (1, 15403.4287109375)]","[(0, 14403.1748046875), (1, 16296.3916015625)]","[(0, 16317.4951171875), (1, 15574.6884765625)]","[(0, 12703.1591796875), (1, 8908.1318359375)]","[(0, 16062.5390625), (1, 15481.9853515625)]","[(0, 17964.3671875), (1, 18672.11328125)]","[(0, 17985.69140625), (1, 21509.14453125)]","[(0, 18234.84375), (1, 15629.9501953125)]","[(0, 14147.0107421875), (1, 17713.28515625)]","[(0, 33827.53515625), (1, 25738.1171875)]"
39,"[(0, 19103.755859375), (1, 21186.8671875)]","[(0, 10190.09765625), (1, 10293.1806640625)]","[(0, 24746.51171875), (1, 26290.423828125)]","[(0, 26683.33203125), (1, 29565.658203125)]","[(0, 8321.1044921875), (1, 5470.59375)]","[(0, 11338.0263671875), (1, 11207.47265625)]","[(0, 15332.0556640625), (1, 14361.4501953125)]","[(0, 13905.080078125), (1, 11046.42578125)]","[(0, 20297.44140625), (1, 22840.73046875)]","[(0, 24133.6640625), (1, 24783.046875)]","[(0, 22415.705078125), (1, 18151.181640625)]"
40,"[(0, 23293.580078125), (1, 26263.859375)]","[(0, 10655.4072265625), (1, 10442.259765625)]","[(0, 13001.7021484375), (1, 12738.486328125)]","[(0, 9760.744140625), (1, 11949.5712890625)]","[(0, 4239.35009765625), (1, 3707.549072265625)]","[(0, 26680.3046875), (1, 26977.0703125)]","[(0, 26802.001953125), (1, 26384.990234375)]","[(0, 10965.17578125), (1, 22908.509765625)]","[(0, 8516.646484375), (1, 15424.65625)]","[(0, 18961.36328125), (1, 17808.03515625)]","[(0, 25172.556640625), (1, 21320.68359375)]"
41,"[(0, 15678.76953125), (1, 17317.650390625)]","[(0, 12826.7685546875), (1, 12842.8271484375)]","[(0, 24338.69921875), (1, 22888.853515625)]","[(0, 16615.859375), (1, 15649.8623046875)]","[(0, 4691.62451171875), (1, 4098.8525390625)]","[(0, 34557.3828125), (1, 34320.15625)]","[(0, 22100.025390625), (1, 21859.912109375)]","[(0, 17728.240234375), (1, 16279.1650390625)]","[(0, 38606.40234375), (1, 31972.51953125)]","[(0, 20027.630859375), (1, 13042.5107421875)]","[(0, 12429.7587890625), (1, 12719.6455078125)]"
42,"[(0, 18940.3828125), (1, 21042.1875)]","[(0, 19900.486328125), (1, 22415.66015625)]","[(0, 14421.9912109375), (1, 12462.8515625)]","[(0, 18677.40234375), (1, 22278.51953125)]","[(0, 20606.033203125), (1, 16775.095703125)]","[(0, 22963.43359375), (1, 22259.533203125)]","[(0, 22151.279296875), (1, 23968.609375)]","[(0, 12599.1103515625), (1, 12261.03515625)]","[(0, 15380.587890625), (1, 22633.630859375)]","[(0, 18780.658203125), (1, 18980.759765625)]","[(0, 20694.671875), (1, 16767.720703125)]"
43,"[(0, 18388.748046875), (1, 20062.09765625)]","[(0, 19410.9453125), (1, 21664.05859375)]","[(0, 22537.369140625), (1, 23154.267578125)]","[(0, 25242.19921875), (1, 23426.0625)]","[(0, 13655.6123046875), (1, 10221.5947265625)]","[(0, 16090.9658203125), (1, 16098.2255859375)]","[(0, 17572.806640625), (1, 20162.814453125)]","[(0, 21358.2109375), (1, 14215.2265625)]","[(0, 7981.06396484375), (1, 7350.29931640625)]","[(0, 9109.6298828125), (1, 15227.5751953125)]","[(0, 25948.197265625), (1, 25034.466796875)]"
44,"[(0, 14273.490234375), (1, 16073.1123046875)]","[(0, 18152.7734375), (1, 19830.8828125)]","[(0, 11266.8642578125), (1, 11263.46875)]","[(0, 9701.3037109375), (1, 11058.4833984375)]","[(0, 18776.951171875), (1, 16771.9609375)]","[(0, 30147.724609375), (1, 29809.310546875)]","[(0, 38668.37890625), (1, 37451.6328125)]","[(0, 16199.2216796875), (1, 13460.9140625)]","[(0, 15640.10546875), (1, 11333.291015625)]","[(0, 19140.173828125), (1, 19742.212890625)]","[(0, 13519.244140625), (1, 14889.6181640625)]"
45,"[(0, 27816.03515625), (1, 29644.232421875)]","[(0, 13630.48828125), (1, 14084.345703125)]","[(0, 19885.61328125), (1, 22790.533203125)]","[(0, 20951.919921875), (1, 21489.6875)]","[(0, 24134.767578125), (1, 21918.591796875)]","[(0, 25981.033203125), (1, 25503.45703125)]","[(0, 31258.3359375), (1, 32293.392578125)]","[(0, 15917.27734375), (1, 26390.626953125)]","[(0, 5990.998046875), (1, 7902.95361328125)]","[(0, 8443.3935546875), (1, 5438.7626953125)]","[(0, 26497.404296875), (1, 23079.5546875)]"
46,"[(0, 20891.00390625), (1, 22825.224609375)]","[(0, 9045.8876953125), (1, 8341.1103515625)]","[(0, 15850.0966796875), (1, 18565.0625)]","[(0, 8653.65234375), (1, 9098.9072265625)]","[(0, 22428.236328125), (1, 20297.228515625)]","[(0, 23363.50390625), (1, 22949.37890625)]","[(0, 23974.826171875), (1, 23938.341796875)]","[(0, 14493.96484375), (1, 15777.013671875)]","[(0, 28926.416015625), (1, 23521.00390625)]","[(0, 33238.9296875), (1, 23067.669921875)]","[(0, 17695.38671875), (1, 18590.078125)]"
47,"[(0, 18176.6796875), (1, 19422.22265625)]","[(0, 13857.35546875), (1, 13482.8056640625)]","[(0, 27566.134765625), (1, 27077.5703125)]","[(0, 19146.564453125), (1, 17727.869140625)]","[(0, 22366.93359375), (1, 17912.240234375)]","[(0, 28336.40234375), (1, 29050.2109375)]","[(0, 23022.595703125), (1, 22800.314453125)]","[(0, 7051.28271484375), (1, 6958.97119140625)]","[(0, 11623.892578125), (1, 15306.6787109375)]","[(0, 9947.9521484375), (1, 10299.9072265625)]","[(0, 19483.666015625), (1, 19675.5234375)]"
48,"[(0, 16802.505859375), (1, 18474.84375)]","[(0, 11632.44140625), (1, 11467.912109375)]","[(0, 11790.75), (1, 13279.6875)]","[(0, 10604.345703125), (1, 9334.3251953125)]","[(0, 14260.876953125), (1, 10529.0986328125)]","[(0, 27256.46484375), (1, 26672.11328125)]","[(0, 20435.05078125), (1, 19637.1328125)]","[(0, 13087.8896484375), (1, 9401.5087890625)]","[(0, 5703.2705078125), (1, 7249.0458984375)]","[(0, 15952.5791015625), (1, 13349.474609375)]","[(0, 14805.4384765625), (1, 16219.5966796875)]"
49,"[(0, 22012.1875), (1, 23764.060546875)]","[(0, 25077.455078125), (1, 24871.861328125)]","[(0, 20039.017578125), (1, 20456.185546875)]","[(0, 12879.5263671875), (1, 14500.8232421875)]","[(0, 12723.6494140625), (1, 11050.3564453125)]","[(0, 36371.3046875), (1, 36507.390625)]","[(0, 24945.90625), (1, 25739.541015625)]","[(0, 32934.62890625), (1, 26544.5234375)]","[(0, 18766.623046875), (1, 10894.6611328125)]","[(0, 17676.732421875), (1, 28161.72265625)]","[(0, 18975.056640625), (1, 18892.3046875)]"
50,"[(0, 30374.12109375), (1, 33086.11328125)]","[(0, 25006.71484375), (1, 24509.107421875)]","[(0, 11138.1923828125), (1, 10975.87890625)]","[(0, 16370.083984375), (1, 14920.3916015625)]","[(0, 12632.400390625), (1, 11116.7451171875)]","[(0, 26190.947265625), (1, 25683.68359375)]","[(0, 28517.76953125), (1, 28478.14453125)]","[(0, 26458.115234375), (1, 27159.267578125)]","[(0, 16789.001953125), (1, 20045.01953125)]","[(0, 14426.77734375), (1, 8801.083984375)]","[(0, 12339.3359375), (1, 12653.33203125)]"
51,"[(0, 22563.91015625), (1, 24650.29296875)]","[(0, 23024.90234375), (1, 22676.083984375)]","[(0, 22365.01171875), (1, 21511.033203125)]","[(0, 13816.1982421875), (1, 11416.72265625)]","[(0, 23173.751953125), (1, 19674.642578125)]","[(0, 28255.69140625), (1, 29734.126953125)]","[(0, 30459.6953125), (1, 29571.634765625)]","[(0, 13393.41796875), (1, 24874.185546875)]","[(0, 9375.3994140625), (1, 9349.630859375)]","[(0, 16885.94140625), (1, 22406.384765625)]","[(0, 24096.017578125), (1, 25305.37109375)]"
52,"[(0, 15299.9208984375), (1, 17393.8359375)]","[(0, 15813.2119140625), (1, 16920.6171875)]","[(0, 20927.017578125), (1, 22289.59375)]","[(0, 20967.951171875), (1, 21262.79296875)]","[(0, 15638.26953125), (1, 11977.3515625)]","[(0, 22180.259765625), (1, 21111.755859375)]","[(0, 18122.50390625), (1, 18073.623046875)]","[(0, 18186.875), (1, 34604.7734375)]","[(0, 14813.7138671875), (1, 10315.142578125)]","[(0, 16916.453125), (1, 23076.2734375)]","[(0, 15318.958984375), (1, 16278.3271484375)]"
53,"[(0, 28046.578125), (1, 30706.587890625)]","[(0, 15603.6630859375), (1, 16641.708984375)]","[(0, 21393.744140625), (1, 23161.775390625)]","[(0, 20131.9765625), (1, 17981.353515625)]","[(0, 16037.9716796875), (1, 14194.7705078125)]","[(0, 29763.60546875), (1, 30201.99609375)]","[(0, 28723.078125), (1, 26865.748046875)]","[(0, 12999.0869140625), (1, 13936.6767578125)]","[(0, 8582.2080078125), (1, 8019.51025390625)]","[(0, 10861.619140625), (1, 7523.47314453125)]","[(0, 8095.1904296875), (1, 8842.873046875)]"
54,"[(0, 21836.095703125), (1, 24674.376953125)]","[(0, 16361.5009765625), (1, 16524.505859375)]","[(0, 15377.009765625), (1, 13292.966796875)]","[(0, 15255.73046875), (1, 14834.7939453125)]","[(0, 17276.755859375), (1, 16186.8515625)]","[(0, 31927.1484375), (1, 32731.287109375)]","[(0, 32669.2890625), (1, 37758.51171875)]","[(0, 26300.302734375), (1, 16117.427734375)]","[(0, 17222.3046875), (1, 17075.328125)]","[(0, 11254.3212890625), (1, 6255.2578125)]","[(0, 18695.09765625), (1, 19450.08203125)]"
55,"[(0, 17553.39453125), (1, 19119.357421875)]","[(0, 15391.78515625), (1, 16691.4921875)]","[(0, 24871.95703125), (1, 25117.76171875)]","[(0, 18954.873046875), (1, 17740.552734375)]","[(0, 25515.86328125), (1, 21018.6015625)]","[(0, 27320.642578125), (1, 28050.111328125)]","[(0, 43386.5625), (1, 47222.8125)]","[(0, 21233.30859375), (1, 13852.5458984375)]","[(0, 12149.515625), (1, 10313.2939453125)]","[(0, 10279.9853515625), (1, 9459.3369140625)]","[(0, 19427.447265625), (1, 21141.595703125)]"
56,"[(0, 18859.7578125), (1, 20312.3515625)]","[(0, 16728.015625), (1, 17724.048828125)]","[(0, 16487.529296875), (1, 13773.927734375)]","[(0, 10823.7841796875), (1, 10672.5537109375)]","[(0, 15407.2197265625), (1, 11772.705078125)]","[(0, 23842.513671875), (1, 23820.330078125)]","[(0, 40284.17578125), (1, 38912.4609375)]","[(0, 13027.2705078125), (1, 6177.59033203125)]","[(0, 22366.314453125), (1, 22087.994140625)]","[(0, 17349.07421875), (1, 15433.337890625)]","[(0, 18929.78125), (1, 16250.7939453125)]"
57,"[(0, 22081.234375), (1, 24039.8515625)]","[(0, 14051.9716796875), (1, 14665.7529296875)]","[(0, 28911.166015625), (1, 27320.3046875)]","[(0, 16585.462890625), (1, 17559.404296875)]","[(0, 8878.4736328125), (1, 7231.990234375)]","[(0, 16759.45703125), (1, 16534.548828125)]","[(0, 15301.423828125), (1, 16722.943359375)]","[(0, 10383.224609375), (1, 12307.5341796875)]","[(0, 15656.22265625), (1, 20692.365234375)]","[(0, 27005.541015625), (1, 19894.662109375)]","[(0, 18999.6484375), (1, 19675.63671875)]"
58,"[(0, 31071.44921875), (1, 33097.19140625)]","[(0, 14802.2890625), (1, 14344.75)]","[(0, 19169.40234375), (1, 19981.1953125)]","[(0, 21594.1328125), (1, 21530.919921875)]","[(0, 9945.978515625), (1, 8136.9091796875)]","[(0, 27796.013671875), (1, 28078.267578125)]","[(0, 35662.55078125), (1, 34339.63671875)]","[(0, 14254.119140625), (1, 6556.88525390625)]","[(0, 13471.431640625), (1, 14182.7138671875)]","[(0, 16030.5712890625), (1, 14828.1455078125)]","[(0, 19939.943359375), (1, 20767.4296875)]"
59,"[(0, 19842.85546875), (1, 21152.970703125)]","[(0, 17347.583984375), (1, 20218.0)]","[(0, 21697.34765625), (1, 20158.73828125)]","[(0, 19959.046875), (1, 20179.244140625)]","[(0, 16962.203125), (1, 11922.4326171875)]","[(0, 31054.712890625), (1, 30580.689453125)]","[(0, 28432.255859375), (1, 27836.228515625)]","[(0, 28038.234375), (1, 19238.2265625)]","[(0, 12171.236328125), (1, 7520.49609375)]","[(0, 20362.3515625), (1, 11346.095703125)]","[(0, 18427.5625), (1, 19476.84765625)]"
60,"[(0, 14580.669921875), (1, 15947.361328125)]","[(0, 17048.26953125), (1, 19466.115234375)]","[(0, 20016.078125), (1, 20859.767578125)]","[(0, 9771.966796875), (1, 9451.8974609375)]","[(0, 10532.1923828125), (1, 6838.46435546875)]","[(0, 31274.23046875), (1, 30549.76171875)]","[(0, 31367.72265625), (1, 31539.6328125)]","[(0, 15147.580078125), (1, 19382.513671875)]","[(0, 19048.833984375), (1, 23054.76171875)]","[(0, 13595.56640625), (1, 11767.16015625)]","[(0, 36394.79296875), (1, 27587.015625)]"
61,"[(0, 24622.732421875), (1, 26085.75390625)]","[(0, 18038.375), (1, 19234.72265625)]","[(0, 28487.515625), (1, 29256.732421875)]","[(0, 22352.560546875), (1, 24487.80078125)]","[(0, 7727.0634765625), (1, 6303.8671875)]","[(0, 22786.099609375), (1, 23305.0234375)]","[(0, 24947.404296875), (1, 23945.6484375)]","[(0, 16255.87890625), (1, 25260.548828125)]","[(0, 17967.107421875), (1, 15150.498046875)]","[(0, 26645.138671875), (1, 36805.3046875)]","[(0, 10102.02734375), (1, 11230.6904296875)]"
62,"[(0, 21131.052734375), (1, 22571.076171875)]","[(0, 14821.54296875), (1, 14742.05078125)]","[(0, 18398.9921875), (1, 17047.86328125)]","[(0, 20615.408203125), (1, 21835.1796875)]","[(0, 8908.4130859375), (1, 7101.71533203125)]","[(0, 31470.13671875), (1, 30615.912109375)]","[(0, 26479.29296875), (1, 25232.861328125)]","[(0, 5719.22412109375), (1, 6617.88525390625)]","[(0, 10919.802734375), (1, 10032.4501953125)]","[(0, 17507.669921875), (1, 12472.86328125)]","[(0, 19333.68359375), (1, 16642.13671875)]"
63,"[(0, 22217.45703125), (1, 23322.408203125)]","[(0, 10304.4755859375), (1, 9681.3212890625)]","[(0, 15427.61328125), (1, 14728.1240234375)]","[(0, 13048.85546875), (1, 12833.509765625)]","[(0, 29866.220703125), (1, 25723.515625)]","[(0, 17243.32421875), (1, 17307.015625)]","[(0, 28838.98828125), (1, 29874.654296875)]","[(0, 34821.4140625), (1, 21404.130859375)]","[(0, 8347.9384765625), (1, 7107.71142578125)]","[(0, 27696.333984375), (1, 30340.509765625)]","[(0, 20398.03515625), (1, 16373.72265625)]"
64,"[(0, 26108.7265625), (1, 27377.345703125)]","[(0, 13193.142578125), (1, 14028.2724609375)]","[(0, 20332.294921875), (1, 19978.146484375)]","[(0, 23214.2734375), (1, 25032.69921875)]","[(0, 21277.681640625), (1, 17343.234375)]","[(0, 13006.0927734375), (1, 12563.5947265625)]","[(0, 35674.38671875), (1, 31780.60546875)]","[(0, 9487.9580078125), (1, 12449.76171875)]","[(0, 23203.9375), (1, 17048.546875)]","[(0, 15533.7626953125), (1, 12929.072265625)]","[(0, 28857.203125), (1, 22539.669921875)]"
65,"[(0, 18829.1171875), (1, 20681.61328125)]","[(0, 15233.4423828125), (1, 16160.583984375)]","[(0, 20296.99609375), (1, 18106.125)]","[(0, 19865.5390625), (1, 18883.40625)]","[(0, 11573.5078125), (1, 10096.9033203125)]","[(0, 18084.96875), (1, 18059.83984375)]","[(0, 29948.25), (1, 26309.234375)]","[(0, 11974.736328125), (1, 10723.1572265625)]","[(0, 29436.126953125), (1, 17432.830078125)]","[(0, 11400.84765625), (1, 7352.02392578125)]","[(0, 16304.7392578125), (1, 13749.46484375)]"
66,"[(0, 25208.927734375), (1, 26548.37109375)]","[(0, 12425.77734375), (1, 13091.7841796875)]","[(0, 17905.033203125), (1, 19571.509765625)]","[(0, 23005.3671875), (1, 21610.798828125)]","[(0, 11188.65625), (1, 9085.5283203125)]","[(0, 27514.9453125), (1, 27016.6171875)]","[(0, 20020.966796875), (1, 20182.072265625)]","[(0, 20461.767578125), (1, 26949.146484375)]","[(0, 14114.5595703125), (1, 13836.9130859375)]","[(0, 12880.15234375), (1, 10898.880859375)]","[(0, 25093.9140625), (1, 20220.0625)]"
67,"[(0, 20332.451171875), (1, 22554.744140625)]","[(0, 11689.8369140625), (1, 11801.0771484375)]","[(0, 23989.443359375), (1, 26298.0703125)]","[(0, 18320.8828125), (1, 18259.501953125)]","[(0, 15590.12890625), (1, 10887.0478515625)]","[(0, 23700.4609375), (1, 24285.2109375)]","[(0, 20634.388671875), (1, 20213.142578125)]","[(0, 18049.818359375), (1, 14194.2158203125)]","[(0, 26636.09375), (1, 22784.099609375)]","[(0, 16357.1796875), (1, 9806.724609375)]","[(0, 18431.74609375), (1, 18457.904296875)]"
68,"[(0, 19712.826171875), (1, 21853.470703125)]","[(0, 9632.4384765625), (1, 9325.54296875)]","[(0, 12135.5732421875), (1, 12855.0068359375)]","[(0, 13865.935546875), (1, 12968.142578125)]","[(0, 24445.451171875), (1, 22103.103515625)]","[(0, 32381.841796875), (1, 31435.8828125)]","[(0, 24778.81640625), (1, 23110.5)]","[(0, 10892.9365234375), (1, 16910.56640625)]","[(0, 9155.22265625), (1, 12842.533203125)]","[(0, 15160.4853515625), (1, 21792.408203125)]","[(0, 28120.09765625), (1, 22961.177734375)]"
69,"[(0, 21754.884765625), (1, 23944.939453125)]","[(0, 13347.361328125), (1, 14157.0107421875)]","[(0, 16028.048828125), (1, 14518.6181640625)]","[(0, 17012.5859375), (1, 15468.34765625)]","[(0, 19024.361328125), (1, 16008.388671875)]","[(0, 31759.609375), (1, 32272.056640625)]","[(0, 32467.55859375), (1, 29032.818359375)]","[(0, 14527.21875), (1, 17430.849609375)]","[(0, 24740.58984375), (1, 19368.58203125)]","[(0, 27483.107421875), (1, 30333.970703125)]","[(0, 16535.58984375), (1, 14071.3232421875)]"
70,"[(0, 25239.71875), (1, 27214.1796875)]","[(0, 13059.2255859375), (1, 13883.3623046875)]","[(0, 26944.958984375), (1, 23652.095703125)]","[(0, 20739.146484375), (1, 21730.58203125)]","[(0, 13058.578125), (1, 11412.5205078125)]","[(0, 29605.185546875), (1, 28734.064453125)]","[(0, 28632.36328125), (1, 27618.314453125)]","[(0, 7973.494140625), (1, 7076.11962890625)]","[(0, 21644.873046875), (1, 21482.556640625)]","[(0, 11316.0), (1, 8399.470703125)]","[(0, 18094.54296875), (1, 18288.849609375)]"
71,"[(0, 28425.37109375), (1, 29859.615234375)]","[(0, 14495.6513671875), (1, 14549.3759765625)]","[(0, 13705.6728515625), (1, 13977.5126953125)]","[(0, 14965.3525390625), (1, 13500.279296875)]","[(0, 11705.421875), (1, 10167.76171875)]","[(0, 21087.87109375), (1, 20831.59765625)]","[(0, 21989.419921875), (1, 22322.587890625)]","[(0, 26445.451171875), (1, 29908.9765625)]","[(0, 9429.8740234375), (1, 13917.6298828125)]","[(0, 19011.62890625), (1, 20762.794921875)]","[(0, 22238.5078125), (1, 18708.95703125)]"
72,"[(0, 17426.62890625), (1, 19627.3984375)]","[(0, 9021.5576171875), (1, 8891.0810546875)]","[(0, 18694.724609375), (1, 18242.72265625)]","[(0, 25352.015625), (1, 28769.9296875)]","[(0, 19766.26953125), (1, 16011.5185546875)]","[(0, 26891.84375), (1, 26921.736328125)]","[(0, 36709.640625), (1, 34959.3671875)]","[(0, 17654.392578125), (1, 19722.416015625)]","[(0, 20151.76171875), (1, 18653.265625)]","[(0, 15106.5078125), (1, 25507.54296875)]","[(0, 12228.29296875), (1, 12981.01171875)]"
73,"[(0, 20112.69140625), (1, 22307.986328125)]","[(0, 21415.646484375), (1, 22144.96484375)]","[(0, 10609.7265625), (1, 9087.7724609375)]","[(0, 19208.966796875), (1, 18758.552734375)]","[(0, 20997.986328125), (1, 19175.673828125)]","[(0, 26156.001953125), (1, 27188.681640625)]","[(0, 32865.8828125), (1, 29803.3125)]","[(0, 16514.060546875), (1, 14182.80859375)]","[(0, 8470.427734375), (1, 11490.2451171875)]","[(0, 16043.25), (1, 11201.0078125)]","[(0, 35066.91796875), (1, 27641.37109375)]"
74,"[(0, 17917.70703125), (1, 19056.41015625)]","[(0, 21642.93359375), (1, 21923.3359375)]","[(0, 22561.154296875), (1, 20908.724609375)]","[(0, 13772.3515625), (1, 14425.0712890625)]","[(0, 23610.5625), (1, 21442.9921875)]","[(0, 23631.1953125), (1, 23221.826171875)]","[(0, 36078.2109375), (1, 42415.359375)]","[(0, 19110.91796875), (1, 13683.98046875)]","[(0, 24322.2265625), (1, 32348.474609375)]","[(0, 22699.19140625), (1, 31843.73828125)]","[(0, 17294.658203125), (1, 17543.5859375)]"
75,"[(0, 16363.8720703125), (1, 17444.73828125)]","[(0, 19677.626953125), (1, 19448.30078125)]","[(0, 9878.4189453125), (1, 10279.7607421875)]","[(0, 23915.705078125), (1, 24957.517578125)]","[(0, 16356.1181640625), (1, 12548.3515625)]","[(0, 25394.9921875), (1, 25786.296875)]","[(0, 26658.431640625), (1, 27649.6484375)]","[(0, 23332.353515625), (1, 18051.798828125)]","[(0, 13052.091796875), (1, 9256.544921875)]","[(0, 5954.47509765625), (1, 5427.44677734375)]","[(0, 11585.0908203125), (1, 12160.9921875)]"
76,"[(0, 16134.6982421875), (1, 18009.275390625)]","[(0, 16836.013671875), (1, 17012.392578125)]","[(0, 11688.265625), (1, 13263.474609375)]","[(0, 13435.83984375), (1, 13825.556640625)]","[(0, 6042.35791015625), (1, 4960.685546875)]","[(0, 42547.515625), (1, 42885.14453125)]","[(0, 22781.361328125), (1, 22116.072265625)]","[(0, 20765.685546875), (1, 29468.484375)]","[(0, 15919.2041015625), (1, 21135.3671875)]","[(0, 14426.021484375), (1, 12992.1201171875)]","[(0, 24578.3671875), (1, 19289.61328125)]"
77,"[(0, 19407.669921875), (1, 21250.79296875)]","[(0, 9322.0751953125), (1, 9278.0478515625)]","[(0, 13821.1396484375), (1, 13708.5625)]","[(0, 15905.3037109375), (1, 14636.0625)]","[(0, 20740.55078125), (1, 18303.26171875)]","[(0, 26785.291015625), (1, 26797.24609375)]","[(0, 31776.240234375), (1, 32745.806640625)]","[(0, 12049.0830078125), (1, 9531.4716796875)]","[(0, 13003.00390625), (1, 11181.701171875)]","[(0, 17972.505859375), (1, 24954.138671875)]","[(0, 21372.576171875), (1, 18066.626953125)]"
78,"[(0, 18713.66796875), (1, 20276.873046875)]","[(0, 18458.1328125), (1, 21407.130859375)]","[(0, 21214.52734375), (1, 23546.275390625)]","[(0, 14408.203125), (1, 14395.1962890625)]","[(0, 13311.2353515625), (1, 10495.5244140625)]","[(0, 29374.48828125), (1, 29192.517578125)]","[(0, 29289.337890625), (1, 29350.154296875)]","[(0, 27633.251953125), (1, 14620.7861328125)]","[(0, 28328.296875), (1, 29556.5234375)]","[(0, 16278.2021484375), (1, 22083.634765625)]","[(0, 23203.9375), (1, 25172.29296875)]"
79,"[(0, 17290.537109375), (1, 19332.650390625)]","[(0, 17922.458984375), (1, 20201.0390625)]","[(0, 12613.2958984375), (1, 12165.6552734375)]","[(0, 16115.6279296875), (1, 13948.8037109375)]","[(0, 5986.3779296875), (1, 5270.90673828125)]","[(0, 23696.169921875), (1, 23311.556640625)]","[(0, 26993.59375), (1, 25987.3515625)]","[(0, 7535.97509765625), (1, 7449.4921875)]","[(0, 21180.302734375), (1, 23025.294921875)]","[(0, 21023.89453125), (1, 19458.46875)]","[(0, 14532.7197265625), (1, 15395.7919921875)]"
80,"[(0, 28671.599609375), (1, 29519.423828125)]","[(0, 18878.705078125), (1, 19808.408203125)]","[(0, 18012.142578125), (1, 18991.568359375)]","[(0, 26676.462890625), (1, 24002.990234375)]","[(0, 27633.83203125), (1, 22727.9140625)]","[(0, 16755.109375), (1, 17376.759765625)]","[(0, 33226.6328125), (1, 33185.3359375)]","[(0, 15272.091796875), (1, 19397.76953125)]","[(0, 18715.755859375), (1, 17984.1484375)]","[(0, 19848.4765625), (1, 16965.50390625)]","[(0, 22769.177734375), (1, 22868.2578125)]"
81,"[(0, 21975.751953125), (1, 23240.6796875)]","[(0, 15590.7822265625), (1, 15368.19921875)]","[(0, 24124.689453125), (1, 23313.203125)]","[(0, 16356.7265625), (1, 12983.7607421875)]","[(0, 19142.3828125), (1, 14346.9267578125)]","[(0, 23409.42578125), (1, 23710.0703125)]","[(0, 28409.408203125), (1, 30298.84375)]","[(0, 11488.623046875), (1, 8709.7626953125)]","[(0, 7724.65380859375), (1, 15151.8125)]","[(0, 14501.0712890625), (1, 15531.095703125)]","[(0, 16275.765625), (1, 13369.2978515625)]"
82,"[(0, 26109.896484375), (1, 27316.96875)]","[(0, 8311.6181640625), (1, 7626.6318359375)]","[(0, 15371.02734375), (1, 15296.0107421875)]","[(0, 19104.66796875), (1, 21580.6484375)]","[(0, 17759.51171875), (1, 16141.77734375)]","[(0, 24723.134765625), (1, 24334.615234375)]","[(0, 26981.419921875), (1, 28185.552734375)]","[(0, 19683.857421875), (1, 24047.462890625)]","[(0, 20746.12890625), (1, 14934.841796875)]","[(0, 21672.861328125), (1, 27805.796875)]","[(0, 24392.8671875), (1, 24941.505859375)]"
83,"[(0, 32570.26953125), (1, 32955.61328125)]","[(0, 14677.1982421875), (1, 16270.55078125)]","[(0, 16469.865234375), (1, 16139.361328125)]","[(0, 12251.673828125), (1, 12086.7041015625)]","[(0, 13662.9716796875), (1, 10468.0048828125)]","[(0, 24110.7265625), (1, 24201.583984375)]","[(0, 37831.82421875), (1, 36560.90625)]","[(0, 14854.9814453125), (1, 18641.33203125)]","[(0, 22526.00390625), (1, 23232.302734375)]","[(0, 12593.6689453125), (1, 7712.54541015625)]","[(0, 13605.021484375), (1, 14308.994140625)]"
84,"[(0, 32739.466796875), (1, 33919.44140625)]","[(0, 17654.19140625), (1, 19372.0546875)]","[(0, 22093.072265625), (1, 22600.08984375)]","[(0, 18683.798828125), (1, 18173.8203125)]","[(0, 10357.5400390625), (1, 7259.90087890625)]","[(0, 26604.333984375), (1, 25183.505859375)]","[(0, 32308.333984375), (1, 32983.62890625)]","[(0, 21631.873046875), (1, 28921.919921875)]","[(0, 16407.830078125), (1, 14641.7158203125)]","[(0, 19002.494140625), (1, 17952.908203125)]","[(0, 25621.740234375), (1, 26095.880859375)]"
85,"[(0, 15380.5302734375), (1, 17626.515625)]","[(0, 14784.6826171875), (1, 15600.7919921875)]","[(0, 21297.05078125), (1, 19177.044921875)]","[(0, 25959.013671875), (1, 24852.32421875)]","[(0, 4491.1982421875), (1, 3521.462646484375)]","[(0, 23931.8125), (1, 23612.634765625)]","[(0, 37113.21875), (1, 39906.46484375)]","[(0, 25508.443359375), (1, 39832.0546875)]","[(0, 28757.4765625), (1, 22113.6875)]","[(0, 7270.87646484375), (1, 8522.375)]","[(0, 21775.787109375), (1, 19271.646484375)]"
86,"[(0, 18503.001953125), (1, 19710.9453125)]","[(0, 12239.0380859375), (1, 12675.6279296875)]","[(0, 10261.982421875), (1, 10008.3779296875)]","[(0, 17527.80078125), (1, 16897.83203125)]","[(0, 4506.11572265625), (1, 3535.609619140625)]","[(0, 26907.876953125), (1, 27343.580078125)]","[(0, 33606.15234375), (1, 36132.4453125)]","[(0, 16839.8203125), (1, 13716.853515625)]","[(0, 21496.388671875), (1, 26000.986328125)]","[(0, 13453.970703125), (1, 14212.02734375)]","[(0, 25707.478515625), (1, 20670.607421875)]"
87,"[(0, 27638.578125), (1, 29178.1015625)]","[(0, 20783.97265625), (1, 22494.361328125)]","[(0, 16590.509765625), (1, 16004.4501953125)]","[(0, 14707.646484375), (1, 16036.626953125)]","[(0, 15821.779296875), (1, 11074.6201171875)]","[(0, 23703.80859375), (1, 23707.673828125)]","[(0, 34421.3125), (1, 33400.76953125)]","[(0, 19086.748046875), (1, 25279.08203125)]","[(0, 15523.82421875), (1, 17176.8359375)]","[(0, 10883.2490234375), (1, 8632.1396484375)]","[(0, 20696.90234375), (1, 18039.4765625)]"
88,"[(0, 27879.7734375), (1, 29941.025390625)]","[(0, 23247.505859375), (1, 24762.873046875)]","[(0, 12278.505859375), (1, 15202.603515625)]","[(0, 11870.5859375), (1, 15701.423828125)]","[(0, 19183.775390625), (1, 15435.6630859375)]","[(0, 16395.974609375), (1, 16042.943359375)]","[(0, 29778.453125), (1, 27321.52734375)]","[(0, 27661.728515625), (1, 32467.46484375)]","[(0, 23520.21875), (1, 31779.6328125)]","[(0, 30704.244140625), (1, 23086.0703125)]","[(0, 12479.3837890625), (1, 13522.2734375)]"
89,"[(0, 29988.890625), (1, 30885.2109375)]","[(0, 19815.455078125), (1, 20602.16015625)]","[(0, 27655.451171875), (1, 21923.859375)]","[(0, 27060.685546875), (1, 26731.853515625)]","[(0, 13799.224609375), (1, 9878.37109375)]","[(0, 21265.693359375), (1, 21581.4296875)]","[(0, 25205.947265625), (1, 24498.66015625)]","[(0, 22380.501953125), (1, 22456.1015625)]","[(0, 24412.08984375), (1, 33490.80859375)]","[(0, 18841.349609375), (1, 13957.74609375)]","[(0, 19266.279296875), (1, 19162.693359375)]"
90,"[(0, 32274.611328125), (1, 34205.3671875)]","[(0, 24771.80078125), (1, 26225.166015625)]","[(0, 21800.263671875), (1, 23212.416015625)]","[(0, 25927.07421875), (1, 25604.34765625)]","[(0, 8973.1123046875), (1, 7342.740234375)]","[(0, 14127.1650390625), (1, 13783.1533203125)]","[(0, 25417.9375), (1, 26732.642578125)]","[(0, 7528.734375), (1, 15897.251953125)]","[(0, 24824.443359375), (1, 20070.439453125)]","[(0, 12922.55078125), (1, 13898.451171875)]","[(0, 23203.849609375), (1, 18946.994140625)]"
91,"[(0, 19412.51953125), (1, 21176.34375)]","[(0, 14137.919921875), (1, 13488.64453125)]","[(0, 25040.626953125), (1, 23356.685546875)]","[(0, 21949.55078125), (1, 21309.626953125)]","[(0, 25118.71875), (1, 22512.537109375)]","[(0, 13928.0263671875), (1, 13926.0751953125)]","[(0, 26229.166015625), (1, 25639.263671875)]","[(0, 16128.3291015625), (1, 25416.072265625)]","[(0, 14086.791015625), (1, 16013.732421875)]","[(0, 23048.341796875), (1, 16541.125)]","[(0, 32040.771484375), (1, 24700.0859375)]"
92,"[(0, 16181.681640625), (1, 17906.34765625)]","[(0, 21829.828125), (1, 25406.91015625)]","[(0, 15949.1259765625), (1, 17734.6328125)]","[(0, 15241.943359375), (1, 17373.23046875)]","[(0, 20039.591796875), (1, 16381.640625)]","[(0, 23096.22265625), (1, 23415.208984375)]","[(0, 21188.74609375), (1, 22294.90625)]","[(0, 11724.99609375), (1, 20200.421875)]","[(0, 19030.546875), (1, 22535.99609375)]","[(0, 12016.0107421875), (1, 11613.9306640625)]","[(0, 12865.150390625), (1, 13294.208984375)]"
93,"[(0, 21646.21484375), (1, 23305.51171875)]","[(0, 26724.181640625), (1, 30505.685546875)]","[(0, 8731.052734375), (1, 9971.974609375)]","[(0, 6938.064453125), (1, 8811.2373046875)]","[(0, 16368.8046875), (1, 14875.4677734375)]","[(0, 30367.837890625), (1, 30583.810546875)]","[(0, 30881.55859375), (1, 28447.14453125)]","[(0, 23873.388671875), (1, 20365.01171875)]","[(0, 7980.623046875), (1, 10823.3603515625)]","[(0, 5252.6015625), (1, 6788.8134765625)]","[(0, 30182.41796875), (1, 23081.580078125)]"
94,"[(0, 31315.982421875), (1, 33324.0546875)]","[(0, 21172.205078125), (1, 22559.6484375)]","[(0, 21545.771484375), (1, 21548.1953125)]","[(0, 22587.69921875), (1, 22437.775390625)]","[(0, 15976.3603515625), (1, 11355.4365234375)]","[(0, 23582.658203125), (1, 23726.83203125)]","[(0, 18519.40234375), (1, 17535.92578125)]","[(0, 21458.884765625), (1, 25421.59765625)]","[(0, 28467.962890625), (1, 30905.77734375)]","[(0, 14221.572265625), (1, 23568.359375)]","[(0, 19351.3359375), (1, 20050.640625)]"
95,"[(0, 25835.84765625), (1, 27936.99609375)]","[(0, 20253.9140625), (1, 21225.29296875)]","[(0, 16472.31640625), (1, 18130.765625)]","[(0, 27250.56640625), (1, 27776.880859375)]","[(0, 12205.3173828125), (1, 8089.67236328125)]","[(0, 30082.185546875), (1, 30657.13671875)]","[(0, 22516.337890625), (1, 25154.078125)]","[(0, 13294.03125), (1, 20132.783203125)]","[(0, 29676.7890625), (1, 32799.0)]","[(0, 12589.189453125), (1, 10549.33203125)]","[(0, 9942.17578125), (1, 10477.8623046875)]"
96,"[(0, 17102.740234375), (1, 18654.404296875)]","[(0, 10755.244140625), (1, 10728.7109375)]","[(0, 26179.0859375), (1, 25132.73828125)]","[(0, 7471.76220703125), (1, 7659.556640625)]","[(0, 9889.1357421875), (1, 7519.06201171875)]","[(0, 30023.66015625), (1, 30530.685546875)]","[(0, 29786.9453125), (1, 29737.38671875)]","[(0, 21087.69140625), (1, 20746.9609375)]","[(0, 23116.076171875), (1, 13986.927734375)]","[(0, 21951.7265625), (1, 13966.3466796875)]","[(0, 27845.83984375), (1, 27392.1015625)]"
97,"[(0, 17649.916015625), (1, 19626.40625)]","[(0, 16907.888671875), (1, 20191.0625)]","[(0, 14368.505859375), (1, 13742.2685546875)]","[(0, 8873.2333984375), (1, 9482.015625)]","[(0, 7926.76806640625), (1, 6045.79931640625)]","[(0, 21808.04296875), (1, 22920.724609375)]","[(0, 17028.462890625), (1, 16802.025390625)]","[(0, 34398.796875), (1, 31150.609375)]","[(0, 20361.80859375), (1, 12698.3505859375)]","[(0, 28575.185546875), (1, 15939.3935546875)]","[(0, 23741.13671875), (1, 19315.66015625)]"
98,"[(0, 29492.91796875), (1, 31323.541015625)]","[(0, 16479.90625), (1, 19247.072265625)]","[(0, 29123.111328125), (1, 29189.455078125)]","[(0, 21228.4921875), (1, 21506.828125)]","[(0, 17345.78125), (1, 12677.912109375)]","[(0, 34614.609375), (1, 33286.640625)]","[(0, 22182.056640625), (1, 22133.708984375)]","[(0, 20592.28125), (1, 24486.46875)]","[(0, 30541.08203125), (1, 17973.4140625)]","[(0, 20864.76171875), (1, 13872.15234375)]","[(0, 30565.12109375), (1, 23257.353515625)]"
99,"[(0, 30048.20703125), (1, 30961.08984375)]","[(0, 16729.228515625), (1, 18582.84765625)]","[(0, 21955.162109375), (1, 23137.4921875)]","[(0, 18695.865234375), (1, 16915.873046875)]","[(0, 10197.875), (1, 7025.19873046875)]","[(0, 33915.8828125), (1, 33982.3203125)]","[(0, 29827.51171875), (1, 32466.041015625)]","[(0, 17495.201171875), (1, 18424.927734375)]","[(0, 29840.685546875), (1, 39037.8359375)]","[(0, 10397.4130859375), (1, 7955.07568359375)]","[(0, 15091.6767578125), (1, 16482.59375)]"
100,"[(0, 18501.1875), (1, 20845.6484375)]","[(0, 16980.119140625), (1, 18979.34765625)]","[(0, 16191.5927734375), (1, 17311.2421875)]","[(0, 21754.4921875), (1, 22972.875)]","[(0, 16144.4716796875), (1, 11980.1279296875)]","[(0, 26299.9765625), (1, 27235.626953125)]","[(0, 18168.482421875), (1, 22434.736328125)]","[(0, 34678.4453125), (1, 28044.064453125)]","[(0, 18401.537109375), (1, 18718.46875)]","[(0, 13591.0673828125), (1, 9578.0888671875)]","[(0, 19142.765625), (1, 16233.740234375)]"
101,"[(0, 17270.708984375), (1, 18860.3515625)]","[(0, 23440.833984375), (1, 23975.216796875)]","[(0, 22429.046875), (1, 22895.337890625)]","[(0, 20616.3125), (1, 19072.810546875)]","[(0, 14782.6240234375), (1, 9548.33984375)]","[(0, 23218.23828125), (1, 23002.228515625)]","[(0, 23362.01171875), (1, 25252.818359375)]","[(0, 16358.7705078125), (1, 16755.046875)]","[(0, 21242.05859375), (1, 11347.3828125)]","[(0, 29611.201171875), (1, 16219.302734375)]","[(0, 19370.078125), (1, 20253.1796875)]"
102,"[(0, 18122.814453125), (1, 20591.416015625)]","[(0, 13740.9833984375), (1, 13229.4541015625)]","[(0, 9177.2001953125), (1, 9533.5908203125)]","[(0, 23656.29296875), (1, 22225.572265625)]","[(0, 4075.768798828125), (1, 3350.5009765625)]","[(0, 28430.25), (1, 29103.12109375)]","[(0, 16454.009765625), (1, 18032.5625)]","[(0, 16393.455078125), (1, 14941.466796875)]","[(0, 22024.470703125), (1, 21608.779296875)]","[(0, 8999.1474609375), (1, 10892.8740234375)]","[(0, 22166.431640625), (1, 23341.30078125)]"
103,"[(0, 32562.69140625), (1, 34433.42578125)]","[(0, 9236.123046875), (1, 9144.455078125)]","[(0, 18369.58984375), (1, 14609.857421875)]","[(0, 15585.416015625), (1, 16735.818359375)]","[(0, 3731.6279296875), (1, 3296.707275390625)]","[(0, 29202.708984375), (1, 29186.615234375)]","[(0, 29059.078125), (1, 27798.212890625)]","[(0, 29137.36328125), (1, 23145.8125)]","[(0, 22316.09375), (1, 21675.796875)]","[(0, 8382.9931640625), (1, 13215.4697265625)]","[(0, 24629.662109375), (1, 20676.384765625)]"
104,"[(0, 24387.515625), (1, 25775.994140625)]","[(0, 19637.041015625), (1, 23225.767578125)]","[(0, 19575.318359375), (1, 19893.447265625)]","[(0, 20786.689453125), (1, 22593.236328125)]","[(0, 10470.5009765625), (1, 7480.20458984375)]","[(0, 26356.671875), (1, 26145.376953125)]","[(0, 34213.19921875), (1, 35085.953125)]","[(0, 22265.923828125), (1, 16942.689453125)]","[(0, 25435.1796875), (1, 39369.61328125)]","[(0, 18437.830078125), (1, 30701.4609375)]","[(0, 19257.849609375), (1, 15921.6494140625)]"
105,"[(0, 14648.224609375), (1, 16086.5771484375)]","[(0, 20792.140625), (1, 20625.201171875)]","[(0, 13045.208984375), (1, 14189.4921875)]","[(0, 11827.8134765625), (1, 13527.47265625)]","[(0, 16982.37109375), (1, 13070.40234375)]","[(0, 18494.712890625), (1, 19287.828125)]","[(0, 38467.296875), (1, 40477.765625)]","[(0, 11369.2744140625), (1, 18781.572265625)]","[(0, 6053.64013671875), (1, 6191.1904296875)]","[(0, 8612.3642578125), (1, 7733.6611328125)]","[(0, 17608.572265625), (1, 17528.53515625)]"
106,"[(0, 32467.8984375), (1, 34558.8984375)]","[(0, 19770.888671875), (1, 19423.27734375)]","[(0, 39038.359375), (1, 32237.236328125)]","[(0, 20117.71484375), (1, 22309.90234375)]","[(0, 16202.25), (1, 12193.08984375)]","[(0, 21938.017578125), (1, 20865.77734375)]","[(0, 32750.958984375), (1, 40130.91015625)]","[(0, 13766.5078125), (1, 20402.587890625)]","[(0, 7359.07421875), (1, 7622.86572265625)]","[(0, 19578.0234375), (1, 21470.083984375)]","[(0, 19767.49609375), (1, 19232.705078125)]"
107,"[(0, 22511.185546875), (1, 24941.099609375)]","[(0, 24971.755859375), (1, 24107.53125)]","[(0, 23772.900390625), (1, 27108.78125)]","[(0, 14662.326171875), (1, 15634.423828125)]","[(0, 14934.556640625), (1, 12586.66796875)]","[(0, 29547.36328125), (1, 29416.203125)]","[(0, 29240.5), (1, 25663.97265625)]","[(0, 11860.12890625), (1, 15022.3349609375)]","[(0, 21622.509765625), (1, 18962.486328125)]","[(0, 12334.0068359375), (1, 14733.5751953125)]","[(0, 18611.96875), (1, 15965.134765625)]"
108,"[(0, 15495.55859375), (1, 17079.44921875)]","[(0, 16938.23046875), (1, 15923.3955078125)]","[(0, 16426.744140625), (1, 17309.078125)]","[(0, 14530.142578125), (1, 15035.4638671875)]","[(0, 18924.87109375), (1, 15782.341796875)]","[(0, 25722.583984375), (1, 26329.1640625)]","[(0, 41377.72265625), (1, 36358.1953125)]","[(0, 11943.96484375), (1, 10812.4765625)]","[(0, 13244.0849609375), (1, 13564.6005859375)]","[(0, 21124.505859375), (1, 36748.80078125)]","[(0, 24852.205078125), (1, 24821.294921875)]"
109,"[(0, 29321.00390625), (1, 31763.96875)]","[(0, 17321.794921875), (1, 16453.083984375)]","[(0, 22659.568359375), (1, 21352.650390625)]","[(0, 24281.482421875), (1, 22433.8828125)]","[(0, 13522.69921875), (1, 10226.0888671875)]","[(0, 17564.798828125), (1, 18519.38671875)]","[(0, 21454.875), (1, 21288.765625)]","[(0, 22360.3203125), (1, 38917.7734375)]","[(0, 14282.4365234375), (1, 14678.373046875)]","[(0, 20858.97265625), (1, 25210.03515625)]","[(0, 22194.986328125), (1, 18240.72265625)]"
110,"[(0, 35707.46875), (1, 36354.03515625)]","[(0, 17518.943359375), (1, 19552.08984375)]","[(0, 7766.173828125), (1, 8228.9853515625)]","[(0, 20266.18359375), (1, 20758.0234375)]","[(0, 7441.48291015625), (1, 6394.4365234375)]","[(0, 18866.970703125), (1, 18043.08984375)]","[(0, 27537.57421875), (1, 27046.908203125)]","[(0, 12783.453125), (1, 13265.0556640625)]","[(0, 28080.54296875), (1, 18109.1484375)]","[(0, 20336.037109375), (1, 15894.90234375)]","[(0, 16927.525390625), (1, 19979.060546875)]"
111,"[(0, 26442.447265625), (1, 28585.162109375)]","[(0, 18926.712890625), (1, 20752.32421875)]","[(0, 18655.861328125), (1, 19207.591796875)]","[(0, 13940.3857421875), (1, 13335.8212890625)]","[(0, 6918.26220703125), (1, 5686.09814453125)]","[(0, 29146.1171875), (1, 29169.587890625)]","[(0, 30558.677734375), (1, 29773.794921875)]","[(0, 10567.14453125), (1, 9042.7294921875)]","[(0, 15291.1396484375), (1, 11884.3818359375)]","[(0, 11028.15234375), (1, 12823.24609375)]","[(0, 22007.0859375), (1, 17712.322265625)]"
112,"[(0, 26793.158203125), (1, 28636.404296875)]","[(0, 17306.91796875), (1, 17913.931640625)]","[(0, 13278.9404296875), (1, 12931.994140625)]","[(0, 17378.96484375), (1, 18552.478515625)]","[(0, 5342.919921875), (1, 4547.0048828125)]","[(0, 27189.09765625), (1, 27075.34765625)]","[(0, 45283.2578125), (1, 45332.16796875)]","[(0, 17816.580078125), (1, 16473.2890625)]","[(0, 24021.560546875), (1, 28902.0390625)]","[(0, 22171.90625), (1, 21178.927734375)]","[(0, 22095.875), (1, 18610.548828125)]"
113,"[(0, 22074.201171875), (1, 24487.263671875)]","[(0, 12655.830078125), (1, 12537.62109375)]","[(0, 11097.4140625), (1, 11977.1806640625)]","[(0, 20254.99609375), (1, 18324.990234375)]","[(0, 27112.271484375), (1, 23970.1875)]","[(0, 26683.33203125), (1, 27888.17578125)]","[(0, 29673.958984375), (1, 28484.962890625)]","[(0, 19477.869140625), (1, 14978.1591796875)]","[(0, 7417.18798828125), (1, 8886.1484375)]","[(0, 19436.248046875), (1, 23715.33984375)]","[(0, 16665.0390625), (1, 16371.1142578125)]"
114,"[(0, 23353.501953125), (1, 24818.904296875)]","[(0, 17610.94140625), (1, 18819.224609375)]","[(0, 16208.865234375), (1, 17615.662109375)]","[(0, 24149.06640625), (1, 22817.62890625)]","[(0, 18786.625), (1, 14865.525390625)]","[(0, 21970.869140625), (1, 21563.38671875)]","[(0, 26333.984375), (1, 26731.01171875)]","[(0, 9838.1240234375), (1, 13666.0478515625)]","[(0, 16132.021484375), (1, 22937.431640625)]","[(0, 16861.931640625), (1, 21890.828125)]","[(0, 29205.96875), (1, 23518.19921875)]"
115,"[(0, 30596.998046875), (1, 31755.03515625)]","[(0, 20859.41015625), (1, 21386.421875)]","[(0, 22501.52734375), (1, 25041.080078125)]","[(0, 10720.5087890625), (1, 11683.306640625)]","[(0, 11033.6015625), (1, 9596.4853515625)]","[(0, 26347.6015625), (1, 27356.673828125)]","[(0, 30795.5625), (1, 36042.92578125)]","[(0, 21119.69140625), (1, 24048.47265625)]","[(0, 20641.84765625), (1, 13680.248046875)]","[(0, 16033.96484375), (1, 20387.90234375)]","[(0, 23243.892578125), (1, 23794.5625)]"
116,"[(0, 27213.16796875), (1, 29418.53125)]","[(0, 16466.44140625), (1, 17085.18359375)]","[(0, 14310.6591796875), (1, 13289.31640625)]","[(0, 5432.30908203125), (1, 6352.3759765625)]","[(0, 10973.7236328125), (1, 9041.884765625)]","[(0, 25417.9375), (1, 24709.158203125)]","[(0, 19566.322265625), (1, 24397.54296875)]","[(0, 24147.0390625), (1, 32132.32421875)]","[(0, 21543.326171875), (1, 23108.361328125)]","[(0, 14527.9951171875), (1, 20322.466796875)]","[(0, 13858.3876953125), (1, 15365.1064453125)]"
117,"[(0, 24932.73046875), (1, 26033.7890625)]","[(0, 17534.388671875), (1, 18089.763671875)]","[(0, 20905.4140625), (1, 20568.865234375)]","[(0, 13021.109375), (1, 11866.8837890625)]","[(0, 11787.580078125), (1, 7276.78662109375)]","[(0, 20563.119140625), (1, 21116.9921875)]","[(0, 23294.509765625), (1, 22316.158203125)]","[(0, 17791.24609375), (1, 24648.552734375)]","[(0, 9974.9990234375), (1, 9026.669921875)]","[(0, 18125.11328125), (1, 26384.5859375)]","[(0, 22442.869140625), (1, 22257.814453125)]"
118,"[(0, 12131.80078125), (1, 13856.89453125)]","[(0, 10668.544921875), (1, 10616.0224609375)]","[(0, 15676.6455078125), (1, 15157.5078125)]","[(0, 21063.7109375), (1, 19301.48046875)]","[(0, 9339.5966796875), (1, 7752.06982421875)]","[(0, 23611.283203125), (1, 22732.638671875)]","[(0, 21646.255859375), (1, 22760.970703125)]","[(0, 9358.748046875), (1, 10967.12109375)]","[(0, 28442.859375), (1, 28249.439453125)]","[(0, 8778.2744140625), (1, 12127.27734375)]","[(0, 17903.75390625), (1, 18067.298828125)]"
119,"[(0, 24776.240234375), (1, 26733.33203125)]","[(0, 19902.91796875), (1, 21542.73046875)]","[(0, 20788.8515625), (1, 22831.408203125)]","[(0, 13701.0732421875), (1, 14713.201171875)]","[(0, 9929.98046875), (1, 8196.623046875)]","[(0, 26933.474609375), (1, 26317.515625)]","[(0, 27347.935546875), (1, 26117.939453125)]","[(0, 11721.6865234375), (1, 11386.298828125)]","[(0, 6661.6083984375), (1, 7506.5517578125)]","[(0, 30983.212890625), (1, 41186.30859375)]","[(0, 20093.708984375), (1, 17298.517578125)]"
120,"[(0, 22889.07421875), (1, 25067.412109375)]","[(0, 23227.541015625), (1, 23467.138671875)]","[(0, 23308.0234375), (1, 18625.888671875)]","[(0, 17426.896484375), (1, 17908.755859375)]","[(0, 17097.783203125), (1, 11676.634765625)]","[(0, 28645.171875), (1, 28856.349609375)]","[(0, 21895.65234375), (1, 20913.072265625)]","[(0, 15921.330078125), (1, 13484.9541015625)]","[(0, 25952.009765625), (1, 21056.8828125)]","[(0, 22984.029296875), (1, 17145.66015625)]","[(0, 21752.916015625), (1, 17927.84375)]"
121,"[(0, 14159.46875), (1, 16471.154296875)]","[(0, 19141.03125), (1, 19865.615234375)]","[(0, 12985.865234375), (1, 10404.3076171875)]","[(0, 12092.4580078125), (1, 11119.33203125)]","[(0, 11739.9560546875), (1, 7073.33349609375)]","[(0, 22765.486328125), (1, 23178.392578125)]","[(0, 35715.7109375), (1, 35991.1328125)]","[(0, 16747.919921875), (1, 27318.767578125)]","[(0, 11950.357421875), (1, 8360.9970703125)]","[(0, 17915.46875), (1, 22871.02734375)]","[(0, 12926.4453125), (1, 14275.505859375)]"
122,"[(0, 24236.392578125), (1, 26843.72265625)]","[(0, 20565.5703125), (1, 21518.08984375)]","[(0, 7840.50244140625), (1, 7541.77734375)]","[(0, 13181.1962890625), (1, 13678.173828125)]","[(0, 21370.578125), (1, 20412.28125)]","[(0, 23404.1796875), (1, 22723.623046875)]","[(0, 20275.501953125), (1, 19393.587890625)]","[(0, 15167.15234375), (1, 20448.326171875)]","[(0, 13111.775390625), (1, 12493.6142578125)]","[(0, 31055.451171875), (1, 18132.33984375)]","[(0, 20373.734375), (1, 17293.07421875)]"
123,"[(0, 12665.8876953125), (1, 14099.2626953125)]","[(0, 13417.0810546875), (1, 13517.736328125)]","[(0, 11938.1005859375), (1, 11188.37890625)]","[(0, 16430.08203125), (1, 16236.0791015625)]","[(0, 15822.1875), (1, 13759.5126953125)]","[(0, 29392.619140625), (1, 29165.96875)]","[(0, 31532.416015625), (1, 34565.4609375)]","[(0, 15081.3896484375), (1, 17985.17578125)]","[(0, 17331.609375), (1, 14272.86328125)]","[(0, 13562.7890625), (1, 7408.11865234375)]","[(0, 30346.84765625), (1, 30572.642578125)]"
124,"[(0, 24480.701171875), (1, 26870.8203125)]","[(0, 21141.2734375), (1, 22406.556640625)]","[(0, 23528.2734375), (1, 24198.123046875)]","[(0, 17159.7109375), (1, 15752.2080078125)]","[(0, 7270.9453125), (1, 6261.99609375)]","[(0, 21369.884765625), (1, 21588.71875)]","[(0, 21644.54296875), (1, 25937.931640625)]","[(0, 16593.451171875), (1, 19670.404296875)]","[(0, 15607.1015625), (1, 15922.0146484375)]","[(0, 14621.330078125), (1, 14563.91015625)]","[(0, 21994.287109375), (1, 18602.970703125)]"
125,"[(0, 12790.8427734375), (1, 14005.7744140625)]","[(0, 22144.16015625), (1, 23029.46875)]","[(0, 19413.51953125), (1, 20272.271484375)]","[(0, 30838.6796875), (1, 28903.251953125)]","[(0, 7523.73095703125), (1, 6644.87060546875)]","[(0, 16024.365234375), (1, 16040.052734375)]","[(0, 31493.9453125), (1, 32360.84765625)]","[(0, 13830.66015625), (1, 20809.974609375)]","[(0, 12138.166015625), (1, 14156.1474609375)]","[(0, 18370.23828125), (1, 14056.876953125)]","[(0, 18070.712890625), (1, 18056.568359375)]"
126,"[(0, 20084.705078125), (1, 22085.087890625)]","[(0, 19907.2265625), (1, 20464.087890625)]","[(0, 6479.1787109375), (1, 5360.37451171875)]","[(0, 25661.109375), (1, 27728.763671875)]","[(0, 19661.587890625), (1, 13797.9345703125)]","[(0, 19533.693359375), (1, 19392.3125)]","[(0, 29934.029296875), (1, 29516.748046875)]","[(0, 25539.55078125), (1, 19791.091796875)]","[(0, 6483.30810546875), (1, 11407.744140625)]","[(0, 30970.923828125), (1, 17679.767578125)]","[(0, 13347.1455078125), (1, 13852.26953125)]"
127,"[(0, 21858.701171875), (1, 24039.529296875)]","[(0, 22941.216796875), (1, 23686.294921875)]","[(0, 10876.0068359375), (1, 10796.5458984375)]","[(0, 15604.154296875), (1, 17567.796875)]","[(0, 13650.482421875), (1, 11454.4130859375)]","[(0, 26514.138671875), (1, 26008.525390625)]","[(0, 26288.265625), (1, 25817.302734375)]","[(0, 29996.669921875), (1, 34540.3828125)]","[(0, 16503.953125), (1, 10294.2109375)]","[(0, 17205.70703125), (1, 20380.962890625)]","[(0, 26883.17578125), (1, 21692.091796875)]"
128,"[(0, 27572.470703125), (1, 31178.337890625)]","[(0, 15274.9609375), (1, 14388.7861328125)]","[(0, 20648.9765625), (1, 19930.49609375)]","[(0, 21183.251953125), (1, 17799.748046875)]","[(0, 17656.884765625), (1, 12450.4501953125)]","[(0, 21638.1875), (1, 22581.15234375)]","[(0, 21043.693359375), (1, 21694.90625)]","[(0, 18785.943359375), (1, 17034.244140625)]","[(0, 9142.0576171875), (1, 15453.19140625)]","[(0, 18542.58984375), (1, 17378.599609375)]","[(0, 13701.361328125), (1, 15028.7685546875)]"
129,"[(0, 18132.875), (1, 20058.443359375)]","[(0, 14325.76171875), (1, 16832.208984375)]","[(0, 25300.376953125), (1, 24572.861328125)]","[(0, 14931.4658203125), (1, 16372.6298828125)]","[(0, 12700.9052734375), (1, 8061.5615234375)]","[(0, 22048.51171875), (1, 22753.9609375)]","[(0, 35933.4453125), (1, 38563.05859375)]","[(0, 21456.73828125), (1, 19735.923828125)]","[(0, 14539.609375), (1, 11734.4375)]","[(0, 42613.90625), (1, 24752.318359375)]","[(0, 17273.52734375), (1, 14904.037109375)]"
130,"[(0, 18897.638671875), (1, 21486.71484375)]","[(0, 16759.328125), (1, 19434.599609375)]","[(0, 12433.1025390625), (1, 14630.130859375)]","[(0, 16232.162109375), (1, 18172.3984375)]","[(0, 5554.88330078125), (1, 4901.28857421875)]","[(0, 35411.1171875), (1, 35123.91796875)]","[(0, 27237.962890625), (1, 29964.734375)]","[(0, 10187.677734375), (1, 7707.38330078125)]","[(0, 14298.1904296875), (1, 18680.287109375)]","[(0, 10430.1181640625), (1, 9147.376953125)]","[(0, 24477.29296875), (1, 23680.98828125)]"
131,"[(0, 17012.490234375), (1, 18783.41796875)]","[(0, 14313.2255859375), (1, 14833.4775390625)]","[(0, 14435.7919921875), (1, 14114.8828125)]","[(0, 18974.787109375), (1, 20494.810546875)]","[(0, 15220.896484375), (1, 11490.9013671875)]","[(0, 33653.0390625), (1, 34244.9921875)]","[(0, 33381.18359375), (1, 34378.23828125)]","[(0, 25162.091796875), (1, 14689.8984375)]","[(0, 12127.0810546875), (1, 14407.25390625)]","[(0, 26681.65234375), (1, 15488.0537109375)]","[(0, 24128.37109375), (1, 19912.408203125)]"
132,"[(0, 16229.0341796875), (1, 17878.109375)]","[(0, 19260.87890625), (1, 19647.8671875)]","[(0, 24279.607421875), (1, 19317.298828125)]","[(0, 15461.38671875), (1, 17016.109375)]","[(0, 10608.482421875), (1, 7418.05078125)]","[(0, 29492.32421875), (1, 29726.24609375)]","[(0, 26125.9375), (1, 27823.224609375)]","[(0, 25070.353515625), (1, 22419.958984375)]","[(0, 17561.080078125), (1, 30235.744140625)]","[(0, 13307.3251953125), (1, 20995.86328125)]","[(0, 30858.125), (1, 23531.392578125)]"
133,"[(0, 19635.8046875), (1, 20912.453125)]","[(0, 26789.53125), (1, 28665.1484375)]","[(0, 23220.341796875), (1, 22055.55859375)]","[(0, 20026.12109375), (1, 19024.251953125)]","[(0, 3388.974365234375), (1, 2877.14111328125)]","[(0, 17857.916015625), (1, 17350.6953125)]","[(0, 41308.328125), (1, 40618.9140625)]","[(0, 27297.802734375), (1, 22861.43359375)]","[(0, 8050.47509765625), (1, 11845.9541015625)]","[(0, 17940.705078125), (1, 18512.0234375)]","[(0, 15127.9326171875), (1, 12976.7041015625)]"
134,"[(0, 21798.873046875), (1, 24066.78125)]","[(0, 25355.908203125), (1, 25473.654296875)]","[(0, 21752.666015625), (1, 18274.1875)]","[(0, 6259.15380859375), (1, 6152.068359375)]","[(0, 3998.2861328125), (1, 3471.310546875)]","[(0, 28730.310546875), (1, 29106.673828125)]","[(0, 34110.99609375), (1, 35124.72265625)]","[(0, 22155.7578125), (1, 27744.63671875)]","[(0, 11369.62109375), (1, 13944.5732421875)]","[(0, 9155.607421875), (1, 17167.189453125)]","[(0, 12917.6337890625), (1, 13410.966796875)]"
135,"[(0, 17014.35546875), (1, 18882.578125)]","[(0, 26589.041015625), (1, 27446.935546875)]","[(0, 11606.1796875), (1, 12073.65234375)]","[(0, 17262.970703125), (1, 16719.419921875)]","[(0, 14026.0791015625), (1, 10488.2900390625)]","[(0, 18551.83984375), (1, 17920.2890625)]","[(0, 32945.62109375), (1, 32051.7421875)]","[(0, 23716.80859375), (1, 18455.17578125)]","[(0, 23711.291015625), (1, 17180.8828125)]","[(0, 29356.201171875), (1, 23729.5234375)]","[(0, 29667.421875), (1, 24368.84765625)]"
136,"[(0, 19416.5), (1, 21157.005859375)]","[(0, 22747.580078125), (1, 23019.060546875)]","[(0, 21146.474609375), (1, 21991.498046875)]","[(0, 12395.80859375), (1, 11367.4091796875)]","[(0, 11516.7060546875), (1, 7728.04345703125)]","[(0, 29993.294921875), (1, 29958.1640625)]","[(0, 31522.8515625), (1, 31389.77734375)]","[(0, 9815.3505859375), (1, 12938.11328125)]","[(0, 27545.162109375), (1, 18060.458984375)]","[(0, 11926.2314453125), (1, 13974.66015625)]","[(0, 18743.298828125), (1, 19294.357421875)]"
137,"[(0, 19048.541015625), (1, 20125.373046875)]","[(0, 15497.2587890625), (1, 14429.048828125)]","[(0, 15178.0771484375), (1, 15321.4736328125)]","[(0, 25249.951171875), (1, 22156.689453125)]","[(0, 5946.40576171875), (1, 5129.2666015625)]","[(0, 22261.8046875), (1, 21651.955078125)]","[(0, 32896.61328125), (1, 32774.453125)]","[(0, 23980.248046875), (1, 24367.08203125)]","[(0, 14701.125), (1, 18142.943359375)]","[(0, 14934.2861328125), (1, 16515.857421875)]","[(0, 19902.328125), (1, 20419.796875)]"
138,"[(0, 30311.38671875), (1, 31971.298828125)]","[(0, 23913.744140625), (1, 24304.603515625)]","[(0, 25854.53125), (1, 29389.73046875)]","[(0, 9710.689453125), (1, 11545.84765625)]","[(0, 20559.275390625), (1, 14887.9423828125)]","[(0, 29908.69140625), (1, 29754.154296875)]","[(0, 22254.544921875), (1, 23629.775390625)]","[(0, 28855.853515625), (1, 26755.470703125)]","[(0, 15825.4169921875), (1, 21926.849609375)]","[(0, 20009.41796875), (1, 24473.537109375)]","[(0, 20669.919921875), (1, 20765.845703125)]"
139,"[(0, 23593.7265625), (1, 25381.53125)]","[(0, 27058.5703125), (1, 27997.11328125)]","[(0, 19225.919921875), (1, 19770.322265625)]","[(0, 12528.82421875), (1, 12763.3662109375)]","[(0, 12221.4951171875), (1, 7911.40673828125)]","[(0, 20357.380859375), (1, 20355.1875)]","[(0, 17427.943359375), (1, 17546.44921875)]","[(0, 18308.814453125), (1, 14082.08984375)]","[(0, 37612.7421875), (1, 33968.55078125)]","[(0, 11640.232421875), (1, 11343.2822265625)]","[(0, 16840.703125), (1, 16873.466796875)]"
140,"[(0, 23265.603515625), (1, 25803.666015625)]","[(0, 21741.796875), (1, 22058.25)]","[(0, 11243.1103515625), (1, 12288.029296875)]","[(0, 22630.43359375), (1, 21685.927734375)]","[(0, 11070.20703125), (1, 8920.9267578125)]","[(0, 24345.640625), (1, 24328.908203125)]","[(0, 27199.78125), (1, 26577.935546875)]","[(0, 17820.744140625), (1, 22970.9453125)]","[(0, 15886.71875), (1, 16280.8271484375)]","[(0, 16013.4892578125), (1, 14428.71875)]","[(0, 16001.794921875), (1, 16700.96484375)]"
141,"[(0, 20621.759765625), (1, 22838.724609375)]","[(0, 23737.78515625), (1, 22788.6640625)]","[(0, 13327.2646484375), (1, 14533.9248046875)]","[(0, 13917.9365234375), (1, 15473.9541015625)]","[(0, 13331.625), (1, 10598.8154296875)]","[(0, 28962.962890625), (1, 28554.482421875)]","[(0, 28804.66015625), (1, 28571.017578125)]","[(0, 35302.13671875), (1, 29608.66015625)]","[(0, 14188.775390625), (1, 10640.85546875)]","[(0, 28345.185546875), (1, 28468.939453125)]","[(0, 23672.40625), (1, 23046.01171875)]"
142,"[(0, 21855.033203125), (1, 23537.091796875)]","[(0, 16474.92578125), (1, 14935.296875)]","[(0, 19546.478515625), (1, 14473.1083984375)]","[(0, 25041.390625), (1, 26209.837890625)]","[(0, 21170.14453125), (1, 16067.365234375)]","[(0, 8879.4384765625), (1, 8989.9169921875)]","[(0, 25074.08203125), (1, 24760.67578125)]","[(0, 18049.388671875), (1, 14730.287109375)]","[(0, 19124.0078125), (1, 14754.962890625)]","[(0, 13383.1005859375), (1, 9298.279296875)]","[(0, 21364.19921875), (1, 17474.158203125)]"
143,"[(0, 23039.15625), (1, 24844.57421875)]","[(0, 24550.115234375), (1, 27203.775390625)]","[(0, 8177.95361328125), (1, 7128.85791015625)]","[(0, 16727.330078125), (1, 17668.052734375)]","[(0, 13785.650390625), (1, 9252.353515625)]","[(0, 34965.1015625), (1, 34802.02734375)]","[(0, 19006.517578125), (1, 18210.115234375)]","[(0, 18030.189453125), (1, 20956.435546875)]","[(0, 16012.48046875), (1, 15569.1923828125)]","[(0, 19529.837890625), (1, 11221.5576171875)]","[(0, 16092.0546875), (1, 16557.333984375)]"
144,"[(0, 16530.0859375), (1, 18337.208984375)]","[(0, 22430.396484375), (1, 24617.615234375)]","[(0, 28154.60546875), (1, 25348.630859375)]","[(0, 12143.5732421875), (1, 12725.955078125)]","[(0, 14816.44140625), (1, 12262.0419921875)]","[(0, 15962.8369140625), (1, 16513.74609375)]","[(0, 19820.083984375), (1, 19455.294921875)]","[(0, 11261.697265625), (1, 11101.8076171875)]","[(0, 15586.322265625), (1, 10387.58203125)]","[(0, 6800.5810546875), (1, 7327.720703125)]","[(0, 11129.9521484375), (1, 9422.7998046875)]"
145,"[(0, 24815.802734375), (1, 26452.18359375)]","[(0, 21511.2578125), (1, 23290.734375)]","[(0, 12768.6015625), (1, 10920.1884765625)]","[(0, 14421.125), (1, 15624.4365234375)]","[(0, 18959.5), (1, 15867.853515625)]","[(0, 21443.54296875), (1, 22597.029296875)]","[(0, 32707.228515625), (1, 29180.271484375)]","[(0, 15480.3466796875), (1, 20886.44140625)]","[(0, 24135.482421875), (1, 21091.150390625)]","[(0, 11814.251953125), (1, 8766.98046875)]","[(0, 17419.83203125), (1, 18958.146484375)]"
146,"[(0, 19057.009765625), (1, 20656.638671875)]","[(0, 18003.66015625), (1, 18773.943359375)]","[(0, 22477.955078125), (1, 25349.791015625)]","[(0, 21681.978515625), (1, 20988.396484375)]","[(0, 5269.30419921875), (1, 4668.42431640625)]","[(0, 17919.041015625), (1, 17020.294921875)]","[(0, 24300.943359375), (1, 21671.787109375)]","[(0, 24751.185546875), (1, 25604.078125)]","[(0, 13745.0078125), (1, 14783.484375)]","[(0, 12370.87890625), (1, 25141.990234375)]","[(0, 22021.404296875), (1, 19318.515625)]"
147,"[(0, 18040.490234375), (1, 19966.43359375)]","[(0, 10159.2421875), (1, 9280.8798828125)]","[(0, 27769.33203125), (1, 27264.576171875)]","[(0, 22584.51171875), (1, 20025.6640625)]","[(0, 22974.365234375), (1, 18833.318359375)]","[(0, 20789.54296875), (1, 20666.943359375)]","[(0, 40386.0703125), (1, 44183.93359375)]","[(0, 29958.27734375), (1, 19767.740234375)]","[(0, 12301.8310546875), (1, 15671.1455078125)]","[(0, 9417.53515625), (1, 10328.904296875)]","[(0, 18988.0), (1, 20586.46875)]"
148,"[(0, 11594.5751953125), (1, 13300.435546875)]","[(0, 17737.13671875), (1, 19457.70703125)]","[(0, 10222.91015625), (1, 10800.02734375)]","[(0, 21394.845703125), (1, 20363.962890625)]","[(0, 15426.7744140625), (1, 11625.720703125)]","[(0, 30836.943359375), (1, 30461.236328125)]","[(0, 18941.62890625), (1, 22031.67578125)]","[(0, 20153.298828125), (1, 15834.08203125)]","[(0, 11357.0068359375), (1, 7704.12841796875)]","[(0, 25637.234375), (1, 25565.6484375)]","[(0, 21928.607421875), (1, 17422.69140625)]"
149,"[(0, 21075.00390625), (1, 22345.50390625)]","[(0, 18337.787109375), (1, 19527.80859375)]","[(0, 28555.271484375), (1, 24062.626953125)]","[(0, 19732.34765625), (1, 20174.796875)]","[(0, 7474.591796875), (1, 6538.63916015625)]","[(0, 27823.99609375), (1, 28190.015625)]","[(0, 31635.8203125), (1, 32158.3828125)]","[(0, 22177.80859375), (1, 23019.6328125)]","[(0, 11399.8486328125), (1, 12377.79296875)]","[(0, 28384.330078125), (1, 15132.953125)]","[(0, 20947.6640625), (1, 17631.59375)]"
150,"[(0, 19456.61328125), (1, 21378.9375)]","[(0, 16799.669921875), (1, 16980.849609375)]","[(0, 19347.0), (1, 19685.115234375)]","[(0, 10617.6015625), (1, 11499.990234375)]","[(0, 8891.7939453125), (1, 7876.80615234375)]","[(0, 38851.0546875), (1, 38739.4375)]","[(0, 28227.4375), (1, 27833.3359375)]","[(0, 21636.453125), (1, 21203.96875)]","[(0, 17385.1640625), (1, 13455.97265625)]","[(0, 19348.60546875), (1, 15549.072265625)]","[(0, 12582.0595703125), (1, 12993.79296875)]"
151,"[(0, 32103.654296875), (1, 32305.09765625)]","[(0, 17536.578125), (1, 18732.345703125)]","[(0, 22356.013671875), (1, 19725.162109375)]","[(0, 16543.6484375), (1, 18360.0625)]","[(0, 28757.255859375), (1, 25079.990234375)]","[(0, 35277.1328125), (1, 36468.80078125)]","[(0, 28470.623046875), (1, 30514.587890625)]","[(0, 14812.08984375), (1, 16614.1171875)]","[(0, 10089.9052734375), (1, 6716.39208984375)]","[(0, 9732.4677734375), (1, 10907.3955078125)]","[(0, 12579.6123046875), (1, 13133.1259765625)]"
152,"[(0, 26628.322265625), (1, 29369.53125)]","[(0, 22233.96875), (1, 24202.09375)]","[(0, 15444.630859375), (1, 15366.689453125)]","[(0, 17956.865234375), (1, 19800.341796875)]","[(0, 19607.09765625), (1, 16355.2294921875)]","[(0, 26281.34765625), (1, 25734.73046875)]","[(0, 26041.533203125), (1, 30152.525390625)]","[(0, 23893.044921875), (1, 13043.0205078125)]","[(0, 16858.66796875), (1, 16354.7138671875)]","[(0, 11152.9453125), (1, 8725.1103515625)]","[(0, 7546.7705078125), (1, 8278.7021484375)]"
153,"[(0, 21787.5234375), (1, 23157.470703125)]","[(0, 23877.873046875), (1, 25515.181640625)]","[(0, 20993.419921875), (1, 14700.591796875)]","[(0, 23956.978515625), (1, 20373.404296875)]","[(0, 23670.78125), (1, 21040.341796875)]","[(0, 30386.66796875), (1, 30746.26171875)]","[(0, 24545.73828125), (1, 22576.48046875)]","[(0, 36805.4765625), (1, 22654.123046875)]","[(0, 8729.6630859375), (1, 8859.044921875)]","[(0, 8187.89599609375), (1, 6506.66552734375)]","[(0, 19352.9609375), (1, 15846.1513671875)]"
154,"[(0, 21695.919921875), (1, 23284.87109375)]","[(0, 20770.439453125), (1, 21256.609375)]","[(0, 6379.51953125), (1, 5027.630859375)]","[(0, 24506.72265625), (1, 28153.37109375)]","[(0, 26406.38671875), (1, 22357.185546875)]","[(0, 40722.5859375), (1, 39463.96484375)]","[(0, 34114.671875), (1, 33635.48828125)]","[(0, 19184.947265625), (1, 25297.794921875)]","[(0, 19252.85546875), (1, 14862.53515625)]","[(0, 23744.71484375), (1, 20844.892578125)]","[(0, 20963.791015625), (1, 21578.447265625)]"
155,"[(0, 18767.052734375), (1, 20326.73046875)]","[(0, 17136.439453125), (1, 18593.51953125)]","[(0, 30672.080078125), (1, 29853.46484375)]","[(0, 16675.119140625), (1, 16219.1015625)]","[(0, 21065.15625), (1, 16705.314453125)]","[(0, 33531.4296875), (1, 33408.796875)]","[(0, 24740.896484375), (1, 23727.193359375)]","[(0, 5732.01806640625), (1, 8566.0419921875)]","[(0, 21595.5546875), (1, 21732.138671875)]","[(0, 39375.8828125), (1, 32081.955078125)]","[(0, 25209.673828125), (1, 24656.40625)]"
156,"[(0, 23656.248046875), (1, 25971.19921875)]","[(0, 9880.8681640625), (1, 9103.298828125)]","[(0, 23930.9453125), (1, 22729.041015625)]","[(0, 31627.283203125), (1, 30228.017578125)]","[(0, 17306.685546875), (1, 14786.5859375)]","[(0, 29428.998046875), (1, 29346.3203125)]","[(0, 25862.470703125), (1, 26349.962890625)]","[(0, 20893.3359375), (1, 13705.8828125)]","[(0, 9066.3037109375), (1, 9561.64453125)]","[(0, 10269.755859375), (1, 12396.056640625)]","[(0, 11719.73046875), (1, 10041.7548828125)]"
157,"[(0, 12268.1474609375), (1, 13828.4052734375)]","[(0, 27290.123046875), (1, 30860.302734375)]","[(0, 24436.98828125), (1, 20129.0390625)]","[(0, 16247.7568359375), (1, 16879.486328125)]","[(0, 11526.341796875), (1, 8931.26953125)]","[(0, 30881.470703125), (1, 33015.57421875)]","[(0, 19885.556640625), (1, 22553.453125)]","[(0, 33931.0234375), (1, 36670.37890625)]","[(0, 15156.87109375), (1, 15356.7421875)]","[(0, 13515.8544921875), (1, 7104.68212890625)]","[(0, 16234.375), (1, 16581.572265625)]"
158,"[(0, 21389.296875), (1, 23460.181640625)]","[(0, 29395.142578125), (1, 31943.19921875)]","[(0, 21203.341796875), (1, 21727.2890625)]","[(0, 12979.2783203125), (1, 12930.7236328125)]","[(0, 19072.701171875), (1, 14218.53515625)]","[(0, 23525.69140625), (1, 23235.005859375)]","[(0, 19164.2109375), (1, 22682.83203125)]","[(0, 15108.1513671875), (1, 10937.78125)]","[(0, 16045.65234375), (1, 9082.919921875)]","[(0, 20383.140625), (1, 16380.921875)]","[(0, 24984.427734375), (1, 21355.03515625)]"
159,"[(0, 26431.708984375), (1, 28390.041015625)]","[(0, 28255.744140625), (1, 29978.369140625)]","[(0, 14618.0390625), (1, 15660.970703125)]","[(0, 7572.89111328125), (1, 7917.89794921875)]","[(0, 12652.9814453125), (1, 8560.0966796875)]","[(0, 29264.9921875), (1, 29362.697265625)]","[(0, 26507.236328125), (1, 24981.85546875)]","[(0, 20529.80859375), (1, 18354.564453125)]","[(0, 6308.287109375), (1, 9681.4326171875)]","[(0, 26322.359375), (1, 21689.87890625)]","[(0, 18729.451171875), (1, 20006.9375)]"
160,"[(0, 25030.765625), (1, 26887.560546875)]","[(0, 31324.556640625), (1, 32386.966796875)]","[(0, 25571.0390625), (1, 26271.373046875)]","[(0, 22665.251953125), (1, 19872.228515625)]","[(0, 6312.24072265625), (1, 5649.50537109375)]","[(0, 31620.646484375), (1, 31999.392578125)]","[(0, 21400.12890625), (1, 22306.51953125)]","[(0, 30494.748046875), (1, 28080.623046875)]","[(0, 15780.3701171875), (1, 20711.001953125)]","[(0, 18838.9609375), (1, 11063.546875)]","[(0, 29687.0078125), (1, 24504.62109375)]"
161,"[(0, 25173.587890625), (1, 27517.568359375)]","[(0, 17077.12109375), (1, 19234.263671875)]","[(0, 14066.2373046875), (1, 12915.6396484375)]","[(0, 9231.11328125), (1, 9963.7890625)]","[(0, 25189.84765625), (1, 22588.884765625)]","[(0, 32940.09375), (1, 32562.568359375)]","[(0, 30494.689453125), (1, 29956.76171875)]","[(0, 18039.767578125), (1, 17025.263671875)]","[(0, 15781.619140625), (1, 13116.841796875)]","[(0, 9822.7119140625), (1, 11980.4248046875)]","[(0, 11374.42578125), (1, 12212.0576171875)]"
162,"[(0, 20249.80078125), (1, 22331.2109375)]","[(0, 16838.501953125), (1, 18078.830078125)]","[(0, 17966.919921875), (1, 19440.84765625)]","[(0, 22945.72265625), (1, 21450.62109375)]","[(0, 19061.154296875), (1, 14969.748046875)]","[(0, 39115.2734375), (1, 39576.46875)]","[(0, 21183.77734375), (1, 21901.0390625)]","[(0, 25716.40234375), (1, 17128.26953125)]","[(0, 21946.47265625), (1, 20791.466796875)]","[(0, 13121.93359375), (1, 14024.138671875)]","[(0, 15445.779296875), (1, 16833.04296875)]"
163,"[(0, 23920.42578125), (1, 25517.0078125)]","[(0, 16989.369140625), (1, 17658.333984375)]","[(0, 9677.3251953125), (1, 9517.974609375)]","[(0, 15038.50390625), (1, 14217.9521484375)]","[(0, 8281.0234375), (1, 6624.51513671875)]","[(0, 37945.6796875), (1, 38170.45703125)]","[(0, 36547.87109375), (1, 35428.375)]","[(0, 27937.76953125), (1, 46449.34375)]","[(0, 14828.1884765625), (1, 15181.5078125)]","[(0, 14868.5166015625), (1, 7992.3212890625)]","[(0, 23745.029296875), (1, 20350.12109375)]"
164,"[(0, 23124.41015625), (1, 25300.18359375)]","[(0, 13759.380859375), (1, 14810.1552734375)]","[(0, 14695.853515625), (1, 10540.8037109375)]","[(0, 19966.337890625), (1, 23654.48828125)]","[(0, 4728.86328125), (1, 3679.40185546875)]","[(0, 35997.2421875), (1, 35811.0078125)]","[(0, 42242.9453125), (1, 41812.5234375)]","[(0, 12173.349609375), (1, 20500.087890625)]","[(0, 14372.150390625), (1, 8649.8740234375)]","[(0, 19499.318359375), (1, 13194.4267578125)]","[(0, 18459.98046875), (1, 20501.10546875)]"
165,"[(0, 30653.94921875), (1, 33405.609375)]","[(0, 12531.8232421875), (1, 14194.7705078125)]","[(0, 16830.541015625), (1, 18316.759765625)]","[(0, 12019.5869140625), (1, 14321.1171875)]","[(0, 14085.890625), (1, 9885.9013671875)]","[(0, 18550.3359375), (1, 18558.724609375)]","[(0, 22065.046875), (1, 22057.892578125)]","[(0, 17005.173828125), (1, 8566.8837890625)]","[(0, 20788.333984375), (1, 13681.162109375)]","[(0, 21347.173828125), (1, 25258.525390625)]","[(0, 21182.3828125), (1, 21206.1328125)]"
166,"[(0, 22736.564453125), (1, 24625.26953125)]","[(0, 13494.73046875), (1, 15187.9228515625)]","[(0, 6069.74560546875), (1, 5307.21923828125)]","[(0, 14905.5576171875), (1, 15357.796875)]","[(0, 14827.8486328125), (1, 11089.0888671875)]","[(0, 29726.982421875), (1, 28666.404296875)]","[(0, 18500.267578125), (1, 18385.9765625)]","[(0, 13131.134765625), (1, 11495.8125)]","[(0, 11369.837890625), (1, 14078.357421875)]","[(0, 28547.509765625), (1, 31605.482421875)]","[(0, 9419.2861328125), (1, 10756.25)]"
167,"[(0, 24647.75390625), (1, 27399.861328125)]","[(0, 13207.7333984375), (1, 13574.953125)]","[(0, 16315.1298828125), (1, 17434.158203125)]","[(0, 22066.205078125), (1, 18628.091796875)]","[(0, 16331.849609375), (1, 13760.9033203125)]","[(0, 25397.6328125), (1, 25276.814453125)]","[(0, 22818.609375), (1, 21432.666015625)]","[(0, 19586.59765625), (1, 31283.953125)]","[(0, 13987.767578125), (1, 10051.7763671875)]","[(0, 7203.18408203125), (1, 10181.1904296875)]","[(0, 14716.10546875), (1, 15637.8681640625)]"
168,"[(0, 20924.9609375), (1, 22509.638671875)]","[(0, 9559.7294921875), (1, 9559.3740234375)]","[(0, 26210.912109375), (1, 23876.0078125)]","[(0, 12072.5009765625), (1, 14288.6357421875)]","[(0, 13469.5556640625), (1, 11693.8505859375)]","[(0, 12798.4326171875), (1, 13145.53125)]","[(0, 19456.130859375), (1, 17658.501953125)]","[(0, 12405.765625), (1, 16388.046875)]","[(0, 17711.42578125), (1, 24901.50390625)]","[(0, 33615.765625), (1, 17182.767578125)]","[(0, 15886.61328125), (1, 13579.380859375)]"
169,"[(0, 33609.38671875), (1, 35764.3515625)]","[(0, 14583.9375), (1, 16126.728515625)]","[(0, 23501.71875), (1, 24991.505859375)]","[(0, 26670.2578125), (1, 26550.650390625)]","[(0, 17350.943359375), (1, 13117.6669921875)]","[(0, 25732.619140625), (1, 25365.00390625)]","[(0, 26160.568359375), (1, 25693.015625)]","[(0, 32336.6015625), (1, 26583.435546875)]","[(0, 15623.140625), (1, 24586.994140625)]","[(0, 13486.265625), (1, 19153.99609375)]","[(0, 12323.7890625), (1, 13030.00390625)]"
170,"[(0, 35217.0625), (1, 36390.91015625)]","[(0, 17253.60546875), (1, 18934.9453125)]","[(0, 25990.599609375), (1, 27866.615234375)]","[(0, 19523.228515625), (1, 16484.0390625)]","[(0, 12666.5634765625), (1, 8961.814453125)]","[(0, 23879.90234375), (1, 23941.583984375)]","[(0, 32998.828125), (1, 33176.1953125)]","[(0, 14788.7587890625), (1, 21624.921875)]","[(0, 9210.693359375), (1, 15287.1875)]","[(0, 12269.71484375), (1, 14886.294921875)]","[(0, 23804.23046875), (1, 23703.466796875)]"
171,"[(0, 21779.298828125), (1, 23022.79296875)]","[(0, 14960.9580078125), (1, 15195.716796875)]","[(0, 27428.33203125), (1, 23847.083984375)]","[(0, 15659.8662109375), (1, 16831.052734375)]","[(0, 6102.57421875), (1, 5445.0634765625)]","[(0, 21627.068359375), (1, 21081.939453125)]","[(0, 36521.66796875), (1, 30598.10546875)]","[(0, 19123.22265625), (1, 21858.619140625)]","[(0, 16748.3046875), (1, 16011.548828125)]","[(0, 16821.474609375), (1, 12751.30859375)]","[(0, 25417.7421875), (1, 20858.97265625)]"
172,"[(0, 20458.05859375), (1, 23390.724609375)]","[(0, 19161.396484375), (1, 19851.619140625)]","[(0, 14807.2451171875), (1, 14465.5732421875)]","[(0, 8331.8564453125), (1, 8842.2900390625)]","[(0, 5914.3720703125), (1, 5174.7685546875)]","[(0, 32569.337890625), (1, 32504.021484375)]","[(0, 27997.7265625), (1, 22401.919921875)]","[(0, 14854.0322265625), (1, 20353.90625)]","[(0, 36047.01953125), (1, 18663.81640625)]","[(0, 17053.734375), (1, 28481.783203125)]","[(0, 17785.412109375), (1, 14718.7724609375)]"
173,"[(0, 16482.625), (1, 18702.78515625)]","[(0, 12001.8330078125), (1, 11247.3896484375)]","[(0, 21624.716796875), (1, 20090.337890625)]","[(0, 25734.779296875), (1, 25524.892578125)]","[(0, 23280.787109375), (1, 20697.849609375)]","[(0, 22936.228515625), (1, 22745.43359375)]","[(0, 27843.689453125), (1, 27901.6640625)]","[(0, 12904.90234375), (1, 20916.181640625)]","[(0, 27098.8046875), (1, 31799.671875)]","[(0, 8376.6162109375), (1, 8214.2998046875)]","[(0, 17255.052734375), (1, 17834.072265625)]"
174,"[(0, 22149.0390625), (1, 25028.140625)]","[(0, 18213.2578125), (1, 20450.375)]","[(0, 15185.779296875), (1, 13086.4296875)]","[(0, 10875.892578125), (1, 10651.8720703125)]","[(0, 16977.787109375), (1, 13953.447265625)]","[(0, 20716.75), (1, 20651.53515625)]","[(0, 25832.2265625), (1, 25580.84375)]","[(0, 21778.466796875), (1, 14376.427734375)]","[(0, 17750.927734375), (1, 20001.17578125)]","[(0, 8811.58984375), (1, 9889.8427734375)]","[(0, 6575.74658203125), (1, 7209.82275390625)]"
175,"[(0, 14243.0576171875), (1, 15740.26953125)]","[(0, 17877.119140625), (1, 19625.91796875)]","[(0, 23333.419921875), (1, 20466.9375)]","[(0, 9464.6513671875), (1, 8793.884765625)]","[(0, 13908.103515625), (1, 11631.376953125)]","[(0, 23107.8984375), (1, 23287.78125)]","[(0, 35483.22265625), (1, 34604.97265625)]","[(0, 26009.0703125), (1, 26449.310546875)]","[(0, 21461.916015625), (1, 21126.279296875)]","[(0, 22392.650390625), (1, 28822.3828125)]","[(0, 20458.78125), (1, 17867.251953125)]"
176,"[(0, 17279.640625), (1, 18716.6484375)]","[(0, 18579.125), (1, 18998.560546875)]","[(0, 15570.990234375), (1, 16746.068359375)]","[(0, 10978.287109375), (1, 11737.1015625)]","[(0, 14207.63671875), (1, 11619.9580078125)]","[(0, 28971.333984375), (1, 28195.205078125)]","[(0, 26331.5234375), (1, 24329.51171875)]","[(0, 18579.0), (1, 18694.029296875)]","[(0, 16103.384765625), (1, 15588.7314453125)]","[(0, 14294.1005859375), (1, 8355.337890625)]","[(0, 8487.89453125), (1, 9548.3583984375)]"
177,"[(0, 20908.86328125), (1, 22813.8671875)]","[(0, 18108.802734375), (1, 18325.94921875)]","[(0, 15572.23828125), (1, 14196.1513671875)]","[(0, 24966.611328125), (1, 26523.267578125)]","[(0, 23820.966796875), (1, 22989.68359375)]","[(0, 30503.47265625), (1, 29602.87109375)]","[(0, 31984.9296875), (1, 31088.46484375)]","[(0, 17205.099609375), (1, 18073.693359375)]","[(0, 11701.3037109375), (1, 8322.3662109375)]","[(0, 11966.654296875), (1, 7850.3564453125)]","[(0, 13067.6591796875), (1, 13962.111328125)]"
178,"[(0, 24083.40234375), (1, 25765.943359375)]","[(0, 28533.11328125), (1, 29706.916015625)]","[(0, 20855.9296875), (1, 20316.072265625)]","[(0, 25958.669921875), (1, 26055.470703125)]","[(0, 16640.12109375), (1, 14479.2236328125)]","[(0, 20952.498046875), (1, 21351.71484375)]","[(0, 29142.421875), (1, 29237.822265625)]","[(0, 12056.208984375), (1, 10624.3984375)]","[(0, 11421.4921875), (1, 8303.0546875)]","[(0, 10147.9033203125), (1, 8955.783203125)]","[(0, 14098.416015625), (1, 15193.8779296875)]"
179,"[(0, 20066.001953125), (1, 21805.87890625)]","[(0, 34539.23046875), (1, 35837.34765625)]","[(0, 17519.310546875), (1, 16044.611328125)]","[(0, 18205.89453125), (1, 17837.728515625)]","[(0, 22966.54296875), (1, 20731.177734375)]","[(0, 19748.10546875), (1, 19494.798828125)]","[(0, 22261.041015625), (1, 21239.8515625)]","[(0, 18011.0078125), (1, 20138.58203125)]","[(0, 19897.791015625), (1, 14052.81640625)]","[(0, 7077.7802734375), (1, 7337.587890625)]","[(0, 23676.671875), (1, 21010.74609375)]"
180,"[(0, 26029.072265625), (1, 28606.732421875)]","[(0, 26473.939453125), (1, 27178.365234375)]","[(0, 17246.646484375), (1, 11990.9638671875)]","[(0, 31241.796875), (1, 34155.7578125)]","[(0, 16057.6376953125), (1, 12961.6142578125)]","[(0, 19840.416015625), (1, 20090.720703125)]","[(0, 22584.208984375), (1, 22699.884765625)]","[(0, 14919.8505859375), (1, 8393.216796875)]","[(0, 12558.1923828125), (1, 8513.869140625)]","[(0, 12118.224609375), (1, 7098.14013671875)]","[(0, 17078.310546875), (1, 18654.06640625)]"
181,"[(0, 24946.666015625), (1, 26216.064453125)]","[(0, 26414.798828125), (1, 26468.2578125)]","[(0, 8861.158203125), (1, 7274.7607421875)]","[(0, 18005.033203125), (1, 17819.28125)]","[(0, 13036.3671875), (1, 10965.384765625)]","[(0, 16536.849609375), (1, 16061.896484375)]","[(0, 23927.01953125), (1, 31097.271484375)]","[(0, 8353.1787109375), (1, 11971.9052734375)]","[(0, 24159.73046875), (1, 28481.16015625)]","[(0, 10642.9560546875), (1, 7210.572265625)]","[(0, 20244.837890625), (1, 20875.111328125)]"
182,"[(0, 24334.80078125), (1, 25839.123046875)]","[(0, 16759.6640625), (1, 15465.3984375)]","[(0, 23617.001953125), (1, 19230.375)]","[(0, 9032.8017578125), (1, 8771.546875)]","[(0, 10701.896484375), (1, 8883.39453125)]","[(0, 19726.705078125), (1, 19855.216796875)]","[(0, 19537.123046875), (1, 23547.802734375)]","[(0, 12029.541015625), (1, 7228.1015625)]","[(0, 27537.126953125), (1, 25424.337890625)]","[(0, 21911.904296875), (1, 19883.12890625)]","[(0, 28166.63671875), (1, 28233.38671875)]"
183,"[(0, 13492.8134765625), (1, 15523.5732421875)]","[(0, 12349.70703125), (1, 11782.6005859375)]","[(0, 12441.013671875), (1, 10992.9658203125)]","[(0, 19506.58984375), (1, 17369.0390625)]","[(0, 18551.185546875), (1, 15137.5)]","[(0, 33261.73046875), (1, 34073.3125)]","[(0, 32099.064453125), (1, 32196.00390625)]","[(0, 12138.166015625), (1, 15413.3330078125)]","[(0, 17350.76171875), (1, 14821.6005859375)]","[(0, 20176.625), (1, 15612.177734375)]","[(0, 29334.70703125), (1, 23572.85546875)]"
184,"[(0, 11946.083984375), (1, 13364.9892578125)]","[(0, 13629.6171875), (1, 16149.7685546875)]","[(0, 15379.650390625), (1, 14605.8466796875)]","[(0, 22847.61328125), (1, 24430.27734375)]","[(0, 14368.5595703125), (1, 10449.373046875)]","[(0, 32824.1875), (1, 32960.73828125)]","[(0, 34003.75), (1, 33661.609375)]","[(0, 29828.84765625), (1, 32551.361328125)]","[(0, 19389.873046875), (1, 16362.6083984375)]","[(0, 11903.880859375), (1, 14960.201171875)]","[(0, 31139.5), (1, 25740.8671875)]"
185,"[(0, 19030.458984375), (1, 20551.650390625)]","[(0, 15288.3837890625), (1, 17567.96484375)]","[(0, 30397.767578125), (1, 30395.59375)]","[(0, 15186.923828125), (1, 12578.31640625)]","[(0, 9006.3759765625), (1, 6941.20166015625)]","[(0, 35234.93359375), (1, 35011.91796875)]","[(0, 21238.109375), (1, 27127.814453125)]","[(0, 19441.2734375), (1, 30878.939453125)]","[(0, 13387.1220703125), (1, 10664.0791015625)]","[(0, 22203.603515625), (1, 30761.689453125)]","[(0, 16263.3056640625), (1, 13147.7998046875)]"
186,"[(0, 22074.201171875), (1, 23958.232421875)]","[(0, 12781.1484375), (1, 13783.7314453125)]","[(0, 17868.427734375), (1, 17866.36328125)]","[(0, 15540.7705078125), (1, 16492.861328125)]","[(0, 5918.13525390625), (1, 4337.49609375)]","[(0, 31912.353515625), (1, 31801.0390625)]","[(0, 25567.794921875), (1, 29626.453125)]","[(0, 21586.453125), (1, 16902.052734375)]","[(0, 13752.716796875), (1, 20390.1796875)]","[(0, 15543.720703125), (1, 21878.556640625)]","[(0, 16708.388671875), (1, 17957.22265625)]"
187,"[(0, 30034.056640625), (1, 32452.728515625)]","[(0, 12007.2255859375), (1, 12134.0576171875)]","[(0, 12631.33984375), (1, 14061.6513671875)]","[(0, 21575.2578125), (1, 25191.263671875)]","[(0, 12129.8564453125), (1, 8684.85546875)]","[(0, 40300.890625), (1, 40979.40234375)]","[(0, 19661.494140625), (1, 19895.609375)]","[(0, 10386.21484375), (1, 16157.39453125)]","[(0, 9500.6708984375), (1, 15616.51171875)]","[(0, 14966.6650390625), (1, 14230.0517578125)]","[(0, 9064.548828125), (1, 10100.2451171875)]"
188,"[(0, 22982.779296875), (1, 25093.412109375)]","[(0, 24348.845703125), (1, 23317.02734375)]","[(0, 16920.1484375), (1, 14126.6259765625)]","[(0, 27978.26953125), (1, 27296.39453125)]","[(0, 12731.7080078125), (1, 8448.8388671875)]","[(0, 27243.62890625), (1, 26549.15625)]","[(0, 24198.83984375), (1, 23704.869140625)]","[(0, 6623.921875), (1, 8844.28125)]","[(0, 9123.02734375), (1, 10579.607421875)]","[(0, 10482.2607421875), (1, 18134.93359375)]","[(0, 18887.728515625), (1, 19477.77734375)]"
189,"[(0, 20264.0), (1, 22046.95703125)]","[(0, 24357.416015625), (1, 23595.91015625)]","[(0, 28892.833984375), (1, 20761.2109375)]","[(0, 19178.380859375), (1, 18192.392578125)]","[(0, 13398.310546875), (1, 10949.177734375)]","[(0, 34590.65625), (1, 35753.3359375)]","[(0, 28598.412109375), (1, 34210.23046875)]","[(0, 8927.275390625), (1, 10490.3603515625)]","[(0, 14810.494140625), (1, 13585.4951171875)]","[(0, 15282.6103515625), (1, 15019.6982421875)]","[(0, 20633.20703125), (1, 17814.794921875)]"
190,"[(0, 22401.2578125), (1, 24477.619140625)]","[(0, 21208.76171875), (1, 20598.349609375)]","[(0, 11680.5439453125), (1, 12157.234375)]","[(0, 21014.775390625), (1, 18987.2578125)]","[(0, 9724.943359375), (1, 7661.7705078125)]","[(0, 39549.11328125), (1, 38247.01171875)]","[(0, 26525.064453125), (1, 25128.685546875)]","[(0, 7611.2568359375), (1, 8344.1103515625)]","[(0, 6944.53173828125), (1, 4139.92138671875)]","[(0, 31850.298828125), (1, 23240.98828125)]","[(0, 24640.396484375), (1, 20200.07421875)]"
191,"[(0, 25655.775390625), (1, 28215.2734375)]","[(0, 17530.5078125), (1, 16542.986328125)]","[(0, 22063.30078125), (1, 16660.830078125)]","[(0, 22641.40234375), (1, 21280.869140625)]","[(0, 22072.98046875), (1, 19180.77734375)]","[(0, 26217.61328125), (1, 27239.49609375)]","[(0, 22662.6796875), (1, 22618.22265625)]","[(0, 26182.70703125), (1, 25102.8671875)]","[(0, 26052.587890625), (1, 20411.03515625)]","[(0, 18723.611328125), (1, 15440.2421875)]","[(0, 14947.28125), (1, 15310.416015625)]"
192,"[(0, 24300.6875), (1, 26254.09375)]","[(0, 18454.611328125), (1, 20723.291015625)]","[(0, 22442.783203125), (1, 19740.6875)]","[(0, 20241.208984375), (1, 19877.1953125)]","[(0, 16778.822265625), (1, 13398.1181640625)]","[(0, 29567.689453125), (1, 27094.30859375)]","[(0, 24979.6171875), (1, 24628.228515625)]","[(0, 32405.134765625), (1, 19148.71875)]","[(0, 9974.361328125), (1, 13883.626953125)]","[(0, 28804.21875), (1, 45509.6796875)]","[(0, 28970.0078125), (1, 23368.65234375)]"
193,"[(0, 21180.98828125), (1, 22713.1796875)]","[(0, 21855.138671875), (1, 23671.322265625)]","[(0, 19404.466796875), (1, 21591.126953125)]","[(0, 17749.521484375), (1, 15507.5625)]","[(0, 10864.623046875), (1, 9799.7587890625)]","[(0, 32065.1015625), (1, 32755.14453125)]","[(0, 28478.0078125), (1, 27737.46484375)]","[(0, 27648.806640625), (1, 31882.634765625)]","[(0, 18699.716796875), (1, 19446.6875)]","[(0, 11502.732421875), (1, 8162.5810546875)]","[(0, 27434.427734375), (1, 21785.9453125)]"
194,"[(0, 15617.2412109375), (1, 17273.08203125)]","[(0, 19142.345703125), (1, 19848.685546875)]","[(0, 9842.4775390625), (1, 10028.958984375)]","[(0, 18792.931640625), (1, 20785.103515625)]","[(0, 17453.822265625), (1, 11000.9462890625)]","[(0, 31262.927734375), (1, 30921.046875)]","[(0, 26329.791015625), (1, 23904.236328125)]","[(0, 24473.60546875), (1, 31595.779296875)]","[(0, 9626.1015625), (1, 6177.99658203125)]","[(0, 19352.591796875), (1, 18852.080078125)]","[(0, 14015.794921875), (1, 14816.3984375)]"
195,"[(0, 21784.033203125), (1, 23970.345703125)]","[(0, 18758.392578125), (1, 20300.90625)]","[(0, 19922.837890625), (1, 17531.361328125)]","[(0, 20628.130859375), (1, 19824.205078125)]","[(0, 12302.67578125), (1, 7109.1416015625)]","[(0, 31514.1953125), (1, 31811.138671875)]","[(0, 25044.998046875), (1, 24482.943359375)]","[(0, 26830.490234375), (1, 15860.228515625)]","[(0, 26887.81640625), (1, 26269.595703125)]","[(0, 26844.18359375), (1, 33201.23046875)]","[(0, 10465.8095703125), (1, 11274.505859375)]"
196,"[(0, 21964.439453125), (1, 23794.494140625)]","[(0, 17806.490234375), (1, 17426.064453125)]","[(0, 15851.2294921875), (1, 15477.3203125)]","[(0, 20192.96875), (1, 17398.73046875)]","[(0, 13164.67578125), (1, 9944.7080078125)]","[(0, 28031.818359375), (1, 28372.150390625)]","[(0, 18155.923828125), (1, 18116.62890625)]","[(0, 27048.275390625), (1, 22032.1796875)]","[(0, 6541.38330078125), (1, 6941.4658203125)]","[(0, 30799.55859375), (1, 24958.517578125)]","[(0, 18336.982421875), (1, 18967.91015625)]"
197,"[(0, 13957.06640625), (1, 15613.3388671875)]","[(0, 8367.4423828125), (1, 8547.37109375)]","[(0, 22088.7109375), (1, 17886.037109375)]","[(0, 18258.716796875), (1, 17265.505859375)]","[(0, 11663.267578125), (1, 8849.9599609375)]","[(0, 29316.447265625), (1, 29228.84375)]","[(0, 31853.912109375), (1, 32903.640625)]","[(0, 23184.3828125), (1, 28366.9296875)]","[(0, 17794.7421875), (1, 14005.240234375)]","[(0, 9978.28125), (1, 9271.4228515625)]","[(0, 10398.841796875), (1, 9331.0859375)]"
198,"[(0, 30337.53125), (1, 32136.15625)]","[(0, 16652.298828125), (1, 17068.068359375)]","[(0, 17137.060546875), (1, 15774.0654296875)]","[(0, 11797.892578125), (1, 11361.8056640625)]","[(0, 20612.595703125), (1, 16726.8984375)]","[(0, 36890.1328125), (1, 37422.42578125)]","[(0, 21441.90625), (1, 20729.4765625)]","[(0, 11444.9013671875), (1, 11645.47265625)]","[(0, 28060.544921875), (1, 34040.8671875)]","[(0, 18383.03125), (1, 17947.46484375)]","[(0, 25818.60546875), (1, 20434.076171875)]"
199,"[(0, 28456.859375), (1, 30640.76953125)]","[(0, 19562.25390625), (1, 19856.4296875)]","[(0, 24729.2890625), (1, 25779.90234375)]","[(0, 16073.541015625), (1, 17566.541015625)]","[(0, 9819.1982421875), (1, 6516.2353515625)]","[(0, 27576.07421875), (1, 27262.236328125)]","[(0, 22582.466796875), (1, 22080.392578125)]","[(0, 8471.6552734375), (1, 6293.2470703125)]","[(0, 15248.326171875), (1, 10334.9638671875)]","[(0, 8281.931640625), (1, 9008.4287109375)]","[(0, 33519.37890625), (1, 25664.388671875)]"
200,"[(0, 19809.125), (1, 22179.880859375)]","[(0, 14356.4384765625), (1, 14670.369140625)]","[(0, 13874.3876953125), (1, 11229.1484375)]","[(0, 21986.96875), (1, 24039.0703125)]","[(0, 10671.76953125), (1, 8560.2841796875)]","[(0, 24056.568359375), (1, 23581.466796875)]","[(0, 24100.8203125), (1, 25022.03125)]","[(0, 15276.8115234375), (1, 20174.779296875)]","[(0, 24938.9140625), (1, 24793.875)]","[(0, 12565.69140625), (1, 12034.9228515625)]","[(0, 15068.708984375), (1, 13733.6083984375)]"
201,"[(0, 26004.408203125), (1, 26813.8125)]","[(0, 20195.357421875), (1, 19751.703125)]","[(0, 15122.0322265625), (1, 16169.44921875)]","[(0, 16387.205078125), (1, 15598.3671875)]","[(0, 11860.5927734375), (1, 9167.490234375)]","[(0, 24757.51171875), (1, 25363.091796875)]","[(0, 19659.75), (1, 19354.41796875)]","[(0, 20819.7421875), (1, 11249.3310546875)]","[(0, 15577.5244140625), (1, 11152.98828125)]","[(0, 12859.7529296875), (1, 10450.95703125)]","[(0, 16605.990234375), (1, 17280.380859375)]"
202,"[(0, 25556.58203125), (1, 27575.78515625)]","[(0, 14130.197265625), (1, 13451.1357421875)]","[(0, 9964.77734375), (1, 10232.64453125)]","[(0, 32380.66796875), (1, 30664.38671875)]","[(0, 25023.84375), (1, 23275.48046875)]","[(0, 28939.107421875), (1, 28899.064453125)]","[(0, 19014.494140625), (1, 17162.21484375)]","[(0, 14287.7900390625), (1, 19702.658203125)]","[(0, 22879.03515625), (1, 24908.130859375)]","[(0, 9265.8544921875), (1, 12608.3779296875)]","[(0, 16332.41015625), (1, 17463.046875)]"
203,"[(0, 21394.111328125), (1, 23199.80078125)]","[(0, 18290.62890625), (1, 19384.935546875)]","[(0, 13976.4462890625), (1, 14703.55078125)]","[(0, 21749.84375), (1, 22161.2734375)]","[(0, 17386.8203125), (1, 14780.12890625)]","[(0, 25436.220703125), (1, 25261.9453125)]","[(0, 18420.236328125), (1, 18829.02734375)]","[(0, 16274.3681640625), (1, 17001.36328125)]","[(0, 15911.236328125), (1, 18614.330078125)]","[(0, 17137.3046875), (1, 8902.501953125)]","[(0, 14881.525390625), (1, 16532.513671875)]"
204,"[(0, 35021.265625), (1, 35162.4296875)]","[(0, 20891.36328125), (1, 22399.65625)]","[(0, 20240.166015625), (1, 16890.53125)]","[(0, 24162.47265625), (1, 25256.55078125)]","[(0, 13334.384765625), (1, 11875.419921875)]","[(0, 17664.060546875), (1, 17468.193359375)]","[(0, 23929.34765625), (1, 23335.669921875)]","[(0, 27046.67578125), (1, 32385.76171875)]","[(0, 18264.69140625), (1, 14953.498046875)]","[(0, 15443.466796875), (1, 22508.48046875)]","[(0, 14136.5849609375), (1, 12266.6494140625)]"
205,"[(0, 25503.91796875), (1, 26332.9296875)]","[(0, 18230.619140625), (1, 18423.908203125)]","[(0, 9338.8125), (1, 9271.591796875)]","[(0, 21759.677734375), (1, 21814.634765625)]","[(0, 13629.630859375), (1, 11415.0791015625)]","[(0, 20628.26953125), (1, 20656.5)]","[(0, 23318.740234375), (1, 20580.166015625)]","[(0, 10904.91015625), (1, 10532.1318359375)]","[(0, 7663.56787109375), (1, 5180.353515625)]","[(0, 25067.626953125), (1, 14537.779296875)]","[(0, 25780.6171875), (1, 21192.888671875)]"
206,"[(0, 16908.501953125), (1, 18940.455078125)]","[(0, 14112.5146484375), (1, 13555.767578125)]","[(0, 22996.6796875), (1, 20552.021484375)]","[(0, 19787.90234375), (1, 19316.857421875)]","[(0, 23625.0), (1, 21512.611328125)]","[(0, 27335.62890625), (1, 27352.39453125)]","[(0, 23341.1875), (1, 20491.0)]","[(0, 14315.7236328125), (1, 9627.1103515625)]","[(0, 15429.291015625), (1, 12771.1220703125)]","[(0, 31428.8671875), (1, 20880.986328125)]","[(0, 10148.2998046875), (1, 11516.365234375)]"
207,"[(0, 16591.6953125), (1, 18431.2890625)]","[(0, 12598.845703125), (1, 12376.4248046875)]","[(0, 11035.5380859375), (1, 10794.734375)]","[(0, 20196.146484375), (1, 17824.041015625)]","[(0, 16349.552734375), (1, 13392.08984375)]","[(0, 35303.01171875), (1, 35125.99609375)]","[(0, 21017.66015625), (1, 20913.9296875)]","[(0, 22130.90234375), (1, 16590.935546875)]","[(0, 11841.3798828125), (1, 8182.12744140625)]","[(0, 16421.48046875), (1, 15492.2197265625)]","[(0, 22010.40234375), (1, 18546.0390625)]"
208,"[(0, 25061.67578125), (1, 26554.095703125)]","[(0, 13863.3564453125), (1, 14826.7177734375)]","[(0, 13008.548828125), (1, 14935.25390625)]","[(0, 11047.025390625), (1, 11698.435546875)]","[(0, 12204.38671875), (1, 8947.9716796875)]","[(0, 26808.03515625), (1, 27830.603515625)]","[(0, 24699.7578125), (1, 25109.353515625)]","[(0, 8995.5947265625), (1, 19426.537109375)]","[(0, 15635.9580078125), (1, 20360.97265625)]","[(0, 12301.326171875), (1, 9670.1015625)]","[(0, 17494.201171875), (1, 18330.7578125)]"
209,"[(0, 20231.2890625), (1, 22269.046875)]","[(0, 16866.611328125), (1, 17740.080078125)]","[(0, 20033.533203125), (1, 18467.587890625)]","[(0, 7378.39208984375), (1, 7376.337890625)]","[(0, 3671.025146484375), (1, 3242.499755859375)]","[(0, 25723.93359375), (1, 24798.818359375)]","[(0, 26954.029296875), (1, 24760.0390625)]","[(0, 6900.4716796875), (1, 6793.845703125)]","[(0, 14521.6220703125), (1, 7658.8408203125)]","[(0, 20690.7265625), (1, 37018.484375)]","[(0, 13982.4326171875), (1, 15215.076171875)]"
210,"[(0, 21450.375), (1, 23226.673828125)]","[(0, 13280.4853515625), (1, 13782.837890625)]","[(0, 10127.8984375), (1, 7899.11083984375)]","[(0, 21145.2265625), (1, 22652.697265625)]","[(0, 3424.275390625), (1, 3030.012939453125)]","[(0, 28725.21484375), (1, 30290.376953125)]","[(0, 17342.17578125), (1, 16404.888671875)]","[(0, 23256.6640625), (1, 15085.099609375)]","[(0, 31550.552734375), (1, 19426.7421875)]","[(0, 14493.314453125), (1, 7417.138671875)]","[(0, 28741.84765625), (1, 22153.076171875)]"
211,"[(0, 26322.234375), (1, 29051.931640625)]","[(0, 17556.625), (1, 18089.642578125)]","[(0, 17286.611328125), (1, 16089.2158203125)]","[(0, 14891.7197265625), (1, 13324.21484375)]","[(0, 20609.314453125), (1, 15691.453125)]","[(0, 21893.5625), (1, 20953.49609375)]","[(0, 23292.533203125), (1, 23472.958984375)]","[(0, 10344.70703125), (1, 10568.041015625)]","[(0, 11569.1484375), (1, 17098.810546875)]","[(0, 23561.70703125), (1, 13099.490234375)]","[(0, 9620.759765625), (1, 10463.97265625)]"
212,"[(0, 16323.673828125), (1, 18180.59765625)]","[(0, 14240.8447265625), (1, 14507.1298828125)]","[(0, 16995.658203125), (1, 15652.474609375)]","[(0, 16066.29296875), (1, 15033.2265625)]","[(0, 12670.1044921875), (1, 8587.0947265625)]","[(0, 23721.716796875), (1, 22514.857421875)]","[(0, 27182.61328125), (1, 26773.94921875)]","[(0, 20188.943359375), (1, 26292.603515625)]","[(0, 19858.587890625), (1, 15971.759765625)]","[(0, 11451.693359375), (1, 7319.09521484375)]","[(0, 24565.76171875), (1, 20514.228515625)]"
213,"[(0, 18478.73828125), (1, 20285.326171875)]","[(0, 23520.3984375), (1, 23819.10546875)]","[(0, 19917.30859375), (1, 16164.2685546875)]","[(0, 22213.3671875), (1, 22342.712890625)]","[(0, 18897.69140625), (1, 15749.263671875)]","[(0, 23998.412109375), (1, 25403.373046875)]","[(0, 28775.96875), (1, 34478.640625)]","[(0, 20509.96484375), (1, 15195.123046875)]","[(0, 5888.35986328125), (1, 7169.8349609375)]","[(0, 19932.20703125), (1, 30917.0078125)]","[(0, 12412.09765625), (1, 13760.4580078125)]"
214,"[(0, 21190.34375), (1, 23343.525390625)]","[(0, 25275.322265625), (1, 25511.556640625)]","[(0, 17794.3515625), (1, 16791.884765625)]","[(0, 17455.537109375), (1, 17532.498046875)]","[(0, 14110.1318359375), (1, 10466.3173828125)]","[(0, 21784.013671875), (1, 22282.025390625)]","[(0, 31744.013671875), (1, 38543.3828125)]","[(0, 12521.490234375), (1, 23029.205078125)]","[(0, 12896.8935546875), (1, 15744.232421875)]","[(0, 8832.2021484375), (1, 9056.806640625)]","[(0, 13958.623046875), (1, 13572.7001953125)]"
215,"[(0, 21803.2578125), (1, 23484.333984375)]","[(0, 21013.751953125), (1, 21275.998046875)]","[(0, 8481.4853515625), (1, 7765.9072265625)]","[(0, 26452.537109375), (1, 34126.71484375)]","[(0, 8742.6669921875), (1, 7425.0009765625)]","[(0, 24980.021484375), (1, 23747.4765625)]","[(0, 31874.181640625), (1, 31174.501953125)]","[(0, 22006.876953125), (1, 16271.015625)]","[(0, 8472.1484375), (1, 6083.21337890625)]","[(0, 38236.4375), (1, 23623.96484375)]","[(0, 24620.033203125), (1, 20762.775390625)]"
216,"[(0, 24439.810546875), (1, 27021.84765625)]","[(0, 19245.015625), (1, 18452.359375)]","[(0, 21505.923828125), (1, 19060.42578125)]","[(0, 12983.0048828125), (1, 14247.107421875)]","[(0, 8644.6953125), (1, 7469.19091796875)]","[(0, 25101.8359375), (1, 24290.81640625)]","[(0, 20654.193359375), (1, 21081.7578125)]","[(0, 35881.6328125), (1, 19744.07421875)]","[(0, 13638.0556640625), (1, 9598.0595703125)]","[(0, 13445.5302734375), (1, 16596.142578125)]","[(0, 20683.25), (1, 20656.677734375)]"
217,"[(0, 19435.75), (1, 20682.994140625)]","[(0, 18981.3203125), (1, 22219.109375)]","[(0, 9372.431640625), (1, 9646.14453125)]","[(0, 9621.603515625), (1, 9055.7783203125)]","[(0, 23425.126953125), (1, 21661.498046875)]","[(0, 28722.337890625), (1, 30250.76953125)]","[(0, 36899.38671875), (1, 31923.099609375)]","[(0, 19038.171875), (1, 15517.37109375)]","[(0, 10497.236328125), (1, 15502.4912109375)]","[(0, 15002.6484375), (1, 8122.0625)]","[(0, 21877.826171875), (1, 17595.447265625)]"
218,"[(0, 15415.71484375), (1, 17223.33984375)]","[(0, 17610.302734375), (1, 19814.548828125)]","[(0, 29797.943359375), (1, 29183.83203125)]","[(0, 26956.73046875), (1, 26997.994140625)]","[(0, 17654.0234375), (1, 15318.09765625)]","[(0, 28324.59765625), (1, 28544.408203125)]","[(0, 21344.244140625), (1, 19846.583984375)]","[(0, 9141.8828125), (1, 13004.20703125)]","[(0, 11935.9599609375), (1, 20649.56640625)]","[(0, 17923.5859375), (1, 18478.52734375)]","[(0, 18000.568359375), (1, 19475.845703125)]"
219,"[(0, 21866.20703125), (1, 23623.603515625)]","[(0, 19651.953125), (1, 20658.251953125)]","[(0, 21316.474609375), (1, 20961.171875)]","[(0, 27240.953125), (1, 26780.87109375)]","[(0, 15229.4775390625), (1, 11225.83984375)]","[(0, 23319.2734375), (1, 22775.736328125)]","[(0, 38776.54296875), (1, 36892.8046875)]","[(0, 12308.7431640625), (1, 15847.8603515625)]","[(0, 16876.07421875), (1, 15215.3369140625)]","[(0, 27231.0546875), (1, 20252.310546875)]","[(0, 21967.623046875), (1, 19507.76171875)]"
220,"[(0, 18447.943359375), (1, 19933.5546875)]","[(0, 24291.51171875), (1, 24921.080078125)]","[(0, 6366.59814453125), (1, 6778.171875)]","[(0, 20482.384765625), (1, 21516.201171875)]","[(0, 9949.9921875), (1, 6763.70751953125)]","[(0, 27100.587890625), (1, 27272.794921875)]","[(0, 34587.15625), (1, 34655.4375)]","[(0, 9957.8330078125), (1, 8036.56005859375)]","[(0, 7278.5771484375), (1, 9217.6005859375)]","[(0, 8785.6953125), (1, 6941.66455078125)]","[(0, 21865.541015625), (1, 17373.080078125)]"
221,"[(0, 12337.21875), (1, 13672.513671875)]","[(0, 11994.6005859375), (1, 11920.1259765625)]","[(0, 31675.216796875), (1, 28661.267578125)]","[(0, 24078.947265625), (1, 24203.0625)]","[(0, 5352.0126953125), (1, 4829.67041015625)]","[(0, 32617.177734375), (1, 33340.30078125)]","[(0, 22803.5546875), (1, 21997.03515625)]","[(0, 8068.03759765625), (1, 10140.8310546875)]","[(0, 12752.6953125), (1, 10807.9921875)]","[(0, 11869.826171875), (1, 11917.7841796875)]","[(0, 13362.2109375), (1, 13763.2529296875)]"
222,"[(0, 16694.833984375), (1, 18623.6171875)]","[(0, 21879.74609375), (1, 22599.400390625)]","[(0, 18520.05859375), (1, 17154.556640625)]","[(0, 22896.71484375), (1, 23316.537109375)]","[(0, 5148.22216796875), (1, 4704.2900390625)]","[(0, 21499.916015625), (1, 21530.017578125)]","[(0, 26667.53515625), (1, 26785.134765625)]","[(0, 14191.0625), (1, 15998.025390625)]","[(0, 35788.74609375), (1, 26040.865234375)]","[(0, 11493.4013671875), (1, 12849.994140625)]","[(0, 23335.068359375), (1, 18739.20703125)]"
223,"[(0, 21405.62109375), (1, 23539.763671875)]","[(0, 27632.568359375), (1, 28832.720703125)]","[(0, 19085.947265625), (1, 15877.7373046875)]","[(0, 23665.677734375), (1, 26664.35546875)]","[(0, 25543.7890625), (1, 24265.326171875)]","[(0, 17908.123046875), (1, 17356.22265625)]","[(0, 26899.126953125), (1, 25195.708984375)]","[(0, 28945.982421875), (1, 27932.759765625)]","[(0, 21586.14453125), (1, 21995.96484375)]","[(0, 7862.05908203125), (1, 9582.1005859375)]","[(0, 19828.896484375), (1, 17024.548828125)]"
224,"[(0, 24776.005859375), (1, 26926.306640625)]","[(0, 19934.240234375), (1, 19980.146484375)]","[(0, 13427.48828125), (1, 11401.3916015625)]","[(0, 14532.08203125), (1, 15167.6875)]","[(0, 17945.240234375), (1, 15074.775390625)]","[(0, 25049.51171875), (1, 24526.50390625)]","[(0, 27744.875), (1, 27481.037109375)]","[(0, 10096.7978515625), (1, 12042.8447265625)]","[(0, 7425.81591796875), (1, 8465.6552734375)]","[(0, 14966.4228515625), (1, 16530.275390625)]","[(0, 16865.51953125), (1, 18232.130859375)]"
225,"[(0, 16061.697265625), (1, 17245.283203125)]","[(0, 23908.15625), (1, 24463.36328125)]","[(0, 14848.3251953125), (1, 13955.1494140625)]","[(0, 17106.166015625), (1, 20512.390625)]","[(0, 21672.03515625), (1, 17943.220703125)]","[(0, 21678.05078125), (1, 20881.68359375)]","[(0, 35671.1875), (1, 36203.98046875)]","[(0, 11571.3447265625), (1, 16710.23828125)]","[(0, 15608.9921875), (1, 18762.2734375)]","[(0, 27989.82421875), (1, 18560.884765625)]","[(0, 8157.8876953125), (1, 7125.5546875)]"
226,"[(0, 28901.958984375), (1, 30506.1484375)]","[(0, 9213.49609375), (1, 9370.6884765625)]","[(0, 8080.83544921875), (1, 8780.3349609375)]","[(0, 11611.1728515625), (1, 11847.8642578125)]","[(0, 21524.330078125), (1, 18962.59375)]","[(0, 26349.861328125), (1, 25047.38671875)]","[(0, 32029.55859375), (1, 31083.80859375)]","[(0, 20792.85546875), (1, 18618.341796875)]","[(0, 18680.376953125), (1, 22823.767578125)]","[(0, 16030.234375), (1, 9318.4755859375)]","[(0, 31434.052734375), (1, 24765.208984375)]"
227,"[(0, 18079.658203125), (1, 19287.5703125)]","[(0, 17151.498046875), (1, 18667.5546875)]","[(0, 28091.390625), (1, 24308.173828125)]","[(0, 12470.8173828125), (1, 13806.42578125)]","[(0, 19443.962890625), (1, 15099.5087890625)]","[(0, 20084.859375), (1, 19764.873046875)]","[(0, 22019.9765625), (1, 27992.62890625)]","[(0, 13593.54296875), (1, 14420.3544921875)]","[(0, 13454.4072265625), (1, 14373.20703125)]","[(0, 16238.6025390625), (1, 17347.66796875)]","[(0, 29059.716796875), (1, 23111.80078125)]"
228,"[(0, 19574.58984375), (1, 21122.814453125)]","[(0, 16541.833984375), (1, 17353.2265625)]","[(0, 28248.79296875), (1, 21862.74609375)]","[(0, 22764.576171875), (1, 23483.662109375)]","[(0, 16937.310546875), (1, 12787.8544921875)]","[(0, 24749.107421875), (1, 24523.814453125)]","[(0, 17618.87109375), (1, 23103.46875)]","[(0, 29241.697265625), (1, 30928.86328125)]","[(0, 10567.59765625), (1, 15862.99609375)]","[(0, 6171.6484375), (1, 9849.8212890625)]","[(0, 19105.6328125), (1, 16713.12109375)]"
229,"[(0, 18533.060546875), (1, 19934.75390625)]","[(0, 16691.951171875), (1, 17159.28515625)]","[(0, 20034.451171875), (1, 17134.72265625)]","[(0, 25485.05078125), (1, 26815.5)]","[(0, 11975.970703125), (1, 8461.8701171875)]","[(0, 27233.939453125), (1, 28378.888671875)]","[(0, 31613.349609375), (1, 32351.189453125)]","[(0, 13080.9140625), (1, 9329.32421875)]","[(0, 10581.5654296875), (1, 14030.1318359375)]","[(0, 16941.267578125), (1, 21898.26171875)]","[(0, 26317.69140625), (1, 20830.1875)]"
230,"[(0, 26030.287109375), (1, 26837.16796875)]","[(0, 22281.005859375), (1, 24687.251953125)]","[(0, 26079.0625), (1, 21297.39453125)]","[(0, 26520.71484375), (1, 25685.689453125)]","[(0, 9285.12890625), (1, 7625.3740234375)]","[(0, 28219.630859375), (1, 27830.36328125)]","[(0, 31208.087890625), (1, 31439.0)]","[(0, 12199.068359375), (1, 11257.7021484375)]","[(0, 13805.3720703125), (1, 16109.1142578125)]","[(0, 8503.8154296875), (1, 10399.8935546875)]","[(0, 20041.158203125), (1, 16602.34765625)]"
231,"[(0, 20491.646484375), (1, 22518.12109375)]","[(0, 19114.544921875), (1, 21092.6171875)]","[(0, 21438.634765625), (1, 19613.53125)]","[(0, 19450.619140625), (1, 21421.939453125)]","[(0, 10722.1142578125), (1, 7382.404296875)]","[(0, 31442.6875), (1, 31511.25)]","[(0, 29995.126953125), (1, 28965.39453125)]","[(0, 40112.92578125), (1, 23505.23828125)]","[(0, 5906.26171875), (1, 4462.16748046875)]","[(0, 14594.5126953125), (1, 12676.509765625)]","[(0, 28393.994140625), (1, 27575.443359375)]"
232,"[(0, 23944.072265625), (1, 25800.072265625)]","[(0, 18786.140625), (1, 20911.13671875)]","[(0, 20318.1640625), (1, 16958.466796875)]","[(0, 19381.21875), (1, 18803.419921875)]","[(0, 9762.6708984375), (1, 6218.87841796875)]","[(0, 26873.51171875), (1, 26254.919921875)]","[(0, 33714.8125), (1, 35269.32421875)]","[(0, 26685.31640625), (1, 27648.75390625)]","[(0, 23021.146484375), (1, 24147.68359375)]","[(0, 17162.884765625), (1, 15239.138671875)]","[(0, 28675.208984375), (1, 28999.30859375)]"
233,"[(0, 21904.068359375), (1, 24199.162109375)]","[(0, 18355.59765625), (1, 19867.2265625)]","[(0, 5543.91796875), (1, 4271.2509765625)]","[(0, 20959.115234375), (1, 19797.642578125)]","[(0, 22573.744140625), (1, 18120.06640625)]","[(0, 23663.693359375), (1, 22963.3671875)]","[(0, 17814.880859375), (1, 16682.052734375)]","[(0, 15342.0595703125), (1, 20586.310546875)]","[(0, 23674.03125), (1, 17147.60546875)]","[(0, 22504.724609375), (1, 30124.931640625)]","[(0, 14330.9267578125), (1, 15268.1171875)]"
234,"[(0, 23687.35546875), (1, 25152.326171875)]","[(0, 20077.525390625), (1, 20189.6953125)]","[(0, 19786.978515625), (1, 18972.9765625)]","[(0, 19980.701171875), (1, 18432.853515625)]","[(0, 14762.8447265625), (1, 10448.4267578125)]","[(0, 23245.224609375), (1, 23166.259765625)]","[(0, 32129.505859375), (1, 32811.234375)]","[(0, 24683.603515625), (1, 30055.345703125)]","[(0, 21883.0), (1, 36829.84765625)]","[(0, 12980.4052734375), (1, 9338.9189453125)]","[(0, 11717.640625), (1, 12493.673828125)]"
235,"[(0, 37324.8046875), (1, 39049.90234375)]","[(0, 25703.505859375), (1, 28349.244140625)]","[(0, 20992.380859375), (1, 21343.4296875)]","[(0, 21533.693359375), (1, 23398.490234375)]","[(0, 12156.341796875), (1, 10211.12109375)]","[(0, 22484.06640625), (1, 22566.470703125)]","[(0, 29909.859375), (1, 35465.765625)]","[(0, 17455.154296875), (1, 23314.626953125)]","[(0, 27753.15625), (1, 18301.41015625)]","[(0, 28225.47265625), (1, 21082.68359375)]","[(0, 10596.13671875), (1, 11810.421875)]"
236,"[(0, 36796.3203125), (1, 39028.15625)]","[(0, 29685.6484375), (1, 32452.11328125)]","[(0, 28577.828125), (1, 22856.15625)]","[(0, 11434.2978515625), (1, 9668.8193359375)]","[(0, 12299.765625), (1, 10465.609375)]","[(0, 31036.6796875), (1, 31544.896484375)]","[(0, 32125.369140625), (1, 36550.65625)]","[(0, 11198.3486328125), (1, 15091.4892578125)]","[(0, 9993.08984375), (1, 9424.498046875)]","[(0, 15858.064453125), (1, 17868.734375)]","[(0, 13855.7431640625), (1, 11553.8994140625)]"
237,"[(0, 18138.064453125), (1, 20656.005859375)]","[(0, 23359.203125), (1, 25091.78515625)]","[(0, 15882.068359375), (1, 14124.7802734375)]","[(0, 17376.578125), (1, 18146.923828125)]","[(0, 18215.86328125), (1, 14018.8037109375)]","[(0, 25446.072265625), (1, 25593.62890625)]","[(0, 20639.46484375), (1, 22123.685546875)]","[(0, 33932.70703125), (1, 26337.30078125)]","[(0, 17336.08984375), (1, 15298.8701171875)]","[(0, 8830.509765625), (1, 5653.40185546875)]","[(0, 6588.06884765625), (1, 5974.275390625)]"
238,"[(0, 31138.845703125), (1, 32471.70703125)]","[(0, 27439.5546875), (1, 28430.900390625)]","[(0, 8782.3779296875), (1, 8576.4228515625)]","[(0, 7391.95703125), (1, 6929.38818359375)]","[(0, 11471.958984375), (1, 8888.89453125)]","[(0, 29458.060546875), (1, 30087.953125)]","[(0, 36274.97265625), (1, 34519.33984375)]","[(0, 19640.0546875), (1, 17576.595703125)]","[(0, 6340.94873046875), (1, 5137.216796875)]","[(0, 8226.2001953125), (1, 9230.3291015625)]","[(0, 16696.44140625), (1, 13628.4736328125)]"
239,"[(0, 21700.47265625), (1, 23245.201171875)]","[(0, 21122.552734375), (1, 21845.677734375)]","[(0, 27604.78125), (1, 24987.09765625)]","[(0, 30191.716796875), (1, 26984.328125)]","[(0, 17080.361328125), (1, 13311.6025390625)]","[(0, 34614.609375), (1, 34647.04296875)]","[(0, 17831.5703125), (1, 19856.087890625)]","[(0, 8711.6162109375), (1, 12907.76953125)]","[(0, 9747.9248046875), (1, 16071.02734375)]","[(0, 16732.466796875), (1, 7851.375)]","[(0, 14414.8818359375), (1, 14850.4775390625)]"
240,"[(0, 21584.91015625), (1, 23766.64453125)]","[(0, 24452.515625), (1, 24606.08984375)]","[(0, 16782.216796875), (1, 18466.4609375)]","[(0, 30298.84375), (1, 30731.458984375)]","[(0, 10640.033203125), (1, 7444.01708984375)]","[(0, 15078.4833984375), (1, 15544.357421875)]","[(0, 20898.078125), (1, 22958.1328125)]","[(0, 11374.990234375), (1, 11592.04296875)]","[(0, 11566.478515625), (1, 8574.0263671875)]","[(0, 11792.8310546875), (1, 14835.0625)]","[(0, 20136.546875), (1, 20845.767578125)]"
241,"[(0, 14698.236328125), (1, 16051.23828125)]","[(0, 18620.4375), (1, 18856.62890625)]","[(0, 22404.03515625), (1, 19755.283203125)]","[(0, 16775.958984375), (1, 18055.55078125)]","[(0, 10532.0419921875), (1, 9459.6884765625)]","[(0, 19773.0), (1, 18837.791015625)]","[(0, 33232.84375), (1, 33075.0703125)]","[(0, 21169.31640625), (1, 20111.310546875)]","[(0, 18068.16015625), (1, 24826.21875)]","[(0, 13524.376953125), (1, 19472.07421875)]","[(0, 27584.33203125), (1, 26373.091796875)]"
242,"[(0, 20389.341796875), (1, 22301.54296875)]","[(0, 14929.1025390625), (1, 14391.708984375)]","[(0, 19195.158203125), (1, 14731.9453125)]","[(0, 14035.806640625), (1, 13565.052734375)]","[(0, 9615.6416015625), (1, 9086.6630859375)]","[(0, 29471.857421875), (1, 29212.09765625)]","[(0, 42937.28125), (1, 41611.71484375)]","[(0, 10100.591796875), (1, 13158.8525390625)]","[(0, 11326.9267578125), (1, 9777.1123046875)]","[(0, 37978.9921875), (1, 32000.705078125)]","[(0, 25597.314453125), (1, 21711.421875)]"
243,"[(0, 22209.322265625), (1, 23987.748046875)]","[(0, 11764.5009765625), (1, 10670.6103515625)]","[(0, 16411.0859375), (1, 14506.2998046875)]","[(0, 13354.796875), (1, 13644.0009765625)]","[(0, 21964.814453125), (1, 19918.2578125)]","[(0, 13961.3134765625), (1, 14170.978515625)]","[(0, 24928.40234375), (1, 24579.46875)]","[(0, 23781.041015625), (1, 20520.392578125)]","[(0, 21971.142578125), (1, 29511.626953125)]","[(0, 30404.291015625), (1, 23511.158203125)]","[(0, 29179.1015625), (1, 23701.9765625)]"
244,"[(0, 37573.08984375), (1, 39284.69921875)]","[(0, 11797.09375), (1, 10714.0390625)]","[(0, 23490.494140625), (1, 18656.181640625)]","[(0, 7110.396484375), (1, 7751.35302734375)]","[(0, 19667.740234375), (1, 16213.271484375)]","[(0, 25729.96875), (1, 24928.783203125)]","[(0, 23068.947265625), (1, 23113.14453125)]","[(0, 33202.2109375), (1, 24869.751953125)]","[(0, 7310.2080078125), (1, 7544.95654296875)]","[(0, 11958.8271484375), (1, 15431.439453125)]","[(0, 16921.583984375), (1, 17916.32421875)]"
245,"[(0, 20681.39453125), (1, 23323.34375)]","[(0, 23346.755859375), (1, 25478.68359375)]","[(0, 13751.0390625), (1, 9146.400390625)]","[(0, 17580.43359375), (1, 18121.8984375)]","[(0, 20713.806640625), (1, 14930.7119140625)]","[(0, 18073.244140625), (1, 18103.037109375)]","[(0, 28471.951171875), (1, 28628.15625)]","[(0, 17330.404296875), (1, 11084.140625)]","[(0, 8441.4052734375), (1, 6510.744140625)]","[(0, 8735.3173828125), (1, 8360.263671875)]","[(0, 18676.15625), (1, 15427.4365234375)]"
246,"[(0, 23656.11328125), (1, 26174.81640625)]","[(0, 27237.8359375), (1, 29130.833984375)]","[(0, 23392.91015625), (1, 22531.76171875)]","[(0, 15684.0634765625), (1, 15537.7919921875)]","[(0, 14444.9921875), (1, 9208.05859375)]","[(0, 13211.349609375), (1, 12669.11328125)]","[(0, 24244.806640625), (1, 24802.173828125)]","[(0, 23100.0546875), (1, 34010.65625)]","[(0, 26584.474609375), (1, 28154.685546875)]","[(0, 13679.9609375), (1, 14602.0576171875)]","[(0, 22995.408203125), (1, 23599.552734375)]"
247,"[(0, 21042.58984375), (1, 22601.921875)]","[(0, 20774.40234375), (1, 21927.3515625)]","[(0, 25632.052734375), (1, 22874.91015625)]","[(0, 25108.779296875), (1, 24411.4375)]","[(0, 10036.296875), (1, 8169.97119140625)]","[(0, 21892.5), (1, 22379.22265625)]","[(0, 20275.26953125), (1, 19661.45703125)]","[(0, 8696.1845703125), (1, 9901.0634765625)]","[(0, 26991.25), (1, 34038.94921875)]","[(0, 5655.04638671875), (1, 7696.56396484375)]","[(0, 25573.33203125), (1, 20215.609375)]"
248,"[(0, 14544.228515625), (1, 16323.0048828125)]","[(0, 19357.87109375), (1, 19122.94921875)]","[(0, 9038.3154296875), (1, 8044.296875)]","[(0, 24394.28515625), (1, 24537.265625)]","[(0, 8895.0078125), (1, 7670.1923828125)]","[(0, 16834.666015625), (1, 17010.80078125)]","[(0, 36037.83984375), (1, 36060.39453125)]","[(0, 26567.51953125), (1, 19999.134765625)]","[(0, 12443.3271484375), (1, 16036.0615234375)]","[(0, 28172.4921875), (1, 24508.337890625)]","[(0, 12686.0029296875), (1, 13604.1513671875)]"
249,"[(0, 24850.380859375), (1, 26653.626953125)]","[(0, 10358.953125), (1, 9571.92578125)]","[(0, 13225.126953125), (1, 12569.4423828125)]","[(0, 16584.404296875), (1, 18099.341796875)]","[(0, 22655.61328125), (1, 18188.3671875)]","[(0, 21582.130859375), (1, 21668.3984375)]","[(0, 23567.908203125), (1, 18897.421875)]","[(0, 8995.3798828125), (1, 12212.79296875)]","[(0, 17077.837890625), (1, 22070.013671875)]","[(0, 51007.9609375), (1, 47032.47265625)]","[(0, 16409.09765625), (1, 17547.15234375)]"
250,"[(0, 28917.119140625), (1, 31515.21875)]","[(0, 20804.537109375), (1, 22788.185546875)]","[(0, 26829.08203125), (1, 26934.3203125)]","[(0, 19224.763671875), (1, 19889.330078125)]","[(0, 7057.236328125), (1, 5306.41943359375)]","[(0, 20826.751953125), (1, 19984.359375)]","[(0, 26746.74609375), (1, 23739.37109375)]","[(0, 18663.1953125), (1, 16997.375)]","[(0, 22189.908203125), (1, 34613.62109375)]","[(0, 36198.62890625), (1, 19494.3515625)]","[(0, 16164.978515625), (1, 14897.4716796875)]"
251,"[(0, 16871.341796875), (1, 19032.328125)]","[(0, 22028.607421875), (1, 22734.09375)]","[(0, 13348.1376953125), (1, 13777.4892578125)]","[(0, 15630.8154296875), (1, 15904.7734375)]","[(0, 15933.6943359375), (1, 10837.16015625)]","[(0, 19628.51953125), (1, 20222.916015625)]","[(0, 31464.646484375), (1, 33105.83984375)]","[(0, 31322.166015625), (1, 23428.56640625)]","[(0, 26581.23046875), (1, 24596.072265625)]","[(0, 21755.818359375), (1, 27663.259765625)]","[(0, 6669.923828125), (1, 5834.37890625)]"
252,"[(0, 21464.53515625), (1, 23613.421875)]","[(0, 20491.25390625), (1, 21062.70703125)]","[(0, 15533.3623046875), (1, 17131.830078125)]","[(0, 26857.755859375), (1, 22012.564453125)]","[(0, 11538.021484375), (1, 7131.59814453125)]","[(0, 21791.5546875), (1, 22347.634765625)]","[(0, 29085.05859375), (1, 30453.7109375)]","[(0, 29603.943359375), (1, 28846.91015625)]","[(0, 15299.759765625), (1, 11020.88671875)]","[(0, 14018.482421875), (1, 18713.11328125)]","[(0, 20931.947265625), (1, 18124.818359375)]"
253,"[(0, 18490.48046875), (1, 20226.966796875)]","[(0, 21726.1484375), (1, 22569.3125)]","[(0, 28534.689453125), (1, 25858.96875)]","[(0, 19643.333984375), (1, 17703.98046875)]","[(0, 14209.8994140625), (1, 11490.671875)]","[(0, 23185.998046875), (1, 22824.46484375)]","[(0, 24169.501953125), (1, 24294.6875)]","[(0, 33252.27734375), (1, 23782.244140625)]","[(0, 9766.060546875), (1, 13977.9794921875)]","[(0, 19100.3671875), (1, 23715.06640625)]","[(0, 14817.54296875), (1, 16552.69140625)]"
254,"[(0, 15765.8544921875), (1, 17317.185546875)]","[(0, 26628.068359375), (1, 27524.103515625)]","[(0, 11909.490234375), (1, 13095.380859375)]","[(0, 21530.5703125), (1, 22372.330078125)]","[(0, 16421.810546875), (1, 14003.6650390625)]","[(0, 32341.072265625), (1, 32088.779296875)]","[(0, 18827.8046875), (1, 20154.875)]","[(0, 7020.99267578125), (1, 11674.6298828125)]","[(0, 28587.75), (1, 27472.521484375)]","[(0, 17459.6171875), (1, 22707.05078125)]","[(0, 20172.720703125), (1, 20550.88671875)]"
255,"[(0, 23628.4921875), (1, 24942.455078125)]","[(0, 24161.3671875), (1, 24490.5546875)]","[(0, 25219.412109375), (1, 25983.685546875)]","[(0, 14339.8408203125), (1, 11972.7265625)]","[(0, 3153.3662109375), (1, 2638.81982421875)]","[(0, 19120.6171875), (1, 18823.927734375)]","[(0, 25058.138671875), (1, 23894.18359375)]","[(0, 17533.451171875), (1, 33788.9765625)]","[(0, 48398.11328125), (1, 35323.3203125)]","[(0, 16560.111328125), (1, 24374.263671875)]","[(0, 16926.16796875), (1, 14788.673828125)]"
256,"[(0, 26765.26953125), (1, 28336.025390625)]","[(0, 23977.685546875), (1, 23736.26953125)]","[(0, 5551.97607421875), (1, 6092.54931640625)]","[(0, 23901.591796875), (1, 25510.681640625)]","[(0, 23736.3359375), (1, 19014.166015625)]","[(0, 30587.8359375), (1, 30864.0703125)]","[(0, 21092.658203125), (1, 21391.8671875)]","[(0, 31966.0546875), (1, 20953.91796875)]","[(0, 34366.9921875), (1, 33365.109375)]","[(0, 11004.9443359375), (1, 19403.763671875)]","[(0, 17940.755859375), (1, 18435.771484375)]"
257,"[(0, 26059.1484375), (1, 28691.83984375)]","[(0, 20816.921875), (1, 20082.90625)]","[(0, 9751.708984375), (1, 10859.455078125)]","[(0, 26769.25390625), (1, 22911.763671875)]","[(0, 15216.3681640625), (1, 11163.1298828125)]","[(0, 25804.87109375), (1, 25561.1171875)]","[(0, 32001.650390625), (1, 31982.095703125)]","[(0, 10938.10546875), (1, 11155.392578125)]","[(0, 10702.55078125), (1, 9177.1123046875)]","[(0, 8230.728515625), (1, 9134.728515625)]","[(0, 19872.228515625), (1, 16935.09765625)]"
258,"[(0, 25035.54296875), (1, 27427.833984375)]","[(0, 19712.298828125), (1, 24651.279296875)]","[(0, 13457.8076171875), (1, 11721.6640625)]","[(0, 24540.494140625), (1, 25169.171875)]","[(0, 4947.99462890625), (1, 4280.875)]","[(0, 22325.5234375), (1, 22487.517578125)]","[(0, 32030.046875), (1, 31105.72265625)]","[(0, 25740.326171875), (1, 21336.48828125)]","[(0, 10870.3447265625), (1, 14201.4189453125)]","[(0, 19666.42578125), (1, 25709.095703125)]","[(0, 25595.068359375), (1, 21687.89453125)]"
259,"[(0, 20685.439453125), (1, 22549.49609375)]","[(0, 23767.732421875), (1, 27877.2734375)]","[(0, 27325.150390625), (1, 25045.953125)]","[(0, 14239.83984375), (1, 12857.7783203125)]","[(0, 4964.36328125), (1, 4336.87548828125)]","[(0, 33741.60546875), (1, 34750.0546875)]","[(0, 24640.8203125), (1, 22423.787109375)]","[(0, 33794.484375), (1, 19082.34375)]","[(0, 15636.49609375), (1, 15312.3720703125)]","[(0, 33155.22265625), (1, 43925.50390625)]","[(0, 22663.955078125), (1, 18413.755859375)]"
260,"[(0, 27121.451171875), (1, 29191.87890625)]","[(0, 21119.8125), (1, 23492.64453125)]","[(0, 8633.333984375), (1, 6720.03173828125)]","[(0, 15336.1064453125), (1, 15335.505859375)]","[(0, 26933.267578125), (1, 24322.921875)]","[(0, 37610.765625), (1, 38575.01171875)]","[(0, 21931.701171875), (1, 20374.201171875)]","[(0, 12872.3427734375), (1, 7390.3359375)]","[(0, 13315.03125), (1, 13717.05078125)]","[(0, 9316.3603515625), (1, 12069.69140625)]","[(0, 20915.724609375), (1, 18606.09375)]"
261,"[(0, 13259.56640625), (1, 15200.0078125)]","[(0, 21111.736328125), (1, 23153.9140625)]","[(0, 31527.060546875), (1, 25310.22265625)]","[(0, 10503.4951171875), (1, 11371.26953125)]","[(0, 20499.345703125), (1, 17727.37890625)]","[(0, 31577.9765625), (1, 30551.015625)]","[(0, 28002.34765625), (1, 27606.9375)]","[(0, 31733.96484375), (1, 20408.990234375)]","[(0, 9310.8271484375), (1, 8376.3447265625)]","[(0, 30072.14453125), (1, 28378.78125)]","[(0, 17520.34765625), (1, 18486.01953125)]"
262,"[(0, 22218.474609375), (1, 24008.392578125)]","[(0, 11595.8466796875), (1, 10598.7041015625)]","[(0, 16105.47265625), (1, 18040.130859375)]","[(0, 14731.8330078125), (1, 13999.751953125)]","[(0, 8984.7060546875), (1, 7783.0419921875)]","[(0, 14604.2861328125), (1, 15110.6142578125)]","[(0, 23443.181640625), (1, 23378.638671875)]","[(0, 6784.44482421875), (1, 4838.7431640625)]","[(0, 15084.525390625), (1, 15183.8828125)]","[(0, 22644.080078125), (1, 13976.2734375)]","[(0, 20368.060546875), (1, 19891.853515625)]"
263,"[(0, 33324.24609375), (1, 34793.9609375)]","[(0, 13720.28125), (1, 13738.953125)]","[(0, 29803.76953125), (1, 29354.578125)]","[(0, 18922.921875), (1, 17370.48046875)]","[(0, 8605.5576171875), (1, 7302.7177734375)]","[(0, 28340.16015625), (1, 28718.6953125)]","[(0, 34441.73828125), (1, 37412.1171875)]","[(0, 7429.8251953125), (1, 4807.42431640625)]","[(0, 17186.50390625), (1, 10274.6630859375)]","[(0, 11741.4892578125), (1, 11878.9990234375)]","[(0, 25119.173828125), (1, 21353.708984375)]"
264,"[(0, 18117.994140625), (1, 20124.740234375)]","[(0, 9797.4228515625), (1, 9381.6875)]","[(0, 25013.1796875), (1, 23033.708984375)]","[(0, 18625.109375), (1, 19848.09765625)]","[(0, 16659.794921875), (1, 12725.67578125)]","[(0, 27427.205078125), (1, 27623.875)]","[(0, 32512.951171875), (1, 35263.44140625)]","[(0, 19701.943359375), (1, 13944.48046875)]","[(0, 13760.3916015625), (1, 20003.712890625)]","[(0, 14536.3232421875), (1, 16147.7509765625)]","[(0, 9298.5458984375), (1, 10368.2626953125)]"
265,"[(0, 18897.80078125), (1, 20455.38671875)]","[(0, 20945.625), (1, 22720.697265625)]","[(0, 30910.876953125), (1, 29500.2578125)]","[(0, 14434.3466796875), (1, 14735.8095703125)]","[(0, 11213.181640625), (1, 7752.7724609375)]","[(0, 19339.0859375), (1, 19533.115234375)]","[(0, 36232.546875), (1, 36690.63671875)]","[(0, 12710.3447265625), (1, 19291.43359375)]","[(0, 24156.044921875), (1, 27613.310546875)]","[(0, 8452.521484375), (1, 9070.6884765625)]","[(0, 18940.328125), (1, 15785.9384765625)]"
266,"[(0, 20122.53125), (1, 22916.353515625)]","[(0, 20319.501953125), (1, 20976.890625)]","[(0, 18212.05859375), (1, 19584.298828125)]","[(0, 18594.9375), (1, 19092.591796875)]","[(0, 3230.881103515625), (1, 2780.688232421875)]","[(0, 22784.23046875), (1, 23058.7421875)]","[(0, 23854.931640625), (1, 24687.111328125)]","[(0, 9655.86328125), (1, 13913.5966796875)]","[(0, 15218.15234375), (1, 8548.8876953125)]","[(0, 36403.4375), (1, 30716.078125)]","[(0, 19345.080078125), (1, 20567.0234375)]"
267,"[(0, 19309.103515625), (1, 21264.638671875)]","[(0, 20197.859375), (1, 20817.498046875)]","[(0, 23602.705078125), (1, 23157.359375)]","[(0, 9916.0419921875), (1, 10874.3154296875)]","[(0, 3668.246337890625), (1, 3135.364990234375)]","[(0, 35194.265625), (1, 35347.109375)]","[(0, 38586.4921875), (1, 37816.3515625)]","[(0, 28986.451171875), (1, 24424.6875)]","[(0, 9282.6767578125), (1, 5635.498046875)]","[(0, 30259.830078125), (1, 28944.7109375)]","[(0, 11881.1748046875), (1, 10457.8173828125)]"
268,"[(0, 14250.0009765625), (1, 16231.634765625)]","[(0, 16382.8134765625), (1, 17658.6875)]","[(0, 20970.1484375), (1, 20801.9375)]","[(0, 18039.68359375), (1, 20666.962890625)]","[(0, 25614.068359375), (1, 23159.279296875)]","[(0, 27669.22265625), (1, 28647.302734375)]","[(0, 31564.546875), (1, 31161.09765625)]","[(0, 25515.912109375), (1, 25679.69140625)]","[(0, 19045.2734375), (1, 9674.4736328125)]","[(0, 34817.23046875), (1, 35201.11328125)]","[(0, 26760.853515625), (1, 21152.990234375)]"
269,"[(0, 20023.4296875), (1, 21271.65625)]","[(0, 15968.439453125), (1, 20232.8125)]","[(0, 13305.2568359375), (1, 13027.2197265625)]","[(0, 8622.841796875), (1, 8670.8271484375)]","[(0, 17244.541015625), (1, 14200.51171875)]","[(0, 20807.43359375), (1, 21778.5078125)]","[(0, 18895.1328125), (1, 18484.416015625)]","[(0, 12412.14453125), (1, 18013.568359375)]","[(0, 11739.2734375), (1, 15198.703125)]","[(0, 10559.638671875), (1, 13308.7978515625)]","[(0, 22778.017578125), (1, 19426.853515625)]"
270,"[(0, 32208.47265625), (1, 33919.92578125)]","[(0, 18600.150390625), (1, 21796.1484375)]","[(0, 14168.8974609375), (1, 11750.3955078125)]","[(0, 17626.970703125), (1, 16296.609375)]","[(0, 26299.099609375), (1, 23767.32421875)]","[(0, 26729.966796875), (1, 25718.21875)]","[(0, 29744.39453125), (1, 30373.94921875)]","[(0, 21362.65234375), (1, 35651.08984375)]","[(0, 19910.47265625), (1, 26568.408203125)]","[(0, 22108.796875), (1, 26054.650390625)]","[(0, 23892.248046875), (1, 19304.537109375)]"
271,"[(0, 26656.294921875), (1, 27461.912109375)]","[(0, 17754.14453125), (1, 19871.470703125)]","[(0, 22032.978515625), (1, 20290.376953125)]","[(0, 15647.326171875), (1, 14092.2060546875)]","[(0, 18871.07421875), (1, 15614.2919921875)]","[(0, 19041.603515625), (1, 19217.064453125)]","[(0, 22957.609375), (1, 25348.896484375)]","[(0, 8531.0595703125), (1, 14410.8408203125)]","[(0, 17677.67578125), (1, 17866.82421875)]","[(0, 22724.447265625), (1, 12232.630859375)]","[(0, 16897.86328125), (1, 14316.16015625)]"
272,"[(0, 24422.1015625), (1, 26416.966796875)]","[(0, 14397.9833984375), (1, 16316.5302734375)]","[(0, 17092.337890625), (1, 13563.8623046875)]","[(0, 19814.982421875), (1, 17323.76171875)]","[(0, 22498.072265625), (1, 19857.546875)]","[(0, 30724.251953125), (1, 30281.80078125)]","[(0, 25836.95703125), (1, 26905.46484375)]","[(0, 9068.396484375), (1, 10621.9462890625)]","[(0, 24670.49609375), (1, 34849.8515625)]","[(0, 12618.8544921875), (1, 21004.0546875)]","[(0, 16533.20703125), (1, 17456.15234375)]"
273,"[(0, 17985.451171875), (1, 19640.859375)]","[(0, 21678.15234375), (1, 23914.47265625)]","[(0, 25351.82421875), (1, 26892.53515625)]","[(0, 15777.6162109375), (1, 14869.41015625)]","[(0, 17861.271484375), (1, 14512.1953125)]","[(0, 21603.6484375), (1, 21104.912109375)]","[(0, 32223.341796875), (1, 31916.005859375)]","[(0, 10049.697265625), (1, 8399.0458984375)]","[(0, 8493.0439453125), (1, 12712.974609375)]","[(0, 15913.103515625), (1, 18943.525390625)]","[(0, 20041.0625), (1, 16895.251953125)]"
274,"[(0, 19545.955078125), (1, 21662.55078125)]","[(0, 23498.3359375), (1, 25553.705078125)]","[(0, 18586.78125), (1, 18304.22265625)]","[(0, 17840.892578125), (1, 18471.708984375)]","[(0, 15488.0537109375), (1, 10401.1123046875)]","[(0, 31849.083984375), (1, 32662.998046875)]","[(0, 31185.23828125), (1, 32258.271484375)]","[(0, 15973.83203125), (1, 12757.51171875)]","[(0, 20127.580078125), (1, 12516.3203125)]","[(0, 24147.61328125), (1, 17094.310546875)]","[(0, 17676.6484375), (1, 18818.5078125)]"
275,"[(0, 19016.77734375), (1, 21217.54296875)]","[(0, 21698.818359375), (1, 21929.58984375)]","[(0, 26291.3515625), (1, 25448.912109375)]","[(0, 25992.43359375), (1, 24434.23828125)]","[(0, 6188.2919921875), (1, 5434.35107421875)]","[(0, 33048.23828125), (1, 33435.82421875)]","[(0, 36944.84765625), (1, 37969.53515625)]","[(0, 12528.7998046875), (1, 8767.240234375)]","[(0, 14931.494140625), (1, 7875.58935546875)]","[(0, 6450.30126953125), (1, 8882.2333984375)]","[(0, 19674.60546875), (1, 19710.25)]"
276,"[(0, 27558.93359375), (1, 29181.134765625)]","[(0, 19638.9296875), (1, 22031.65625)]","[(0, 11476.5224609375), (1, 13130.408203125)]","[(0, 13694.05859375), (1, 14151.2744140625)]","[(0, 19708.1640625), (1, 16481.2265625)]","[(0, 16568.072265625), (1, 17341.794921875)]","[(0, 25927.197265625), (1, 26127.45703125)]","[(0, 25236.638671875), (1, 13747.4990234375)]","[(0, 24621.982421875), (1, 24625.173828125)]","[(0, 13494.228515625), (1, 21283.3046875)]","[(0, 21130.912109375), (1, 21379.05859375)]"
277,"[(0, 23703.78515625), (1, 25591.84765625)]","[(0, 19121.1640625), (1, 20884.908203125)]","[(0, 21021.849609375), (1, 21398.029296875)]","[(0, 15117.23046875), (1, 18071.453125)]","[(0, 14676.3447265625), (1, 12312.2763671875)]","[(0, 18974.9140625), (1, 17893.580078125)]","[(0, 36933.5), (1, 37051.12109375)]","[(0, 9195.3955078125), (1, 12366.7744140625)]","[(0, 23306.310546875), (1, 18818.36328125)]","[(0, 25968.423828125), (1, 18444.634765625)]","[(0, 31316.04296875), (1, 25242.078125)]"
278,"[(0, 16373.5205078125), (1, 18412.12109375)]","[(0, 18551.205078125), (1, 19134.3515625)]","[(0, 14229.33203125), (1, 11402.51171875)]","[(0, 17526.212890625), (1, 15070.26171875)]","[(0, 14493.412109375), (1, 12399.2021484375)]","[(0, 20123.087890625), (1, 19431.392578125)]","[(0, 29425.7421875), (1, 26496.140625)]","[(0, 7224.42822265625), (1, 11999.8642578125)]","[(0, 25597.0234375), (1, 33600.83203125)]","[(0, 17746.94921875), (1, 22832.5859375)]","[(0, 38841.87109375), (1, 29238.240234375)]"
279,"[(0, 21703.244140625), (1, 23075.130859375)]","[(0, 20171.94921875), (1, 21687.376953125)]","[(0, 23085.189453125), (1, 18964.74609375)]","[(0, 13079.5419921875), (1, 12198.9404296875)]","[(0, 17350.6796875), (1, 13815.8955078125)]","[(0, 16723.294921875), (1, 17521.09765625)]","[(0, 40273.265625), (1, 39846.87109375)]","[(0, 21246.861328125), (1, 24662.919921875)]","[(0, 11546.970703125), (1, 8493.01171875)]","[(0, 15124.09375), (1, 21088.033203125)]","[(0, 19476.625), (1, 19471.517578125)]"
280,"[(0, 39859.37890625), (1, 39926.14453125)]","[(0, 11010.2880859375), (1, 10441.015625)]","[(0, 14948.591796875), (1, 13548.80078125)]","[(0, 16774.294921875), (1, 19393.330078125)]","[(0, 7999.6572265625), (1, 6714.93798828125)]","[(0, 7390.3642578125), (1, 6971.10693359375)]","[(0, 33802.0625), (1, 35784.37890625)]","[(0, 29388.21875), (1, 18699.966796875)]","[(0, 13334.4609375), (1, 21928.8984375)]","[(0, 40723.9453125), (1, 37511.2578125)]","[(0, 14920.76171875), (1, 16091.80859375)]"
281,"[(0, 27093.376953125), (1, 28970.5859375)]","[(0, 24433.400390625), (1, 25810.630859375)]","[(0, 14953.6826171875), (1, 17227.4296875)]","[(0, 21766.0078125), (1, 21682.2890625)]","[(0, 19187.47265625), (1, 13569.853515625)]","[(0, 35887.07421875), (1, 36438.3125)]","[(0, 28795.044921875), (1, 29062.73828125)]","[(0, 8830.3076171875), (1, 4035.933349609375)]","[(0, 13290.2041015625), (1, 10306.0966796875)]","[(0, 13857.6337890625), (1, 26241.52734375)]","[(0, 16700.646484375), (1, 13702.328125)]"
282,"[(0, 33977.16796875), (1, 34396.86328125)]","[(0, 25504.55078125), (1, 25631.5625)]","[(0, 8646.4921875), (1, 9507.6142578125)]","[(0, 13887.2548828125), (1, 12593.4169921875)]","[(0, 12469.8544921875), (1, 7761.5390625)]","[(0, 30753.564453125), (1, 31338.720703125)]","[(0, 21155.228515625), (1, 21754.84375)]","[(0, 21967.162109375), (1, 16614.37109375)]","[(0, 10641.525390625), (1, 19383.826171875)]","[(0, 18396.396484375), (1, 12516.9169921875)]","[(0, 21868.814453125), (1, 18500.462890625)]"
283,"[(0, 14178.6572265625), (1, 15850.9130859375)]","[(0, 22650.580078125), (1, 22660.60546875)]","[(0, 23268.779296875), (1, 24811.30859375)]","[(0, 24019.798828125), (1, 24319.62890625)]","[(0, 5717.4951171875), (1, 4738.66845703125)]","[(0, 11625.798828125), (1, 11297.6689453125)]","[(0, 32557.91015625), (1, 35098.03515625)]","[(0, 28677.396484375), (1, 27388.9140625)]","[(0, 11945.1044921875), (1, 11913.5224609375)]","[(0, 22824.115234375), (1, 18362.390625)]","[(0, 20988.45703125), (1, 21649.375)]"
284,"[(0, 20330.744140625), (1, 22489.8984375)]","[(0, 30340.7421875), (1, 30364.044921875)]","[(0, 22265.033203125), (1, 19170.736328125)]","[(0, 23799.123046875), (1, 24297.814453125)]","[(0, 21717.986328125), (1, 17362.1171875)]","[(0, 28967.853515625), (1, 29701.6484375)]","[(0, 19136.486328125), (1, 21041.14453125)]","[(0, 34404.9375), (1, 34377.77734375)]","[(0, 28153.451171875), (1, 21987.408203125)]","[(0, 15816.7255859375), (1, 10236.3046875)]","[(0, 14213.1923828125), (1, 15439.4912109375)]"
285,"[(0, 17252.9296875), (1, 19457.447265625)]","[(0, 14089.16796875), (1, 16736.376953125)]","[(0, 10199.947265625), (1, 8343.521484375)]","[(0, 20974.189453125), (1, 19945.8984375)]","[(0, 14447.2646484375), (1, 10304.0625)]","[(0, 23798.51171875), (1, 23350.072265625)]","[(0, 34714.3515625), (1, 41124.21875)]","[(0, 13262.412109375), (1, 10762.40625)]","[(0, 19514.10546875), (1, 15742.490234375)]","[(0, 8404.8154296875), (1, 13160.6337890625)]","[(0, 22885.603515625), (1, 22311.0078125)]"
286,"[(0, 19129.443359375), (1, 21190.041015625)]","[(0, 13888.8056640625), (1, 15964.388671875)]","[(0, 21293.455078125), (1, 16887.6015625)]","[(0, 21918.9453125), (1, 22730.36328125)]","[(0, 22338.197265625), (1, 18443.2109375)]","[(0, 22057.134765625), (1, 22189.845703125)]","[(0, 33169.8671875), (1, 39942.86328125)]","[(0, 18852.474609375), (1, 18265.771484375)]","[(0, 15483.224609375), (1, 15947.224609375)]","[(0, 12918.7060546875), (1, 13010.447265625)]","[(0, 13330.82421875), (1, 11518.03515625)]"
287,"[(0, 23849.791015625), (1, 26271.525390625)]","[(0, 14412.091796875), (1, 15567.4267578125)]","[(0, 9932.7080078125), (1, 9891.9375)]","[(0, 24920.083984375), (1, 25339.51953125)]","[(0, 4678.42578125), (1, 3756.862548828125)]","[(0, 24139.2109375), (1, 24839.955078125)]","[(0, 25288.796875), (1, 24857.96484375)]","[(0, 21454.302734375), (1, 30342.2734375)]","[(0, 6467.560546875), (1, 9209.5078125)]","[(0, 8594.763671875), (1, 8413.9013671875)]","[(0, 15855.64453125), (1, 13961.232421875)]"
288,"[(0, 22361.984375), (1, 23982.03125)]","[(0, 15201.0078125), (1, 17049.765625)]","[(0, 23835.69140625), (1, 29109.505859375)]","[(0, 17293.33984375), (1, 17443.60546875)]","[(0, 13942.4326171875), (1, 10688.1787109375)]","[(0, 37243.05859375), (1, 36242.70703125)]","[(0, 30837.08984375), (1, 26575.60546875)]","[(0, 19427.427734375), (1, 24759.2109375)]","[(0, 16585.65234375), (1, 18958.181640625)]","[(0, 12310.1513671875), (1, 8567.9453125)]","[(0, 21844.384765625), (1, 17361.271484375)]"
289,"[(0, 15297.353515625), (1, 17299.8046875)]","[(0, 12819.1494140625), (1, 11855.1767578125)]","[(0, 11168.11328125), (1, 11795.181640625)]","[(0, 16041.3837890625), (1, 15446.251953125)]","[(0, 23900.26953125), (1, 20096.6796875)]","[(0, 23317.849609375), (1, 23082.525390625)]","[(0, 32359.64453125), (1, 31852.7890625)]","[(0, 19923.82421875), (1, 12393.91796875)]","[(0, 13178.0537109375), (1, 10640.9560546875)]","[(0, 13395.3212890625), (1, 10766.90234375)]","[(0, 22708.2421875), (1, 19205.28515625)]"
290,"[(0, 22044.876953125), (1, 23430.443359375)]","[(0, 13474.3486328125), (1, 15750.9013671875)]","[(0, 15929.8349609375), (1, 13556.3232421875)]","[(0, 15764.5751953125), (1, 16563.4765625)]","[(0, 18300.6953125), (1, 14451.9091796875)]","[(0, 22177.51171875), (1, 22124.150390625)]","[(0, 27096.96875), (1, 29274.455078125)]","[(0, 13932.1982421875), (1, 16279.89453125)]","[(0, 19793.62109375), (1, 25170.15625)]","[(0, 21080.79296875), (1, 38926.71484375)]","[(0, 27620.712890625), (1, 21294.2265625)]"
291,"[(0, 20916.501953125), (1, 22662.529296875)]","[(0, 17076.0625), (1, 19740.06640625)]","[(0, 18330.005859375), (1, 16527.10546875)]","[(0, 17882.78125), (1, 19950.51953125)]","[(0, 9076.8583984375), (1, 7629.90576171875)]","[(0, 19066.482421875), (1, 19272.345703125)]","[(0, 21079.84765625), (1, 20077.869140625)]","[(0, 12996.830078125), (1, 10415.1875)]","[(0, 15110.6865234375), (1, 15518.748046875)]","[(0, 38333.62890625), (1, 31519.666015625)]","[(0, 11789.1767578125), (1, 12138.3740234375)]"
292,"[(0, 26298.47265625), (1, 28279.037109375)]","[(0, 12385.43359375), (1, 12657.4228515625)]","[(0, 17277.892578125), (1, 16704.279296875)]","[(0, 22068.265625), (1, 21864.310546875)]","[(0, 10139.1767578125), (1, 6717.4169921875)]","[(0, 36380.18359375), (1, 38315.13671875)]","[(0, 32652.033203125), (1, 32471.056640625)]","[(0, 16626.353515625), (1, 22225.890625)]","[(0, 11886.9892578125), (1, 11745.005859375)]","[(0, 9458.9931640625), (1, 5890.224609375)]","[(0, 10791.7900390625), (1, 11890.5263671875)]"
293,"[(0, 23333.130859375), (1, 25420.603515625)]","[(0, 12614.150390625), (1, 12802.09375)]","[(0, 14411.033203125), (1, 12695.892578125)]","[(0, 16479.38671875), (1, 14571.662109375)]","[(0, 18951.40234375), (1, 13745.400390625)]","[(0, 25293.40625), (1, 25512.5546875)]","[(0, 36823.9140625), (1, 30130.6796875)]","[(0, 21261.171875), (1, 15039.3642578125)]","[(0, 24567.681640625), (1, 17720.46484375)]","[(0, 12861.138671875), (1, 11576.4775390625)]","[(0, 12827.7470703125), (1, 13598.509765625)]"
294,"[(0, 18666.060546875), (1, 20914.42578125)]","[(0, 14839.392578125), (1, 16018.1162109375)]","[(0, 5993.03271484375), (1, 5253.52294921875)]","[(0, 16996.53125), (1, 17940.6875)]","[(0, 9406.880859375), (1, 7829.57080078125)]","[(0, 34081.11328125), (1, 34376.82421875)]","[(0, 31021.796875), (1, 25116.587890625)]","[(0, 22040.796875), (1, 34023.2109375)]","[(0, 14739.197265625), (1, 13914.1005859375)]","[(0, 10758.0654296875), (1, 11710.546875)]","[(0, 32057.2734375), (1, 25592.994140625)]"
295,"[(0, 15153.287109375), (1, 17199.603515625)]","[(0, 19127.30859375), (1, 20704.46484375)]","[(0, 17404.638671875), (1, 20944.2890625)]","[(0, 14536.7265625), (1, 13568.9736328125)]","[(0, 22881.9140625), (1, 22299.712890625)]","[(0, 33605.125), (1, 34389.25390625)]","[(0, 26710.626953125), (1, 30090.16015625)]","[(0, 28098.169921875), (1, 36943.82421875)]","[(0, 25859.634765625), (1, 33284.35546875)]","[(0, 27278.9609375), (1, 26008.650390625)]","[(0, 11341.302734375), (1, 11713.2607421875)]"
296,"[(0, 23205.486328125), (1, 24909.318359375)]","[(0, 14216.5146484375), (1, 13796.94921875)]","[(0, 7422.22607421875), (1, 7375.0009765625)]","[(0, 10932.994140625), (1, 10782.28515625)]","[(0, 16172.5478515625), (1, 14364.4501953125)]","[(0, 31734.8125), (1, 31726.974609375)]","[(0, 23866.55859375), (1, 29262.67578125)]","[(0, 7431.74560546875), (1, 6270.20703125)]","[(0, 14267.7060546875), (1, 14311.0283203125)]","[(0, 24168.279296875), (1, 18535.005859375)]","[(0, 27347.8046875), (1, 23072.02734375)]"
297,"[(0, 15828.7529296875), (1, 18033.078125)]","[(0, 12748.001953125), (1, 12616.8935546875)]","[(0, 27713.880859375), (1, 24172.61328125)]","[(0, 26710.29296875), (1, 28059.607421875)]","[(0, 17234.34765625), (1, 15919.7216796875)]","[(0, 23260.947265625), (1, 23012.828125)]","[(0, 29075.87890625), (1, 29570.818359375)]","[(0, 17394.533203125), (1, 12456.8388671875)]","[(0, 4125.0595703125), (1, 6611.29296875)]","[(0, 30015.642578125), (1, 18313.494140625)]","[(0, 11975.330078125), (1, 12350.048828125)]"
298,"[(0, 18210.3046875), (1, 19398.103515625)]","[(0, 20259.013671875), (1, 22963.763671875)]","[(0, 26812.201171875), (1, 23629.1015625)]","[(0, 22585.56640625), (1, 20899.673828125)]","[(0, 19139.791015625), (1, 16346.5595703125)]","[(0, 34055.51171875), (1, 34857.73046875)]","[(0, 18539.6015625), (1, 18944.03125)]","[(0, 18512.287109375), (1, 24458.626953125)]","[(0, 9465.4189453125), (1, 9782.615234375)]","[(0, 7930.32958984375), (1, 6448.1728515625)]","[(0, 22423.46484375), (1, 18913.26953125)]"
299,"[(0, 19045.2734375), (1, 20484.083984375)]","[(0, 18890.015625), (1, 21328.451171875)]","[(0, 15531.6884765625), (1, 17263.6953125)]","[(0, 25695.810546875), (1, 28076.205078125)]","[(0, 15289.9736328125), (1, 10954.013671875)]","[(0, 24985.59765625), (1, 25299.53125)]","[(0, 29473.9921875), (1, 26457.8359375)]","[(0, 22244.849609375), (1, 21821.419921875)]","[(0, 19040.0234375), (1, 15777.6318359375)]","[(0, 15018.3515625), (1, 16044.658203125)]","[(0, 17790.111328125), (1, 15421.3173828125)]"
300,"[(0, 22840.140625), (1, 24800.1640625)]","[(0, 18126.73828125), (1, 19969.783203125)]","[(0, 20830.16796875), (1, 21546.6953125)]","[(0, 14270.86328125), (1, 14190.8046875)]","[(0, 10202.5732421875), (1, 6785.40869140625)]","[(0, 22800.09765625), (1, 21926.431640625)]","[(0, 19285.048828125), (1, 17570.74609375)]","[(0, 22134.744140625), (1, 25834.24609375)]","[(0, 13243.7568359375), (1, 15682.283203125)]","[(0, 12710.6474609375), (1, 13163.91015625)]","[(0, 13652.708984375), (1, 14237.802734375)]"
301,"[(0, 22544.1640625), (1, 25230.791015625)]","[(0, 21626.90234375), (1, 23455.70703125)]","[(0, 10816.6845703125), (1, 12051.3349609375)]","[(0, 21744.390625), (1, 21479.626953125)]","[(0, 5024.19384765625), (1, 4305.42431640625)]","[(0, 29774.650390625), (1, 28990.875)]","[(0, 27371.33984375), (1, 26771.244140625)]","[(0, 16256.5302734375), (1, 16539.326171875)]","[(0, 13342.677734375), (1, 7230.2734375)]","[(0, 23922.9140625), (1, 19552.2578125)]","[(0, 14789.041015625), (1, 16129.990234375)]"
302,"[(0, 20048.25), (1, 22059.427734375)]","[(0, 17415.779296875), (1, 17672.23046875)]","[(0, 24633.208984375), (1, 23250.853515625)]","[(0, 22386.9921875), (1, 21822.314453125)]","[(0, 5540.033203125), (1, 4628.66357421875)]","[(0, 26032.373046875), (1, 26734.171875)]","[(0, 26468.83984375), (1, 26703.72265625)]","[(0, 15931.537109375), (1, 25322.875)]","[(0, 16350.00390625), (1, 18373.146484375)]","[(0, 14243.03125), (1, 11745.1298828125)]","[(0, 19919.68359375), (1, 20725.345703125)]"
303,"[(0, 19208.3984375), (1, 21009.083984375)]","[(0, 18668.427734375), (1, 21808.04296875)]","[(0, 31747.130859375), (1, 29492.044921875)]","[(0, 6186.20361328125), (1, 6918.955078125)]","[(0, 19925.306640625), (1, 14096.4267578125)]","[(0, 31958.953125), (1, 31725.916015625)]","[(0, 38736.37109375), (1, 37704.03125)]","[(0, 25199.265625), (1, 24094.751953125)]","[(0, 7161.62744140625), (1, 8651.6884765625)]","[(0, 8842.349609375), (1, 12279.7001953125)]","[(0, 14422.541015625), (1, 15550.3486328125)]"
304,"[(0, 26679.158203125), (1, 29133.6953125)]","[(0, 18049.45703125), (1, 20372.083984375)]","[(0, 12223.7099609375), (1, 15609.06640625)]","[(0, 13958.76953125), (1, 15331.2802734375)]","[(0, 12980.466796875), (1, 8342.8369140625)]","[(0, 18920.396484375), (1, 18369.712890625)]","[(0, 28236.69921875), (1, 25934.369140625)]","[(0, 22838.638671875), (1, 41381.984375)]","[(0, 28546.66796875), (1, 21661.9296875)]","[(0, 19455.888671875), (1, 24686.380859375)]","[(0, 29119.5859375), (1, 23792.927734375)]"
305,"[(0, 17806.455078125), (1, 19611.662109375)]","[(0, 18042.435546875), (1, 19571.56640625)]","[(0, 24169.6171875), (1, 19479.1328125)]","[(0, 11593.98828125), (1, 11802.8330078125)]","[(0, 24517.078125), (1, 21230.779296875)]","[(0, 18806.37890625), (1, 18874.15234375)]","[(0, 24694.220703125), (1, 23678.52734375)]","[(0, 14082.85546875), (1, 15929.623046875)]","[(0, 25180.142578125), (1, 13977.20703125)]","[(0, 6776.2392578125), (1, 5068.140625)]","[(0, 18843.703125), (1, 16302.7021484375)]"
306,"[(0, 29050.294921875), (1, 31103.646484375)]","[(0, 18631.095703125), (1, 18919.3671875)]","[(0, 23619.14453125), (1, 21775.828125)]","[(0, 9701.8583984375), (1, 10109.4677734375)]","[(0, 15888.3251953125), (1, 12663.7978515625)]","[(0, 39793.70703125), (1, 39839.34765625)]","[(0, 34826.26171875), (1, 36808.8125)]","[(0, 9746.056640625), (1, 7197.69091796875)]","[(0, 15345.849609375), (1, 7229.90771484375)]","[(0, 24336.265625), (1, 17098.240234375)]","[(0, 25867.52734375), (1, 20835.552734375)]"
307,"[(0, 27341.833984375), (1, 29189.845703125)]","[(0, 20428.46484375), (1, 21216.509765625)]","[(0, 21463.51171875), (1, 19216.22265625)]","[(0, 28496.455078125), (1, 29174.76171875)]","[(0, 18619.583984375), (1, 17312.859375)]","[(0, 26723.62109375), (1, 26158.546875)]","[(0, 16649.693359375), (1, 16222.890625)]","[(0, 8670.7939453125), (1, 8988.2373046875)]","[(0, 19642.265625), (1, 28644.48828125)]","[(0, 6446.19921875), (1, 5196.26123046875)]","[(0, 19410.16796875), (1, 20052.3046875)]"
308,"[(0, 26571.751953125), (1, 28445.841796875)]","[(0, 25038.119140625), (1, 25735.8828125)]","[(0, 17317.25390625), (1, 19702.037109375)]","[(0, 24992.173828125), (1, 21334.43359375)]","[(0, 28455.74609375), (1, 26340.388671875)]","[(0, 27793.70703125), (1, 27150.177734375)]","[(0, 20824.267578125), (1, 20103.427734375)]","[(0, 15527.7490234375), (1, 23178.171875)]","[(0, 14066.33203125), (1, 17922.390625)]","[(0, 17348.642578125), (1, 17504.28125)]","[(0, 18581.658203125), (1, 15747.896484375)]"
309,"[(0, 12647.7587890625), (1, 14160.4150390625)]","[(0, 18431.833984375), (1, 17897.333984375)]","[(0, 25969.63671875), (1, 20531.39453125)]","[(0, 11073.6171875), (1, 10889.591796875)]","[(0, 17620.3984375), (1, 14364.724609375)]","[(0, 36546.99609375), (1, 36698.1953125)]","[(0, 20881.822265625), (1, 25272.62109375)]","[(0, 13937.314453125), (1, 20083.9765625)]","[(0, 17425.05078125), (1, 17732.31640625)]","[(0, 29007.134765625), (1, 28474.912109375)]","[(0, 32584.59375), (1, 26176.837890625)]"
310,"[(0, 30342.5078125), (1, 31161.869140625)]","[(0, 20522.017578125), (1, 20537.6015625)]","[(0, 18982.767578125), (1, 16586.806640625)]","[(0, 18697.255859375), (1, 18223.021484375)]","[(0, 8981.69921875), (1, 7060.8515625)]","[(0, 30540.470703125), (1, 30924.6171875)]","[(0, 26546.498046875), (1, 34019.0234375)]","[(0, 23952.91015625), (1, 24945.572265625)]","[(0, 22315.81640625), (1, 12452.634765625)]","[(0, 16989.029296875), (1, 16797.5703125)]","[(0, 16018.4677734375), (1, 16095.890625)]"
311,"[(0, 17885.98828125), (1, 19505.046875)]","[(0, 31555.787109375), (1, 32979.66796875)]","[(0, 17070.0859375), (1, 13018.3525390625)]","[(0, 26551.158203125), (1, 25219.38671875)]","[(0, 14357.3701171875), (1, 10378.80859375)]","[(0, 26169.951171875), (1, 25762.724609375)]","[(0, 27331.76953125), (1, 26001.556640625)]","[(0, 14637.359375), (1, 14214.8603515625)]","[(0, 23307.421875), (1, 22939.421875)]","[(0, 40552.30078125), (1, 26628.931640625)]","[(0, 11570.494140625), (1, 10178.142578125)]"
312,"[(0, 22671.91015625), (1, 24630.4375)]","[(0, 30284.9765625), (1, 31512.361328125)]","[(0, 31909.46484375), (1, 28625.345703125)]","[(0, 22625.38671875), (1, 22798.90234375)]","[(0, 12355.5380859375), (1, 8037.640625)]","[(0, 20593.576171875), (1, 20331.287109375)]","[(0, 20912.671875), (1, 22793.75)]","[(0, 10758.4248046875), (1, 18568.017578125)]","[(0, 8376.208984375), (1, 9048.8115234375)]","[(0, 12412.4521484375), (1, 12855.3759765625)]","[(0, 16337.9560546875), (1, 17586.806640625)]"
313,"[(0, 21473.072265625), (1, 23156.673828125)]","[(0, 29271.857421875), (1, 29366.169921875)]","[(0, 14336.3125), (1, 16957.513671875)]","[(0, 25717.1875), (1, 28931.51953125)]","[(0, 7507.8046875), (1, 5680.05517578125)]","[(0, 26987.4921875), (1, 26889.919921875)]","[(0, 37911.8984375), (1, 34037.1328125)]","[(0, 11742.9794921875), (1, 10392.279296875)]","[(0, 23882.4296875), (1, 16963.447265625)]","[(0, 36122.2109375), (1, 34886.03125)]","[(0, 21292.337890625), (1, 17628.5)]"
314,"[(0, 17845.556640625), (1, 19925.953125)]","[(0, 27658.90625), (1, 27611.73046875)]","[(0, 13995.9208984375), (1, 12644.68359375)]","[(0, 13619.9892578125), (1, 13451.0712890625)]","[(0, 8477.490234375), (1, 6309.27392578125)]","[(0, 16006.6787109375), (1, 16810.087890625)]","[(0, 24869.537109375), (1, 22151.15234375)]","[(0, 20617.55078125), (1, 20448.580078125)]","[(0, 15902.224609375), (1, 13655.78125)]","[(0, 16034.3017578125), (1, 18160.427734375)]","[(0, 14576.443359375), (1, 15540.6962890625)]"
315,"[(0, 25761.298828125), (1, 28064.640625)]","[(0, 9677.5556640625), (1, 9719.2880859375)]","[(0, 11776.837890625), (1, 10170.875)]","[(0, 8373.6611328125), (1, 7688.5673828125)]","[(0, 18678.310546875), (1, 15387.953125)]","[(0, 15977.7919921875), (1, 15207.9833984375)]","[(0, 31090.626953125), (1, 32020.12109375)]","[(0, 15731.4755859375), (1, 18208.412109375)]","[(0, 13914.1005859375), (1, 15268.78515625)]","[(0, 15160.8896484375), (1, 19037.046875)]","[(0, 22251.765625), (1, 22274.822265625)]"
316,"[(0, 16694.46875), (1, 18602.154296875)]","[(0, 12692.68359375), (1, 15041.515625)]","[(0, 17999.0234375), (1, 18496.38671875)]","[(0, 29234.3359375), (1, 31174.65234375)]","[(0, 11553.42578125), (1, 8805.5078125)]","[(0, 22478.255859375), (1, 22394.421875)]","[(0, 30030.67578125), (1, 36729.87890625)]","[(0, 26807.87890625), (1, 23967.716796875)]","[(0, 14098.6044921875), (1, 14962.869140625)]","[(0, 24950.92578125), (1, 44981.70703125)]","[(0, 14477.083984375), (1, 16195.2216796875)]"
317,"[(0, 27960.10546875), (1, 30828.0625)]","[(0, 12680.1376953125), (1, 14495.4580078125)]","[(0, 14266.4267578125), (1, 12723.0185546875)]","[(0, 9816.2021484375), (1, 8426.31640625)]","[(0, 5430.2529296875), (1, 4821.11083984375)]","[(0, 23074.42578125), (1, 22559.583984375)]","[(0, 37238.4765625), (1, 31177.119140625)]","[(0, 22555.7109375), (1, 27949.068359375)]","[(0, 24851.376953125), (1, 27714.06640625)]","[(0, 16896.9609375), (1, 17984.0625)]","[(0, 12800.6416015625), (1, 13050.32421875)]"
318,"[(0, 26502.939453125), (1, 27773.78125)]","[(0, 12900.4970703125), (1, 13837.6259765625)]","[(0, 26887.40625), (1, 23777.345703125)]","[(0, 16745.98828125), (1, 18711.27734375)]","[(0, 4865.3544921875), (1, 4358.35302734375)]","[(0, 20313.205078125), (1, 19675.65625)]","[(0, 31354.98046875), (1, 25374.220703125)]","[(0, 18312.8125), (1, 23431.44921875)]","[(0, 12487.8720703125), (1, 18290.505859375)]","[(0, 14502.26171875), (1, 21278.37109375)]","[(0, 27663.3125), (1, 21914.599609375)]"
319,"[(0, 24632.92578125), (1, 26896.666015625)]","[(0, 12839.58203125), (1, 14194.189453125)]","[(0, 15268.0439453125), (1, 13960.84765625)]","[(0, 10050.8369140625), (1, 8555.7392578125)]","[(0, 17424.203125), (1, 13281.5361328125)]","[(0, 21700.140625), (1, 21420.85546875)]","[(0, 24565.666015625), (1, 23742.3359375)]","[(0, 27282.70703125), (1, 31871.90234375)]","[(0, 14834.962890625), (1, 17053.9609375)]","[(0, 11039.685546875), (1, 6036.86376953125)]","[(0, 20371.673828125), (1, 17577.181640625)]"
320,"[(0, 26166.232421875), (1, 27413.841796875)]","[(0, 20190.791015625), (1, 20717.5390625)]","[(0, 26045.384765625), (1, 17933.076171875)]","[(0, 20375.677734375), (1, 21359.861328125)]","[(0, 13441.787109375), (1, 9266.3759765625)]","[(0, 16041.4443359375), (1, 16403.685546875)]","[(0, 25189.126953125), (1, 25184.9453125)]","[(0, 28299.67578125), (1, 30383.943359375)]","[(0, 16989.482421875), (1, 9638.2822265625)]","[(0, 8814.3896484375), (1, 9117.84375)]","[(0, 26975.3203125), (1, 22872.48828125)]"
321,"[(0, 19972.8515625), (1, 21383.341796875)]","[(0, 22115.818359375), (1, 22558.29296875)]","[(0, 27984.78125), (1, 32857.234375)]","[(0, 17612.822265625), (1, 16585.984375)]","[(0, 28209.8359375), (1, 22792.140625)]","[(0, 25548.1484375), (1, 25010.080078125)]","[(0, 28525.46875), (1, 25926.578125)]","[(0, 17842.134765625), (1, 17379.560546875)]","[(0, 14904.3359375), (1, 17185.078125)]","[(0, 11582.7275390625), (1, 9226.7998046875)]","[(0, 19265.271484375), (1, 16576.796875)]"
322,"[(0, 16663.244140625), (1, 18342.962890625)]","[(0, 18567.416015625), (1, 18633.939453125)]","[(0, 22165.416015625), (1, 21868.4609375)]","[(0, 13093.431640625), (1, 13954.9365234375)]","[(0, 17550.146484375), (1, 12771.158203125)]","[(0, 17324.33984375), (1, 18099.791015625)]","[(0, 24909.841796875), (1, 25309.234375)]","[(0, 20109.908203125), (1, 37968.30859375)]","[(0, 15284.7978515625), (1, 16320.591796875)]","[(0, 14392.697265625), (1, 17726.009765625)]","[(0, 9890.814453125), (1, 10471.25)]"
323,"[(0, 18124.076171875), (1, 19916.4921875)]","[(0, 20821.626953125), (1, 21257.439453125)]","[(0, 8412.802734375), (1, 9331.3076171875)]","[(0, 27225.525390625), (1, 26565.44140625)]","[(0, 5411.28076171875), (1, 4879.9228515625)]","[(0, 20182.99609375), (1, 19370.779296875)]","[(0, 31606.146484375), (1, 31036.7109375)]","[(0, 8136.2568359375), (1, 9844.251953125)]","[(0, 8302.1123046875), (1, 13921.7861328125)]","[(0, 22973.091796875), (1, 16606.2265625)]","[(0, 19945.13671875), (1, 16259.7548828125)]"
324,"[(0, 23871.4765625), (1, 26215.162109375)]","[(0, 10993.53125), (1, 10645.5146484375)]","[(0, 13543.091796875), (1, 13076.486328125)]","[(0, 26018.19921875), (1, 28778.876953125)]","[(0, 6122.54541015625), (1, 5698.138671875)]","[(0, 18653.015625), (1, 18673.341796875)]","[(0, 31697.3671875), (1, 31781.119140625)]","[(0, 15734.205078125), (1, 19309.138671875)]","[(0, 19069.318359375), (1, 14896.2216796875)]","[(0, 20654.74609375), (1, 13986.1533203125)]","[(0, 21768.228515625), (1, 22436.87890625)]"
325,"[(0, 27121.064453125), (1, 29164.38671875)]","[(0, 16600.462890625), (1, 18013.396484375)]","[(0, 18804.478515625), (1, 19395.845703125)]","[(0, 9005.4228515625), (1, 10185.0751953125)]","[(0, 18707.314453125), (1, 14654.65234375)]","[(0, 39114.23046875), (1, 39559.21875)]","[(0, 26487.22265625), (1, 28204.859375)]","[(0, 12483.705078125), (1, 14072.4638671875)]","[(0, 25420.84765625), (1, 19266.9609375)]","[(0, 34625.30859375), (1, 21061.521484375)]","[(0, 22688.392578125), (1, 23970.505859375)]"
326,"[(0, 28656.947265625), (1, 30723.490234375)]","[(0, 16714.078125), (1, 17626.181640625)]","[(0, 20080.970703125), (1, 16994.328125)]","[(0, 17028.65625), (1, 17282.408203125)]","[(0, 14496.7294921875), (1, 10242.408203125)]","[(0, 34305.33203125), (1, 33252.5625)]","[(0, 18662.447265625), (1, 20047.447265625)]","[(0, 29731.802734375), (1, 29684.17578125)]","[(0, 11403.56640625), (1, 17518.859375)]","[(0, 19161.634765625), (1, 14458.5947265625)]","[(0, 15232.7158203125), (1, 16120.7177734375)]"
327,"[(0, 20257.044921875), (1, 22073.716796875)]","[(0, 15808.6279296875), (1, 16227.34765625)]","[(0, 21072.08984375), (1, 18058.513671875)]","[(0, 17304.177734375), (1, 17251.845703125)]","[(0, 19445.185546875), (1, 14911.4306640625)]","[(0, 34311.0234375), (1, 34367.71484375)]","[(0, 26366.501953125), (1, 25764.88671875)]","[(0, 6299.498046875), (1, 7557.84033203125)]","[(0, 10772.8798828125), (1, 12097.7978515625)]","[(0, 17923.501953125), (1, 9359.015625)]","[(0, 24707.037109375), (1, 20429.80859375)]"
328,"[(0, 23039.5078125), (1, 24951.259765625)]","[(0, 19128.732421875), (1, 20574.947265625)]","[(0, 17179.60546875), (1, 14215.0634765625)]","[(0, 21277.337890625), (1, 22790.0546875)]","[(0, 11690.015625), (1, 8083.255859375)]","[(0, 40147.9453125), (1, 39855.9140625)]","[(0, 28520.025390625), (1, 28939.798828125)]","[(0, 18307.12109375), (1, 19933.935546875)]","[(0, 5970.2314453125), (1, 11334.46875)]","[(0, 9601.0263671875), (1, 5411.46142578125)]","[(0, 12192.6474609375), (1, 12684.455078125)]"
329,"[(0, 20332.48828125), (1, 22671.65234375)]","[(0, 13026.685546875), (1, 11832.021484375)]","[(0, 19300.0625), (1, 20096.240234375)]","[(0, 17490.830078125), (1, 17711.2734375)]","[(0, 20807.91015625), (1, 14675.6025390625)]","[(0, 29586.4453125), (1, 29975.51171875)]","[(0, 32207.70703125), (1, 33894.796875)]","[(0, 22288.529296875), (1, 28382.48828125)]","[(0, 16642.978515625), (1, 13413.2822265625)]","[(0, 16320.0166015625), (1, 22642.67578125)]","[(0, 19595.1171875), (1, 20291.052734375)]"
330,"[(0, 20072.259765625), (1, 21664.53515625)]","[(0, 20837.001953125), (1, 21775.787109375)]","[(0, 15272.951171875), (1, 15429.541015625)]","[(0, 15853.5283203125), (1, 17746.052734375)]","[(0, 11271.8505859375), (1, 7744.6953125)]","[(0, 33856.83984375), (1, 32692.509765625)]","[(0, 26801.796875), (1, 27203.283203125)]","[(0, 19662.693359375), (1, 35573.99609375)]","[(0, 29688.30859375), (1, 27127.505859375)]","[(0, 15685.01953125), (1, 16515.275390625)]","[(0, 17537.029296875), (1, 17994.8359375)]"
331,"[(0, 36689.55078125), (1, 37234.92578125)]","[(0, 18374.005859375), (1, 18991.169921875)]","[(0, 21591.333984375), (1, 21602.25)]","[(0, 27510.9296875), (1, 27559.326171875)]","[(0, 11710.2451171875), (1, 9745.5732421875)]","[(0, 28071.33203125), (1, 27374.16015625)]","[(0, 41133.7109375), (1, 38117.5234375)]","[(0, 15813.90625), (1, 10940.5244140625)]","[(0, 16915.40625), (1, 19062.462890625)]","[(0, 14721.1025390625), (1, 19957.67578125)]","[(0, 24115.90234375), (1, 19705.703125)]"
332,"[(0, 22328.419921875), (1, 25157.892578125)]","[(0, 8365.12109375), (1, 7962.1572265625)]","[(0, 15462.56640625), (1, 17022.74609375)]","[(0, 13250.1357421875), (1, 14175.3173828125)]","[(0, 20893.255859375), (1, 18559.609375)]","[(0, 30739.314453125), (1, 30272.21484375)]","[(0, 29934.31640625), (1, 30256.541015625)]","[(0, 33597.3046875), (1, 24442.255859375)]","[(0, 11739.1943359375), (1, 8559.1826171875)]","[(0, 23600.568359375), (1, 26010.162109375)]","[(0, 12277.5107421875), (1, 13529.8974609375)]"
333,"[(0, 27941.685546875), (1, 30253.33984375)]","[(0, 13031.955078125), (1, 15461.5341796875)]","[(0, 9718.138671875), (1, 9373.2001953125)]","[(0, 20059.935546875), (1, 19598.404296875)]","[(0, 15743.6015625), (1, 13153.908203125)]","[(0, 29620.013671875), (1, 30439.919921875)]","[(0, 26514.74609375), (1, 26851.55859375)]","[(0, 23258.94921875), (1, 15104.4189453125)]","[(0, 15671.7138671875), (1, 13491.3076171875)]","[(0, 14562.41015625), (1, 18121.8984375)]","[(0, 31285.712890625), (1, 30880.912109375)]"
334,"[(0, 20342.5546875), (1, 22773.671875)]","[(0, 14320.7626953125), (1, 16459.76953125)]","[(0, 27839.974609375), (1, 25875.15234375)]","[(0, 20150.93359375), (1, 20406.48046875)]","[(0, 13933.806640625), (1, 12825.2880859375)]","[(0, 20084.62890625), (1, 19646.125)]","[(0, 23793.494140625), (1, 25051.3515625)]","[(0, 19627.84765625), (1, 23927.568359375)]","[(0, 13965.44140625), (1, 16790.923828125)]","[(0, 26426.314453125), (1, 20795.4921875)]","[(0, 34045.24609375), (1, 26507.38671875)]"
335,"[(0, 18254.853515625), (1, 19900.05078125)]","[(0, 13417.1962890625), (1, 14233.716796875)]","[(0, 23972.17578125), (1, 21128.77734375)]","[(0, 16567.47265625), (1, 16682.27734375)]","[(0, 11117.4873046875), (1, 9390.7998046875)]","[(0, 22904.794921875), (1, 22612.486328125)]","[(0, 32618.171875), (1, 26748.173828125)]","[(0, 13885.626953125), (1, 24909.724609375)]","[(0, 24357.71875), (1, 23419.49609375)]","[(0, 11622.306640625), (1, 15768.6064453125)]","[(0, 27609.888671875), (1, 23298.578125)]"
336,"[(0, 28079.3359375), (1, 29886.822265625)]","[(0, 11674.5849609375), (1, 12651.1240234375)]","[(0, 17786.376953125), (1, 16321.5419921875)]","[(0, 22977.015625), (1, 20460.400390625)]","[(0, 10682.951171875), (1, 7045.02490234375)]","[(0, 27632.884765625), (1, 27522.50390625)]","[(0, 20723.19140625), (1, 18625.08984375)]","[(0, 8186.23291015625), (1, 6256.50439453125)]","[(0, 21448.041015625), (1, 28727.7890625)]","[(0, 14543.1318359375), (1, 12624.427734375)]","[(0, 28069.64453125), (1, 23185.666015625)]"
337,"[(0, 23759.482421875), (1, 25994.21875)]","[(0, 13540.2509765625), (1, 13122.7099609375)]","[(0, 11492.720703125), (1, 8721.890625)]","[(0, 19269.0546875), (1, 19568.4296875)]","[(0, 15220.9833984375), (1, 10830.794921875)]","[(0, 33279.24609375), (1, 32789.9296875)]","[(0, 21480.384765625), (1, 20844.892578125)]","[(0, 18995.08203125), (1, 29744.0546875)]","[(0, 23709.6640625), (1, 19470.775390625)]","[(0, 24032.400390625), (1, 24767.099609375)]","[(0, 14016.2900390625), (1, 12161.7333984375)]"
338,"[(0, 39624.5078125), (1, 41513.2578125)]","[(0, 18847.85546875), (1, 20434.388671875)]","[(0, 25386.2265625), (1, 25597.388671875)]","[(0, 11329.173828125), (1, 12074.1826171875)]","[(0, 10423.017578125), (1, 6694.7646484375)]","[(0, 34330.2734375), (1, 35097.3984375)]","[(0, 24378.564453125), (1, 23555.91015625)]","[(0, 10474.3359375), (1, 9519.3447265625)]","[(0, 11761.7861328125), (1, 13485.6865234375)]","[(0, 15485.0263671875), (1, 26364.314453125)]","[(0, 22212.5625), (1, 18714.935546875)]"
339,"[(0, 26937.865234375), (1, 29183.359375)]","[(0, 19352.3515625), (1, 20458.625)]","[(0, 20294.654296875), (1, 23017.326171875)]","[(0, 18957.982421875), (1, 19701.7734375)]","[(0, 26258.32421875), (1, 23065.31640625)]","[(0, 31927.119140625), (1, 31615.763671875)]","[(0, 25046.57421875), (1, 24104.7734375)]","[(0, 13179.7626953125), (1, 20162.294921875)]","[(0, 11464.4345703125), (1, 9979.7841796875)]","[(0, 19210.81640625), (1, 24674.353515625)]","[(0, 16971.958984375), (1, 17547.46875)]"
340,"[(0, 23590.05859375), (1, 24993.984375)]","[(0, 19282.513671875), (1, 19748.01171875)]","[(0, 28135.923828125), (1, 31929.279296875)]","[(0, 17005.740234375), (1, 16533.427734375)]","[(0, 20658.115234375), (1, 16707.623046875)]","[(0, 21075.947265625), (1, 21747.5)]","[(0, 26159.296875), (1, 24184.328125)]","[(0, 18729.75390625), (1, 22529.65625)]","[(0, 20290.8984375), (1, 24821.294921875)]","[(0, 19135.0078125), (1, 18283.373046875)]","[(0, 16677.505859375), (1, 13740.6826171875)]"
341,"[(0, 27177.45703125), (1, 28584.453125)]","[(0, 21810.05859375), (1, 24887.42578125)]","[(0, 22030.33203125), (1, 19443.38671875)]","[(0, 10889.4775390625), (1, 11791.5595703125)]","[(0, 18846.578125), (1, 16635.298828125)]","[(0, 25426.423828125), (1, 25958.81640625)]","[(0, 36660.76171875), (1, 35792.0234375)]","[(0, 19686.841796875), (1, 16680.861328125)]","[(0, 8039.3349609375), (1, 4985.20458984375)]","[(0, 10497.716796875), (1, 7316.99462890625)]","[(0, 12632.412109375), (1, 13735.4287109375)]"
342,"[(0, 17094.001953125), (1, 18725.111328125)]","[(0, 13138.7880859375), (1, 13303.505859375)]","[(0, 4494.5625), (1, 5543.087890625)]","[(0, 21675.71484375), (1, 22208.029296875)]","[(0, 16738.1640625), (1, 13987.5810546875)]","[(0, 38165.1796875), (1, 37487.546875)]","[(0, 39904.10546875), (1, 38476.8359375)]","[(0, 7934.966796875), (1, 10921.1357421875)]","[(0, 19396.7890625), (1, 11775.0078125)]","[(0, 13338.5810546875), (1, 17206.232421875)]","[(0, 24943.501953125), (1, 21116.2265625)]"
343,"[(0, 32673.52734375), (1, 33846.05859375)]","[(0, 17136.5859375), (1, 18031.615234375)]","[(0, 12093.853515625), (1, 16968.107421875)]","[(0, 29866.05078125), (1, 29682.81640625)]","[(0, 20100.87890625), (1, 15077.548828125)]","[(0, 31759.275390625), (1, 32350.912109375)]","[(0, 39500.26171875), (1, 39427.28515625)]","[(0, 17673.580078125), (1, 15005.7392578125)]","[(0, 31105.873046875), (1, 29791.3203125)]","[(0, 24688.240234375), (1, 30483.05859375)]","[(0, 15398.0830078125), (1, 16344.626953125)]"
344,"[(0, 20184.728515625), (1, 22225.12890625)]","[(0, 17638.826171875), (1, 18784.2421875)]","[(0, 11825.107421875), (1, 12819.3935546875)]","[(0, 12043.4423828125), (1, 13560.4736328125)]","[(0, 13917.0986328125), (1, 9544.744140625)]","[(0, 21884.294921875), (1, 22501.140625)]","[(0, 38431.65625), (1, 39280.54296875)]","[(0, 13059.4375), (1, 18446.306640625)]","[(0, 10840.4462890625), (1, 6692.03857421875)]","[(0, 10225.1044921875), (1, 12956.2138671875)]","[(0, 12568.423828125), (1, 13455.099609375)]"
345,"[(0, 24674.54296875), (1, 26646.33203125)]","[(0, 15106.55078125), (1, 15532.8291015625)]","[(0, 27525.49609375), (1, 23664.935546875)]","[(0, 23306.533203125), (1, 23722.509765625)]","[(0, 6442.923828125), (1, 5388.34912109375)]","[(0, 25886.408203125), (1, 24262.26953125)]","[(0, 23952.33984375), (1, 23549.59765625)]","[(0, 9549.3046875), (1, 8833.6513671875)]","[(0, 15828.783203125), (1, 17704.587890625)]","[(0, 15577.4951171875), (1, 15496.4462890625)]","[(0, 16288.234375), (1, 16516.203125)]"
346,"[(0, 20293.51171875), (1, 22245.421875)]","[(0, 14458.650390625), (1, 14199.740234375)]","[(0, 17805.99609375), (1, 19274.458984375)]","[(0, 24486.9375), (1, 24764.052734375)]","[(0, 8577.1591796875), (1, 6948.45361328125)]","[(0, 24881.208984375), (1, 25011.701171875)]","[(0, 29279.091796875), (1, 29005.724609375)]","[(0, 13310.751953125), (1, 21445.52734375)]","[(0, 21830.806640625), (1, 17472.208984375)]","[(0, 28719.40625), (1, 18723.50390625)]","[(0, 28115.001953125), (1, 21758.12109375)]"
347,"[(0, 20101.224609375), (1, 21748.01953125)]","[(0, 7938.23681640625), (1, 7935.08056640625)]","[(0, 17660.15234375), (1, 14014.740234375)]","[(0, 14209.1005859375), (1, 14119.6494140625)]","[(0, 23979.69921875), (1, 20731.01953125)]","[(0, 22652.654296875), (1, 21938.708984375)]","[(0, 28380.67578125), (1, 25827.32421875)]","[(0, 8212.8515625), (1, 10088.6162109375)]","[(0, 9666.9755859375), (1, 8507.7900390625)]","[(0, 28986.892578125), (1, 35471.921875)]","[(0, 13628.3046875), (1, 14515.779296875)]"
348,"[(0, 21958.23828125), (1, 24199.9921875)]","[(0, 6880.0810546875), (1, 6739.88916015625)]","[(0, 9607.0625), (1, 9469.4453125)]","[(0, 27395.626953125), (1, 27458.5078125)]","[(0, 15599.6171875), (1, 12714.6240234375)]","[(0, 12699.9609375), (1, 13130.3076171875)]","[(0, 22296.48046875), (1, 20731.375)]","[(0, 19552.21875), (1, 24034.326171875)]","[(0, 10280.3876953125), (1, 7180.8720703125)]","[(0, 12728.5888671875), (1, 16422.703125)]","[(0, 15754.0849609375), (1, 16803.435546875)]"
349,"[(0, 19764.44140625), (1, 21508.16015625)]","[(0, 22640.322265625), (1, 23843.60546875)]","[(0, 16280.1435546875), (1, 13558.431640625)]","[(0, 21590.365234375), (1, 23263.517578125)]","[(0, 16020.8212890625), (1, 14264.1962890625)]","[(0, 25756.8515625), (1, 24957.58984375)]","[(0, 23889.763671875), (1, 27103.04296875)]","[(0, 16067.91796875), (1, 8857.6767578125)]","[(0, 19333.591796875), (1, 15076.931640625)]","[(0, 22296.990234375), (1, 21827.4140625)]","[(0, 11092.7275390625), (1, 12049.9677734375)]"
350,"[(0, 21222.134765625), (1, 23172.845703125)]","[(0, 22140.59375), (1, 23023.408203125)]","[(0, 11126.408203125), (1, 11434.7236328125)]","[(0, 13467.4375), (1, 12773.642578125)]","[(0, 17498.654296875), (1, 15807.5283203125)]","[(0, 33968.03125), (1, 34537.9453125)]","[(0, 27437.19921875), (1, 29586.390625)]","[(0, 16882.255859375), (1, 15774.1865234375)]","[(0, 11812.06640625), (1, 25675.52734375)]","[(0, 14243.4931640625), (1, 6532.6240234375)]","[(0, 11249.75), (1, 11972.3623046875)]"
351,"[(0, 28585.953125), (1, 30851.033203125)]","[(0, 20893.67578125), (1, 20894.390625)]","[(0, 27457.51171875), (1, 23774.375)]","[(0, 32250.48828125), (1, 32243.970703125)]","[(0, 22088.099609375), (1, 19294.33984375)]","[(0, 21103.865234375), (1, 21167.095703125)]","[(0, 30299.537109375), (1, 30117.119140625)]","[(0, 14496.1083984375), (1, 15859.9248046875)]","[(0, 21365.423828125), (1, 21816.8203125)]","[(0, 13205.6171875), (1, 18575.193359375)]","[(0, 10382.3037109375), (1, 10893.5595703125)]"
352,"[(0, 28364.25), (1, 29675.62890625)]","[(0, 23223.109375), (1, 23013.15625)]","[(0, 14286.6591796875), (1, 16666.486328125)]","[(0, 21043.513671875), (1, 18355.52734375)]","[(0, 21162.595703125), (1, 16730.87109375)]","[(0, 18163.76953125), (1, 18540.30859375)]","[(0, 34088.94921875), (1, 33853.0)]","[(0, 37057.23046875), (1, 22128.6015625)]","[(0, 22997.228515625), (1, 28783.212890625)]","[(0, 13711.1123046875), (1, 12266.216796875)]","[(0, 21881.83203125), (1, 17390.38671875)]"
353,"[(0, 28205.34375), (1, 30193.212890625)]","[(0, 18625.392578125), (1, 18992.05859375)]","[(0, 30349.974609375), (1, 28896.52734375)]","[(0, 14173.0458984375), (1, 14153.0693359375)]","[(0, 12228.140625), (1, 8496.73828125)]","[(0, 22612.119140625), (1, 21832.3046875)]","[(0, 38516.9296875), (1, 41699.546875)]","[(0, 27988.224609375), (1, 19312.197265625)]","[(0, 20789.76171875), (1, 15411.203125)]","[(0, 5957.5712890625), (1, 11706.9853515625)]","[(0, 10358.2314453125), (1, 11270.20703125)]"
354,"[(0, 17468.66015625), (1, 19570.22265625)]","[(0, 20480.470703125), (1, 20415.220703125)]","[(0, 22354.1796875), (1, 21416.3203125)]","[(0, 13016.453125), (1, 13352.314453125)]","[(0, 5690.83935546875), (1, 5035.89404296875)]","[(0, 18530.833984375), (1, 18677.314453125)]","[(0, 42994.359375), (1, 47320.77734375)]","[(0, 9072.8076171875), (1, 14365.353515625)]","[(0, 22255.6484375), (1, 30931.546875)]","[(0, 13229.65625), (1, 22958.658203125)]","[(0, 20709.48046875), (1, 21150.771484375)]"
355,"[(0, 18438.19921875), (1, 20422.19140625)]","[(0, 18576.50390625), (1, 18376.966796875)]","[(0, 23195.376953125), (1, 21399.150390625)]","[(0, 23500.935546875), (1, 21842.13671875)]","[(0, 5935.46533203125), (1, 5074.01708984375)]","[(0, 23035.75), (1, 22309.369140625)]","[(0, 32186.42578125), (1, 32687.583984375)]","[(0, 24144.783203125), (1, 33229.421875)]","[(0, 31494.578125), (1, 34475.125)]","[(0, 28934.8046875), (1, 41104.140625)]","[(0, 15952.107421875), (1, 13502.4287109375)]"
356,"[(0, 24069.603515625), (1, 24895.638671875)]","[(0, 20313.70703125), (1, 20916.0625)]","[(0, 13763.1865234375), (1, 14921.259765625)]","[(0, 16654.85546875), (1, 20418.53125)]","[(0, 19184.251953125), (1, 14627.4384765625)]","[(0, 23463.9609375), (1, 24006.21875)]","[(0, 26775.994140625), (1, 26571.119140625)]","[(0, 10446.6728515625), (1, 13677.88671875)]","[(0, 27667.90234375), (1, 28364.982421875)]","[(0, 28116.181640625), (1, 25553.314453125)]","[(0, 12634.4970703125), (1, 13787.767578125)]"
357,"[(0, 18840.990234375), (1, 20256.42578125)]","[(0, 22636.716796875), (1, 22882.984375)]","[(0, 13764.76171875), (1, 11891.43359375)]","[(0, 5137.94189453125), (1, 5916.6455078125)]","[(0, 9567.2626953125), (1, 6549.82958984375)]","[(0, 32765.171875), (1, 31275.75)]","[(0, 30405.68359375), (1, 29624.759765625)]","[(0, 20233.546875), (1, 14661.2783203125)]","[(0, 12707.556640625), (1, 10294.2109375)]","[(0, 8828.96875), (1, 6584.5634765625)]","[(0, 13162.4541015625), (1, 14419.7080078125)]"
358,"[(0, 15448.873046875), (1, 17245.36328125)]","[(0, 18400.501953125), (1, 18050.833984375)]","[(0, 9663.3896484375), (1, 10168.333984375)]","[(0, 30428.54296875), (1, 26283.654296875)]","[(0, 6667.341796875), (1, 5131.35595703125)]","[(0, 33563.421875), (1, 33959.671875)]","[(0, 31812.716796875), (1, 31572.88671875)]","[(0, 27942.005859375), (1, 16403.55859375)]","[(0, 18421.994140625), (1, 19070.41015625)]","[(0, 20412.02734375), (1, 29233.72265625)]","[(0, 19029.0234375), (1, 16435.017578125)]"
359,"[(0, 24719.45703125), (1, 25716.23046875)]","[(0, 22492.6015625), (1, 23624.0546875)]","[(0, 15924.974609375), (1, 14869.962890625)]","[(0, 12973.029296875), (1, 13363.51171875)]","[(0, 24800.685546875), (1, 24713.94140625)]","[(0, 25832.00390625), (1, 24762.966796875)]","[(0, 35896.3828125), (1, 40170.50390625)]","[(0, 16018.0859375), (1, 15289.9443359375)]","[(0, 16765.724609375), (1, 19795.755859375)]","[(0, 21864.435546875), (1, 14881.994140625)]","[(0, 21356.03125), (1, 17240.31640625)]"
360,"[(0, 19061.64453125), (1, 21103.8046875)]","[(0, 27568.080078125), (1, 27003.095703125)]","[(0, 7298.3525390625), (1, 7647.69580078125)]","[(0, 21042.30859375), (1, 20811.501953125)]","[(0, 16179.67578125), (1, 14594.609375)]","[(0, 21474.89453125), (1, 21715.48046875)]","[(0, 33972.56640625), (1, 34481.2421875)]","[(0, 15028.7978515625), (1, 20455.833984375)]","[(0, 24569.837890625), (1, 27152.041015625)]","[(0, 13014.876953125), (1, 9622.9072265625)]","[(0, 28021.26171875), (1, 27383.8984375)]"
361,"[(0, 32603.400390625), (1, 33785.78515625)]","[(0, 28374.396484375), (1, 27282.9140625)]","[(0, 10979.7841796875), (1, 11083.37890625)]","[(0, 25311.068359375), (1, 25729.28125)]","[(0, 13663.20703125), (1, 11970.306640625)]","[(0, 14580.8232421875), (1, 14272.6328125)]","[(0, 20882.736328125), (1, 20902.14453125)]","[(0, 22363.134765625), (1, 17337.115234375)]","[(0, 46946.4765625), (1, 34782.71484375)]","[(0, 10007.1083984375), (1, 6816.26806640625)]","[(0, 25139.59375), (1, 20088.134765625)]"
362,"[(0, 18687.861328125), (1, 20788.7109375)]","[(0, 24775.93359375), (1, 25015.517578125)]","[(0, 23387.69140625), (1, 25067.986328125)]","[(0, 18962.919921875), (1, 18956.69921875)]","[(0, 14496.537109375), (1, 12163.9033203125)]","[(0, 24895.1171875), (1, 24626.607421875)]","[(0, 22530.21484375), (1, 21398.169921875)]","[(0, 14690.361328125), (1, 12665.1630859375)]","[(0, 14881.482421875), (1, 17721.2421875)]","[(0, 17330.154296875), (1, 11842.4423828125)]","[(0, 18193.0859375), (1, 15423.169921875)]"
363,"[(0, 16678.109375), (1, 17896.2421875)]","[(0, 27473.359375), (1, 26702.220703125)]","[(0, 13736.3720703125), (1, 15233.892578125)]","[(0, 20890.884765625), (1, 21026.05859375)]","[(0, 20961.83203125), (1, 17079.07421875)]","[(0, 19313.0078125), (1, 19398.87890625)]","[(0, 30814.30859375), (1, 33364.53515625)]","[(0, 21945.42578125), (1, 21503.689453125)]","[(0, 16091.578125), (1, 11473.107421875)]","[(0, 22884.990234375), (1, 16019.6748046875)]","[(0, 26681.55078125), (1, 22106.4765625)]"
364,"[(0, 22376.982421875), (1, 23868.357421875)]","[(0, 16590.572265625), (1, 18500.814453125)]","[(0, 23674.822265625), (1, 22578.869140625)]","[(0, 21902.8359375), (1, 20242.328125)]","[(0, 11706.6611328125), (1, 8704.947265625)]","[(0, 14276.2265625), (1, 15375.587890625)]","[(0, 22332.01953125), (1, 23105.9375)]","[(0, 28402.634765625), (1, 31835.388671875)]","[(0, 10058.7763671875), (1, 7835.79296875)]","[(0, 20669.091796875), (1, 21609.41796875)]","[(0, 24088.01953125), (1, 24671.765625)]"
365,"[(0, 28979.09765625), (1, 30161.326171875)]","[(0, 17841.216796875), (1, 19398.12109375)]","[(0, 17167.322265625), (1, 13179.9013671875)]","[(0, 12991.662109375), (1, 12837.0595703125)]","[(0, 3929.745849609375), (1, 3584.037109375)]","[(0, 21162.71484375), (1, 20061.25390625)]","[(0, 32188.912109375), (1, 30994.177734375)]","[(0, 19849.5390625), (1, 20480.01953125)]","[(0, 23978.875), (1, 17819.33203125)]","[(0, 18681.60546875), (1, 11829.359375)]","[(0, 14401.5947265625), (1, 15585.5048828125)]"
366,"[(0, 21786.296875), (1, 24002.578125)]","[(0, 16475.599609375), (1, 16820.671875)]","[(0, 18886.611328125), (1, 18839.822265625)]","[(0, 17426.861328125), (1, 17992.51953125)]","[(0, 18662.427734375), (1, 12554.4326171875)]","[(0, 25255.755859375), (1, 25056.728515625)]","[(0, 19788.091796875), (1, 20037.44921875)]","[(0, 26805.810546875), (1, 32882.24609375)]","[(0, 12430.9326171875), (1, 7250.29736328125)]","[(0, 15715.0400390625), (1, 10647.3623046875)]","[(0, 18051.384765625), (1, 15164.9677734375)]"
367,"[(0, 18275.529296875), (1, 20615.525390625)]","[(0, 21257.419921875), (1, 22164.0)]","[(0, 29746.947265625), (1, 28449.560546875)]","[(0, 24397.47265625), (1, 25542.791015625)]","[(0, 12313.673828125), (1, 7699.97802734375)]","[(0, 11581.8759765625), (1, 12018.40625)]","[(0, 40385.03515625), (1, 36934.5234375)]","[(0, 10399.724609375), (1, 11803.328125)]","[(0, 26977.53515625), (1, 15474.412109375)]","[(0, 33298.578125), (1, 20152.68359375)]","[(0, 20604.02734375), (1, 17969.935546875)]"
368,"[(0, 16920.326171875), (1, 18331.806640625)]","[(0, 23565.392578125), (1, 28180.984375)]","[(0, 21502.150390625), (1, 15216.46875)]","[(0, 14608.1728515625), (1, 13112.3759765625)]","[(0, 21893.939453125), (1, 18349.26171875)]","[(0, 23370.767578125), (1, 23041.177734375)]","[(0, 26528.935546875), (1, 25593.826171875)]","[(0, 16479.794921875), (1, 9437.1435546875)]","[(0, 32380.048828125), (1, 41279.03125)]","[(0, 12054.2431640625), (1, 6655.26513671875)]","[(0, 20781.158203125), (1, 17327.908203125)]"
369,"[(0, 22939.619140625), (1, 25310.75390625)]","[(0, 25639.55859375), (1, 30058.8984375)]","[(0, 12447.96875), (1, 12600.4677734375)]","[(0, 13944.8125), (1, 13821.193359375)]","[(0, 21570.03125), (1, 17552.072265625)]","[(0, 19494.986328125), (1, 18977.427734375)]","[(0, 24441.08984375), (1, 24314.9453125)]","[(0, 12193.58984375), (1, 15955.1201171875)]","[(0, 20244.123046875), (1, 22462.5703125)]","[(0, 25923.587890625), (1, 30744.298828125)]","[(0, 24105.255859375), (1, 19702.0)]"
370,"[(0, 24776.287109375), (1, 27080.255859375)]","[(0, 23050.935546875), (1, 25796.552734375)]","[(0, 21632.037109375), (1, 21494.443359375)]","[(0, 14116.9697265625), (1, 13123.509765625)]","[(0, 15668.3359375), (1, 12610.4462890625)]","[(0, 25820.576171875), (1, 26870.8203125)]","[(0, 18118.5625), (1, 17815.423828125)]","[(0, 6791.9541015625), (1, 8699.5859375)]","[(0, 12305.2919921875), (1, 8753.4130859375)]","[(0, 12156.017578125), (1, 18646.1328125)]","[(0, 13547.7802734375), (1, 14158.1455078125)]"
371,"[(0, 25382.837890625), (1, 26697.052734375)]","[(0, 28858.6328125), (1, 30355.068359375)]","[(0, 17898.205078125), (1, 14997.9990234375)]","[(0, 13134.390625), (1, 11483.0478515625)]","[(0, 22922.5390625), (1, 19939.869140625)]","[(0, 24376.54296875), (1, 23643.234375)]","[(0, 27886.048828125), (1, 34057.4921875)]","[(0, 13294.248046875), (1, 7688.2373046875)]","[(0, 16232.2705078125), (1, 13617.4560546875)]","[(0, 11070.576171875), (1, 18578.6640625)]","[(0, 16542.828125), (1, 14451.412109375)]"
372,"[(0, 23925.994140625), (1, 26816.576171875)]","[(0, 16422.75), (1, 17804.994140625)]","[(0, 17177.279296875), (1, 13054.1572265625)]","[(0, 13962.0849609375), (1, 15143.8671875)]","[(0, 13801.02734375), (1, 10865.4931640625)]","[(0, 23753.048828125), (1, 24399.54296875)]","[(0, 24538.318359375), (1, 29644.9375)]","[(0, 25133.0234375), (1, 28312.712890625)]","[(0, 10315.3203125), (1, 13411.1845703125)]","[(0, 14937.078125), (1, 18125.509765625)]","[(0, 16964.96875), (1, 14973.1044921875)]"
373,"[(0, 19974.66015625), (1, 21513.986328125)]","[(0, 22047.103515625), (1, 23530.24609375)]","[(0, 15683.5244140625), (1, 14507.9462890625)]","[(0, 17963.45703125), (1, 19104.06640625)]","[(0, 10698.6005859375), (1, 8783.3837890625)]","[(0, 23563.146484375), (1, 21837.283203125)]","[(0, 30307.42578125), (1, 29296.154296875)]","[(0, 6897.28662109375), (1, 6521.42626953125)]","[(0, 6904.53271484375), (1, 5913.24951171875)]","[(0, 19709.365234375), (1, 11122.482421875)]","[(0, 24327.865234375), (1, 20557.51171875)]"
374,"[(0, 21297.78125), (1, 23329.771484375)]","[(0, 12539.8095703125), (1, 13506.1640625)]","[(0, 27084.671875), (1, 23754.474609375)]","[(0, 17107.783203125), (1, 18973.048828125)]","[(0, 15699.9111328125), (1, 12636.1123046875)]","[(0, 21073.03515625), (1, 20542.8515625)]","[(0, 27061.07421875), (1, 27940.033203125)]","[(0, 14767.5888671875), (1, 12112.9560546875)]","[(0, 5552.15576171875), (1, 6635.66259765625)]","[(0, 11445.7646484375), (1, 10950.9013671875)]","[(0, 30276.83203125), (1, 24578.9765625)]"
375,"[(0, 20698.205078125), (1, 22767.6796875)]","[(0, 15727.109375), (1, 16946.939453125)]","[(0, 36057.6796875), (1, 30303.87109375)]","[(0, 12919.1005859375), (1, 12216.578125)]","[(0, 9844.9375), (1, 8065.69140625)]","[(0, 25599.26953125), (1, 25565.697265625)]","[(0, 32051.375), (1, 37174.2890625)]","[(0, 15933.2236328125), (1, 7967.99072265625)]","[(0, 17452.724609375), (1, 14201.0263671875)]","[(0, 19710.64453125), (1, 13971.54296875)]","[(0, 20973.630859375), (1, 16845.763671875)]"
376,"[(0, 27605.33203125), (1, 29794.021484375)]","[(0, 12117.115234375), (1, 11810.421875)]","[(0, 21130.5078125), (1, 23892.953125)]","[(0, 12652.8486328125), (1, 14202.8681640625)]","[(0, 9666.486328125), (1, 7780.68896484375)]","[(0, 19762.38671875), (1, 20951.458984375)]","[(0, 26601.544921875), (1, 29680.94921875)]","[(0, 6894.65625), (1, 12396.447265625)]","[(0, 27335.0546875), (1, 17150.990234375)]","[(0, 12279.7236328125), (1, 20375.2109375)]","[(0, 17394.94921875), (1, 15772.802734375)]"
377,"[(0, 19645.48828125), (1, 21401.8046875)]","[(0, 12610.927734375), (1, 12995.9501953125)]","[(0, 20676.662109375), (1, 16948.232421875)]","[(0, 18951.34765625), (1, 19991.01171875)]","[(0, 19106.033203125), (1, 13422.1103515625)]","[(0, 25530.19921875), (1, 24761.71484375)]","[(0, 28625.099609375), (1, 28958.103515625)]","[(0, 29941.939453125), (1, 31444.845703125)]","[(0, 19463.609375), (1, 26492.705078125)]","[(0, 11999.9443359375), (1, 9096.7119140625)]","[(0, 10852.2490234375), (1, 11929.64453125)]"
378,"[(0, 17297.708984375), (1, 19123.0234375)]","[(0, 25955.994140625), (1, 24896.28125)]","[(0, 24536.7734375), (1, 21879.181640625)]","[(0, 20937.376953125), (1, 18871.3984375)]","[(0, 12447.517578125), (1, 9091.6298828125)]","[(0, 22220.33984375), (1, 22435.2734375)]","[(0, 28887.986328125), (1, 29031.046875)]","[(0, 29289.953125), (1, 24141.123046875)]","[(0, 15513.109375), (1, 11223.3134765625)]","[(0, 17974.013671875), (1, 15123.244140625)]","[(0, 21322.126953125), (1, 22007.9453125)]"
379,"[(0, 12801.166015625), (1, 14664.3544921875)]","[(0, 19256.912109375), (1, 21862.037109375)]","[(0, 22667.392578125), (1, 21793.591796875)]","[(0, 11411.9326171875), (1, 10512.8642578125)]","[(0, 11295.029296875), (1, 8356.0703125)]","[(0, 19850.73046875), (1, 19702.826171875)]","[(0, 25049.6328125), (1, 28549.90625)]","[(0, 26751.4140625), (1, 26900.025390625)]","[(0, 6819.19384765625), (1, 8279.5068359375)]","[(0, 11428.3017578125), (1, 12509.4716796875)]","[(0, 19639.88671875), (1, 17201.5390625)]"
380,"[(0, 20060.3359375), (1, 21726.2109375)]","[(0, 21494.236328125), (1, 23411.544921875)]","[(0, 27599.541015625), (1, 24715.02734375)]","[(0, 14350.78515625), (1, 15516.7197265625)]","[(0, 4222.822265625), (1, 3753.907958984375)]","[(0, 28916.18359375), (1, 29669.373046875)]","[(0, 22777.2578125), (1, 27332.552734375)]","[(0, 18405.521484375), (1, 16832.11328125)]","[(0, 28087.185546875), (1, 19012.607421875)]","[(0, 19725.0859375), (1, 16362.701171875)]","[(0, 17935.04296875), (1, 18415.125)]"
381,"[(0, 22684.0859375), (1, 24536.494140625)]","[(0, 19126.05078125), (1, 20021.17578125)]","[(0, 19082.92578125), (1, 16407.283203125)]","[(0, 18144.015625), (1, 18309.28515625)]","[(0, 4431.6123046875), (1, 3932.219970703125)]","[(0, 35861.7890625), (1, 36065.7578125)]","[(0, 36566.27734375), (1, 37633.37109375)]","[(0, 14551.88671875), (1, 19760.935546875)]","[(0, 35078.828125), (1, 19298.591796875)]","[(0, 7430.56884765625), (1, 10529.5810546875)]","[(0, 14462.38671875), (1, 12673.427734375)]"
382,"[(0, 26537.107421875), (1, 28975.64453125)]","[(0, 25993.001953125), (1, 26785.494140625)]","[(0, 19534.71875), (1, 19594.779296875)]","[(0, 19291.103515625), (1, 18590.060546875)]","[(0, 22892.697265625), (1, 22086.81640625)]","[(0, 29171.19921875), (1, 29624.701171875)]","[(0, 29840.0859375), (1, 30397.1015625)]","[(0, 33720.40625), (1, 25408.849609375)]","[(0, 12598.376953125), (1, 9794.125)]","[(0, 14374.193359375), (1, 14034.6962890625)]","[(0, 22659.005859375), (1, 19054.173828125)]"
383,"[(0, 31774.814453125), (1, 34350.25)]","[(0, 23366.0), (1, 23385.10546875)]","[(0, 22996.658203125), (1, 18364.896484375)]","[(0, 12894.4951171875), (1, 12850.3857421875)]","[(0, 17213.2734375), (1, 14796.1923828125)]","[(0, 27570.919921875), (1, 26358.00390625)]","[(0, 28461.853515625), (1, 30589.060546875)]","[(0, 18886.900390625), (1, 21763.14453125)]","[(0, 7873.404296875), (1, 7834.84423828125)]","[(0, 10882.7919921875), (1, 10067.1923828125)]","[(0, 22441.05078125), (1, 18499.263671875)]"
384,"[(0, 17265.490234375), (1, 19507.705078125)]","[(0, 22116.724609375), (1, 22363.412109375)]","[(0, 20186.44140625), (1, 19061.09765625)]","[(0, 13553.9189453125), (1, 13203.7666015625)]","[(0, 9903.3486328125), (1, 8484.689453125)]","[(0, 25856.529296875), (1, 26698.22265625)]","[(0, 23703.98828125), (1, 27456.23046875)]","[(0, 35536.21875), (1, 30132.40234375)]","[(0, 18801.87890625), (1, 19000.427734375)]","[(0, 8521.28515625), (1, 15862.103515625)]","[(0, 19069.646484375), (1, 17007.0390625)]"
385,"[(0, 20229.05078125), (1, 21934.943359375)]","[(0, 22482.48046875), (1, 21705.791015625)]","[(0, 11580.650390625), (1, 11487.900390625)]","[(0, 21598.87109375), (1, 20962.8515625)]","[(0, 9071.1982421875), (1, 8219.103515625)]","[(0, 22050.3828125), (1, 21106.12109375)]","[(0, 33635.421875), (1, 34060.578125)]","[(0, 7554.849609375), (1, 7693.166015625)]","[(0, 11063.5888671875), (1, 11207.2919921875)]","[(0, 28724.611328125), (1, 19357.72265625)]","[(0, 16062.0654296875), (1, 17407.427734375)]"
386,"[(0, 15837.314453125), (1, 16782.599609375)]","[(0, 9233.41015625), (1, 8256.775390625)]","[(0, 25840.578125), (1, 20177.22265625)]","[(0, 15764.4716796875), (1, 15172.9248046875)]","[(0, 18808.80078125), (1, 14444.744140625)]","[(0, 29071.052734375), (1, 29517.5390625)]","[(0, 26769.63671875), (1, 27191.55859375)]","[(0, 15732.810546875), (1, 24330.6953125)]","[(0, 15319.982421875), (1, 16285.578125)]","[(0, 15942.693359375), (1, 11910.9443359375)]","[(0, 12466.16796875), (1, 13840.4765625)]"
387,"[(0, 17988.8125), (1, 19751.533203125)]","[(0, 21503.66796875), (1, 23222.177734375)]","[(0, 13250.0859375), (1, 10995.0732421875)]","[(0, 14529.283203125), (1, 13242.7587890625)]","[(0, 12397.546875), (1, 7823.9052734375)]","[(0, 30756.029296875), (1, 30279.634765625)]","[(0, 32044.7421875), (1, 29152.09375)]","[(0, 13396.5986328125), (1, 12448.32421875)]","[(0, 10383.9072265625), (1, 8198.5146484375)]","[(0, 18131.12890625), (1, 17887.982421875)]","[(0, 25083.650390625), (1, 21745.42578125)]"
388,"[(0, 18258.578125), (1, 19637.9765625)]","[(0, 22747.4296875), (1, 23199.931640625)]","[(0, 25580.55078125), (1, 27417.84375)]","[(0, 19124.318359375), (1, 16659.859375)]","[(0, 6929.97021484375), (1, 6034.2158203125)]","[(0, 25443.306640625), (1, 26382.296875)]","[(0, 22820.6328125), (1, 21020.005859375)]","[(0, 14989.69140625), (1, 14576.443359375)]","[(0, 8692.4951171875), (1, 8787.8486328125)]","[(0, 25497.42578125), (1, 17334.041015625)]","[(0, 24993.484375), (1, 20006.861328125)]"
389,"[(0, 21301.45703125), (1, 23290.9140625)]","[(0, 20214.837890625), (1, 20509.494140625)]","[(0, 15575.99609375), (1, 16981.349609375)]","[(0, 28983.0234375), (1, 30476.517578125)]","[(0, 8342.9716796875), (1, 6923.66796875)]","[(0, 22896.41015625), (1, 22648.203125)]","[(0, 32354.798828125), (1, 33968.2578125)]","[(0, 21187.009765625), (1, 10626.283203125)]","[(0, 12213.642578125), (1, 10447.291015625)]","[(0, 19612.55859375), (1, 11315.7197265625)]","[(0, 15111.205078125), (1, 15933.724609375)]"
390,"[(0, 22346.421875), (1, 24448.57421875)]","[(0, 17024.64453125), (1, 16991.865234375)]","[(0, 22519.236328125), (1, 19917.859375)]","[(0, 22137.00390625), (1, 23488.412109375)]","[(0, 26293.255859375), (1, 24442.09375)]","[(0, 19908.83984375), (1, 19977.765625)]","[(0, 35814.55859375), (1, 39428.0)]","[(0, 16162.6650390625), (1, 18099.89453125)]","[(0, 11707.54296875), (1, 9600.6416015625)]","[(0, 12046.0263671875), (1, 10134.904296875)]","[(0, 19298.958984375), (1, 15828.6015625)]"
391,"[(0, 24653.8203125), (1, 26531.26171875)]","[(0, 10045.69140625), (1, 10545.9423828125)]","[(0, 7004.48046875), (1, 6376.205078125)]","[(0, 10808.9609375), (1, 13169.3603515625)]","[(0, 18828.84765625), (1, 16283.1865234375)]","[(0, 23367.248046875), (1, 23356.486328125)]","[(0, 16947.794921875), (1, 17197.421875)]","[(0, 30491.462890625), (1, 31820.2109375)]","[(0, 25418.712890625), (1, 18369.642578125)]","[(0, 20276.1015625), (1, 14897.6845703125)]","[(0, 24625.71484375), (1, 20717.025390625)]"
392,"[(0, 17863.076171875), (1, 19359.55078125)]","[(0, 11092.7900390625), (1, 11175.591796875)]","[(0, 23971.421875), (1, 21775.310546875)]","[(0, 22174.8046875), (1, 21068.33203125)]","[(0, 27224.4609375), (1, 25691.251953125)]","[(0, 28952.498046875), (1, 30761.30859375)]","[(0, 15484.4501953125), (1, 15825.4921875)]","[(0, 17153.001953125), (1, 11955.96484375)]","[(0, 16553.48046875), (1, 13399.626953125)]","[(0, 10784.9892578125), (1, 12099.609375)]","[(0, 26332.2265625), (1, 26196.8203125)]"
393,"[(0, 21645.306640625), (1, 23570.673828125)]","[(0, 10305.203125), (1, 10034.4306640625)]","[(0, 20860.802734375), (1, 19604.7421875)]","[(0, 18526.275390625), (1, 20460.63671875)]","[(0, 19696.49609375), (1, 17340.572265625)]","[(0, 26111.615234375), (1, 25889.740234375)]","[(0, 23985.095703125), (1, 23286.337890625)]","[(0, 21649.33203125), (1, 15494.7021484375)]","[(0, 20605.12890625), (1, 22295.544921875)]","[(0, 25438.744140625), (1, 30139.041015625)]","[(0, 27130.53125), (1, 21801.4921875)]"
394,"[(0, 29237.765625), (1, 31381.875)]","[(0, 9710.9306640625), (1, 9101.302734375)]","[(0, 24495.974609375), (1, 22173.95703125)]","[(0, 23084.857421875), (1, 21549.140625)]","[(0, 13452.2255859375), (1, 11993.0908203125)]","[(0, 27972.66796875), (1, 27711.94921875)]","[(0, 24480.1640625), (1, 25479.75390625)]","[(0, 14214.779296875), (1, 17039.18359375)]","[(0, 18334.18359375), (1, 27082.501953125)]","[(0, 13624.4716796875), (1, 20486.095703125)]","[(0, 12873.8271484375), (1, 13863.3447265625)]"
395,"[(0, 17284.8984375), (1, 19456.890625)]","[(0, 23661.70703125), (1, 24830.8828125)]","[(0, 13619.8720703125), (1, 11868.388671875)]","[(0, 17583.6875), (1, 17522.8203125)]","[(0, 20614.2265625), (1, 17052.578125)]","[(0, 35946.77734375), (1, 36392.2265625)]","[(0, 25261.919921875), (1, 25291.330078125)]","[(0, 16458.78125), (1, 21395.109375)]","[(0, 21649.16796875), (1, 22328.845703125)]","[(0, 25566.748046875), (1, 16271.58984375)]","[(0, 23475.98046875), (1, 18986.171875)]"
396,"[(0, 14487.857421875), (1, 15927.572265625)]","[(0, 28819.49609375), (1, 30423.115234375)]","[(0, 23346.8203125), (1, 20497.44921875)]","[(0, 11969.8154296875), (1, 12812.3173828125)]","[(0, 12601.8134765625), (1, 9870.84765625)]","[(0, 18972.1796875), (1, 19178.69140625)]","[(0, 23823.28515625), (1, 23612.634765625)]","[(0, 12128.8740234375), (1, 7749.38671875)]","[(0, 17944.33203125), (1, 10196.2900390625)]","[(0, 40976.19921875), (1, 21196.185546875)]","[(0, 21702.6875), (1, 21422.6953125)]"
397,"[(0, 19048.615234375), (1, 20970.169921875)]","[(0, 22526.51953125), (1, 22300.732421875)]","[(0, 8732.6181640625), (1, 7950.72216796875)]","[(0, 19095.0859375), (1, 19829.51953125)]","[(0, 13486.3046875), (1, 11527.2880859375)]","[(0, 19534.197265625), (1, 18563.69921875)]","[(0, 25989.185546875), (1, 29050.765625)]","[(0, 14882.0078125), (1, 11415.8076171875)]","[(0, 16049.37109375), (1, 19609.41796875)]","[(0, 22509.125), (1, 16135.8369140625)]","[(0, 27125.7734375), (1, 22693.845703125)]"
398,"[(0, 23322.787109375), (1, 24376.076171875)]","[(0, 28545.55078125), (1, 27483.001953125)]","[(0, 15440.4482421875), (1, 15816.1376953125)]","[(0, 24681.4140625), (1, 24825.4609375)]","[(0, 15099.537109375), (1, 12788.26953125)]","[(0, 19798.435546875), (1, 19752.23046875)]","[(0, 22814.2578125), (1, 24743.068359375)]","[(0, 19528.943359375), (1, 13536.376953125)]","[(0, 29913.826171875), (1, 31123.646484375)]","[(0, 32474.802734375), (1, 26287.4140625)]","[(0, 21293.2109375), (1, 22622.322265625)]"
399,"[(0, 30355.47265625), (1, 31953.6796875)]","[(0, 12669.5478515625), (1, 13141.232421875)]","[(0, 19222.251953125), (1, 17180.490234375)]","[(0, 9426.9072265625), (1, 8909.908203125)]","[(0, 24032.744140625), (1, 20517.2421875)]","[(0, 24330.25390625), (1, 24255.65234375)]","[(0, 26421.703125), (1, 25559.310546875)]","[(0, 10826.302734375), (1, 10669.6630859375)]","[(0, 32541.70703125), (1, 26598.955078125)]","[(0, 23843.1953125), (1, 18054.65625)]","[(0, 10760.26171875), (1, 11857.720703125)]"
400,"[(0, 21938.060546875), (1, 23570.158203125)]","[(0, 9734.9736328125), (1, 9696.1064453125)]","[(0, 13654.232421875), (1, 15090.1513671875)]","[(0, 17583.267578125), (1, 17135.982421875)]","[(0, 16293.5947265625), (1, 12396.671875)]","[(0, 13611.171875), (1, 14683.890625)]","[(0, 23026.04296875), (1, 22260.404296875)]","[(0, 33065.67578125), (1, 29599.73828125)]","[(0, 11427.4404296875), (1, 9411.357421875)]","[(0, 14195.71875), (1, 16099.22265625)]","[(0, 22111.115234375), (1, 23156.232421875)]"
401,"[(0, 20887.796875), (1, 22762.251953125)]","[(0, 12766.9931640625), (1, 12954.3486328125)]","[(0, 16528.494140625), (1, 13931.6669921875)]","[(0, 9854.791015625), (1, 9643.642578125)]","[(0, 13127.4287109375), (1, 11873.9697265625)]","[(0, 38846.9453125), (1, 37208.515625)]","[(0, 23431.984375), (1, 23035.44140625)]","[(0, 13123.8486328125), (1, 13187.029296875)]","[(0, 18454.681640625), (1, 24321.4609375)]","[(0, 4841.646484375), (1, 8149.43505859375)]","[(0, 31899.666015625), (1, 25474.67578125)]"
402,"[(0, 16000.115234375), (1, 18176.0546875)]","[(0, 15521.353515625), (1, 15762.03515625)]","[(0, 22937.453125), (1, 19059.0625)]","[(0, 19880.740234375), (1, 17045.814453125)]","[(0, 12297.314453125), (1, 10699.1416015625)]","[(0, 24043.6328125), (1, 25137.65234375)]","[(0, 17165.291015625), (1, 16497.203125)]","[(0, 14453.025390625), (1, 10247.1953125)]","[(0, 14925.841796875), (1, 14931.609375)]","[(0, 22344.4609375), (1, 25277.99609375)]","[(0, 17992.810546875), (1, 19358.07421875)]"
403,"[(0, 29338.513671875), (1, 31161.9609375)]","[(0, 11890.0380859375), (1, 11258.796875)]","[(0, 23447.41015625), (1, 21865.0625)]","[(0, 15377.5087890625), (1, 14226.794921875)]","[(0, 30670.9375), (1, 27259.1953125)]","[(0, 29124.5), (1, 30078.76953125)]","[(0, 36418.5078125), (1, 35924.671875)]","[(0, 12983.833984375), (1, 23296.623046875)]","[(0, 11228.8369140625), (1, 7465.744140625)]","[(0, 14810.32421875), (1, 11321.861328125)]","[(0, 12637.6904296875), (1, 12789.7451171875)]"
404,"[(0, 25432.99609375), (1, 27692.083984375)]","[(0, 15862.2099609375), (1, 15568.40625)]","[(0, 25181.919921875), (1, 24375.169921875)]","[(0, 23711.49609375), (1, 25894.111328125)]","[(0, 19496.603515625), (1, 15745.2998046875)]","[(0, 46483.15234375), (1, 46251.31640625)]","[(0, 31020.318359375), (1, 30810.98828125)]","[(0, 21083.9296875), (1, 19471.740234375)]","[(0, 9049.43359375), (1, 6895.80712890625)]","[(0, 12379.1044921875), (1, 9699.3056640625)]","[(0, 20245.55078125), (1, 19928.841796875)]"
405,"[(0, 25222.39453125), (1, 27442.408203125)]","[(0, 16582.220703125), (1, 22040.544921875)]","[(0, 18104.140625), (1, 18849.759765625)]","[(0, 24153.90234375), (1, 23360.943359375)]","[(0, 17326.71875), (1, 16397.287109375)]","[(0, 34007.76953125), (1, 33864.98046875)]","[(0, 31633.345703125), (1, 31628.33984375)]","[(0, 24091.833984375), (1, 33961.06640625)]","[(0, 21320.419921875), (1, 22524.521484375)]","[(0, 32536.123046875), (1, 14835.2607421875)]","[(0, 20748.681640625), (1, 17302.212890625)]"
406,"[(0, 25372.23828125), (1, 26686.89453125)]","[(0, 20353.595703125), (1, 24438.57421875)]","[(0, 20094.515625), (1, 17887.67578125)]","[(0, 25439.982421875), (1, 26806.755859375)]","[(0, 7832.0576171875), (1, 5339.771484375)]","[(0, 28328.43359375), (1, 28117.228515625)]","[(0, 35748.05078125), (1, 37592.1171875)]","[(0, 30147.3203125), (1, 24525.193359375)]","[(0, 11827.13671875), (1, 15262.423828125)]","[(0, 7713.1923828125), (1, 7511.65771484375)]","[(0, 12825.6298828125), (1, 13799.3173828125)]"
407,"[(0, 15924.4130859375), (1, 17508.6875)]","[(0, 17649.74609375), (1, 21353.34375)]","[(0, 9082.763671875), (1, 8474.734375)]","[(0, 25630.560546875), (1, 25897.345703125)]","[(0, 3143.25390625), (1, 2468.717041015625)]","[(0, 8148.83740234375), (1, 7977.3046875)]","[(0, 25585.16015625), (1, 25228.2890625)]","[(0, 13343.0458984375), (1, 11705.3330078125)]","[(0, 10455.6728515625), (1, 9497.8994140625)]","[(0, 22495.689453125), (1, 21881.978515625)]","[(0, 21160.4765625), (1, 21625.29296875)]"
408,"[(0, 22512.23828125), (1, 24358.6953125)]","[(0, 18834.5234375), (1, 21857.1796875)]","[(0, 20563.923828125), (1, 15835.42578125)]","[(0, 18936.8046875), (1, 19246.154296875)]","[(0, 3583.111083984375), (1, 2851.504638671875)]","[(0, 30771.138671875), (1, 31531.451171875)]","[(0, 21066.96484375), (1, 20911.755859375)]","[(0, 29132.779296875), (1, 16592.470703125)]","[(0, 25320.2421875), (1, 24384.259765625)]","[(0, 10321.341796875), (1, 11534.787109375)]","[(0, 18654.06640625), (1, 16160.19921875)]"
409,"[(0, 22980.916015625), (1, 24741.650390625)]","[(0, 20395.56640625), (1, 22132.78125)]","[(0, 11929.9287109375), (1, 12376.1298828125)]","[(0, 9248.95703125), (1, 9473.0673828125)]","[(0, 16381.296875), (1, 11961.4619140625)]","[(0, 24046.294921875), (1, 24071.693359375)]","[(0, 25400.03125), (1, 24571.8046875)]","[(0, 20691.65234375), (1, 19696.138671875)]","[(0, 35064.7109375), (1, 25157.8203125)]","[(0, 25423.5859375), (1, 17882.16796875)]","[(0, 12757.9990234375), (1, 14207.23046875)]"
410,"[(0, 14774.9150390625), (1, 16445.7734375)]","[(0, 18620.93359375), (1, 19671.24609375)]","[(0, 21183.2109375), (1, 18033.47265625)]","[(0, 27027.26171875), (1, 25854.2109375)]","[(0, 12256.849609375), (1, 10266.9453125)]","[(0, 11191.046875), (1, 11007.232421875)]","[(0, 31124.208984375), (1, 32555.67578125)]","[(0, 11571.1240234375), (1, 8945.66796875)]","[(0, 7355.9443359375), (1, 6691.541015625)]","[(0, 13368.966796875), (1, 8796.64453125)]","[(0, 10681.1884765625), (1, 11890.25390625)]"
411,"[(0, 28315.98046875), (1, 31009.99609375)]","[(0, 20789.72265625), (1, 21859.181640625)]","[(0, 15779.72265625), (1, 16751.787109375)]","[(0, 15319.2373046875), (1, 13945.01171875)]","[(0, 16094.5556640625), (1, 12742.6044921875)]","[(0, 23730.0), (1, 24290.88671875)]","[(0, 15677.498046875), (1, 15571.76171875)]","[(0, 13889.943359375), (1, 13676.42578125)]","[(0, 10590.9130859375), (1, 13628.0185546875)]","[(0, 13250.376953125), (1, 10352.5732421875)]","[(0, 16288.91796875), (1, 17311.869140625)]"
412,"[(0, 26494.80078125), (1, 28897.244140625)]","[(0, 13830.884765625), (1, 13829.697265625)]","[(0, 29198.029296875), (1, 26729.17578125)]","[(0, 17479.724609375), (1, 17418.671875)]","[(0, 12091.02734375), (1, 8786.2314453125)]","[(0, 31949.017578125), (1, 32563.283203125)]","[(0, 20551.884765625), (1, 20851.076171875)]","[(0, 13595.2294921875), (1, 23318.271484375)]","[(0, 23643.751953125), (1, 19621.1640625)]","[(0, 31019.63671875), (1, 23419.830078125)]","[(0, 25825.994140625), (1, 20653.40625)]"
413,"[(0, 15067.0126953125), (1, 17074.26953125)]","[(0, 21296.603515625), (1, 22916.287109375)]","[(0, 10047.099609375), (1, 11516.3427734375)]","[(0, 24894.263671875), (1, 25703.947265625)]","[(0, 5869.0458984375), (1, 5147.1181640625)]","[(0, 36867.90625), (1, 36437.26953125)]","[(0, 20563.845703125), (1, 25250.14453125)]","[(0, 12614.451171875), (1, 15648.68359375)]","[(0, 32790.4609375), (1, 30620.02734375)]","[(0, 15479.046875), (1, 14994.65234375)]","[(0, 19869.765625), (1, 19638.744140625)]"
414,"[(0, 19109.041015625), (1, 21142.201171875)]","[(0, 24184.7421875), (1, 25970.306640625)]","[(0, 21133.693359375), (1, 24039.369140625)]","[(0, 23668.634765625), (1, 24572.298828125)]","[(0, 6274.11279296875), (1, 5609.83447265625)]","[(0, 20313.591796875), (1, 21075.828125)]","[(0, 22415.875), (1, 27405.373046875)]","[(0, 17339.5625), (1, 16275.16015625)]","[(0, 12841.443359375), (1, 10699.611328125)]","[(0, 16134.498046875), (1, 13001.08203125)]","[(0, 24297.861328125), (1, 20191.158203125)]"
415,"[(0, 18036.328125), (1, 19890.6015625)]","[(0, 20127.17578125), (1, 19998.982421875)]","[(0, 26750.341796875), (1, 23320.875)]","[(0, 10286.134765625), (1, 9133.0908203125)]","[(0, 26210.73828125), (1, 25222.2265625)]","[(0, 23518.849609375), (1, 23498.783203125)]","[(0, 24072.54296875), (1, 24055.62890625)]","[(0, 5987.21142578125), (1, 6023.728515625)]","[(0, 25172.123046875), (1, 23593.8828125)]","[(0, 14560.2158203125), (1, 17647.0546875)]","[(0, 31043.904296875), (1, 29533.474609375)]"
416,"[(0, 19790.958984375), (1, 21326.6015625)]","[(0, 18911.880859375), (1, 18466.248046875)]","[(0, 24362.36328125), (1, 21321.640625)]","[(0, 18042.126953125), (1, 16777.943359375)]","[(0, 17719.568359375), (1, 15858.01953125)]","[(0, 35071.265625), (1, 34407.85546875)]","[(0, 31666.09375), (1, 32926.3671875)]","[(0, 8787.6806640625), (1, 11844.7001953125)]","[(0, 16807.6015625), (1, 17730.3203125)]","[(0, 29004.287109375), (1, 19220.125)]","[(0, 24921.056640625), (1, 20216.7265625)]"
417,"[(0, 18254.50390625), (1, 19835.62890625)]","[(0, 18165.60546875), (1, 20874.275390625)]","[(0, 16000.22265625), (1, 11135.314453125)]","[(0, 19367.953125), (1, 19482.458984375)]","[(0, 10774.658203125), (1, 9522.4599609375)]","[(0, 21933.375), (1, 21880.099609375)]","[(0, 32561.326171875), (1, 29906.265625)]","[(0, 21383.484375), (1, 19271.388671875)]","[(0, 16950.25390625), (1, 24211.373046875)]","[(0, 18185.541015625), (1, 27837.10546875)]","[(0, 22393.71875), (1, 19092.08203125)]"
418,"[(0, 14281.0205078125), (1, 16188.9375)]","[(0, 22499.189453125), (1, 25255.033203125)]","[(0, 21427.76171875), (1, 20574.869140625)]","[(0, 8635.3916015625), (1, 9202.7822265625)]","[(0, 9993.5947265625), (1, 8856.6630859375)]","[(0, 31969.7734375), (1, 31248.798828125)]","[(0, 41280.52734375), (1, 35995.3515625)]","[(0, 35638.0703125), (1, 34220.27734375)]","[(0, 17168.25390625), (1, 29126.75)]","[(0, 7461.736328125), (1, 14876.6728515625)]","[(0, 17987.388671875), (1, 18838.833984375)]"
419,"[(0, 16373.72265625), (1, 18335.443359375)]","[(0, 18263.716796875), (1, 19423.1484375)]","[(0, 16488.818359375), (1, 14054.5859375)]","[(0, 15816.0166015625), (1, 15182.767578125)]","[(0, 17070.55859375), (1, 12989.3701171875)]","[(0, 38218.5), (1, 39111.69140625)]","[(0, 37068.79296875), (1, 39779.93359375)]","[(0, 8110.2353515625), (1, 10100.3984375)]","[(0, 18208.759765625), (1, 15235.5048828125)]","[(0, 16923.423828125), (1, 18785.31640625)]","[(0, 15531.06640625), (1, 13859.6298828125)]"
420,"[(0, 17821.048828125), (1, 19618.658203125)]","[(0, 16931.287109375), (1, 18170.421875)]","[(0, 12227.8720703125), (1, 13006.8359375)]","[(0, 17683.240234375), (1, 17544.724609375)]","[(0, 11862.85546875), (1, 8106.20654296875)]","[(0, 39472.88671875), (1, 40107.23046875)]","[(0, 27265.6171875), (1, 28458.732421875)]","[(0, 21435.58984375), (1, 34078.3515625)]","[(0, 11965.5126953125), (1, 16327.255859375)]","[(0, 21453.6484375), (1, 32315.234375)]","[(0, 19757.0546875), (1, 16115.751953125)]"
421,"[(0, 17033.48046875), (1, 18802.91796875)]","[(0, 11523.6162109375), (1, 10469.322265625)]","[(0, 21989.12890625), (1, 17505.197265625)]","[(0, 12273.6240234375), (1, 12968.6005859375)]","[(0, 10211.8115234375), (1, 8291.802734375)]","[(0, 38571.99609375), (1, 37936.99609375)]","[(0, 29234.1953125), (1, 27930.869140625)]","[(0, 17832.64453125), (1, 15630.6513671875)]","[(0, 8942.443359375), (1, 14688.3720703125)]","[(0, 28716.998046875), (1, 17809.615234375)]","[(0, 25162.62109375), (1, 21443.482421875)]"
422,"[(0, 18925.701171875), (1, 21006.19921875)]","[(0, 20426.76953125), (1, 22521.62109375)]","[(0, 10204.08203125), (1, 11318.482421875)]","[(0, 14331.6513671875), (1, 13772.7587890625)]","[(0, 21802.96875), (1, 21344.568359375)]","[(0, 31932.8125), (1, 32805.3828125)]","[(0, 27396.880859375), (1, 27312.853515625)]","[(0, 22217.033203125), (1, 14723.99609375)]","[(0, 9694.5712890625), (1, 8146.09375)]","[(0, 25689.63671875), (1, 19488.998046875)]","[(0, 21626.263671875), (1, 21489.072265625)]"
423,"[(0, 25245.544921875), (1, 26861.95703125)]","[(0, 21538.78515625), (1, 23683.24609375)]","[(0, 21870.525390625), (1, 16244.90625)]","[(0, 13263.2470703125), (1, 13095.8798828125)]","[(0, 15535.1689453125), (1, 13867.2451171875)]","[(0, 43126.22265625), (1, 43077.83984375)]","[(0, 37070.0625), (1, 39916.015625)]","[(0, 22138.798828125), (1, 22019.9765625)]","[(0, 29099.15234375), (1, 25688.19140625)]","[(0, 15177.8310546875), (1, 22160.17578125)]","[(0, 24678.09375), (1, 20787.69921875)]"
424,"[(0, 22224.1953125), (1, 22473.517578125)]","[(0, 20799.775390625), (1, 21533.8359375)]","[(0, 25759.16015625), (1, 20753.6484375)]","[(0, 22542.314453125), (1, 22924.921875)]","[(0, 16190.3251953125), (1, 14327.482421875)]","[(0, 39941.56640625), (1, 40236.71875)]","[(0, 32444.00390625), (1, 34134.03515625)]","[(0, 8055.85107421875), (1, 16396.005859375)]","[(0, 12613.7890625), (1, 8200.4150390625)]","[(0, 19285.583984375), (1, 22771.34765625)]","[(0, 23093.908203125), (1, 19644.869140625)]"
425,"[(0, 13977.8466796875), (1, 15466.4150390625)]","[(0, 26376.486328125), (1, 27686.298828125)]","[(0, 20099.36328125), (1, 16112.78515625)]","[(0, 16816.197265625), (1, 16826.720703125)]","[(0, 15763.4189453125), (1, 13290.5712890625)]","[(0, 29479.248046875), (1, 29290.541015625)]","[(0, 32609.05859375), (1, 34996.99609375)]","[(0, 20334.564453125), (1, 20438.96875)]","[(0, 14565.5498046875), (1, 9574.9658203125)]","[(0, 9325.22265625), (1, 6917.4638671875)]","[(0, 18631.751953125), (1, 19767.09765625)]"
426,"[(0, 11087.1748046875), (1, 12462.6259765625)]","[(0, 16727.583984375), (1, 19821.484375)]","[(0, 24365.6171875), (1, 19034.46875)]","[(0, 11529.2666015625), (1, 12082.40625)]","[(0, 20760.994140625), (1, 16644.041015625)]","[(0, 24270.7421875), (1, 23936.150390625)]","[(0, 13968.73046875), (1, 15074.845703125)]","[(0, 14711.6865234375), (1, 9140.2880859375)]","[(0, 15114.6787109375), (1, 14453.5908203125)]","[(0, 7001.79541015625), (1, 8779.4970703125)]","[(0, 26373.4921875), (1, 26501.421875)]"
427,"[(0, 21289.4140625), (1, 23492.935546875)]","[(0, 16280.4228515625), (1, 19145.98046875)]","[(0, 27188.29296875), (1, 20534.78125)]","[(0, 15565.095703125), (1, 14733.2099609375)]","[(0, 11920.9326171875), (1, 8636.1337890625)]","[(0, 27967.5703125), (1, 27943.41796875)]","[(0, 33718.31640625), (1, 33757.21875)]","[(0, 8874.392578125), (1, 12045.8544921875)]","[(0, 13305.484375), (1, 10484.4501953125)]","[(0, 18377.94921875), (1, 12172.6064453125)]","[(0, 30652.48828125), (1, 31415.83203125)]"
428,"[(0, 17524.056640625), (1, 19643.93359375)]","[(0, 16065.34375), (1, 17696.1640625)]","[(0, 30608.611328125), (1, 33607.78515625)]","[(0, 18922.921875), (1, 19828.59375)]","[(0, 18479.90234375), (1, 13118.505859375)]","[(0, 28852.716796875), (1, 28797.8203125)]","[(0, 29229.31640625), (1, 29328.47265625)]","[(0, 17339.099609375), (1, 16910.56640625)]","[(0, 14134.859375), (1, 10021.4248046875)]","[(0, 30830.15234375), (1, 24263.658203125)]","[(0, 20911.337890625), (1, 17693.90234375)]"
429,"[(0, 22873.275390625), (1, 24660.849609375)]","[(0, 20630.96484375), (1, 21339.458984375)]","[(0, 22029.6796875), (1, 23380.244140625)]","[(0, 26370.32421875), (1, 25954.41015625)]","[(0, 14978.1455078125), (1, 9789.2138671875)]","[(0, 25503.869140625), (1, 25694.978515625)]","[(0, 32914.75), (1, 34184.953125)]","[(0, 27718.3203125), (1, 25715.005859375)]","[(0, 20981.1328125), (1, 31582.58203125)]","[(0, 35890.703125), (1, 27625.5859375)]","[(0, 16500.318359375), (1, 17708.572265625)]"
430,"[(0, 17502.310546875), (1, 19407.91015625)]","[(0, 21053.267578125), (1, 22663.02734375)]","[(0, 12782.0751953125), (1, 9266.4111328125)]","[(0, 14991.7216796875), (1, 14953.654296875)]","[(0, 9971.9453125), (1, 7637.3388671875)]","[(0, 39291.70703125), (1, 38824.1328125)]","[(0, 29220.76171875), (1, 29680.015625)]","[(0, 18222.84765625), (1, 11175.0703125)]","[(0, 19938.8984375), (1, 16941.234375)]","[(0, 27526.4140625), (1, 23673.15234375)]","[(0, 28457.078125), (1, 22215.208984375)]"
431,"[(0, 12675.8203125), (1, 14436.232421875)]","[(0, 21432.728515625), (1, 21802.67578125)]","[(0, 29870.865234375), (1, 28417.697265625)]","[(0, 14401.4033203125), (1, 15412.009765625)]","[(0, 7211.666015625), (1, 5256.82080078125)]","[(0, 34896.4453125), (1, 34178.37109375)]","[(0, 28663.068359375), (1, 27934.9453125)]","[(0, 31785.2109375), (1, 25698.431640625)]","[(0, 35420.5703125), (1, 26549.740234375)]","[(0, 9682.392578125), (1, 7712.82421875)]","[(0, 17517.923828125), (1, 14324.9423828125)]"
432,"[(0, 21365.1171875), (1, 23291.66796875)]","[(0, 20036.07421875), (1, 20609.7265625)]","[(0, 15692.4873046875), (1, 14387.455078125)]","[(0, 25540.98828125), (1, 24571.453125)]","[(0, 15827.9365234375), (1, 12780.2705078125)]","[(0, 35498.18359375), (1, 34959.33203125)]","[(0, 33580.87109375), (1, 32183.509765625)]","[(0, 18261.34765625), (1, 21428.048828125)]","[(0, 23381.26953125), (1, 13800.580078125)]","[(0, 18969.703125), (1, 12696.2919921875)]","[(0, 18262.33984375), (1, 16113.169921875)]"
433,"[(0, 20264.38671875), (1, 22748.75390625)]","[(0, 17311.5390625), (1, 17653.298828125)]","[(0, 21009.224609375), (1, 16746.228515625)]","[(0, 13374.00390625), (1, 13517.7744140625)]","[(0, 22819.21875), (1, 18626.138671875)]","[(0, 26368.36328125), (1, 26383.83203125)]","[(0, 31559.76171875), (1, 27652.365234375)]","[(0, 24128.876953125), (1, 15246.421875)]","[(0, 16063.5810546875), (1, 22455.671875)]","[(0, 45065.6953125), (1, 42511.86328125)]","[(0, 15197.8330078125), (1, 16287.861328125)]"
434,"[(0, 17615.830078125), (1, 19569.6796875)]","[(0, 18452.21875), (1, 19298.921875)]","[(0, 30020.451171875), (1, 25808.611328125)]","[(0, 13792.0947265625), (1, 14186.54296875)]","[(0, 5169.4912109375), (1, 4514.42626953125)]","[(0, 16565.119140625), (1, 16416.876953125)]","[(0, 34360.63671875), (1, 34419.734375)]","[(0, 19373.642578125), (1, 32047.70703125)]","[(0, 9546.4375), (1, 10474.2861328125)]","[(0, 9119.80078125), (1, 13428.2822265625)]","[(0, 16804.171875), (1, 13931.8662109375)]"
435,"[(0, 15132.8671875), (1, 17026.8046875)]","[(0, 17301.62109375), (1, 17531.61328125)]","[(0, 27170.40625), (1, 25251.7578125)]","[(0, 15065.044921875), (1, 14678.7666015625)]","[(0, 19589.34375), (1, 15267.7080078125)]","[(0, 18051.8671875), (1, 17493.416015625)]","[(0, 36284.69140625), (1, 35673.875)]","[(0, 12366.2900390625), (1, 9800.001953125)]","[(0, 23170.6796875), (1, 18757.408203125)]","[(0, 11734.896484375), (1, 8723.337890625)]","[(0, 37846.58203125), (1, 29635.298828125)]"
436,"[(0, 33705.65234375), (1, 35260.48046875)]","[(0, 18112.119140625), (1, 18025.6328125)]","[(0, 6962.1376953125), (1, 5883.908203125)]","[(0, 11568.8720703125), (1, 11513.0595703125)]","[(0, 11859.7783203125), (1, 7916.81103515625)]","[(0, 22069.361328125), (1, 22329.61328125)]","[(0, 27624.294921875), (1, 27008.9140625)]","[(0, 23208.4296875), (1, 28839.623046875)]","[(0, 13792.015625), (1, 9868.287109375)]","[(0, 15305.71484375), (1, 16447.498046875)]","[(0, 14040.5595703125), (1, 14409.6728515625)]"
437,"[(0, 20351.6171875), (1, 22490.734375)]","[(0, 23066.5703125), (1, 22992.46875)]","[(0, 19492.662109375), (1, 15217.876953125)]","[(0, 12542.513671875), (1, 12787.68359375)]","[(0, 25069.205078125), (1, 21276.060546875)]","[(0, 27897.724609375), (1, 28964.8125)]","[(0, 19215.5078125), (1, 18266.642578125)]","[(0, 27617.841796875), (1, 21037.33203125)]","[(0, 19414.07421875), (1, 31207.611328125)]","[(0, 24842.205078125), (1, 29757.01953125)]","[(0, 23018.095703125), (1, 18931.83984375)]"
438,"[(0, 23792.15625), (1, 26018.498046875)]","[(0, 20846.064453125), (1, 19442.830078125)]","[(0, 9345.744140625), (1, 11483.49609375)]","[(0, 23468.39453125), (1, 21188.646484375)]","[(0, 15869.8798828125), (1, 11950.333984375)]","[(0, 40263.3203125), (1, 40127.92578125)]","[(0, 21786.423828125), (1, 22525.080078125)]","[(0, 9846.1865234375), (1, 20054.923828125)]","[(0, 7695.18408203125), (1, 8074.1103515625)]","[(0, 8879.0244140625), (1, 11019.36328125)]","[(0, 7561.04833984375), (1, 8315.3525390625)]"
439,"[(0, 36584.13671875), (1, 37239.578125)]","[(0, 31148.025390625), (1, 32331.01953125)]","[(0, 25732.03125), (1, 28421.982421875)]","[(0, 11870.732421875), (1, 11474.0810546875)]","[(0, 7330.90087890625), (1, 5971.017578125)]","[(0, 38815.98828125), (1, 39454.02734375)]","[(0, 45195.2421875), (1, 52201.39453125)]","[(0, 41285.33203125), (1, 23725.29296875)]","[(0, 19693.52734375), (1, 16320.0634765625)]","[(0, 9528.8271484375), (1, 11504.41015625)]","[(0, 24468.306640625), (1, 19485.859375)]"
440,"[(0, 15173.8798828125), (1, 16897.943359375)]","[(0, 33645.8515625), (1, 35104.39453125)]","[(0, 20949.123046875), (1, 20274.4765625)]","[(0, 21135.548828125), (1, 21369.66015625)]","[(0, 7820.0712890625), (1, 6662.650390625)]","[(0, 28890.904296875), (1, 29055.28125)]","[(0, 30190.189453125), (1, 30583.28515625)]","[(0, 20874.533203125), (1, 20880.0703125)]","[(0, 14229.9970703125), (1, 12210.4287109375)]","[(0, 19367.01171875), (1, 17705.515625)]","[(0, 17943.306640625), (1, 14935.2255859375)]"
441,"[(0, 24640.7265625), (1, 26429.767578125)]","[(0, 29204.798828125), (1, 30099.373046875)]","[(0, 21322.025390625), (1, 20133.1484375)]","[(0, 11732.345703125), (1, 11041.306640625)]","[(0, 21006.939453125), (1, 16215.8232421875)]","[(0, 21233.794921875), (1, 21218.412109375)]","[(0, 33020.07421875), (1, 32808.91796875)]","[(0, 22709.021484375), (1, 40100.11328125)]","[(0, 24593.8203125), (1, 24639.19921875)]","[(0, 6276.177734375), (1, 11618.0068359375)]","[(0, 12891.5439453125), (1, 14077.9677734375)]"
442,"[(0, 31110.767578125), (1, 32050.79296875)]","[(0, 28792.02734375), (1, 28619.337890625)]","[(0, 13576.751953125), (1, 12445.84375)]","[(0, 16035.923828125), (1, 14643.8671875)]","[(0, 15576.203125), (1, 11161.7138671875)]","[(0, 26381.115234375), (1, 26096.90234375)]","[(0, 33364.28125), (1, 33594.7421875)]","[(0, 12383.9931640625), (1, 7489.49072265625)]","[(0, 21307.4921875), (1, 18853.517578125)]","[(0, 7292.431640625), (1, 12712.3203125)]","[(0, 14281.046875), (1, 14870.0771484375)]"
443,"[(0, 17555.873046875), (1, 19194.060546875)]","[(0, 9911.1728515625), (1, 9188.53125)]","[(0, 14585.8984375), (1, 15398.494140625)]","[(0, 15850.7919921875), (1, 14482.1376953125)]","[(0, 14512.7900390625), (1, 11805.197265625)]","[(0, 32722.423828125), (1, 32884.31640625)]","[(0, 27820.12109375), (1, 28603.486328125)]","[(0, 16388.939453125), (1, 21556.046875)]","[(0, 14963.2548828125), (1, 13400.853515625)]","[(0, 5966.83349609375), (1, 6346.44775390625)]","[(0, 24690.0546875), (1, 20728.548828125)]"
444,"[(0, 23406.32421875), (1, 24901.98046875)]","[(0, 14550.5830078125), (1, 14794.5556640625)]","[(0, 22600.779296875), (1, 21964.7109375)]","[(0, 19137.107421875), (1, 17977.59765625)]","[(0, 15572.07421875), (1, 11672.7373046875)]","[(0, 22006.05859375), (1, 21674.763671875)]","[(0, 28451.134765625), (1, 28439.1171875)]","[(0, 35629.7421875), (1, 34764.078125)]","[(0, 12778.0654296875), (1, 10645.271484375)]","[(0, 21369.130859375), (1, 15709.361328125)]","[(0, 17730.236328125), (1, 14500.1728515625)]"
445,"[(0, 25219.96484375), (1, 26504.732421875)]","[(0, 16199.283203125), (1, 16828.837890625)]","[(0, 20643.73828125), (1, 17397.966796875)]","[(0, 22117.314453125), (1, 22731.3828125)]","[(0, 16845.73046875), (1, 13724.5859375)]","[(0, 8646.78125), (1, 8525.041015625)]","[(0, 32382.51953125), (1, 31271.39453125)]","[(0, 10381.9580078125), (1, 8962.6181640625)]","[(0, 18415.265625), (1, 11273.28125)]","[(0, 14020.060546875), (1, 18956.736328125)]","[(0, 18109.8046875), (1, 19321.646484375)]"
446,"[(0, 24790.66015625), (1, 26124.767578125)]","[(0, 12192.6708984375), (1, 12685.8828125)]","[(0, 27023.0078125), (1, 24820.41796875)]","[(0, 11832.958984375), (1, 11359.6064453125)]","[(0, 12765.4111328125), (1, 9572.73828125)]","[(0, 26414.521484375), (1, 25380.41796875)]","[(0, 24761.146484375), (1, 24042.5546875)]","[(0, 7348.56787109375), (1, 12381.712890625)]","[(0, 19752.193359375), (1, 12405.328125)]","[(0, 11176.48828125), (1, 9360.1044921875)]","[(0, 19148.005859375), (1, 16291.7607421875)]"
447,"[(0, 20006.458984375), (1, 21924.02734375)]","[(0, 14081.41796875), (1, 14478.326171875)]","[(0, 33960.7421875), (1, 26080.35546875)]","[(0, 24028.3671875), (1, 25686.353515625)]","[(0, 15269.572265625), (1, 12735.9345703125)]","[(0, 13635.1435546875), (1, 13217.4111328125)]","[(0, 24796.5), (1, 24620.525390625)]","[(0, 16042.4541015625), (1, 15846.0166015625)]","[(0, 12361.5146484375), (1, 10662.4619140625)]","[(0, 14265.48828125), (1, 13649.32421875)]","[(0, 19406.28125), (1, 16320.6083984375)]"
448,"[(0, 27512.6875), (1, 30346.962890625)]","[(0, 12643.8505859375), (1, 12583.7763671875)]","[(0, 11153.732421875), (1, 10809.78515625)]","[(0, 11146.7685546875), (1, 10743.6494140625)]","[(0, 15690.5107421875), (1, 13121.1455078125)]","[(0, 25049.537109375), (1, 25302.091796875)]","[(0, 30415.689453125), (1, 29727.607421875)]","[(0, 14866.630859375), (1, 12892.4169921875)]","[(0, 7947.88671875), (1, 15241.5517578125)]","[(0, 10859.060546875), (1, 13224.7490234375)]","[(0, 17084.7109375), (1, 16897.765625)]"
449,"[(0, 18470.494140625), (1, 19897.22265625)]","[(0, 17196.2265625), (1, 18525.337890625)]","[(0, 27149.013671875), (1, 23762.97265625)]","[(0, 16652.775390625), (1, 18644.8359375)]","[(0, 19765.421875), (1, 14898.8642578125)]","[(0, 25542.9609375), (1, 25357.505859375)]","[(0, 26081.251953125), (1, 30548.65625)]","[(0, 19845.2421875), (1, 17320.671875)]","[(0, 14078.4111328125), (1, 15187.89453125)]","[(0, 14489.5009765625), (1, 9253.66796875)]","[(0, 11548.005859375), (1, 12016.091796875)]"
450,"[(0, 28447.931640625), (1, 30167.94140625)]","[(0, 18439.81640625), (1, 19752.455078125)]","[(0, 27294.833984375), (1, 24561.73046875)]","[(0, 11792.796875), (1, 12017.3056640625)]","[(0, 14474.501953125), (1, 9247.3251953125)]","[(0, 26136.37890625), (1, 26181.208984375)]","[(0, 25708.654296875), (1, 31568.009765625)]","[(0, 11914.3740234375), (1, 8644.1015625)]","[(0, 8175.412109375), (1, 5742.572265625)]","[(0, 25458.525390625), (1, 27298.921875)]","[(0, 15959.1376953125), (1, 16262.5)]"
451,"[(0, 23325.478515625), (1, 25335.798828125)]","[(0, 15325.3896484375), (1, 15909.158203125)]","[(0, 24820.607421875), (1, 21098.431640625)]","[(0, 8630.888671875), (1, 8722.5888671875)]","[(0, 6132.29248046875), (1, 4775.45166015625)]","[(0, 22216.41796875), (1, 23061.359375)]","[(0, 34027.9140625), (1, 33484.5859375)]","[(0, 21582.439453125), (1, 27098.00390625)]","[(0, 21347.357421875), (1, 22634.966796875)]","[(0, 17468.744140625), (1, 18896.25)]","[(0, 24455.873046875), (1, 19048.560546875)]"
452,"[(0, 24264.69921875), (1, 26678.115234375)]","[(0, 20098.84765625), (1, 20887.138671875)]","[(0, 29701.44921875), (1, 22864.00390625)]","[(0, 29055.365234375), (1, 34242.70703125)]","[(0, 4809.96484375), (1, 3780.90478515625)]","[(0, 19707.26171875), (1, 19244.169921875)]","[(0, 20286.46875), (1, 21885.630859375)]","[(0, 25095.494140625), (1, 20795.669921875)]","[(0, 15938.9990234375), (1, 8239.4619140625)]","[(0, 21162.65625), (1, 24737.193359375)]","[(0, 15349.025390625), (1, 16151.5869140625)]"
453,"[(0, 21602.8671875), (1, 23858.48046875)]","[(0, 14060.94140625), (1, 16682.53125)]","[(0, 21762.958984375), (1, 18602.775390625)]","[(0, 15223.857421875), (1, 15911.6767578125)]","[(0, 20255.576171875), (1, 14903.099609375)]","[(0, 26922.275390625), (1, 27552.07421875)]","[(0, 19214.408203125), (1, 19804.40234375)]","[(0, 22474.1171875), (1, 20171.296875)]","[(0, 8188.27880859375), (1, 13913.2119140625)]","[(0, 21599.447265625), (1, 11149.830078125)]","[(0, 15479.9921875), (1, 17666.890625)]"
454,"[(0, 33579.26953125), (1, 34949.30078125)]","[(0, 14505.9541015625), (1, 17085.4453125)]","[(0, 11119.4814453125), (1, 8953.8701171875)]","[(0, 13859.828125), (1, 13539.48828125)]","[(0, 23852.26953125), (1, 20309.6015625)]","[(0, 24005.53125), (1, 23878.55859375)]","[(0, 26299.5), (1, 26702.244140625)]","[(0, 8816.6083984375), (1, 15898.2978515625)]","[(0, 10835.72265625), (1, 17397.869140625)]","[(0, 15060.8642578125), (1, 22425.43359375)]","[(0, 16815.427734375), (1, 17020.927734375)]"
455,"[(0, 25174.1640625), (1, 26105.712890625)]","[(0, 14989.4482421875), (1, 16466.740234375)]","[(0, 8924.7734375), (1, 6892.14501953125)]","[(0, 17639.078125), (1, 18386.2578125)]","[(0, 17132.615234375), (1, 13842.787109375)]","[(0, 32418.611328125), (1, 31467.044921875)]","[(0, 24831.99609375), (1, 24249.91796875)]","[(0, 10024.580078125), (1, 10396.263671875)]","[(0, 8133.603515625), (1, 13151.2119140625)]","[(0, 13576.63671875), (1, 12464.2666015625)]","[(0, 25578.525390625), (1, 25277.17578125)]"
456,"[(0, 32560.42578125), (1, 34274.234375)]","[(0, 19903.54296875), (1, 19761.236328125)]","[(0, 8774.240234375), (1, 8573.8876953125)]","[(0, 13933.6865234375), (1, 15228.50390625)]","[(0, 13256.58203125), (1, 11340.7412109375)]","[(0, 38679.9609375), (1, 39926.14453125)]","[(0, 26960.302734375), (1, 27975.44140625)]","[(0, 10002.4052734375), (1, 15289.5361328125)]","[(0, 21874.84375), (1, 29744.705078125)]","[(0, 8657.4501953125), (1, 8178.2890625)]","[(0, 26017.03515625), (1, 21299.83203125)]"
457,"[(0, 28672.119140625), (1, 30285.814453125)]","[(0, 25082.98046875), (1, 24480.748046875)]","[(0, 23118.45703125), (1, 22642.091796875)]","[(0, 12695.0322265625), (1, 14113.146484375)]","[(0, 14427.0947265625), (1, 11872.4306640625)]","[(0, 34398.140625), (1, 36309.234375)]","[(0, 35516.9765625), (1, 32338.6953125)]","[(0, 12582.83984375), (1, 10656.43359375)]","[(0, 5674.12158203125), (1, 6122.35302734375)]","[(0, 38582.40625), (1, 21902.021484375)]","[(0, 10173.484375), (1, 8617.400390625)]"
458,"[(0, 21305.744140625), (1, 22379.77734375)]","[(0, 17981.55859375), (1, 17685.146484375)]","[(0, 15387.3818359375), (1, 15237.466796875)]","[(0, 9369.0439453125), (1, 7344.056640625)]","[(0, 21409.662109375), (1, 18288.431640625)]","[(0, 40502.48046875), (1, 38987.796875)]","[(0, 29198.28125), (1, 26017.482421875)]","[(0, 14605.5400390625), (1, 14759.3818359375)]","[(0, 6544.9716796875), (1, 5475.630859375)]","[(0, 34114.57421875), (1, 25006.8125)]","[(0, 18056.5), (1, 15150.4404296875)]"
459,"[(0, 33579.55859375), (1, 36044.40625)]","[(0, 13174.158203125), (1, 12466.3828125)]","[(0, 10776.486328125), (1, 8289.556640625)]","[(0, 17377.306640625), (1, 19852.33984375)]","[(0, 14215.4296875), (1, 12621.3583984375)]","[(0, 23718.8671875), (1, 24151.921875)]","[(0, 31898.326171875), (1, 31736.4765625)]","[(0, 8098.64208984375), (1, 10665.2998046875)]","[(0, 21748.806640625), (1, 27206.52734375)]","[(0, 15247.453125), (1, 26660.873046875)]","[(0, 36647.69140625), (1, 28804.630859375)]"
460,"[(0, 16679.3828125), (1, 18598.09375)]","[(0, 6470.2626953125), (1, 6479.271484375)]","[(0, 11759.509765625), (1, 10095.84375)]","[(0, 17036.6171875), (1, 17597.443359375)]","[(0, 24807.521484375), (1, 21925.490234375)]","[(0, 30227.0078125), (1, 28731.927734375)]","[(0, 25607.69140625), (1, 22952.115234375)]","[(0, 28878.73046875), (1, 17277.18359375)]","[(0, 6492.47802734375), (1, 8005.220703125)]","[(0, 14032.259765625), (1, 17437.201171875)]","[(0, 16906.744140625), (1, 14693.0087890625)]"
461,"[(0, 27616.83984375), (1, 30392.087890625)]","[(0, 16656.5859375), (1, 18726.056640625)]","[(0, 30736.79296875), (1, 25465.494140625)]","[(0, 22754.439453125), (1, 21408.009765625)]","[(0, 17597.07421875), (1, 14587.5400390625)]","[(0, 24130.947265625), (1, 22934.064453125)]","[(0, 24569.626953125), (1, 23726.2890625)]","[(0, 17432.529296875), (1, 20700.201171875)]","[(0, 23993.33203125), (1, 30286.3046875)]","[(0, 14688.4560546875), (1, 12486.8359375)]","[(0, 14971.5048828125), (1, 15490.505859375)]"
462,"[(0, 31230.1484375), (1, 33130.34765625)]","[(0, 22291.50390625), (1, 24402.5234375)]","[(0, 25446.146484375), (1, 21125.109375)]","[(0, 8363.0390625), (1, 8965.439453125)]","[(0, 10403.9501953125), (1, 9418.28125)]","[(0, 34320.484375), (1, 35082.3046875)]","[(0, 26060.541015625), (1, 25542.595703125)]","[(0, 9273.8369140625), (1, 6708.44775390625)]","[(0, 25957.603515625), (1, 24312.8359375)]","[(0, 29855.712890625), (1, 25891.7890625)]","[(0, 16197.013671875), (1, 14112.6357421875)]"
463,"[(0, 16536.51953125), (1, 17664.4140625)]","[(0, 15543.4541015625), (1, 16024.59375)]","[(0, 23487.044921875), (1, 18111.169921875)]","[(0, 14236.2275390625), (1, 14292.4921875)]","[(0, 11367.5068359375), (1, 10288.6064453125)]","[(0, 23892.9765625), (1, 23819.21875)]","[(0, 24299.181640625), (1, 24231.5859375)]","[(0, 14884.435546875), (1, 13209.8115234375)]","[(0, 15600.5830078125), (1, 9075.78515625)]","[(0, 7965.255859375), (1, 7071.24267578125)]","[(0, 21276.201171875), (1, 20448.98828125)]"
464,"[(0, 22998.5234375), (1, 24242.287109375)]","[(0, 20859.5078125), (1, 21319.6875)]","[(0, 16275.05078125), (1, 18428.845703125)]","[(0, 15153.3740234375), (1, 15668.201171875)]","[(0, 21476.943359375), (1, 17350.728515625)]","[(0, 23480.4375), (1, 22697.6328125)]","[(0, 20278.76953125), (1, 20916.3828125)]","[(0, 28344.376953125), (1, 27970.958984375)]","[(0, 19625.544921875), (1, 15035.3056640625)]","[(0, 17068.44140625), (1, 17680.830078125)]","[(0, 13314.1923828125), (1, 14560.3125)]"
465,"[(0, 22390.919921875), (1, 24477.525390625)]","[(0, 21631.54296875), (1, 24364.875)]","[(0, 28061.267578125), (1, 25108.97265625)]","[(0, 16450.509765625), (1, 16113.0927734375)]","[(0, 14195.02734375), (1, 12049.91015625)]","[(0, 29409.724609375), (1, 29187.673828125)]","[(0, 16357.802734375), (1, 16320.3896484375)]","[(0, 19124.0625), (1, 21101.611328125)]","[(0, 27213.220703125), (1, 29916.3359375)]","[(0, 15736.1416015625), (1, 30848.9453125)]","[(0, 14167.681640625), (1, 14537.322265625)]"
466,"[(0, 30696.3671875), (1, 32296.380859375)]","[(0, 21530.32421875), (1, 23221.513671875)]","[(0, 13115.865234375), (1, 13937.048828125)]","[(0, 18780.390625), (1, 20398.484375)]","[(0, 18389.134765625), (1, 15805.447265625)]","[(0, 26929.26171875), (1, 26896.35546875)]","[(0, 21618.94140625), (1, 22102.998046875)]","[(0, 17719.92578125), (1, 21935.423828125)]","[(0, 11501.0546875), (1, 13878.966796875)]","[(0, 22310.009765625), (1, 20277.0859375)]","[(0, 21036.087890625), (1, 17352.73046875)]"
467,"[(0, 28885.69921875), (1, 30195.546875)]","[(0, 21276.181640625), (1, 22252.16796875)]","[(0, 13753.8193359375), (1, 13519.23046875)]","[(0, 18535.58984375), (1, 19050.50390625)]","[(0, 18781.017578125), (1, 14891.9326171875)]","[(0, 22982.755859375), (1, 23263.142578125)]","[(0, 14437.1689453125), (1, 13313.8623046875)]","[(0, 20871.310546875), (1, 20602.7109375)]","[(0, 18553.927734375), (1, 17534.671875)]","[(0, 24394.42578125), (1, 30435.419921875)]","[(0, 20417.146484375), (1, 17125.3125)]"
468,"[(0, 24901.576171875), (1, 26236.34765625)]","[(0, 23845.85546875), (1, 26288.517578125)]","[(0, 12233.3427734375), (1, 13342.970703125)]","[(0, 26545.83984375), (1, 25888.33203125)]","[(0, 12675.0712890625), (1, 8949.7802734375)]","[(0, 25199.818359375), (1, 24641.97265625)]","[(0, 23534.64453125), (1, 23654.826171875)]","[(0, 8737.400390625), (1, 10566.0859375)]","[(0, 19629.232421875), (1, 17453.19140625)]","[(0, 7038.8193359375), (1, 11159.4248046875)]","[(0, 14218.4541015625), (1, 15672.6103515625)]"
469,"[(0, 11418.6611328125), (1, 12783.78125)]","[(0, 8502.291015625), (1, 8251.4140625)]","[(0, 7868.1123046875), (1, 7908.45703125)]","[(0, 21844.51171875), (1, 21821.232421875)]","[(0, 17897.642578125), (1, 13956.38671875)]","[(0, 25991.986328125), (1, 26387.505859375)]","[(0, 21285.861328125), (1, 20914.46875)]","[(0, 19916.947265625), (1, 15901.8916015625)]","[(0, 11597.4384765625), (1, 6427.39697265625)]","[(0, 38301.359375), (1, 37766.0390625)]","[(0, 16267.0595703125), (1, 14006.40234375)]"
470,"[(0, 31885.794921875), (1, 33396.53125)]","[(0, 18338.8359375), (1, 18507.998046875)]","[(0, 17375.58203125), (1, 16212.359375)]","[(0, 9289.0), (1, 10500.3505859375)]","[(0, 12128.076171875), (1, 8665.65234375)]","[(0, 22084.771484375), (1, 21967.810546875)]","[(0, 25545.810546875), (1, 29207.91796875)]","[(0, 19253.423828125), (1, 29016.708984375)]","[(0, 7222.1552734375), (1, 9916.0029296875)]","[(0, 18623.98828125), (1, 29269.095703125)]","[(0, 20977.529296875), (1, 17739.267578125)]"
471,"[(0, 30875.43359375), (1, 32990.8984375)]","[(0, 20856.486328125), (1, 19941.103515625)]","[(0, 16702.0), (1, 12895.3798828125)]","[(0, 19522.482421875), (1, 16201.16796875)]","[(0, 9899.9873046875), (1, 7630.35693359375)]","[(0, 22906.412109375), (1, 21873.966796875)]","[(0, 21193.39453125), (1, 23807.658203125)]","[(0, 18384.978515625), (1, 25386.298828125)]","[(0, 27654.080078125), (1, 20377.017578125)]","[(0, 15257.9853515625), (1, 10281.123046875)]","[(0, 30119.53125), (1, 22985.759765625)]"
472,"[(0, 26260.2265625), (1, 28816.3359375)]","[(0, 17205.576171875), (1, 16466.677734375)]","[(0, 13211.6640625), (1, 9752.7509765625)]","[(0, 19900.904296875), (1, 20061.1015625)]","[(0, 12770.8056640625), (1, 10987.923828125)]","[(0, 22463.36328125), (1, 23625.291015625)]","[(0, 40133.24609375), (1, 40342.11328125)]","[(0, 8761.47265625), (1, 9020.6796875)]","[(0, 20438.947265625), (1, 14104.240234375)]","[(0, 21344.732421875), (1, 27512.033203125)]","[(0, 19416.908203125), (1, 16060.8388671875)]"
473,"[(0, 17505.931640625), (1, 19133.96875)]","[(0, 14786.798828125), (1, 14437.7060546875)]","[(0, 10789.5576171875), (1, 10197.6708984375)]","[(0, 10579.486328125), (1, 10443.7939453125)]","[(0, 32973.56640625), (1, 28196.73828125)]","[(0, 23940.09765625), (1, 23607.99609375)]","[(0, 45396.109375), (1, 45175.8515625)]","[(0, 13473.4482421875), (1, 9849.1826171875)]","[(0, 9797.62890625), (1, 7122.15771484375)]","[(0, 25836.193359375), (1, 15596.65625)]","[(0, 14043.8671875), (1, 14650.6552734375)]"
474,"[(0, 20369.3828125), (1, 21849.884765625)]","[(0, 16994.78125), (1, 17660.470703125)]","[(0, 7148.0078125), (1, 7548.28125)]","[(0, 10796.814453125), (1, 11827.9384765625)]","[(0, 21117.25390625), (1, 16283.6826171875)]","[(0, 25758.841796875), (1, 25891.09765625)]","[(0, 23595.638671875), (1, 29391.974609375)]","[(0, 32030.19921875), (1, 31026.203125)]","[(0, 8755.4501953125), (1, 12206.7255859375)]","[(0, 8514.5517578125), (1, 14566.6328125)]","[(0, 17358.19140625), (1, 17931.263671875)]"
475,"[(0, 25645.671875), (1, 27824.6328125)]","[(0, 19809.994140625), (1, 19443.220703125)]","[(0, 14362.7646484375), (1, 14898.0126953125)]","[(0, 33491.16015625), (1, 33207.91015625)]","[(0, 22862.849609375), (1, 19939.5078125)]","[(0, 26625.30078125), (1, 25908.66015625)]","[(0, 25702.15625), (1, 34261.78515625)]","[(0, 18038.375), (1, 16032.421875)]","[(0, 8977.7509765625), (1, 8762.2333984375)]","[(0, 12846.4169921875), (1, 20550.84765625)]","[(0, 24679.955078125), (1, 20494.439453125)]"
476,"[(0, 23171.453125), (1, 25569.427734375)]","[(0, 16344.7978515625), (1, 15634.9296875)]","[(0, 22650.4296875), (1, 20739.263671875)]","[(0, 11036.1064453125), (1, 14296.3916015625)]","[(0, 8717.9482421875), (1, 7302.31396484375)]","[(0, 33938.59765625), (1, 34327.9453125)]","[(0, 23977.822265625), (1, 22598.064453125)]","[(0, 7903.013671875), (1, 11458.2587890625)]","[(0, 8762.4580078125), (1, 12638.8115234375)]","[(0, 19103.720703125), (1, 19960.701171875)]","[(0, 19208.087890625), (1, 19863.68359375)]"
477,"[(0, 28047.060546875), (1, 30479.453125)]","[(0, 15691.55859375), (1, 15826.4130859375)]","[(0, 11067.208984375), (1, 11281.94921875)]","[(0, 21805.734375), (1, 19648.298828125)]","[(0, 9116.4697265625), (1, 7864.11376953125)]","[(0, 31708.853515625), (1, 31651.482421875)]","[(0, 18539.744140625), (1, 18917.166015625)]","[(0, 14382.3662109375), (1, 13537.2158203125)]","[(0, 16972.123046875), (1, 22085.341796875)]","[(0, 7455.2353515625), (1, 9782.326171875)]","[(0, 16097.2587890625), (1, 17246.44921875)]"
478,"[(0, 23209.537109375), (1, 23697.25390625)]","[(0, 17989.001953125), (1, 20130.421875)]","[(0, 24022.66015625), (1, 20763.09375)]","[(0, 25257.0546875), (1, 21975.66796875)]","[(0, 9886.013671875), (1, 6290.4150390625)]","[(0, 29790.099609375), (1, 30295.087890625)]","[(0, 32606.5390625), (1, 30393.1015625)]","[(0, 5673.158203125), (1, 8348.1689453125)]","[(0, 20053.431640625), (1, 16768.9375)]","[(0, 26120.28125), (1, 21689.115234375)]","[(0, 12400.9873046875), (1, 13184.578125)]"
479,"[(0, 22266.7734375), (1, 24875.32421875)]","[(0, 17201.654296875), (1, 18744.8359375)]","[(0, 27909.859375), (1, 25277.611328125)]","[(0, 7891.76953125), (1, 7568.73876953125)]","[(0, 4962.5546875), (1, 4259.3046875)]","[(0, 15428.5400390625), (1, 15939.9423828125)]","[(0, 31855.64453125), (1, 33792.2265625)]","[(0, 11426.5146484375), (1, 9402.9072265625)]","[(0, 13687.216796875), (1, 12661.818359375)]","[(0, 21782.578125), (1, 26340.48828125)]","[(0, 15764.6513671875), (1, 16833.1875)]"
480,"[(0, 23540.796875), (1, 25435.880859375)]","[(0, 17458.001953125), (1, 18089.24609375)]","[(0, 20503.98046875), (1, 17334.3046875)]","[(0, 16898.830078125), (1, 19840.662109375)]","[(0, 4982.11083984375), (1, 4165.087890625)]","[(0, 15210.9853515625), (1, 14513.9658203125)]","[(0, 30742.0703125), (1, 34034.98828125)]","[(0, 10641.7490234375), (1, 13226.880859375)]","[(0, 34129.4140625), (1, 27296.134765625)]","[(0, 15960.32421875), (1, 11698.591796875)]","[(0, 16778.951171875), (1, 17407.4609375)]"
481,"[(0, 27714.1953125), (1, 29753.189453125)]","[(0, 16471.78125), (1, 17543.119140625)]","[(0, 20532.158203125), (1, 23408.80078125)]","[(0, 14444.619140625), (1, 12924.1044921875)]","[(0, 11829.15625), (1, 8552.1162109375)]","[(0, 21876.13671875), (1, 22082.4765625)]","[(0, 18130.40234375), (1, 21714.65234375)]","[(0, 24461.51953125), (1, 33690.671875)]","[(0, 8955.193359375), (1, 9743.751953125)]","[(0, 14176.7373046875), (1, 16795.5703125)]","[(0, 23960.81640625), (1, 19749.009765625)]"
482,"[(0, 33845.08984375), (1, 34647.50390625)]","[(0, 18184.724609375), (1, 20299.900390625)]","[(0, 20124.5859375), (1, 21254.744140625)]","[(0, 15321.9111328125), (1, 14394.509765625)]","[(0, 5538.85009765625), (1, 4235.58349609375)]","[(0, 20142.2109375), (1, 19685.15234375)]","[(0, 22862.5), (1, 23235.736328125)]","[(0, 13330.951171875), (1, 13676.7392578125)]","[(0, 23285.603515625), (1, 22543.26171875)]","[(0, 29997.12890625), (1, 28511.677734375)]","[(0, 13175.9296875), (1, 14572.1337890625)]"
483,"[(0, 26729.76171875), (1, 29425.6015625)]","[(0, 17602.294921875), (1, 19676.51953125)]","[(0, 7397.35205078125), (1, 7502.70166015625)]","[(0, 27289.447265625), (1, 28124.173828125)]","[(0, 9635.5888671875), (1, 8167.7744140625)]","[(0, 19235.25390625), (1, 19772.1328125)]","[(0, 24217.931640625), (1, 23287.048828125)]","[(0, 16850.181640625), (1, 18851.4140625)]","[(0, 30377.947265625), (1, 32681.630859375)]","[(0, 15159.2275390625), (1, 13626.4072265625)]","[(0, 20500.36328125), (1, 19421.6484375)]"
484,"[(0, 24539.185546875), (1, 26267.31640625)]","[(0, 17984.6796875), (1, 18482.580078125)]","[(0, 22601.533203125), (1, 19530.880859375)]","[(0, 20843.599609375), (1, 19675.017578125)]","[(0, 7972.5283203125), (1, 6689.53125)]","[(0, 21904.423828125), (1, 21233.330078125)]","[(0, 33943.80859375), (1, 33867.46484375)]","[(0, 24894.904296875), (1, 14805.0712890625)]","[(0, 32615.93359375), (1, 17959.193359375)]","[(0, 18463.607421875), (1, 17065.462890625)]","[(0, 24343.2734375), (1, 25675.748046875)]"
485,"[(0, 21587.091796875), (1, 23014.23046875)]","[(0, 15655.669921875), (1, 15544.1494140625)]","[(0, 22413.5234375), (1, 19211.93359375)]","[(0, 25310.15234375), (1, 26279.34375)]","[(0, 7097.794921875), (1, 4857.4638671875)]","[(0, 25300.015625), (1, 25950.12890625)]","[(0, 32696.314453125), (1, 30779.677734375)]","[(0, 17284.154296875), (1, 9060.41796875)]","[(0, 14579.001953125), (1, 17614.18359375)]","[(0, 9522.541015625), (1, 9617.9345703125)]","[(0, 27486.1484375), (1, 22661.751953125)]"
486,"[(0, 22573.056640625), (1, 24839.599609375)]","[(0, 25525.939453125), (1, 25394.072265625)]","[(0, 18314.78515625), (1, 19635.5234375)]","[(0, 20815.095703125), (1, 20612.3203125)]","[(0, 9050.607421875), (1, 7753.88134765625)]","[(0, 19152.443359375), (1, 18791.927734375)]","[(0, 21502.19140625), (1, 26323.390625)]","[(0, 18712.060546875), (1, 12019.0029296875)]","[(0, 12928.33203125), (1, 10084.1328125)]","[(0, 10835.9296875), (1, 6973.6796875)]","[(0, 31287.294921875), (1, 31817.23828125)]"
487,"[(0, 32026.228515625), (1, 32821.71484375)]","[(0, 29387.349609375), (1, 29480.9375)]","[(0, 25277.392578125), (1, 21727.2890625)]","[(0, 16942.076171875), (1, 17828.765625)]","[(0, 8951.1123046875), (1, 7312.0146484375)]","[(0, 29382.08203125), (1, 29910.232421875)]","[(0, 22640.861328125), (1, 29273.00390625)]","[(0, 21978.162109375), (1, 24502.5859375)]","[(0, 8611.025390625), (1, 9246.240234375)]","[(0, 11089.2470703125), (1, 8722.380859375)]","[(0, 14968.9775390625), (1, 15435.8837890625)]"
488,"[(0, 18478.298828125), (1, 20553.982421875)]","[(0, 24745.96875), (1, 23007.537109375)]","[(0, 13270.888671875), (1, 12100.671875)]","[(0, 19626.875), (1, 22080.85546875)]","[(0, 15928.1484375), (1, 13416.1865234375)]","[(0, 29014.6875), (1, 27139.486328125)]","[(0, 19034.705078125), (1, 18311.765625)]","[(0, 11703.546875), (1, 11850.236328125)]","[(0, 17710.17578125), (1, 26033.5390625)]","[(0, 16108.9287109375), (1, 21555.24609375)]","[(0, 28666.376953125), (1, 22381.44140625)]"
489,"[(0, 25105.642578125), (1, 26222.58984375)]","[(0, 27188.888671875), (1, 25607.302734375)]","[(0, 11402.587890625), (1, 10119.3740234375)]","[(0, 18799.6015625), (1, 19586.0546875)]","[(0, 7701.3291015625), (1, 6510.11669921875)]","[(0, 28285.994140625), (1, 28106.2890625)]","[(0, 26167.529296875), (1, 26207.462890625)]","[(0, 23103.755859375), (1, 15386.310546875)]","[(0, 24384.5625), (1, 15401.005859375)]","[(0, 8626.033203125), (1, 5535.6025390625)]","[(0, 21488.333984375), (1, 18595.57421875)]"
490,"[(0, 19746.806640625), (1, 21795.7734375)]","[(0, 17465.26171875), (1, 16550.734375)]","[(0, 26130.5234375), (1, 19729.865234375)]","[(0, 12758.25390625), (1, 12302.96875)]","[(0, 24551.498046875), (1, 23849.517578125)]","[(0, 36382.12890625), (1, 36477.4609375)]","[(0, 35220.3515625), (1, 35058.99609375)]","[(0, 16198.7890625), (1, 21495.32421875)]","[(0, 9044.6455078125), (1, 7723.51953125)]","[(0, 10663.875), (1, 17890.21875)]","[(0, 18733.041015625), (1, 15107.3583984375)]"
491,"[(0, 14957.0625), (1, 17071.193359375)]","[(0, 18415.494140625), (1, 16707.703125)]","[(0, 20959.9921875), (1, 16486.193359375)]","[(0, 16824.890625), (1, 16059.4921875)]","[(0, 16742.427734375), (1, 14333.93359375)]","[(0, 15357.591796875), (1, 15247.541015625)]","[(0, 26443.884765625), (1, 26569.546875)]","[(0, 16709.759765625), (1, 13252.9794921875)]","[(0, 10134.0927734375), (1, 14043.853515625)]","[(0, 32757.298828125), (1, 21515.689453125)]","[(0, 17617.509765625), (1, 14787.8837890625)]"
492,"[(0, 20589.27734375), (1, 22755.978515625)]","[(0, 14737.1025390625), (1, 13108.6123046875)]","[(0, 13674.013671875), (1, 15082.986328125)]","[(0, 11279.8720703125), (1, 12656.361328125)]","[(0, 14237.7763671875), (1, 10765.30078125)]","[(0, 29274.09375), (1, 29033.068359375)]","[(0, 32410.6953125), (1, 32034.078125)]","[(0, 23294.890625), (1, 15165.77734375)]","[(0, 8496.6328125), (1, 10244.400390625)]","[(0, 13381.3017578125), (1, 10235.7685546875)]","[(0, 17757.447265625), (1, 15307.6708984375)]"
493,"[(0, 23048.892578125), (1, 24501.767578125)]","[(0, 16607.2890625), (1, 16605.0078125)]","[(0, 22081.0234375), (1, 26611.76953125)]","[(0, 24157.49609375), (1, 20177.1640625)]","[(0, 6428.59814453125), (1, 5714.6552734375)]","[(0, 25168.234375), (1, 26087.64453125)]","[(0, 26473.130859375), (1, 29270.380859375)]","[(0, 31852.880859375), (1, 28771.767578125)]","[(0, 12518.25390625), (1, 13722.951171875)]","[(0, 14242.5693359375), (1, 10833.9873046875)]","[(0, 18224.759765625), (1, 19362.708984375)]"
494,"[(0, 18492.7890625), (1, 20616.90234375)]","[(0, 18763.9921875), (1, 19387.337890625)]","[(0, 16311.6767578125), (1, 19300.33984375)]","[(0, 21557.505859375), (1, 20445.673828125)]","[(0, 13703.8701171875), (1, 11520.626953125)]","[(0, 22471.439453125), (1, 21877.931640625)]","[(0, 26189.275390625), (1, 28982.748046875)]","[(0, 12280.1689453125), (1, 9176.7705078125)]","[(0, 16665.9296875), (1, 20046.873046875)]","[(0, 13355.7646484375), (1, 16023.78515625)]","[(0, 27939.33984375), (1, 27910.259765625)]"
495,"[(0, 13919.8076171875), (1, 15693.9677734375)]","[(0, 23403.0859375), (1, 23776.6875)]","[(0, 6679.19140625), (1, 7304.75146484375)]","[(0, 15890.71875), (1, 14673.9228515625)]","[(0, 7056.966796875), (1, 5587.8681640625)]","[(0, 31331.634765625), (1, 30898.91015625)]","[(0, 32630.5859375), (1, 30593.408203125)]","[(0, 11807.302734375), (1, 11134.390625)]","[(0, 25297.84375), (1, 31175.693359375)]","[(0, 29333.58984375), (1, 27472.2578125)]","[(0, 17789.041015625), (1, 15569.4599609375)]"
496,"[(0, 24183.291015625), (1, 25738.705078125)]","[(0, 18879.0859375), (1, 18024.462890625)]","[(0, 23971.443359375), (1, 22552.5078125)]","[(0, 27956.984375), (1, 28822.958984375)]","[(0, 9583.4345703125), (1, 7710.794921875)]","[(0, 26371.984375), (1, 26919.091796875)]","[(0, 36643.49609375), (1, 36662.265625)]","[(0, 24702.087890625), (1, 16256.0947265625)]","[(0, 13863.0537109375), (1, 13994.505859375)]","[(0, 19560.109375), (1, 26770.349609375)]","[(0, 8350.4541015625), (1, 8983.2412109375)]"
497,"[(0, 24152.982421875), (1, 26490.732421875)]","[(0, 19958.875), (1, 18785.603515625)]","[(0, 15758.69921875), (1, 18300.94140625)]","[(0, 14592.1875), (1, 14725.7783203125)]","[(0, 3899.606689453125), (1, 3407.076171875)]","[(0, 31743.55859375), (1, 31881.205078125)]","[(0, 30144.849609375), (1, 28744.751953125)]","[(0, 17087.171875), (1, 19864.384765625)]","[(0, 27534.052734375), (1, 26946.0625)]","[(0, 13148.8408203125), (1, 18971.021484375)]","[(0, 20454.25390625), (1, 17385.51171875)]"
498,"[(0, 21932.203125), (1, 24272.359375)]","[(0, 19622.45703125), (1, 20163.564453125)]","[(0, 15540.9189453125), (1, 12755.6875)]","[(0, 20760.578125), (1, 21160.677734375)]","[(0, 3751.170166015625), (1, 3358.851318359375)]","[(0, 29784.587890625), (1, 29852.298828125)]","[(0, 26279.896484375), (1, 27843.05078125)]","[(0, 9768.0068359375), (1, 20011.8984375)]","[(0, 7868.1123046875), (1, 14736.146484375)]","[(0, 15317.1044921875), (1, 15659.41796875)]","[(0, 21738.5234375), (1, 18755.529296875)]"
499,"[(0, 25070.470703125), (1, 25267.802734375)]","[(0, 21050.798828125), (1, 20955.89453125)]","[(0, 24659.345703125), (1, 24681.34375)]","[(0, 15917.9599609375), (1, 13856.41796875)]","[(0, 17634.134765625), (1, 15003.9365234375)]","[(0, 15434.9716796875), (1, 16162.9423828125)]","[(0, 25703.82421875), (1, 29921.044921875)]","[(0, 21359.615234375), (1, 19061.298828125)]","[(0, 13117.7177734375), (1, 8188.9501953125)]","[(0, 13432.3935546875), (1, 18236.72265625)]","[(0, 23249.546875), (1, 23897.330078125)]"
