,anaphoric-one-semantics,anaphoric-one-syntax,island-adjunct,island-complex-np,island-wh,principle_a_command,principle_a_locality,question-formation_or,question-formation_or_strict,question-formation_rr,question-formation_rr_strict,question-formation_sr,question-formation_sr_strict,wanna
0,"[(0, 915.4419555664062), (1, 1027.356689453125)]","[(0, 632.3896484375), (1, 813.9974975585938)]","[(0, 6316.8896484375), (1, 6038.11865234375)]","[(0, 5416.62939453125), (1, 4158.8876953125)]","[(0, 15232.890625), (1, 9867.03515625)]","[(0, 10590.6923828125), (1, 10978.2041015625)]","[(0, 16130.974609375), (1, 20085.26171875)]","[(0, 902.34326171875), (1, 886.947265625)]","[(4, 44.408835018382355), (3, 48.1331901550293), (5, 74.56564127604166), (1, 77.96966959635417), (0, 93.05294363839286), (2, 151.2171630859375)]","[(0, 9365.1669921875), (1, 7681.3408203125)]","[(4, 44.66146240234375), (3, 51.259373256138396), (5, 68.87319711538461), (0, 78.53759256998698), (1, 101.81216195913461), (2, 109.91098854758523)]","[(0, 4758.771484375), (1, 3004.678955078125)]","[(4, 622.6077325994319), (5, 653.3353515625), (1, 756.8587535511364), (3, 773.199462890625), (2, 837.9373046875), (0, 986.22275390625)]","[(0, 15886.61328125), (1, 12149.9677734375)]"
1,"[(0, 956.9005126953125), (1, 1083.2705078125)]","[(0, 964.8917846679688), (1, 1374.1888427734375)]","[(0, 1570.511474609375), (1, 1507.218017578125)]","[(0, 7227.24658203125), (1, 6268.2099609375)]","[(0, 14013.978515625), (1, 7109.73876953125)]","[(0, 9619.1181640625), (1, 8857.98046875)]","[(0, 9583.5625), (1, 12606.1650390625)]","[(0, 1550.458251953125), (1, 796.1994018554688)]","[(4, 160.85425914417613), (5, 164.30126953125), (3, 215.9262939453125), (1, 242.29299094460228), (2, 251.0214599609375), (0, 340.4818603515625)]","[(0, 3767.540283203125), (1, 2238.125)]","[(4, 594.3247884114584), (3, 767.6888316761364), (5, 786.6574041193181), (1, 836.2910970052084), (0, 927.1848366477273), (2, 942.9506392045455)]","[(0, 2122.19921875), (1, 2320.29736328125)]","[(4, 137.5695343017578), (5, 148.91707938058036), (3, 178.39064127604166), (1, 205.14997209821428), (2, 248.8572998046875), (0, 322.73091947115387)]","[(0, 3152.822021484375), (1, 2782.310302734375)]"
2,"[(0, 1042.2391357421875), (1, 1171.39306640625)]","[(0, 750.1631469726562), (1, 927.5287475585938)]","[(0, 2890.140625), (1, 3278.378662109375)]","[(0, 4090.61328125), (1, 4292.43603515625)]","[(0, 6076.01220703125), (1, 4858.31640625)]","[(0, 12082.3828125), (1, 12676.5224609375)]","[(0, 4136.77587890625), (1, 3742.7763671875)]","[(0, 714.451416015625), (1, 655.4421997070312)]","[(1, 94.8747802734375), (2, 112.48593575613839), (0, 193.6917442908654), (4, 222.52330603966345), (5, 281.9734293619792), (3, 441.10733309659093)]","[(0, 3084.33984375), (1, 2355.415771484375)]","[(4, 202.98053850446428), (5, 261.34149169921875), (3, 271.82239708533655), (1, 318.8462727864583), (2, 422.006494140625), (0, 528.8101473721591)]","[(0, 6712.72900390625), (1, 6089.5576171875)]","[(1, 188.0972567471591), (4, 219.2161310369318), (2, 229.5377685546875), (5, 269.6950927734375), (0, 334.189453125), (3, 391.7816162109375)]","[(0, 4162.18505859375), (1, 3614.324951171875)]"
3,"[(0, 1197.3399658203125), (1, 1422.768310546875)]","[(0, 585.572021484375), (1, 682.15283203125)]","[(0, 24930.138671875), (1, 27618.974609375)]","[(0, 10364.16015625), (1, 10699.96875)]","[(0, 6295.7802734375), (1, 5079.943359375)]","[(0, 6420.7373046875), (1, 7125.1943359375)]","[(0, 10384.927734375), (1, 11500.14453125)]","[(0, 5777.32763671875), (1, 2640.865234375)]","[(4, 224.76624644886363), (1, 233.9586736505682), (5, 270.3549560546875), (3, 271.185009765625), (0, 283.0944580078125), (2, 287.48564453125)]","[(0, 2064.802978515625), (1, 1731.991943359375)]","[(1, 326.1672551081731), (2, 328.34442138671875), (0, 331.71337890625), (4, 391.81527944711536), (3, 452.6846516927083), (5, 474.7764892578125)]","[(0, 3287.6806640625), (1, 1262.068359375)]","[(4, 474.80961470170456), (1, 485.96555397727275), (5, 525.724169921875), (2, 539.42255859375), (3, 669.949072265625), (0, 684.654931640625)]","[(0, 13166.14453125), (1, 9000.056640625)]"
4,"[(0, 1343.5333251953125), (1, 1902.6546630859375)]","[(0, 398.84149169921875), (1, 363.1423645019531)]","[(0, 27663.126953125), (1, 24881.966796875)]","[(0, 11951.986328125), (1, 14817.0771484375)]","[(0, 10806.3330078125), (1, 6475.47265625)]","[(0, 11516.0361328125), (1, 10454.666015625)]","[(0, 12570.341796875), (1, 11557.4150390625)]","[(0, 2456.306640625), (1, 2697.130859375)]","[(4, 107.89143589564732), (1, 116.287255859375), (3, 118.7427469889323), (0, 119.06719501201923), (5, 206.2486572265625), (2, 223.23302283653845)]","[(0, 8656.970703125), (1, 5579.93359375)]","[(2, 173.87868088942307), (1, 183.48943219866072), (4, 192.06385216346155), (5, 233.2501017252604), (0, 294.69032796223956), (3, 450.97017045454544)]","[(0, 719.50927734375), (1, 646.337646484375)]","[(4, 72.0404281616211), (1, 77.98041534423828), (3, 119.16854422433036), (5, 127.08857073102679), (0, 127.335693359375), (2, 136.5991472516741)]","[(0, 10406.083984375), (1, 7648.439453125)]"
5,"[(0, 1552.0123291015625), (1, 1902.2481689453125)]","[(0, 273.9122314453125), (1, 252.13650512695312)]","[(0, 7263.21142578125), (1, 7920.45068359375)]","[(0, 7924.23583984375), (1, 6981.47216796875)]","[(0, 11801.2119140625), (1, 7581.06298828125)]","[(0, 15874.26953125), (1, 17607.818359375)]","[(0, 7786.1005859375), (1, 8615.7900390625)]","[(0, 2351.235595703125), (1, 1798.4490966796875)]","[(4, 120.01282848011364), (5, 128.54449462890625), (1, 129.09715687144887), (2, 135.34898681640624), (3, 142.92449951171875), (0, 160.48421630859374)]","[(0, 2214.991455078125), (1, 2307.998291015625)]","[(2, 78.52108999399039), (4, 93.36556302584134), (5, 99.55520629882812), (1, 126.34644426618304), (0, 164.08048502604166), (3, 187.4702814275568)]","[(0, 1018.9951782226562), (1, 1369.8538818359375)]","[(4, 439.6391194661458), (1, 445.1019694010417), (5, 495.7990056818182), (2, 505.90957919034093), (3, 635.8503639914773), (0, 659.9362571022727)]","[(0, 3014.90625), (1, 2627.677490234375)]"
6,"[(0, 759.2357177734375), (1, 816.843994140625)]","[(0, 1358.64794921875), (1, 1969.73681640625)]","[(0, 5971.26220703125), (1, 4357.47998046875)]","[(0, 3793.307373046875), (1, 4314.0390625)]","[(0, 5486.236328125), (1, 4395.8544921875)]","[(0, 10418.8447265625), (1, 9379.7548828125)]","[(0, 18193.90234375), (1, 21310.21484375)]","[(0, 1193.0445556640625), (1, 1011.225830078125)]","[(1, 275.0194498697917), (4, 288.60076904296875), (2, 300.00634765625), (5, 316.6605113636364), (0, 400.1002308238636), (3, 412.8358043323864)]","[(0, 2668.625732421875), (1, 2143.9013671875)]","[(4, 114.29335239955357), (3, 158.27946589543268), (5, 214.2840372721354), (1, 217.70076497395834), (0, 333.28904030539775), (2, 445.13974609375)]","[(0, 2974.49609375), (1, 2688.57275390625)]","[(1, 131.02181803385417), (3, 135.49485677083334), (0, 155.83487374441964), (5, 172.5355224609375), (4, 173.4513397216797), (2, 189.93571589543268)]","[(0, 15593.9345703125), (1, 11115.3359375)]"
7,"[(0, 1059.15185546875), (1, 1238.2001953125)]","[(0, 2093.42919921875), (1, 3485.588134765625)]","[(0, 5705.41943359375), (1, 4306.60693359375)]","[(0, 28071.251953125), (1, 23577.77734375)]","[(0, 7367.6064453125), (1, 5402.2001953125)]","[(0, 5609.60986328125), (1, 6057.64208984375)]","[(0, 16307.134765625), (1, 19748.275390625)]","[(0, 2132.295166015625), (1, 1708.6446533203125)]","[(1, 180.8391571044922), (4, 193.45879255022322), (2, 196.43961588541666), (0, 206.93345424107142), (5, 215.78014197716345), (3, 244.81905110677084)]","[(0, 1330.722900390625), (1, 1565.7930908203125)]","[(1, 444.34912109375), (2, 520.7244140625), (4, 675.3330078125), (0, 718.79638671875), (5, 827.87646484375), (3, 1076.588671875)]","[(0, 1746.429443359375), (1, 1921.6680908203125)]","[(4, 114.70828683035714), (1, 116.01628766741071), (3, 137.77266751802884), (0, 142.74151141826923), (5, 143.88396747295673), (2, 146.89598670372595)]","[(0, 14254.58203125), (1, 11106.8798828125)]"
8,"[(0, 1782.30712890625), (1, 2248.537353515625)]","[(0, 1406.5299072265625), (1, 2117.36669921875)]","[(0, 14749.22265625), (1, 14613.634765625)]","[(0, 10083.537109375), (1, 10674.630859375)]","[(0, 14262.6455078125), (1, 7798.2353515625)]","[(0, 9159.9306640625), (1, 8587.5947265625)]","[(0, 8574.7958984375), (1, 7771.01123046875)]","[(0, 894.5829467773438), (1, 1051.4012451171875)]","[(5, 52.057047526041664), (4, 58.18384552001953), (3, 62.58330078125), (2, 66.98334554036458), (1, 74.36204528808594), (0, 83.09878743489584)]","[(0, 3994.390869140625), (1, 5374.89697265625)]","[(4, 61.58756637573242), (5, 93.11907958984375), (1, 93.91852213541667), (2, 103.9012451171875), (3, 117.10047258649554), (0, 137.32554274338943)]","[(0, 4502.099609375), (1, 4142.654296875)]","[(1, 51.2319450378418), (2, 57.19955240885417), (4, 76.15192057291667), (5, 84.13534981863839), (0, 109.55943952287946), (3, 163.66729266826923)]","[(0, 1358.2340087890625), (1, 1226.6163330078125)]"
9,"[(0, 1409.978759765625), (1, 1676.1893310546875)]","[(0, 742.6396484375), (1, 842.5411987304688)]","[(0, 5328.7939453125), (1, 5461.43505859375)]","[(0, 26084.560546875), (1, 23478.19921875)]","[(0, 6137.9326171875), (1, 3817.99755859375)]","[(0, 4248.24169921875), (1, 3894.51513671875)]","[(0, 10756.455078125), (1, 11726.70703125)]","[(0, 1611.5628662109375), (1, 1691.9462890625)]","[(1, 90.29330240885416), (2, 91.05393763950893), (4, 109.27071707589286), (5, 112.19659893329327), (0, 171.96662785456732), (3, 252.59307861328125)]","[(0, 1888.143310546875), (1, 2116.3681640625)]","[(3, 77.2254279641544), (4, 78.60349527994792), (0, 114.53582763671875), (5, 115.69396209716797), (1, 135.61287913602942), (2, 165.94638671875)]","[(0, 3606.102783203125), (1, 2654.2763671875)]","[(1, 69.55207170758929), (2, 86.7247783954327), (4, 103.77147498497597), (5, 138.59272257486978), (0, 217.0233357747396), (3, 332.2354625355114)]","[(0, 3866.279541015625), (1, 3467.2509765625)]"
10,"[(0, 887.171875), (1, 1037.8828125)]","[(0, 409.9970703125), (1, 356.5220642089844)]","[(0, 21477.1484375), (1, 25563.259765625)]","[(0, 6491.87109375), (1, 5954.310546875)]","[(0, 4538.85107421875), (1, 2733.1328125)]","[(0, 2080.6123046875), (1, 2257.92578125)]","[(0, 18378.45703125), (1, 19385.859375)]","[(0, 5062.1123046875), (1, 3038.798583984375)]","[(4, 77.21700032552083), (3, 88.20327322823661), (5, 136.17867337740384), (1, 206.73529522235577), (0, 275.78110758463544), (2, 446.55522017045456)]","[(0, 2744.986572265625), (1, 3187.535400390625)]","[(2, 14.61944580078125), (5, 21.931825525620404), (4, 22.402281108655426), (1, 22.65634476511102), (0, 24.044365377987134), (3, 37.097663430606616)]","[(0, 2683.60546875), (1, 1723.90234375)]","[(1, 41.39445094058388), (0, 47.96277214499081), (2, 48.82776217990451), (3, 49.29134521484375), (5, 50.731651306152344), (4, 61.03152286305147)]","[(0, 9726.677734375), (1, 7118.91845703125)]"
11,"[(0, 894.4409790039062), (1, 1054.51416015625)]","[(0, 419.8645935058594), (1, 404.33355712890625)]","[(0, 3247.212646484375), (1, 2616.434814453125)]","[(0, 4006.033935546875), (1, 3248.21923828125)]","[(0, 3606.48486328125), (1, 2096.927001953125)]","[(0, 9982.6884765625), (1, 10512.1630859375)]","[(0, 18019.341796875), (1, 24364.501953125)]","[(0, 1805.34326171875), (1, 1751.9393310546875)]","[(1, 103.95220947265625), (2, 105.56141075721153), (4, 200.87006084735577), (5, 218.40948486328125), (0, 266.6072998046875), (3, 621.6329012784091)]","[(0, 2823.994384765625), (1, 1761.6810302734375)]","[(2, 145.30966796875), (1, 200.2533721923828), (0, 272.2512904575893), (4, 279.53834751674106), (5, 315.6760817307692), (3, 703.2210286458334)]","[(0, 2903.567138671875), (1, 2038.3062744140625)]","[(4, 162.58524263822116), (5, 181.86572265625), (1, 190.9092735877404), (2, 222.03104654947916), (3, 251.46919759114584), (0, 297.1903076171875)]","[(0, 11677.970703125), (1, 8799.81640625)]"
12,"[(0, 1939.3985595703125), (1, 2324.4580078125)]","[(0, 374.78533935546875), (1, 710.6270751953125)]","[(0, 23271.353515625), (1, 18029.431640625)]","[(0, 10258.283203125), (1, 9169.5888671875)]","[(0, 4489.47705078125), (1, 4067.769775390625)]","[(0, 10262.7451171875), (1, 9977.6533203125)]","[(0, 6579.78662109375), (1, 6158.39599609375)]","[(0, 1828.6695556640625), (1, 1897.671142578125)]","[(4, 257.80702718098956), (1, 261.9995524088542), (2, 343.43943093039775), (5, 346.89741654829544), (0, 363.94187233664775), (3, 368.6148792613636)]","[(0, 1070.3050537109375), (1, 1101.8831787109375)]","[(1, 98.30850219726562), (2, 113.95505593039773), (4, 115.20539994673295), (5, 144.696435546875), (0, 233.9787353515625), (3, 358.6062825520833)]","[(0, 2063.98095703125), (1, 1815.312744140625)]","[(1, 161.2776766690341), (2, 168.8876708984375), (4, 235.8860751065341), (5, 254.71005859375), (0, 257.441064453125), (3, 401.771875)]","[(0, 12087.51171875), (1, 9533.19921875)]"
13,"[(0, 1864.799072265625), (1, 2277.4921875)]","[(0, 602.1818237304688), (1, 1433.940185546875)]","[(0, 5627.7265625), (1, 5742.39697265625)]","[(0, 40312.4609375), (1, 31049.501953125)]","[(0, 4767.4931640625), (1, 4006.989501953125)]","[(0, 3002.579345703125), (1, 2856.80029296875)]","[(0, 18430.287109375), (1, 20358.720703125)]","[(0, 451.0423583984375), (1, 384.2472839355469)]","[(4, 104.69122673483456), (1, 106.00406222873264), (3, 113.2341064453125), (0, 123.23352813720703), (5, 173.24049479166666), (2, 177.25086975097656)]","[(0, 2575.50341796875), (1, 2619.78564453125)]","[(1, 34.86805943080357), (4, 42.81404767717634), (2, 46.13817850748698), (5, 58.19000244140625), (0, 66.8097432454427), (3, 86.45943196614583)]","[(0, 5665.15673828125), (1, 5139.05908203125)]","[(2, 129.77855506310095), (1, 130.23440987723214), (5, 216.94078480113637), (4, 226.316650390625), (0, 277.81134033203125), (3, 497.3935546875)]","[(0, 2814.56640625), (1, 2692.571533203125)]"
14,"[(0, 1552.94287109375), (1, 1828.1944580078125)]","[(0, 461.1235656738281), (1, 855.8394775390625)]","[(0, 3034.434326171875), (1, 3342.06640625)]","[(0, 22822.5703125), (1, 25772.431640625)]","[(0, 5993.244140625), (1, 3353.259521484375)]","[(0, 3906.396240234375), (1, 4157.107421875)]","[(0, 10855.830078125), (1, 9644.1572265625)]","[(0, 3126.87548828125), (1, 2088.32958984375)]","[(4, 91.71336454503677), (3, 115.17765045166016), (5, 131.50270182291666), (1, 155.59033203125), (0, 212.65202985491072), (2, 268.12856820913464)]","[(0, 3237.367431640625), (1, 2213.857666015625)]","[(4, 589.4506392045455), (1, 702.8147638494319), (5, 732.9580078125), (3, 840.65302734375), (2, 876.20068359375), (0, 1038.6611328125)]","[(0, 5252.35107421875), (1, 4570.60400390625)]","[(4, 61.06758771623884), (3, 90.65760216346153), (5, 93.9280497233073), (1, 95.06638590494792), (0, 155.3848876953125), (2, 158.01505126953126)]","[(0, 19363.66796875), (1, 13993.14453125)]"
15,"[(0, 745.9739990234375), (1, 839.19482421875)]","[(0, 343.532958984375), (1, 556.4920654296875)]","[(0, 2509.822265625), (1, 2401.51806640625)]","[(0, 6424.90234375), (1, 4563.5478515625)]","[(0, 2038.5211181640625), (1, 1544.5550537109375)]","[(0, 20536.11328125), (1, 20903.37890625)]","[(0, 4655.220703125), (1, 5309.76025390625)]","[(0, 2613.148193359375), (1, 2335.252197265625)]","[(4, 128.79328409830728), (5, 132.3605402166193), (1, 147.44320678710938), (2, 157.2034579190341), (3, 174.0641424005682), (0, 201.464111328125)]","[(0, 3564.464599609375), (1, 4235.19189453125)]","[(2, 121.37864176432292), (1, 122.03595440204327), (0, 276.28708718039775), (4, 374.99116654829544), (5, 413.821630859375), (3, 1279.3862847222222)]","[(0, 1067.61669921875), (1, 849.9615478515625)]","[(1, 180.38818359375), (2, 211.17386568509616), (0, 261.43223063151044), (4, 301.6479085286458), (5, 385.3502308238636), (3, 485.624560546875)]","[(0, 1533.9871826171875), (1, 1296.73388671875)]"
16,"[(0, 1244.564697265625), (1, 1487.1834716796875)]","[(0, 467.88360595703125), (1, 417.1879577636719)]","[(0, 6118.10400390625), (1, 5259.4482421875)]","[(0, 5481.9375), (1, 5373.03173828125)]","[(0, 3737.38330078125), (1, 3279.560791015625)]","[(0, 12546.1015625), (1, 12781.294921875)]","[(0, 19757.412109375), (1, 17714.1796875)]","[(0, 1911.250244140625), (1, 1555.8922119140625)]","[(4, 180.7298583984375), (5, 199.92679443359376), (1, 228.838134765625), (3, 229.2646240234375), (2, 257.275537109375), (0, 299.3429931640625)]","[(0, 1929.8350830078125), (1, 857.8517456054688)]","[(4, 57.41528679342831), (3, 65.69522094726562), (5, 72.01302083333333), (0, 95.84278215680804), (2, 107.09959059495192), (1, 114.40673014322917)]","[(0, 1775.9300537109375), (1, 1801.9066162109375)]","[(1, 115.83769008091518), (4, 115.84740339006696), (5, 124.47429950420673), (2, 141.85894305889423), (3, 179.95353816105768), (0, 203.98475060096155)]","[(0, 4415.5390625), (1, 3877.896728515625)]"
17,"[(0, 1094.5810546875), (1, 1411.1201171875)]","[(0, 458.17498779296875), (1, 446.5703125)]","[(0, 9723.228515625), (1, 13110.5009765625)]","[(0, 3175.386962890625), (1, 3104.56640625)]","[(0, 3050.43896484375), (1, 2850.097900390625)]","[(0, 5691.3115234375), (1, 5528.20556640625)]","[(0, 10191.80859375), (1, 9978.2998046875)]","[(0, 1635.2171630859375), (1, 1417.694580078125)]","[(4, 108.5507061298077), (1, 140.17887369791666), (3, 168.7127685546875), (5, 200.1619318181818), (0, 227.74531693892047), (2, 275.9650146484375)]","[(0, 2963.21337890625), (1, 3387.251953125)]","[(4, 223.6786905924479), (2, 252.88050426136363), (5, 259.79248046875), (0, 297.97017045454544), (3, 309.85031960227275), (1, 347.1780598958333)]","[(0, 4974.30126953125), (1, 4950.90234375)]","[(4, 98.4966552734375), (3, 121.40339878627232), (1, 146.89278738839286), (5, 158.70744441105768), (0, 182.85563777043268), (2, 278.88934326171875)]","[(0, 12838.5048828125), (1, 11248.794921875)]"
18,"[(0, 1465.5958251953125), (1, 1848.9764404296875)]","[(0, 626.1231079101562), (1, 1270.0499267578125)]","[(0, 10153.8466796875), (1, 10308.830078125)]","[(0, 5470.40087890625), (1, 5440.7705078125)]","[(0, 13347.5009765625), (1, 6590.54443359375)]","[(0, 14326.5673828125), (1, 14608.451171875)]","[(0, 9327.79296875), (1, 12100.083984375)]","[(0, 3295.380615234375), (1, 4436.2890625)]","[(2, 79.09803873697916), (1, 92.6012954711914), (5, 125.3700702373798), (4, 127.78592354910714), (0, 128.82267543247767), (3, 266.26251220703125)]","[(0, 3320.719970703125), (1, 3201.518798828125)]","[(2, 86.1139424641927), (1, 99.03431114783653), (5, 110.19793701171875), (4, 124.82235013521634), (0, 136.72057088216147), (3, 174.98604329427084)]","[(0, 2374.432861328125), (1, 1528.175048828125)]","[(2, 161.68134416852678), (1, 168.98209635416666), (5, 183.78435407366072), (4, 226.11417643229166), (0, 364.32703575721155), (3, 433.61437049278845)]","[(0, 2284.696044921875), (1, 2007.4124755859375)]"
19,"[(0, 1199.2529296875), (1, 1416.7998046875)]","[(0, 986.2373657226562), (1, 2499.67138671875)]","[(0, 6776.6396484375), (1, 7811.6708984375)]","[(0, 6207.18212890625), (1, 5050.68359375)]","[(0, 5609.63671875), (1, 4574.1142578125)]","[(0, 6969.4443359375), (1, 6687.30517578125)]","[(0, 14363.79296875), (1, 17628.685546875)]","[(0, 2151.498291015625), (1, 1581.9598388671875)]","[(4, 90.65516662597656), (1, 95.33948471966912), (3, 114.30179268973214), (0, 115.95083821614584), (2, 140.27716471354168), (5, 140.94971575055803)]","[(0, 1694.09521484375), (1, 1049.2626953125)]","[(4, 117.197998046875), (3, 147.9863562950721), (5, 217.2093709309896), (0, 301.3505859375), (1, 385.69662710336536), (2, 429.6355646306818)]","[(0, 1114.17724609375), (1, 1132.627197265625)]","[(5, 141.25922502790178), (4, 143.50408528645832), (1, 146.84029947916667), (2, 152.99225725446428), (3, 183.79023088727678), (0, 200.23863002232142)]","[(0, 12163.775390625), (1, 9122.6005859375)]"
20,"[(0, 2068.60595703125), (1, 2615.862060546875)]","[(0, 732.0044555664062), (1, 1425.1617431640625)]","[(0, 26142.212890625), (1, 16893.013671875)]","[(0, 8618.39453125), (1, 8901.05859375)]","[(0, 12985.3583984375), (1, 7437.5810546875)]","[(0, 19629.474609375), (1, 20478.849609375)]","[(0, 14045.3935546875), (1, 12488.396484375)]","[(0, 3903.8525390625), (1, 2675.820068359375)]","[(1, 40.95993845086349), (4, 42.594584147135414), (2, 59.382956112132355), (5, 59.920833587646484), (3, 64.71495819091797), (0, 65.87558880974265)]","[(0, 2226.8896484375), (1, 1991.6937255859375)]","[(2, 207.39195421006946), (1, 212.0591796875), (0, 312.39442274305554), (4, 342.137353515625), (5, 351.43250868055554), (3, 528.5139431423611)]","[(0, 2445.296875), (1, 2904.634765625)]","[(4, 135.49143288352272), (1, 138.67641379616478), (5, 179.27843017578124), (2, 189.49188232421875), (3, 243.6402587890625), (0, 252.3907958984375)]","[(0, 13535.3310546875), (1, 9262.876953125)]"
21,"[(0, 1309.823486328125), (1, 1423.469970703125)]","[(0, 502.19781494140625), (1, 800.9370727539062)]","[(0, 1824.9029541015625), (1, 1642.1221923828125)]","[(0, 6548.84228515625), (1, 7400.203125)]","[(0, 4060.6455078125), (1, 3035.071044921875)]","[(0, 13493.2646484375), (1, 14931.9921875)]","[(0, 7472.76025390625), (1, 8255.6171875)]","[(0, 2763.2568359375), (1, 2720.93017578125)]","[(3, 39.36243111746652), (4, 45.320213317871094), (0, 49.45968424479167), (1, 53.75068574793198), (5, 78.71889822823661), (2, 93.69125162760416)]","[(0, 4184.1220703125), (1, 3269.869873046875)]","[(5, 63.50685221354167), (2, 73.23247419084821), (4, 76.94252014160156), (3, 85.22858072916667), (0, 106.66319056919643), (1, 119.62814127604166)]","[(0, 872.930419921875), (1, 803.6448974609375)]","[(2, 166.955810546875), (1, 167.45408278245193), (4, 178.15865384615384), (5, 179.54740397135416), (0, 394.08544921875), (3, 429.54789595170456)]","[(0, 12225.7041015625), (1, 9751.05859375)]"
22,"[(0, 1430.8228759765625), (1, 1966.235595703125)]","[(0, 400.2589416503906), (1, 351.2153625488281)]","[(0, 3924.928955078125), (1, 5272.470703125)]","[(0, 15579.44140625), (1, 18336.423828125)]","[(0, 6477.38720703125), (1, 3594.374267578125)]","[(0, 11015.1396484375), (1, 9825.521484375)]","[(0, 13379.5146484375), (1, 20221.6640625)]","[(0, 2532.507080078125), (1, 2689.279052734375)]","[(4, 112.27713216145834), (3, 112.80940464564732), (5, 176.51094876802884), (1, 242.73255333533655), (0, 285.0481363932292), (2, 469.58638139204544)]","[(0, 2144.156982421875), (1, 2113.138671875)]","[(4, 150.7782185872396), (5, 170.60605690696022), (1, 184.31156412760416), (2, 219.0144708806818), (3, 227.4656427556818), (0, 294.26711203835225)]","[(0, 3141.566650390625), (1, 2372.492919921875)]","[(5, 376.76083984375), (4, 414.52152876420456), (2, 458.616064453125), (1, 493.68337180397725), (3, 584.58076171875), (0, 714.748974609375)]","[(0, 1733.809814453125), (1, 1553.639892578125)]"
23,"[(0, 1270.986572265625), (1, 1763.78662109375)]","[(0, 807.5939331054688), (1, 1058.114501953125)]","[(0, 1925.0128173828125), (1, 1887.0703125)]","[(0, 9597.6748046875), (1, 9881.75390625)]","[(0, 3515.281982421875), (1, 3478.750732421875)]","[(0, 8112.849609375), (1, 7546.51123046875)]","[(0, 10896.5107421875), (1, 14157.0380859375)]","[(0, 2403.11279296875), (1, 2814.716796875)]","[(1, 95.74197823660714), (2, 98.27527794471153), (0, 207.0616251627604), (4, 213.4990234375), (5, 215.15320933948863), (3, 556.133984375)]","[(0, 2651.420166015625), (1, 2565.751220703125)]","[(4, 207.7784978693182), (1, 233.1460164388021), (5, 234.1037353515625), (2, 275.03073952414775), (0, 585.0197265625), (3, 606.0893012152778)]","[(0, 1684.9449462890625), (1, 1028.2069091796875)]","[(1, 73.15096282958984), (2, 82.80320638020834), (5, 153.40776715959822), (0, 156.00394112723214), (4, 186.03831380208334), (3, 336.24184945913464)]","[(0, 23525.265625), (1, 16847.962890625)]"
24,"[(0, 1432.287109375), (1, 1727.616943359375)]","[(0, 1099.96923828125), (1, 1561.1968994140625)]","[(0, 37736.6953125), (1, 27573.70703125)]","[(0, 2471.979736328125), (1, 2262.822265625)]","[(0, 8870.44140625), (1, 4283.7666015625)]","[(0, 4634.36962890625), (1, 5066.14990234375)]","[(0, 4973.447265625), (1, 4626.65966796875)]","[(0, 3727.2353515625), (1, 3632.6845703125)]","[(1, 34.43342420789931), (4, 37.11252369600184), (3, 52.07650960286458), (0, 52.115909576416016), (2, 59.631805419921875), (5, 64.74981282552083)]","[(0, 3037.257080078125), (1, 2384.81982421875)]","[(4, 117.22748209635417), (3, 132.97324916294642), (5, 207.08011568509616), (1, 267.10060337611606), (0, 267.3390925480769), (2, 428.5274251302083)]","[(0, 2063.153564453125), (1, 2514.843994140625)]","[(2, 117.1735088641827), (1, 124.97728620256696), (4, 183.2432579627404), (5, 186.2928263346354), (0, 301.50295003255206), (3, 500.90092329545456)]","[(0, 7417.1455078125), (1, 5764.31689453125)]"
25,"[(0, 1951.88232421875), (1, 2488.673583984375)]","[(0, 936.903076171875), (1, 1282.881103515625)]","[(0, 36096.7265625), (1, 34636.83203125)]","[(0, 20970.369140625), (1, 17269.705078125)]","[(0, 2516.8740234375), (1, 1598.8988037109375)]","[(0, 6765.5263671875), (1, 7521.35009765625)]","[(0, 4106.9951171875), (1, 4274.20947265625)]","[(0, 1516.2703857421875), (1, 968.7435913085938)]","[(4, 96.98986002604167), (1, 126.73802083333334), (3, 129.5785851111779), (5, 156.50184044471155), (0, 178.70166015625), (2, 216.79249924879807)]","[(0, 6469.14599609375), (1, 5847.3857421875)]","[(1, 60.144344329833984), (4, 78.5552001953125), (0, 98.32441929408482), (2, 99.71006556919643), (3, 135.191162109375), (5, 138.84588153545673)]","[(0, 807.2355346679688), (1, 1045.5323486328125)]","[(1, 290.93790108816967), (2, 293.6772648737981), (0, 464.9869384765625), (4, 545.1735026041666), (5, 594.2216796875), (3, 990.83369140625)]","[(0, 13498.232421875), (1, 10009.4091796875)]"
26,"[(0, 1451.717041015625), (1, 1581.7802734375)]","[(0, 668.6561889648438), (1, 719.4207153320312)]","[(0, 13308.1123046875), (1, 14055.3095703125)]","[(0, 19608.744140625), (1, 16912.77734375)]","[(0, 5253.00244140625), (1, 3230.422119140625)]","[(0, 10813.28125), (1, 9876.7421875)]","[(0, 6160.8515625), (1, 7731.04345703125)]","[(0, 2779.410400390625), (1, 3059.178955078125)]","[(4, 55.574394674862134), (1, 58.04285026999081), (3, 94.1935302734375), (5, 98.47867024739584), (0, 99.40806477864584), (2, 103.4108642578125)]","[(0, 1783.555908203125), (1, 1134.8800048828125)]","[(1, 117.016357421875), (4, 135.966796875), (2, 142.19361979166666), (0, 184.67711588541667), (5, 206.30615234375), (3, 275.27669852120533)]","[(0, 1476.458984375), (1, 923.3529052734375)]","[(1, 89.95354461669922), (2, 104.3380859375), (4, 135.9177978515625), (5, 143.51704624720983), (0, 180.15412248883928), (3, 271.1401930588942)]","[(0, 18902.61328125), (1, 14019.966796875)]"
27,"[(0, 818.54833984375), (1, 1144.8416748046875)]","[(0, 405.8299560546875), (1, 345.5158386230469)]","[(0, 4749.51318359375), (1, 4608.22216796875)]","[(0, 16922.390625), (1, 11790.818359375)]","[(0, 2552.62548828125), (1, 2103.50341796875)]","[(0, 15170.392578125), (1, 16574.34765625)]","[(0, 3785.840576171875), (1, 3846.2216796875)]","[(0, 4799.6591796875), (1, 4075.38427734375)]","[(4, 89.80215018136161), (3, 94.45238318810097), (5, 149.6180623372396), (1, 158.4029541015625), (0, 184.32255415482953), (2, 293.7825927734375)]","[(0, 2181.597900390625), (1, 2789.438720703125)]","[(4, 54.90504557291667), (1, 66.37886962890624), (5, 86.80201134314903), (3, 87.51001915564903), (0, 108.89603365384616), (2, 109.09930889423077)]","[(0, 2916.115966796875), (1, 3855.32568359375)]","[(4, 111.30246206430289), (1, 114.3493182842548), (5, 125.0905253092448), (2, 138.55400594075522), (3, 142.24067179361978), (0, 155.65882364908853)]","[(0, 2757.648193359375), (1, 2552.972412109375)]"
28,"[(0, 1269.5311279296875), (1, 1496.3853759765625)]","[(0, 857.914306640625), (1, 1006.3640747070312)]","[(0, 4102.2978515625), (1, 3749.660888671875)]","[(0, 6324.255859375), (1, 7239.24951171875)]","[(0, 2522.216552734375), (1, 1970.7420654296875)]","[(0, 7755.12353515625), (1, 6936.1650390625)]","[(0, 14075.443359375), (1, 18247.873046875)]","[(0, 2002.10986328125), (1, 1813.1612548828125)]","[(4, 96.75213623046875), (3, 123.6810772235577), (1, 130.08634440104166), (5, 163.091796875), (0, 189.17653586647728), (2, 236.4710205078125)]","[(0, 692.7115478515625), (1, 945.4866943359375)]","[(4, 64.22163899739583), (3, 89.0589599609375), (5, 97.38466233473558), (1, 115.21182955228366), (2, 139.03037331321022), (0, 147.24732462565103)]","[(0, 3658.691162109375), (1, 2618.026123046875)]","[(2, 46.43588022085336), (1, 48.0650634765625), (0, 65.84975022536058), (5, 81.70766977163461), (4, 83.82435825892857), (3, 119.38516000600961)]","[(0, 15177.671875), (1, 11179.953125)]"
29,"[(0, 1994.532470703125), (1, 2584.44970703125)]","[(0, 414.2586975097656), (1, 338.9777526855469)]","[(0, 4427.8310546875), (1, 3932.54248046875)]","[(0, 6405.77685546875), (1, 5747.81591796875)]","[(0, 9938.109375), (1, 5968.65478515625)]","[(0, 2631.91455078125), (1, 2565.75)]","[(0, 8727.5986328125), (1, 10678.1025390625)]","[(0, 2469.610595703125), (1, 2414.739501953125)]","[(1, 149.78213936941964), (2, 160.387451171875), (4, 163.46888146033655), (0, 164.55791766826923), (5, 182.4870808919271), (3, 189.20719401041666)]","[(0, 14388.7451171875), (1, 8047.23583984375)]","[(1, 798.425390625), (2, 839.7063802083334), (4, 1020.6525390625), (5, 1122.398220486111), (0, 1651.2099609375), (3, 2157.4092881944443)]","[(0, 6138.2548828125), (1, 3648.3984375)]","[(1, 52.75885772705078), (2, 61.736083984375), (4, 95.41642543247768), (5, 121.08926156850961), (0, 123.68103899274554), (3, 271.54437255859375)]","[(0, 3909.578857421875), (1, 3384.181396484375)]"
30,"[(0, 928.5023193359375), (1, 1023.7383422851562)]","[(0, 352.31048583984375), (1, 298.97308349609375)]","[(0, 30365.0859375), (1, 28022.544921875)]","[(0, 9975.1416015625), (1, 11083.5068359375)]","[(0, 7303.04541015625), (1, 4136.08544921875)]","[(0, 4838.125), (1, 4921.26953125)]","[(0, 2351.59228515625), (1, 2038.9857177734375)]","[(0, 1836.083251953125), (1, 2007.2210693359375)]","[(1, 64.71761745876736), (4, 68.58213975694444), (2, 99.77757263183594), (5, 105.78219604492188), (0, 114.90353393554688), (3, 121.40277099609375)]","[(0, 2823.084228515625), (1, 1723.0411376953125)]","[(1, 131.65570068359375), (2, 155.3434119591346), (4, 211.3832804361979), (0, 234.99287923177084), (5, 260.34530362215907), (3, 492.406787109375)]","[(0, 3030.645751953125), (1, 1524.845703125)]","[(1, 61.61321207682292), (4, 65.52703043619792), (2, 102.80585186298077), (5, 108.49503267728366), (0, 114.16184645432692), (3, 121.71649639423077)]","[(0, 7700.572265625), (1, 7518.251953125)]"
31,"[(0, 1415.876708984375), (1, 1649.5281982421875)]","[(0, 1178.3836669921875), (1, 1659.1197509765625)]","[(0, 7135.15625), (1, 5035.4423828125)]","[(0, 3314.73974609375), (1, 3038.685546875)]","[(0, 3772.307373046875), (1, 3021.958740234375)]","[(0, 10276.1337890625), (1, 9812.6923828125)]","[(0, 1949.606201171875), (1, 2257.779296875)]","[(0, 782.0357666015625), (1, 692.32421875)]","[(1, 72.33235677083333), (4, 78.62763671875), (2, 125.98744553786058), (5, 139.41051307091345), (0, 140.5205359825721), (3, 157.72652493990384)]","[(0, 1711.031005859375), (1, 1360.87451171875)]","[(1, 429.35126953125), (2, 531.0821397569445), (4, 692.70166015625), (0, 740.1794704861111), (5, 866.6747504340278), (3, 1202.5693359375)]","[(0, 5431.16943359375), (1, 5422.55224609375)]","[(1, 52.37988717215402), (2, 61.84596604567308), (4, 75.58125657301683), (5, 96.50128173828125), (0, 129.5906778971354), (3, 206.0842950994318)]","[(0, 3606.608642578125), (1, 3165.433349609375)]"
32,"[(0, 1620.1029052734375), (1, 1970.372802734375)]","[(0, 1582.4471435546875), (1, 2386.256591796875)]","[(0, 5835.30810546875), (1, 3911.816650390625)]","[(0, 17972.060546875), (1, 16781.3515625)]","[(0, 3792.352294921875), (1, 3453.8388671875)]","[(0, 8918.783203125), (1, 9028.5556640625)]","[(0, 6964.009765625), (1, 9691.982421875)]","[(0, 1926.9422607421875), (1, 980.6854858398438)]","[(4, 135.41387469951923), (5, 165.54165649414062), (3, 186.40486653645834), (1, 201.24107947716345), (2, 250.93998209635416), (0, 292.3459879557292)]","[(0, 1307.191650390625), (1, 1690.1263427734375)]","[(1, 133.79786028180803), (2, 148.92733764648438), (4, 163.60246930803572), (5, 196.2112833658854), (0, 253.15521240234375), (3, 334.0817464192708)]","[(0, 1634.4390869140625), (1, 952.3843994140625)]","[(4, 134.3357177734375), (5, 157.15794154575892), (3, 171.29563685825892), (1, 211.54352213541668), (2, 234.27734375), (0, 255.82742745535714)]","[(0, 19867.60546875), (1, 14177.8720703125)]"
33,"[(0, 1893.9693603515625), (1, 2292.790771484375)]","[(0, 1309.1253662109375), (1, 1860.534912109375)]","[(0, 21421.8984375), (1, 30215.85546875)]","[(0, 9965.337890625), (1, 9404.234375)]","[(0, 15898.5556640625), (1, 9232.353515625)]","[(0, 16374.81640625), (1, 16524.8359375)]","[(0, 5277.44580078125), (1, 7733.7421875)]","[(0, 1672.5693359375), (1, 1373.3194580078125)]","[(2, 28.489457872178818), (1, 32.12902510793585), (0, 38.14515955307905), (5, 45.71924591064453), (4, 49.10521024816177), (3, 67.2741455078125)]","[(0, 1308.470703125), (1, 1186.112548828125)]","[(1, 138.05458420973557), (4, 143.04514857700892), (3, 159.1654334435096), (0, 182.14898681640625), (5, 202.0219523111979), (2, 202.3035333806818)]","[(0, 5626.70166015625), (1, 4591.83740234375)]","[(4, 88.06602260044643), (1, 123.83108285757211), (3, 131.55658428485577), (5, 191.97245279947916), (0, 201.02718098958334), (2, 279.14346590909093)]","[(0, 1578.00537109375), (1, 1437.3294677734375)]"
34,"[(0, 1116.224609375), (1, 1310.21826171875)]","[(0, 874.9982299804688), (1, 992.7371826171875)]","[(0, 10566.337890625), (1, 9134.9453125)]","[(0, 15006.51171875), (1, 13661.630859375)]","[(0, 2181.5625), (1, 1424.3818359375)]","[(0, 28841.0234375), (1, 26293.884765625)]","[(0, 8239.328125), (1, 7752.96484375)]","[(0, 4731.6875), (1, 4798.958984375)]","[(4, 38.630655924479164), (1, 47.99067905970982), (3, 51.15735299246652), (5, 61.58449143629808), (0, 67.37787804236778), (2, 79.79324849446614)]","[(0, 2217.312255859375), (1, 2472.9912109375)]","[(2, 126.88148716517857), (1, 153.27522786458334), (4, 186.12346540178572), (5, 193.3665489783654), (0, 282.2917668269231), (3, 557.3487548828125)]","[(0, 1833.991943359375), (1, 1217.1259765625)]","[(4, 293.65878018465907), (1, 371.69344815340907), (3, 462.005517578125), (5, 519.132763671875), (0, 592.481640625), (2, 675.873583984375)]","[(0, 5146.224609375), (1, 4487.26416015625)]"
35,"[(0, 1474.001220703125), (1, 1761.62646484375)]","[(0, 1593.8154296875), (1, 2170.782958984375)]","[(0, 29284.927734375), (1, 30914.384765625)]","[(0, 9278.2685546875), (1, 8761.8818359375)]","[(0, 1427.16650390625), (1, 1140.16796875)]","[(0, 16808.869140625), (1, 15775.1640625)]","[(0, 11890.185546875), (1, 12536.0546875)]","[(0, 6634.94775390625), (1, 9643.3115234375)]","[(2, 125.70702185997597), (1, 144.30153111049108), (0, 250.966064453125), (5, 334.04891690340907), (4, 346.58984375), (3, 739.783203125)]","[(0, 15719.373046875), (1, 8689.5693359375)]","[(4, 409.66796875), (5, 411.9508611505682), (1, 513.6673473011364), (2, 528.87216796875), (3, 704.5703568892045), (0, 900.42724609375)]","[(0, 2435.878662109375), (1, 2723.7119140625)]","[(4, 144.4384765625), (1, 195.81282552083334), (3, 224.3858975497159), (5, 243.60471413352272), (0, 312.51289506392044), (2, 335.7099609375)]","[(0, 3921.909423828125), (1, 3350.15283203125)]"
36,"[(0, 1043.0032958984375), (1, 1238.3402099609375)]","[(0, 2514.285400390625), (1, 3582.663330078125)]","[(0, 5946.70068359375), (1, 6828.55859375)]","[(0, 7809.35400390625), (1, 7008.86376953125)]","[(0, 3779.794189453125), (1, 2992.565185546875)]","[(0, 6566.453125), (1, 7067.62890625)]","[(0, 11243.056640625), (1, 15181.40625)]","[(0, 3911.7607421875), (1, 5681.3125)]","[(4, 47.8697395324707), (3, 51.16456298828125), (5, 61.452117919921875), (1, 64.35043334960938), (0, 75.92723670372597), (2, 94.5735575358073)]","[(0, 4037.261474609375), (1, 4705.380859375)]","[(2, 90.88440813337054), (1, 94.44823404947917), (4, 130.64533879206732), (0, 136.51551231971155), (5, 155.8097941080729), (3, 293.22585227272725)]","[(0, 653.916259765625), (1, 492.10015869140625)]","[(1, 70.325927734375), (2, 85.51490129743304), (4, 154.49617826021634), (0, 182.5318321814904), (5, 215.8974609375), (3, 456.9144176136364)]","[(0, 12629.2685546875), (1, 9053.30078125)]"
37,"[(0, 1404.926513671875), (1, 1967.2569580078125)]","[(0, 1736.7423095703125), (1, 2416.522705078125)]","[(0, 12404.109375), (1, 12249.9091796875)]","[(0, 4202.76220703125), (1, 3691.6650390625)]","[(0, 3931.196533203125), (1, 3077.14453125)]","[(0, 8973.8310546875), (1, 10114.0390625)]","[(0, 20080.435546875), (1, 23538.642578125)]","[(0, 1314.729248046875), (1, 1283.103271484375)]","[(2, 75.53797149658203), (1, 82.81290929457721), (5, 132.80108642578125), (4, 139.7380859375), (0, 140.06969401041667), (3, 232.15241887019232)]","[(0, 3709.72802734375), (1, 5038.02685546875)]","[(5, 237.8232421875), (4, 261.62857491629467), (2, 275.63179837740387), (3, 300.5332782451923), (0, 357.51412259615387), (1, 378.5184849330357)]","[(0, 3356.89453125), (1, 4060.490966796875)]","[(4, 116.72307272518383), (5, 144.368603515625), (1, 148.81687825520834), (2, 173.05994591346155), (3, 188.26638793945312), (0, 250.42340959821428)]","[(0, 3705.19482421875), (1, 3169.786376953125)]"
38,"[(0, 1235.3507080078125), (1, 1402.880615234375)]","[(0, 1174.9716796875), (1, 1361.260009765625)]","[(0, 2502.736572265625), (1, 2934.457275390625)]","[(0, 10058.8154296875), (1, 11330.02734375)]","[(0, 11626.275390625), (1, 6506.2314453125)]","[(0, 8703.095703125), (1, 7668.02001953125)]","[(0, 5307.8466796875), (1, 5872.42724609375)]","[(0, 4010.81640625), (1, 5486.55029296875)]","[(1, 235.89646693638392), (2, 248.44566932091345), (0, 284.6363118489583), (4, 309.98122151692706), (5, 328.66208718039775), (3, 389.948046875)]","[(0, 2577.16796875), (1, 1601.9520263671875)]","[(4, 51.12295735677083), (1, 62.51680210658482), (5, 63.70044884314904), (3, 74.29425920758929), (2, 78.93424479166667), (0, 93.9217998798077)]","[(0, 2037.2529296875), (1, 2041.897705078125)]","[(2, 59.86683238636363), (1, 63.0531005859375), (0, 88.47055886008523), (4, 102.84398396809895), (5, 103.08185369318181), (3, 154.5545987215909)]","[(0, 18634.93359375), (1, 13360.8095703125)]"
39,"[(0, 1399.3812255859375), (1, 1664.2391357421875)]","[(0, 419.0816955566406), (1, 393.2698059082031)]","[(0, 19390.37109375), (1, 22970.0703125)]","[(0, 11923.0703125), (1, 9607.345703125)]","[(0, 7514.8251953125), (1, 4301.85791015625)]","[(0, 2275.718505859375), (1, 2016.1602783203125)]","[(0, 5769.86669921875), (1, 7307.66455078125)]","[(0, 2183.794921875), (1, 1246.82666015625)]","[(2, 76.65587506975446), (1, 76.6985595703125), (4, 80.35305350167411), (5, 86.80140099158653), (0, 128.69808255709134), (3, 167.23309326171875)]","[(0, 3224.158935546875), (1, 4295.7734375)]","[(1, 206.37961647727272), (4, 253.83189808238637), (2, 265.0829833984375), (0, 289.29462890625), (5, 342.9612548828125), (3, 365.420654296875)]","[(0, 1902.0177001953125), (1, 1655.149169921875)]","[(4, 27.204755510602677), (3, 35.33868408203125), (1, 45.98590087890625), (5, 47.63361612955729), (0, 69.11539528586648), (2, 93.74849853515624)]","[(0, 18635.71484375), (1, 14338.4189453125)]"
40,"[(0, 1858.895263671875), (1, 2207.6064453125)]","[(0, 432.7051086425781), (1, 374.09686279296875)]","[(0, 5530.93212890625), (1, 6145.31298828125)]","[(0, 4348.46728515625), (1, 5103.6689453125)]","[(0, 4169.32470703125), (1, 3587.36083984375)]","[(0, 5453.513671875), (1, 6157.39208984375)]","[(0, 11201.318359375), (1, 10170.5166015625)]","[(0, 2046.5777587890625), (1, 3388.285888671875)]","[(2, 178.25221354166666), (1, 198.89974975585938), (0, 212.57264927455358), (5, 216.91184645432693), (4, 224.3511962890625), (3, 289.16115315755206)]","[(0, 3273.573486328125), (1, 3532.2021484375)]","[(1, 30.829854329427082), (4, 35.16555965647978), (2, 41.1176643371582), (5, 46.8253662109375), (0, 58.5175895690918), (3, 66.47047119140625)]","[(0, 2245.9013671875), (1, 1594.8243408203125)]","[(1, 213.6234130859375), (5, 216.28532527043268), (4, 232.75875418526786), (2, 247.78453650841345), (3, 261.30587064302887), (0, 288.73131385216345)]","[(0, 13478.28125), (1, 9529.6533203125)]"
41,"[(0, 1142.384521484375), (1, 1308.982421875)]","[(0, 584.435791015625), (1, 566.4046630859375)]","[(0, 18239.0), (1, 15734.7607421875)]","[(0, 6367.24755859375), (1, 7068.83544921875)]","[(0, 2074.590087890625), (1, 2012.0123291015625)]","[(0, 3568.552978515625), (1, 3516.83154296875)]","[(0, 4049.66259765625), (1, 4430.2939453125)]","[(0, 1883.224853515625), (1, 1816.99365234375)]","[(4, 125.37298990885417), (3, 160.61678641183036), (5, 206.02918419471155), (1, 256.3615159254808), (0, 377.37646484375), (2, 495.9664417613636)]","[(0, 3005.20068359375), (1, 2838.810546875)]","[(3, 74.81370442708334), (4, 84.75053405761719), (5, 135.24005126953125), (0, 136.17048527644232), (1, 207.71733747209822), (2, 255.5018513997396)]","[(0, 1614.0438232421875), (1, 1601.9345703125)]","[(1, 75.52123209635417), (2, 83.1293194110577), (4, 96.57360026041667), (5, 113.35232309194711), (0, 151.85107421875), (3, 209.46995192307693)]","[(0, 1681.8897705078125), (1, 1482.881591796875)]"
42,"[(0, 1336.8558349609375), (1, 1761.6961669921875)]","[(0, 1352.64794921875), (1, 1958.966064453125)]","[(0, 7264.28515625), (1, 6254.41064453125)]","[(0, 11337.2587890625), (1, 12708.634765625)]","[(0, 7666.03076171875), (1, 4358.6396484375)]","[(0, 4886.09765625), (1, 4697.45361328125)]","[(0, 6785.2724609375), (1, 5945.23193359375)]","[(0, 1716.0577392578125), (1, 1863.0792236328125)]","[(4, 82.09953308105469), (1, 91.44559733072917), (5, 122.18334089006696), (2, 143.37168532151443), (3, 184.84596470424108), (0, 203.9708533653846)]","[(0, 1151.4140625), (1, 1101.82275390625)]","[(2, 52.95439734825721), (1, 74.60966273716518), (4, 80.21428571428571), (5, 82.81466909555289), (0, 141.31584676106772), (3, 229.5279337565104)]","[(0, 1438.57470703125), (1, 1409.6446533203125)]","[(4, 79.4074951171875), (3, 88.25338309151786), (1, 104.59255545479911), (0, 140.03599196213943), (5, 155.17764986478366), (2, 247.09993489583334)]","[(0, 19415.203125), (1, 14766.3076171875)]"
43,"[(0, 1246.8076171875), (1, 1446.1746826171875)]","[(0, 1960.4844970703125), (1, 3255.56591796875)]","[(0, 16689.8984375), (1, 12774.9091796875)]","[(0, 8827.29296875), (1, 11112.802734375)]","[(0, 6767.57861328125), (1, 4077.957763671875)]","[(0, 7652.7080078125), (1, 8444.078125)]","[(0, 8283.2744140625), (1, 8208.5595703125)]","[(0, 2229.19189453125), (1, 2705.4169921875)]","[(2, 146.90278508112982), (1, 181.61722237723214), (5, 184.97357177734375), (0, 219.03254582331732), (4, 233.57301682692307), (3, 265.7199300130208)]","[(0, 953.8651123046875), (1, 941.2798461914062)]","[(1, 78.02076822916666), (4, 99.24678548177083), (2, 125.1494891826923), (0, 157.74541766826923), (5, 165.3773475060096), (3, 209.23076923076923)]","[(0, 3068.408935546875), (1, 3569.070556640625)]","[(4, 186.2516202059659), (3, 245.9479248046875), (5, 250.6756591796875), (1, 282.61525656960225), (2, 392.967822265625), (0, 393.1739990234375)]","[(0, 5920.0380859375), (1, 5286.0390625)]"
44,"[(0, 920.6565551757812), (1, 1137.1165771484375)]","[(0, 1399.9879150390625), (1, 2120.60205078125)]","[(0, 4449.7548828125), (1, 3174.696533203125)]","[(0, 2676.3037109375), (1, 2814.248291015625)]","[(0, 12784.9521484375), (1, 7935.8974609375)]","[(0, 8610.787109375), (1, 8011.47607421875)]","[(0, 6857.2333984375), (1, 6039.5986328125)]","[(0, 3424.2099609375), (1, 2019.452880859375)]","[(2, 49.855294363839285), (1, 52.49799397786458), (5, 60.37529109074519), (4, 63.821681431361604), (0, 107.4058837890625), (3, 176.4354451497396)]","[(0, 1807.3466796875), (1, 2200.66650390625)]","[(2, 94.16567557198661), (4, 118.67113385881696), (1, 119.9093017578125), (5, 136.4015174278846), (0, 172.59309269831732), (3, 306.5975341796875)]","[(0, 2196.71923828125), (1, 2286.206298828125)]","[(1, 112.44410923549107), (2, 120.83115797776442), (0, 158.35261418269232), (5, 204.87064302884616), (4, 232.11216517857142), (3, 269.9347956730769)]","[(0, 2794.324462890625), (1, 2298.088134765625)]"
45,"[(0, 2182.903564453125), (1, 2579.206298828125)]","[(0, 581.0781860351562), (1, 713.4260864257812)]","[(0, 18647.822265625), (1, 20858.93359375)]","[(0, 2970.837646484375), (1, 2497.530517578125)]","[(0, 9547.4111328125), (1, 9954.16796875)]","[(0, 6443.021484375), (1, 5686.814453125)]","[(0, 6687.1455078125), (1, 7513.3994140625)]","[(0, 3521.959716796875), (1, 5053.501953125)]","[(1, 74.3891372680664), (4, 80.92503255208334), (0, 114.58365304129464), (2, 124.40660749162946), (3, 134.91463529146634), (5, 150.07222806490384)]","[(0, 834.5315551757812), (1, 1010.9520874023438)]","[(2, 655.6507161458334), (1, 656.967919921875), (4, 855.09912109375), (5, 880.7082790798611), (0, 1319.2445746527778), (3, 1750.9180772569443)]","[(0, 1634.2677001953125), (1, 1235.404296875)]","[(1, 55.11959635416667), (2, 57.13812255859375), (4, 91.86276479867789), (5, 95.9438985188802), (0, 117.92392202524039), (3, 226.07204367897728)]","[(0, 17030.1015625), (1, 12564.517578125)]"
46,"[(0, 1322.146484375), (1, 1582.14404296875)]","[(0, 239.9247283935547), (1, 214.01353454589844)]","[(0, 6459.5537109375), (1, 7849.8095703125)]","[(0, 4093.337158203125), (1, 3269.087158203125)]","[(0, 8317.9306640625), (1, 8345.7890625)]","[(0, 9622.8056640625), (1, 10879.7822265625)]","[(0, 7186.5654296875), (1, 6454.09765625)]","[(0, 2363.604248046875), (1, 1799.1146240234375)]","[(4, 83.1175765991211), (3, 84.36543782552083), (1, 137.01575520833333), (5, 141.22789655412947), (0, 153.92771693638392), (2, 257.7822077824519)]","[(0, 6491.27685546875), (1, 5878.09765625)]","[(1, 152.6229248046875), (2, 173.1722745028409), (4, 178.15771484375), (5, 211.7884854403409), (0, 218.10964133522728), (3, 268.70976118607956)]","[(0, 4527.7880859375), (1, 3380.210693359375)]","[(2, 136.45288899739583), (1, 158.74383544921875), (5, 160.5022911658654), (4, 174.15867396763392), (0, 220.65673828125), (3, 300.2982991536458)]","[(0, 3692.207275390625), (1, 3427.608154296875)]"
47,"[(0, 1009.9902954101562), (1, 1197.8739013671875)]","[(0, 424.5404357910156), (1, 347.0828857421875)]","[(0, 23105.033203125), (1, 18112.70703125)]","[(0, 7351.99609375), (1, 10563.4560546875)]","[(0, 12805.427734375), (1, 6936.2978515625)]","[(0, 13127.390625), (1, 14573.81640625)]","[(0, 5211.8544921875), (1, 5675.36083984375)]","[(0, 964.44287109375), (1, 1248.005615234375)]","[(4, 22.59473334418403), (5, 25.312538146972656), (1, 27.34964168772978), (2, 30.560965983072915), (3, 40.124534606933594), (0, 50.345951334635416)]","[(0, 1258.967529296875), (1, 899.3681640625)]","[(4, 66.71593424479167), (3, 67.31658499581474), (5, 107.66754619891827), (0, 113.61307779947917), (1, 131.32393704927884), (2, 202.6350763494318)]","[(0, 2539.703857421875), (1, 2532.3515625)]","[(1, 187.90773362379807), (4, 189.5570068359375), (3, 205.59061373197116), (0, 236.0548299153646), (5, 269.9630940755208), (2, 300.089599609375)]","[(0, 3771.095458984375), (1, 3375.224365234375)]"
48,"[(0, 1542.93408203125), (1, 1865.908203125)]","[(0, 375.97747802734375), (1, 351.77734375)]","[(0, 4734.83349609375), (1, 4434.630859375)]","[(0, 4022.2001953125), (1, 4795.134765625)]","[(0, 7440.8017578125), (1, 3995.591064453125)]","[(0, 13853.470703125), (1, 12058.5322265625)]","[(0, 9038.40234375), (1, 7907.318359375)]","[(0, 1007.3564453125), (1, 880.8480834960938)]","[(1, 57.65108642578125), (2, 67.79626934344952), (4, 82.40934244791667), (0, 97.509521484375), (5, 105.2222430889423), (3, 151.04931640625)]","[(0, 1167.9974365234375), (1, 1083.957763671875)]","[(1, 100.84712437220982), (4, 136.37004206730768), (2, 171.00406901041666), (0, 197.7898966471354), (5, 264.5777476917614), (3, 294.84719016335225)]","[(0, 753.5978393554688), (1, 770.7268676757812)]","[(1, 60.32526448567708), (2, 72.94571794782367), (4, 106.2782451923077), (5, 130.1658935546875), (0, 133.35408841646634), (3, 269.69278231534093)]","[(0, 3324.33837890625), (1, 2921.910400390625)]"
49,"[(0, 1989.8768310546875), (1, 2370.759521484375)]","[(0, 933.7293701171875), (1, 1071.042236328125)]","[(0, 18301.552734375), (1, 18159.232421875)]","[(0, 4355.02099609375), (1, 4044.587158203125)]","[(0, 6817.26220703125), (1, 7139.9892578125)]","[(0, 14103.1630859375), (1, 13170.3642578125)]","[(0, 10858.708984375), (1, 12774.6787109375)]","[(0, 6196.5419921875), (1, 4006.5576171875)]","[(4, 89.29702962239584), (3, 90.85984584263393), (5, 150.00896747295673), (1, 241.3641639122596), (0, 251.7729695638021), (2, 480.61044034090907)]","[(0, 1667.5762939453125), (1, 960.4341430664062)]","[(4, 455.2498224431818), (1, 534.5458540482955), (5, 535.888720703125), (2, 643.512451171875), (3, 670.963134765625), (0, 829.0220703125)]","[(0, 3533.31396484375), (1, 4197.87890625)]","[(4, 183.0399169921875), (1, 199.72196138822116), (3, 199.81017127403845), (5, 224.9462687174479), (0, 236.2106730143229), (2, 266.38596413352275)]","[(0, 2439.47607421875), (1, 2093.24365234375)]"
50,"[(0, 1846.3720703125), (1, 2461.988037109375)]","[(0, 1133.7484130859375), (1, 1314.886474609375)]","[(0, 5295.40380859375), (1, 5532.96337890625)]","[(0, 6205.13427734375), (1, 6395.59521484375)]","[(0, 6301.1259765625), (1, 6184.00341796875)]","[(0, 8883.2763671875), (1, 9918.216796875)]","[(0, 10462.216796875), (1, 11047.2578125)]","[(0, 4079.914794921875), (1, 1968.644775390625)]","[(4, 57.08426284790039), (3, 72.882177734375), (1, 75.470361328125), (5, 97.34280831473214), (0, 105.56112234933036), (2, 136.0105262169471)]","[(0, 3124.52685546875), (1, 1745.3905029296875)]","[(2, 469.773583984375), (1, 481.0694691051136), (0, 663.8517578125), (4, 745.4375), (5, 750.2623046875), (3, 1034.59794921875)]","[(0, 2454.398193359375), (1, 1919.9716796875)]","[(2, 106.12852986653645), (1, 117.0255878155048), (5, 178.8996249112216), (4, 200.20650227864584), (0, 287.127685546875), (3, 509.064111328125)]","[(0, 1993.867919921875), (1, 1699.8233642578125)]"
51,"[(0, 1388.4586181640625), (1, 1621.6734619140625)]","[(0, 1070.5306396484375), (1, 1218.71435546875)]","[(0, 6570.50634765625), (1, 7013.0830078125)]","[(0, 8031.84033203125), (1, 8568.787109375)]","[(0, 9891.078125), (1, 5395.0537109375)]","[(0, 6243.462890625), (1, 6501.87109375)]","[(0, 9705.134765625), (1, 11260.515625)]","[(0, 1642.4180908203125), (1, 1744.564208984375)]","[(1, 20.60071563720703), (4, 21.476091384887695), (2, 30.440739222935267), (5, 33.25097002301897), (0, 36.684012276785715), (3, 39.664419991629465)]","[(0, 2035.247802734375), (1, 3023.8642578125)]","[(4, 274.89389272836536), (3, 351.0789388020833), (5, 427.4576526988636), (1, 626.2718838778409), (0, 841.2208984375), (2, 990.3231336805555)]","[(0, 1360.9342041015625), (1, 1755.90869140625)]","[(4, 98.81637807992789), (1, 102.79062325613839), (5, 104.65419514973958), (2, 105.94905911959134), (3, 216.7295587713068), (0, 218.1393839518229)]","[(0, 5192.37744140625), (1, 4840.57080078125)]"
52,"[(0, 979.34619140625), (1, 1124.1485595703125)]","[(0, 1169.1776123046875), (1, 1554.5765380859375)]","[(0, 5313.5390625), (1, 4431.58251953125)]","[(0, 12496.248046875), (1, 11460.138671875)]","[(0, 6991.5927734375), (1, 4022.012451171875)]","[(0, 6609.2822265625), (1, 6295.0419921875)]","[(0, 7888.8798828125), (1, 6996.03515625)]","[(0, 2648.525146484375), (1, 2143.69189453125)]","[(4, 61.252101353236604), (1, 62.50371878487723), (3, 100.28163655598958), (0, 105.7531026204427), (5, 111.61468505859375), (2, 115.08811442057292)]","[(0, 2756.024658203125), (1, 1415.2408447265625)]","[(4, 338.0410563151042), (5, 417.82248757102275), (3, 510.6668146306818), (2, 554.5038618607955), (1, 638.0802815755209), (0, 679.7624733664773)]","[(0, 5483.8408203125), (1, 4460.43603515625)]","[(4, 153.59579031808036), (3, 207.95475886418268), (1, 244.82560847355768), (5, 302.2716471354167), (0, 340.62249755859375), (2, 496.68399325284093)]","[(0, 3952.435791015625), (1, 3825.556640625)]"
53,"[(0, 2384.599365234375), (1, 3162.271240234375)]","[(0, 1842.424072265625), (1, 2723.049560546875)]","[(0, 40020.9921875), (1, 37404.9453125)]","[(0, 10764.623046875), (1, 9717.220703125)]","[(0, 7360.365234375), (1, 7809.71923828125)]","[(0, 4032.412841796875), (1, 3713.781005859375)]","[(0, 8442.6533203125), (1, 9262.3466796875)]","[(0, 1532.55126953125), (1, 1079.0179443359375)]","[(4, 53.14215850830078), (1, 54.431758880615234), (3, 75.87408447265625), (0, 78.12674386160714), (5, 84.37226213727679), (2, 85.78969029017857)]","[(0, 1133.0091552734375), (1, 1231.7796630859375)]","[(4, 39.73477376302083), (0, 46.64115687779018), (3, 51.39037616436298), (1, 56.437076568603516), (2, 58.62060546875), (5, 67.83361346905048)]","[(0, 1759.5177001953125), (1, 1002.9158935546875)]","[(4, 47.810581752232146), (3, 67.96046330378606), (1, 77.33723958333333), (5, 79.7240702311198), (0, 119.86179421164773), (2, 145.21754150390626)]","[(0, 1365.2611083984375), (1, 1256.4827880859375)]"
54,"[(0, 1398.0125732421875), (1, 1882.701416015625)]","[(0, 1587.21044921875), (1, 1916.6339111328125)]","[(0, 6120.31005859375), (1, 5801.9140625)]","[(0, 9836.09765625), (1, 11119.4072265625)]","[(0, 8024.94970703125), (1, 8096.232421875)]","[(0, 6059.93603515625), (1, 6775.580078125)]","[(0, 15383.56640625), (1, 24346.38671875)]","[(0, 6366.17919921875), (1, 4400.388671875)]","[(1, 262.73177823153407), (4, 286.77001953125), (2, 290.867626953125), (5, 317.628955078125), (0, 397.53515625), (3, 433.087841796875)]","[(0, 3290.6826171875), (1, 3453.812744140625)]","[(1, 238.52965198863637), (4, 261.8109685724432), (2, 267.389794921875), (5, 285.2357666015625), (0, 418.699609375), (3, 456.709619140625)]","[(0, 690.68115234375), (1, 687.425048828125)]","[(1, 36.15912679036458), (4, 42.56029459635417), (2, 52.81985708383414), (5, 63.50198599008414), (0, 81.62623948317308), (3, 99.75718336838942)]","[(0, 2421.743408203125), (1, 2152.3056640625)]"
55,"[(0, 1105.5478515625), (1, 1302.75927734375)]","[(0, 1002.9259033203125), (1, 1264.6075439453125)]","[(0, 40248.1171875), (1, 34009.5546875)]","[(0, 7635.18994140625), (1, 6533.6708984375)]","[(0, 6151.00634765625), (1, 3429.197021484375)]","[(0, 20494.693359375), (1, 21924.55078125)]","[(0, 28679.8046875), (1, 44697.98046875)]","[(0, 4110.392578125), (1, 2859.25048828125)]","[(4, 115.4251239483173), (3, 137.52034505208334), (1, 149.18342081705728), (0, 200.0652743252841), (5, 207.587646484375), (2, 285.79296875)]","[(0, 1489.458740234375), (1, 1935.3974609375)]","[(1, 201.6932654747596), (2, 226.3064982096354), (4, 262.4426676432292), (5, 294.18601296164775), (0, 456.54239169034093), (3, 641.006103515625)]","[(0, 1345.0255126953125), (1, 983.0526123046875)]","[(4, 164.16629732572116), (1, 195.63301908052884), (5, 206.8482462565104), (2, 246.17449951171875), (3, 281.4342447916667), (0, 332.3612467447917)]","[(0, 5143.5751953125), (1, 4365.478515625)]"
56,"[(0, 1121.8560791015625), (1, 1314.550537109375)]","[(0, 1131.424072265625), (1, 1583.5704345703125)]","[(0, 7924.689453125), (1, 6159.10693359375)]","[(0, 4621.01953125), (1, 4129.58642578125)]","[(0, 4702.48681640625), (1, 2649.082275390625)]","[(0, 13902.666015625), (1, 12489.576171875)]","[(0, 2583.28173828125), (1, 2199.755859375)]","[(0, 878.0996704101562), (1, 624.2176513671875)]","[(1, 55.631293801700366), (4, 59.17672190946691), (2, 84.32023111979167), (5, 89.33015950520833), (0, 95.47847493489583), (3, 102.22408040364583)]","[(0, 2983.349853515625), (1, 2306.630615234375)]","[(4, 84.07115885416667), (3, 105.51658412388393), (5, 167.65989332932693), (0, 175.02294921875), (1, 189.71271623883928), (2, 309.52366129557294)]","[(0, 2797.81494140625), (1, 3235.194580078125)]","[(1, 101.49012974330357), (4, 113.74595289963942), (2, 134.96810208834134), (5, 157.12776692708334), (0, 204.92659505208334), (3, 231.2600985440341)]","[(0, 10484.05078125), (1, 8074.9423828125)]"
57,"[(0, 1347.6429443359375), (1, 1714.2681884765625)]","[(0, 1025.6668701171875), (1, 1345.581787109375)]","[(0, 27505.23828125), (1, 25766.533203125)]","[(0, 16508.267578125), (1, 12898.7509765625)]","[(0, 2150.592529296875), (1, 1900.600830078125)]","[(0, 6047.177734375), (1, 5729.744140625)]","[(0, 1300.65380859375), (1, 1515.299072265625)]","[(0, 764.8052978515625), (1, 543.72119140625)]","[(1, 150.93963623046875), (2, 152.76424153645834), (0, 161.95326450892858), (4, 164.37161690848214), (5, 178.81937349759616), (3, 221.35038248697916)]","[(0, 10791.060546875), (1, 12238.9560546875)]","[(2, 196.6263760653409), (4, 203.3320515950521), (0, 213.3128107244318), (5, 232.67158647017047), (3, 252.32029030539772), (1, 271.6044514973958)]","[(0, 7899.6982421875), (1, 4680.0546875)]","[(4, 106.79734584263393), (5, 107.5521991436298), (3, 118.64610877403847), (1, 125.39824567522321), (2, 150.4212646484375), (0, 172.55401141826923)]","[(0, 3075.536865234375), (1, 2806.03173828125)]"
58,"[(0, 1731.8441162109375), (1, 2021.2379150390625)]","[(0, 656.6778564453125), (1, 672.5375366210938)]","[(0, 8680.822265625), (1, 6326.8076171875)]","[(0, 9115.6435546875), (1, 7473.2021484375)]","[(0, 3323.93896484375), (1, 2786.86328125)]","[(0, 11238.9833984375), (1, 12231.978515625)]","[(0, 9794.759765625), (1, 13225.0009765625)]","[(0, 1756.1649169921875), (1, 1209.47119140625)]","[(5, 51.24010467529297), (4, 57.571389590992645), (2, 65.10920715332031), (1, 72.17290182674633), (3, 79.90019989013672), (0, 102.85236358642578)]","[(0, 1348.9384765625), (1, 1861.0858154296875)]","[(4, 192.2708251953125), (3, 240.22810872395834), (5, 287.4623209635417), (1, 293.9546630859375), (0, 418.2205403645833), (2, 459.0149197048611)]","[(0, 3578.51123046875), (1, 3118.79296875)]","[(4, 72.04314778645833), (3, 86.907470703125), (5, 146.80845289963943), (1, 194.33710186298077), (0, 262.4158935546875), (2, 524.5423473011364)]","[(0, 2689.141845703125), (1, 2353.22900390625)]"
59,"[(0, 1184.8603515625), (1, 1341.8846435546875)]","[(0, 1707.201416015625), (1, 2174.340576171875)]","[(0, 22003.916015625), (1, 17771.763671875)]","[(0, 16005.701171875), (1, 12705.93359375)]","[(0, 12319.2294921875), (1, 5854.13134765625)]","[(0, 16443.185546875), (1, 18160.357421875)]","[(0, 9025.21484375), (1, 12904.73046875)]","[(0, 3332.203857421875), (1, 2536.200439453125)]","[(1, 130.46223588423297), (4, 134.0876131924716), (2, 158.84544677734374), (5, 166.11629638671874), (0, 171.300244140625), (3, 177.00146484375)]","[(0, 1185.0), (1, 1138.9969482421875)]","[(4, 164.45124699519232), (3, 189.726318359375), (1, 263.3721110026042), (0, 337.3528497869318), (5, 339.02738813920456), (2, 643.90537109375)]","[(0, 3888.49560546875), (1, 2170.331787109375)]","[(2, 43.18649526742789), (1, 49.823948451450896), (5, 57.05278431285512), (4, 68.19378662109375), (0, 92.2922871907552), (3, 137.6438232421875)]","[(0, 3043.409912109375), (1, 2727.31591796875)]"
60,"[(0, 581.0521240234375), (1, 652.2650756835938)]","[(0, 2638.3505859375), (1, 3821.206787109375)]","[(0, 33362.9453125), (1, 29224.24609375)]","[(0, 4340.4130859375), (1, 3557.485595703125)]","[(0, 7541.1728515625), (1, 3792.894775390625)]","[(0, 9687.462890625), (1, 8962.951171875)]","[(0, 12057.853515625), (1, 11116.873046875)]","[(0, 1823.4547119140625), (1, 1320.8162841796875)]","[(1, 260.13323974609375), (4, 269.40883382161456), (2, 288.592529296875), (5, 301.20210404829544), (0, 329.57421875), (3, 344.40012428977275)]","[(0, 3150.366455078125), (1, 3619.00537109375)]","[(1, 311.790673828125), (2, 317.8569607204861), (4, 414.033203125), (5, 433.1883951822917), (0, 617.8116861979166), (3, 839.5902777777778)]","[(0, 2271.512939453125), (1, 2066.465576171875)]","[(4, 63.87565260667067), (1, 66.16414388020833), (3, 95.6676025390625), (0, 106.99183238636364), (2, 130.739111328125), (5, 139.29441139914772)]","[(0, 22994.046875), (1, 18796.498046875)]"
61,"[(0, 1284.85546875), (1, 1380.851318359375)]","[(0, 2129.46533203125), (1, 2613.5205078125)]","[(0, 30538.34375), (1, 29220.95703125)]","[(0, 11775.71484375), (1, 10309.822265625)]","[(0, 5673.353515625), (1, 4561.20703125)]","[(0, 2770.304443359375), (1, 2702.713134765625)]","[(0, 7929.9736328125), (1, 9099.7744140625)]","[(0, 1498.9898681640625), (1, 1551.3590087890625)]","[(4, 191.51102388822116), (1, 207.455810546875), (0, 211.82848182091345), (3, 225.59248860677084), (2, 285.6106144831731), (5, 308.1620279947917)]","[(0, 4646.119140625), (1, 5493.26220703125)]","[(1, 66.28727213541667), (2, 81.61402306189903), (4, 101.17173665364584), (5, 134.73829064002405), (0, 139.9839148888221), (3, 232.51755934495193)]","[(0, 4881.82177734375), (1, 5728.57470703125)]","[(1, 149.97257173978366), (3, 152.89769490559897), (5, 154.95210774739584), (4, 165.138427734375), (0, 218.5557657877604), (2, 221.1973876953125)]","[(0, 1031.8026123046875), (1, 959.3643798828125)]"
62,"[(0, 1114.5631103515625), (1, 1337.2965087890625)]","[(0, 1208.358642578125), (1, 1200.5093994140625)]","[(0, 13125.9384765625), (1, 14737.8046875)]","[(0, 29751.146484375), (1, 30334.896484375)]","[(0, 8641.1259765625), (1, 6882.7783203125)]","[(0, 10084.8447265625), (1, 9985.97265625)]","[(0, 16072.2236328125), (1, 14662.1728515625)]","[(0, 727.5700073242188), (1, 463.70269775390625)]","[(4, 107.94816589355469), (3, 112.54921875), (1, 155.02614048549108), (5, 161.60764857700892), (0, 181.2593712439904), (2, 275.48040771484375)]","[(0, 1703.9068603515625), (1, 1290.0460205078125)]","[(2, 288.1457763671875), (1, 298.6797540838068), (5, 375.7869384765625), (4, 381.4591175426136), (0, 462.1517578125), (3, 614.938720703125)]","[(0, 3435.757080078125), (1, 2164.78857421875)]","[(3, 64.38890787760417), (4, 101.24040985107422), (1, 109.4932373046875), (0, 113.88093784877232), (5, 148.13138253348214), (2, 321.3562575120192)]","[(0, 12187.486328125), (1, 8442.548828125)]"
63,"[(0, 1445.389404296875), (1, 1646.83251953125)]","[(0, 427.6786193847656), (1, 385.4051513671875)]","[(0, 11042.623046875), (1, 8987.7138671875)]","[(0, 4646.26513671875), (1, 6009.1025390625)]","[(0, 16436.6796875), (1, 9665.7861328125)]","[(0, 6842.1826171875), (1, 7564.20751953125)]","[(0, 12593.884765625), (1, 13510.1318359375)]","[(0, 2158.910888671875), (1, 1591.7010498046875)]","[(1, 82.97718912760416), (4, 92.86714680989583), (2, 136.6436767578125), (5, 154.12129094050482), (0, 161.01506159855768), (3, 185.40673828125)]","[(0, 758.5026245117188), (1, 474.9771423339844)]","[(5, 234.02974076704547), (4, 249.64408365885416), (2, 269.90891335227275), (3, 332.04762961647725), (1, 335.2914225260417), (0, 389.25807883522725)]","[(0, 5987.11962890625), (1, 4740.68017578125)]","[(4, 93.12708955652573), (3, 95.69268798828125), (5, 147.498193359375), (1, 171.23663736979168), (0, 213.53541782924108), (2, 367.03812349759613)]","[(0, 13372.626953125), (1, 10095.103515625)]"
64,"[(0, 839.268798828125), (1, 957.0492553710938)]","[(0, 381.45819091796875), (1, 633.0103149414062)]","[(0, 14242.17578125), (1, 11262.943359375)]","[(0, 13247.39453125), (1, 7563.08935546875)]","[(0, 12630.255859375), (1, 7220.8466796875)]","[(0, 5493.58740234375), (1, 4887.7705078125)]","[(0, 17634.638671875), (1, 27526.439453125)]","[(0, 945.9945068359375), (1, 1131.05078125)]","[(5, 57.60550631009615), (4, 66.77641950334821), (3, 76.89099590594952), (2, 78.83724271334134), (1, 90.02393450055804), (0, 108.43507737379808)]","[(0, 2317.912109375), (1, 1557.2088623046875)]","[(4, 48.1392936706543), (2, 54.247066243489584), (0, 59.47242024739583), (1, 63.51239372702206), (5, 66.37455531529018), (3, 74.99237932477679)]","[(0, 7325.09375), (1, 4515.40380859375)]","[(1, 113.73502022879464), (4, 121.32774000901442), (2, 138.0033897986779), (5, 154.24088541666666), (0, 254.87736002604166), (3, 267.24538352272725)]","[(0, 15728.083984375), (1, 11454.6865234375)]"
65,"[(0, 1480.8651123046875), (1, 1749.3773193359375)]","[(0, 535.8043823242188), (1, 991.6121826171875)]","[(0, 12246.9541015625), (1, 10030.3935546875)]","[(0, 6540.5537109375), (1, 6156.18212890625)]","[(0, 6235.3408203125), (1, 5205.138671875)]","[(0, 2489.389404296875), (1, 2291.658203125)]","[(0, 10389.0986328125), (1, 13253.7001953125)]","[(0, 2458.956298828125), (1, 1647.803466796875)]","[(1, 32.51823425292969), (2, 35.24002278645833), (4, 41.53999982561384), (0, 49.363333565848215), (5, 50.30237755408654), (3, 84.82921346028645)]","[(0, 4955.81494140625), (1, 2643.8603515625)]","[(4, 76.33146449497768), (3, 106.14935772235577), (1, 112.6336161295573), (5, 121.9996337890625), (0, 174.62947221235797), (2, 196.90999755859374)]","[(0, 2134.419189453125), (1, 1274.7471923828125)]","[(1, 104.62215423583984), (2, 111.14810384114584), (0, 122.1590576171875), (4, 169.636474609375), (5, 173.26924954927884), (3, 202.6124471028646)]","[(0, 9564.708984375), (1, 6737.048828125)]"
66,"[(0, 1802.1204833984375), (1, 2132.498291015625)]","[(0, 480.7304992675781), (1, 773.6541748046875)]","[(0, 22007.546875), (1, 23631.10546875)]","[(0, 9574.9208984375), (1, 11369.220703125)]","[(0, 3334.241455078125), (1, 2980.60693359375)]","[(0, 7123.455078125), (1, 7941.87060546875)]","[(0, 4607.99365234375), (1, 4143.29833984375)]","[(0, 8358.0478515625), (1, 6832.45361328125)]","[(4, 129.76488318810095), (5, 132.86325073242188), (3, 147.12828572591147), (1, 215.74177433894232), (2, 224.49462890625), (0, 256.4084065755208)]","[(0, 6040.08837890625), (1, 3071.638427734375)]","[(2, 162.96711613581732), (4, 164.67653245192307), (1, 173.27260044642858), (5, 179.6944580078125), (0, 302.5866292317708), (3, 365.94204989346593)]","[(0, 2178.154052734375), (1, 1514.2891845703125)]","[(2, 28.561370849609375), (1, 32.04924774169922), (5, 38.590990339006694), (0, 59.91776384626116), (4, 65.24122314453125), (3, 113.51805701622597)]","[(0, 13693.7314453125), (1, 10377.3642578125)]"
67,"[(0, 1228.149169921875), (1, 1484.405517578125)]","[(0, 353.0666198730469), (1, 470.697998046875)]","[(0, 9758.630859375), (1, 9102.65625)]","[(0, 7222.5751953125), (1, 5096.630859375)]","[(0, 4648.44140625), (1, 2621.736328125)]","[(0, 2818.759521484375), (1, 3252.934326171875)]","[(0, 12890.01953125), (1, 15189.1103515625)]","[(0, 1628.04150390625), (1, 1263.863037109375)]","[(2, 41.40499674479167), (5, 46.39439697265625), (1, 47.34250259399414), (4, 53.028018951416016), (0, 64.63323974609375), (3, 72.83614908854166)]","[(0, 2820.904296875), (1, 1894.9937744140625)]","[(4, 335.49654715401783), (1, 356.42333984375), (3, 444.9122971754808), (2, 485.14267578125), (5, 516.6548665364584), (0, 538.9083806818181)]","[(0, 1417.0640869140625), (1, 1280.042236328125)]","[(1, 45.50015079273897), (4, 72.75579071044922), (0, 73.18868001302083), (2, 80.47235514322917), (3, 82.96126883370536), (5, 88.21299525669643)]","[(0, 3539.02001953125), (1, 3165.989013671875)]"
68,"[(0, 1643.011962890625), (1, 1988.8902587890625)]","[(0, 314.5207214355469), (1, 300.86456298828125)]","[(0, 5827.72802734375), (1, 7562.685546875)]","[(0, 3070.6455078125), (1, 2597.159423828125)]","[(0, 13640.619140625), (1, 8785.5107421875)]","[(0, 2822.462158203125), (1, 2507.780029296875)]","[(0, 3386.383056640625), (1, 4210.20361328125)]","[(0, 1049.317138671875), (1, 1079.6669921875)]","[(2, 306.5384765625), (1, 307.10762162642044), (0, 409.748876953125), (4, 425.23561789772725), (5, 427.91162109375), (3, 599.876806640625)]","[(0, 1410.5167236328125), (1, 1457.4315185546875)]","[(2, 58.801400320870535), (5, 71.23212105887276), (1, 72.21080729166667), (4, 85.88553059895834), (0, 89.45601981026786), (3, 109.45354352678571)]","[(0, 2169.94482421875), (1, 2465.0009765625)]","[(1, 182.20176478794642), (2, 211.65987454927884), (0, 272.09656700721155), (5, 349.24996243990387), (4, 440.9981166294643), (3, 450.0769606370192)]","[(0, 23639.896484375), (1, 17271.69921875)]"
69,"[(0, 1947.6298828125), (1, 2567.21240234375)]","[(0, 457.2306213378906), (1, 766.5336303710938)]","[(0, 9419.3583984375), (1, 10128.875)]","[(0, 5590.72021484375), (1, 4995.17529296875)]","[(0, 10042.5498046875), (1, 5891.6064453125)]","[(0, 6016.8212890625), (1, 5512.17041015625)]","[(0, 11989.70703125), (1, 13986.9404296875)]","[(0, 1918.529296875), (1, 1785.3333740234375)]","[(1, 27.296109008789063), (4, 31.97042686060855), (0, 35.818396674262154), (2, 37.86705186631944), (3, 40.498341279871326), (5, 47.25492948644302)]","[(0, 2990.1689453125), (1, 2825.961181640625)]","[(1, 213.349365234375), (2, 216.96925706129807), (0, 438.9436848958333), (4, 481.8546142578125), (5, 526.6465287642045), (3, 1260.46865234375)]","[(0, 2361.514404296875), (1, 3052.0830078125)]","[(1, 57.065198625837056), (2, 60.94772573617789), (4, 130.28132120768228), (0, 142.41536458333334), (5, 163.5274103338068), (3, 367.18583984375)]","[(0, 4694.52880859375), (1, 4082.389892578125)]"
70,"[(0, 1291.956298828125), (1, 1820.150146484375)]","[(0, 586.5685424804688), (1, 908.8348388671875)]","[(0, 33958.0546875), (1, 32647.39453125)]","[(0, 27549.5234375), (1, 30484.19140625)]","[(0, 6728.44482421875), (1, 5360.54296875)]","[(0, 8423.2548828125), (1, 8891.2939453125)]","[(0, 6624.2880859375), (1, 5669.015625)]","[(0, 607.7457885742188), (1, 717.3794555664062)]","[(2, 63.89885330200195), (1, 73.76281020220588), (5, 74.9439208984375), (4, 84.2887191772461), (0, 108.28770345052084), (3, 133.68179757254464)]","[(0, 2842.82421875), (1, 2911.531982421875)]","[(4, 179.85845947265625), (3, 240.96797318892047), (5, 343.222021484375), (1, 347.85151811079544), (0, 509.319091796875), (2, 757.1818576388889)]","[(0, 2472.171875), (1, 1737.42236328125)]","[(4, 352.7785237630208), (3, 421.5623668323864), (5, 474.7774769176136), (1, 514.8644612630209), (0, 631.3053977272727), (2, 718.5201970880681)]","[(0, 4500.4208984375), (1, 4004.227294921875)]"
71,"[(0, 2013.0093994140625), (1, 2407.1875)]","[(0, 496.0570068359375), (1, 663.0541381835938)]","[(0, 5797.24560546875), (1, 4835.6201171875)]","[(0, 6110.7041015625), (1, 5937.53759765625)]","[(0, 6597.4365234375), (1, 5461.11181640625)]","[(0, 11279.28125), (1, 12020.5732421875)]","[(0, 3214.260986328125), (1, 3741.74853515625)]","[(0, 5051.1845703125), (1, 4268.35595703125)]","[(4, 149.34185791015625), (5, 167.25029645647322), (1, 172.42325265066964), (3, 189.97789713541667), (2, 219.94632975260416), (0, 258.4096491887019)]","[(0, 3939.171142578125), (1, 4367.1318359375)]","[(4, 103.41132061298077), (3, 135.62555948893228), (1, 157.57330322265625), (5, 239.6431329900568), (0, 247.68445933948863), (2, 444.641650390625)]","[(0, 1772.739501953125), (1, 1579.8408203125)]","[(4, 200.16678873697916), (3, 266.0803888494318), (1, 268.1924641927083), (5, 294.38472123579544), (0, 374.81591796875), (2, 411.08163174715907)]","[(0, 12087.2578125), (1, 8580.28515625)]"
72,"[(0, 1029.8526611328125), (1, 1180.7183837890625)]","[(0, 430.3822937011719), (1, 378.4302673339844)]","[(0, 8603.251953125), (1, 7295.7080078125)]","[(0, 13857.9775390625), (1, 15240.1123046875)]","[(0, 7732.0166015625), (1, 4511.7919921875)]","[(0, 9111.4111328125), (1, 8632.53515625)]","[(0, 12641.9814453125), (1, 14965.6669921875)]","[(0, 4487.54248046875), (1, 4444.50439453125)]","[(4, 98.82036946614583), (3, 101.1197040264423), (1, 102.10496520996094), (0, 121.92685372488839), (5, 179.54279972956732), (2, 183.18940080915178)]","[(0, 2145.482421875), (1, 1382.2821044921875)]","[(4, 142.00831017127405), (3, 168.32119750976562), (1, 266.3719889322917), (5, 345.6689453125), (0, 381.6865234375), (2, 714.430078125)]","[(0, 2434.342529296875), (1, 3157.91943359375)]","[(1, 32.39379204644097), (2, 33.87400436401367), (4, 40.10875447591146), (5, 43.62831115722656), (0, 60.9115104675293), (3, 77.9757308959961)]","[(0, 921.7788696289062), (1, 862.64404296875)]"
73,"[(0, 994.63525390625), (1, 1098.920166015625)]","[(0, 1029.7200927734375), (1, 2106.1298828125)]","[(0, 3977.721923828125), (1, 2494.12646484375)]","[(0, 5923.52783203125), (1, 7062.6630859375)]","[(0, 8811.4970703125), (1, 7652.7587890625)]","[(0, 5355.326171875), (1, 5347.2119140625)]","[(0, 8480.005859375), (1, 10054.134765625)]","[(0, 3643.8955078125), (1, 2479.427734375)]","[(1, 232.5701904296875), (2, 232.87204811789772), (4, 255.61883544921875), (5, 258.6634410511364), (0, 396.49778053977275), (3, 440.3172052556818)]","[(0, 4626.169921875), (1, 5152.64306640625)]","[(1, 534.2002840909091), (4, 591.3661665482955), (2, 595.549169921875), (5, 654.493359375), (0, 699.81572265625), (3, 763.184912109375)]","[(0, 1942.1702880859375), (1, 1190.489013671875)]","[(4, 77.378955078125), (1, 115.02707345145089), (3, 145.27704326923077), (5, 147.75331467848557), (2, 235.16595458984375), (0, 254.01688639322916)]","[(0, 20120.134765625), (1, 17143.384765625)]"
74,"[(0, 826.0621337890625), (1, 923.4691772460938)]","[(0, 1740.481201171875), (1, 4063.384521484375)]","[(0, 14694.8310546875), (1, 11946.8359375)]","[(0, 3678.03369140625), (1, 3988.646728515625)]","[(0, 9052.2041015625), (1, 7554.13671875)]","[(0, 6981.60498046875), (1, 7228.21826171875)]","[(0, 11255.458984375), (1, 13080.7763671875)]","[(0, 6997.36962890625), (1, 2987.76318359375)]","[(4, 105.63236177884616), (1, 109.3896993001302), (3, 115.77292887369792), (0, 117.1827725497159), (5, 189.13179154829547), (2, 197.790625)]","[(0, 9461.8896484375), (1, 4802.8232421875)]","[(2, 69.3266357421875), (1, 77.7272720336914), (4, 105.56509835379464), (5, 120.4621112530048), (0, 129.59528459821428), (3, 266.7224934895833)]","[(0, 3022.0654296875), (1, 2930.291748046875)]","[(3, 98.91364397321429), (4, 103.21307779947917), (1, 106.63151332310268), (5, 130.25861065204327), (0, 145.24186823918268), (2, 174.71807861328125)]","[(0, 3093.510009765625), (1, 2746.81201171875)]"
75,"[(0, 929.73486328125), (1, 997.6806030273438)]","[(0, 1298.2763671875), (1, 2366.235107421875)]","[(0, 4482.9912109375), (1, 3830.45947265625)]","[(0, 5947.2392578125), (1, 5725.40185546875)]","[(0, 7809.734375), (1, 3797.621826171875)]","[(0, 14088.134765625), (1, 14913.1650390625)]","[(0, 5047.57763671875), (1, 4751.158203125)]","[(0, 3981.8134765625), (1, 3534.547607421875)]","[(4, 75.99522517277644), (1, 79.67957481971153), (5, 85.06540934244792), (2, 88.89436848958333), (3, 121.83784993489583), (0, 132.4169718424479)]","[(0, 2704.974609375), (1, 1960.56396484375)]","[(4, 70.28267415364583), (3, 81.05555071149554), (1, 98.76245989118304), (0, 104.51816030649039), (5, 127.72304124098558), (2, 161.62356567382812)]","[(0, 1983.85791015625), (1, 1158.6002197265625)]","[(4, 296.636474609375), (1, 333.80149147727275), (5, 349.0458251953125), (2, 387.4333251953125), (3, 568.337158203125), (0, 653.2966796875)]","[(0, 2154.317138671875), (1, 2076.832763671875)]"
76,"[(0, 1271.4532470703125), (1, 1507.7147216796875)]","[(0, 756.1578369140625), (1, 1213.8096923828125)]","[(0, 5825.35546875), (1, 4675.34375)]","[(0, 3864.491455078125), (1, 4388.4658203125)]","[(0, 1660.0947265625), (1, 1253.8948974609375)]","[(0, 15398.3330078125), (1, 14654.470703125)]","[(0, 4036.849365234375), (1, 4448.21875)]","[(0, 2156.689453125), (1, 1580.5604248046875)]","[(2, 87.46124267578125), (1, 94.95961350661058), (5, 107.3526611328125), (4, 112.61590106670673), (0, 139.681640625), (3, 168.08019002278647)]","[(0, 2915.177490234375), (1, 3544.417724609375)]","[(4, 269.8706868489583), (3, 365.91586026278407), (5, 538.962890625), (1, 602.5095880681819), (0, 880.7708984375), (2, 1348.845920138889)]","[(0, 2204.939453125), (1, 3102.970947265625)]","[(2, 31.95670645577567), (1, 35.2924560546875), (5, 40.47629957932692), (4, 49.273267473493306), (0, 70.07558030348558), (3, 97.4242655436198)]","[(0, 23476.115234375), (1, 19401.802734375)]"
77,"[(0, 895.0984497070312), (1, 998.4044189453125)]","[(0, 218.51634216308594), (1, 292.7153625488281)]","[(0, 4328.71044921875), (1, 4117.96875)]","[(0, 3936.673828125), (1, 4724.49072265625)]","[(0, 12683.5712890625), (1, 6979.9345703125)]","[(0, 10957.712890625), (1, 10045.6435546875)]","[(0, 10779.7861328125), (1, 14310.154296875)]","[(0, 1563.2432861328125), (1, 1886.9273681640625)]","[(4, 136.39993286132812), (1, 148.85660226004464), (3, 157.90936279296875), (0, 166.77313232421875), (5, 180.93766645951703), (2, 181.63840895432693)]","[(0, 1682.484130859375), (1, 2248.640380859375)]","[(4, 188.56360802283655), (3, 221.03387451171875), (1, 259.487060546875), (0, 352.597900390625), (5, 369.74751420454544), (2, 556.5509765625)]","[(0, 2469.472900390625), (1, 3175.447509765625)]","[(4, 101.6838848407452), (3, 141.83809407552084), (1, 143.95140584309897), (0, 198.59572531960228), (5, 262.9256480823864), (2, 368.567431640625)]","[(0, 15455.65234375), (1, 11165.439453125)]"
78,"[(0, 1337.1651611328125), (1, 1564.6124267578125)]","[(0, 2055.533447265625), (1, 2675.599365234375)]","[(0, 16118.3486328125), (1, 15874.78515625)]","[(0, 6146.8486328125), (1, 4707.6650390625)]","[(0, 8134.14697265625), (1, 4562.49072265625)]","[(0, 11609.0361328125), (1, 12758.64453125)]","[(0, 10466.1083984375), (1, 13239.021484375)]","[(0, 2347.67529296875), (1, 2507.978759765625)]","[(2, 67.01614888509114), (1, 79.42129281850961), (5, 107.5570576985677), (4, 121.76560621995192), (0, 172.5177001953125), (3, 278.13818359375)]","[(0, 5747.7666015625), (1, 5791.91845703125)]","[(4, 501.108251953125), (1, 505.622607421875), (5, 581.7419162326389), (2, 591.4718967013889), (3, 704.3174370659722), (0, 740.7535264756945)]","[(0, 1744.9420166015625), (1, 1511.854248046875)]","[(5, 185.34325062144887), (4, 208.9419148763021), (2, 219.74411843039772), (1, 243.0598347981771), (3, 330.71524325284093), (0, 405.1849254261364)]","[(0, 4823.25390625), (1, 4717.98486328125)]"
79,"[(0, 1176.8944091796875), (1, 1459.5931396484375)]","[(0, 3072.054443359375), (1, 4424.462890625)]","[(0, 8776.5419921875), (1, 9602.8671875)]","[(0, 3497.305419921875), (1, 2703.251953125)]","[(0, 3862.951416015625), (1, 3044.548095703125)]","[(0, 15522.8779296875), (1, 15632.470703125)]","[(0, 9245.296875), (1, 8470.83203125)]","[(0, 1038.6917724609375), (1, 1160.3721923828125)]","[(4, 84.2958740234375), (1, 85.95555013020834), (3, 134.79078087439905), (0, 138.6716590294471), (5, 165.52599158653845), (2, 168.34128981370193)]","[(0, 4538.15869140625), (1, 3967.962158203125)]","[(1, 310.63496537642044), (2, 318.695166015625), (4, 398.17600319602275), (5, 425.04013671875), (0, 452.93037109375), (3, 583.4974609375)]","[(0, 4106.2236328125), (1, 2675.23828125)]","[(4, 117.90924541766827), (5, 147.2469685872396), (1, 167.9634728064904), (3, 172.2356160481771), (2, 202.25020345052084), (0, 244.3957722981771)]","[(0, 3536.36474609375), (1, 3086.349365234375)]"
80,"[(0, 1577.2042236328125), (1, 1856.8876953125)]","[(0, 2505.576171875), (1, 3105.668212890625)]","[(0, 17098.697265625), (1, 16325.55859375)]","[(0, 18395.537109375), (1, 17754.517578125)]","[(0, 9017.4375), (1, 5398.986328125)]","[(0, 15658.701171875), (1, 15670.8466796875)]","[(0, 8996.0322265625), (1, 10076.1259765625)]","[(0, 1290.2705078125), (1, 1695.460205078125)]","[(2, 102.44312540690105), (1, 117.7996074969952), (5, 142.3597615559896), (4, 162.47952974759616), (0, 292.3975941051136), (3, 418.5040394176136)]","[(0, 3096.8310546875), (1, 1545.6181640625)]","[(4, 246.90254350142047), (5, 345.49755859375), (3, 381.6763427734375), (1, 382.98166725852275), (2, 541.67841796875), (0, 624.805517578125)]","[(0, 2059.119140625), (1, 2589.5986328125)]","[(1, 63.72348894391741), (2, 64.50433819110577), (4, 139.07096041165866), (5, 151.22183227539062), (0, 186.35589599609375), (3, 466.60879794034093)]","[(0, 2881.780517578125), (1, 2603.75341796875)]"
81,"[(0, 1234.0435791015625), (1, 1433.7823486328125)]","[(0, 1297.1673583984375), (1, 1349.901123046875)]","[(0, 34053.23828125), (1, 34071.4296875)]","[(0, 2461.177978515625), (1, 2193.0791015625)]","[(0, 5477.02001953125), (1, 3375.9677734375)]","[(0, 10841.015625), (1, 10428.158203125)]","[(0, 18391.939453125), (1, 18854.21875)]","[(0, 1624.7415771484375), (1, 758.0032348632812)]","[(1, 94.3758075420673), (2, 95.76472981770833), (4, 111.17125592912946), (5, 118.99852576622597), (0, 120.74635823567708), (3, 135.31905423677884)]","[(0, 2329.6787109375), (1, 2788.15673828125)]","[(4, 68.72772623697917), (3, 70.49001639229911), (5, 109.28111853966347), (0, 117.27628580729167), (1, 136.05372032752405), (2, 164.5622891512784)]","[(0, 2653.08935546875), (1, 2451.021728515625)]","[(4, 155.779541015625), (3, 209.65602463942307), (5, 214.80220540364584), (1, 253.8556111653646), (2, 394.2185546875), (0, 398.26411576704544)]","[(0, 9263.8486328125), (1, 6726.83447265625)]"
82,"[(0, 1259.7337646484375), (1, 1460.99072265625)]","[(0, 385.8814392089844), (1, 351.4908142089844)]","[(0, 8069.615234375), (1, 6229.248046875)]","[(0, 15398.2001953125), (1, 15689.9130859375)]","[(0, 2594.802490234375), (1, 2217.248779296875)]","[(0, 10198.1474609375), (1, 10627.9853515625)]","[(0, 16216.3330078125), (1, 16562.244140625)]","[(0, 3027.445068359375), (1, 3909.239501953125)]","[(4, 178.03287281709558), (3, 214.51663208007812), (5, 225.42649739583334), (1, 237.281103515625), (0, 302.6106654575893), (2, 312.90805288461536)]","[(0, 3254.2685546875), (1, 3045.270751953125)]","[(4, 51.65550537109375), (3, 67.57851300920758), (5, 81.96365121694711), (0, 120.7836201985677), (1, 128.23198054387018), (2, 141.5924627130682)]","[(0, 2560.6630859375), (1, 2716.58984375)]","[(1, 123.79402378627232), (2, 133.67394080528845), (4, 235.56148587740384), (0, 258.5313720703125), (5, 267.0236002604167), (3, 564.6806640625)]","[(0, 3625.209228515625), (1, 3243.947021484375)]"
83,"[(0, 971.9356079101562), (1, 1149.1888427734375)]","[(0, 1039.17333984375), (1, 1142.068603515625)]","[(0, 4736.26513671875), (1, 5174.69482421875)]","[(0, 3782.322021484375), (1, 4113.8046875)]","[(0, 6889.1748046875), (1, 3561.8515625)]","[(0, 10018.9208984375), (1, 11055.2470703125)]","[(0, 4694.6904296875), (1, 4030.252197265625)]","[(0, 1971.5718994140625), (1, 2590.43603515625)]","[(4, 212.69594029017858), (1, 218.24307686941964), (5, 222.91539588341345), (2, 229.91890775240384), (3, 245.911376953125), (0, 255.96185772235577)]","[(0, 2613.353759765625), (1, 3603.6826171875)]","[(4, 264.857568359375), (5, 321.2665744357639), (1, 346.5608154296875), (3, 415.7323947482639), (2, 454.16419813368054), (0, 558.0931532118055)]","[(0, 1887.0784912109375), (1, 1397.232177734375)]","[(1, 103.9341796875), (2, 114.45057896205357), (4, 161.0860877403846), (0, 198.96505033052884), (5, 214.15289306640625), (3, 435.7189275568182)]","[(0, 2079.030517578125), (1, 1770.678955078125)]"
84,"[(0, 1734.792236328125), (1, 2004.5142822265625)]","[(0, 1423.444091796875), (1, 1691.7686767578125)]","[(0, 22597.828125), (1, 19371.111328125)]","[(0, 4597.5771484375), (1, 7364.8662109375)]","[(0, 4936.263671875), (1, 2542.7939453125)]","[(0, 13226.30078125), (1, 11871.7177734375)]","[(0, 4490.14501953125), (1, 5175.287109375)]","[(0, 5797.8154296875), (1, 4087.208740234375)]","[(2, 135.37400599888392), (1, 159.68956705729167), (5, 255.20355694110577), (4, 288.4863804408482), (0, 322.49864783653845), (3, 596.0782063802084)]","[(0, 7679.6708984375), (1, 4309.51953125)]","[(3, 239.75468306107953), (5, 245.2891512784091), (4, 264.4659830729167), (0, 359.3174937855114), (2, 361.2918812144886), (1, 604.9415690104166)]","[(0, 7217.22509765625), (1, 5696.16064453125)]","[(1, 67.72288004557292), (4, 73.498193359375), (2, 117.31769268329327), (5, 135.2744140625), (0, 158.57331730769232), (3, 178.57874474158655)]","[(0, 3643.41259765625), (1, 3241.7236328125)]"
85,"[(0, 760.7472534179688), (1, 999.0316162109375)]","[(0, 1142.98876953125), (1, 1265.5233154296875)]","[(0, 15893.826171875), (1, 14066.828125)]","[(0, 28602.50390625), (1, 27097.923828125)]","[(0, 2421.796630859375), (1, 1926.3294677734375)]","[(0, 6631.5380859375), (1, 6208.86376953125)]","[(0, 12907.5986328125), (1, 15736.2470703125)]","[(0, 6055.27392578125), (1, 4617.19189453125)]","[(2, 171.12712751116072), (1, 176.36901041666667), (5, 180.38844517299108), (4, 185.60255533854166), (0, 247.01895577566964), (3, 264.6181640625)]","[(0, 1290.093994140625), (1, 1234.6280517578125)]","[(4, 65.96802629743304), (3, 78.96102201021634), (5, 147.03620402018228), (0, 163.79944864908853), (1, 218.55962665264423), (2, 304.7766779119318)]","[(0, 1816.20703125), (1, 1766.6492919921875)]","[(4, 249.60338245738637), (5, 279.8467529296875), (1, 299.97145774147725), (2, 335.1104736328125), (3, 414.092431640625), (0, 482.040283203125)]","[(0, 9446.634765625), (1, 6701.20361328125)]"
86,"[(0, 758.5984497070312), (1, 855.026123046875)]","[(0, 654.5252075195312), (1, 653.7915649414062)]","[(0, 3872.017333984375), (1, 3101.36181640625)]","[(0, 4634.3125), (1, 4745.9091796875)]","[(0, 1714.986083984375), (1, 1331.96533203125)]","[(0, 7177.2509765625), (1, 8010.8115234375)]","[(0, 8510.4599609375), (1, 11148.341796875)]","[(0, 1929.331787109375), (1, 1469.3759765625)]","[(1, 153.06813267299108), (2, 165.9024376502404), (4, 289.0299072265625), (0, 302.54709879557294), (5, 314.93661221590907), (3, 704.958154296875)]","[(0, 8545.626953125), (1, 10240.875)]","[(4, 48.81693929036458), (3, 54.2564697265625), (1, 83.0944073016827), (5, 87.43643892728366), (0, 91.0843505859375), (2, 134.86496803977272)]","[(0, 3592.551025390625), (1, 2352.205810546875)]","[(2, 86.2632587139423), (1, 87.91774204799107), (4, 152.38753255208334), (5, 167.08253062855113), (0, 183.04571533203125), (3, 385.0317626953125)]","[(0, 22554.3359375), (1, 15964.2822265625)]"
87,"[(0, 1552.965087890625), (1, 1866.8970947265625)]","[(0, 2442.861083984375), (1, 3431.6181640625)]","[(0, 14464.7880859375), (1, 10343.3857421875)]","[(0, 5373.0107421875), (1, 3276.731201171875)]","[(0, 7859.50244140625), (1, 4167.61865234375)]","[(0, 11088.3798828125), (1, 11273.646484375)]","[(0, 7267.9365234375), (1, 7720.919921875)]","[(0, 4616.6328125), (1, 3191.587158203125)]","[(1, 46.97773573133681), (4, 51.88520723230698), (0, 69.30412292480469), (3, 74.2845458984375), (2, 75.22113037109375), (5, 83.134619140625)]","[(0, 5097.37939453125), (1, 3284.271240234375)]","[(4, 130.5084228515625), (3, 144.5128173828125), (5, 240.26225142045453), (1, 243.20672607421875), (0, 289.61210493607956), (2, 530.29287109375)]","[(0, 1549.3917236328125), (1, 989.8759765625)]","[(4, 88.79559326171875), (1, 122.2276141826923), (3, 144.44744403545673), (5, 163.74299112955728), (0, 192.60990397135416), (2, 254.3345614346591)]","[(0, 9851.41796875), (1, 6972.85498046875)]"
88,"[(0, 2096.630126953125), (1, 2651.1748046875)]","[(0, 3221.26953125), (1, 4886.037109375)]","[(0, 6605.29345703125), (1, 7045.69677734375)]","[(0, 7673.0087890625), (1, 6715.4951171875)]","[(0, 10347.5), (1, 5897.05908203125)]","[(0, 4000.89501953125), (1, 3883.114501953125)]","[(0, 11491.9755859375), (1, 12475.7783203125)]","[(0, 3829.820068359375), (1, 4314.10498046875)]","[(4, 137.31953312800482), (1, 141.97405536358173), (3, 167.08866373697916), (0, 174.8685302734375), (5, 180.97235107421875), (2, 190.10965983072916)]","[(0, 9465.8603515625), (1, 5927.29736328125)]","[(4, 460.6530354817708), (2, 497.88290127840907), (5, 500.8226207386364), (1, 608.1583251953125), (3, 672.3268821022727), (0, 684.0480291193181)]","[(0, 3817.691650390625), (1, 3128.546142578125)]","[(1, 118.90476637620192), (2, 159.13603719075522), (4, 161.45848592122397), (5, 212.60422585227272), (0, 239.1119939630682), (3, 339.6117919921875)]","[(0, 3367.8837890625), (1, 2764.239990234375)]"
89,"[(0, 1261.59912109375), (1, 1361.6812744140625)]","[(0, 2671.540283203125), (1, 3851.87109375)]","[(0, 12873.177734375), (1, 8717.95703125)]","[(0, 34432.5703125), (1, 26864.033203125)]","[(0, 7858.8583984375), (1, 4488.02587890625)]","[(0, 10399.3671875), (1, 11706.3818359375)]","[(0, 13892.4873046875), (1, 14741.0947265625)]","[(0, 3703.322509765625), (1, 2506.906005859375)]","[(2, 60.44862060546875), (1, 63.87409210205078), (0, 99.36670793805804), (4, 102.3290771484375), (5, 103.37377057756696), (3, 189.63236177884616)]","[(0, 4107.13232421875), (1, 3666.34375)]","[(4, 76.87159220377605), (3, 105.26885431463069), (1, 110.15748180042614), (5, 152.3660888671875), (0, 169.1687255859375), (2, 236.28987630208334)]","[(0, 2508.77880859375), (1, 2180.89892578125)]","[(1, 72.08873748779297), (2, 87.9543701171875), (0, 104.33936418805804), (5, 115.8490459735577), (4, 133.1651349748884), (3, 164.96053059895834)]","[(0, 3332.68994140625), (1, 2931.625)]"
90,"[(0, 1489.844482421875), (1, 1769.1640625)]","[(0, 1740.816650390625), (1, 2025.124755859375)]","[(0, 28615.08203125), (1, 26999.4375)]","[(0, 8959.9345703125), (1, 7894.23095703125)]","[(0, 2142.61572265625), (1, 1682.10400390625)]","[(0, 4897.93798828125), (1, 4427.74658203125)]","[(0, 25236.56640625), (1, 27563.138671875)]","[(0, 1464.543701171875), (1, 943.0296630859375)]","[(2, 40.622859700520834), (1, 41.71835708618164), (5, 58.80249459402902), (4, 60.82633056640625), (0, 73.87537493024554), (3, 119.22496619591347)]","[(0, 9335.1171875), (1, 6348.75439453125)]","[(1, 55.06219482421875), (4, 57.20827865600586), (2, 67.24932454427083), (0, 70.28482259114584), (5, 86.49809919084821), (3, 89.43191964285714)]","[(0, 1071.8846435546875), (1, 713.6478881835938)]","[(1, 18.608852610868567), (0, 23.75912857055664), (3, 25.02804385914522), (4, 28.198606703016495), (2, 33.080684407552084), (5, 35.15992736816406)]","[(0, 15638.404296875), (1, 13914.1142578125)]"
91,"[(0, 996.89453125), (1, 1142.6121826171875)]","[(0, 398.1995544433594), (1, 378.1346435546875)]","[(0, 31697.123046875), (1, 31016.294921875)]","[(0, 11378.689453125), (1, 11706.6943359375)]","[(0, 14079.4169921875), (1, 7448.39111328125)]","[(0, 1784.721435546875), (1, 1706.6348876953125)]","[(0, 6011.40185546875), (1, 5454.17919921875)]","[(0, 1616.6419677734375), (1, 1745.8507080078125)]","[(1, 95.71907552083333), (4, 96.51972961425781), (2, 102.91979041466347), (5, 110.76386369977679), (0, 184.24376502403845), (3, 197.43629673549108)]","[(0, 1739.738525390625), (1, 2184.2177734375)]","[(2, 128.0276160606971), (1, 153.25795200892858), (4, 180.95096529447116), (5, 206.42545572916666), (0, 223.5893351236979), (3, 446.2487127130682)]","[(0, 2747.242919921875), (1, 2269.711181640625)]","[(1, 123.07266671316964), (2, 132.68498347355768), (0, 307.7526041666667), (4, 330.9998372395833), (5, 363.57865767045456), (3, 988.2611328125)]","[(0, 18477.224609375), (1, 15362.337890625)]"
92,"[(0, 1449.979248046875), (1, 1692.43115234375)]","[(0, 3063.675048828125), (1, 3821.735107421875)]","[(0, 8637.896484375), (1, 8264.63671875)]","[(0, 1996.882080078125), (1, 1749.01708984375)]","[(0, 9826.693359375), (1, 5328.5498046875)]","[(0, 3417.6591796875), (1, 3560.85986328125)]","[(0, 8699.9091796875), (1, 9373.62109375)]","[(0, 1692.9171142578125), (1, 2408.163330078125)]","[(2, 47.97792222764757), (1, 52.36128636410362), (5, 79.39799230238971), (4, 80.86520724826389), (0, 85.3228759765625), (3, 138.49520874023438)]","[(0, 2413.80126953125), (1, 1639.0689697265625)]","[(2, 356.86976453993054), (1, 379.634716796875), (5, 549.5145941840278), (4, 549.79482421875), (0, 768.6364474826389), (3, 1131.7051866319443)]","[(0, 2018.2725830078125), (1, 1694.9283447265625)]","[(4, 148.17585893110797), (1, 156.95622114701703), (3, 227.413134765625), (5, 232.49912109375), (2, 239.9175048828125), (0, 241.5936279296875)]","[(0, 3377.149658203125), (1, 3269.763916015625)]"
93,"[(0, 1114.9462890625), (1, 1454.3402099609375)]","[(0, 4784.84716796875), (1, 6825.6220703125)]","[(0, 1578.626953125), (1, 1671.734619140625)]","[(0, 3845.077392578125), (1, 2821.95654296875)]","[(0, 4186.26171875), (1, 3750.311767578125)]","[(0, 16354.9794921875), (1, 17518.609375)]","[(0, 7188.765625), (1, 10151.9677734375)]","[(0, 5044.81103515625), (1, 3043.31396484375)]","[(2, 64.21749005998883), (1, 73.56526692708333), (5, 85.78437151227679), (4, 97.27137044270833), (0, 149.54175743689905), (3, 208.90936748798077)]","[(0, 1081.5347900390625), (1, 953.9414672851562)]","[(4, 75.20467122395833), (3, 102.52329799107143), (5, 104.1190185546875), (0, 138.59340256911057), (1, 145.66260637555803), (2, 156.86007690429688)]","[(0, 996.3912353515625), (1, 776.9362182617188)]","[(4, 316.27780983664775), (5, 424.10888671875), (3, 432.6638671875), (1, 491.79012784090907), (0, 693.71376953125), (2, 719.082958984375)]","[(0, 16324.7177734375), (1, 13358.3759765625)]"
94,"[(0, 1660.0765380859375), (1, 1950.0440673828125)]","[(0, 3020.97607421875), (1, 3868.101318359375)]","[(0, 14799.509765625), (1, 11912.26171875)]","[(0, 6145.49462890625), (1, 6453.15625)]","[(0, 10802.541015625), (1, 5078.310546875)]","[(0, 12229.0966796875), (1, 11757.6259765625)]","[(0, 4623.73974609375), (1, 7234.7978515625)]","[(0, 2969.65625), (1, 3013.963134765625)]","[(2, 48.88505202073317), (5, 55.46300330528846), (1, 57.04626900809152), (4, 65.11161586216518), (0, 88.06621844951923), (3, 101.01541841947116)]","[(0, 5888.62353515625), (1, 9388.6064453125)]","[(4, 330.0391376201923), (2, 340.5493977864583), (5, 366.7501220703125), (0, 379.0537109375), (3, 404.1144205729167), (1, 409.2876727764423)]","[(0, 2958.568115234375), (1, 2711.923828125)]","[(3, 34.54336344401042), (1, 35.1923828125), (5, 35.33896484375), (0, 39.164634704589844), (2, 39.619911193847656), (4, 55.067996978759766)]","[(0, 2040.1207275390625), (1, 1863.5679931640625)]"
95,"[(0, 1322.703857421875), (1, 1567.862548828125)]","[(0, 1433.2635498046875), (1, 1577.142578125)]","[(0, 2293.6884765625), (1, 2107.02099609375)]","[(0, 9924.4521484375), (1, 9574.4638671875)]","[(0, 9128.1533203125), (1, 4387.365234375)]","[(0, 6126.69287109375), (1, 5757.6474609375)]","[(0, 3517.4150390625), (1, 3843.39501953125)]","[(0, 2210.223876953125), (1, 1884.11865234375)]","[(4, 87.78379193474265), (3, 89.01381022135416), (1, 90.68936496310764), (0, 107.95155334472656), (5, 150.85906575520832), (2, 159.12403869628906)]","[(0, 11829.8330078125), (1, 9341.244140625)]","[(1, 292.48769906850964), (2, 307.3525390625), (4, 509.4075113932292), (5, 541.7647372159091), (0, 547.5516246448864), (3, 1094.57958984375)]","[(0, 1489.8345947265625), (1, 1447.48193359375)]","[(1, 62.65615665211397), (2, 68.01660919189453), (5, 91.76888834635416), (4, 96.11437225341797), (0, 122.73922526041666), (3, 178.90000697544642)]","[(0, 2073.6328125), (1, 1817.9625244140625)]"
96,"[(0, 1147.9537353515625), (1, 1356.4244384765625)]","[(0, 421.4190673828125), (1, 368.8511962890625)]","[(0, 14017.1064453125), (1, 13948.8955078125)]","[(0, 2642.841796875), (1, 2485.00244140625)]","[(0, 1907.0062255859375), (1, 1333.5311279296875)]","[(0, 12182.7333984375), (1, 13732.4296875)]","[(0, 3989.712158203125), (1, 4810.50146484375)]","[(0, 1940.7352294921875), (1, 1298.5865478515625)]","[(4, 108.02105712890625), (3, 115.66617525540866), (5, 196.635009765625), (1, 197.75030048076923), (0, 231.70613606770834), (2, 385.9832208806818)]","[(0, 2320.653564453125), (1, 1176.5767822265625)]","[(4, 156.06669108072916), (1, 212.51298384232953), (3, 242.06178977272728), (5, 307.3815673828125), (0, 398.023779296875), (2, 404.6009114583333)]","[(0, 1966.2064208984375), (1, 1532.6602783203125)]","[(1, 101.99293736049107), (2, 115.70220477764423), (4, 159.36666165865384), (5, 190.19559733072916), (0, 312.17746988932294), (3, 551.89453125)]","[(0, 4351.0478515625), (1, 3964.754150390625)]"
97,"[(0, 901.36279296875), (1, 1080.81982421875)]","[(0, 2220.8603515625), (1, 2874.199951171875)]","[(0, 3462.4462890625), (1, 2783.292236328125)]","[(0, 4355.72705078125), (1, 3491.410400390625)]","[(0, 1799.546142578125), (1, 1340.287353515625)]","[(0, 3105.97021484375), (1, 3714.84716796875)]","[(0, 3967.64404296875), (1, 3590.283935546875)]","[(0, 3649.619873046875), (1, 3375.65576171875)]","[(3, 75.7744140625), (4, 75.99485150505515), (5, 120.33063151041667), (1, 142.01140950520832), (0, 153.10362025669642), (2, 266.9637920673077)]","[(0, 5145.208984375), (1, 2645.745849609375)]","[(2, 110.04042405348558), (4, 125.37040441176471), (5, 133.94534505208333), (3, 149.2955780029297), (1, 153.53125), (0, 154.25270298549108)]","[(0, 7806.830078125), (1, 4003.341796875)]","[(4, 51.84016636439732), (1, 64.84415377103366), (3, 82.6240703876202), (5, 84.53460693359375), (2, 104.30426580255681), (0, 109.5345458984375)]","[(0, 8945.4970703125), (1, 7442.07958984375)]"
98,"[(0, 1943.8323974609375), (1, 2354.8935546875)]","[(0, 3448.81591796875), (1, 5079.158203125)]","[(0, 25875.8671875), (1, 23901.4765625)]","[(0, 3533.617431640625), (1, 2873.631103515625)]","[(0, 9423.482421875), (1, 5297.33837890625)]","[(0, 1751.694580078125), (1, 1553.533203125)]","[(0, 4097.53173828125), (1, 4831.57275390625)]","[(0, 2490.459228515625), (1, 1946.3681640625)]","[(4, 67.2951180594308), (3, 74.19965538611778), (5, 117.58868408203125), (1, 121.08127848307292), (0, 154.36753151633522), (2, 227.2272216796875)]","[(0, 12239.365234375), (1, 7981.15576171875)]","[(2, 59.32387131911058), (1, 77.57215227399554), (4, 89.96762319711539), (5, 96.4611104329427), (0, 169.65365600585938), (3, 344.37744140625)]","[(0, 3419.674072265625), (1, 2187.589599609375)]","[(1, 24.50125528971354), (4, 27.796529134114582), (2, 37.75059391902043), (5, 43.72661884014423), (0, 44.15009014423077), (3, 52.69633131760817)]","[(0, 18887.458984375), (1, 15569.08984375)]"
99,"[(0, 930.9290771484375), (1, 1153.0799560546875)]","[(0, 2269.18212890625), (1, 3045.677490234375)]","[(0, 22786.75), (1, 15282.4072265625)]","[(0, 16303.1533203125), (1, 14315.287109375)]","[(0, 4596.62158203125), (1, 2731.026123046875)]","[(0, 2141.5146484375), (1, 2041.4683837890625)]","[(0, 5988.33642578125), (1, 6130.98291015625)]","[(0, 1128.4967041015625), (1, 1091.08349609375)]","[(4, 671.6186930338541), (1, 690.998046875), (5, 727.1895862926136), (2, 770.1131036931819), (3, 840.6289950284091), (0, 881.1960227272727)]","[(0, 3773.57421875), (1, 2867.47705078125)]","[(1, 235.4224365234375), (2, 246.74224175347223), (4, 280.0492431640625), (5, 292.8514811197917), (0, 334.3397623697917), (3, 405.8673502604167)]","[(0, 2000.245361328125), (1, 1129.3828125)]","[(1, 144.3907752403846), (4, 173.24678861177884), (2, 190.52775065104166), (0, 201.92718505859375), (5, 217.2861328125), (3, 223.2237345377604)]","[(0, 3293.906982421875), (1, 2799.89013671875)]"
100,"[(0, 1263.6671142578125), (1, 1390.4169921875)]","[(0, 3309.52490234375), (1, 5043.14599609375)]","[(0, 8202.4560546875), (1, 5986.6748046875)]","[(0, 7070.08935546875), (1, 6144.70947265625)]","[(0, 9486.9365234375), (1, 5095.4111328125)]","[(0, 8222.8115234375), (1, 9532.7177734375)]","[(0, 9420.65234375), (1, 9677.794921875)]","[(0, 3312.632080078125), (1, 3773.1279296875)]","[(4, 34.68150329589844), (5, 43.925994873046875), (1, 44.284220377604164), (3, 50.88151448567708), (2, 51.51231032151442), (0, 57.381173270089285)]","[(0, 2066.767333984375), (1, 2013.9339599609375)]","[(1, 123.34653883713942), (2, 154.34542846679688), (4, 180.181640625), (0, 190.3574884588068), (5, 248.6703369140625), (3, 397.1829427083333)]","[(0, 4486.2373046875), (1, 2064.57568359375)]","[(1, 53.13972303602431), (4, 63.73352728949653), (3, 79.908203125), (0, 83.46743774414062), (5, 87.91151428222656), (2, 91.29315185546875)]","[(0, 10386.6513671875), (1, 8300.6005859375)]"
101,"[(0, 1127.097412109375), (1, 1344.22607421875)]","[(0, 1456.8834228515625), (1, 1666.3306884765625)]","[(0, 7020.068359375), (1, 9148.763671875)]","[(0, 12193.1015625), (1, 10991.623046875)]","[(0, 4742.24462890625), (1, 2578.19677734375)]","[(0, 9021.5234375), (1, 9914.5947265625)]","[(0, 9353.9208984375), (1, 10659.6865234375)]","[(0, 1583.9715576171875), (1, 1821.7547607421875)]","[(4, 72.79481288364956), (3, 81.76515549879808), (1, 129.81617228190103), (5, 131.74747721354166), (0, 164.27353737571022), (2, 266.86220703125)]","[(0, 5168.2880859375), (1, 2518.27001953125)]","[(1, 112.60216346153847), (2, 121.69773356119792), (4, 158.75382856889203), (5, 181.8720458984375), (0, 242.5249689275568), (3, 433.6426595052083)]","[(0, 3124.741455078125), (1, 2605.371826171875)]","[(1, 84.45423126220703), (2, 93.42347063337054), (4, 105.76680261948529), (5, 113.29832356770834), (0, 166.08401925223214), (3, 183.13974609375)]","[(0, 3928.535400390625), (1, 3610.3251953125)]"
102,"[(0, 1228.3548583984375), (1, 1454.1357421875)]","[(0, 317.71514892578125), (1, 307.76287841796875)]","[(0, 1837.821044921875), (1, 2274.89599609375)]","[(0, 6782.87890625), (1, 6387.89013671875)]","[(0, 908.4933471679688), (1, 741.6002807617188)]","[(0, 6341.65576171875), (1, 6071.14697265625)]","[(0, 5275.05078125), (1, 6140.71435546875)]","[(0, 999.7021484375), (1, 883.9495849609375)]","[(2, 102.9437744140625), (1, 107.81425476074219), (5, 127.08796037946429), (4, 128.225), (0, 189.67426409040178), (3, 256.3561260516827)]","[(0, 3046.46484375), (1, 4188.6337890625)]","[(4, 441.271484375), (5, 583.4968668619791), (1, 601.8600886418269), (3, 620.1188557942709), (2, 702.389892578125), (0, 721.478271484375)]","[(0, 2749.242431640625), (1, 2658.241943359375)]","[(1, 36.8392219543457), (2, 54.54367937360491), (4, 56.12108612060547), (5, 59.483895438058035), (0, 76.21522739955357), (3, 80.47998046875)]","[(0, 4721.5537109375), (1, 4342.39208984375)]"
103,"[(0, 1128.866455078125), (1, 1272.80419921875)]","[(0, 388.6172790527344), (1, 321.2498779296875)]","[(0, 5531.86572265625), (1, 3973.960693359375)]","[(0, 17301.109375), (1, 13527.21484375)]","[(0, 1575.317626953125), (1, 1259.9686279296875)]","[(0, 1948.9368896484375), (1, 1841.91552734375)]","[(0, 4704.87353515625), (1, 4016.74951171875)]","[(0, 2171.12060546875), (1, 1783.4334716796875)]","[(4, 45.01232147216797), (1, 50.61987740652902), (3, 50.68068033854167), (5, 63.099317278180806), (0, 66.97740760216347), (2, 83.25624593098958)]","[(0, 2444.40380859375), (1, 2768.262939453125)]","[(4, 181.4328816731771), (5, 225.61348100142047), (3, 251.62990500710228), (2, 280.1173650568182), (0, 313.7144886363636), (1, 341.4375406901042)]","[(0, 1146.3636474609375), (1, 1438.218017578125)]","[(1, 173.4083584872159), (2, 186.703759765625), (4, 202.84193004261363), (5, 220.8420166015625), (0, 362.040673828125), (3, 430.07294921875)]","[(0, 14372.095703125), (1, 10068.6240234375)]"
104,"[(0, 1247.5152587890625), (1, 1463.44140625)]","[(0, 2359.782958984375), (1, 3144.7412109375)]","[(0, 30003.82421875), (1, 26191.8984375)]","[(0, 5298.55615234375), (1, 5461.01318359375)]","[(0, 3472.21142578125), (1, 2394.04638671875)]","[(0, 6992.35302734375), (1, 7773.0869140625)]","[(0, 7973.73828125), (1, 9188.365234375)]","[(0, 2227.230712890625), (1, 1441.3150634765625)]","[(1, 100.75637582632211), (2, 111.5540262858073), (4, 122.0926983173077), (5, 136.88744099934897), (0, 142.10820515950522), (3, 176.78316243489584)]","[(0, 4918.505859375), (1, 4462.1591796875)]","[(2, 30.02967482346755), (5, 32.95208994547526), (1, 33.08631025041853), (4, 37.17638455904447), (0, 73.95482381184895), (3, 90.6678799715909)]","[(0, 2349.085205078125), (1, 2364.64013671875)]","[(1, 44.33097185407366), (2, 54.33545391376202), (4, 79.57328796386719), (5, 107.15137828480114), (0, 111.3919677734375), (3, 225.3940185546875)]","[(0, 13633.2314453125), (1, 10281.0341796875)]"
105,"[(0, 1658.9647216796875), (1, 1974.5035400390625)]","[(0, 865.42626953125), (1, 986.425048828125)]","[(0, 8205.7265625), (1, 7411.828125)]","[(0, 6402.2041015625), (1, 6586.0771484375)]","[(0, 8301.3046875), (1, 5086.5703125)]","[(0, 4843.61865234375), (1, 5305.55908203125)]","[(0, 8800.0009765625), (1, 10877.115234375)]","[(0, 1588.96875), (1, 1736.5982666015625)]","[(2, 121.3251220703125), (1, 131.8213778409091), (4, 159.312255859375), (5, 164.38911576704547), (0, 166.5684814453125), (3, 210.5413263494318)]","[(0, 833.9555053710938), (1, 1223.7386474609375)]","[(5, 279.4655095880682), (4, 315.3345133463542), (2, 340.81551846590907), (1, 383.112060546875), (3, 401.06369850852275), (0, 507.01180752840907)]","[(0, 1564.72802734375), (1, 1669.664794921875)]","[(1, 54.168426513671875), (2, 56.00330998347356), (4, 117.17745971679688), (5, 131.1988858309659), (0, 138.31636555989584), (3, 337.421044921875)]","[(0, 4021.64794921875), (1, 3579.251708984375)]"
106,"[(0, 919.2554321289062), (1, 1022.2222290039062)]","[(0, 880.9346313476562), (1, 973.8655395507812)]","[(0, 5340.33740234375), (1, 3840.104736328125)]","[(0, 5513.72119140625), (1, 4610.85107421875)]","[(0, 4747.00927734375), (1, 2955.994873046875)]","[(0, 5624.904296875), (1, 5216.75732421875)]","[(0, 17442.7578125), (1, 19168.65234375)]","[(0, 2673.05517578125), (1, 2310.696044921875)]","[(1, 61.50614711216518), (4, 66.44635823567708), (2, 69.6040751139323), (5, 77.81268310546875), (0, 134.99737548828125), (3, 140.31785231370193)]","[(0, 2133.215576171875), (1, 3246.893798828125)]","[(4, 120.9669189453125), (3, 156.1045125325521), (1, 212.15214399857953), (5, 222.87244762073863), (0, 318.33916015625), (2, 496.6837565104167)]","[(0, 3814.60546875), (1, 2581.13671875)]","[(4, 57.38663330078125), (1, 76.53275844029018), (5, 90.1396484375), (3, 105.79371056189903), (2, 126.106201171875), (0, 154.82500203450522)]","[(0, 1963.0157470703125), (1, 1738.0504150390625)]"
107,"[(0, 2615.686279296875), (1, 3310.727783203125)]","[(0, 1524.03515625), (1, 1861.442626953125)]","[(0, 37890.64453125), (1, 29507.6875)]","[(0, 4466.9365234375), (1, 4747.84228515625)]","[(0, 2734.792236328125), (1, 2397.519287109375)]","[(0, 5619.24267578125), (1, 5174.6650390625)]","[(0, 9125.8466796875), (1, 10880.45703125)]","[(0, 1744.8221435546875), (1, 1703.9239501953125)]","[(4, 66.99730975811298), (3, 69.22901916503906), (1, 113.49666341145833), (0, 132.01694557883522), (5, 132.7457275390625), (2, 267.8310546875)]","[(0, 3286.050537109375), (1, 2587.37060546875)]","[(2, 137.58111572265625), (1, 156.81110026041668), (4, 216.12171349158655), (5, 229.9023234049479), (0, 252.67142427884616), (3, 545.4960049715909)]","[(0, 652.1406860351562), (1, 704.7705078125)]","[(2, 269.4278564453125), (1, 277.46450570913464), (4, 347.52392578125), (5, 353.232666015625), (0, 424.8346761067708), (3, 559.6075439453125)]","[(0, 8187.8876953125), (1, 5728.10498046875)]"
108,"[(0, 1231.9775390625), (1, 1495.012451171875)]","[(0, 1008.130126953125), (1, 1106.924072265625)]","[(0, 5187.37841796875), (1, 4291.5439453125)]","[(0, 3031.56201171875), (1, 2819.2314453125)]","[(0, 4609.06201171875), (1, 3301.026611328125)]","[(0, 8820.1826171875), (1, 9687.8515625)]","[(0, 14064.91015625), (1, 21777.38671875)]","[(0, 1537.7471923828125), (1, 1494.224853515625)]","[(4, 164.1253662109375), (5, 194.3154093424479), (3, 211.12896259014423), (1, 238.92793782552084), (2, 261.373876953125), (0, 321.78646573153407)]","[(0, 8492.015625), (1, 7431.97998046875)]","[(1, 96.43327113560268), (2, 97.3148944561298), (4, 181.7523193359375), (5, 198.03639914772728), (0, 228.52779134114584), (3, 600.967041015625)]","[(0, 4143.70947265625), (1, 4079.019775390625)]","[(1, 75.37793782552083), (3, 96.54637908935547), (0, 110.50948660714286), (4, 114.65772920496323), (5, 125.06214192708333), (2, 135.08103590745193)]","[(0, 2723.11083984375), (1, 2513.600830078125)]"
109,"[(0, 1667.4697265625), (1, 1870.4193115234375)]","[(0, 571.1775512695312), (1, 601.1051025390625)]","[(0, 20177.646484375), (1, 18661.021484375)]","[(0, 11193.810546875), (1, 10668.1376953125)]","[(0, 3055.5078125), (1, 2133.65283203125)]","[(0, 3496.29833984375), (1, 4044.18994140625)]","[(0, 5586.5576171875), (1, 5389.474609375)]","[(0, 1925.4901123046875), (1, 2570.376220703125)]","[(2, 148.177197265625), (1, 161.23338734019887), (5, 193.8493408203125), (4, 202.40580610795453), (0, 261.2222412109375), (3, 332.750732421875)]","[(0, 3661.396240234375), (1, 1505.5465087890625)]","[(4, 88.8382568359375), (3, 101.4949951171875), (5, 117.88271262428977), (0, 159.07700417258522), (2, 168.11658824573863), (1, 248.76310221354166)]","[(0, 4982.3388671875), (1, 3213.65380859375)]","[(1, 81.05572509765625), (4, 86.52703094482422), (5, 120.57941545758929), (3, 129.0093035016741), (2, 130.92867606026786), (0, 141.1498064313616)]","[(0, 14314.4814453125), (1, 10099.9853515625)]"
110,"[(0, 1056.1920166015625), (1, 1198.7864990234375)]","[(0, 1462.2061767578125), (1, 2070.684326171875)]","[(0, 3430.953857421875), (1, 2960.401611328125)]","[(0, 6877.529296875), (1, 6437.45751953125)]","[(0, 2848.2431640625), (1, 2934.788818359375)]","[(0, 3878.580810546875), (1, 3334.0634765625)]","[(0, 10995.2607421875), (1, 12199.7197265625)]","[(0, 1355.0751953125), (1, 1203.2799072265625)]","[(4, 103.37355393629808), (1, 109.74032827524039), (3, 144.68801879882812), (0, 155.12628173828125), (5, 162.9758097330729), (2, 169.91629028320312)]","[(0, 2832.00830078125), (1, 2508.596923828125)]","[(2, 90.52403846153847), (1, 98.68313162667411), (5, 169.33740234375), (4, 179.60770357572116), (0, 215.383544921875), (3, 437.85915305397725)]","[(0, 5055.83056640625), (1, 2719.376220703125)]","[(1, 205.81385387073863), (4, 246.56840376420453), (2, 309.27314453125), (5, 383.2304931640625), (0, 426.6109375), (3, 544.420654296875)]","[(0, 3182.517578125), (1, 2801.972412109375)]"
111,"[(0, 1187.205078125), (1, 1646.293212890625)]","[(0, 2759.219970703125), (1, 4415.66943359375)]","[(0, 9714.755859375), (1, 10722.5126953125)]","[(0, 4574.1923828125), (1, 6015.51318359375)]","[(0, 1680.9149169921875), (1, 1565.3511962890625)]","[(0, 10564.1611328125), (1, 9650.0087890625)]","[(0, 7924.0390625), (1, 10181.005859375)]","[(0, 1248.695556640625), (1, 1025.34765625)]","[(4, 135.2815900530134), (1, 139.17713274274553), (3, 160.34380634014423), (0, 166.45457106370193), (5, 207.23538912259616), (2, 208.11316856971155)]","[(0, 2520.854248046875), (1, 3505.22900390625)]","[(4, 214.23078264508928), (5, 227.3263221153846), (3, 341.09487680288464), (2, 344.9246826171875), (1, 428.2341496394231), (0, 510.2354736328125)]","[(0, 2891.25439453125), (1, 2577.159423828125)]","[(1, 41.58830350988052), (2, 54.13409423828125), (0, 96.566455078125), (5, 102.17668805803571), (4, 109.25182291666667), (3, 193.09031325120193)]","[(0, 10664.2109375), (1, 8732.3935546875)]"
112,"[(0, 1415.66064453125), (1, 1612.5413818359375)]","[(0, 1438.3660888671875), (1, 2078.563720703125)]","[(0, 6470.8369140625), (1, 6199.68115234375)]","[(0, 4103.2998046875), (1, 4475.93408203125)]","[(0, 2781.927001953125), (1, 2159.87255859375)]","[(0, 7600.1455078125), (1, 8360.1845703125)]","[(0, 12400.7626953125), (1, 22690.966796875)]","[(0, 2791.904296875), (1, 2633.142333984375)]","[(1, 140.489501953125), (2, 164.00544084821428), (4, 182.99454171316964), (5, 235.70641150841345), (0, 241.48067533052884), (3, 350.03515625)]","[(0, 2387.271484375), (1, 1911.112548828125)]","[(2, 116.50202287946429), (5, 140.0163835797991), (1, 140.76632486979167), (4, 146.96995442708334), (0, 175.76297433035714), (3, 208.84685407366072)]","[(0, 7477.451171875), (1, 5786.0888671875)]","[(4, 30.545424241286057), (1, 41.81134033203125), (3, 51.23848978678385), (5, 62.51443758877841), (0, 70.42314009232955), (2, 87.88242797851562)]","[(0, 17810.021484375), (1, 13564.53515625)]"
113,"[(0, 1006.2144165039062), (1, 1214.4180908203125)]","[(0, 817.0263061523438), (1, 925.4404907226562)]","[(0, 5155.23828125), (1, 6211.97900390625)]","[(0, 14883.201171875), (1, 13476.533203125)]","[(0, 12884.046875), (1, 8648.7763671875)]","[(0, 17042.3203125), (1, 17722.763671875)]","[(0, 4696.75), (1, 4158.11474609375)]","[(0, 2097.69091796875), (1, 1923.784912109375)]","[(4, 136.73023399939905), (5, 142.83245849609375), (1, 161.89695387620193), (2, 171.8902791341146), (3, 173.09423828125), (0, 207.96185302734375)]","[(0, 1503.4100341796875), (1, 957.2843627929688)]","[(1, 293.0542689732143), (2, 303.69796048677887), (5, 318.82891845703125), (4, 328.03647085336536), (0, 357.4411214192708), (3, 414.47611860795456)]","[(0, 3795.0439453125), (1, 3363.2490234375)]","[(1, 76.17936488560268), (2, 81.8133544921875), (5, 115.1827059659091), (4, 116.02162679036458), (0, 155.3095499674479), (3, 270.6228515625)]","[(0, 2802.139404296875), (1, 2483.558349609375)]"
114,"[(0, 1438.956787109375), (1, 1665.2774658203125)]","[(0, 1658.842041015625), (1, 2398.264892578125)]","[(0, 12995.7392578125), (1, 12082.1064453125)]","[(0, 13739.646484375), (1, 15316.2138671875)]","[(0, 10426.1591796875), (1, 6732.58544921875)]","[(0, 14821.8125), (1, 14706.0185546875)]","[(0, 11229.287109375), (1, 12411.505859375)]","[(0, 2918.64208984375), (1, 3219.212158203125)]","[(1, 301.5458318536932), (2, 306.974072265625), (4, 466.7623401988636), (5, 497.688232421875), (0, 515.028466796875), (3, 836.72109375)]","[(0, 1397.219482421875), (1, 1511.621337890625)]","[(2, 95.36268967848558), (1, 109.70858328683036), (4, 112.60145920973558), (5, 119.9110107421875), (0, 211.73221842447916), (3, 269.1002086292614)]","[(0, 4990.08984375), (1, 3740.767333984375)]","[(1, 83.9862060546875), (2, 105.64749908447266), (0, 151.85309244791668), (5, 153.36387416294642), (4, 164.95242513020833), (3, 245.705322265625)]","[(0, 19101.150390625), (1, 13762.4658203125)]"
115,"[(0, 1353.342041015625), (1, 1593.1090087890625)]","[(0, 1980.1202392578125), (1, 2999.67431640625)]","[(0, 20077.5625), (1, 17769.830078125)]","[(0, 5779.201171875), (1, 4420.75927734375)]","[(0, 6946.658203125), (1, 6287.08642578125)]","[(0, 11935.7890625), (1, 11797.65625)]","[(0, 11036.49609375), (1, 16548.79296875)]","[(0, 1889.83837890625), (1, 1416.899169921875)]","[(1, 284.89627511160717), (2, 288.98970853365387), (4, 360.2649623325893), (5, 375.22119140625), (0, 411.9670222355769), (3, 529.8268855168269)]","[(0, 1738.4539794921875), (1, 1539.103515625)]","[(1, 261.18130258413464), (2, 314.48248291015625), (4, 333.1657527043269), (0, 340.53806559244794), (5, 458.51025390625), (3, 478.61572265625)]","[(0, 3402.572509765625), (1, 3409.91064453125)]","[(1, 25.029249403211807), (2, 34.772212982177734), (4, 34.94538370768229), (5, 38.704627990722656), (0, 51.73310470581055), (3, 57.600799560546875)]","[(0, 3745.400634765625), (1, 3490.05517578125)]"
116,"[(0, 1919.5699462890625), (1, 2236.801025390625)]","[(0, 1689.9925537109375), (1, 2510.9150390625)]","[(0, 6217.10546875), (1, 4588.8251953125)]","[(0, 2044.7281494140625), (1, 1825.37646484375)]","[(0, 2940.78173828125), (1, 2557.601318359375)]","[(0, 12082.63671875), (1, 13010.880859375)]","[(0, 16466.56640625), (1, 25810.212890625)]","[(0, 2715.872314453125), (1, 2168.093505859375)]","[(2, 299.1817737926136), (1, 300.011474609375), (4, 414.317626953125), (5, 431.68625710227275), (0, 458.3406427556818), (3, 652.1917613636364)]","[(0, 2682.651123046875), (1, 3472.108642578125)]","[(4, 243.20988581730768), (2, 282.539794921875), (5, 283.7765706380208), (0, 352.704833984375), (3, 356.367919921875), (1, 377.81441556490387)]","[(0, 3672.937255859375), (1, 3880.649169921875)]","[(1, 69.66148376464844), (4, 70.5259650735294), (5, 84.59412434895833), (3, 89.464013671875), (2, 107.00312151227679), (0, 107.57380894252232)]","[(0, 1726.5545654296875), (1, 1489.2364501953125)]"
117,"[(0, 1328.0408935546875), (1, 1563.6279296875)]","[(0, 1186.91015625), (1, 1439.0096435546875)]","[(0, 45852.92578125), (1, 46040.91015625)]","[(0, 7199.001953125), (1, 7428.18115234375)]","[(0, 6147.78076171875), (1, 3032.825927734375)]","[(0, 16456.56640625), (1, 18473.998046875)]","[(0, 8247.095703125), (1, 6944.00830078125)]","[(0, 1849.6246337890625), (1, 1946.3905029296875)]","[(2, 203.81529822716345), (1, 204.55167061941964), (4, 206.13692801339286), (5, 206.96717247596155), (3, 289.7538499098558), (0, 291.01778470552887)]","[(0, 1572.5849609375), (1, 1930.1793212890625)]","[(2, 446.60671164772725), (4, 554.6366373697916), (5, 581.7311345880681), (1, 637.7864990234375), (0, 776.1073330965909), (3, 1017.0176669034091)]","[(0, 3739.094482421875), (1, 3646.064697265625)]","[(1, 114.13408954326923), (2, 135.78448486328125), (4, 179.8171183268229), (5, 225.89919211647728), (0, 341.06491921164775), (3, 573.9736328125)]","[(0, 2650.024658203125), (1, 2416.424560546875)]"
118,"[(0, 845.1953125), (1, 1077.403564453125)]","[(0, 395.4871520996094), (1, 366.5459289550781)]","[(0, 11504.2900390625), (1, 10180.345703125)]","[(0, 8751.9775390625), (1, 11044.0771484375)]","[(0, 4191.9462890625), (1, 3619.875)]","[(0, 19334.0703125), (1, 17358.771484375)]","[(0, 6464.90283203125), (1, 7392.6767578125)]","[(0, 1162.1297607421875), (1, 1139.3402099609375)]","[(4, 36.43109944661458), (1, 43.082715715680806), (3, 49.53052193777902), (5, 62.73574594350961), (0, 62.85545935997596), (2, 80.78099568684895)]","[(0, 5708.6142578125), (1, 5021.20068359375)]","[(4, 859.2034801136364), (5, 1032.9978515625), (1, 1047.6724076704545), (3, 1133.64365234375), (2, 1273.30810546875), (0, 1411.97568359375)]","[(0, 1312.452392578125), (1, 1712.2308349609375)]","[(4, 192.1690877278646), (1, 238.1612752278646), (3, 257.9940740411932), (5, 266.0415704900568), (0, 333.91867897727275), (2, 339.17258522727275)]","[(0, 3105.40478515625), (1, 2787.947998046875)]"
119,"[(0, 1337.251220703125), (1, 1586.509765625)]","[(0, 877.5851440429688), (1, 1312.1739501953125)]","[(0, 13901.8837890625), (1, 15057.015625)]","[(0, 6412.4267578125), (1, 5420.9912109375)]","[(0, 4992.212890625), (1, 4181.6328125)]","[(0, 12356.3994140625), (1, 11105.037109375)]","[(0, 9838.90234375), (1, 10797.2255859375)]","[(0, 2177.384521484375), (1, 2204.05224609375)]","[(4, 53.54095458984375), (3, 55.61949055989583), (5, 81.73160226004464), (1, 85.55515834263393), (0, 98.71465594951923), (2, 164.7764892578125)]","[(0, 2477.3701171875), (1, 2452.578857421875)]","[(1, 98.41459147135417), (4, 106.097314453125), (0, 165.30558894230768), (3, 177.8152794471154), (2, 183.0201697716346), (5, 197.42516150841345)]","[(0, 4660.86181640625), (1, 5051.955078125)]","[(4, 300.0618489583333), (5, 316.1155894886364), (3, 358.34561434659093), (1, 458.1395670572917), (2, 489.58931107954544), (0, 571.5892666903409)]","[(0, 14098.9140625), (1, 10349.294921875)]"
120,"[(0, 2515.677490234375), (1, 3276.721923828125)]","[(0, 1067.86572265625), (1, 1615.27490234375)]","[(0, 16899.103515625), (1, 14715.91015625)]","[(0, 9649.189453125), (1, 8597.3955078125)]","[(0, 16646.7578125), (1, 7909.59619140625)]","[(0, 10143.2392578125), (1, 11326.24609375)]","[(0, 6625.43798828125), (1, 7600.3408203125)]","[(0, 1375.61083984375), (1, 1268.89013671875)]","[(4, 95.4373291015625), (3, 97.68832632211539), (1, 119.54466145833334), (0, 131.85113055889423), (5, 163.08379657451923), (2, 216.91162109375)]","[(0, 3751.703369140625), (1, 1943.30419921875)]","[(1, 173.6074015299479), (2, 177.7906827059659), (4, 232.53404651988637), (5, 246.38681640625), (0, 460.32587890625), (3, 629.5386827256945)]","[(0, 1655.123779296875), (1, 1132.7012939453125)]","[(1, 146.97556966145834), (0, 159.20840890066964), (2, 170.91836983816964), (4, 233.53029087611608), (3, 245.84782527043268), (5, 256.1706355168269)]","[(0, 11755.4609375), (1, 9596.6962890625)]"
121,"[(0, 1439.6142578125), (1, 1693.478271484375)]","[(0, 1055.3240966796875), (1, 1605.446044921875)]","[(0, 3804.24072265625), (1, 2560.251708984375)]","[(0, 3354.644775390625), (1, 2811.12890625)]","[(0, 7884.46484375), (1, 3843.867919921875)]","[(0, 8158.8134765625), (1, 8847.107421875)]","[(0, 5145.861328125), (1, 4610.83349609375)]","[(0, 1551.41748046875), (1, 1542.700927734375)]","[(4, 102.38728550502232), (3, 108.47550455729167), (1, 121.29151204427083), (0, 131.28687462439905), (5, 188.9810587565104), (2, 216.77462064302884)]","[(0, 1980.96923828125), (1, 1188.8167724609375)]","[(4, 166.39409930889423), (3, 212.77994791666666), (1, 332.38596598307294), (5, 367.5389959161932), (0, 455.3623046875), (2, 772.416015625)]","[(0, 1913.759033203125), (1, 1650.8360595703125)]","[(1, 63.76112747192383), (2, 65.84591471354166), (0, 119.41006905691964), (5, 136.58245380108173), (4, 142.51260811941964), (3, 312.4508870442708)]","[(0, 2856.057861328125), (1, 2721.511474609375)]"
122,"[(0, 1920.99658203125), (1, 2441.419677734375)]","[(0, 761.0654296875), (1, 968.2984008789062)]","[(0, 3116.42919921875), (1, 2848.931884765625)]","[(0, 6082.876953125), (1, 5149.189453125)]","[(0, 12055.8876953125), (1, 7299.84912109375)]","[(0, 17361.255859375), (1, 15455.6669921875)]","[(0, 5761.6953125), (1, 6648.16650390625)]","[(0, 2475.768798828125), (1, 3076.13818359375)]","[(2, 28.72254180908203), (1, 31.130988625919116), (5, 44.30426839192708), (4, 48.39423370361328), (0, 50.45934244791667), (3, 87.32557896205357)]","[(0, 1756.747802734375), (1, 1618.2939453125)]","[(4, 63.487644740513396), (5, 65.24689659705528), (1, 67.06677682059151), (2, 78.91829740084134), (3, 106.5262451171875), (0, 128.34943096454327)]","[(0, 5600.84912109375), (1, 2808.603271484375)]","[(1, 180.05156598772322), (5, 213.0157189002404), (2, 217.11838942307693), (4, 239.92571149553572), (3, 242.43134014423077), (0, 249.87659630408655)]","[(0, 15646.6982421875), (1, 10799.1005859375)]"
123,"[(0, 1153.9078369140625), (1, 1253.0228271484375)]","[(0, 449.87347412109375), (1, 433.3846740722656)]","[(0, 5989.2099609375), (1, 6437.6103515625)]","[(0, 8553.4462890625), (1, 8532.5732421875)]","[(0, 7750.4287109375), (1, 4344.0654296875)]","[(0, 11639.6220703125), (1, 10519.22265625)]","[(0, 7684.02978515625), (1, 11538.505859375)]","[(0, 1655.1925048828125), (1, 1170.20166015625)]","[(2, 116.2415771484375), (1, 120.95311482747395), (4, 128.36842564174108), (5, 149.37532552083334), (3, 151.98595252403845), (0, 168.4251708984375)]","[(0, 3032.869140625), (1, 2649.96533203125)]","[(4, 420.2733968098958), (1, 512.3800455729166), (5, 554.3775301846591), (3, 572.1101296164773), (2, 685.6102183948864), (0, 695.7478249289773)]","[(0, 2158.29736328125), (1, 1457.2071533203125)]","[(4, 73.93314772385817), (1, 88.29423014322917), (3, 110.54807535807292), (0, 158.9365900213068), (5, 164.19749866832387), (2, 204.3885986328125)]","[(0, 6581.41845703125), (1, 5977.888671875)]"
124,"[(0, 1524.782470703125), (1, 1719.76025390625)]","[(0, 2697.512939453125), (1, 3851.632080078125)]","[(0, 22732.7265625), (1, 26947.21875)]","[(0, 7554.68408203125), (1, 6412.56787109375)]","[(0, 4743.59716796875), (1, 4517.802734375)]","[(0, 5165.02099609375), (1, 5709.94287109375)]","[(0, 12081.576171875), (1, 17492.94921875)]","[(0, 4714.92578125), (1, 3426.49365234375)]","[(4, 87.8048565204327), (3, 97.51206461588542), (1, 152.56253051757812), (5, 172.96464399857953), (0, 181.416015625), (2, 338.0484619140625)]","[(0, 4439.712890625), (1, 3015.13330078125)]","[(4, 52.08686930338542), (3, 61.06825474330357), (0, 100.64736703725961), (5, 102.32909217247597), (1, 118.53850446428571), (2, 163.35680135091147)]","[(0, 1491.8797607421875), (1, 1724.2525634765625)]","[(4, 125.99644886363636), (1, 152.05429909446022), (5, 163.32269287109375), (3, 172.09053955078124), (2, 197.31304931640625), (0, 212.2331787109375)]","[(0, 7813.48876953125), (1, 6889.05615234375)]"
125,"[(0, 1204.8944091796875), (1, 1338.26416015625)]","[(0, 4313.92822265625), (1, 6786.66455078125)]","[(0, 23197.4765625), (1, 19807.556640625)]","[(0, 17896.703125), (1, 15683.5244140625)]","[(0, 4377.318359375), (1, 4761.0048828125)]","[(0, 4368.65185546875), (1, 4490.54345703125)]","[(0, 21198.892578125), (1, 20218.8671875)]","[(0, 2176.191162109375), (1, 2174.500244140625)]","[(5, 388.33296342329544), (2, 418.98362038352275), (4, 445.3240152994792), (1, 471.2974853515625), (3, 591.4530362215909), (0, 635.1551846590909)]","[(0, 1371.7735595703125), (1, 957.128662109375)]","[(1, 478.07790305397725), (2, 497.7248046875), (0, 591.196435546875), (4, 691.8235973011364), (5, 778.542431640625), (3, 866.91240234375)]","[(0, 2531.969970703125), (1, 1873.295166015625)]","[(1, 35.83288215188419), (4, 54.52644258386948), (2, 65.61670735677083), (5, 69.34425455729166), (0, 76.7105224609375), (3, 78.996337890625)]","[(0, 2963.58349609375), (1, 2620.90771484375)]"
126,"[(0, 1624.8431396484375), (1, 1985.751708984375)]","[(0, 2593.522216796875), (1, 3975.609375)]","[(0, 1636.203857421875), (1, 1150.4564208984375)]","[(0, 6463.96533203125), (1, 6773.79052734375)]","[(0, 9552.283203125), (1, 5034.60205078125)]","[(0, 9642.51171875), (1, 8787.279296875)]","[(0, 6168.2822265625), (1, 6239.064453125)]","[(0, 2989.3505859375), (1, 2892.983642578125)]","[(1, 135.48309685202207), (2, 135.83091735839844), (4, 176.00588989257812), (5, 178.80462239583332), (0, 189.47960611979167), (3, 222.10651506696428)]","[(0, 1505.9830322265625), (1, 1060.359619140625)]","[(2, 480.804296875), (1, 500.51176313920456), (0, 752.2755859375), (4, 778.3999467329545), (5, 783.7556640625), (3, 1195.556640625)]","[(0, 3225.413330078125), (1, 2775.162109375)]","[(4, 158.01435198102678), (1, 181.86246163504464), (5, 209.90899188701923), (2, 233.68821364182693), (3, 234.82264122596155), (0, 267.8464167668269)]","[(0, 4090.461181640625), (1, 3913.5888671875)]"
127,"[(0, 1127.572021484375), (1, 1326.458740234375)]","[(0, 2163.484375), (1, 2625.372802734375)]","[(0, 7236.57861328125), (1, 7074.17626953125)]","[(0, 10989.873046875), (1, 10469.912109375)]","[(0, 5594.36279296875), (1, 5272.18896484375)]","[(0, 5818.19873046875), (1, 5433.44873046875)]","[(0, 6910.296875), (1, 6124.01123046875)]","[(0, 5632.39794921875), (1, 5171.86279296875)]","[(2, 50.221625832950366), (1, 51.628713507401315), (5, 55.92439439561632), (4, 55.9700439453125), (0, 89.40204216452206), (3, 94.08180745442708)]","[(0, 2766.04248046875), (1, 1799.2760009765625)]","[(2, 77.85939243861607), (1, 96.3778564453125), (4, 121.2542255108173), (0, 122.8277587890625), (5, 141.4357706705729), (3, 278.07958984375)]","[(0, 3595.406005859375), (1, 2472.565673828125)]","[(1, 40.201714010799634), (4, 59.781959533691406), (2, 64.5411865234375), (0, 83.01261393229167), (5, 83.38197544642857), (3, 93.65272739955357)]","[(0, 20991.8203125), (1, 16202.1884765625)]"
128,"[(0, 1425.2452392578125), (1, 1673.5697021484375)]","[(0, 428.0299377441406), (1, 380.8133544921875)]","[(0, 28957.689453125), (1, 22400.404296875)]","[(0, 16798.388671875), (1, 14764.505859375)]","[(0, 15549.873046875), (1, 8327.5029296875)]","[(0, 2884.587890625), (1, 3043.8046875)]","[(0, 4243.27734375), (1, 4898.99853515625)]","[(0, 1313.5599365234375), (1, 1593.7684326171875)]","[(2, 114.572509765625), (1, 124.67958170572916), (0, 313.6011305588942), (4, 362.26280799278845), (5, 380.7281901041667), (3, 1015.5968572443181)]","[(0, 1791.8519287109375), (1, 1629.4051513671875)]","[(4, 251.1794230143229), (5, 327.33334073153407), (3, 342.69020774147725), (1, 465.3316243489583), (2, 472.1612659801136), (0, 519.8605291193181)]","[(0, 2935.7880859375), (1, 2764.829345703125)]","[(4, 355.1888982599432), (2, 373.8727361505682), (1, 396.9127604166667), (5, 400.6706787109375), (0, 468.83993252840907), (3, 504.191064453125)]","[(0, 2528.966552734375), (1, 2149.834716796875)]"
129,"[(0, 1864.7501220703125), (1, 2343.156982421875)]","[(0, 1436.6778564453125), (1, 1779.9290771484375)]","[(0, 14534.7578125), (1, 13227.8896484375)]","[(0, 3183.813720703125), (1, 3434.129150390625)]","[(0, 11454.533203125), (1, 5984.7392578125)]","[(0, 4848.25830078125), (1, 5543.9443359375)]","[(0, 9634.146484375), (1, 12569.57421875)]","[(0, 4371.32763671875), (1, 3265.75)]","[(5, 41.58082834879557), (2, 42.768839518229164), (4, 49.99886850210336), (1, 52.34304574819711), (3, 56.260416666666664), (0, 61.09410603841146)]","[(0, 3587.27880859375), (1, 2395.831298828125)]","[(2, 125.61952718098958), (4, 160.33088566706732), (0, 162.61963907877603), (5, 162.89755249023438), (1, 188.53374774639423), (3, 204.9852498372396)]","[(0, 5059.0859375), (1, 2458.489501953125)]","[(1, 89.56234920726104), (4, 95.7965087890625), (5, 164.99900716145834), (2, 168.09332682291668), (3, 179.6974609375), (0, 188.223388671875)]","[(0, 12996.693359375), (1, 9688.2216796875)]"
130,"[(0, 1302.5660400390625), (1, 1556.14208984375)]","[(0, 2432.858154296875), (1, 3486.974609375)]","[(0, 4200.5703125), (1, 4057.08447265625)]","[(0, 7363.90380859375), (1, 6042.29541015625)]","[(0, 1408.9410400390625), (1, 1150.7374267578125)]","[(0, 7419.43798828125), (1, 6803.1103515625)]","[(0, 5981.66943359375), (1, 7778.7080078125)]","[(0, 1071.6011962890625), (1, 1481.44140625)]","[(4, 55.505619303385416), (3, 62.404610770089285), (5, 96.27621694711539), (1, 110.40686974158653), (0, 144.337890625), (2, 223.30528675426137)]","[(0, 7745.544921875), (1, 6941.525390625)]","[(3, 111.75810546875), (4, 120.84468078613281), (0, 150.99129813058036), (1, 175.80869140625), (5, 184.36567034040178), (2, 263.2435772235577)]","[(0, 1539.763427734375), (1, 1512.7916259765625)]","[(1, 425.1796061197917), (2, 440.0162464488636), (4, 586.7769368489584), (0, 631.56494140625), (5, 641.3411754261364), (3, 898.7174183238636)]","[(0, 5410.14013671875), (1, 4795.90283203125)]"
131,"[(0, 970.8448486328125), (1, 1136.6297607421875)]","[(0, 1502.09375), (1, 1888.68798828125)]","[(0, 7123.271484375), (1, 6550.34130859375)]","[(0, 25697.083984375), (1, 18480.166015625)]","[(0, 1879.35498046875), (1, 1229.3292236328125)]","[(0, 3714.655517578125), (1, 3597.903564453125)]","[(0, 5577.3642578125), (1, 7443.88916015625)]","[(0, 2447.265869140625), (1, 1564.32373046875)]","[(1, 157.08782087053572), (2, 159.48336087740384), (4, 305.8796950120192), (5, 312.40439860026044), (0, 331.42087809244794), (3, 722.2162198153409)]","[(0, 1401.4378662109375), (1, 1204.428466796875)]","[(4, 96.79293387276786), (3, 117.46388753255208), (0, 122.03899274553571), (5, 131.1864952674279), (2, 137.74632161458334), (1, 186.7385711669922)]","[(0, 3439.44189453125), (1, 2514.348876953125)]","[(2, 126.236572265625), (1, 144.94829852764423), (5, 180.943359375), (4, 205.18201622596155), (0, 423.89945845170456), (3, 664.7286044034091)]","[(0, 19688.0078125), (1, 14095.4443359375)]"
132,"[(0, 1304.944580078125), (1, 1568.6090087890625)]","[(0, 1362.6466064453125), (1, 1576.3695068359375)]","[(0, 4890.86669921875), (1, 4265.3447265625)]","[(0, 2802.139404296875), (1, 2916.37744140625)]","[(0, 1777.4278564453125), (1, 1055.57568359375)]","[(0, 5941.4228515625), (1, 6602.54736328125)]","[(0, 4282.01025390625), (1, 5207.3681640625)]","[(0, 4318.0810546875), (1, 2804.97607421875)]","[(1, 97.91947937011719), (2, 102.7927490234375), (4, 132.23655482700892), (0, 143.71756417410714), (5, 173.18599759615384), (3, 259.8875325520833)]","[(0, 7638.74462890625), (1, 7448.95263671875)]","[(2, 136.29929421164772), (1, 142.1687215169271), (5, 223.1595458984375), (4, 235.11135031960228), (0, 277.85185546875), (3, 605.7829861111111)]","[(0, 3179.08349609375), (1, 3744.67578125)]","[(4, 108.66930213341347), (3, 133.26500447591147), (1, 190.43855794270834), (0, 240.0512029474432), (5, 268.84059836647725), (2, 476.237158203125)]","[(0, 20548.142578125), (1, 16617.14453125)]"
133,"[(0, 2329.543212890625), (1, 2813.10546875)]","[(0, 1263.52685546875), (1, 1765.6160888671875)]","[(0, 26482.828125), (1, 23167.298828125)]","[(0, 5747.48681640625), (1, 6150.689453125)]","[(0, 824.9080810546875), (1, 747.1488037109375)]","[(0, 5428.96875), (1, 5763.6083984375)]","[(0, 7950.00244140625), (1, 7184.24267578125)]","[(0, 2747.519287109375), (1, 2221.903564453125)]","[(4, 33.9987678527832), (3, 34.5692626953125), (1, 45.088121686662944), (5, 47.661124093191965), (0, 49.35951115534856), (2, 68.73915608723958)]","[(0, 2998.258544921875), (1, 3190.5341796875)]","[(2, 105.20750209263393), (4, 109.26239013671875), (1, 123.03079986572266), (5, 130.1512189592634), (0, 150.59504045758928), (3, 185.10686383928572)]","[(0, 2607.750732421875), (1, 2472.83447265625)]","[(1, 159.49307250976562), (4, 182.010986328125), (2, 228.2902587890625), (5, 254.7548828125), (3, 272.09915865384613), (0, 304.104248046875)]","[(0, 4470.3330078125), (1, 3559.82421875)]"
134,"[(0, 1117.4537353515625), (1, 1323.6622314453125)]","[(0, 1917.7584228515625), (1, 2781.83154296875)]","[(0, 4234.54150390625), (1, 3858.96728515625)]","[(0, 3638.287353515625), (1, 2564.9755859375)]","[(0, 1695.8902587890625), (1, 1701.7470703125)]","[(0, 5596.71630859375), (1, 5155.77880859375)]","[(0, 8834.544921875), (1, 9977.8525390625)]","[(0, 981.437744140625), (1, 1320.2613525390625)]","[(2, 27.80721435546875), (1, 31.598472595214844), (5, 37.4078125), (0, 39.30918782552083), (4, 41.839881896972656), (3, 51.799625651041666)]","[(0, 2299.1865234375), (1, 2750.674560546875)]","[(4, 127.65726470947266), (5, 152.689208984375), (3, 170.58181966145833), (2, 192.48970540364584), (1, 230.58253696986608), (0, 251.64458759014423)]","[(0, 6373.61474609375), (1, 3471.357177734375)]","[(1, 90.96009063720703), (4, 97.85781860351562), (2, 163.35653250558036), (0, 167.88943917410714), (5, 174.478271484375), (3, 178.56642368861608)]","[(0, 1688.1094970703125), (1, 1511.9630126953125)]"
135,"[(0, 950.6956176757812), (1, 1104.8594970703125)]","[(0, 1462.1824951171875), (1, 1958.734375)]","[(0, 5558.3486328125), (1, 4362.390625)]","[(0, 7684.40380859375), (1, 7057.4921875)]","[(0, 8908.591796875), (1, 4209.171875)]","[(0, 5441.64794921875), (1, 5644.6474609375)]","[(0, 10044.6572265625), (1, 13809.8486328125)]","[(0, 1475.451171875), (1, 1187.702880859375)]","[(2, 75.01088053385416), (1, 76.64576721191406), (4, 80.02910505022321), (5, 83.66773399939903), (0, 103.95363943917411), (3, 127.241455078125)]","[(0, 2052.8759765625), (1, 2106.813232421875)]","[(1, 229.55192683293268), (4, 238.16695149739584), (2, 257.78859456380206), (5, 271.1975763494318), (0, 630.4083362926136), (3, 680.0185546875)]","[(0, 5483.29638671875), (1, 3120.944091796875)]","[(1, 208.57164588341345), (0, 263.72047932942706), (4, 264.55930582682294), (2, 275.09604899088544), (3, 304.8121226917614), (5, 346.0330699573864)]","[(0, 19948.50390625), (1, 14341.49609375)]"
136,"[(0, 1238.3402099609375), (1, 1420.0679931640625)]","[(0, 678.5401611328125), (1, 793.2869873046875)]","[(0, 29765.84765625), (1, 32272.580078125)]","[(0, 6657.79150390625), (1, 7426.70068359375)]","[(0, 6277.8115234375), (1, 2876.379638671875)]","[(0, 15765.9150390625), (1, 16960.5546875)]","[(0, 13395.8701171875), (1, 18553.02734375)]","[(0, 1497.95166015625), (1, 1149.98583984375)]","[(2, 158.508984375), (5, 169.476025390625), (1, 184.251220703125), (4, 195.58131408691406), (0, 229.25545247395834), (3, 245.79013671875)]","[(0, 1984.156982421875), (1, 1473.9111328125)]","[(2, 115.6215487393466), (4, 132.57649739583334), (5, 138.21884987571022), (1, 160.11257934570312), (0, 176.4859286221591), (3, 213.2799405184659)]","[(0, 2070.848388671875), (1, 1861.2110595703125)]","[(2, 93.4905254657452), (1, 93.69306291852679), (4, 138.65440955528845), (5, 145.40885416666666), (0, 238.80582682291666), (3, 374.93212890625)]","[(0, 3257.14990234375), (1, 2960.4775390625)]"
137,"[(0, 1340.1876220703125), (1, 1541.261962890625)]","[(0, 375.81884765625), (1, 322.1764221191406)]","[(0, 9549.87890625), (1, 7290.109375)]","[(0, 15715.970703125), (1, 14787.1650390625)]","[(0, 2840.589599609375), (1, 2209.48291015625)]","[(0, 10838.337890625), (1, 10094.8427734375)]","[(0, 11422.7119140625), (1, 11482.26953125)]","[(0, 1425.9896240234375), (1, 1143.8720703125)]","[(4, 120.77431815011161), (3, 159.60599459134616), (1, 164.42253230168268), (0, 235.01348876953125), (5, 276.7045084635417), (2, 393.69970703125)]","[(0, 5051.82568359375), (1, 3675.2109375)]","[(2, 213.05926513671875), (1, 261.75631009615387), (5, 304.05727132161456), (0, 307.47039794921875), (4, 311.44893704927887), (3, 425.5784098307292)]","[(0, 2715.80615234375), (1, 1954.3531494140625)]","[(1, 216.07088216145834), (2, 224.58800159801137), (0, 352.8680530894886), (4, 384.9975992838542), (5, 417.8702947443182), (3, 655.9768288352273)]","[(0, 2155.136962890625), (1, 2030.9793701171875)]"
138,"[(0, 1754.1947021484375), (1, 2046.4263916015625)]","[(0, 1087.4326171875), (1, 1474.185302734375)]","[(0, 9593.2744140625), (1, 14216.107421875)]","[(0, 3450.925048828125), (1, 3465.763427734375)]","[(0, 12251.03125), (1, 6411.99267578125)]","[(0, 5960.03759765625), (1, 6630.115234375)]","[(0, 10691.3388671875), (1, 15970.6328125)]","[(0, 5198.77392578125), (1, 4648.8935546875)]","[(2, 45.4369686351103), (1, 49.525668674045136), (5, 89.49921061197917), (0, 93.8972396850586), (4, 97.98800659179688), (3, 186.58839634486608)]","[(0, 5849.59423828125), (1, 3828.9765625)]","[(4, 117.86138916015625), (3, 125.61221516927084), (5, 182.60238211495536), (0, 271.56409630408655), (1, 294.5541294642857), (2, 445.7523193359375)]","[(0, 2988.948486328125), (1, 2514.1845703125)]","[(4, 112.83837890625), (5, 116.81996848366477), (1, 131.596435546875), (2, 142.57706705729166), (3, 237.323193359375), (0, 280.72525301846593)]","[(0, 3256.460205078125), (1, 2868.692626953125)]"
139,"[(0, 1305.1319580078125), (1, 1550.8648681640625)]","[(0, 2083.38134765625), (1, 3244.958740234375)]","[(0, 22834.283203125), (1, 20362.3515625)]","[(0, 6553.4970703125), (1, 4644.58642578125)]","[(0, 9586.6162109375), (1, 4973.15771484375)]","[(0, 10436.625), (1, 9476.337890625)]","[(0, 8830.7626953125), (1, 7610.03076171875)]","[(0, 1288.025634765625), (1, 1005.9400024414062)]","[(2, 124.04801802201705), (1, 134.9556681315104), (0, 192.26882102272728), (5, 194.09419389204547), (4, 201.91215006510416), (3, 296.0777033025568)]","[(0, 6907.720703125), (1, 3546.4599609375)]","[(4, 35.62640380859375), (3, 44.04352276141827), (0, 64.67427571614583), (5, 66.20195007324219), (2, 91.94852516867898), (1, 99.81365497295673)]","[(0, 2380.000732421875), (1, 2334.6552734375)]","[(1, 47.83314208984375), (4, 54.403311593191965), (0, 78.90283203125), (2, 80.05248084435097), (5, 105.5780537923177), (3, 106.50748697916667)]","[(0, 2645.552734375), (1, 2410.3359375)]"
140,"[(0, 1608.60546875), (1, 2033.379638671875)]","[(0, 1110.6234130859375), (1, 1559.1666259765625)]","[(0, 3803.848876953125), (1, 3229.236083984375)]","[(0, 11080.2822265625), (1, 14160.4814453125)]","[(0, 6419.75732421875), (1, 4637.89404296875)]","[(0, 7483.158203125), (1, 6662.669921875)]","[(0, 4004.700927734375), (1, 4436.720703125)]","[(0, 934.3533935546875), (1, 956.9279174804688)]","[(2, 146.10066361860797), (1, 148.61712646484375), (4, 207.06477864583334), (5, 214.78520063920453), (0, 233.62624289772728), (3, 335.31669477982956)]","[(0, 1927.7574462890625), (1, 2544.472412109375)]","[(4, 275.971728515625), (1, 282.9230712890625), (5, 318.439208984375), (2, 319.1125759548611), (3, 412.76548936631946), (0, 431.7489963107639)]","[(0, 5582.97265625), (1, 4659.31103515625)]","[(1, 116.40495082310268), (2, 129.30009577824518), (4, 177.1112060546875), (5, 199.78080610795453), (0, 206.13350423177084), (3, 354.5708984375)]","[(0, 2321.26904296875), (1, 2102.08154296875)]"
141,"[(0, 1194.6539306640625), (1, 1367.9908447265625)]","[(0, 655.9793701171875), (1, 717.167724609375)]","[(0, 4237.53515625), (1, 4259.14208984375)]","[(0, 1717.0882568359375), (1, 1720.738037109375)]","[(0, 7455.8037109375), (1, 5393.02197265625)]","[(0, 3019.84130859375), (1, 3235.774658203125)]","[(0, 9990.8408203125), (1, 13198.73046875)]","[(0, 1445.4466552734375), (1, 1688.239013671875)]","[(2, 118.14228515625), (1, 121.8433609008789), (0, 137.36696079799108), (4, 160.54120744977678), (5, 162.27666766826923), (3, 240.67572021484375)]","[(0, 1142.06201171875), (1, 1003.849365234375)]","[(4, 70.41270564152644), (3, 103.37586466471355), (5, 117.40403053977273), (1, 117.79612038352273), (0, 204.328271484375), (2, 224.32512749565973)]","[(0, 1735.4052734375), (1, 2052.568603515625)]","[(4, 114.08780343191964), (1, 137.83515812800482), (3, 141.89757361778845), (0, 195.35201009114584), (5, 248.53828938802084), (2, 302.49141068892044)]","[(0, 4603.17138671875), (1, 4136.0068359375)]"
142,"[(0, 1371.1829833984375), (1, 1550.42724609375)]","[(0, 310.2848205566406), (1, 268.1406555175781)]","[(0, 12230.9873046875), (1, 9574.810546875)]","[(0, 4157.49609375), (1, 4993.4365234375)]","[(0, 15211.826171875), (1, 8202.98046875)]","[(0, 4896.85009765625), (1, 5491.853515625)]","[(0, 4017.599853515625), (1, 5381.68798828125)]","[(0, 1463.4776611328125), (1, 1443.473876953125)]","[(1, 132.07449340820312), (4, 133.61140950520834), (3, 149.93174391526443), (0, 151.6669921875), (2, 243.5028076171875), (5, 254.77411358173077)]","[(0, 2225.71142578125), (1, 1972.1549072265625)]","[(1, 131.7349591936384), (2, 135.84193772536057), (4, 280.8594313401442), (0, 292.04311116536456), (5, 316.30824788411456), (3, 748.4036754261364)]","[(0, 1646.6112060546875), (1, 1172.366455078125)]","[(4, 90.52523600260416), (3, 130.43247767857142), (5, 168.32481971153845), (1, 215.11497145432693), (0, 346.4375406901042), (2, 496.41073330965907)]","[(0, 16590.3828125), (1, 11958.771484375)]"
143,"[(0, 1706.683837890625), (1, 2055.32470703125)]","[(0, 1603.7413330078125), (1, 2417.1240234375)]","[(0, 2988.307373046875), (1, 1955.0185546875)]","[(0, 8081.31396484375), (1, 6074.89990234375)]","[(0, 9304.1435546875), (1, 4653.01416015625)]","[(0, 14752.03515625), (1, 13486.2529296875)]","[(0, 6303.35595703125), (1, 5594.39453125)]","[(0, 2720.801513671875), (1, 2075.81689453125)]","[(4, 48.247325224034924), (1, 60.49248123168945), (3, 62.188873291015625), (5, 63.642818196614584), (0, 76.19768880208333), (2, 77.13076346261161)]","[(0, 15171.34765625), (1, 9386.94921875)]","[(2, 97.30692836216518), (4, 100.76171875), (5, 101.29695951021634), (1, 117.35018717447916), (0, 196.62312199519232), (3, 217.26582845052084)]","[(0, 2179.958984375), (1, 1890.3685302734375)]","[(1, 105.68526785714286), (2, 110.07794658954327), (4, 212.88097205528845), (0, 234.71905517578125), (5, 239.89750162760416), (3, 471.1487482244318)]","[(0, 2472.7001953125), (1, 2293.221435546875)]"
144,"[(0, 1000.8883666992188), (1, 1169.8619384765625)]","[(0, 2063.692626953125), (1, 3297.1787109375)]","[(0, 23210.77734375), (1, 19751.251953125)]","[(0, 6267.87548828125), (1, 5911.654296875)]","[(0, 4743.80517578125), (1, 3512.63134765625)]","[(0, 3216.65576171875), (1, 3488.01904296875)]","[(0, 8120.38134765625), (1, 9291.5966796875)]","[(0, 2593.090576171875), (1, 2406.361328125)]","[(2, 364.2269287109375), (1, 387.03524502840907), (5, 549.885498046875), (4, 558.1067116477273), (0, 690.057666015625), (3, 990.72978515625)]","[(0, 1239.4425048828125), (1, 1222.3983154296875)]","[(4, 102.294775390625), (3, 113.46044049944196), (1, 160.18333217075892), (0, 161.97755784254807), (5, 177.31988055889423), (2, 269.67848714192706)]","[(0, 1812.5103759765625), (1, 890.3435668945312)]","[(3, 75.82942708333333), (1, 76.01184895833333), (4, 76.55889892578125), (0, 99.45734514508929), (5, 124.97704206194196), (2, 160.72815880408655)]","[(0, 7818.736328125), (1, 5707.5908203125)]"
145,"[(0, 992.2369384765625), (1, 1112.54052734375)]","[(0, 1658.761474609375), (1, 2569.44873046875)]","[(0, 7116.5361328125), (1, 5353.3603515625)]","[(0, 3791.426513671875), (1, 3012.06396484375)]","[(0, 7551.34912109375), (1, 4285.037109375)]","[(0, 4747.697265625), (1, 4981.40283203125)]","[(0, 12923.3642578125), (1, 14118.3837890625)]","[(0, 1844.3719482421875), (1, 1601.257080078125)]","[(4, 82.85605197482639), (1, 100.13513861762152), (3, 100.83233642578125), (0, 126.10060119628906), (5, 127.39796447753906), (2, 155.55642700195312)]","[(0, 4080.72021484375), (1, 1858.3572998046875)]","[(4, 113.52060171274039), (3, 147.71463012695312), (5, 198.8616388494318), (1, 273.2698863636364), (0, 450.637353515625), (2, 583.0916341145834)]","[(0, 1003.2071533203125), (1, 758.5506591796875)]","[(4, 106.47509765625), (3, 117.26380266462054), (1, 140.0420880998884), (5, 169.91306715745193), (0, 190.72783954326923), (2, 278.79945882161456)]","[(0, 3937.672607421875), (1, 3383.494140625)]"
146,"[(0, 1368.7835693359375), (1, 1527.9775390625)]","[(0, 930.8606567382812), (1, 1210.508056640625)]","[(0, 8757.521484375), (1, 8844.0869140625)]","[(0, 5397.05615234375), (1, 5863.4677734375)]","[(0, 706.421875), (1, 696.583984375)]","[(0, 3492.052734375), (1, 3305.57568359375)]","[(0, 14168.9111328125), (1, 15435.3388671875)]","[(0, 4422.87646484375), (1, 7073.0498046875)]","[(4, 107.95726776123047), (3, 134.71620396205358), (1, 135.24627685546875), (5, 167.66207449776786), (0, 178.43382045200892), (2, 220.56942313058036)]","[(0, 1661.6953125), (1, 1308.54931640625)]","[(2, 77.15995094992898), (1, 79.36067199707031), (4, 109.96954900568181), (5, 118.74117431640624), (0, 201.74459228515624), (3, 394.7823079427083)]","[(0, 1994.7027587890625), (1, 1658.90380859375)]","[(1, 60.02583530970982), (2, 68.77657846304086), (4, 78.69394938151042), (5, 92.41475053267045), (0, 117.36669921875), (3, 180.6406005859375)]","[(0, 8675.3515625), (1, 5843.55615234375)]"
147,"[(0, 929.6044921875), (1, 1030.40576171875)]","[(0, 373.6183776855469), (1, 344.31719970703125)]","[(0, 29122.27734375), (1, 21932.328125)]","[(0, 8761.296875), (1, 9366.712890625)]","[(0, 9553.94140625), (1, 5877.50390625)]","[(0, 4016.837646484375), (1, 3586.382568359375)]","[(0, 11603.65625), (1, 15288.5)]","[(0, 2386.09375), (1, 1714.946044921875)]","[(4, 50.72490018956802), (3, 60.47653401692708), (1, 63.522482479319855), (5, 76.98997395833334), (0, 77.90430501302083), (2, 98.79676106770833)]","[(0, 1519.3267822265625), (1, 1571.4366455078125)]","[(1, 67.96144321986607), (4, 75.5233623798077), (2, 124.71435546875), (0, 127.9578348795573), (3, 140.5486727627841), (5, 153.14891468394887)]","[(0, 993.20166015625), (1, 884.8052368164062)]","[(1, 94.82801729090073), (3, 108.09526824951172), (0, 110.27730560302734), (5, 111.79344177246094), (2, 112.60037231445312), (4, 138.36075367647058)]","[(0, 4427.6201171875), (1, 3821.162841796875)]"
148,"[(0, 914.792724609375), (1, 1044.87451171875)]","[(0, 652.3807983398438), (1, 1376.9029541015625)]","[(0, 4788.193359375), (1, 4625.7109375)]","[(0, 12012.89453125), (1, 10565.9453125)]","[(0, 6031.79931640625), (1, 3402.342041015625)]","[(0, 5938.7265625), (1, 6728.79150390625)]","[(0, 5636.41748046875), (1, 7143.24462890625)]","[(0, 2332.45654296875), (1, 1539.018310546875)]","[(4, 212.29880934495193), (1, 219.57142052283655), (5, 241.8292032877604), (2, 243.2773640950521), (3, 289.78367106119794), (0, 299.79355875651044)]","[(0, 1256.923828125), (1, 1223.29638671875)]","[(4, 134.73489815848214), (2, 140.87067119891827), (5, 144.50848858173077), (0, 158.35798527644232), (3, 161.22648737980768), (1, 268.7127685546875)]","[(0, 1970.5709228515625), (1, 2372.31201171875)]","[(1, 161.1693115234375), (4, 179.0663123497596), (0, 184.57296048677884), (2, 204.80695988581732), (3, 209.65948486328125), (5, 226.1634521484375)]","[(0, 12503.53125), (1, 10038.4033203125)]"
149,"[(0, 1433.6346435546875), (1, 1649.135009765625)]","[(0, 1025.246337890625), (1, 2521.6572265625)]","[(0, 3645.494384765625), (1, 3122.93896484375)]","[(0, 6226.3203125), (1, 8065.275390625)]","[(0, 3292.013427734375), (1, 2912.130859375)]","[(0, 19600.6484375), (1, 20860.146484375)]","[(0, 13293.119140625), (1, 12815.80078125)]","[(0, 3361.08154296875), (1, 2835.345947265625)]","[(1, 119.35416085379464), (2, 137.15154559795673), (0, 161.9012451171875), (4, 187.36979166666666), (5, 221.06687233664772), (3, 304.1352783203125)]","[(0, 2258.486572265625), (1, 3152.58154296875)]","[(4, 44.588175455729164), (1, 58.58849661690848), (5, 80.5896465594952), (3, 81.81449068509616), (2, 112.73963419596355), (0, 113.6549072265625)]","[(0, 2209.456787109375), (1, 1643.7391357421875)]","[(1, 66.7101309640067), (2, 72.33577317457933), (4, 88.83602201021634), (5, 104.04024251302083), (0, 188.79974365234375), (3, 304.0030628551136)]","[(0, 10918.7509765625), (1, 7901.16748046875)]"
150,"[(0, 1341.2781982421875), (1, 1464.16796875)]","[(0, 724.5185546875), (1, 1429.7733154296875)]","[(0, 7355.99365234375), (1, 8671.580078125)]","[(0, 3082.646240234375), (1, 3258.243408203125)]","[(0, 3854.619873046875), (1, 3719.505126953125)]","[(0, 9067.40234375), (1, 8026.14306640625)]","[(0, 4190.31982421875), (1, 4313.12548828125)]","[(0, 2907.460205078125), (1, 2855.387939453125)]","[(1, 111.07536046645221), (2, 116.61659240722656), (4, 119.45292154947917), (3, 128.44574444110577), (5, 129.4940447126116), (0, 135.68260091145834)]","[(0, 4961.10205078125), (1, 2598.274169921875)]","[(1, 150.3841834435096), (2, 170.52935791015625), (4, 179.47465006510416), (5, 212.74638227982953), (0, 334.9475763494318), (3, 409.1108642578125)]","[(0, 3451.297119140625), (1, 2998.26708984375)]","[(1, 83.16592843191964), (2, 83.90891520182292), (5, 87.14044189453125), (4, 100.5551986694336), (3, 117.68584798177083), (0, 129.61213566706732)]","[(0, 3011.400390625), (1, 2713.34814453125)]"
151,"[(0, 1495.2191162109375), (1, 1738.0487060546875)]","[(0, 473.78277587890625), (1, 758.6277465820312)]","[(0, 22453.4453125), (1, 17478.640625)]","[(0, 5356.5673828125), (1, 6845.89013671875)]","[(0, 13305.26953125), (1, 7189.41015625)]","[(0, 3286.0693359375), (1, 3027.387451171875)]","[(0, 11871.400390625), (1, 15733.140625)]","[(0, 1671.153564453125), (1, 1345.5118408203125)]","[(1, 100.6535175030048), (4, 111.18820425180289), (2, 123.03725179036458), (5, 140.73448689778647), (0, 153.73710123697916), (3, 172.5999755859375)]","[(0, 1129.4080810546875), (1, 1180.6287841796875)]","[(1, 830.0878018465909), (4, 849.5628551136364), (2, 982.80703125), (5, 1033.03427734375), (0, 1182.6470703125), (3, 1225.065625)]","[(0, 2135.784423828125), (1, 2067.69970703125)]","[(2, 76.10433725210336), (1, 90.38779122488839), (5, 234.44031871448863), (0, 239.86238606770834), (4, 257.0646158854167), (3, 821.30234375)]","[(0, 1718.3577880859375), (1, 1591.0106201171875)]"
152,"[(0, 2188.925048828125), (1, 2920.433837890625)]","[(0, 644.6875610351562), (1, 1272.5687255859375)]","[(0, 11778.41015625), (1, 8046.03857421875)]","[(0, 10446.2646484375), (1, 9268.771484375)]","[(0, 11409.0927734375), (1, 6568.6953125)]","[(0, 9162.1845703125), (1, 9904.708984375)]","[(0, 6795.517578125), (1, 9629.2138671875)]","[(0, 3555.5048828125), (1, 1901.6187744140625)]","[(4, 151.85977608816964), (5, 172.81280048076923), (3, 195.51708984375), (1, 209.93927873883928), (2, 241.95438326322116), (0, 279.49085411658655)]","[(0, 4379.53125), (1, 2947.34033203125)]","[(1, 239.09810014204547), (4, 289.71486594460225), (0, 295.792919921875), (2, 309.7199951171875), (3, 349.563818359375), (5, 381.7378662109375)]","[(0, 2122.6162109375), (1, 1375.22314453125)]","[(1, 31.518579819623163), (2, 35.170206705729164), (5, 52.517923990885414), (0, 58.30576985677083), (4, 62.637932272518384), (3, 85.63677571614583)]","[(0, 1207.4400634765625), (1, 1076.0501708984375)]"
153,"[(0, 1093.6763916015625), (1, 1295.8011474609375)]","[(0, 1052.678466796875), (1, 2465.320556640625)]","[(0, 8841.15234375), (1, 6848.61328125)]","[(0, 30300.490234375), (1, 25665.490234375)]","[(0, 10806.3642578125), (1, 10333.486328125)]","[(0, 26362.078125), (1, 27599.015625)]","[(0, 5607.11767578125), (1, 6217.37255859375)]","[(0, 4245.36572265625), (1, 3312.591064453125)]","[(1, 126.47647530691964), (2, 129.94035456730768), (4, 185.32635498046875), (5, 198.9688165838068), (0, 224.99896240234375), (3, 415.318017578125)]","[(0, 1541.1171875), (1, 1492.2447509765625)]","[(2, 230.3097127278646), (1, 249.56080979567307), (5, 668.7930131392045), (4, 679.4370524088541), (0, 729.5116299715909), (3, 2544.5029296875)]","[(0, 1912.75732421875), (1, 1527.0460205078125)]","[(1, 104.66387939453125), (4, 120.7264912923177), (2, 145.09316184303978), (0, 147.43617942116478), (5, 169.8818692294034), (3, 172.609619140625)]","[(0, 12776.78515625), (1, 9215.771484375)]"
154,"[(0, 1112.9432373046875), (1, 1318.1641845703125)]","[(0, 809.6575317382812), (1, 1533.146240234375)]","[(0, 2090.108642578125), (1, 2106.32080078125)]","[(0, 10314.798828125), (1, 9176.71875)]","[(0, 14282.490234375), (1, 8460.92578125)]","[(0, 19779.921875), (1, 17893.13671875)]","[(0, 8558.29296875), (1, 9491.5966796875)]","[(0, 1972.469970703125), (1, 2158.109130859375)]","[(4, 92.11763218470982), (5, 102.02423565204327), (3, 115.62354454627403), (1, 124.89268275669643), (2, 142.73994328425482), (0, 161.9130859375)]","[(0, 3681.181396484375), (1, 2180.903076171875)]","[(4, 102.38917893629808), (3, 123.6890157063802), (5, 192.68477006392047), (1, 245.5392178622159), (0, 341.1550048828125), (2, 619.4879014756945)]","[(0, 3913.55908203125), (1, 3727.758056640625)]","[(1, 183.68111478365384), (2, 221.59149169921875), (0, 232.7991943359375), (5, 239.6185506184896), (3, 257.2936604817708), (4, 361.7498121995192)]","[(0, 3474.698974609375), (1, 3107.18505859375)]"
155,"[(0, 1773.048828125), (1, 2115.630859375)]","[(0, 599.497314453125), (1, 990.1384887695312)]","[(0, 31934.548828125), (1, 28348.810546875)]","[(0, 3748.641845703125), (1, 3432.272705078125)]","[(0, 9326.2099609375), (1, 5353.513671875)]","[(0, 14299.7724609375), (1, 13476.970703125)]","[(0, 13201.1982421875), (1, 12232.2001953125)]","[(0, 1136.34423828125), (1, 972.0969848632812)]","[(3, 38.88847133091518), (4, 39.22107747395833), (1, 59.158966064453125), (0, 64.38921649639423), (5, 68.51487849308894), (2, 119.72064208984375)]","[(0, 4226.85546875), (1, 5007.4521484375)]","[(4, 64.20712280273438), (0, 78.5401611328125), (1, 79.53497314453125), (3, 82.02117919921875), (2, 89.6043701171875), (5, 93.62441580636161)]","[(0, 4513.703125), (1, 4795.619140625)]","[(3, 56.649932861328125), (1, 57.564005533854164), (0, 64.86358642578125), (5, 82.60690743582589), (2, 95.10159737723214), (4, 99.02645670572916)]","[(0, 3872.412353515625), (1, 3544.927978515625)]"
156,"[(0, 1553.447998046875), (1, 1775.6217041015625)]","[(0, 481.8446960449219), (1, 461.821533203125)]","[(0, 11571.255859375), (1, 8329.6708984375)]","[(0, 8759.033203125), (1, 9943.1337890625)]","[(0, 6086.451171875), (1, 4881.8447265625)]","[(0, 15406.146484375), (1, 16461.49609375)]","[(0, 10518.55078125), (1, 11061.7216796875)]","[(0, 1962.8182373046875), (1, 1364.6102294921875)]","[(4, 86.08038330078125), (3, 100.52913724459134), (5, 117.82992553710938), (1, 133.19945271809897), (0, 167.0198419744318), (2, 208.063720703125)]","[(0, 2027.29296875), (1, 1338.83154296875)]","[(4, 48.60536847795759), (1, 62.91504375751202), (5, 87.38924153645833), (3, 89.2318115234375), (2, 113.69887473366477), (0, 132.21488813920453)]","[(0, 1390.8236083984375), (1, 1393.39453125)]","[(4, 278.808837890625), (3, 432.73279747596155), (1, 461.2645670572917), (5, 467.0464274088542), (0, 703.9604936079545), (2, 710.5197265625)]","[(0, 4821.39599609375), (1, 3411.99267578125)]"
157,"[(0, 742.6268920898438), (1, 867.4114990234375)]","[(0, 1845.91259765625), (1, 2642.20556640625)]","[(0, 12118.96484375), (1, 9496.640625)]","[(0, 13380.5869140625), (1, 10984.423828125)]","[(0, 1826.6085205078125), (1, 1354.351806640625)]","[(0, 17397.138671875), (1, 18699.431640625)]","[(0, 9194.974609375), (1, 12353.51171875)]","[(0, 3219.522216796875), (1, 2833.88623046875)]","[(4, 132.32636369977678), (3, 148.9944786658654), (5, 218.44584147135416), (1, 237.41632080078125), (0, 294.184326171875), (2, 388.1300537109375)]","[(0, 4523.61865234375), (1, 2582.6103515625)]","[(5, 87.36907958984375), (4, 91.47274076021634), (3, 106.64749145507812), (2, 119.95304361979167), (1, 124.8000957782452), (0, 151.5789794921875)]","[(0, 1505.87744140625), (1, 1203.885986328125)]","[(4, 96.51301125919117), (1, 100.54297637939453), (2, 111.63148716517857), (5, 118.42225748697916), (3, 195.50076497395833), (0, 199.63010951450892)]","[(0, 4388.419921875), (1, 3874.248291015625)]"
158,"[(0, 1652.98486328125), (1, 2020.320556640625)]","[(0, 2777.396728515625), (1, 4041.00537109375)]","[(0, 30021.08203125), (1, 26444.240234375)]","[(0, 4003.085693359375), (1, 3657.42138671875)]","[(0, 10400.3193359375), (1, 5251.21435546875)]","[(0, 11229.447265625), (1, 11182.681640625)]","[(0, 8892.5400390625), (1, 11470.755859375)]","[(0, 2317.0634765625), (1, 1428.9901123046875)]","[(4, 119.29098745492789), (5, 132.75433349609375), (1, 149.71055250901443), (3, 152.9305623372396), (2, 169.05292765299478), (0, 198.6352335611979)]","[(0, 1618.442138671875), (1, 1060.1220703125)]","[(1, 227.14697265625), (2, 260.27020941840277), (4, 294.735595703125), (5, 344.50800238715277), (0, 564.9562174479166), (3, 753.5677083333334)]","[(0, 2865.49365234375), (1, 2378.79345703125)]","[(1, 89.47015787760417), (2, 91.07208251953125), (4, 144.76795372596155), (0, 163.3548865685096), (5, 169.2874959309896), (3, 356.71579811789775)]","[(0, 15490.3876953125), (1, 10717.47265625)]"
159,"[(0, 1788.8409423828125), (1, 2226.785888671875)]","[(0, 2152.8662109375), (1, 2788.94140625)]","[(0, 6356.74560546875), (1, 4790.1435546875)]","[(0, 2103.580810546875), (1, 2046.5133056640625)]","[(0, 6944.77685546875), (1, 3566.681640625)]","[(0, 11746.0478515625), (1, 11477.419921875)]","[(0, 13869.21484375), (1, 12086.197265625)]","[(0, 4643.4345703125), (1, 2982.425537109375)]","[(3, 52.911900111607146), (4, 54.68193817138672), (1, 63.26031853170956), (0, 69.29755045572917), (5, 83.91534423828125), (2, 99.24366048177083)]","[(0, 1700.8489990234375), (1, 1064.1712646484375)]","[(2, 109.38091169084821), (1, 176.189111328125), (5, 190.1194786658654), (4, 194.55697195870536), (0, 215.90673828125), (3, 375.4505615234375)]","[(0, 3375.1533203125), (1, 3095.4462890625)]","[(4, 230.26174094460228), (1, 293.36767578125), (5, 298.344384765625), (3, 389.6551025390625), (2, 391.181298828125), (0, 501.87158203125)]","[(0, 5433.03466796875), (1, 4499.60986328125)]"
160,"[(0, 1890.000732421875), (1, 2203.24853515625)]","[(0, 1858.3714599609375), (1, 2326.0068359375)]","[(0, 35391.66796875), (1, 23193.583984375)]","[(0, 25265.75390625), (1, 24008.62109375)]","[(0, 3561.722412109375), (1, 3085.28125)]","[(0, 12336.30078125), (1, 12840.9775390625)]","[(0, 9243.8857421875), (1, 10915.7001953125)]","[(0, 2328.369384765625), (1, 2007.5465087890625)]","[(1, 246.65213216145833), (2, 262.1200648716518), (4, 335.4351283482143), (5, 365.67416616586536), (0, 399.51040414663464), (3, 485.201904296875)]","[(0, 5782.1884765625), (1, 6616.61669921875)]","[(0, 209.43449519230768), (2, 236.03348482572116), (4, 243.23260967548077), (3, 270.68776448567706), (1, 277.6162109375), (5, 335.8226318359375)]","[(0, 4082.090087890625), (1, 3940.057861328125)]","[(1, 180.8821133700284), (2, 186.25648193359376), (4, 210.05916341145834), (5, 226.813720703125), (0, 295.35517578125), (3, 338.2365056818182)]","[(0, 18966.337890625), (1, 16116.9501953125)]"
161,"[(0, 1564.43115234375), (1, 1851.3760986328125)]","[(0, 730.941650390625), (1, 1607.85400390625)]","[(0, 10692.2666015625), (1, 8040.60791015625)]","[(0, 2619.29833984375), (1, 3585.4833984375)]","[(0, 12542.716796875), (1, 6228.3515625)]","[(0, 7399.38427734375), (1, 7368.4775390625)]","[(0, 10850.748046875), (1, 14912.8525390625)]","[(0, 2374.462158203125), (1, 2582.51318359375)]","[(4, 142.74368990384616), (3, 178.79060872395834), (1, 285.19224039713544), (5, 291.39237837357956), (0, 357.4932972301136), (2, 640.6021484375)]","[(0, 2597.47900390625), (1, 1957.7501220703125)]","[(2, 63.350027901785715), (5, 67.31400709885817), (1, 72.8880126953125), (4, 78.43233816964286), (0, 129.65838153545673), (3, 148.72146606445312)]","[(0, 2349.5400390625), (1, 1932.1536865234375)]","[(4, 90.72037760416667), (3, 119.69269268329327), (1, 125.43289388020834), (5, 132.9408897986779), (0, 177.75272310697116), (2, 195.68376277043268)]","[(0, 2619.556884765625), (1, 2318.45263671875)]"
162,"[(0, 1122.83984375), (1, 1307.873046875)]","[(0, 999.1002197265625), (1, 2553.889404296875)]","[(0, 34217.9609375), (1, 28835.416015625)]","[(0, 11637.32421875), (1, 10909.955078125)]","[(0, 7637.36083984375), (1, 3995.873046875)]","[(0, 6578.08642578125), (1, 6397.43115234375)]","[(0, 12944.8388671875), (1, 16944.87109375)]","[(0, 1815.6597900390625), (1, 1314.601318359375)]","[(4, 97.15279134114583), (1, 138.07368351862982), (3, 139.95877511160714), (5, 175.21491887019232), (0, 212.5925496419271), (2, 271.31087979403407)]","[(0, 3966.460205078125), (1, 2911.328125)]","[(4, 567.0432350852273), (5, 633.320068359375), (1, 682.7477361505681), (2, 781.86396484375), (3, 827.90810546875), (0, 1053.66123046875)]","[(0, 4407.1923828125), (1, 2633.2451171875)]","[(4, 195.8023963341346), (1, 200.71297781808036), (5, 248.22880045572916), (2, 261.81449068509613), (3, 262.7476806640625), (0, 269.52193509615387)]","[(0, 2536.44091796875), (1, 2201.36669921875)]"
163,"[(0, 1932.046630859375), (1, 2242.1337890625)]","[(0, 849.4813842773438), (1, 1776.9058837890625)]","[(0, 6037.95166015625), (1, 5543.5634765625)]","[(0, 7208.06982421875), (1, 8349.73828125)]","[(0, 3592.30126953125), (1, 3021.583984375)]","[(0, 4214.14453125), (1, 3972.19482421875)]","[(0, 6827.60107421875), (1, 6163.8251953125)]","[(0, 5675.07958984375), (1, 8336.4814453125)]","[(1, 94.15875244140625), (2, 98.11879319411058), (4, 109.76711018880208), (5, 117.46961558948864), (0, 175.940185546875), (3, 241.9551513671875)]","[(0, 4123.416015625), (1, 2849.54736328125)]","[(2, 190.27789306640625), (0, 199.38688151041666), (4, 234.55652794471155), (5, 278.6168619791667), (1, 283.63266225961536), (3, 284.68300374348956)]","[(0, 1408.0833740234375), (1, 937.8600463867188)]","[(4, 180.1947303185096), (5, 181.9489949544271), (1, 221.8387654622396), (2, 223.91359641335228), (3, 328.87404378255206), (0, 451.6002308238636)]","[(0, 14843.9208984375), (1, 10053.8662109375)]"
164,"[(0, 1278.5452880859375), (1, 1519.4072265625)]","[(0, 529.2147216796875), (1, 909.4131469726562)]","[(0, 3958.3544921875), (1, 3059.543701171875)]","[(0, 4324.8603515625), (1, 4436.29736328125)]","[(0, 1142.803466796875), (1, 888.7783203125)]","[(0, 6728.50927734375), (1, 7247.64990234375)]","[(0, 10996.8125), (1, 11987.259765625)]","[(0, 1382.87744140625), (1, 895.475341796875)]","[(2, 71.45199381510416), (5, 84.53555733816964), (1, 84.69684600830078), (4, 98.80067545572916), (0, 185.66128976004464), (3, 198.80476262019232)]","[(0, 7292.208984375), (1, 3448.7109375)]","[(4, 132.60299682617188), (3, 162.29529918323863), (1, 174.4082697088068), (0, 249.01396484375), (5, 341.6293701171875), (2, 525.7209743923611)]","[(0, 1698.816162109375), (1, 1594.4525146484375)]","[(2, 37.511698404947914), (1, 37.708126068115234), (5, 52.05135236467634), (0, 72.57171630859375), (4, 86.13316243489584), (3, 106.90289776141827)]","[(0, 4668.9990234375), (1, 4107.06982421875)]"
165,"[(0, 1483.5076904296875), (1, 1866.8907470703125)]","[(0, 1358.1627197265625), (1, 1897.661376953125)]","[(0, 14247.01171875), (1, 14912.1416015625)]","[(0, 3717.99462890625), (1, 3267.843505859375)]","[(0, 4977.755859375), (1, 2925.82958984375)]","[(0, 11943.486328125), (1, 13350.53125)]","[(0, 5913.0634765625), (1, 5195.6416015625)]","[(0, 1814.7623291015625), (1, 1174.083984375)]","[(2, 45.36053975423177), (1, 51.25931490384615), (5, 56.98609337439904), (4, 65.42801339285714), (0, 87.39124552408855), (3, 108.33486703725961)]","[(0, 1722.1597900390625), (1, 1713.896240234375)]","[(4, 274.22393798828125), (3, 308.11145833333336), (5, 312.535888671875), (1, 431.64229910714283), (2, 491.4689534505208), (0, 519.0026292067307)]","[(0, 4074.260986328125), (1, 3901.697265625)]","[(1, 50.17499796549479), (2, 53.68979420381434), (4, 77.44765337775735), (5, 85.6390151977539), (0, 89.45201873779297), (3, 138.107177734375)]","[(0, 3448.470947265625), (1, 3032.37744140625)]"
166,"[(0, 1194.5621337890625), (1, 1337.23388671875)]","[(0, 2116.612548828125), (1, 3484.0859375)]","[(0, 1930.7998046875), (1, 1811.3353271484375)]","[(0, 7199.55810546875), (1, 7089.7783203125)]","[(0, 2478.072021484375), (1, 1562.4547119140625)]","[(0, 15520.8349609375), (1, 13624.7431640625)]","[(0, 9069.1484375), (1, 10332.1455078125)]","[(0, 2007.443115234375), (1, 1585.12451171875)]","[(4, 88.1531753540039), (3, 99.15010579427083), (1, 107.42210286458334), (0, 127.81737409319196), (5, 167.96294294084822), (2, 222.89329176682693)]","[(0, 2958.190185546875), (1, 3061.80859375)]","[(4, 133.29328409830728), (5, 144.883056640625), (3, 149.25757945667613), (2, 174.0211514559659), (0, 179.20203746448863), (1, 195.844482421875)]","[(0, 4234.9814453125), (1, 3562.9287109375)]","[(4, 151.3623712713068), (1, 159.3103582208807), (5, 212.4719482421875), (2, 213.30029296875), (3, 275.9200439453125), (0, 292.3100341796875)]","[(0, 1563.9052734375), (1, 1319.886962890625)]"
167,"[(0, 1313.718994140625), (1, 1558.057861328125)]","[(0, 1368.433837890625), (1, 1933.4439697265625)]","[(0, 17890.236328125), (1, 18589.65234375)]","[(0, 28062.04296875), (1, 23999.96875)]","[(0, 4287.39990234375), (1, 3281.08740234375)]","[(0, 10726.54296875), (1, 9427.3115234375)]","[(0, 8410.5078125), (1, 11014.771484375)]","[(0, 1263.852783203125), (1, 1339.7525634765625)]","[(2, 295.34814453125), (1, 315.53936767578125), (0, 420.1945134943182), (5, 456.5807439630682), (4, 471.0965983072917), (3, 635.5138938210227)]","[(0, 1454.8028564453125), (1, 1031.9964599609375)]","[(4, 51.57689615885417), (3, 58.31443568638393), (0, 60.06341552734375), (2, 67.04175313313802), (5, 71.33482478215144), (1, 87.75101143973214)]","[(0, 1076.8155517578125), (1, 849.7799682617188)]","[(4, 133.12388509114584), (1, 161.9385704627404), (5, 199.97258112980768), (3, 222.02010672433036), (2, 232.23686079545453), (0, 307.73704020182294)]","[(0, 2857.3125), (1, 2547.265869140625)]"
168,"[(0, 1267.417724609375), (1, 1522.377685546875)]","[(0, 753.051513671875), (1, 850.41357421875)]","[(0, 15175.240234375), (1, 12867.6162109375)]","[(0, 8411.52734375), (1, 6503.9921875)]","[(0, 3518.45166015625), (1, 2860.6650390625)]","[(0, 2046.885986328125), (1, 2240.7783203125)]","[(0, 14774.830078125), (1, 19751.966796875)]","[(0, 2332.19189453125), (1, 3388.11474609375)]","[(4, 119.0496074969952), (1, 138.75327711838943), (5, 151.64605712890625), (3, 169.08275349934897), (2, 181.58538818359375), (0, 199.99658203125)]","[(0, 5011.18798828125), (1, 4089.946044921875)]","[(2, 178.79237583705358), (4, 212.3888221153846), (0, 214.5188927283654), (5, 241.5381062825521), (1, 279.1876627604167), (3, 316.8196910511364)]","[(0, 2848.87353515625), (1, 2923.2216796875)]","[(1, 43.40133487477022), (4, 46.42413689108456), (3, 66.56988118489583), (5, 71.54650065104167), (0, 76.3601318359375), (2, 83.703955078125)]","[(0, 7164.44873046875), (1, 5065.3525390625)]"
169,"[(0, 1288.583984375), (1, 1462.678955078125)]","[(0, 1093.024169921875), (1, 1436.314208984375)]","[(0, 37346.34765625), (1, 28870.44140625)]","[(0, 5597.5380859375), (1, 7397.66259765625)]","[(0, 14666.0185546875), (1, 6884.40625)]","[(0, 5237.89013671875), (1, 5569.603515625)]","[(0, 11599.3857421875), (1, 10819.552734375)]","[(0, 2770.68505859375), (1, 2539.78125)]","[(1, 16.10766143798828), (2, 16.734724256727432), (0, 21.343090481228298), (4, 21.68878173828125), (5, 23.620764838324654), (3, 30.274349636501736)]","[(0, 3247.051513671875), (1, 3101.077880859375)]","[(2, 116.23545619419643), (1, 144.15987955729167), (5, 148.09195650540866), (4, 148.92937360491072), (0, 260.5275315504808), (3, 380.4425862630208)]","[(0, 1512.9156494140625), (1, 1472.2899169921875)]","[(1, 110.07807268415179), (2, 115.94847693810097), (4, 122.229248046875), (5, 136.10153198242188), (0, 233.0950927734375), (3, 279.42338423295456)]","[(0, 2115.77001953125), (1, 1985.164794921875)]"
170,"[(0, 1037.5255126953125), (1, 1185.3011474609375)]","[(0, 1670.8602294921875), (1, 2537.5224609375)]","[(0, 32957.375), (1, 26027.904296875)]","[(0, 7101.18017578125), (1, 6929.77197265625)]","[(0, 9398.4873046875), (1, 4564.00048828125)]","[(0, 10851.203125), (1, 10109.3125)]","[(0, 5748.93408203125), (1, 6131.35107421875)]","[(0, 4316.24462890625), (1, 2981.034912109375)]","[(4, 74.70600891113281), (1, 85.093115234375), (3, 86.75454915364584), (0, 113.86655099051339), (5, 126.89781842912946), (2, 164.41423152043268)]","[(0, 2102.66796875), (1, 2045.60693359375)]","[(4, 106.39670034555289), (1, 121.17311789772727), (3, 136.0411173502604), (5, 183.1903076171875), (0, 196.20751953125), (2, 229.73969184027777)]","[(0, 4225.15087890625), (1, 3032.721435546875)]","[(4, 105.4708251953125), (1, 108.19133966619319), (2, 113.97276611328125), (5, 114.7912109375), (3, 187.876171875), (0, 201.415478515625)]","[(0, 3707.01171875), (1, 3239.71142578125)]"
171,"[(0, 1220.788330078125), (1, 1345.8724365234375)]","[(0, 1137.40625), (1, 1502.1044921875)]","[(0, 15301.3662109375), (1, 9300.771484375)]","[(0, 6805.7392578125), (1, 6105.67138671875)]","[(0, 2498.417724609375), (1, 2079.978515625)]","[(0, 4311.5546875), (1, 3813.416015625)]","[(0, 9582.67578125), (1, 12281.99609375)]","[(0, 2069.85498046875), (1, 2596.06494140625)]","[(2, 76.68654959542411), (1, 86.4506591796875), (5, 109.99388709435097), (4, 120.53199114118304), (0, 144.28911884014423), (3, 241.05094401041666)]","[(0, 3541.798828125), (1, 3326.269775390625)]","[(1, 272.22767857142856), (2, 277.7144118088942), (4, 332.7139423076923), (5, 335.961669921875), (0, 424.554443359375), (3, 513.6619318181819)]","[(0, 2739.80029296875), (1, 2305.58935546875)]","[(1, 87.97670200892857), (2, 97.4968731219952), (4, 129.2524210611979), (5, 146.65739302201703), (0, 181.1571248372396), (3, 314.6156982421875)]","[(0, 17582.4296875), (1, 12060.22265625)]"
172,"[(0, 1867.878173828125), (1, 2255.298095703125)]","[(0, 1076.1656494140625), (1, 1285.294921875)]","[(0, 9085.1376953125), (1, 8108.8505859375)]","[(0, 1608.8140869140625), (1, 1692.306884765625)]","[(0, 2291.8603515625), (1, 1990.58203125)]","[(0, 6577.27099609375), (1, 7144.15087890625)]","[(0, 7815.0986328125), (1, 10581.3935546875)]","[(0, 1149.331298828125), (1, 939.8383178710938)]","[(1, 67.49851335797992), (4, 72.68226405552456), (2, 89.75709025065105), (5, 101.8389383951823), (0, 125.9766845703125), (3, 142.42731730143228)]","[(0, 3643.0302734375), (1, 3252.565185546875)]","[(4, 104.35262357271634), (1, 123.93683733258929), (3, 130.88376686789772), (0, 150.71624755859375), (5, 236.17600319602272), (2, 256.3991292317708)]","[(0, 1655.85009765625), (1, 2070.356689453125)]","[(1, 123.8235751065341), (2, 125.6939453125), (4, 190.07856889204547), (5, 201.8325439453125), (0, 222.0657958984375), (3, 347.25126953125)]","[(0, 16549.9609375), (1, 12892.896484375)]"
173,"[(0, 996.8988037109375), (1, 1221.0113525390625)]","[(0, 250.07347106933594), (1, 225.9224395751953)]","[(0, 17700.5859375), (1, 15750.75)]","[(0, 9590.9599609375), (1, 10245.4560546875)]","[(0, 10467.13671875), (1, 5635.17041015625)]","[(0, 16161.416015625), (1, 17893.52734375)]","[(0, 5964.64306640625), (1, 5284.89501953125)]","[(0, 1514.9248046875), (1, 1845.305419921875)]","[(4, 94.50108924278847), (3, 104.13236490885417), (1, 120.47158578725961), (0, 137.26143391927084), (5, 164.0308172052557), (2, 210.57947887073863)]","[(0, 4738.5556640625), (1, 3895.15380859375)]","[(4, 206.37611607142858), (3, 276.54332557091345), (1, 322.48291015625), (5, 400.4353434244792), (0, 576.8595525568181), (2, 660.428564453125)]","[(0, 3280.718017578125), (1, 1840.7669677734375)]","[(4, 107.41302490234375), (3, 111.18330891927083), (1, 126.5297607421875), (5, 126.80031040736607), (0, 170.18943568638392), (2, 192.26361553485577)]","[(0, 2824.658447265625), (1, 2530.639892578125)]"
174,"[(0, 1444.178955078125), (1, 1658.686279296875)]","[(0, 795.4017944335938), (1, 1568.841552734375)]","[(0, 5499.52099609375), (1, 5020.69287109375)]","[(0, 2248.19970703125), (1, 1743.253662109375)]","[(0, 8482.71484375), (1, 4573.0625)]","[(0, 18364.248046875), (1, 16318.724609375)]","[(0, 3644.705322265625), (1, 4275.97900390625)]","[(0, 4897.66259765625), (1, 2917.761474609375)]","[(5, 139.0489501953125), (4, 144.0169416155134), (2, 144.50174654447116), (1, 153.49614606584822), (3, 187.73595252403845), (0, 208.68633563701923)]","[(0, 3442.726806640625), (1, 3818.1904296875)]","[(4, 60.730477469308035), (1, 93.5133056640625), (3, 98.82008870442708), (5, 116.13282267252605), (0, 174.10349343039772), (2, 199.13700727982953)]","[(0, 1510.143798828125), (1, 1671.783203125)]","[(1, 49.29064127604167), (4, 49.29715169270833), (5, 87.7501971905048), (3, 90.35021033653847), (2, 91.24999060997597), (0, 96.26299579326923)]","[(0, 767.5453491210938), (1, 716.1370239257812)]"
175,"[(0, 845.5302734375), (1, 921.3043212890625)]","[(0, 1106.443359375), (1, 2430.630859375)]","[(0, 6130.6083984375), (1, 4740.27783203125)]","[(0, 1719.7840576171875), (1, 1434.4339599609375)]","[(0, 4865.7255859375), (1, 4035.94091796875)]","[(0, 9594.271484375), (1, 8637.25390625)]","[(0, 14715.3203125), (1, 20555.86328125)]","[(0, 3822.2783203125), (1, 2399.58349609375)]","[(4, 252.06955788352272), (5, 280.84814453125), (3, 324.1507080078125), (1, 419.73233309659093), (2, 479.422900390625), (0, 577.89970703125)]","[(0, 1965.7236328125), (1, 2305.291259765625)]","[(2, 167.908203125), (1, 267.83270263671875), (0, 284.02249581473217), (4, 373.6942661830357), (5, 381.1794621394231), (3, 747.8306477864584)]","[(0, 4657.4580078125), (1, 3552.119140625)]","[(1, 267.00933837890625), (4, 268.0791829427083), (5, 317.24387428977275), (2, 320.91335227272725), (3, 470.0465198863636), (0, 481.23921342329544)]","[(0, 8344.9296875), (1, 6527.5302734375)]"
176,"[(0, 682.2012939453125), (1, 797.0802612304688)]","[(0, 1098.2109375), (1, 2055.274658203125)]","[(0, 7201.57666015625), (1, 8716.2275390625)]","[(0, 4499.3310546875), (1, 4551.13525390625)]","[(0, 5185.11328125), (1, 3878.806396484375)]","[(0, 11062.6396484375), (1, 12478.7763671875)]","[(0, 10849.58984375), (1, 16265.2138671875)]","[(0, 1597.9415283203125), (1, 1627.9443359375)]","[(4, 148.70340670072116), (1, 175.28913762019232), (5, 189.09554036458334), (2, 224.29850260416666), (3, 241.61181640625), (0, 292.5325927734375)]","[(0, 4425.0576171875), (1, 2174.04296875)]","[(1, 52.27616228376116), (2, 54.29140061598558), (4, 79.6386210123698), (5, 88.36553955078125), (0, 103.64634195963542), (3, 250.6775634765625)]","[(0, 1161.445068359375), (1, 1064.77734375)]","[(4, 81.8090350811298), (1, 112.55227661132812), (3, 135.64225260416666), (5, 145.74718128551137), (0, 191.2824041193182), (2, 194.35654296875)]","[(0, 1695.596923828125), (1, 1496.2825927734375)]"
177,"[(0, 1162.13818359375), (1, 1259.19384765625)]","[(0, 629.317138671875), (1, 907.7996215820312)]","[(0, 4139.59375), (1, 4012.27392578125)]","[(0, 31099.87890625), (1, 27531.166015625)]","[(0, 7025.3125), (1, 4461.244140625)]","[(0, 6049.37548828125), (1, 6293.5830078125)]","[(0, 3100.176025390625), (1, 2738.41064453125)]","[(0, 2293.731201171875), (1, 2119.327392578125)]","[(1, 204.89407552083333), (2, 239.02291434151786), (4, 249.47823392427884), (0, 250.414306640625), (3, 278.9122203480114), (5, 317.8080240885417)]","[(0, 4133.5224609375), (1, 1959.17138671875)]","[(2, 95.9309969815341), (4, 113.73741658528645), (5, 119.6982754794034), (1, 130.72395833333334), (0, 139.2988614169034), (3, 166.95152698863637)]","[(0, 1361.6632080078125), (1, 1012.29248046875)]","[(2, 27.078033447265625), (1, 30.034339904785156), (5, 38.55801595052083), (4, 41.96049880981445), (0, 55.90587942940848), (3, 81.13160923549107)]","[(0, 2094.23388671875), (1, 1826.2958984375)]"
178,"[(0, 1392.9041748046875), (1, 1608.6131591796875)]","[(0, 1400.98291015625), (1, 1990.670166015625)]","[(0, 24334.849609375), (1, 20516.947265625)]","[(0, 3457.74755859375), (1, 2744.4892578125)]","[(0, 5854.181640625), (1, 3669.8525390625)]","[(0, 15254.9013671875), (1, 14678.6533203125)]","[(0, 11511.4248046875), (1, 13373.51953125)]","[(0, 2366.48681640625), (1, 2558.07568359375)]","[(3, 57.32162679036458), (4, 64.24629211425781), (5, 95.64419119698661), (0, 130.88059645432693), (1, 131.07809012276786), (2, 247.6165568033854)]","[(0, 1988.393310546875), (1, 708.4255981445312)]","[(4, 249.7303466796875), (5, 332.49123128255206), (3, 339.5098407451923), (1, 483.1305745442708), (2, 709.342333984375), (0, 794.4408735795455)]","[(0, 1522.14111328125), (1, 1520.153564453125)]","[(1, 68.386669921875), (2, 102.56195537860577), (4, 108.60912214006696), (0, 155.12689678485577), (5, 175.5113321940104), (3, 281.4991861979167)]","[(0, 3133.03369140625), (1, 2596.24560546875)]"
179,"[(0, 1449.4268798828125), (1, 1593.7288818359375)]","[(0, 2801.172119140625), (1, 4603.232421875)]","[(0, 5337.505859375), (1, 3945.42724609375)]","[(0, 4428.23681640625), (1, 5079.13427734375)]","[(0, 13389.037109375), (1, 8262.2734375)]","[(0, 3235.44140625), (1, 2887.915771484375)]","[(0, 8449.62890625), (1, 7622.39990234375)]","[(0, 3040.018798828125), (1, 2258.14208984375)]","[(4, 253.8403523763021), (5, 298.19362571022725), (1, 317.8249918619792), (3, 323.20090553977275), (2, 385.3289240056818), (0, 410.27321555397725)]","[(0, 2439.23193359375), (1, 2527.05712890625)]","[(2, 137.90459333147322), (1, 156.93527018229167), (4, 161.98405573918268), (0, 209.8663611778846), (5, 211.0682373046875), (3, 343.90909090909093)]","[(0, 985.6600341796875), (1, 751.1586303710938)]","[(1, 46.846272786458336), (4, 55.86642659505208), (2, 71.64332932692308), (5, 89.68706805889423), (0, 115.03440504807692), (3, 143.40128267728366)]","[(0, 7398.2763671875), (1, 6005.5224609375)]"
180,"[(0, 1454.831298828125), (1, 1721.3363037109375)]","[(0, 1421.82421875), (1, 2104.8701171875)]","[(0, 9204.5556640625), (1, 6678.97509765625)]","[(0, 32916.3828125), (1, 27925.41015625)]","[(0, 4511.7490234375), (1, 2840.853759765625)]","[(0, 3984.768798828125), (1, 4229.5166015625)]","[(0, 4621.15185546875), (1, 5456.57763671875)]","[(0, 2090.226318359375), (1, 1406.04443359375)]","[(1, 92.12746756417411), (2, 113.06557053786058), (4, 148.066650390625), (0, 163.93392944335938), (5, 201.9722567471591), (3, 310.8498046875)]","[(0, 1306.083251953125), (1, 1520.1268310546875)]","[(1, 93.81866924579327), (2, 107.8044942220052), (4, 191.56345436789772), (0, 196.5555974786932), (5, 252.001416015625), (3, 652.8435872395834)]","[(0, 2462.46826171875), (1, 1479.3665771484375)]","[(3, 112.26385904947917), (1, 122.9616455078125), (4, 128.46157836914062), (0, 152.3505859375), (5, 178.90410505022322), (2, 248.30851862980768)]","[(0, 3474.745361328125), (1, 3038.482666015625)]"
181,"[(0, 1696.54150390625), (1, 2006.6563720703125)]","[(0, 806.6717529296875), (1, 962.8309326171875)]","[(0, 3183.361328125), (1, 1901.7747802734375)]","[(0, 7480.9462890625), (1, 7633.76318359375)]","[(0, 3252.08447265625), (1, 2863.583984375)]","[(0, 3710.1806640625), (1, 3560.9990234375)]","[(0, 12320.7451171875), (1, 16652.408203125)]","[(0, 1603.1693115234375), (1, 1124.1265869140625)]","[(4, 87.25812174479167), (3, 104.01373291015625), (1, 113.03264508928571), (0, 142.74151141826923), (5, 147.62154447115384), (2, 207.04345703125)]","[(0, 2643.48095703125), (1, 2051.545166015625)]","[(2, 300.71127041903407), (0, 363.3609730113636), (1, 377.5240885416667), (4, 393.7191975911458), (5, 427.77530184659093), (3, 498.70645419034093)]","[(0, 1575.5001220703125), (1, 1691.4775390625)]","[(1, 136.97454427083332), (2, 162.99332101004464), (5, 192.9825439453125), (0, 195.849853515625), (3, 230.97098214285714), (4, 238.11848958333334)]","[(0, 3562.9521484375), (1, 3251.036376953125)]"
182,"[(0, 1101.1541748046875), (1, 1381.6937255859375)]","[(0, 465.8462219238281), (1, 394.8082580566406)]","[(0, 19962.625), (1, 16483.26953125)]","[(0, 1833.9901123046875), (1, 1515.366943359375)]","[(0, 2515.093505859375), (1, 2190.849609375)]","[(0, 5472.8115234375), (1, 6081.681640625)]","[(0, 9601.72265625), (1, 10291.3056640625)]","[(0, 1448.2640380859375), (1, 856.0260009765625)]","[(5, 94.94032639723558), (2, 95.64898681640625), (4, 104.06339808872768), (1, 106.56211500901442), (3, 129.0389404296875), (0, 132.39026896158853)]","[(0, 3418.982666015625), (1, 4179.197265625)]","[(2, 122.40084134615384), (1, 140.30516706194197), (4, 190.44420447716345), (5, 200.36798095703125), (0, 322.1472574869792), (3, 616.2772993607955)]","[(0, 1614.177001953125), (1, 2430.183349609375)]","[(4, 111.36827799479167), (1, 115.03058733258929), (2, 146.51311238606772), (5, 148.47815880408655), (0, 244.74481201171875), (3, 249.3785682091346)]","[(0, 6124.3095703125), (1, 5518.46630859375)]"
183,"[(0, 774.4901733398438), (1, 1004.616943359375)]","[(0, 445.8930358886719), (1, 378.9850158691406)]","[(0, 3466.880615234375), (1, 3136.8486328125)]","[(0, 6014.8134765625), (1, 5879.60595703125)]","[(0, 14327.578125), (1, 7991.62060546875)]","[(0, 21427.455078125), (1, 23929.326171875)]","[(0, 11750.9443359375), (1, 16282.8447265625)]","[(0, 3521.603759765625), (1, 2856.0224609375)]","[(1, 129.93668619791666), (2, 130.60176304408483), (4, 250.76776592548077), (0, 253.27552208533655), (5, 283.69484456380206), (3, 581.7261186079545)]","[(0, 1433.8724365234375), (1, 1387.4361572265625)]","[(4, 50.17269025530134), (1, 53.46585954938616), (5, 70.81020609537761), (2, 75.62879943847656), (3, 86.70169067382812), (0, 90.67929077148438)]","[(0, 1572.279052734375), (1, 1532.1925048828125)]","[(4, 19.73851114908854), (1, 23.24772745768229), (3, 29.546605036808895), (5, 34.915355975811295), (0, 35.62587327223558), (2, 42.30568284254808)]","[(0, 21799.640625), (1, 16793.263671875)]"
184,"[(0, 1009.4053344726562), (1, 1120.3218994140625)]","[(0, 1915.19677734375), (1, 2420.70654296875)]","[(0, 13064.9560546875), (1, 13353.6376953125)]","[(0, 20540.912109375), (1, 18492.20703125)]","[(0, 10264.380859375), (1, 4841.951171875)]","[(0, 11246.3818359375), (1, 10521.94140625)]","[(0, 16989.984375), (1, 24765.84765625)]","[(0, 4863.2900390625), (1, 5681.08447265625)]","[(1, 347.1644694010417), (4, 348.1936848958333), (5, 359.93758877840907), (2, 363.2061212713068), (3, 464.25492720170456), (0, 467.02907492897725)]","[(0, 2101.224853515625), (1, 2214.158447265625)]","[(1, 129.52669583834134), (2, 132.72040812174478), (4, 171.24202104048297), (5, 185.33468017578124), (0, 197.68053089488637), (3, 346.63831922743054)]","[(0, 1913.022705078125), (1, 2291.659423828125)]","[(4, 146.16133335658483), (1, 154.3739217122396), (2, 166.3020751953125), (5, 180.43243408203125), (3, 218.434814453125), (0, 253.83249733664772)]","[(0, 12834.5986328125), (1, 10328.884765625)]"
185,"[(0, 893.8099365234375), (1, 1059.3529052734375)]","[(0, 2938.732177734375), (1, 4094.93798828125)]","[(0, 18412.349609375), (1, 18666.50390625)]","[(0, 3713.5791015625), (1, 3627.021240234375)]","[(0, 6024.53857421875), (1, 4001.38720703125)]","[(0, 6426.734375), (1, 5699.818359375)]","[(0, 8850.3896484375), (1, 8756.2021484375)]","[(0, 1359.0716552734375), (1, 1324.1463623046875)]","[(1, 90.93426513671875), (4, 94.52200753348214), (2, 114.73952073317308), (0, 119.10899000901442), (3, 121.42508638822116), (5, 124.27620755709134)]","[(0, 2330.711181640625), (1, 1904.865966796875)]","[(4, 296.08675870028407), (1, 366.73335404829544), (5, 375.678369140625), (2, 476.55654296875), (3, 496.5537109375), (0, 611.204443359375)]","[(0, 2808.600341796875), (1, 2547.150390625)]","[(1, 66.90517484224759), (2, 80.30645243326823), (5, 93.77356974283855), (0, 103.01988728841145), (4, 111.64222130408653), (3, 121.85824584960938)]","[(0, 9902.66015625), (1, 7982.4873046875)]"
186,"[(0, 1203.3453369140625), (1, 1685.24462890625)]","[(0, 1955.40185546875), (1, 2531.395263671875)]","[(0, 12006.033203125), (1, 10817.365234375)]","[(0, 11731.7744140625), (1, 8808.541015625)]","[(0, 1374.60888671875), (1, 1156.1019287109375)]","[(0, 10286.94921875), (1, 11315.27734375)]","[(0, 14630.0751953125), (1, 14607.4765625)]","[(0, 1288.7696533203125), (1, 1274.8341064453125)]","[(2, 94.60144981971153), (1, 116.44454520089286), (5, 176.6747843424479), (4, 216.78547551081732), (0, 256.44264729817706), (3, 537.3298117897727)]","[(0, 2798.03662109375), (1, 2729.543212890625)]","[(2, 259.35482510653407), (4, 320.07375081380206), (5, 326.26309481534093), (1, 347.37939453125), (0, 377.67928799715907), (3, 474.46830610795456)]","[(0, 6408.22705078125), (1, 3445.955810546875)]","[(1, 128.75623430524553), (2, 145.92765925480768), (4, 272.4901936848958), (0, 285.65281168619794), (5, 332.83833451704544), (3, 750.92802734375)]","[(0, 2437.1357421875), (1, 2255.26904296875)]"
187,"[(0, 1549.89208984375), (1, 1862.2548828125)]","[(0, 1095.63427734375), (1, 1168.083251953125)]","[(0, 6579.05859375), (1, 4173.7919921875)]","[(0, 11553.93359375), (1, 7748.20458984375)]","[(0, 2766.99609375), (1, 1807.4381103515625)]","[(0, 8576.341796875), (1, 9477.2607421875)]","[(0, 8509.33984375), (1, 7993.05322265625)]","[(0, 1467.95703125), (1, 1547.748779296875)]","[(4, 53.87624887319711), (1, 71.68467203776042), (3, 78.51433817545573), (5, 92.54259699041194), (0, 108.5755948153409), (2, 125.67913818359375)]","[(0, 1188.4381103515625), (1, 947.4683837890625)]","[(1, 71.68940080915179), (4, 84.08251014122597), (0, 110.87576293945312), (3, 127.64277787642045), (2, 134.8822021484375), (5, 169.6222811612216)]","[(0, 1259.0426025390625), (1, 1317.3265380859375)]","[(3, 52.19952392578125), (1, 53.58160400390625), (4, 56.51921463012695), (5, 60.63108171735491), (0, 80.64572378305289), (2, 99.8179219563802)]","[(0, 1245.2105712890625), (1, 1144.5819091796875)]"
188,"[(0, 2232.938720703125), (1, 2760.8466796875)]","[(0, 2413.112060546875), (1, 3189.0283203125)]","[(0, 6470.18896484375), (1, 3628.007080078125)]","[(0, 10535.3369140625), (1, 9357.8740234375)]","[(0, 7550.8447265625), (1, 4168.32666015625)]","[(0, 12499.41796875), (1, 11491.625)]","[(0, 7113.6181640625), (1, 7789.041015625)]","[(0, 1379.8587646484375), (1, 1432.06103515625)]","[(5, 56.21543666294643), (4, 62.12956136067708), (2, 74.88688441685268), (1, 81.265673828125), (3, 89.44373430524554), (0, 121.60478864397321)]","[(0, 2008.224365234375), (1, 1592.18701171875)]","[(2, 216.88813920454547), (1, 242.0157267252604), (5, 266.46728515625), (4, 272.0812174479167), (0, 366.6997736150568), (3, 458.9630681818182)]","[(0, 1716.7017822265625), (1, 1439.648681640625)]","[(4, 165.24568684895834), (1, 173.30855305989584), (5, 235.6004305752841), (2, 254.85258345170453), (3, 289.65576171875), (0, 305.15884676846593)]","[(0, 2187.884765625), (1, 1899.3568115234375)]"
189,"[(0, 1360.34375), (1, 1584.05224609375)]","[(0, 3896.431884765625), (1, 5721.6787109375)]","[(0, 4113.45556640625), (1, 3221.998046875)]","[(0, 5504.26953125), (1, 5576.677734375)]","[(0, 6260.544921875), (1, 4845.947265625)]","[(0, 4674.8310546875), (1, 4522.27685546875)]","[(0, 15758.2783203125), (1, 23221.205078125)]","[(0, 1727.2669677734375), (1, 1596.5865478515625)]","[(3, 81.94383239746094), (4, 83.89759018841912), (0, 127.66298014322916), (1, 128.8276824951172), (5, 131.21207682291666), (2, 218.65202985491072)]","[(0, 4031.87060546875), (1, 2473.806396484375)]","[(1, 291.98636300223217), (2, 295.9106257512019), (4, 613.2169596354166), (0, 626.6870930989584), (5, 630.0868252840909), (3, 1798.2552734375)]","[(0, 1690.65185546875), (1, 1471.6513671875)]","[(1, 96.58652169363839), (4, 101.55812174479166), (3, 118.60952322823661), (0, 144.54480919471155), (5, 181.35721529447116), (2, 202.61641438802084)]","[(0, 8779.7822265625), (1, 6114.4873046875)]"
190,"[(0, 1023.0941772460938), (1, 1219.195556640625)]","[(0, 2445.693359375), (1, 3349.277587890625)]","[(0, 5605.89892578125), (1, 5043.86328125)]","[(0, 7388.017578125), (1, 7318.208984375)]","[(0, 3654.011474609375), (1, 2731.078125)]","[(0, 3658.5341796875), (1, 3872.582275390625)]","[(0, 11438.8798828125), (1, 15041.1142578125)]","[(0, 1269.189697265625), (1, 1373.7020263671875)]","[(1, 231.92386300223214), (2, 263.4357158954327), (0, 297.60581461588544), (4, 304.49371337890625), (5, 356.56034712357956), (3, 430.373291015625)]","[(0, 1901.2843017578125), (1, 956.1224365234375)]","[(2, 164.0900324041193), (1, 171.2977294921875), (5, 256.69873046875), (4, 265.28189364346593), (0, 374.8634765625), (3, 741.4688042534722)]","[(0, 8076.5439453125), (1, 6401.15380859375)]","[(4, 124.8784930889423), (1, 135.12516902043268), (3, 142.78731282552084), (0, 188.1078898111979), (5, 200.6181844075521), (2, 265.1984049479167)]","[(0, 13047.8095703125), (1, 9990.6123046875)]"
191,"[(0, 2138.806396484375), (1, 3033.190185546875)]","[(0, 1203.5064697265625), (1, 1354.8626708984375)]","[(0, 4385.11474609375), (1, 3918.298095703125)]","[(0, 5436.00927734375), (1, 5192.2236328125)]","[(0, 18251.4921875), (1, 10595.2080078125)]","[(0, 13196.2890625), (1, 14431.580078125)]","[(0, 7514.76806640625), (1, 6387.5615234375)]","[(0, 1911.9310302734375), (1, 1410.23828125)]","[(4, 227.53365071614584), (5, 236.91062233664772), (1, 247.05574544270834), (2, 251.8650790127841), (3, 309.9883478338068), (0, 350.978515625)]","[(0, 13408.7666015625), (1, 6972.5361328125)]","[(4, 57.76673990885417), (1, 75.8451919555664), (0, 83.52675083705357), (2, 85.38749476841518), (3, 93.06087552584134), (5, 102.09417255108173)]","[(0, 5721.65185546875), (1, 3629.45703125)]","[(4, 44.067186628069194), (3, 59.23734694260817), (1, 60.12238057454427), (5, 64.45092264811198), (0, 93.8665438565341), (2, 99.0556396484375)]","[(0, 3270.9365234375), (1, 3121.0810546875)]"
192,"[(0, 1991.561767578125), (1, 2398.07958984375)]","[(0, 573.973876953125), (1, 1053.507568359375)]","[(0, 8309.4072265625), (1, 7004.35986328125)]","[(0, 15779.421875), (1, 12757.4267578125)]","[(0, 11148.66015625), (1, 6605.009765625)]","[(0, 13335.26171875), (1, 11686.716796875)]","[(0, 13878.517578125), (1, 15274.3349609375)]","[(0, 1969.3544921875), (1, 1138.9849853515625)]","[(1, 287.17722574869794), (2, 318.66146573153407), (4, 392.005126953125), (0, 404.8743785511364), (5, 447.02645596590907), (3, 555.0530894886364)]","[(0, 1050.091064453125), (1, 807.800048828125)]","[(4, 44.51520134420956), (5, 49.610172526041666), (3, 51.11296463012695), (2, 68.97433471679688), (1, 71.00269317626953), (0, 73.050439453125)]","[(0, 3208.9833984375), (1, 4010.46044921875)]","[(1, 48.13901901245117), (2, 54.44058837890625), (4, 61.78794759114583), (5, 69.39759608677456), (0, 108.46219308035714), (3, 148.30854679987982)]","[(0, 18948.005859375), (1, 13453.021484375)]"
193,"[(0, 1435.5753173828125), (1, 1689.0089111328125)]","[(0, 935.0669555664062), (1, 1961.4840087890625)]","[(0, 21225.556640625), (1, 23322.564453125)]","[(0, 8496.94140625), (1, 8201.822265625)]","[(0, 1418.225341796875), (1, 1281.8250732421875)]","[(0, 10156.8681640625), (1, 9598.810546875)]","[(0, 11006.90625), (1, 13082.5107421875)]","[(0, 5874.88671875), (1, 3896.6845703125)]","[(1, 64.93517348345588), (4, 69.14195421006944), (2, 72.87015787760417), (5, 83.92776489257812), (0, 127.74464518229166), (3, 148.769775390625)]","[(0, 2230.033935546875), (1, 2495.794677734375)]","[(4, 67.51191711425781), (3, 71.51092936197917), (2, 77.07189471905048), (0, 79.08700125558036), (5, 79.56291852678571), (1, 93.24307454427084)]","[(0, 1154.182373046875), (1, 787.7080078125)]","[(4, 76.16578020368304), (3, 99.97141676682692), (1, 130.59537447415866), (5, 160.40908813476562), (0, 183.50504557291666), (2, 278.80903764204544)]","[(0, 14568.5078125), (1, 10274.037109375)]"
194,"[(0, 825.500244140625), (1, 971.43994140625)]","[(0, 812.483154296875), (1, 1440.834716796875)]","[(0, 3192.58251953125), (1, 3231.047607421875)]","[(0, 9521.5966796875), (1, 8801.50390625)]","[(0, 13823.14453125), (1, 7537.39794921875)]","[(0, 10715.74609375), (1, 11392.9140625)]","[(0, 18116.853515625), (1, 24561.33203125)]","[(0, 2389.5107421875), (1, 2716.701171875)]","[(1, 162.3356170654297), (2, 162.69884440104167), (0, 183.08853585379464), (4, 205.85471888950892), (5, 218.45845853365384), (3, 287.70107014973956)]","[(0, 966.7828369140625), (1, 850.1723022460938)]","[(2, 169.60109641335228), (1, 170.19905598958334), (0, 202.230712890625), (4, 227.767578125), (5, 254.2996493252841), (3, 306.6314808238636)]","[(0, 3806.189453125), (1, 3065.8701171875)]","[(1, 57.33315860523897), (2, 63.87813949584961), (4, 88.93069661458334), (5, 90.18011474609375), (0, 112.6739013671875), (3, 175.68509615384616)]","[(0, 2276.964599609375), (1, 1992.2960205078125)]"
195,"[(0, 1458.249755859375), (1, 1793.171630859375)]","[(0, 521.2217407226562), (1, 760.9874877929688)]","[(0, 10733.0400390625), (1, 8923.564453125)]","[(0, 12861.17578125), (1, 10906.033203125)]","[(0, 8483.3134765625), (1, 4445.9248046875)]","[(0, 15473.9404296875), (1, 15428.3193359375)]","[(0, 10432.287109375), (1, 9086.4375)]","[(0, 3041.639892578125), (1, 2581.38671875)]","[(3, 72.91902982271634), (4, 77.30473981584821), (5, 149.75623575846353), (1, 167.14685997596155), (0, 171.927734375), (2, 366.94222745028407)]","[(0, 4900.93359375), (1, 7831.22119140625)]","[(4, 31.36199188232422), (2, 40.61180701622596), (5, 41.029327392578125), (1, 43.8463134765625), (3, 60.07405308314732), (0, 61.65380859375)]","[(0, 4037.4228515625), (1, 4520.09130859375)]","[(2, 80.50762430826823), (1, 80.92084209735577), (5, 125.60780686598558), (0, 132.47539265950522), (4, 148.29096330915178), (3, 188.705078125)]","[(0, 2048.324462890625), (1, 1753.90869140625)]"
196,"[(0, 994.5286254882812), (1, 1153.5413818359375)]","[(0, 415.52032470703125), (1, 382.6948547363281)]","[(0, 6410.67822265625), (1, 5972.24169921875)]","[(0, 17603.18359375), (1, 15350.1376953125)]","[(0, 9123.75), (1, 6112.02734375)]","[(0, 8311.9990234375), (1, 8365.7197265625)]","[(0, 4393.96435546875), (1, 4859.78515625)]","[(0, 2945.037841796875), (1, 2368.16064453125)]","[(1, 47.67192789713542), (2, 51.422764369419646), (4, 74.86284930889423), (5, 81.43017578125), (0, 97.19163161057692), (3, 166.88100363991478)]","[(0, 3980.533935546875), (1, 2271.4013671875)]","[(4, 162.87581380208334), (2, 175.8254597981771), (0, 177.8702189127604), (3, 193.08420632102272), (5, 196.9976473721591), (1, 235.11844576322116)]","[(0, 6721.7490234375), (1, 4719.0283203125)]","[(1, 70.16459437779018), (3, 75.2086181640625), (4, 85.4913101196289), (5, 85.61613246372768), (0, 96.59461388221153), (2, 113.53286743164062)]","[(0, 3650.44140625), (1, 3232.665771484375)]"
197,"[(0, 1328.76171875), (1, 1634.9324951171875)]","[(0, 277.57257080078125), (1, 245.89633178710938)]","[(0, 7087.89892578125), (1, 5142.5498046875)]","[(0, 2471.14306640625), (1, 2678.74609375)]","[(0, 4050.674560546875), (1, 3123.487060546875)]","[(0, 3518.934814453125), (1, 3292.40576171875)]","[(0, 26598.55078125), (1, 26608.166015625)]","[(0, 3647.12158203125), (1, 2706.94091796875)]","[(2, 27.018536037868923), (1, 35.04135613692434), (5, 37.2141903147978), (4, 47.414642333984375), (0, 61.20102108226103), (3, 81.44512939453125)]","[(0, 3452.39306640625), (1, 3406.790283203125)]","[(2, 117.22213040865384), (4, 128.14231520432693), (1, 130.02498081752233), (5, 136.45555623372397), (0, 257.5283610026042), (3, 310.796142578125)]","[(0, 1367.7247314453125), (1, 1366.6614990234375)]","[(4, 299.2037464488636), (1, 318.16586026278407), (5, 401.204443359375), (2, 411.401611328125), (3, 566.286669921875), (0, 622.174951171875)]","[(0, 6058.1103515625), (1, 4410.72021484375)]"
198,"[(0, 1264.3265380859375), (1, 1501.0003662109375)]","[(0, 272.69256591796875), (1, 416.47821044921875)]","[(0, 7044.62158203125), (1, 4404.22607421875)]","[(0, 3807.547119140625), (1, 5681.66455078125)]","[(0, 14746.1982421875), (1, 9128.1796875)]","[(0, 17995.126953125), (1, 19929.126953125)]","[(0, 11206.7138671875), (1, 11997.7939453125)]","[(0, 903.803955078125), (1, 957.0912475585938)]","[(1, 210.554931640625), (2, 254.56961763822116), (0, 269.2626953125), (4, 275.87109375), (5, 344.38631924715907), (3, 355.0842529296875)]","[(0, 5201.66015625), (1, 4804.15625)]","[(2, 172.1382390802557), (1, 242.5235799153646), (0, 255.217529296875), (4, 259.34084065755206), (5, 285.2686878551136), (3, 417.58984375)]","[(0, 1675.007568359375), (1, 1428.4996337890625)]","[(1, 63.425297037760416), (5, 68.3382088797433), (3, 69.767236328125), (4, 74.59886169433594), (0, 90.87821742466518), (2, 93.49939903846153)]","[(0, 13867.6943359375), (1, 11527.5400390625)]"
199,"[(0, 1833.1151123046875), (1, 2183.490966796875)]","[(0, 404.4043273925781), (1, 740.2705078125)]","[(0, 34093.5), (1, 28691.677734375)]","[(0, 5413.18505859375), (1, 5325.2783203125)]","[(0, 4703.904296875), (1, 2588.48388671875)]","[(0, 15422.7734375), (1, 17168.826171875)]","[(0, 9806.564453125), (1, 8261.5478515625)]","[(0, 684.9412231445312), (1, 435.7514953613281)]","[(1, 180.10257393973214), (2, 192.90386493389423), (4, 218.81284877232142), (0, 237.61944110576923), (5, 238.10646409254807), (3, 281.46084359975964)]","[(0, 3410.271728515625), (1, 1187.668212890625)]","[(4, 90.38031412760417), (3, 107.17102922712054), (5, 160.51759690504807), (0, 198.4951171875), (1, 284.7197265625), (2, 319.32037353515625)]","[(0, 1972.427734375), (1, 1317.87890625)]","[(4, 157.79104614257812), (3, 214.69642223011363), (5, 215.55442116477272), (1, 283.88755289713544), (2, 405.1868785511364), (0, 405.65083451704544)]","[(0, 20951.33984375), (1, 15419.2578125)]"
200,"[(0, 1384.5235595703125), (1, 1624.6602783203125)]","[(0, 325.4844055175781), (1, 494.91180419921875)]","[(0, 5256.10400390625), (1, 5925.77685546875)]","[(0, 9614.0458984375), (1, 9138.30078125)]","[(0, 5327.34033203125), (1, 3794.461181640625)]","[(0, 10986.51953125), (1, 10307.24609375)]","[(0, 6018.9794921875), (1, 6943.326171875)]","[(0, 1805.6455078125), (1, 1588.399169921875)]","[(1, 121.1730069247159), (2, 132.57725830078124), (4, 144.2291925603693), (5, 161.911669921875), (0, 165.53392333984374), (3, 202.76690673828125)]","[(0, 2812.14111328125), (1, 2414.025634765625)]","[(4, 50.62119704026442), (1, 50.67060734675481), (5, 101.01960893110795), (2, 104.15693803267045), (3, 133.01627974076703), (0, 146.60535777698863)]","[(0, 1877.6591796875), (1, 2451.441162109375)]","[(4, 94.11017315204327), (3, 124.75491333007812), (1, 143.58991495768228), (0, 189.83988813920453), (5, 228.6310147372159), (2, 393.5915771484375)]","[(0, 7228.9697265625), (1, 5837.42333984375)]"
201,"[(0, 914.0109252929688), (1, 1100.7362060546875)]","[(0, 389.0121765136719), (1, 513.0780639648438)]","[(0, 12051.09375), (1, 14313.4443359375)]","[(0, 5445.25), (1, 4282.9169921875)]","[(0, 2972.895263671875), (1, 2125.25341796875)]","[(0, 2544.143798828125), (1, 2412.559814453125)]","[(0, 7713.57470703125), (1, 11136.7802734375)]","[(0, 4380.888671875), (1, 3033.583740234375)]","[(4, 64.3143081665039), (3, 67.8166259765625), (1, 97.40563092912946), (5, 99.08080182756696), (0, 120.52985088641827), (2, 183.54302978515625)]","[(0, 6678.140625), (1, 3270.4248046875)]","[(4, 140.452197265625), (1, 150.66394856770833), (5, 246.29417067307693), (3, 258.9741023137019), (2, 262.43368765024036), (0, 270.6601750300481)]","[(0, 999.489013671875), (1, 703.6832275390625)]","[(1, 130.68482555042613), (2, 148.70380859375), (4, 193.0603693181818), (5, 223.75517578125), (0, 229.8552001953125), (3, 346.3489990234375)]","[(0, 2857.98291015625), (1, 2607.052001953125)]"
202,"[(0, 1390.312255859375), (1, 1565.835693359375)]","[(0, 436.7060852050781), (1, 390.67498779296875)]","[(0, 2902.005859375), (1, 2568.703857421875)]","[(0, 4407.1416015625), (1, 4132.8798828125)]","[(0, 14044.7509765625), (1, 9212.029296875)]","[(0, 11882.6923828125), (1, 13224.8369140625)]","[(0, 6708.49951171875), (1, 10119.8466796875)]","[(0, 2114.0576171875), (1, 2080.153076171875)]","[(2, 100.81080118815105), (1, 102.81119478665866), (4, 128.8969444861779), (5, 132.38275146484375), (0, 146.68053181966147), (3, 189.048095703125)]","[(0, 5693.8037109375), (1, 3874.691650390625)]","[(1, 129.6030555138221), (2, 142.5763956705729), (4, 220.96095969460228), (0, 239.31139026988637), (5, 260.74111328125), (3, 594.1193576388889)]","[(0, 1365.056640625), (1, 1907.836669921875)]","[(4, 136.9176025390625), (5, 143.45447887073863), (1, 145.7862548828125), (2, 153.3578369140625), (3, 271.706787109375), (0, 321.8947998046875)]","[(0, 1855.4007568359375), (1, 1620.5355224609375)]"
203,"[(0, 1485.1029052734375), (1, 1731.196044921875)]","[(0, 1537.3145751953125), (1, 1878.867431640625)]","[(0, 12482.3115234375), (1, 9772.8427734375)]","[(0, 8572.890625), (1, 7194.65087890625)]","[(0, 9782.0732421875), (1, 6245.79736328125)]","[(0, 11355.48046875), (1, 11261.50390625)]","[(0, 8308.3134765625), (1, 7514.18017578125)]","[(0, 3066.513427734375), (1, 2148.754638671875)]","[(4, 18.95821533203125), (5, 20.235226101345486), (1, 22.04210622687089), (2, 23.600855210248163), (3, 32.10246107313368), (0, 38.04864501953125)]","[(0, 4421.8896484375), (1, 2259.82470703125)]","[(1, 382.2052556818182), (4, 468.57399680397725), (2, 468.76259765625), (5, 600.540234375), (0, 643.93974609375), (3, 802.018359375)]","[(0, 1005.17236328125), (1, 1169.353271484375)]","[(2, 124.26586042131696), (1, 126.72443033854167), (0, 234.38703801081732), (4, 274.3412898137019), (5, 323.19594319661456), (3, 717.6689453125)]","[(0, 3483.740478515625), (1, 3098.964111328125)]"
204,"[(0, 1407.964599609375), (1, 1660.10888671875)]","[(0, 2777.91064453125), (1, 3942.629150390625)]","[(0, 9927.916015625), (1, 9889.1826171875)]","[(0, 9551.783203125), (1, 7207.4375)]","[(0, 4975.18359375), (1, 4339.44482421875)]","[(0, 10476.984375), (1, 9657.0146484375)]","[(0, 5773.10302734375), (1, 6688.01904296875)]","[(0, 4343.0009765625), (1, 5047.45263671875)]","[(2, 101.94930326021634), (1, 105.17495291573661), (5, 200.8314412434896), (4, 205.71388596754807), (0, 230.7151082356771), (3, 516.3854314630681)]","[(0, 1678.6201171875), (1, 2257.36474609375)]","[(4, 322.7327392578125), (1, 422.221826171875), (3, 426.816650390625), (5, 430.94232855902777), (0, 572.8741861979166), (2, 583.2178819444445)]","[(0, 3143.31396484375), (1, 2787.90283203125)]","[(4, 26.67343319163603), (3, 29.60552215576172), (1, 35.68704427083333), (0, 40.701511928013396), (5, 45.88917236328125), (2, 65.50563870943509)]","[(0, 6411.89501953125), (1, 4529.005859375)]"
205,"[(0, 1112.752197265625), (1, 1277.471435546875)]","[(0, 1574.271484375), (1, 1980.729248046875)]","[(0, 3106.556884765625), (1, 2401.599609375)]","[(0, 6001.5830078125), (1, 7569.85107421875)]","[(0, 3880.8564453125), (1, 2886.065673828125)]","[(0, 9669.7607421875), (1, 10325.2509765625)]","[(0, 17678.064453125), (1, 20859.8671875)]","[(0, 2969.10986328125), (1, 1959.2769775390625)]","[(2, 119.56234975961539), (5, 123.73687274639423), (1, 128.13500104631697), (4, 131.81519426618303), (0, 165.70990459735577), (3, 167.07083834134616)]","[(0, 1175.8056640625), (1, 784.4451293945312)]","[(4, 214.30110677083334), (5, 222.86616654829547), (2, 227.6511896306818), (3, 310.8868519176136), (0, 326.85886452414775), (1, 353.9131266276042)]","[(0, 1959.4742431640625), (1, 1445.375)]","[(4, 98.4678955078125), (3, 118.59389085036058), (5, 187.45345052083334), (1, 209.85272216796875), (0, 301.49809126420456), (2, 460.550732421875)]","[(0, 15001.26171875), (1, 10425.4931640625)]"
206,"[(0, 870.0289916992188), (1, 1026.536376953125)]","[(0, 823.7225952148438), (1, 893.7037963867188)]","[(0, 10863.234375), (1, 9697.7705078125)]","[(0, 5899.4443359375), (1, 6812.79736328125)]","[(0, 10295.615234375), (1, 5692.51123046875)]","[(0, 7860.634765625), (1, 8592.4033203125)]","[(0, 17256.9296875), (1, 15939.5771484375)]","[(0, 2866.777099609375), (1, 2247.26611328125)]","[(4, 135.26859907670453), (5, 137.9733642578125), (1, 139.98130104758522), (2, 141.07320556640624), (3, 229.6028076171875), (0, 244.3391357421875)]","[(0, 1497.1553955078125), (1, 1779.9171142578125)]","[(2, 380.3511555989583), (4, 407.3278620793269), (5, 463.8539632161458), (1, 489.1520432692308), (0, 578.6822916666666), (3, 703.1747233072916)]","[(0, 4888.3955078125), (1, 3324.5478515625)]","[(1, 89.13719889322917), (2, 92.456298828125), (5, 145.07532677283655), (4, 166.22956194196428), (0, 195.28155048076923), (3, 369.5899251302083)]","[(0, 1966.7635498046875), (1, 1696.8043212890625)]"
207,"[(0, 1283.0169677734375), (1, 1500.7550048828125)]","[(0, 353.1722106933594), (1, 327.8148498535156)]","[(0, 3801.25244140625), (1, 3071.597412109375)]","[(0, 6272.07275390625), (1, 4651.73193359375)]","[(0, 8355.8798828125), (1, 4317.0927734375)]","[(0, 11815.45703125), (1, 10616.7109375)]","[(0, 19688.4765625), (1, 18807.580078125)]","[(0, 1954.179931640625), (1, 2228.50634765625)]","[(4, 50.86491775512695), (1, 55.37230682373047), (3, 64.66192626953125), (0, 72.61637224469867), (5, 90.7900390625), (2, 103.1680908203125)]","[(0, 2908.801025390625), (1, 1941.693359375)]","[(2, 194.8936212713068), (4, 237.90838623046875), (5, 248.20063920454547), (1, 288.06402587890625), (0, 313.94941850142044), (3, 391.60941938920456)]","[(0, 2428.01513671875), (1, 1523.163330078125)]","[(4, 117.56046840122768), (3, 149.87762920673077), (1, 156.59559983473557), (5, 192.73539225260416), (0, 215.3878377278646), (2, 283.78469016335225)]","[(0, 19494.259765625), (1, 14014.9267578125)]"
208,"[(0, 1341.9615478515625), (1, 1606.4039306640625)]","[(0, 917.5715942382812), (1, 1154.3370361328125)]","[(0, 3144.498291015625), (1, 3237.663818359375)]","[(0, 2543.1953125), (1, 2633.2890625)]","[(0, 5251.7998046875), (1, 3206.22412109375)]","[(0, 6201.25390625), (1, 5778.666015625)]","[(0, 25481.55078125), (1, 27360.458984375)]","[(0, 995.8825073242188), (1, 727.8632202148438)]","[(1, 135.81635929987982), (2, 146.50696818033853), (0, 179.8548380533854), (4, 191.82643479567307), (5, 212.5662841796875), (3, 259.1203206380208)]","[(0, 1254.5263671875), (1, 1219.31298828125)]","[(1, 289.2836181640625), (2, 303.6039225260417), (4, 365.262841796875), (5, 390.1286349826389), (0, 529.2316080729166), (3, 679.8561197916666)]","[(0, 2812.33154296875), (1, 2225.439697265625)]","[(1, 183.99785505022322), (4, 188.57594517299108), (5, 190.73602764423077), (3, 194.69133112980768), (2, 245.55235877403845), (0, 255.65131084735577)]","[(0, 2447.21337890625), (1, 2257.2841796875)]"
209,"[(0, 1052.891845703125), (1, 1170.662109375)]","[(0, 1363.12353515625), (1, 1976.5147705078125)]","[(0, 29551.900390625), (1, 24256.37109375)]","[(0, 2950.460693359375), (1, 2402.791748046875)]","[(0, 1877.2939453125), (1, 1874.7938232421875)]","[(0, 2056.06884765625), (1, 2123.601318359375)]","[(0, 10042.291015625), (1, 11451.2890625)]","[(0, 1151.3602294921875), (1, 1548.6258544921875)]","[(1, 100.22300368088942), (2, 100.3281758626302), (4, 142.8974609375), (0, 145.7054239908854), (5, 147.26887003580728), (3, 211.72062174479166)]","[(0, 2164.4873046875), (1, 1123.721435546875)]","[(4, 109.58474551930146), (2, 144.36959402901786), (5, 144.65167643229168), (1, 148.93507385253906), (3, 168.61546223958334), (0, 174.78620256696428)]","[(0, 2895.840576171875), (1, 3481.61474609375)]","[(1, 150.41580904447116), (2, 173.85262044270834), (5, 185.92048527644232), (4, 200.256103515625), (0, 227.1881103515625), (3, 235.14939528245193)]","[(0, 2100.328369140625), (1, 1879.40966796875)]"
210,"[(0, 1630.5103759765625), (1, 1978.0855712890625)]","[(0, 991.2235107421875), (1, 1270.873291015625)]","[(0, 4977.3994140625), (1, 4123.20751953125)]","[(0, 8287.177734375), (1, 10206.0966796875)]","[(0, 1526.3792724609375), (1, 1349.803955078125)]","[(0, 14156.552734375), (1, 15836.287109375)]","[(0, 3777.260986328125), (1, 5898.67919921875)]","[(0, 2496.306396484375), (1, 1703.3260498046875)]","[(1, 121.6552734375), (2, 130.8401336669922), (4, 184.655615234375), (0, 198.67293294270834), (5, 205.42082868303572), (3, 305.6277606670673)]","[(0, 4673.876953125), (1, 3281.603515625)]","[(4, 74.55829326923077), (3, 77.18850708007812), (5, 130.55141379616478), (1, 133.9739102450284), (0, 146.20833740234374), (2, 288.44037543402777)]","[(0, 2701.183837890625), (1, 1207.544189453125)]","[(4, 411.796875), (1, 425.02596768465907), (2, 430.913330078125), (5, 453.91934481534093), (0, 677.175537109375), (3, 702.4924982244319)]","[(0, 13797.1728515625), (1, 11577.537109375)]"
211,"[(0, 1623.2215576171875), (1, 1814.7691650390625)]","[(0, 1144.90673828125), (1, 1330.82568359375)]","[(0, 4941.7275390625), (1, 3964.4443359375)]","[(0, 8620.876953125), (1, 8183.16552734375)]","[(0, 9258.681640625), (1, 5243.72265625)]","[(0, 10034.794921875), (1, 8977.451171875)]","[(0, 14432.5712890625), (1, 13310.5361328125)]","[(0, 1646.2060546875), (1, 1320.4842529296875)]","[(4, 96.09362030029297), (3, 117.73339029947917), (1, 124.26671549479167), (5, 157.31307547433036), (0, 164.32826450892858), (2, 223.67157451923077)]","[(0, 1635.80517578125), (1, 1713.0098876953125)]","[(4, 100.9129169170673), (1, 113.58575439453125), (3, 139.6028719815341), (0, 159.2225545247396), (5, 184.20139382102272), (2, 207.93231201171875)]","[(0, 3825.84130859375), (1, 2891.811279296875)]","[(4, 122.34230393629808), (1, 136.4387003580729), (3, 227.6699422200521), (5, 244.6058682528409), (2, 261.9962890625), (0, 264.62857333096593)]","[(0, 1628.697509765625), (1, 1453.1444091796875)]"
212,"[(0, 1437.10888671875), (1, 1789.8529052734375)]","[(0, 623.7861938476562), (1, 616.0445556640625)]","[(0, 5080.75732421875), (1, 4206.4072265625)]","[(0, 6989.0732421875), (1, 6136.52783203125)]","[(0, 5070.78515625), (1, 3085.966796875)]","[(0, 1545.955078125), (1, 1313.236083984375)]","[(0, 5339.91455078125), (1, 6044.83642578125)]","[(0, 2130.27978515625), (1, 2277.436767578125)]","[(4, 81.8472900390625), (3, 83.93492838541667), (1, 96.52792537913604), (0, 103.80833333333334), (5, 117.43958333333333), (2, 139.73268229166666)]","[(0, 7487.43408203125), (1, 3614.731689453125)]","[(2, 189.83370535714286), (1, 205.25940755208333), (0, 231.90082256610577), (4, 268.3217022235577), (5, 315.70371500651044), (3, 460.17405007102275)]","[(0, 930.4120483398438), (1, 775.2294921875)]","[(4, 207.57635498046875), (1, 244.9446818033854), (5, 308.5696466619318), (3, 369.3408203125), (2, 381.35360440340907), (0, 442.82958984375)]","[(0, 13336.90234375), (1, 9700.091796875)]"
213,"[(0, 1740.4215087890625), (1, 2078.439697265625)]","[(0, 868.8424682617188), (1, 1167.273681640625)]","[(0, 3022.5322265625), (1, 2419.049560546875)]","[(0, 7599.427734375), (1, 8673.697265625)]","[(0, 16405.75), (1, 8705.6689453125)]","[(0, 1538.2318115234375), (1, 1758.0633544921875)]","[(0, 10301.0166015625), (1, 10945.0859375)]","[(0, 2376.600830078125), (1, 2108.338623046875)]","[(4, 109.8709487915039), (3, 115.5021484375), (5, 155.60203334263392), (1, 165.58943684895834), (0, 195.34519740513392), (2, 257.6256573016827)]","[(0, 568.0046997070312), (1, 425.0419921875)]","[(4, 173.47261555989584), (5, 214.290283203125), (3, 271.56509676846593), (2, 324.24070046164775), (0, 427.61381392045456), (1, 428.2892252604167)]","[(0, 4090.09033203125), (1, 3008.168212890625)]","[(4, 108.47080078125), (3, 143.4227033342634), (1, 200.92341496394232), (5, 216.25242262620193), (0, 286.42970784505206), (2, 461.7685546875)]","[(0, 3401.0283203125), (1, 2903.478515625)]"
214,"[(0, 1498.2880859375), (1, 2065.453857421875)]","[(0, 1388.1693115234375), (1, 2095.718505859375)]","[(0, 21223.814453125), (1, 14795.359375)]","[(0, 7496.9365234375), (1, 7691.81640625)]","[(0, 8981.853515625), (1, 4972.93017578125)]","[(0, 15116.3076171875), (1, 16487.451171875)]","[(0, 6913.86962890625), (1, 7040.2021484375)]","[(0, 1646.3551025390625), (1, 1951.2374267578125)]","[(1, 176.67580344460228), (2, 196.41871337890626), (4, 205.1049138849432), (5, 230.2987548828125), (0, 273.983837890625), (3, 313.1931396484375)]","[(0, 4261.62841796875), (1, 2531.3916015625)]","[(4, 224.29815673828125), (3, 267.06119051846593), (5, 328.85995205965907), (1, 362.14599609375), (0, 397.27143998579544), (2, 459.35498046875)]","[(0, 1224.8494873046875), (1, 879.8129272460938)]","[(4, 99.91970590444711), (3, 115.11373901367188), (5, 117.49015299479167), (1, 135.99625338040866), (2, 186.4426472981771), (0, 190.28922526041666)]","[(0, 1641.2666015625), (1, 1465.3736572265625)]"
215,"[(0, 1566.928466796875), (1, 1848.7525634765625)]","[(0, 943.61083984375), (1, 1315.4986572265625)]","[(0, 3614.152587890625), (1, 3077.793212890625)]","[(0, 10316.0185546875), (1, 8464.5654296875)]","[(0, 8727.7978515625), (1, 7058.9189453125)]","[(0, 7985.388671875), (1, 7188.21044921875)]","[(0, 13542.341796875), (1, 12058.232421875)]","[(0, 7953.8544921875), (1, 4435.6923828125)]","[(1, 88.11333821614583), (4, 93.74156188964844), (2, 97.26150277944711), (5, 113.11567905970982), (0, 199.98811222956732), (3, 234.37030901227678)]","[(0, 3151.135498046875), (1, 1305.3135986328125)]","[(2, 167.9781161221591), (4, 170.07622273763022), (5, 199.07148881392047), (0, 210.73344282670453), (1, 227.72554524739584), (3, 242.4598721590909)]","[(0, 3612.2744140625), (1, 2255.972412109375)]","[(5, 281.3655598958333), (2, 289.54667524857956), (4, 297.50255408653845), (1, 318.6231282552083), (3, 440.2760416666667), (0, 479.98885830965907)]","[(0, 17908.9609375), (1, 13374.2587890625)]"
216,"[(0, 1729.440185546875), (1, 1948.3162841796875)]","[(0, 469.69671630859375), (1, 536.9765625)]","[(0, 10892.1474609375), (1, 9776.25390625)]","[(0, 8014.5322265625), (1, 7645.05615234375)]","[(0, 7803.81494140625), (1, 6784.412109375)]","[(0, 5136.4033203125), (1, 4596.53369140625)]","[(0, 5741.97021484375), (1, 6205.4482421875)]","[(0, 4726.3203125), (1, 3850.761962890625)]","[(1, 85.89784458705357), (2, 90.4292461688702), (4, 132.4937744140625), (5, 142.62795188210228), (0, 153.2631632486979), (3, 260.977978515625)]","[(0, 3039.08544921875), (1, 1668.32373046875)]","[(1, 92.22427571614584), (2, 94.21040562220982), (4, 130.30855618990384), (5, 140.43477376302084), (0, 164.51029146634616), (3, 293.77949662642044)]","[(0, 5157.5791015625), (1, 4228.66162109375)]","[(4, 76.46530587332589), (3, 116.70094651442308), (1, 150.00773111979166), (5, 154.46463012695312), (0, 283.4520152698864), (2, 363.4167724609375)]","[(0, 3461.882080078125), (1, 3175.9833984375)]"
217,"[(0, 1322.8223876953125), (1, 1567.1085205078125)]","[(0, 1603.5257568359375), (1, 2057.1591796875)]","[(0, 3505.941162109375), (1, 3871.95458984375)]","[(0, 3491.134033203125), (1, 3065.8232421875)]","[(0, 14014.0439453125), (1, 7958.9609375)]","[(0, 4424.880859375), (1, 4956.2216796875)]","[(0, 14968.2353515625), (1, 27146.8125)]","[(0, 2253.10302734375), (1, 2880.2021484375)]","[(2, 89.44210111177884), (1, 99.66918073381696), (5, 126.29733511117789), (4, 141.17396763392858), (0, 165.26068584735577), (3, 234.364013671875)]","[(0, 4762.103515625), (1, 7890.8662109375)]","[(4, 100.23072725183823), (5, 102.76075032552083), (3, 132.60804748535156), (1, 149.115087890625), (2, 154.15605280949518), (0, 198.95329938616072)]","[(0, 1684.0975341796875), (1, 1025.0860595703125)]","[(1, 205.00285456730768), (2, 205.381591796875), (5, 212.19719050480768), (4, 219.00198800223214), (3, 318.12007962740387), (0, 341.8131510416667)]","[(0, 11904.232421875), (1, 8485.4423828125)]"
218,"[(0, 1068.671630859375), (1, 1221.2919921875)]","[(0, 2588.490234375), (1, 3870.965087890625)]","[(0, 60503.12890625), (1, 53036.6484375)]","[(0, 10360.9873046875), (1, 9176.376953125)]","[(0, 11374.208984375), (1, 6944.64404296875)]","[(0, 20179.685546875), (1, 21449.6796875)]","[(0, 7903.443359375), (1, 13188.4501953125)]","[(0, 1601.01123046875), (1, 1096.97412109375)]","[(4, 141.17156982421875), (5, 155.01614815848214), (3, 163.52568359375), (1, 165.15797642299108), (2, 202.7373046875), (0, 209.76491135817307)]","[(0, 4958.41064453125), (1, 4373.7587890625)]","[(2, 141.48018101283483), (1, 166.31656901041666), (4, 306.9664963942308), (0, 307.79578575721155), (5, 319.05979410807294), (3, 878.6500355113636)]","[(0, 1803.749755859375), (1, 1914.0538330078125)]","[(1, 145.4275841346154), (4, 169.57509068080358), (3, 207.26701472355768), (0, 216.95048014322916), (2, 277.3848322088068), (5, 346.4768473307292)]","[(0, 3516.1337890625), (1, 3226.155029296875)]"
219,"[(0, 1077.10205078125), (1, 1250.475341796875)]","[(0, 2058.217041015625), (1, 2527.06201171875)]","[(0, 12740.1865234375), (1, 13369.3369140625)]","[(0, 9896.1826171875), (1, 8079.92626953125)]","[(0, 9051.9453125), (1, 5127.3349609375)]","[(0, 16572.435546875), (1, 14686.005859375)]","[(0, 16221.298828125), (1, 24268.42578125)]","[(0, 1376.7086181640625), (1, 1453.0723876953125)]","[(4, 152.19853864397322), (3, 176.1314978966346), (1, 179.84346829927884), (0, 207.1653035481771), (5, 268.1341552734375), (2, 338.20973899147725)]","[(0, 1164.6761474609375), (1, 928.0003662109375)]","[(1, 580.8900923295455), (2, 708.83857421875), (4, 888.5817649147727), (0, 916.346875), (5, 1123.14609375), (3, 1408.44130859375)]","[(0, 7688.10546875), (1, 4139.18310546875)]","[(1, 52.93282699584961), (2, 55.9066650390625), (0, 94.17384556361607), (5, 100.8743426983173), (4, 111.31553431919643), (3, 207.5014444986979)]","[(0, 9318.4755859375), (1, 6726.0517578125)]"
220,"[(0, 1515.5570068359375), (1, 1775.8267822265625)]","[(0, 1275.2596435546875), (1, 1451.6361083984375)]","[(0, 3724.51025390625), (1, 4619.32373046875)]","[(0, 5922.7763671875), (1, 5056.69384765625)]","[(0, 6923.98486328125), (1, 4060.39794921875)]","[(0, 6204.37744140625), (1, 5530.92138671875)]","[(0, 10163.4384765625), (1, 17663.689453125)]","[(0, 1921.537841796875), (1, 1560.510009765625)]","[(4, 90.15771484375), (3, 121.6293475811298), (1, 126.83446326622597), (5, 186.97137451171875), (0, 194.7007853190104), (2, 286.96506569602275)]","[(0, 614.1361083984375), (1, 518.411865234375)]","[(4, 255.35133713942307), (5, 283.01658121744794), (2, 345.7840021306818), (1, 355.9379475911458), (3, 412.3203125), (0, 603.0298295454545)]","[(0, 1111.5419921875), (1, 713.800048828125)]","[(1, 71.90353190104166), (2, 96.34429059709821), (4, 119.49679800180289), (0, 121.33716759314903), (5, 169.0950927734375), (3, 218.3250399502841)]","[(0, 11657.3740234375), (1, 9369.8037109375)]"
221,"[(0, 1271.6788330078125), (1, 1510.9864501953125)]","[(0, 418.6652526855469), (1, 386.250732421875)]","[(0, 21727.537109375), (1, 20160.44921875)]","[(0, 3199.055908203125), (1, 3481.199951171875)]","[(0, 3857.95556640625), (1, 4090.496337890625)]","[(0, 5134.84130859375), (1, 5800.7685546875)]","[(0, 7398.501953125), (1, 7082.76318359375)]","[(0, 1829.60546875), (1, 1089.2506103515625)]","[(4, 146.65225655691964), (3, 174.15963040865384), (5, 239.86857096354166), (1, 258.94076772836536), (0, 302.9371337890625), (2, 452.13112571022725)]","[(0, 1669.141845703125), (1, 1062.437744140625)]","[(2, 73.04885428292411), (1, 80.31630045572916), (4, 131.73568021334134), (5, 132.52714029947916), (0, 161.70222355769232), (3, 378.78737571022725)]","[(0, 2125.103515625), (1, 1925.3616943359375)]","[(3, 21.202967325846355), (4, 23.408876117907074), (1, 25.22511022231158), (0, 29.043190002441406), (5, 32.41961310891544), (2, 44.41626790364583)]","[(0, 2220.525634765625), (1, 2085.009033203125)]"
222,"[(0, 1356.082275390625), (1, 1638.38818359375)]","[(0, 1218.4661865234375), (1, 1548.7218017578125)]","[(0, 5685.93603515625), (1, 7023.330078125)]","[(0, 4999.71728515625), (1, 5744.5166015625)]","[(0, 3617.656005859375), (1, 3619.091552734375)]","[(0, 15346.2001953125), (1, 16711.767578125)]","[(0, 6576.775390625), (1, 6674.27587890625)]","[(0, 2245.854248046875), (1, 2338.28173828125)]","[(2, 38.03907189002404), (1, 44.13820103236607), (5, 53.72489107572115), (0, 59.66990309495192), (4, 60.95819527762277), (3, 82.5652324969952)]","[(0, 2828.80419921875), (1, 1582.8812255859375)]","[(2, 76.86212158203125), (1, 85.709326171875), (4, 96.82218111478366), (5, 98.03511555989583), (0, 106.63734788161058), (3, 165.11777565696022)]","[(0, 885.3196411132812), (1, 837.1963500976562)]","[(4, 65.12833473899148), (5, 76.13076171875), (1, 79.95412930575284), (3, 91.45615234375), (2, 93.28873901367187), (0, 120.0290771484375)]","[(0, 13654.3623046875), (1, 10471.23046875)]"
223,"[(0, 1385.2750244140625), (1, 1555.0479736328125)]","[(0, 1900.7476806640625), (1, 2643.640869140625)]","[(0, 21594.2578125), (1, 17993.56640625)]","[(0, 7180.796875), (1, 6926.80517578125)]","[(0, 10701.65234375), (1, 6933.72509765625)]","[(0, 8276.10546875), (1, 7736.84814453125)]","[(0, 6657.2392578125), (1, 7232.13525390625)]","[(0, 2355.4638671875), (1, 2819.033935546875)]","[(2, 66.325146484375), (1, 70.52176666259766), (0, 90.80480085100446), (5, 122.57665076622597), (4, 124.00996616908482), (3, 192.57271321614584)]","[(0, 2614.3271484375), (1, 2254.878662109375)]","[(2, 533.3382161458334), (1, 582.1728515625), (5, 841.0560438368055), (0, 855.7840169270834), (4, 876.0537109375), (3, 1311.1245659722222)]","[(0, 1511.8592529296875), (1, 1365.181640625)]","[(1, 73.59003448486328), (2, 77.17635904947916), (4, 95.59895542689732), (0, 113.30364990234375), (5, 119.5349872295673), (3, 176.05013020833334)]","[(0, 9905.2470703125), (1, 6862.82666015625)]"
224,"[(0, 1254.2716064453125), (1, 1472.17626953125)]","[(0, 1259.03955078125), (1, 1573.06494140625)]","[(0, 2124.6416015625), (1, 1790.7952880859375)]","[(0, 3951.689697265625), (1, 3347.434814453125)]","[(0, 6134.93115234375), (1, 3526.94775390625)]","[(0, 6813.23291015625), (1, 7455.10009765625)]","[(0, 5169.28369140625), (1, 5708.76123046875)]","[(0, 844.1988525390625), (1, 623.4139404296875)]","[(4, 66.38595760569854), (3, 74.36654663085938), (5, 97.76962890625), (1, 116.61698404947917), (0, 133.82855224609375), (2, 184.15397761418268)]","[(0, 2511.377197265625), (1, 2352.062255859375)]","[(2, 159.18498738606772), (4, 176.53434870793268), (5, 190.54736328125), (1, 210.18194110576923), (0, 254.08642578125), (3, 304.49021402994794)]","[(0, 2663.296875), (1, 2230.9453125)]","[(4, 146.68409830729166), (1, 179.43573467548077), (5, 222.67827899639423), (3, 225.33218819754464), (2, 278.01835493607956), (0, 299.6091715494792)]","[(0, 3036.62890625), (1, 2714.827392578125)]"
225,"[(0, 784.9087524414062), (1, 943.4375610351562)]","[(0, 1288.254150390625), (1, 1514.078369140625)]","[(0, 10665.3095703125), (1, 8583.9677734375)]","[(0, 9222.4892578125), (1, 9178.048828125)]","[(0, 4518.41015625), (1, 3232.554443359375)]","[(0, 7613.681640625), (1, 8257.5224609375)]","[(0, 30690.076171875), (1, 37651.03515625)]","[(0, 1237.276611328125), (1, 1662.26904296875)]","[(4, 66.68154727711396), (3, 70.97807312011719), (1, 97.8514892578125), (5, 100.15901692708333), (0, 115.0697021484375), (2, 171.62657752403845)]","[(0, 3932.501220703125), (1, 4314.12939453125)]","[(4, 227.22312233664772), (5, 278.1913818359375), (3, 335.781982421875), (1, 337.4484197443182), (2, 426.736279296875), (0, 532.580126953125)]","[(0, 2501.44091796875), (1, 2012.3779296875)]","[(4, 37.4577392578125), (1, 47.39035268930289), (3, 52.395250592912944), (5, 58.09175931490385), (0, 74.32443745930989), (2, 75.87847900390625)]","[(0, 2245.506103515625), (1, 1673.9696044921875)]"
226,"[(0, 1907.989501953125), (1, 2386.30419921875)]","[(0, 521.313720703125), (1, 447.82867431640625)]","[(0, 2193.029052734375), (1, 1880.26025390625)]","[(0, 4048.311279296875), (1, 3791.78466796875)]","[(0, 5748.29296875), (1, 4461.818359375)]","[(0, 11687.1513671875), (1, 10401.88671875)]","[(0, 22625.794921875), (1, 30984.365234375)]","[(0, 3160.42919921875), (1, 2920.051025390625)]","[(4, 61.49967854817708), (1, 79.74564906529018), (5, 89.07687612680289), (3, 122.96705979567308), (2, 123.01753743489583), (0, 182.21891276041666)]","[(0, 2431.08642578125), (1, 2763.240966796875)]","[(4, 339.9990985576923), (5, 537.2084073153409), (3, 571.4933268229166), (1, 586.4223188920455), (2, 901.7725151909722), (0, 1062.64150390625)]","[(0, 1996.5394287109375), (1, 1408.580322265625)]","[(1, 218.80830891927084), (4, 254.3470458984375), (2, 296.91552734375), (5, 348.8924005681818), (0, 365.48759321732956), (3, 403.33016690340907)]","[(0, 14443.724609375), (1, 11302.09765625)]"
227,"[(0, 2019.220703125), (1, 2437.77734375)]","[(0, 718.4515991210938), (1, 1590.002685546875)]","[(0, 20623.232421875), (1, 13658.97265625)]","[(0, 5207.74560546875), (1, 6051.93115234375)]","[(0, 10965.6474609375), (1, 5585.39599609375)]","[(0, 9990.9833984375), (1, 8949.2255859375)]","[(0, 5875.39111328125), (1, 10870.1787109375)]","[(0, 2817.0654296875), (1, 2102.616943359375)]","[(2, 199.65809849330358), (1, 233.31116536458333), (0, 269.88671875), (5, 271.3264347956731), (4, 305.4171665736607), (3, 365.3207256610577)]","[(0, 2657.92626953125), (1, 2128.49365234375)]","[(4, 83.08614349365234), (3, 96.288232421875), (5, 142.52137974330358), (0, 282.28665865384613), (1, 286.9952392578125), (2, 463.6637776692708)]","[(0, 1609.4141845703125), (1, 2221.035888671875)]","[(4, 67.69627685546875), (1, 82.69990234375), (3, 100.72182992788461), (5, 116.37430513822116), (0, 124.50877967247597), (2, 146.7983680138221)]","[(0, 15644.8935546875), (1, 12082.751953125)]"
228,"[(0, 1824.3826904296875), (1, 2137.770263671875)]","[(0, 974.3096313476562), (1, 2414.179931640625)]","[(0, 8032.52978515625), (1, 6503.19189453125)]","[(0, 7640.4423828125), (1, 7597.95654296875)]","[(0, 8780.7451171875), (1, 4563.66552734375)]","[(0, 8501.9990234375), (1, 9272.8203125)]","[(0, 6212.998046875), (1, 11383.6279296875)]","[(0, 2605.232666015625), (1, 3083.360595703125)]","[(4, 58.08335774739583), (1, 73.06000627790179), (3, 77.58735874720982), (5, 79.63087815504808), (0, 97.59636981670673), (2, 102.27083333333333)]","[(0, 1740.8040771484375), (1, 1710.10107421875)]","[(2, 181.7149658203125), (1, 182.91922701322116), (4, 351.38210227272725), (0, 364.739990234375), (5, 383.0737060546875), (3, 1036.0775824652778)]","[(0, 1536.5128173828125), (1, 1939.7906494140625)]","[(4, 64.16689627511161), (3, 84.36758188100961), (1, 104.8332010904948), (5, 135.55282592773438), (0, 165.24489524147728), (2, 251.6603759765625)]","[(0, 7724.2783203125), (1, 5812.4423828125)]"
229,"[(0, 1407.9913330078125), (1, 1676.2835693359375)]","[(0, 823.30322265625), (1, 1745.92578125)]","[(0, 4755.060546875), (1, 3825.14453125)]","[(0, 24755.19921875), (1, 20053.01171875)]","[(0, 4933.82080078125), (1, 3045.572998046875)]","[(0, 16599.0859375), (1, 17668.5234375)]","[(0, 19029.259765625), (1, 28313.251953125)]","[(0, 1680.2794189453125), (1, 2205.6943359375)]","[(2, 162.311474609375), (5, 188.69273792613637), (1, 197.0419921875), (4, 199.7764892578125), (0, 237.7666259765625), (3, 265.15707120028407)]","[(0, 2948.930419921875), (1, 3882.77783203125)]","[(2, 181.54443359375), (1, 192.5998738606771), (4, 201.68064186789772), (5, 205.0250244140625), (0, 329.4227294921875), (3, 392.1111111111111)]","[(0, 1213.9381103515625), (1, 998.2449340820312)]","[(1, 45.96218668619792), (4, 54.606680733816965), (2, 82.83066030649039), (0, 89.47916353665866), (5, 104.46119181315105), (3, 106.3765869140625)]","[(0, 18743.87109375), (1, 14622.7109375)]"
230,"[(0, 1723.4248046875), (1, 2036.43505859375)]","[(0, 770.630615234375), (1, 1397.805908203125)]","[(0, 12884.4150390625), (1, 8580.0390625)]","[(0, 9864.0810546875), (1, 10482.7607421875)]","[(0, 6042.525390625), (1, 5050.18798828125)]","[(0, 11060.55078125), (1, 10878.0703125)]","[(0, 35178.4921875), (1, 48032.3828125)]","[(0, 1707.65576171875), (1, 1519.7572021484375)]","[(1, 231.97516741071428), (2, 249.842529296875), (4, 277.5667027064732), (0, 287.829833984375), (5, 306.7025615985577), (3, 352.8953200120192)]","[(0, 2106.822998046875), (1, 1788.7667236328125)]","[(4, 235.84468217329547), (1, 293.2286265980114), (5, 296.990283203125), (3, 357.73134765625), (2, 370.6446044921875), (0, 448.633544921875)]","[(0, 1077.9256591796875), (1, 1352.1810302734375)]","[(5, 147.31396484375), (4, 152.48755821814905), (1, 197.6266886393229), (2, 198.8451260653409), (3, 202.70601399739584), (0, 271.97072531960225)]","[(0, 11249.931640625), (1, 9387.3974609375)]"
231,"[(0, 1333.52734375), (1, 1642.4228515625)]","[(0, 2123.140625), (1, 2846.6669921875)]","[(0, 16141.9619140625), (1, 13895.4296875)]","[(0, 3039.926025390625), (1, 2441.290283203125)]","[(0, 2827.0634765625), (1, 1955.108154296875)]","[(0, 11948.1240234375), (1, 12844.0400390625)]","[(0, 9430.7197265625), (1, 8380.6513671875)]","[(0, 3575.720703125), (1, 2667.631103515625)]","[(4, 159.81781877790178), (3, 174.19377253605768), (1, 178.97686298076923), (0, 217.76908365885416), (5, 306.49171956380206), (2, 344.1932484019886)]","[(0, 631.8046264648438), (1, 537.5830078125)]","[(2, 186.78969997829861), (1, 199.13651123046876), (0, 326.07505967881946), (4, 464.376220703125), (5, 476.2614474826389), (3, 792.1300455729166)]","[(0, 2283.184326171875), (1, 1378.2574462890625)]","[(1, 158.42408970424108), (2, 174.87864332932693), (4, 264.724365234375), (0, 265.5355224609375), (5, 303.3392888849432), (3, 492.839892578125)]","[(0, 5541.7294921875), (1, 5010.9873046875)]"
232,"[(0, 1199.477783203125), (1, 1427.44287109375)]","[(0, 2908.221435546875), (1, 4226.62939453125)]","[(0, 16572.845703125), (1, 11075.666015625)]","[(0, 3934.857177734375), (1, 3324.642822265625)]","[(0, 6905.9814453125), (1, 4370.06884765625)]","[(0, 11476.5771484375), (1, 12506.6669921875)]","[(0, 8509.6240234375), (1, 9740.416015625)]","[(0, 2270.407470703125), (1, 1215.21923828125)]","[(1, 128.472900390625), (2, 139.6721473106971), (0, 227.50553385416666), (4, 248.31949869791666), (5, 281.7245427911932), (3, 535.1125)]","[(0, 6748.30810546875), (1, 5642.7314453125)]","[(4, 192.6062215169271), (3, 217.90671608664772), (0, 225.7913818359375), (5, 277.22563032670456), (2, 304.13006591796875), (1, 338.2129657451923)]","[(0, 2055.398193359375), (1, 1498.2138671875)]","[(5, 281.82182173295456), (2, 289.47458718039775), (4, 295.6905517578125), (1, 309.53782145182294), (3, 487.2863103693182), (0, 519.1773348721591)]","[(0, 3335.0078125), (1, 2992.2314453125)]"
233,"[(0, 1310.10205078125), (1, 1501.1478271484375)]","[(0, 2378.457763671875), (1, 3200.9111328125)]","[(0, 1817.22412109375), (1, 1306.8607177734375)]","[(0, 8173.9619140625), (1, 8098.54150390625)]","[(0, 13336.8388671875), (1, 6799.73828125)]","[(0, 7394.46044921875), (1, 6623.64990234375)]","[(0, 3264.638427734375), (1, 3167.982177734375)]","[(0, 1382.9935302734375), (1, 1237.66015625)]","[(1, 108.12269592285156), (2, 114.70328776041667), (0, 121.47571672712054), (4, 125.54985700334821), (5, 143.51012244591345), (3, 151.1260986328125)]","[(0, 2517.826904296875), (1, 2274.69970703125)]","[(4, 31.058383178710937), (5, 36.58521864149306), (2, 38.166159237132355), (3, 47.554775661892364), (0, 49.262368594898895), (1, 50.27162571957237)]","[(0, 3301.41064453125), (1, 2519.298095703125)]","[(3, 130.805078125), (4, 138.8810272216797), (5, 196.00047084263392), (1, 232.79738071986608), (0, 283.6472919170673), (2, 487.362548828125)]","[(0, 2750.68115234375), (1, 2482.251220703125)]"
234,"[(0, 1683.915283203125), (1, 2013.344482421875)]","[(0, 1262.0894775390625), (1, 1422.2093505859375)]","[(0, 17430.41796875), (1, 18564.671875)]","[(0, 8131.3466796875), (1, 6300.1708984375)]","[(0, 7289.1220703125), (1, 3689.54638671875)]","[(0, 5257.79833984375), (1, 4871.6923828125)]","[(0, 5863.23876953125), (1, 6140.02880859375)]","[(0, 3627.2841796875), (1, 4176.810546875)]","[(1, 64.84180157001202), (4, 74.44450965294472), (2, 75.3382568359375), (5, 85.82047526041667), (0, 99.16153971354167), (3, 114.58275349934895)]","[(0, 3827.432373046875), (1, 3898.688232421875)]","[(1, 88.767822265625), (4, 101.01736014229911), (2, 139.72828165690103), (5, 168.21744791666666), (0, 213.42012532552084), (3, 262.90057373046875)]","[(0, 2925.73193359375), (1, 1927.3006591796875)]","[(4, 141.16827799479168), (1, 191.52217923677884), (3, 196.72726004464286), (5, 241.95530348557693), (0, 310.27789306640625), (2, 407.3064630681818)]","[(0, 2543.159912109375), (1, 2125.575927734375)]"
235,"[(0, 1268.247802734375), (1, 1468.0325927734375)]","[(0, 1644.0291748046875), (1, 2320.6171875)]","[(0, 16038.583984375), (1, 15772.3203125)]","[(0, 8835.2685546875), (1, 9327.802734375)]","[(0, 3591.94140625), (1, 3151.3369140625)]","[(0, 6965.33154296875), (1, 7733.7060546875)]","[(0, 7978.1650390625), (1, 14870.162109375)]","[(0, 4254.091796875), (1, 3846.77197265625)]","[(5, 348.0741943359375), (2, 368.2947509765625), (4, 413.91202059659093), (1, 432.51411576704544), (3, 631.986669921875), (0, 666.937646484375)]","[(0, 17388.51171875), (1, 7886.3525390625)]","[(2, 121.2418924967448), (1, 134.50462928185095), (5, 207.0230379971591), (4, 219.90594482421875), (0, 282.23710493607956), (3, 573.598779296875)]","[(0, 5405.3955078125), (1, 3904.988037109375)]","[(4, 128.56156703404017), (3, 158.8500037560096), (1, 185.7762169471154), (0, 253.51593017578125), (5, 269.7916666666667), (2, 448.18754438920456)]","[(0, 2685.06982421875), (1, 2307.396240234375)]"
236,"[(0, 1275.825927734375), (1, 1471.003662109375)]","[(0, 2102.527587890625), (1, 3331.81298828125)]","[(0, 23760.751953125), (1, 20445.673828125)]","[(0, 2469.5810546875), (1, 2122.3623046875)]","[(0, 4288.5244140625), (1, 4258.9873046875)]","[(0, 33888.3984375), (1, 35011.78125)]","[(0, 11133.6259765625), (1, 19798.265625)]","[(0, 1101.9000244140625), (1, 1134.1676025390625)]","[(4, 76.69991726345486), (3, 78.77636000689338), (1, 85.13503130744485), (0, 93.87016296386719), (5, 117.79122161865234), (2, 138.25008138020834)]","[(0, 2398.350341796875), (1, 2150.2529296875)]","[(4, 101.84363664899554), (3, 128.1862511268029), (5, 239.34391276041666), (0, 279.25714111328125), (1, 306.8766338641827), (2, 463.5032848011364)]","[(0, 3090.204833984375), (1, 2360.165771484375)]","[(1, 256.38079833984375), (2, 276.1461736505682), (4, 295.25828043619794), (5, 319.69881924715907), (0, 403.23477450284093), (3, 475.18514737215907)]","[(0, 6241.1591796875), (1, 4447.798828125)]"
237,"[(0, 2306.356689453125), (1, 3036.0380859375)]","[(0, 1780.0384521484375), (1, 2537.8203125)]","[(0, 9199.59765625), (1, 7460.2353515625)]","[(0, 5348.79833984375), (1, 4072.283935546875)]","[(0, 9988.087890625), (1, 5428.28515625)]","[(0, 23070.421875), (1, 22307.986328125)]","[(0, 7982.08447265625), (1, 7387.0380859375)]","[(0, 3703.358154296875), (1, 2967.690185546875)]","[(2, 149.65696364182693), (1, 151.99909319196428), (0, 184.1285118689904), (4, 201.9945350060096), (5, 217.25982666015625), (3, 256.2773844401042)]","[(0, 2549.27783203125), (1, 3079.431396484375)]","[(1, 387.50687349759613), (2, 405.9867757161458), (4, 551.4615145596591), (5, 606.793994140625), (0, 723.283203125), (3, 1273.909939236111)]","[(0, 1134.4471435546875), (1, 618.9970703125)]","[(1, 46.12948989868164), (4, 50.45681381225586), (3, 66.03899710518974), (5, 76.95978655133929), (0, 82.89977155412946), (2, 92.07073102678571)]","[(0, 2317.914306640625), (1, 1589.3287353515625)]"
238,"[(0, 2130.87109375), (1, 2556.757568359375)]","[(0, 1390.8819580078125), (1, 1720.2384033203125)]","[(0, 4945.3388671875), (1, 4636.5537109375)]","[(0, 1397.438720703125), (1, 1082.219970703125)]","[(0, 7072.53759765625), (1, 4406.96142578125)]","[(0, 14947.052734375), (1, 14234.5986328125)]","[(0, 3297.229248046875), (1, 3532.17529296875)]","[(0, 2290.8115234375), (1, 3538.004150390625)]","[(3, 54.5558115641276), (4, 58.91348501352164), (1, 103.10741170247395), (0, 103.4463778409091), (5, 110.62824041193181), (2, 222.9895751953125)]","[(0, 1363.5460205078125), (1, 1747.119873046875)]","[(2, 186.578369140625), (5, 198.38731800426137), (4, 215.86761474609375), (1, 232.0859578450521), (0, 274.93632368607956), (3, 287.79521040482956)]","[(0, 4083.92431640625), (1, 1968.7987060546875)]","[(1, 159.00803920200892), (2, 166.84020057091345), (4, 214.04103440504807), (5, 232.55965169270834), (0, 378.4443359375), (3, 520.7849786931819)]","[(0, 7300.14794921875), (1, 5803.61865234375)]"
239,"[(0, 1752.533447265625), (1, 2201.96923828125)]","[(0, 1506.960693359375), (1, 2120.657470703125)]","[(0, 22183.390625), (1, 12870.2919921875)]","[(0, 7197.27880859375), (1, 7245.76318359375)]","[(0, 7481.64501953125), (1, 3931.901123046875)]","[(0, 23093.734375), (1, 24283.2890625)]","[(0, 9324.3779296875), (1, 10145.5322265625)]","[(0, 1043.8531494140625), (1, 1003.2459716796875)]","[(3, 53.73897171020508), (4, 54.210032743566174), (1, 69.61612701416016), (0, 69.69055989583333), (5, 86.9937744140625), (2, 114.98457554408482)]","[(0, 1968.8785400390625), (1, 1959.7125244140625)]","[(1, 115.46609262319711), (2, 117.467529296875), (0, 309.98359818892044), (4, 313.2752796519886), (5, 353.64560546875), (3, 1281.7579210069443)]","[(0, 1664.64306640625), (1, 1439.87109375)]","[(1, 66.62551676432291), (2, 76.58731313852164), (4, 78.14286041259766), (5, 98.54380580357143), (0, 159.023193359375), (3, 201.47712053571428)]","[(0, 1877.8446044921875), (1, 1661.6065673828125)]"
240,"[(0, 1177.84326171875), (1, 1408.63330078125)]","[(0, 2507.359375), (1, 4102.3173828125)]","[(0, 5852.27880859375), (1, 5430.0146484375)]","[(0, 28109.80078125), (1, 26153.009765625)]","[(0, 5045.27734375), (1, 2727.7373046875)]","[(0, 10402.10546875), (1, 11299.1337890625)]","[(0, 4222.08935546875), (1, 4121.28125)]","[(0, 2583.5205078125), (1, 2363.506103515625)]","[(5, 33.11401570638021), (4, 41.14051055908203), (2, 42.748697916666664), (3, 50.75863037109375), (1, 53.10223388671875), (0, 67.0991943359375)]","[(0, 4091.60400390625), (1, 1724.4886474609375)]","[(2, 113.65989583333334), (1, 161.0970458984375), (0, 202.40277971540178), (4, 222.3907470703125), (5, 223.43834510216345), (3, 454.8804931640625)]","[(0, 2569.699951171875), (1, 1288.5655517578125)]","[(1, 72.12391662597656), (2, 76.76207682291667), (4, 105.67819010416666), (5, 121.88807896205357), (0, 193.24869210379464), (3, 289.804443359375)]","[(0, 3703.77490234375), (1, 3362.546630859375)]"
241,"[(0, 1076.6019287109375), (1, 1227.130615234375)]","[(0, 1530.1634521484375), (1, 2218.625732421875)]","[(0, 26015.07421875), (1, 20524.189453125)]","[(0, 7324.8349609375), (1, 5781.9462890625)]","[(0, 2559.145751953125), (1, 2245.44189453125)]","[(0, 14972.490234375), (1, 13440.22265625)]","[(0, 19716.529296875), (1, 27162.66015625)]","[(0, 4649.88232421875), (1, 2760.593994140625)]","[(1, 50.16476643880208), (4, 53.561471121651785), (2, 60.884756905691965), (5, 68.58479661207933), (0, 75.06796499399039), (3, 85.83673095703125)]","[(0, 3825.064208984375), (1, 5927.98681640625)]","[(2, 189.97323172433036), (1, 221.07477213541668), (4, 267.2225999098558), (5, 287.1293131510417), (0, 316.3695537860577), (3, 516.0225941051136)]","[(0, 2897.795166015625), (1, 2268.796875)]","[(1, 259.5230189732143), (4, 296.79921177455356), (5, 345.201171875), (3, 372.56580528846155), (2, 392.3226787860577), (0, 423.78793569711536)]","[(0, 3531.71044921875), (1, 3091.3779296875)]"
242,"[(0, 1811.6375732421875), (1, 2139.42041015625)]","[(0, 884.8077392578125), (1, 1109.6175537109375)]","[(0, 12336.099609375), (1, 8018.8984375)]","[(0, 3711.2138671875), (1, 3139.8955078125)]","[(0, 3028.799560546875), (1, 2865.191650390625)]","[(0, 3302.308349609375), (1, 3047.990478515625)]","[(0, 23890.265625), (1, 30508.0703125)]","[(0, 1172.724853515625), (1, 1269.35986328125)]","[(4, 59.46827607996323), (3, 61.114498138427734), (5, 87.75475260416667), (1, 125.44928385416667), (0, 134.53363909040178), (2, 217.26990685096155)]","[(0, 1620.5426025390625), (1, 1210.734375)]","[(4, 53.386922200520836), (3, 75.29787772042411), (5, 77.69048602764423), (2, 127.48906915838069), (0, 130.98552449544272), (1, 140.88470928485577)]","[(0, 6632.53076171875), (1, 6619.4189453125)]","[(1, 62.12459622896635), (2, 69.57593790690105), (0, 95.26028442382812), (5, 97.3441670735677), (4, 107.94236403245192), (3, 132.81644694010416)]","[(0, 13244.072265625), (1, 9754.294921875)]"
243,"[(0, 1363.406982421875), (1, 1720.255615234375)]","[(0, 462.7833557128906), (1, 440.00213623046875)]","[(0, 4055.6494140625), (1, 3085.234130859375)]","[(0, 7933.20361328125), (1, 6836.63232421875)]","[(0, 13149.2177734375), (1, 7662.29638671875)]","[(0, 1421.8289794921875), (1, 1491.2169189453125)]","[(0, 3659.34716796875), (1, 3095.13623046875)]","[(0, 2082.089111328125), (1, 2285.21142578125)]","[(4, 102.4205551147461), (3, 129.98868815104166), (1, 158.59906877790178), (5, 172.45211356026786), (0, 225.2013221153846), (2, 291.95648193359375)]","[(0, 6516.6328125), (1, 5575.43359375)]","[(5, 200.232177734375), (4, 220.25435384114584), (3, 238.1761807528409), (2, 281.69551225142044), (1, 309.0190022786458), (0, 353.7164195667614)]","[(0, 3238.23828125), (1, 2345.020263671875)]","[(1, 60.42833455403646), (2, 63.412933349609375), (4, 89.23579624720982), (5, 98.50553385416667), (0, 105.7828036221591), (3, 120.87241774338942)]","[(0, 11649.5947265625), (1, 9279.171875)]"
244,"[(0, 1294.22705078125), (1, 1633.4317626953125)]","[(0, 366.77899169921875), (1, 349.88482666015625)]","[(0, 8284.806640625), (1, 6125.98583984375)]","[(0, 1507.3790283203125), (1, 1613.255126953125)]","[(0, 8410.6123046875), (1, 4945.173828125)]","[(0, 6020.6845703125), (1, 6143.80126953125)]","[(0, 2045.778564453125), (1, 2285.12109375)]","[(0, 2296.229248046875), (1, 1563.3035888671875)]","[(4, 80.6682487936581), (1, 82.91624540441177), (3, 89.4420394897461), (5, 89.6147232055664), (2, 90.61817169189453), (0, 91.42261505126953)]","[(0, 1519.286865234375), (1, 1310.873779296875)]","[(2, 309.3194580078125), (0, 335.29526774088544), (4, 335.30934651692706), (1, 337.85160006009613), (5, 375.09592507102275), (3, 436.68985262784093)]","[(0, 1999.4586181640625), (1, 1796.255859375)]","[(1, 58.21942138671875), (2, 75.19051106770833), (4, 86.51861931295956), (5, 95.49696451822916), (0, 109.91905924479167), (3, 138.83805338541666)]","[(0, 1597.104248046875), (1, 1387.6114501953125)]"
245,"[(0, 1666.4046630859375), (1, 2126.192138671875)]","[(0, 1034.998046875), (1, 1325.8927001953125)]","[(0, 2620.521484375), (1, 1852.51171875)]","[(0, 14437.84375), (1, 16104.8896484375)]","[(0, 8664.578125), (1, 4400.640625)]","[(0, 11812.5283203125), (1, 11218.75390625)]","[(0, 12255.880859375), (1, 15959.060546875)]","[(0, 3278.134765625), (1, 2041.3798828125)]","[(1, 90.49871826171875), (2, 90.83834134615384), (4, 98.4806416829427), (5, 102.65187766335227), (0, 140.68189493815103), (3, 171.52869873046876)]","[(0, 1870.4210205078125), (1, 1093.3984375)]","[(4, 143.39505709134616), (5, 150.71150716145834), (1, 179.8875450721154), (3, 182.9002685546875), (2, 206.2708740234375), (0, 272.2525227864583)]","[(0, 1778.816650390625), (1, 1560.6416015625)]","[(2, 89.46668352399554), (1, 91.703369140625), (5, 131.87842735877405), (0, 162.01827298677884), (4, 179.42232840401786), (3, 278.19761149088544)]","[(0, 6146.11572265625), (1, 4825.14013671875)]"
246,"[(0, 1057.771484375), (1, 1222.7353515625)]","[(0, 1496.580078125), (1, 2257.299072265625)]","[(0, 20539.521484375), (1, 13183.974609375)]","[(0, 7679.61962890625), (1, 7432.07177734375)]","[(0, 3873.74951171875), (1, 1868.8643798828125)]","[(0, 1504.214599609375), (1, 1271.992431640625)]","[(0, 6776.04541015625), (1, 8426.5654296875)]","[(0, 3798.234130859375), (1, 3137.09375)]","[(1, 117.42444719587054), (2, 131.2013878455529), (4, 181.50274188701923), (5, 195.8412068684896), (0, 261.3970540364583), (3, 412.27392578125)]","[(0, 4494.15087890625), (1, 4090.03173828125)]","[(4, 199.45633638822116), (0, 227.74127197265625), (1, 228.53489332932693), (2, 240.07796223958334), (3, 275.18735758463544), (5, 293.0326741536458)]","[(0, 3210.74658203125), (1, 2598.523193359375)]","[(1, 225.69266764322916), (4, 231.126953125), (2, 248.87746360085228), (5, 263.39145914713544), (3, 389.5692545572917), (0, 394.15988991477275)]","[(0, 2698.02099609375), (1, 2399.1259765625)]"
247,"[(0, 1052.2242431640625), (1, 1178.6387939453125)]","[(0, 1125.478759765625), (1, 1483.7176513671875)]","[(0, 9612.240234375), (1, 8977.7509765625)]","[(0, 7084.34423828125), (1, 5828.30078125)]","[(0, 2493.378662109375), (1, 1901.4991455078125)]","[(0, 11353.173828125), (1, 11745.82421875)]","[(0, 5311.85693359375), (1, 4653.36962890625)]","[(0, 842.7617797851562), (1, 600.4459838867188)]","[(2, 83.1881573016827), (1, 90.22054617745536), (5, 137.08837890625), (4, 149.9556681315104), (0, 156.9866739908854), (3, 309.3398193359375)]","[(0, 3732.617431640625), (1, 3012.572265625)]","[(4, 70.20965983072917), (3, 90.47496619591347), (1, 96.63329315185547), (0, 103.57695661272321), (5, 110.45041128305289), (2, 127.188720703125)]","[(0, 1812.239013671875), (1, 2312.2314453125)]","[(4, 535.7103678385416), (5, 566.6340553977273), (1, 737.7843424479166), (3, 763.8759765625), (2, 796.0107421875), (0, 1132.1861683238637)]","[(0, 11432.521484375), (1, 9325.765625)]"
248,"[(0, 1290.40283203125), (1, 1698.7464599609375)]","[(0, 763.7404174804688), (1, 866.567626953125)]","[(0, 3706.5947265625), (1, 5049.20068359375)]","[(0, 3162.587890625), (1, 2589.945556640625)]","[(0, 3629.813720703125), (1, 3135.6640625)]","[(0, 7628.7197265625), (1, 7461.40185546875)]","[(0, 5116.66650390625), (1, 5818.77587890625)]","[(0, 2258.808837890625), (1, 2268.845703125)]","[(2, 61.004679361979164), (1, 61.37897491455078), (0, 113.140869140625), (4, 122.85531180245536), (5, 126.5391845703125), (3, 340.6839192708333)]","[(0, 2347.978759765625), (1, 2333.126220703125)]","[(4, 79.36805725097656), (2, 82.93234487680289), (5, 92.52545166015625), (1, 96.36944173177083), (0, 128.8470458984375), (3, 141.91633823939733)]","[(0, 3944.193603515625), (1, 5163.95703125)]","[(4, 159.9764404296875), (1, 202.276123046875), (3, 240.509375), (5, 244.521533203125), (0, 269.84816672585225), (2, 283.09164151278407)]","[(0, 3738.2353515625), (1, 3356.263916015625)]"
249,"[(0, 1861.5323486328125), (1, 2279.667236328125)]","[(0, 529.285888671875), (1, 449.7347106933594)]","[(0, 2851.809326171875), (1, 2177.58203125)]","[(0, 4967.6689453125), (1, 4929.9453125)]","[(0, 12366.904296875), (1, 6432.6455078125)]","[(0, 7222.06591796875), (1, 7907.55224609375)]","[(0, 6488.72021484375), (1, 7198.0478515625)]","[(0, 1334.8277587890625), (1, 1242.4395751953125)]","[(4, 78.311572265625), (3, 80.87849644252232), (1, 108.36588832310268), (0, 141.0962853064904), (5, 147.45073993389423), (2, 242.5505167643229)]","[(0, 10512.7841796875), (1, 6336.57763671875)]","[(4, 66.87812042236328), (3, 82.65333658854166), (5, 98.49058314732143), (1, 116.74509974888393), (0, 134.0667724609375), (2, 147.3240763346354)]","[(0, 7159.58544921875), (1, 7628.69775390625)]","[(1, 63.18299560546875), (4, 78.78744303385416), (2, 80.3479473407452), (5, 107.2912128155048), (0, 122.00058218149039), (3, 161.5691856971154)]","[(0, 2279.4130859375), (1, 1963.7469482421875)]"
250,"[(0, 1182.035400390625), (1, 1428.5997314453125)]","[(0, 713.1631469726562), (1, 1593.158935546875)]","[(0, 43162.390625), (1, 38781.8359375)]","[(0, 6007.275390625), (1, 5165.12939453125)]","[(0, 2042.9788818359375), (1, 1488.40869140625)]","[(0, 13558.79296875), (1, 14775.830078125)]","[(0, 5406.26171875), (1, 6688.64404296875)]","[(0, 1573.8819580078125), (1, 2100.664794921875)]","[(4, 37.96717936197917), (1, 47.629202706473215), (5, 61.90975247896635), (3, 68.09725717397836), (2, 79.29761250813802), (0, 98.4466552734375)]","[(0, 5701.873046875), (1, 7683.4072265625)]","[(1, 93.19077845982143), (2, 93.74313589242789), (4, 154.75568644205728), (5, 158.9546231356534), (0, 204.76241048177084), (3, 449.189697265625)]","[(0, 5690.44873046875), (1, 4285.4169921875)]","[(1, 138.0121182528409), (2, 148.65653076171876), (4, 150.48947975852272), (5, 162.57056884765626), (0, 286.7649169921875), (3, 302.85771484375)]","[(0, 7310.30615234375), (1, 5967.3740234375)]"
251,"[(0, 957.8294677734375), (1, 1160.6124267578125)]","[(0, 1242.8621826171875), (1, 3304.2958984375)]","[(0, 5373.646484375), (1, 5092.56884765625)]","[(0, 19723.35546875), (1, 15054.732421875)]","[(0, 7502.80224609375), (1, 4006.630126953125)]","[(0, 8069.73828125), (1, 7492.1552734375)]","[(0, 4910.12109375), (1, 6686.2080078125)]","[(0, 5082.443359375), (1, 4882.771484375)]","[(2, 112.07605794270833), (1, 125.50420379638672), (4, 165.91090611049108), (5, 173.62894381009616), (0, 201.76930454799108), (3, 372.9425455729167)]","[(0, 3964.096435546875), (1, 4145.74853515625)]","[(1, 203.24076021634616), (4, 242.08176491477272), (2, 270.87758382161456), (0, 283.0333362926136), (5, 367.42578125), (3, 376.69097222222223)]","[(0, 1987.7989501953125), (1, 1769.1666259765625)]","[(1, 47.59856033325195), (2, 49.036228724888396), (4, 50.03620820886948), (5, 52.217525227864584), (0, 102.61798967633929), (3, 107.42451171875)]","[(0, 2948.450927734375), (1, 2144.830810546875)]"
252,"[(0, 1131.130126953125), (1, 1370.27978515625)]","[(0, 878.9810180664062), (1, 1884.1041259765625)]","[(0, 7336.8046875), (1, 8281.1103515625)]","[(0, 19492.177734375), (1, 21238.271484375)]","[(0, 6818.04248046875), (1, 3956.44482421875)]","[(0, 3522.903564453125), (1, 3312.99560546875)]","[(0, 7640.158203125), (1, 10866.7890625)]","[(0, 3800.14697265625), (1, 3596.081787109375)]","[(1, 160.08564453125), (2, 169.65234375), (4, 184.33039738581732), (5, 188.94563802083334), (3, 203.5244140625), (0, 210.39793043870193)]","[(0, 1444.626708984375), (1, 1003.995849609375)]","[(1, 50.10985389122596), (4, 58.90601055438702), (2, 80.10738303444602), (5, 94.9734219637784), (0, 120.02382590553977), (3, 134.3803156072443)]","[(0, 5939.67236328125), (1, 4941.76513671875)]","[(4, 79.61936848958334), (5, 81.93873814174107), (1, 83.1919189453125), (2, 88.90901402064732), (3, 108.97042410714286), (0, 119.34124755859375)]","[(0, 14078.625), (1, 10619.5263671875)]"
253,"[(0, 1121.110107421875), (1, 1307.083251953125)]","[(0, 503.576904296875), (1, 835.9075317382812)]","[(0, 15740.298828125), (1, 13542.39453125)]","[(0, 4937.56298828125), (1, 3768.6865234375)]","[(0, 6801.03515625), (1, 5454.3193359375)]","[(0, 9167.900390625), (1, 9978.966796875)]","[(0, 14719.8818359375), (1, 13622.328125)]","[(0, 9102.1611328125), (1, 5538.939453125)]","[(1, 428.9710693359375), (2, 449.10573508522725), (4, 529.7600911458334), (0, 577.2205699573864), (5, 577.9449129971591), (3, 732.5003107244319)]","[(0, 2462.342529296875), (1, 1802.9052734375)]","[(4, 43.41145494249132), (1, 48.92527048211349), (2, 60.8278377757353), (5, 61.96269989013672), (3, 73.58625030517578), (0, 73.59168198529412)]","[(0, 1662.09228515625), (1, 2020.83984375)]","[(4, 112.31516676682692), (3, 152.41289265950522), (1, 197.7151082356771), (5, 221.83939985795453), (0, 274.00344016335225), (2, 441.5484375)]","[(0, 2642.40966796875), (1, 2280.6611328125)]"
254,"[(0, 1254.0150146484375), (1, 1483.9073486328125)]","[(0, 2231.932861328125), (1, 3000.967529296875)]","[(0, 3463.05419921875), (1, 3813.4560546875)]","[(0, 18222.693359375), (1, 14870.4033203125)]","[(0, 7423.0830078125), (1, 6278.3447265625)]","[(0, 11951.439453125), (1, 13462.904296875)]","[(0, 5201.60595703125), (1, 5835.97607421875)]","[(0, 1348.0028076171875), (1, 1514.55859375)]","[(1, 71.36237335205078), (0, 80.16557094029018), (2, 81.37428385416666), (4, 83.047119140625), (3, 91.92856852213542), (5, 98.06659405048077)]","[(0, 4676.33837890625), (1, 7758.0830078125)]","[(4, 33.46279525756836), (2, 39.91536167689732), (1, 40.83320236206055), (5, 46.70416259765625), (0, 55.748182024274556), (3, 67.93782697405133)]","[(0, 3719.019287109375), (1, 3293.542724609375)]","[(4, 210.50406901041666), (5, 219.3395108309659), (1, 241.1219685872396), (2, 249.9694158380682), (3, 364.25785688920456), (0, 419.8740234375)]","[(0, 2270.4765625), (1, 1949.0865478515625)]"
255,"[(0, 982.669677734375), (1, 1164.6527099609375)]","[(0, 3216.15283203125), (1, 4593.71630859375)]","[(0, 19929.126953125), (1, 16792.87890625)]","[(0, 4591.75830078125), (1, 4016.117431640625)]","[(0, 1526.169677734375), (1, 1089.00390625)]","[(0, 18830.9296875), (1, 15911.1904296875)]","[(0, 12724.18359375), (1, 14106.9033203125)]","[(0, 2201.308837890625), (1, 2127.531005859375)]","[(5, 27.50781015249399), (4, 34.275826590401785), (2, 36.70720731295072), (3, 42.58212045522836), (1, 46.146266392299104), (0, 58.98398061899039)]","[(0, 12621.68359375), (1, 8577.0205078125)]","[(2, 101.03355189732143), (1, 145.25362955729167), (0, 205.28271484375), (4, 263.36512169471155), (5, 284.65478515625), (3, 779.4340376420455)]","[(0, 1995.82275390625), (1, 1821.6722412109375)]","[(4, 110.04164341517857), (1, 135.34366280691964), (5, 136.815673828125), (3, 155.6895751953125), (2, 177.20002629206732), (0, 201.64115084134616)]","[(0, 7001.6953125), (1, 5775.1240234375)]"
256,"[(0, 1790.1788330078125), (1, 2063.277587890625)]","[(0, 2296.023681640625), (1, 3099.02294921875)]","[(0, 2568.163818359375), (1, 2554.693115234375)]","[(0, 7016.45458984375), (1, 6560.54443359375)]","[(0, 8388.759765625), (1, 4248.63427734375)]","[(0, 12667.0712890625), (1, 11473.9609375)]","[(0, 7110.5927734375), (1, 8013.84521484375)]","[(0, 2863.392822265625), (1, 2866.162109375)]","[(4, 30.259219520970394), (3, 31.640099419487846), (5, 35.41732608570772), (1, 41.68692196116728), (0, 44.13109588623047), (2, 45.47724609375)]","[(0, 7763.10107421875), (1, 4440.2548828125)]","[(4, 66.61401774088542), (3, 76.57538713727679), (5, 109.23037484975961), (1, 160.60665189302884), (0, 172.76531982421875), (2, 268.06387606534093)]","[(0, 1848.6705322265625), (1, 1512.497314453125)]","[(1, 11.87661341616982), (2, 13.054598639993106), (5, 14.966884837431067), (0, 17.056658576516543), (4, 18.58397795024671), (3, 19.776356416590072)]","[(0, 4397.22998046875), (1, 4238.3798828125)]"
257,"[(0, 1420.5989990234375), (1, 1640.43798828125)]","[(0, 1174.7122802734375), (1, 1404.2386474609375)]","[(0, 3584.32763671875), (1, 3121.706298828125)]","[(0, 27254.931640625), (1, 24723.67578125)]","[(0, 6540.8408203125), (1, 3594.4462890625)]","[(0, 9944.26171875), (1, 11216.7216796875)]","[(0, 11864.7451171875), (1, 10482.990234375)]","[(0, 1473.5008544921875), (1, 1050.0048828125)]","[(1, 175.502685546875), (2, 182.715576171875), (0, 226.5069783528646), (4, 271.40972900390625), (5, 276.53828568892044), (3, 428.612841796875)]","[(0, 1466.4228515625), (1, 904.1673583984375)]","[(4, 157.1884033203125), (5, 170.77827962239584), (1, 192.35474853515626), (2, 213.15021430121527), (3, 363.3971896701389), (0, 458.5900607638889)]","[(0, 1890.927490234375), (1, 2238.89013671875)]","[(1, 86.04404860276442), (2, 95.60098266601562), (5, 139.95580037434897), (4, 154.51813213641827), (0, 166.95198567708334), (3, 238.92578125)]","[(0, 13922.1572265625), (1, 10051.642578125)]"
258,"[(0, 1868.4171142578125), (1, 2402.7861328125)]","[(0, 1093.7498779296875), (1, 1262.7371826171875)]","[(0, 8946.77734375), (1, 6006.20361328125)]","[(0, 8939.1865234375), (1, 9602.8212890625)]","[(0, 1821.650634765625), (1, 1623.2725830078125)]","[(0, 20833.544921875), (1, 22846.525390625)]","[(0, 11182.0), (1, 12767.966796875)]","[(0, 3927.25048828125), (1, 2863.9609375)]","[(2, 33.625545501708984), (1, 46.43731330422794), (5, 47.14462890625), (4, 62.61631393432617), (0, 84.68433430989583), (3, 121.96221051897321)]","[(0, 1037.58935546875), (1, 1296.2047119140625)]","[(2, 30.407241821289062), (1, 49.64635416666667), (5, 53.1171875), (4, 58.048431396484375), (0, 75.13116455078125), (3, 147.144775390625)]","[(0, 3025.652587890625), (1, 2174.74072265625)]","[(1, 124.57734949448529), (2, 153.9486541748047), (0, 189.118896484375), (5, 230.81462751116072), (4, 233.32052408854167), (3, 282.71446814903845)]","[(0, 13985.5126953125), (1, 10304.5146484375)]"
259,"[(0, 1372.899169921875), (1, 1543.4830322265625)]","[(0, 1716.964599609375), (1, 2163.16650390625)]","[(0, 33315.60546875), (1, 31318.7890625)]","[(0, 4938.26025390625), (1, 4804.087890625)]","[(0, 2046.213623046875), (1, 1832.5103759765625)]","[(0, 10971.578125), (1, 10417.6611328125)]","[(0, 10266.6513671875), (1, 12347.412109375)]","[(0, 3634.98583984375), (1, 2653.184326171875)]","[(4, 237.39426491477272), (1, 253.30326334635416), (3, 255.8455078125), (0, 276.66623757102275), (5, 349.5131591796875), (2, 382.04598721590907)]","[(0, 1800.8345947265625), (1, 1711.038330078125)]","[(2, 162.56270926339286), (1, 184.666357421875), (4, 188.30754743303572), (0, 210.97577373798077), (5, 216.77649864783655), (3, 294.0084635416667)]","[(0, 6583.45849609375), (1, 6998.10400390625)]","[(1, 68.28895350864956), (2, 72.72083458533653), (4, 93.90139334542411), (5, 107.69687124399039), (0, 185.90804036458334), (3, 271.18516031901044)]","[(0, 9842.9658203125), (1, 7295.443359375)]"
260,"[(0, 1282.6749267578125), (1, 1450.4888916015625)]","[(0, 1404.735595703125), (1, 1650.319580078125)]","[(0, 3953.996826171875), (1, 2810.592529296875)]","[(0, 6621.470703125), (1, 5134.26806640625)]","[(0, 8068.37646484375), (1, 4854.86083984375)]","[(0, 3680.665283203125), (1, 3535.360107421875)]","[(0, 11960.1962890625), (1, 14438.1474609375)]","[(0, 1585.8184814453125), (1, 1548.5003662109375)]","[(1, 139.20500837053572), (2, 170.88810847355768), (4, 177.2688927283654), (0, 212.0166219075521), (5, 235.413330078125), (3, 263.0225941051136)]","[(0, 4328.76806640625), (1, 2459.679931640625)]","[(4, 158.5939002403846), (3, 163.78531901041666), (5, 335.36308149857956), (1, 391.30180220170456), (0, 472.483740234375), (2, 1107.5365668402778)]","[(0, 1108.0362548828125), (1, 1299.028076171875)]","[(1, 169.93475700827207), (2, 228.84010314941406), (4, 230.16943359375), (0, 252.811669921875), (5, 266.89791434151783), (3, 286.6240234375)]","[(0, 8583.8857421875), (1, 6951.54248046875)]"
261,"[(0, 735.4542236328125), (1, 950.9762573242188)]","[(0, 974.8644409179688), (1, 1036.2816162109375)]","[(0, 15156.87109375), (1, 11328.95703125)]","[(0, 4567.57958984375), (1, 3963.46533203125)]","[(0, 10157.4013671875), (1, 6520.7548828125)]","[(0, 13492.2080078125), (1, 14267.3935546875)]","[(0, 6360.98388671875), (1, 5768.64501953125)]","[(0, 2773.63134765625), (1, 1831.22802734375)]","[(5, 150.19084284855768), (4, 150.74850027901786), (1, 155.12581961495536), (2, 155.73523888221155), (3, 184.89888822115384), (0, 193.28570087139423)]","[(0, 2650.909423828125), (1, 1472.53857421875)]","[(1, 347.0711558948864), (0, 395.5565673828125), (4, 411.57392578125), (2, 461.9689453125), (3, 492.5305447048611), (5, 549.1080729166666)]","[(0, 3411.65087890625), (1, 2726.12744140625)]","[(1, 63.404947916666664), (3, 63.95924072265625), (4, 72.63121032714844), (0, 75.75362723214286), (5, 100.37385777064732), (2, 138.34428523137018)]","[(0, 2099.54931640625), (1, 1858.5362548828125)]"
262,"[(0, 1081.5291748046875), (1, 1299.2523193359375)]","[(0, 463.46240234375), (1, 403.37530517578125)]","[(0, 6280.26123046875), (1, 6925.42431640625)]","[(0, 8591.69921875), (1, 10101.9599609375)]","[(0, 5102.2236328125), (1, 4127.69287109375)]","[(0, 3286.57080078125), (1, 3712.056396484375)]","[(0, 4256.6484375), (1, 4796.02197265625)]","[(0, 793.7797241210938), (1, 672.6661376953125)]","[(1, 85.128662109375), (4, 106.30484008789062), (2, 125.00013020833333), (0, 143.07444661458334), (5, 155.07315499441964), (3, 178.5059814453125)]","[(0, 3645.890869140625), (1, 2889.231201171875)]","[(2, 126.30372032752403), (1, 143.40404401506697), (4, 183.57044396033655), (5, 220.6388956705729), (0, 255.9940388997396), (3, 469.97434303977275)]","[(0, 2732.444580078125), (1, 1528.774169921875)]","[(4, 203.3434855143229), (3, 247.3890047940341), (5, 284.52261629971593), (1, 289.7646077473958), (0, 362.24167702414775), (2, 424.95627663352275)]","[(0, 5068.40673828125), (1, 4608.8681640625)]"
263,"[(0, 1213.060791015625), (1, 1332.2003173828125)]","[(0, 569.0072021484375), (1, 520.3731689453125)]","[(0, 16149.4150390625), (1, 16389.703125)]","[(0, 10978.9677734375), (1, 9669.4375)]","[(0, 3636.480224609375), (1, 3148.8466796875)]","[(0, 9108.9775390625), (1, 8488.6796875)]","[(0, 12911.919921875), (1, 15358.8662109375)]","[(0, 592.9810180664062), (1, 461.2344055175781)]","[(2, 91.07670084635417), (1, 97.67444786658653), (5, 112.0010098544034), (4, 120.0048116048177), (0, 179.84130859375), (3, 231.4677001953125)]","[(0, 1344.229248046875), (1, 1015.6727294921875)]","[(2, 59.988089425223215), (1, 81.66022135416667), (0, 106.3174297626202), (4, 112.11350795200893), (5, 117.49107008713942), (3, 247.66094970703125)]","[(0, 2528.021240234375), (1, 1750.13671875)]","[(1, 62.52677194695724), (4, 69.24654812282986), (0, 83.94557100183823), (5, 86.0453109741211), (3, 86.23113250732422), (2, 86.45262953814338)]","[(0, 7332.38330078125), (1, 5688.21337890625)]"
264,"[(0, 1067.68701171875), (1, 1214.6334228515625)]","[(0, 330.73492431640625), (1, 294.67584228515625)]","[(0, 20007.833984375), (1, 14475.9521484375)]","[(0, 7238.2001953125), (1, 6289.958984375)]","[(0, 9813.0302734375), (1, 5157.4365234375)]","[(0, 5835.9150390625), (1, 5427.736328125)]","[(0, 10211.8115234375), (1, 11211.470703125)]","[(0, 1169.8111572265625), (1, 969.5989379882812)]","[(1, 114.79972017728366), (2, 120.80952962239583), (4, 130.46851603190103), (5, 136.8589200106534), (0, 223.33680308948863), (3, 299.134130859375)]","[(0, 4566.05078125), (1, 4077.30859375)]","[(2, 94.44082205636161), (1, 118.181103515625), (4, 120.46988351004464), (5, 134.03436748798077), (0, 147.78565392127405), (3, 227.85589599609375)]","[(0, 1969.291748046875), (1, 1075.4957275390625)]","[(4, 89.6576904296875), (1, 125.41167743389423), (5, 141.41697340745193), (3, 148.28693498883928), (2, 225.33973277698863), (0, 229.6700236002604)]","[(0, 3027.5), (1, 2508.753662109375)]"
265,"[(0, 1633.3546142578125), (1, 1904.13671875)]","[(0, 673.7523803710938), (1, 1438.76611328125)]","[(0, 13925.5166015625), (1, 11935.2197265625)]","[(0, 5954.5263671875), (1, 6600.4951171875)]","[(0, 4773.38916015625), (1, 2559.284912109375)]","[(0, 5199.06640625), (1, 5711.33203125)]","[(0, 19474.265625), (1, 17688.470703125)]","[(0, 1743.899658203125), (1, 1584.8387451171875)]","[(3, 59.039493815104166), (4, 60.88563537597656), (5, 87.50381033761161), (1, 88.50679234095982), (0, 97.56259390024039), (2, 153.43448893229166)]","[(0, 4293.36962890625), (1, 2857.9912109375)]","[(4, 99.03991088867187), (1, 99.6651123046875), (5, 134.91712782118054), (2, 135.76798502604166), (3, 142.93486870659723), (0, 151.73141818576389)]","[(0, 2440.983154296875), (1, 1857.108154296875)]","[(5, 351.7515758167614), (4, 371.1532389322917), (3, 519.94482421875), (1, 596.2027254971591), (2, 629.1033203125), (0, 844.47548828125)]","[(0, 12265.33984375), (1, 8336.9189453125)]"
266,"[(0, 1293.5614013671875), (1, 1520.044921875)]","[(0, 965.4625244140625), (1, 2341.60009765625)]","[(0, 5743.19677734375), (1, 5569.7470703125)]","[(0, 16847.99609375), (1, 11917.5341796875)]","[(0, 1519.0174560546875), (1, 1315.137451171875)]","[(0, 8508.1630859375), (1, 9465.6083984375)]","[(0, 6408.5263671875), (1, 7250.9609375)]","[(0, 1780.026611328125), (1, 2185.75341796875)]","[(4, 106.47030819163604), (1, 110.97334798177083), (3, 138.15592447916666), (5, 160.22355143229166), (0, 166.65769958496094), (2, 182.8966827392578)]","[(0, 5678.81494140625), (1, 2961.895263671875)]","[(3, 40.838352748325896), (4, 41.74321365356445), (0, 64.42270333426339), (5, 66.83643886021206), (1, 83.3084716796875), (2, 102.90414864676339)]","[(0, 4327.39794921875), (1, 3949.16943359375)]","[(2, 65.24878438313802), (1, 66.38438532902644), (4, 71.56376647949219), (5, 74.45991099964489), (0, 134.30293412642047), (3, 159.0016357421875)]","[(0, 3963.929931640625), (1, 3712.091796875)]"
267,"[(0, 1047.511962890625), (1, 1232.7955322265625)]","[(0, 769.9052124023438), (1, 1577.1162109375)]","[(0, 20106.7265625), (1, 21189.77734375)]","[(0, 3579.53515625), (1, 3338.708740234375)]","[(0, 2004.7197265625), (1, 1706.1646728515625)]","[(0, 7499.912109375), (1, 6686.6611328125)]","[(0, 10541.578125), (1, 15358.646484375)]","[(0, 3053.74853515625), (1, 2418.567626953125)]","[(4, 90.63353620256696), (1, 93.55272623697917), (3, 111.07186889648438), (0, 116.8466045673077), (5, 157.17123413085938), (2, 162.75495793269232)]","[(0, 1265.72119140625), (1, 640.2203979492188)]","[(4, 100.52916463216145), (1, 134.6764248934659), (3, 148.82298694957387), (5, 225.00078125), (0, 231.343017578125), (2, 312.8756510416667)]","[(0, 2473.66943359375), (1, 3419.142333984375)]","[(1, 78.58402797154018), (2, 103.726806640625), (4, 105.46800740559895), (5, 143.70512251420453), (0, 148.04293823242188), (3, 215.373779296875)]","[(0, 3623.86474609375), (1, 3143.715576171875)]"
268,"[(0, 1224.4039306640625), (1, 1470.8031005859375)]","[(0, 652.6016845703125), (1, 1152.9617919921875)]","[(0, 19563.970703125), (1, 14604.3271484375)]","[(0, 17182.2421875), (1, 15955.65234375)]","[(0, 11574.203125), (1, 7640.8935546875)]","[(0, 2184.4833984375), (1, 2549.55859375)]","[(0, 4819.87451171875), (1, 6646.6513671875)]","[(0, 1785.9710693359375), (1, 1654.1297607421875)]","[(1, 129.70060847355768), (2, 136.59415690104166), (4, 181.66344275841345), (5, 198.71783447265625), (0, 198.7530721028646), (3, 287.3248697916667)]","[(0, 5218.9619140625), (1, 3122.58154296875)]","[(4, 119.34388732910156), (3, 128.16013997395834), (5, 195.12566266741072), (0, 267.4540827824519), (1, 299.60184151785717), (2, 432.1648763020833)]","[(0, 6983.97607421875), (1, 3306.956787109375)]","[(1, 129.51627894810267), (2, 172.85590069110577), (4, 197.15506685697116), (5, 276.9098714192708), (0, 304.01666259765625), (3, 489.70370205965907)]","[(0, 14330.4755859375), (1, 10423.6044921875)]"
269,"[(0, 1874.37353515625), (1, 2184.5927734375)]","[(0, 1028.3367919921875), (1, 1200.73388671875)]","[(0, 5939.6162109375), (1, 6316.44384765625)]","[(0, 2272.33740234375), (1, 2217.05419921875)]","[(0, 7249.7373046875), (1, 4522.23388671875)]","[(0, 7970.90234375), (1, 8853.9189453125)]","[(0, 12273.14453125), (1, 10383.51171875)]","[(0, 1679.942138671875), (1, 1383.2666015625)]","[(1, 51.9495735168457), (2, 54.66841227213542), (4, 65.92963082449776), (5, 71.2326190655048), (0, 85.91201346261161), (3, 133.32221476236978)]","[(0, 3832.889404296875), (1, 4013.521728515625)]","[(4, 85.26998465401786), (3, 120.23411207932692), (5, 149.9451700846354), (0, 175.5565388997396), (2, 185.96533203125), (1, 196.76511793870193)]","[(0, 1435.7169189453125), (1, 1027.918212890625)]","[(1, 200.84212820870536), (4, 245.94918387276786), (2, 256.7133225661058), (5, 264.7256610576923), (3, 283.6694523737981), (0, 284.9584773137019)]","[(0, 11569.015625), (1, 8450.603515625)]"
270,"[(0, 1209.455078125), (1, 1370.0877685546875)]","[(0, 1492.6368408203125), (1, 1948.8533935546875)]","[(0, 7089.81884765625), (1, 6205.4658203125)]","[(0, 2459.720947265625), (1, 2895.89013671875)]","[(0, 13961.779296875), (1, 7806.5390625)]","[(0, 15366.8359375), (1, 13524.130859375)]","[(0, 3227.96142578125), (1, 3726.538818359375)]","[(0, 2339.720458984375), (1, 3126.398681640625)]","[(4, 295.8183186848958), (1, 298.38136800130206), (3, 387.5068359375), (0, 399.8175603693182), (5, 462.3299005681818), (2, 465.56689453125)]","[(0, 2713.128173828125), (1, 2416.847412109375)]","[(1, 47.424695696149556), (4, 54.702588762555806), (2, 78.38304138183594), (5, 93.74745686848958), (0, 112.66703287760417), (3, 141.04857381184897)]","[(0, 1643.4766845703125), (1, 1325.8485107421875)]","[(1, 84.65653773716518), (2, 89.58884840745192), (0, 216.52852376302084), (4, 233.348876953125), (5, 236.21732954545453), (3, 624.637548828125)]","[(0, 13658.34765625), (1, 10554.5849609375)]"
271,"[(0, 1184.0667724609375), (1, 1383.177490234375)]","[(0, 1372.765625), (1, 1633.3756103515625)]","[(0, 20488.283203125), (1, 15803.27734375)]","[(0, 4339.9453125), (1, 4731.95361328125)]","[(0, 8925.2841796875), (1, 4613.99169921875)]","[(0, 2719.272705078125), (1, 3098.7158203125)]","[(0, 19338.1640625), (1, 27146.759765625)]","[(0, 1108.9638671875), (1, 1330.422119140625)]","[(4, 115.2177490234375), (3, 132.71391078404017), (1, 193.65944126674108), (5, 201.4561485877404), (0, 219.9275841346154), (2, 385.2517496744792)]","[(0, 9877.212890625), (1, 4136.46435546875)]","[(4, 365.4820068359375), (1, 457.441015625), (5, 459.9601236979167), (2, 586.2693684895834), (3, 629.7632921006945), (0, 796.6968858506945)]","[(0, 5637.89013671875), (1, 3293.527099609375)]","[(1, 252.11298076923077), (2, 283.66237386067706), (4, 320.2911376953125), (0, 326.0185953776042), (5, 370.35842063210225), (3, 428.19411399147725)]","[(0, 13195.533203125), (1, 10929.9501953125)]"
272,"[(0, 1800.9462890625), (1, 2303.288330078125)]","[(0, 894.1236572265625), (1, 1015.2471313476562)]","[(0, 8432.490234375), (1, 4367.39404296875)]","[(0, 7574.77587890625), (1, 6123.87109375)]","[(0, 11209.9423828125), (1, 6795.9970703125)]","[(0, 23583.4453125), (1, 25470.279296875)]","[(0, 8171.88037109375), (1, 11668.21875)]","[(0, 1472.31103515625), (1, 1833.4508056640625)]","[(2, 38.444165910993306), (1, 43.31820068359375), (5, 44.00942758413461), (4, 52.301343645368306), (0, 80.04408616286058), (3, 113.65523274739583)]","[(0, 8857.1533203125), (1, 8667.2138671875)]","[(4, 162.857177734375), (1, 172.052978515625), (2, 177.57724831321022), (5, 181.6302490234375), (3, 250.6063787286932), (0, 256.1604669744318)]","[(0, 3583.11767578125), (1, 3557.7470703125)]","[(4, 76.2274528952206), (5, 85.87513020833333), (3, 86.99593353271484), (1, 91.011376953125), (0, 132.85980224609375), (2, 140.94565993088943)]","[(0, 2531.70068359375), (1, 2468.9228515625)]"
273,"[(0, 1051.08740234375), (1, 1236.763427734375)]","[(0, 1469.6680908203125), (1, 2120.83349609375)]","[(0, 26233.26953125), (1, 27525.810546875)]","[(0, 3996.3916015625), (1, 4363.638671875)]","[(0, 7958.71826171875), (1, 4758.068359375)]","[(0, 17016.416015625), (1, 15053.78515625)]","[(0, 12068.25390625), (1, 11329.7470703125)]","[(0, 2129.576904296875), (1, 1829.0906982421875)]","[(3, 73.73513997395834), (4, 77.1177978515625), (1, 88.59396023220486), (0, 90.19741821289062), (5, 116.6236083984375), (2, 135.9459228515625)]","[(0, 1873.24609375), (1, 3161.5537109375)]","[(5, 128.30083821614582), (2, 132.23311360677084), (4, 141.2180938720703), (1, 144.496337890625), (3, 164.46219075520833), (0, 169.275732421875)]","[(0, 925.9772338867188), (1, 871.0888061523438)]","[(4, 131.18380033052884), (5, 137.41912841796875), (1, 152.19844876802884), (3, 152.71028645833334), (2, 205.8459269205729), (0, 229.02752685546875)]","[(0, 8139.1669921875), (1, 5795.8583984375)]"
274,"[(0, 1580.8204345703125), (1, 2154.977783203125)]","[(0, 2315.7744140625), (1, 3751.735595703125)]","[(0, 8542.4814453125), (1, 7567.82958984375)]","[(0, 5139.671875), (1, 5009.06640625)]","[(0, 9106.4248046875), (1, 4634.1884765625)]","[(0, 5052.6923828125), (1, 4738.505859375)]","[(0, 9795.4609375), (1, 10486.4404296875)]","[(0, 3145.88720703125), (1, 1818.1307373046875)]","[(1, 75.71338829627403), (2, 76.32140096028645), (5, 96.92588112571023), (4, 105.55600992838542), (0, 185.68674538352272), (3, 277.9423583984375)]","[(0, 9798.7958984375), (1, 4794.75048828125)]","[(2, 97.65229143415179), (1, 121.63172200520833), (4, 170.536376953125), (0, 176.44732196514423), (5, 214.114501953125), (3, 480.66313032670456)]","[(0, 10978.412109375), (1, 5046.51904296875)]","[(1, 231.59431966145834), (2, 238.2244540127841), (4, 260.19730318509613), (5, 271.32769775390625), (3, 436.6248779296875), (0, 453.13432173295456)]","[(0, 4045.50537109375), (1, 3713.7841796875)]"
275,"[(0, 1777.593994140625), (1, 2383.342041015625)]","[(0, 1507.0181884765625), (1, 2173.19921875)]","[(0, 13533.111328125), (1, 11399.8583984375)]","[(0, 5426.46826171875), (1, 5365.7041015625)]","[(0, 2325.211669921875), (1, 1979.889892578125)]","[(0, 10879.689453125), (1, 12192.4150390625)]","[(0, 8175.85595703125), (1, 7449.05908203125)]","[(0, 1683.7025146484375), (1, 1162.3858642578125)]","[(1, 87.80845013786765), (2, 89.65635681152344), (4, 145.95701497395834), (0, 151.37399088541667), (5, 160.61455426897322), (3, 280.04208608774036)]","[(0, 2012.9383544921875), (1, 966.3279418945312)]","[(4, 224.61029522235577), (3, 312.7433268229167), (5, 371.41845703125), (0, 447.078857421875), (1, 465.5371844951923), (2, 499.3017578125)]","[(0, 985.3367919921875), (1, 1375.0552978515625)]","[(4, 100.57102338005515), (3, 112.69377899169922), (1, 136.19092610677083), (5, 142.247607421875), (0, 217.52329799107142), (2, 302.80605844350964)]","[(0, 3712.16259765625), (1, 3301.278564453125)]"
276,"[(0, 1402.3951416015625), (1, 1575.832275390625)]","[(0, 666.131591796875), (1, 1339.477783203125)]","[(0, 3891.641357421875), (1, 4440.5302734375)]","[(0, 19739.125), (1, 17167.20703125)]","[(0, 11402.359375), (1, 6269.35205078125)]","[(0, 11179.962890625), (1, 12566.9375)]","[(0, 10056.513671875), (1, 11212.6044921875)]","[(0, 1163.7479248046875), (1, 1014.011474609375)]","[(1, 99.42412567138672), (2, 107.3397705078125), (0, 161.68866838727678), (4, 163.48737444196428), (5, 189.78705303485577), (3, 347.4072672526042)]","[(0, 4289.51025390625), (1, 3020.045654296875)]","[(1, 416.4988458806818), (2, 438.66875), (0, 623.78505859375), (4, 809.8240411931819), (5, 909.81953125), (3, 1235.5869140625)]","[(0, 3859.51220703125), (1, 3528.646728515625)]","[(1, 262.80759684244794), (2, 298.68288352272725), (0, 451.40988991477275), (4, 469.2550455729167), (5, 563.9976917613636), (3, 833.8557350852273)]","[(0, 2181.84228515625), (1, 2012.5496826171875)]"
277,"[(0, 1166.09423828125), (1, 1436.7354736328125)]","[(0, 813.6295776367188), (1, 1809.4654541015625)]","[(0, 21400.88671875), (1, 16890.740234375)]","[(0, 13634.3623046875), (1, 11949.6162109375)]","[(0, 11776.9716796875), (1, 9643.255859375)]","[(0, 12792.5625), (1, 11080.7265625)]","[(0, 19854.724609375), (1, 14288.525390625)]","[(0, 1144.6004638671875), (1, 1519.8521728515625)]","[(1, 297.4645182291667), (2, 301.15669389204544), (0, 386.60102982954544), (5, 443.25673828125), (4, 445.13041548295456), (3, 565.92333984375)]","[(0, 7627.66455078125), (1, 3489.39306640625)]","[(4, 70.04622541155133), (1, 75.20923790564903), (5, 115.769287109375), (2, 130.31321022727272), (3, 151.90326944986978), (0, 184.21431107954547)]","[(0, 9121.7578125), (1, 4599.927734375)]","[(4, 56.813868931361604), (1, 78.77008565266927), (3, 81.17618502103366), (5, 86.88930257161458), (2, 122.7135986328125), (0, 123.6482821377841)]","[(0, 18585.095703125), (1, 13304.0390625)]"
278,"[(0, 1081.039794921875), (1, 1229.8353271484375)]","[(0, 832.0977783203125), (1, 1572.63671875)]","[(0, 5448.076171875), (1, 3708.376708984375)]","[(0, 2537.232177734375), (1, 2669.9404296875)]","[(0, 12222.84765625), (1, 9881.876953125)]","[(0, 3247.75146484375), (1, 2858.04833984375)]","[(0, 28624.169921875), (1, 15621.6650390625)]","[(0, 1199.223876953125), (1, 1812.6944580078125)]","[(4, 406.0045720880682), (5, 437.837451171875), (1, 529.4682173295455), (3, 535.699169921875), (2, 579.4576171875), (0, 722.300927734375)]","[(0, 5663.4716796875), (1, 5177.35009765625)]","[(4, 106.80816650390625), (3, 130.99702592329547), (5, 138.069580078125), (1, 193.192138671875), (2, 219.32173295454547), (0, 220.2020596590909)]","[(0, 1318.076171875), (1, 814.285888671875)]","[(1, 127.6009188565341), (2, 140.311083984375), (4, 169.02294921875), (5, 190.9252685546875), (0, 231.0399658203125), (3, 309.6139892578125)]","[(0, 24667.177734375), (1, 20172.431640625)]"
279,"[(0, 1317.1859130859375), (1, 1563.112060546875)]","[(0, 588.5989990234375), (1, 931.3575439453125)]","[(0, 15533.3173828125), (1, 12313.1923828125)]","[(0, 2818.31201171875), (1, 2617.99609375)]","[(0, 16035.12890625), (1, 8921.5390625)]","[(0, 2417.666015625), (1, 2760.757080078125)]","[(0, 5859.37646484375), (1, 5215.6083984375)]","[(0, 4302.02587890625), (1, 2842.775390625)]","[(1, 140.31707763671875), (2, 145.37836162860577), (4, 169.11548868815103), (5, 176.126708984375), (0, 226.3994344075521), (3, 331.09580078125)]","[(0, 1188.195556640625), (1, 811.8720092773438)]","[(2, 99.18434143066406), (1, 109.05549172794117), (5, 131.28307233537947), (0, 135.5771240234375), (4, 147.53273111979166), (3, 181.47314453125)]","[(0, 3852.546875), (1, 4437.33837890625)]","[(2, 86.24779256184895), (1, 93.61582594651442), (4, 160.24150594075522), (5, 161.9850408380682), (0, 252.21457741477272), (3, 422.201708984375)]","[(0, 2727.236572265625), (1, 2477.29443359375)]"
280,"[(0, 1410.2584228515625), (1, 1686.17138671875)]","[(0, 315.7979431152344), (1, 276.5716552734375)]","[(0, 4928.7841796875), (1, 4825.64599609375)]","[(0, 6348.6455078125), (1, 5314.2587890625)]","[(0, 2600.88720703125), (1, 1790.6629638671875)]","[(0, 7329.60107421875), (1, 7994.8828125)]","[(0, 11274.3017578125), (1, 13625.146484375)]","[(0, 3145.583984375), (1, 2983.765380859375)]","[(2, 98.63426920572917), (1, 102.45372772216797), (4, 111.48153250558036), (5, 114.348388671875), (0, 143.79666573660714), (3, 202.32476806640625)]","[(0, 3177.440673828125), (1, 3655.639404296875)]","[(2, 209.38045247395834), (1, 214.29417067307693), (0, 511.73495205965907), (4, 523.5048384232955), (5, 557.495458984375), (3, 2075.3936631944443)]","[(0, 7383.36865234375), (1, 4914.90478515625)]","[(4, 31.106150907628678), (1, 32.29014205932617), (5, 41.48114013671875), (2, 44.220105852399556), (3, 60.63127034505208), (0, 68.18668474469867)]","[(0, 3906.552490234375), (1, 3438.40576171875)]"
281,"[(0, 1120.5821533203125), (1, 1319.38916015625)]","[(0, 678.979736328125), (1, 1256.207275390625)]","[(0, 10746.6318359375), (1, 10895.4609375)]","[(0, 6093.240234375), (1, 3728.362548828125)]","[(0, 13193.998046875), (1, 7105.935546875)]","[(0, 8183.89892578125), (1, 7337.658203125)]","[(0, 8860.0419921875), (1, 8232.4248046875)]","[(0, 621.698974609375), (1, 580.3518676757812)]","[(1, 128.8758544921875), (4, 135.37919477982953), (2, 171.3500732421875), (5, 185.0314453125), (0, 206.869677734375), (3, 208.2769287109375)]","[(0, 1951.7176513671875), (1, 2508.6796875)]","[(2, 71.24517822265625), (1, 76.47498067220052), (5, 160.3845947265625), (4, 168.4896795099432), (0, 211.6513671875), (3, 622.9714626736111)]","[(0, 2410.976318359375), (1, 2546.608642578125)]","[(1, 89.9029071514423), (4, 94.23701985677083), (2, 94.4248555501302), (5, 104.22629616477273), (0, 225.87526633522728), (3, 246.881103515625)]","[(0, 8689.2373046875), (1, 6594.140625)]"
282,"[(0, 1113.6099853515625), (1, 1286.4444580078125)]","[(0, 1002.1113891601562), (1, 2094.169921875)]","[(0, 2108.204833984375), (1, 1987.895751953125)]","[(0, 3818.10302734375), (1, 3185.869873046875)]","[(0, 6861.21728515625), (1, 3262.5498046875)]","[(0, 6231.58984375), (1, 5792.90771484375)]","[(0, 6465.72900390625), (1, 7126.83251953125)]","[(0, 5289.2919921875), (1, 3442.654541015625)]","[(2, 74.90378243582589), (5, 79.64659016927084), (1, 99.3194580078125), (4, 105.41466522216797), (0, 148.24225725446428), (3, 148.49563802083333)]","[(0, 5892.6796875), (1, 4173.744140625)]","[(4, 280.4188889723558), (1, 355.73538912259613), (5, 382.9925944010417), (3, 437.7648111979167), (2, 449.7233479817708), (0, 513.408203125)]","[(0, 1822.93310546875), (1, 2166.8427734375)]","[(1, 101.98333270733173), (2, 112.82379150390625), (0, 147.11222330729166), (5, 152.3797607421875), (4, 160.91013746995193), (3, 201.2068888346354)]","[(0, 14085.017578125), (1, 10236.294921875)]"
283,"[(0, 1581.677734375), (1, 1977.72998046875)]","[(0, 806.165771484375), (1, 1443.6219482421875)]","[(0, 15051.359375), (1, 11900.453125)]","[(0, 4908.7451171875), (1, 5104.23828125)]","[(0, 2492.927001953125), (1, 1764.680908203125)]","[(0, 4870.9072265625), (1, 5370.35205078125)]","[(0, 14974.2333984375), (1, 22589.595703125)]","[(0, 2070.25390625), (1, 1944.943115234375)]","[(1, 114.60609019886364), (2, 115.689208984375), (4, 136.6929376775568), (5, 138.094140625), (0, 188.74376220703124), (3, 224.1663330078125)]","[(0, 1846.043701171875), (1, 1703.778564453125)]","[(2, 57.01968587239583), (0, 92.92595563616071), (1, 102.64350128173828), (5, 118.67727426382211), (4, 127.85035051618304), (3, 246.77105712890625)]","[(0, 2032.8502197265625), (1, 1882.2049560546875)]","[(4, 84.50817108154297), (1, 95.11517740885417), (5, 150.41045270647322), (2, 186.2508263221154), (3, 213.510986328125), (0, 249.74175555889423)]","[(0, 5789.62646484375), (1, 5122.291015625)]"
284,"[(0, 1308.660400390625), (1, 1681.7760009765625)]","[(0, 580.3748168945312), (1, 881.9921264648438)]","[(0, 18924.203125), (1, 12402.595703125)]","[(0, 7935.51904296875), (1, 7630.80810546875)]","[(0, 13351.3974609375), (1, 5999.66015625)]","[(0, 13306.9453125), (1, 14422.939453125)]","[(0, 7199.58544921875), (1, 11564.7470703125)]","[(0, 2222.45361328125), (1, 2426.79736328125)]","[(2, 120.37717013888889), (1, 127.81257709703948), (5, 148.33526252297793), (0, 148.71572536892361), (4, 155.77190483940973), (3, 175.55862247242646)]","[(0, 5472.1171875), (1, 3535.383544921875)]","[(4, 802.4177024147727), (1, 823.5078125), (5, 1005.63212890625), (2, 1035.39052734375), (3, 1296.10205078125), (0, 1346.87216796875)]","[(0, 1279.7840576171875), (1, 774.7132568359375)]","[(1, 213.89231654575892), (2, 239.38264347956732), (0, 305.6621657151442), (5, 315.20346304086536), (4, 364.3204868861607), (3, 409.2775315504808)]","[(0, 2504.6513671875), (1, 2166.140380859375)]"
285,"[(0, 1437.0732421875), (1, 1897.4857177734375)]","[(0, 484.3927917480469), (1, 1026.1976318359375)]","[(0, 2947.39111328125), (1, 2197.50390625)]","[(0, 9826.8896484375), (1, 8805.5)]","[(0, 8030.96728515625), (1, 3713.30615234375)]","[(0, 13666.4912109375), (1, 12697.1875)]","[(0, 11777.916015625), (1, 13664.6796875)]","[(0, 2284.916015625), (1, 1453.271240234375)]","[(3, 61.489955357142854), (4, 62.12162399291992), (0, 65.5889892578125), (1, 68.38616584329044), (5, 111.662841796875), (2, 118.64156087239583)]","[(0, 5655.068359375), (1, 5581.732421875)]","[(4, 100.88172912597656), (3, 115.9087158203125), (1, 131.42548014322918), (0, 157.74550083705358), (5, 168.13242885044642), (2, 227.94089918870193)]","[(0, 1879.9285888671875), (1, 1218.868896484375)]","[(1, 59.87496744791667), (4, 64.37703043619791), (2, 103.446533203125), (5, 111.43362192007211), (0, 138.56497896634616), (3, 146.19901216947116)]","[(0, 2930.930419921875), (1, 2630.264892578125)]"
286,"[(0, 1799.971923828125), (1, 2240.383056640625)]","[(0, 675.3001708984375), (1, 1661.0537109375)]","[(0, 19697.94140625), (1, 15638.44921875)]","[(0, 5542.4111328125), (1, 3843.446044921875)]","[(0, 21649.26953125), (1, 11508.009765625)]","[(0, 5750.91357421875), (1, 5287.078125)]","[(0, 8894.5419921875), (1, 10714.1923828125)]","[(0, 2536.785888671875), (1, 2545.78662109375)]","[(1, 31.83616009880515), (2, 32.62568283081055), (4, 44.13269856770833), (5, 45.37506539481027), (0, 57.5097412109375), (3, 86.1513671875)]","[(0, 2809.25927734375), (1, 1878.5799560546875)]","[(2, 231.2625177556818), (4, 244.82511393229166), (0, 277.6659046519886), (5, 280.2808948863636), (1, 304.9147542317708), (3, 331.11161665482956)]","[(0, 2186.22021484375), (1, 1271.4066162109375)]","[(4, 98.3529052734375), (5, 107.1357421875), (1, 107.17815607244319), (2, 117.211669921875), (3, 143.8307861328125), (0, 156.4607177734375)]","[(0, 8485.3603515625), (1, 6047.177734375)]"
287,"[(0, 1272.113037109375), (1, 1476.74560546875)]","[(0, 670.9215698242188), (1, 1346.1651611328125)]","[(0, 5139.57421875), (1, 4448.84228515625)]","[(0, 2474.537841796875), (1, 2860.8955078125)]","[(0, 2628.149658203125), (1, 1977.6356201171875)]","[(0, 5800.005859375), (1, 6338.59619140625)]","[(0, 6861.439453125), (1, 6681.5869140625)]","[(0, 2382.939453125), (1, 2995.357666015625)]","[(4, 479.57568359375), (1, 481.4439808238636), (2, 528.22041015625), (5, 540.335986328125), (3, 695.166796875), (0, 706.63349609375)]","[(0, 1480.7978515625), (1, 1310.5118408203125)]","[(2, 59.57127967247596), (5, 82.644287109375), (4, 106.55115618024554), (0, 115.9844219501202), (1, 120.05756487165179), (3, 161.73968975360577)]","[(0, 1876.0115966796875), (1, 1396.7559814453125)]","[(5, 197.71979631696428), (4, 211.965185546875), (1, 214.00922502790178), (2, 216.716552734375), (3, 278.30250767299106), (0, 329.8078801081731)]","[(0, 7817.6923828125), (1, 5670.794921875)]"
288,"[(0, 1033.3140869140625), (1, 1230.8067626953125)]","[(0, 462.0237731933594), (1, 804.3836669921875)]","[(0, 12008.736328125), (1, 12881.404296875)]","[(0, 8045.36376953125), (1, 7124.5078125)]","[(0, 3025.96142578125), (1, 2106.45361328125)]","[(0, 26453.82421875), (1, 28958.931640625)]","[(0, 18278.595703125), (1, 17951.0078125)]","[(0, 3324.960205078125), (1, 2054.9228515625)]","[(2, 265.7708851207386), (1, 266.73956298828125), (4, 342.3037923177083), (5, 349.78158291903407), (0, 367.51131924715907), (3, 458.87069424715907)]","[(0, 11856.8154296875), (1, 5265.62158203125)]","[(2, 129.49700055803572), (1, 133.6111572265625), (4, 188.4334716796875), (5, 189.23845027043268), (0, 294.1338641826923), (3, 446.1163736979167)]","[(0, 2135.645751953125), (1, 1589.9510498046875)]","[(1, 25.46354777018229), (4, 26.18094253540039), (0, 35.27650015694754), (3, 36.590275065104166), (2, 45.91266338641827), (5, 47.930943080357146)]","[(0, 9935.607421875), (1, 7447.11328125)]"
289,"[(0, 1330.758544921875), (1, 1659.1529541015625)]","[(0, 441.26953125), (1, 415.84735107421875)]","[(0, 6535.79638671875), (1, 7098.29541015625)]","[(0, 7670.18505859375), (1, 7777.30615234375)]","[(0, 10691.17578125), (1, 6852.4873046875)]","[(0, 14487.38671875), (1, 12706.611328125)]","[(0, 8531.8330078125), (1, 7626.072265625)]","[(0, 1673.4150390625), (1, 1846.181884765625)]","[(1, 164.35862630208334), (2, 175.9615478515625), (4, 281.94471153846155), (5, 310.3755289713542), (0, 311.9188889723558), (3, 522.9405184659091)]","[(0, 3617.85595703125), (1, 1857.44921875)]","[(2, 33.684922281901045), (1, 44.294403076171875), (5, 52.61839411808894), (4, 69.14201136997768), (0, 72.62461199079242), (3, 132.48670450846353)]","[(0, 1261.2340087890625), (1, 1172.9228515625)]","[(3, 24.14737099095395), (4, 29.791534423828125), (5, 34.99962700737847), (1, 40.006795247395836), (0, 44.99215159696691), (2, 71.31597137451172)]","[(0, 15930.6259765625), (1, 11713.6298828125)]"
290,"[(0, 1936.4259033203125), (1, 2335.161865234375)]","[(0, 716.5599975585938), (1, 814.5158081054688)]","[(0, 12280.6611328125), (1, 10283.1328125)]","[(0, 3535.245361328125), (1, 2673.26953125)]","[(0, 11348.150390625), (1, 7673.37451171875)]","[(0, 1984.6187744140625), (1, 1919.7803955078125)]","[(0, 9655.3486328125), (1, 12235.361328125)]","[(0, 1616.513916015625), (1, 1754.83984375)]","[(4, 255.32889811197916), (1, 258.545166015625), (5, 261.7364612926136), (2, 262.4085138494318), (3, 345.15571732954544), (0, 351.9666637073864)]","[(0, 1798.960205078125), (1, 1958.16748046875)]","[(1, 109.26308969350961), (2, 125.2920633951823), (4, 142.40259898792613), (5, 166.9105224609375), (0, 208.878662109375), (3, 403.875732421875)]","[(0, 3527.048583984375), (1, 4021.191650390625)]","[(1, 307.20663174715907), (4, 353.10939719460225), (2, 400.5208740234375), (5, 476.66611328125), (0, 527.74560546875), (3, 599.49130859375)]","[(0, 14087.2880859375), (1, 10778.2041015625)]"
291,"[(0, 873.9486694335938), (1, 1007.763427734375)]","[(0, 1246.401123046875), (1, 1716.4111328125)]","[(0, 19908.57421875), (1, 18675.123046875)]","[(0, 7714.08984375), (1, 8714.6572265625)]","[(0, 5336.73779296875), (1, 4408.08740234375)]","[(0, 3798.998291015625), (1, 3945.98046875)]","[(0, 4799.064453125), (1, 4418.75732421875)]","[(0, 1213.075927734375), (1, 1178.8477783203125)]","[(4, 570.1509195963541), (1, 650.0804443359375), (5, 675.1688121448864), (3, 681.6521661931819), (2, 777.1789772727273), (0, 806.4099786931819)]","[(0, 3919.97265625), (1, 4535.2509765625)]","[(4, 112.78616768973214), (3, 138.02635779747595), (5, 235.97212727864584), (1, 289.6320237379808), (0, 297.84149169921875), (2, 462.9449573863636)]","[(0, 4045.04248046875), (1, 3478.2431640625)]","[(4, 181.6658653846154), (3, 216.53544108072916), (1, 305.59800211588544), (5, 395.04727450284093), (0, 417.0016424005682), (2, 745.87978515625)]","[(0, 1871.0732421875), (1, 1659.2843017578125)]"
292,"[(0, 1147.3583984375), (1, 1380.229248046875)]","[(0, 676.388427734375), (1, 765.4937744140625)]","[(0, 5836.8837890625), (1, 5618.3203125)]","[(0, 7757.1728515625), (1, 10387.1865234375)]","[(0, 6448.73291015625), (1, 3455.796142578125)]","[(0, 23020.091796875), (1, 25097.55078125)]","[(0, 14706.1865234375), (1, 15237.875)]","[(0, 1379.8330078125), (1, 1157.78564453125)]","[(1, 135.4920935997596), (2, 164.19483439127603), (4, 172.74943033854166), (5, 226.53950639204547), (0, 239.38831676136363), (3, 316.3930419921875)]","[(0, 1998.69873046875), (1, 1623.2276611328125)]","[(4, 182.494384765625), (0, 214.1993611653646), (3, 215.23109019886363), (5, 232.47438742897728), (2, 233.5804443359375), (1, 290.34468900240387)]","[(0, 1058.1937255859375), (1, 830.4535522460938)]","[(4, 139.96214192708334), (5, 158.78105817522322), (3, 170.0670166015625), (1, 208.034765625), (2, 232.71079799107142), (0, 252.30160086495536)]","[(0, 1905.5064697265625), (1, 1610.2523193359375)]"
293,"[(0, 1219.411865234375), (1, 1549.404296875)]","[(0, 550.9439697265625), (1, 587.4278564453125)]","[(0, 6260.66455078125), (1, 4550.86572265625)]","[(0, 17943.615234375), (1, 16329.7001953125)]","[(0, 11201.029296875), (1, 6494.82470703125)]","[(0, 19734.9453125), (1, 20092.982421875)]","[(0, 10894.712890625), (1, 14000.259765625)]","[(0, 2627.533203125), (1, 2088.93994140625)]","[(4, 111.8645263671875), (1, 117.6574478149414), (3, 155.33074481670673), (0, 180.51621791294642), (5, 199.7250037560096), (2, 206.98467145647322)]","[(0, 3313.798095703125), (1, 2691.96435546875)]","[(1, 250.9938232421875), (4, 266.82197265625), (2, 277.37939453125), (5, 297.4541286892361), (0, 382.3771158854167), (3, 395.00941297743054)]","[(0, 2496.934814453125), (1, 1789.8349609375)]","[(3, 118.06620279947917), (1, 118.85333251953125), (4, 125.3304214477539), (0, 136.5564453125), (5, 155.2249755859375), (2, 177.29800851004464)]","[(0, 2404.82177734375), (1, 2057.71240234375)]"
294,"[(0, 1492.930908203125), (1, 1729.3363037109375)]","[(0, 684.2227783203125), (1, 801.7314453125)]","[(0, 2092.10498046875), (1, 1575.330322265625)]","[(0, 8645.5107421875), (1, 8596.330078125)]","[(0, 5002.2255859375), (1, 4297.3388671875)]","[(0, 13049.5517578125), (1, 12405.6240234375)]","[(0, 18572.482421875), (1, 23529.6640625)]","[(0, 6323.435546875), (1, 10168.6923828125)]","[(1, 38.539337158203125), (4, 43.118937174479164), (0, 57.691802978515625), (3, 60.8952871469351), (2, 65.28683471679688), (5, 76.76778940054086)]","[(0, 2300.4599609375), (1, 1628.7674560546875)]","[(1, 167.42549954927884), (2, 183.3256632486979), (4, 274.8291015625), (5, 289.13387784090907), (0, 492.9085582386364), (3, 1095.4849609375)]","[(0, 1565.39892578125), (1, 1178.394287109375)]","[(4, 33.38964407784598), (1, 43.102142333984375), (3, 43.63006591796875), (5, 57.68782043457031), (0, 64.8953690962358), (2, 92.30526123046874)]","[(0, 15873.5283203125), (1, 13298.2041015625)]"
295,"[(0, 935.0178833007812), (1, 1066.10791015625)]","[(0, 1107.3294677734375), (1, 1445.9664306640625)]","[(0, 25817.79296875), (1, 34440.125)]","[(0, 5747.26220703125), (1, 6550.64111328125)]","[(0, 14240.66796875), (1, 9401.6611328125)]","[(0, 15567.9912109375), (1, 17033.3671875)]","[(0, 13482.8310546875), (1, 19263.103515625)]","[(0, 6549.39208984375), (1, 6740.8984375)]","[(4, 59.16995442708333), (3, 63.895983014787944), (1, 88.58507428850446), (5, 98.8636005108173), (0, 101.93320875901442), (2, 162.68998209635416)]","[(0, 3039.134765625), (1, 2943.09228515625)]","[(4, 96.96323805588942), (3, 123.15323893229167), (5, 164.38411088423297), (1, 188.2444735440341), (0, 277.727880859375), (2, 387.34629991319446)]","[(0, 5841.91748046875), (1, 2473.096435546875)]","[(1, 164.34221540178572), (2, 218.2425255408654), (0, 241.02533428485577), (5, 314.69796048677887), (4, 318.3207310267857), (3, 339.54447115384613)]","[(0, 2255.22900390625), (1, 2014.5994873046875)]"
296,"[(0, 1340.49169921875), (1, 1593.2357177734375)]","[(0, 810.1148071289062), (1, 850.5348510742188)]","[(0, 4379.18017578125), (1, 3860.4619140625)]","[(0, 4950.6474609375), (1, 4400.88427734375)]","[(0, 9637.142578125), (1, 6229.4267578125)]","[(0, 20869.716796875), (1, 20911.078125)]","[(0, 15084.3515625), (1, 18245.455078125)]","[(0, 627.828125), (1, 732.2550659179688)]","[(4, 410.749267578125), (1, 412.0746256510417), (2, 420.82887961647725), (5, 422.76455965909093), (3, 591.9755859375), (0, 592.7619406960227)]","[(0, 3001.31103515625), (1, 1909.2572021484375)]","[(4, 109.68910319010416), (3, 128.56654575892858), (5, 162.74727689302884), (1, 176.64744215745193), (0, 237.24137369791666), (2, 311.89357688210225)]","[(0, 2512.71533203125), (1, 1790.248046875)]","[(4, 209.49632161458334), (1, 219.19666245404412), (2, 253.45997619628906), (0, 299.8384114583333), (5, 311.8109654017857), (3, 371.33349609375)]","[(0, 22489.19140625), (1, 15724.0810546875)]"
297,"[(0, 2130.25537109375), (1, 2832.013671875)]","[(0, 422.70989990234375), (1, 446.6927490234375)]","[(0, 18384.34765625), (1, 17557.345703125)]","[(0, 12036.6328125), (1, 10103.3759765625)]","[(0, 5658.08935546875), (1, 5616.66552734375)]","[(0, 13891.6669921875), (1, 13455.5234375)]","[(0, 4215.61181640625), (1, 3977.5966796875)]","[(0, 3578.558837890625), (1, 3211.362060546875)]","[(1, 103.09526510799633), (2, 115.28836822509766), (0, 186.288818359375), (4, 208.93982747395833), (5, 265.71034458705356), (3, 355.7119891826923)]","[(0, 783.746337890625), (1, 823.5572509765625)]","[(4, 292.9340632512019), (3, 360.9763997395833), (5, 362.2102457682292), (1, 505.1652644230769), (2, 617.8762613932291), (0, 633.460205078125)]","[(0, 2191.873779296875), (1, 2029.0684814453125)]","[(4, 46.89065170288086), (1, 54.28129577636719), (5, 73.86018589564732), (3, 77.39492361886161), (2, 88.67018345424107), (0, 90.19237409319196)]","[(0, 1386.8983154296875), (1, 1280.3895263671875)]"
298,"[(0, 797.1741943359375), (1, 886.490234375)]","[(0, 1390.8580322265625), (1, 2016.07177734375)]","[(0, 16639.455078125), (1, 12231.3955078125)]","[(0, 7595.42822265625), (1, 7620.3720703125)]","[(0, 4015.72705078125), (1, 3657.1875)]","[(0, 12966.7587890625), (1, 13917.37890625)]","[(0, 4911.72802734375), (1, 5551.97021484375)]","[(0, 3165.85009765625), (1, 2672.72119140625)]","[(3, 60.17593618539664), (4, 61.626979282924104), (5, 110.78724161783855), (1, 117.56308218149039), (0, 120.89638264973958), (2, 234.1878107244318)]","[(0, 2944.505859375), (1, 1670.39501953125)]","[(3, 153.48053448016827), (4, 163.951171875), (1, 235.77589768629807), (0, 240.98956298828125), (5, 315.37660725911456), (2, 515.4485973011364)]","[(0, 1698.5999755859375), (1, 1483.48779296875)]","[(4, 41.985852922712056), (3, 62.05750450721154), (1, 62.22396341959635), (5, 87.2989501953125), (0, 107.42518199573864), (2, 143.931982421875)]","[(0, 11496.26171875), (1, 8550.9345703125)]"
299,"[(0, 1212.02587890625), (1, 1443.029296875)]","[(0, 2002.0516357421875), (1, 3190.908447265625)]","[(0, 8826.6455078125), (1, 7909.30224609375)]","[(0, 23020.00390625), (1, 21384.890625)]","[(0, 10484.1904296875), (1, 5318.89794921875)]","[(0, 14764.3505859375), (1, 15906.896484375)]","[(0, 4978.34912109375), (1, 4984.92919921875)]","[(0, 3525.96240234375), (1, 1863.6123046875)]","[(4, 70.2406982421875), (3, 73.49484688895089), (1, 89.90033365885417), (0, 95.91145542689732), (5, 114.03165377103366), (2, 151.86011681189905)]","[(0, 2456.843017578125), (1, 1541.7698974609375)]","[(4, 168.81120417668268), (0, 192.81989933894232), (1, 209.02355143229167), (2, 219.00263323102678), (3, 243.2347966974432), (5, 285.81494140625)]","[(0, 2231.04541015625), (1, 1629.77197265625)]","[(4, 305.8345424107143), (1, 406.0046198918269), (2, 614.1668701171875), (5, 615.5953369140625), (0, 670.4603678385416), (3, 674.5007731119791)]","[(0, 9587.8134765625), (1, 6597.76416015625)]"
300,"[(0, 1476.4300537109375), (1, 1849.6087646484375)]","[(0, 1501.04833984375), (1, 2273.882080078125)]","[(0, 15909.703125), (1, 17966.953125)]","[(0, 3351.865478515625), (1, 3317.149658203125)]","[(0, 6883.97314453125), (1, 3603.672607421875)]","[(0, 10849.97265625), (1, 9652.84375)]","[(0, 3998.79736328125), (1, 4705.28173828125)]","[(0, 4784.998046875), (1, 3537.103759765625)]","[(1, 69.97713470458984), (4, 74.70856475830078), (2, 107.03782435825893), (5, 114.599609375), (0, 127.35202462332589), (3, 135.84202357700892)]","[(0, 2475.947021484375), (1, 3002.722412109375)]","[(2, 150.38883833451703), (1, 194.53485107421875), (5, 226.1602228338068), (4, 282.1673990885417), (0, 341.7535511363636), (3, 521.9191228693181)]","[(0, 2910.5380859375), (1, 1833.0406494140625)]","[(1, 43.85886101973684), (2, 51.45893012152778), (5, 76.01768493652344), (0, 81.96513097426471), (4, 88.4872185202206), (3, 138.057080078125)]","[(0, 2819.985595703125), (1, 2436.035400390625)]"
301,"[(0, 1385.8162841796875), (1, 1658.3858642578125)]","[(0, 1260.7451171875), (1, 1630.2880859375)]","[(0, 4547.6728515625), (1, 5805.06884765625)]","[(0, 6979.6611328125), (1, 6581.93310546875)]","[(0, 3942.061279296875), (1, 3229.68896484375)]","[(0, 3413.008056640625), (1, 2931.07568359375)]","[(0, 12932.2783203125), (1, 10942.8310546875)]","[(0, 1720.439453125), (1, 1753.6251220703125)]","[(2, 94.12798665364583), (5, 108.33896309988839), (1, 119.58153533935547), (0, 128.581396484375), (4, 138.720849609375), (3, 140.14522879464286)]","[(0, 2372.717041015625), (1, 1863.9678955078125)]","[(1, 317.5556396484375), (4, 405.0025634765625), (2, 407.8730197482639), (0, 492.01318359375), (5, 540.2965494791666), (3, 644.8342013888889)]","[(0, 3589.3046875), (1, 2391.68798828125)]","[(4, 132.67104270241478), (3, 154.84678955078124), (1, 201.4839754971591), (5, 201.88260498046876), (0, 242.5243896484375), (2, 319.8897216796875)]","[(0, 3354.913330078125), (1, 2998.51318359375)]"
302,"[(0, 895.1312866210938), (1, 1075.957275390625)]","[(0, 517.7070922851562), (1, 500.6279296875)]","[(0, 31563.9453125), (1, 22532.556640625)]","[(0, 4528.16357421875), (1, 4804.5185546875)]","[(0, 2630.31884765625), (1, 2194.813720703125)]","[(0, 3329.437255859375), (1, 3908.915283203125)]","[(0, 5095.537109375), (1, 6123.0302734375)]","[(0, 2778.8271484375), (1, 1932.4576416015625)]","[(1, 62.38380314753606), (4, 68.77273559570312), (2, 75.20595804850261), (5, 87.71956565163352), (0, 105.22307794744319), (3, 117.63035888671875)]","[(0, 2199.857666015625), (1, 1443.630126953125)]","[(2, 215.22369791666668), (0, 244.67579868861608), (1, 269.0271911621094), (4, 277.8370884486607), (5, 319.52114633413464), (3, 403.4532470703125)]","[(0, 4510.4970703125), (1, 3287.207275390625)]","[(4, 64.16199602399554), (1, 72.46248081752232), (5, 109.5341796875), (3, 115.9351298014323), (2, 130.56939697265625), (0, 145.39179484049478)]","[(0, 2261.37890625), (1, 2032.312255859375)]"
303,"[(0, 1035.0662841796875), (1, 1133.1895751953125)]","[(0, 2235.73876953125), (1, 2925.04833984375)]","[(0, 20999.568359375), (1, 15715.2958984375)]","[(0, 1886.527099609375), (1, 1952.3394775390625)]","[(0, 16823.205078125), (1, 8351.80078125)]","[(0, 6849.48193359375), (1, 7426.0986328125)]","[(0, 11283.7783203125), (1, 15731.1611328125)]","[(0, 3117.130859375), (1, 2835.5283203125)]","[(1, 63.26357828776042), (4, 85.38276890345982), (2, 103.680419921875), (0, 105.2020263671875), (3, 142.48640950520834), (5, 160.13565063476562)]","[(0, 1022.7103271484375), (1, 1001.43115234375)]","[(2, 300.35502485795456), (4, 332.24367268880206), (1, 333.80084228515625), (5, 397.17635830965907), (0, 416.9074041193182), (3, 546.0065696022727)]","[(0, 1753.8878173828125), (1, 1640.832275390625)]","[(1, 565.232421875), (2, 628.95751953125), (4, 696.662109375), (5, 804.16357421875), (0, 1060.85234375), (3, 1314.85908203125)]","[(0, 4125.74853515625), (1, 3555.837158203125)]"
304,"[(0, 1045.7059326171875), (1, 1192.606689453125)]","[(0, 3249.20751953125), (1, 4844.16845703125)]","[(0, 5106.6923828125), (1, 5034.8662109375)]","[(0, 5657.74951171875), (1, 4526.1298828125)]","[(0, 7977.28955078125), (1, 4500.87646484375)]","[(0, 10357.935546875), (1, 9209.7802734375)]","[(0, 5130.85693359375), (1, 6353.4423828125)]","[(0, 4267.09033203125), (1, 6004.98388671875)]","[(4, 48.05151803152902), (3, 61.88236647385817), (1, 62.25091044108073), (5, 71.03296407063802), (0, 88.38496537642045), (2, 95.31903686523438)]","[(0, 3650.8486328125), (1, 3566.314453125)]","[(1, 141.26376342773438), (2, 143.7838800603693), (4, 236.6002752130682), (5, 249.034521484375), (0, 496.343017578125), (3, 1269.478298611111)]","[(0, 1879.483154296875), (1, 1163.0738525390625)]","[(1, 54.98065185546875), (2, 56.84913736979167), (0, 88.68193708147321), (5, 103.78037672776442), (4, 133.58984375), (3, 182.00980631510416)]","[(0, 17779.001953125), (1, 14794.1328125)]"
305,"[(0, 1582.401123046875), (1, 1927.44580078125)]","[(0, 2213.944091796875), (1, 3013.3740234375)]","[(0, 8747.8134765625), (1, 6761.9208984375)]","[(0, 3638.85302734375), (1, 3607.3173828125)]","[(0, 12054.8408203125), (1, 7226.31640625)]","[(0, 4296.8310546875), (1, 4147.1484375)]","[(0, 8058.5712890625), (1, 7081.67578125)]","[(0, 2233.392578125), (1, 2123.861328125)]","[(1, 217.3665568033854), (2, 218.869140625), (4, 224.5221502130682), (0, 225.26744495738637), (5, 254.4377685546875), (3, 269.4793701171875)]","[(0, 4314.8125), (1, 2992.75927734375)]","[(4, 101.89888509114583), (5, 122.72296612079327), (2, 144.4622469815341), (3, 144.53346470424108), (0, 188.3024698893229), (1, 189.61301832932693)]","[(0, 981.7372436523438), (1, 577.3961791992188)]","[(1, 209.45526123046875), (4, 213.6445515950521), (2, 319.0984552556818), (5, 340.1544300426136), (3, 346.3341619318182), (0, 346.3546253551136)]","[(0, 9472.7421875), (1, 7008.93701171875)]"
306,"[(0, 1212.5594482421875), (1, 1336.4581298828125)]","[(0, 1842.481201171875), (1, 1979.7471923828125)]","[(0, 28362.384765625), (1, 16549.9296875)]","[(0, 2635.591796875), (1, 2722.474609375)]","[(0, 7399.4404296875), (1, 4170.2509765625)]","[(0, 4850.0341796875), (1, 5108.69921875)]","[(0, 5019.31884765625), (1, 6020.01318359375)]","[(0, 2039.5545654296875), (1, 1428.5064697265625)]","[(1, 60.7675895690918), (4, 64.34738159179688), (2, 79.53724016462054), (5, 88.04259381975446), (0, 97.95182582310268), (3, 108.95557512555804)]","[(0, 2045.8936767578125), (1, 1240.431640625)]","[(2, 42.877208036534924), (1, 52.77403089735243), (5, 64.44047546386719), (4, 74.98741957720588), (0, 79.32038116455078), (3, 128.79519856770833)]","[(0, 2628.825439453125), (1, 2551.318603515625)]","[(1, 50.75175374348958), (2, 52.74292428152902), (5, 82.59381573016827), (0, 101.37345064603366), (4, 107.99618094308036), (3, 179.2333780924479)]","[(0, 12260.509765625), (1, 9435.9287109375)]"
307,"[(0, 1668.1043701171875), (1, 2033.7384033203125)]","[(0, 1820.6552734375), (1, 2428.10986328125)]","[(0, 15219.9384765625), (1, 13381.1865234375)]","[(0, 43205.8359375), (1, 37409.40625)]","[(0, 6609.44580078125), (1, 7008.5966796875)]","[(0, 16386.484375), (1, 17943.68359375)]","[(0, 4934.2822265625), (1, 4523.17431640625)]","[(0, 1140.202880859375), (1, 1097.740234375)]","[(1, 85.1216049194336), (4, 88.6434326171875), (2, 101.84271240234375), (5, 112.20027669270833), (0, 154.42543247767858), (3, 172.38629557291668)]","[(0, 2564.9609375), (1, 3180.34521484375)]","[(1, 103.77171912560097), (2, 112.6884053548177), (4, 146.48538208007812), (5, 162.90013538707387), (0, 247.56627308238637), (3, 421.75419921875)]","[(0, 1284.1107177734375), (1, 1303.25439453125)]","[(1, 131.963134765625), (2, 148.49128069196428), (4, 155.72211565290178), (5, 193.6566443810096), (0, 268.3388484074519), (3, 342.5186767578125)]","[(0, 2443.4296875), (1, 2247.64208984375)]"
308,"[(0, 1427.544921875), (1, 1654.3956298828125)]","[(0, 3334.55322265625), (1, 5243.44287109375)]","[(0, 10287.1650390625), (1, 11241.833984375)]","[(0, 24896.970703125), (1, 23006.287109375)]","[(0, 11009.2060546875), (1, 6276.00390625)]","[(0, 23876.5078125), (1, 21683.19921875)]","[(0, 5901.41357421875), (1, 6511.755859375)]","[(0, 1755.888427734375), (1, 1523.7830810546875)]","[(2, 51.799357096354164), (1, 51.92040252685547), (0, 90.35577392578125), (4, 92.05076381138393), (5, 96.86698091947116), (3, 200.74947102864584)]","[(0, 3623.22509765625), (1, 3699.31640625)]","[(4, 258.2783203125), (3, 333.9562174479167), (5, 350.8185221354167), (0, 457.0917561848958), (2, 475.0360514322917), (1, 571.3636944110577)]","[(0, 7337.119140625), (1, 5494.89697265625)]","[(4, 272.0254313151042), (3, 314.49991122159093), (1, 380.2938639322917), (5, 384.39701704545456), (0, 459.54776278409093), (2, 539.4606711647727)]","[(0, 10847.541015625), (1, 7755.1015625)]"
309,"[(0, 871.0086059570312), (1, 1010.1453857421875)]","[(0, 1854.8726806640625), (1, 2435.697509765625)]","[(0, 7485.89892578125), (1, 7131.9111328125)]","[(0, 5937.08984375), (1, 3245.277587890625)]","[(0, 5931.5322265625), (1, 3609.17529296875)]","[(0, 5531.734375), (1, 5476.8994140625)]","[(0, 8771.873046875), (1, 11709.3525390625)]","[(0, 3311.97509765625), (1, 2961.163818359375)]","[(4, 193.21354792668268), (5, 233.0023193359375), (3, 248.61627197265625), (1, 278.42777193509613), (2, 336.32521565755206), (0, 373.2941080729167)]","[(0, 2485.924560546875), (1, 2086.05224609375)]","[(1, 131.12360491071428), (4, 144.78951590401786), (2, 203.15653483072916), (5, 238.5687459309896), (0, 346.1165364583333), (3, 409.0609130859375)]","[(0, 4554.8994140625), (1, 2998.50439453125)]","[(4, 249.8103230794271), (2, 262.8058349609375), (5, 270.41787997159093), (1, 296.32033469460225), (3, 530.45068359375), (0, 534.610009765625)]","[(0, 31518.9140625), (1, 26696.923828125)]"
310,"[(0, 2182.811279296875), (1, 2629.89111328125)]","[(0, 1198.01220703125), (1, 1395.815185546875)]","[(0, 5788.34033203125), (1, 4667.07568359375)]","[(0, 4673.845703125), (1, 6106.00341796875)]","[(0, 2793.63037109375), (1, 2534.77490234375)]","[(0, 4937.765625), (1, 5067.7734375)]","[(0, 14637.5556640625), (1, 18469.119140625)]","[(0, 6577.92333984375), (1, 3569.90771484375)]","[(4, 89.4748894186581), (3, 107.40064239501953), (5, 115.187646484375), (1, 155.22197265625), (0, 194.99693080357142), (2, 227.64479417067307)]","[(0, 4582.9384765625), (1, 3156.766357421875)]","[(4, 114.00393442007211), (1, 166.02490234375), (3, 167.92845662434897), (5, 254.46630859375), (0, 274.13492098721593), (2, 389.3263427734375)]","[(0, 2211.364501953125), (1, 1846.2901611328125)]","[(4, 235.40256569602272), (5, 248.1557861328125), (3, 306.866064453125), (1, 336.46830610795456), (2, 362.5665771484375), (0, 448.659228515625)]","[(0, 4282.70849609375), (1, 3902.430419921875)]"
311,"[(0, 1474.608642578125), (1, 1730.8450927734375)]","[(0, 2730.11474609375), (1, 3786.6962890625)]","[(0, 7802.52783203125), (1, 5385.05078125)]","[(0, 10278.7216796875), (1, 9735.7080078125)]","[(0, 2651.94482421875), (1, 1805.5618896484375)]","[(0, 18414.10546875), (1, 19790.958984375)]","[(0, 13295.6298828125), (1, 12229.8544921875)]","[(0, 2449.871826171875), (1, 2216.544921875)]","[(1, 71.66109212239583), (2, 76.65300574669472), (4, 78.75371551513672), (5, 90.22764369419643), (0, 151.55788010817307), (3, 178.71046665736608)]","[(0, 5672.4931640625), (1, 5436.43994140625)]","[(4, 121.54602864583333), (3, 129.74541364397322), (0, 205.30641526442307), (5, 206.529541015625), (1, 208.16193498883928), (2, 316.3607584635417)]","[(0, 3003.47021484375), (1, 1961.7786865234375)]","[(4, 71.19145202636719), (1, 76.31808651194854), (0, 106.95305989583333), (3, 108.64750453404018), (2, 130.334521484375), (5, 130.43669782366072)]","[(0, 4860.0029296875), (1, 3545.935791015625)]"
312,"[(0, 1148.6185302734375), (1, 1377.9486083984375)]","[(0, 3863.791259765625), (1, 6039.14990234375)]","[(0, 12487.30078125), (1, 10907.1875)]","[(0, 7840.35302734375), (1, 6250.20654296875)]","[(0, 5657.6845703125), (1, 3282.08251953125)]","[(0, 11111.0224609375), (1, 10070.1025390625)]","[(0, 9335.705078125), (1, 10032.44140625)]","[(0, 1595.333251953125), (1, 1880.461181640625)]","[(2, 80.20569786658653), (1, 90.26207624162946), (5, 113.79417835582386), (4, 129.1532999674479), (0, 139.24266560872397), (3, 224.3328369140625)]","[(0, 1675.8272705078125), (1, 1613.8975830078125)]","[(2, 110.63906625600961), (5, 172.36138916015625), (1, 176.80311802455358), (4, 195.66706730769232), (0, 308.78717041015625), (3, 547.3537375710227)]","[(0, 1586.20947265625), (1, 942.3113403320312)]","[(1, 332.01753373579544), (2, 345.7714599609375), (4, 461.11989524147725), (5, 503.69267578125), (0, 575.47763671875), (3, 805.668115234375)]","[(0, 3000.913330078125), (1, 2596.862060546875)]"
313,"[(0, 1116.41455078125), (1, 1447.0355224609375)]","[(0, 2767.17041015625), (1, 3865.357666015625)]","[(0, 5714.5244140625), (1, 6276.14794921875)]","[(0, 19877.70703125), (1, 20145.900390625)]","[(0, 2700.23974609375), (1, 1766.6611328125)]","[(0, 10554.9873046875), (1, 11120.6376953125)]","[(0, 16925.65234375), (1, 24372.51953125)]","[(0, 944.7318115234375), (1, 781.9970092773438)]","[(5, 104.15720778245192), (2, 105.70708759014423), (4, 114.77400425502232), (1, 115.54519217354911), (3, 144.0658240685096), (0, 147.2791466346154)]","[(0, 5781.57666015625), (1, 2561.677978515625)]","[(2, 430.64839311079544), (1, 497.0498046875), (4, 516.9628499348959), (5, 542.9088245738636), (0, 714.2128018465909), (3, 881.5995205965909)]","[(0, 4968.06201171875), (1, 2360.93701171875)]","[(1, 275.55424360795456), (2, 276.1416748046875), (5, 332.837353515625), (4, 333.67959872159093), (0, 520.33173828125), (3, 630.83955078125)]","[(0, 15674.6728515625), (1, 11021.5185546875)]"
314,"[(0, 779.0772094726562), (1, 945.52099609375)]","[(0, 1226.9586181640625), (1, 1412.9097900390625)]","[(0, 6709.46533203125), (1, 5329.3779296875)]","[(0, 6195.3662109375), (1, 4936.0849609375)]","[(0, 3063.549560546875), (1, 2389.06298828125)]","[(0, 6739.90234375), (1, 7724.80859375)]","[(0, 9545.1083984375), (1, 14419.7353515625)]","[(0, 2397.302001953125), (1, 2539.9921875)]","[(2, 241.70323768028845), (1, 249.88234165736608), (0, 317.5492757161458), (4, 452.3687744140625), (5, 458.73947975852275), (3, 652.316162109375)]","[(0, 2817.026123046875), (1, 1975.3314208984375)]","[(4, 53.047977701822916), (1, 81.19755045572917), (5, 84.1153564453125), (3, 89.88199556790866), (2, 93.95068359375), (0, 98.29210486778847)]","[(0, 1525.9666748046875), (1, 1777.01171875)]","[(4, 141.2940412248884), (3, 190.453369140625), (5, 237.7523396809896), (1, 320.4778238932292), (0, 554.7816051136364), (2, 695.125048828125)]","[(0, 2389.0869140625), (1, 2176.862548828125)]"
315,"[(0, 1794.3211669921875), (1, 2272.0771484375)]","[(0, 327.2535705566406), (1, 299.0580749511719)]","[(0, 7485.734375), (1, 5316.00244140625)]","[(0, 2915.18994140625), (1, 2078.899658203125)]","[(0, 8126.54052734375), (1, 4225.32421875)]","[(0, 4441.6484375), (1, 4015.22900390625)]","[(0, 8141.7373046875), (1, 10708.5029296875)]","[(0, 3494.31494140625), (1, 2297.007080078125)]","[(4, 52.70536586216518), (3, 56.57673997145433), (5, 71.27752685546875), (1, 80.77298990885417), (0, 91.1302323774858), (2, 114.1884033203125)]","[(0, 2911.683349609375), (1, 4489.61865234375)]","[(2, 306.2150146484375), (1, 307.5457652698864), (4, 390.2750799005682), (5, 393.6636474609375), (0, 548.168115234375), (3, 702.566162109375)]","[(0, 2020.281982421875), (1, 1669.48486328125)]","[(1, 150.08151041666667), (2, 163.35062081473214), (4, 229.32239708533655), (0, 232.7223182091346), (5, 265.88543701171875), (3, 375.4011896306818)]","[(0, 4414.326171875), (1, 3988.23974609375)]"
316,"[(0, 1237.9805908203125), (1, 1373.2193603515625)]","[(0, 524.114013671875), (1, 1105.50830078125)]","[(0, 8831.83203125), (1, 9290.7099609375)]","[(0, 10109.53515625), (1, 7747.650390625)]","[(0, 2993.44140625), (1, 1892.6007080078125)]","[(0, 10726.5732421875), (1, 10022.638671875)]","[(0, 6270.2666015625), (1, 10483.130859375)]","[(0, 2091.150634765625), (1, 2080.75634765625)]","[(1, 182.78949846540178), (2, 184.43547175480768), (0, 224.6214317908654), (4, 239.78916713169642), (5, 247.69666466346155), (3, 297.10533728966345)]","[(0, 3326.3935546875), (1, 1903.1981201171875)]","[(2, 95.62140447443181), (4, 119.0695088704427), (5, 119.66956676136364), (1, 124.69032796223958), (0, 153.9081476384943), (3, 194.0985440340909)]","[(0, 4861.9501953125), (1, 6955.40185546875)]","[(1, 372.0179554332386), (2, 386.484912109375), (4, 548.7215465198864), (5, 580.8740234375), (0, 764.270166015625), (3, 1222.91904296875)]","[(0, 2886.427490234375), (1, 2563.620849609375)]"
317,"[(0, 1277.1717529296875), (1, 1800.0233154296875)]","[(0, 690.9671020507812), (1, 1681.4576416015625)]","[(0, 7492.68408203125), (1, 5685.3125)]","[(0, 1938.166259765625), (1, 1949.327392578125)]","[(0, 2590.392822265625), (1, 2836.83349609375)]","[(0, 8491.3349609375), (1, 8767.0888671875)]","[(0, 4367.70654296875), (1, 17454.671875)]","[(0, 1845.7049560546875), (1, 1992.2513427734375)]","[(4, 127.76280799278847), (3, 136.29532877604166), (1, 255.37565104166666), (5, 263.40389737215907), (0, 265.43730024857956), (2, 562.29892578125)]","[(0, 7452.02978515625), (1, 5728.12109375)]","[(4, 115.41031087239584), (3, 125.91581508091518), (5, 199.879150390625), (0, 234.13078425480768), (1, 295.8539341517857), (2, 424.9136962890625)]","[(0, 967.4329833984375), (1, 828.1702270507812)]","[(3, 98.7426025390625), (4, 115.43315124511719), (5, 143.16429792131697), (1, 172.32536969866072), (0, 213.91888897235577), (2, 370.6464029947917)]","[(0, 1926.426025390625), (1, 1746.5443115234375)]"
318,"[(0, 1512.076171875), (1, 1795.4398193359375)]","[(0, 656.1904907226562), (1, 1294.522216796875)]","[(0, 22736.5), (1, 20126.677734375)]","[(0, 10574.28125), (1, 8380.107421875)]","[(0, 2624.972412109375), (1, 2849.464599609375)]","[(0, 8071.25439453125), (1, 8822.2099609375)]","[(0, 18371.447265625), (1, 27698.474609375)]","[(0, 3464.3291015625), (1, 2301.6416015625)]","[(4, 112.7246826171875), (1, 116.22835867745536), (3, 120.78024727957589), (0, 132.21477801983173), (5, 194.18556565504807), (2, 222.03570556640625)]","[(0, 2671.0126953125), (1, 3539.583984375)]","[(4, 365.33605018028845), (5, 376.6307779947917), (1, 414.0036433293269), (2, 445.1698404947917), (3, 541.6262613932291), (0, 654.6531982421875)]","[(0, 6061.69873046875), (1, 4591.7978515625)]","[(1, 84.64654134114583), (3, 98.39797973632812), (4, 104.7302605124081), (0, 116.9185791015625), (5, 133.22295735677082), (2, 162.58648212139423)]","[(0, 14177.142578125), (1, 11627.0517578125)]"
319,"[(0, 2532.378173828125), (1, 3180.830322265625)]","[(0, 389.322265625), (1, 614.0822143554688)]","[(0, 5755.6767578125), (1, 4842.9072265625)]","[(0, 3206.01025390625), (1, 2892.470458984375)]","[(0, 14569.328125), (1, 7596.203125)]","[(0, 9669.373046875), (1, 8866.0009765625)]","[(0, 9711.6162109375), (1, 8596.21484375)]","[(0, 5288.474609375), (1, 7095.98779296875)]","[(1, 93.36949811662946), (4, 102.20843975360577), (2, 107.36419208233173), (5, 128.30218505859375), (0, 189.8060302734375), (3, 214.1918057528409)]","[(0, 2389.755615234375), (1, 2441.632568359375)]","[(1, 248.78113902698863), (4, 270.267041015625), (2, 272.77568359375), (0, 299.09189453125), (5, 312.9973958333333), (3, 343.8705783420139)]","[(0, 921.1255493164062), (1, 639.3923950195312)]","[(1, 54.38664832481971), (3, 71.98167419433594), (5, 75.38522847493489), (4, 76.84660926231972), (0, 77.02694702148438), (2, 81.16490681966145)]","[(0, 11025.365234375), (1, 8101.5078125)]"
320,"[(0, 1894.2340087890625), (1, 2203.420654296875)]","[(0, 1041.3857421875), (1, 1306.4638671875)]","[(0, 8548.169921875), (1, 7664.97802734375)]","[(0, 13203.8173828125), (1, 11382.1298828125)]","[(0, 10039.533203125), (1, 5369.14404296875)]","[(0, 2620.072998046875), (1, 2353.051513671875)]","[(0, 4882.58056640625), (1, 5528.39013671875)]","[(0, 2306.0224609375), (1, 2195.006103515625)]","[(2, 79.18635777064732), (1, 79.83804524739584), (4, 102.58033040364583), (5, 105.97255161830357), (0, 151.5366492638221), (3, 197.77886493389423)]","[(0, 5231.66455078125), (1, 2665.103271484375)]","[(2, 111.7845947265625), (1, 140.51890563964844), (4, 144.85242571149553), (0, 152.72970145089286), (5, 170.92241962139423), (3, 294.72491455078125)]","[(0, 2709.442138671875), (1, 2358.860595703125)]","[(1, 196.39161900111608), (2, 199.983154296875), (5, 272.72782759232956), (4, 282.90675862630206), (0, 301.15985107421875), (3, 446.89345703125)]","[(0, 17830.5859375), (1, 12678.916015625)]"
321,"[(0, 834.8829345703125), (1, 911.2479858398438)]","[(0, 1533.413818359375), (1, 2110.27685546875)]","[(0, 30155.544921875), (1, 33049.5625)]","[(0, 7569.13623046875), (1, 6461.0625)]","[(0, 8391.240234375), (1, 5319.66943359375)]","[(0, 7451.3330078125), (1, 7957.68603515625)]","[(0, 6987.00048828125), (1, 7371.46435546875)]","[(0, 2342.839599609375), (1, 1982.8480224609375)]","[(1, 232.45393254206732), (4, 245.42501126802884), (2, 248.26029459635416), (5, 260.8273111979167), (0, 350.9416910807292), (3, 370.43505859375)]","[(0, 6417.0576171875), (1, 5571.89306640625)]","[(2, 95.60392543247768), (1, 117.7778564453125), (5, 212.56511042668268), (4, 216.8145751953125), (0, 221.11822040264423), (3, 608.1385904947916)]","[(0, 1212.591796875), (1, 834.01318359375)]","[(2, 56.269069126674104), (1, 58.713887532552086), (5, 78.72324916294643), (4, 108.47007649739584), (0, 166.3079552283654), (3, 241.86602313701923)]","[(0, 10854.5361328125), (1, 7696.04248046875)]"
322,"[(0, 1270.0875244140625), (1, 1506.2149658203125)]","[(0, 1138.5130615234375), (1, 1419.609619140625)]","[(0, 21881.896484375), (1, 15456.123046875)]","[(0, 4473.15185546875), (1, 3018.7529296875)]","[(0, 6498.46142578125), (1, 4166.61328125)]","[(0, 13879.6689453125), (1, 15509.470703125)]","[(0, 5915.4326171875), (1, 6410.4521484375)]","[(0, 4008.219970703125), (1, 4671.71142578125)]","[(2, 66.64598388671875), (1, 71.1331558227539), (5, 73.94355187049278), (4, 74.39203752790179), (0, 111.08132498604911), (3, 155.2195841471354)]","[(0, 1207.3616943359375), (1, 850.9680786132812)]","[(4, 116.92330228365384), (3, 118.2181396484375), (5, 209.14686168323863), (1, 246.22569691051137), (0, 296.4913818359375), (2, 570.1821831597222)]","[(0, 6021.99365234375), (1, 5208.15283203125)]","[(4, 303.23602294921875), (1, 358.4235026041667), (3, 412.91885653409093), (5, 433.98872514204544), (0, 498.5205078125), (2, 529.9273792613636)]","[(0, 1347.174560546875), (1, 1241.5003662109375)]"
323,"[(0, 1307.33935546875), (1, 1490.3695068359375)]","[(0, 795.3892211914062), (1, 878.1720581054688)]","[(0, 3605.896728515625), (1, 3342.630859375)]","[(0, 8075.90478515625), (1, 6495.57421875)]","[(0, 2271.49560546875), (1, 1988.60009765625)]","[(0, 11393.609375), (1, 10396.927734375)]","[(0, 12681.927734375), (1, 10970.521484375)]","[(0, 928.3026123046875), (1, 854.656005859375)]","[(4, 486.9731852213542), (1, 584.5372721354166), (5, 591.5556640625), (3, 661.505859375), (2, 744.4265802556819), (0, 798.3119673295455)]","[(0, 2140.78662109375), (1, 1091.9500732421875)]","[(2, 157.9395751953125), (1, 159.20209209735577), (0, 384.06467507102275), (4, 389.5989879261364), (5, 393.4362060546875), (3, 1367.4672309027778)]","[(0, 2372.658203125), (1, 2362.256591796875)]","[(4, 269.28297932942706), (5, 323.81272194602275), (3, 427.96914950284093), (1, 451.0686442057292), (2, 567.5204190340909), (0, 749.5500710227273)]","[(0, 15390.5068359375), (1, 12494.6865234375)]"
324,"[(0, 1171.8634033203125), (1, 1449.044677734375)]","[(0, 344.9330749511719), (1, 331.625732421875)]","[(0, 3560.897216796875), (1, 2508.72509765625)]","[(0, 12270.16015625), (1, 11162.2353515625)]","[(0, 1923.129150390625), (1, 1695.7003173828125)]","[(0, 5543.5791015625), (1, 5800.193359375)]","[(0, 8862.248046875), (1, 9762.5771484375)]","[(0, 1680.678466796875), (1, 1480.1527099609375)]","[(4, 26.971486409505207), (5, 31.512643814086914), (1, 33.743214326746326), (2, 35.85223388671875), (3, 37.20485911649816), (0, 41.650020599365234)]","[(0, 5616.99755859375), (1, 2649.075927734375)]","[(2, 422.57557091346155), (0, 447.78771033653845), (4, 549.1785982572115), (1, 556.2698800223214), (5, 669.8308919270834), (3, 693.6800130208334)]","[(0, 1704.351318359375), (1, 1562.983154296875)]","[(1, 332.75705973307294), (4, 348.9479573567708), (2, 372.5888671875), (5, 392.2041015625), (0, 569.9987127130681), (3, 610.6847922585227)]","[(0, 4511.2841796875), (1, 4035.005615234375)]"
325,"[(0, 1533.3699951171875), (1, 1738.7574462890625)]","[(0, 634.3563842773438), (1, 1148.8583984375)]","[(0, 19210.87109375), (1, 19918.27734375)]","[(0, 3411.15966796875), (1, 3307.395263671875)]","[(0, 16338.6728515625), (1, 7851.35205078125)]","[(0, 6741.271484375), (1, 7434.21240234375)]","[(0, 11400.09765625), (1, 12392.3330078125)]","[(0, 1391.664794921875), (1, 1533.47021484375)]","[(4, 86.22268240792411), (3, 98.56869741586539), (1, 157.13068644205728), (5, 170.86592610677084), (0, 204.1798428622159), (2, 360.1672607421875)]","[(0, 3024.798583984375), (1, 2852.813232421875)]","[(2, 89.65358072916666), (1, 90.5872802734375), (4, 104.74754423253677), (5, 134.48133138020833), (0, 141.72369791666668), (3, 212.82198893229167)]","[(0, 2989.72412109375), (1, 2385.95263671875)]","[(2, 74.48720005580357), (1, 75.16158040364583), (4, 97.75818743024554), (5, 99.92709585336539), (0, 154.38673753004807), (3, 230.15043131510416)]","[(0, 3916.2548828125), (1, 3612.550048828125)]"
326,"[(0, 1155.6522216796875), (1, 1338.938232421875)]","[(0, 940.4574584960938), (1, 1961.8975830078125)]","[(0, 9632.7041015625), (1, 7803.65869140625)]","[(0, 8388.287109375), (1, 7623.4033203125)]","[(0, 10891.2119140625), (1, 5174.04833984375)]","[(0, 11826.888671875), (1, 10876.369140625)]","[(0, 9288.9111328125), (1, 9798.861328125)]","[(0, 5614.85009765625), (1, 6449.5810546875)]","[(4, 47.3582649230957), (3, 51.840006510416664), (1, 74.60369001116071), (5, 79.63328334263393), (0, 91.89667217548077), (2, 145.3768107096354)]","[(0, 1426.0244140625), (1, 1089.4676513671875)]","[(2, 381.7429443359375), (1, 391.40780362215907), (4, 612.6383167613636), (5, 621.5427734375), (0, 670.613916015625), (3, 1078.8189453125)]","[(0, 2423.38720703125), (1, 2169.209228515625)]","[(4, 334.95904541015625), (5, 387.1847478693182), (3, 387.27783203125), (1, 562.4684651692709), (2, 658.9017666903409), (0, 684.5074129971591)]","[(0, 1874.9619140625), (1, 1732.98486328125)]"
327,"[(0, 1561.99072265625), (1, 1922.0482177734375)]","[(0, 767.4662475585938), (1, 1343.3662109375)]","[(0, 10573.6357421875), (1, 6575.52783203125)]","[(0, 3224.22021484375), (1, 3000.06640625)]","[(0, 9909.2060546875), (1, 5605.6044921875)]","[(0, 3813.834228515625), (1, 3565.6171875)]","[(0, 7656.802734375), (1, 7390.4345703125)]","[(0, 1067.5877685546875), (1, 1042.22119140625)]","[(4, 260.1342366536458), (5, 313.5511585582386), (3, 339.54898348721593), (1, 389.4559733072917), (2, 487.32350852272725), (0, 533.7124911221591)]","[(0, 2434.53515625), (1, 1911.311279296875)]","[(4, 613.9829508463541), (1, 640.3340287642045), (5, 655.0772816051136), (2, 678.168896484375), (3, 770.6920276988636), (0, 891.60625)]","[(0, 1256.86865234375), (1, 1201.560302734375)]","[(4, 87.36146897536058), (3, 95.95135498046875), (1, 132.81061808268228), (0, 148.0754949396307), (5, 162.5314275568182), (2, 267.5022705078125)]","[(0, 18122.2265625), (1, 12649.51953125)]"
328,"[(0, 1466.8975830078125), (1, 1755.34033203125)]","[(0, 718.7182006835938), (1, 1134.4947509765625)]","[(0, 7837.81103515625), (1, 6100.619140625)]","[(0, 4537.8251953125), (1, 5384.39892578125)]","[(0, 5315.013671875), (1, 3053.8330078125)]","[(0, 3472.529296875), (1, 3817.211181640625)]","[(0, 5787.2255859375), (1, 6100.5146484375)]","[(0, 1622.1251220703125), (1, 1578.1392822265625)]","[(4, 74.24723597935268), (3, 82.27911846454327), (5, 118.43062337239583), (1, 131.97955322265625), (0, 165.5643310546875), (2, 268.065625)]","[(0, 821.4703369140625), (1, 910.7705688476562)]","[(1, 91.9608866373698), (2, 102.5637539950284), (4, 134.45677601207387), (5, 162.14005126953126), (0, 229.449365234375), (3, 429.1247287326389)]","[(0, 956.1665649414062), (1, 833.3719482421875)]","[(5, 131.22121360085228), (4, 134.26156616210938), (1, 173.65336100260416), (2, 175.78774192116478), (3, 201.67134232954547), (0, 271.9299982244318)]","[(0, 2578.006103515625), (1, 2286.76025390625)]"
329,"[(0, 1193.7843017578125), (1, 1491.4173583984375)]","[(0, 373.639404296875), (1, 338.6739807128906)]","[(0, 14756.130859375), (1, 12215.8330078125)]","[(0, 21348.9453125), (1, 17752.41796875)]","[(0, 10420.5830078125), (1, 4527.86572265625)]","[(0, 8781.68359375), (1, 9857.11328125)]","[(0, 9684.3408203125), (1, 12198.962890625)]","[(0, 2231.392333984375), (1, 1981.5445556640625)]","[(2, 99.5829345703125), (1, 113.72413219105114), (5, 135.0813543146307), (4, 146.90592447916666), (0, 223.923291015625), (3, 283.99560546875)]","[(0, 5457.3583984375), (1, 2600.779296875)]","[(4, 35.75336710611979), (5, 45.18017578125), (3, 49.435798196231616), (2, 52.77713884626116), (1, 60.68486022949219), (0, 64.21814778645833)]","[(0, 2977.829833984375), (1, 2783.2021484375)]","[(1, 212.47687639508928), (2, 290.0480205829327), (0, 290.9436786358173), (5, 299.0722468449519), (4, 299.42703683035717), (3, 305.40078500600964)]","[(0, 1990.635986328125), (1, 1751.160888671875)]"
330,"[(0, 1328.7041015625), (1, 1431.2528076171875)]","[(0, 920.718505859375), (1, 2224.8720703125)]","[(0, 4684.58251953125), (1, 5149.6708984375)]","[(0, 5677.56396484375), (1, 4256.66455078125)]","[(0, 5526.22412109375), (1, 3063.926513671875)]","[(0, 14141.5341796875), (1, 12594.220703125)]","[(0, 7567.8583984375), (1, 8044.3046875)]","[(0, 1930.584228515625), (1, 2036.298095703125)]","[(4, 122.84030587332589), (3, 131.9893798828125), (1, 142.54010416666668), (0, 150.1427283653846), (5, 258.30364990234375), (2, 286.64124474158655)]","[(0, 4109.15771484375), (1, 3202.65478515625)]","[(1, 353.014453125), (4, 367.18408203125), (0, 498.6828342013889), (3, 518.5447048611111), (2, 535.3505859375), (5, 564.2389865451389)]","[(0, 2119.6142578125), (1, 2760.65966796875)]","[(3, 78.10852922712054), (1, 96.22969273158482), (4, 98.9643310546875), (0, 112.96409254807692), (5, 120.32249098557692), (2, 205.3528849283854)]","[(0, 1707.33740234375), (1, 1527.900390625)]"
331,"[(0, 1267.4527587890625), (1, 1450.4639892578125)]","[(0, 557.4484252929688), (1, 890.6704711914062)]","[(0, 28147.759765625), (1, 23188.25390625)]","[(0, 5522.18310546875), (1, 6435.40087890625)]","[(0, 3021.745361328125), (1, 2784.117919921875)]","[(0, 11906.0263671875), (1, 10799.12109375)]","[(0, 9058.5517578125), (1, 13597.6669921875)]","[(0, 1859.302001953125), (1, 1588.6051025390625)]","[(4, 46.44419780530428), (5, 47.436351102941174), (2, 50.361027018229166), (3, 54.64519246419271), (1, 56.208901798023895), (0, 60.86984634399414)]","[(0, 3404.036376953125), (1, 4202.36962890625)]","[(1, 324.15262276785717), (2, 383.72205528846155), (0, 465.4159342447917), (4, 542.6028645833334), (5, 644.4779829545455), (3, 867.9076171875)]","[(0, 3117.758056640625), (1, 2648.234619140625)]","[(1, 61.82158987862723), (2, 63.93132136418269), (4, 143.99190266927084), (5, 157.86533425071022), (0, 182.31608072916666), (3, 609.116650390625)]","[(0, 18668.302734375), (1, 14130.8837890625)]"
332,"[(0, 1698.310791015625), (1, 1988.1591796875)]","[(0, 444.5440979003906), (1, 359.1917419433594)]","[(0, 6385.61865234375), (1, 5454.37646484375)]","[(0, 4020.29833984375), (1, 4574.43212890625)]","[(0, 11426.8525390625), (1, 6469.9228515625)]","[(0, 6731.923828125), (1, 7318.6416015625)]","[(0, 5596.78564453125), (1, 7920.36767578125)]","[(0, 3844.300048828125), (1, 2266.541259765625)]","[(4, 433.01802201704544), (5, 497.406396484375), (3, 544.70576171875), (1, 678.8910688920455), (2, 770.364990234375), (0, 900.9365234375)]","[(0, 1883.1485595703125), (1, 1317.8995361328125)]","[(1, 200.83186222956732), (2, 227.28824869791666), (4, 292.089599609375), (5, 349.30659623579544), (0, 434.7306463068182), (3, 751.81796875)]","[(0, 6736.1884765625), (1, 4776.8046875)]","[(4, 86.47350260416667), (3, 99.76190185546875), (5, 147.7551551231971), (1, 203.59510216346155), (0, 257.00233968098956), (2, 468.45068359375)]","[(0, 2994.4521484375), (1, 2552.391845703125)]"
333,"[(0, 1130.344482421875), (1, 1282.0665283203125)]","[(0, 546.3112182617188), (1, 975.048095703125)]","[(0, 3950.559326171875), (1, 2911.2490234375)]","[(0, 3449.92822265625), (1, 3647.86962890625)]","[(0, 8168.755859375), (1, 4548.54052734375)]","[(0, 14765.0546875), (1, 16085.1962890625)]","[(0, 8593.37890625), (1, 7699.71337890625)]","[(0, 1176.91015625), (1, 1529.762939453125)]","[(2, 172.6493807705966), (1, 173.3797403971354), (0, 227.3424405184659), (4, 249.76554361979166), (5, 252.8202237215909), (3, 332.4398748224432)]","[(0, 4581.07666015625), (1, 1921.5223388671875)]","[(4, 112.14239501953125), (5, 137.05686257102272), (3, 142.47065873579547), (2, 209.350830078125), (1, 219.25982666015625), (0, 228.9232732599432)]","[(0, 1459.70654296875), (1, 1553.8272705078125)]","[(1, 97.06890869140625), (5, 124.54311697823661), (3, 134.6866943359375), (2, 138.74838256835938), (0, 143.07610614483173), (4, 147.17593383789062)]","[(0, 7469.62548828125), (1, 6832.037109375)]"
334,"[(0, 2526.13671875), (1, 3239.48291015625)]","[(0, 864.101806640625), (1, 1714.8355712890625)]","[(0, 28672.119140625), (1, 18483.41015625)]","[(0, 5251.18896484375), (1, 6784.638671875)]","[(0, 5414.99755859375), (1, 5032.68701171875)]","[(0, 9437.2509765625), (1, 8435.5146484375)]","[(0, 7947.24267578125), (1, 8793.4658203125)]","[(0, 1791.29931640625), (1, 2966.559814453125)]","[(2, 49.5924072265625), (1, 50.13097675030048), (5, 65.48024680397727), (4, 65.91691589355469), (0, 123.7845458984375), (3, 225.36220703125)]","[(0, 2816.9228515625), (1, 2886.263671875)]","[(4, 266.3692626953125), (5, 339.0684407552083), (1, 375.5934651692708), (3, 423.01626352163464), (2, 446.619921875), (0, 710.8688299005681)]","[(0, 2053.693359375), (1, 1597.865234375)]","[(1, 47.67383575439453), (4, 70.220068359375), (2, 77.58003452845982), (0, 107.19530378069196), (5, 117.94439227764423), (3, 156.3554969200721)]","[(0, 18668.943359375), (1, 15073.48046875)]"
335,"[(0, 1358.111572265625), (1, 1738.3927001953125)]","[(0, 698.2987060546875), (1, 1167.695556640625)]","[(0, 11665.080078125), (1, 10397.1357421875)]","[(0, 8791.8056640625), (1, 5894.43310546875)]","[(0, 1761.6534423828125), (1, 1675.049072265625)]","[(0, 9715.005859375), (1, 8727.5810546875)]","[(0, 12312.74609375), (1, 12779.6611328125)]","[(0, 3373.23876953125), (1, 2494.658447265625)]","[(4, 47.494269875919116), (3, 50.978214263916016), (5, 57.8158203125), (1, 65.63742268880209), (0, 70.11399187360492), (2, 80.89625901442308)]","[(0, 4066.257080078125), (1, 5120.85009765625)]","[(4, 167.08466593424478), (3, 230.4657315340909), (1, 247.07177734375), (5, 292.58251953125), (0, 378.99189453125), (2, 451.54486762152777)]","[(0, 1388.922119140625), (1, 1110.03515625)]","[(2, 55.81261737530048), (1, 58.41843959263393), (4, 120.9889424641927), (5, 123.7578125), (0, 160.97640991210938), (3, 368.944091796875)]","[(0, 11282.4228515625), (1, 7663.18017578125)]"
336,"[(0, 1945.12109375), (1, 2320.191162109375)]","[(0, 415.4250183105469), (1, 580.3925170898438)]","[(0, 26025.19921875), (1, 19978.662109375)]","[(0, 7164.33251953125), (1, 6258.62890625)]","[(0, 2008.001220703125), (1, 1265.3150634765625)]","[(0, 8610.869140625), (1, 9863.751953125)]","[(0, 6101.91650390625), (1, 7151.78515625)]","[(0, 653.5936279296875), (1, 642.27001953125)]","[(4, 66.36187385110294), (3, 73.32823181152344), (5, 106.74283040364584), (1, 153.884521484375), (0, 186.34422084263392), (2, 292.9885441706731)]","[(0, 7489.39794921875), (1, 7065.06103515625)]","[(4, 599.86591796875), (1, 613.198291015625), (3, 822.5121527777778), (2, 841.4652235243055), (0, 845.8404405381945), (5, 846.6845703125)]","[(0, 3112.666015625), (1, 3105.881591796875)]","[(1, 33.00011393229167), (2, 34.965038592998795), (4, 47.59733479817708), (5, 55.26677527794471), (0, 64.04794076772836), (3, 99.80462176983173)]","[(0, 22847.15625), (1, 16595.935546875)]"
337,"[(0, 1526.2371826171875), (1, 1834.2647705078125)]","[(0, 471.4435729980469), (1, 425.5897521972656)]","[(0, 5784.61572265625), (1, 4598.5068359375)]","[(0, 8984.3291015625), (1, 8245.521484375)]","[(0, 12282.1708984375), (1, 6048.1005859375)]","[(0, 15632.5), (1, 16935.677734375)]","[(0, 9594.939453125), (1, 8543.4111328125)]","[(0, 2559.27880859375), (1, 1976.9512939453125)]","[(1, 126.23243126502403), (4, 137.11838942307693), (2, 155.37272135416666), (0, 164.55907185872397), (3, 174.18379720052084), (5, 174.92999267578125)]","[(0, 4787.90087890625), (1, 5010.22265625)]","[(4, 54.41271209716797), (2, 73.994140625), (1, 77.458984375), (0, 79.40521240234375), (5, 82.9659423828125), (3, 85.38228062220982)]","[(0, 5258.4755859375), (1, 2067.3447265625)]","[(4, 77.98990071614584), (1, 107.78739107572116), (3, 116.29411097935268), (5, 129.64996807391827), (0, 188.25004069010416), (2, 191.9549005681818)]","[(0, 3949.900146484375), (1, 3331.28564453125)]"
338,"[(0, 1126.0821533203125), (1, 1260.4583740234375)]","[(0, 589.3685302734375), (1, 1230.621826171875)]","[(0, 27648.9921875), (1, 21894.650390625)]","[(0, 2519.6201171875), (1, 2794.460205078125)]","[(0, 6204.0400390625), (1, 3316.7763671875)]","[(0, 8572.7109375), (1, 8215.021484375)]","[(0, 9747.4697265625), (1, 10963.9208984375)]","[(0, 842.4713134765625), (1, 731.3237915039062)]","[(1, 86.4078369140625), (4, 94.86808507582721), (2, 137.67986653645832), (5, 150.74191080729167), (0, 157.318212890625), (3, 175.4927734375)]","[(0, 5775.8623046875), (1, 2826.831787109375)]","[(2, 40.4851188659668), (5, 50.43507080078125), (4, 58.29865264892578), (1, 62.68275361902573), (0, 86.67796223958334), (3, 116.45241873604911)]","[(0, 3720.984619140625), (1, 3498.616455078125)]","[(1, 209.60178920200892), (2, 240.367919921875), (5, 315.0138408954327), (0, 334.7087590144231), (4, 421.18760463169644), (3, 440.7663762019231)]","[(0, 12623.91015625), (1, 8850.97265625)]"
339,"[(0, 1819.4603271484375), (1, 2240.28173828125)]","[(0, 795.9439086914062), (1, 1919.2403564453125)]","[(0, 12699.646484375), (1, 13517.46484375)]","[(0, 7791.0771484375), (1, 7590.83740234375)]","[(0, 10795.3935546875), (1, 6271.41455078125)]","[(0, 3683.751953125), (1, 3606.56396484375)]","[(0, 11373.720703125), (1, 13358.2744140625)]","[(0, 1243.6671142578125), (1, 1196.350341796875)]","[(1, 51.569488525390625), (2, 51.59017740885417), (4, 71.18763514927456), (5, 74.23020113431491), (0, 81.720458984375), (3, 121.2510274251302)]","[(0, 3353.099609375), (1, 3644.6494140625)]","[(4, 93.13721720377605), (1, 104.75129838423295), (3, 132.87733043323863), (0, 170.7422119140625), (5, 179.3880615234375), (2, 204.81231011284723)]","[(0, 1478.1453857421875), (1, 1682.7779541015625)]","[(1, 63.1113037109375), (2, 71.19112454927884), (4, 83.92797037760417), (5, 100.66685133713942), (0, 119.47263746995192), (3, 167.0318885216346)]","[(0, 3035.75732421875), (1, 2606.6640625)]"
340,"[(0, 2309.395263671875), (1, 2797.41748046875)]","[(0, 770.8062744140625), (1, 1556.8079833984375)]","[(0, 10646.5703125), (1, 8344.2451171875)]","[(0, 6040.7109375), (1, 3779.4912109375)]","[(0, 9329.4658203125), (1, 4850.7421875)]","[(0, 2377.822998046875), (1, 2450.44921875)]","[(0, 9071.3720703125), (1, 11421.4267578125)]","[(0, 1945.4522705078125), (1, 2028.61181640625)]","[(2, 104.75060221354167), (1, 105.50719451904297), (0, 185.31131417410714), (4, 192.51473563058036), (5, 199.185546875), (3, 324.8683675130208)]","[(0, 3041.979248046875), (1, 2654.62939453125)]","[(2, 510.5265625), (1, 510.791015625), (4, 619.0464311079545), (5, 630.9833984375), (0, 909.04501953125), (3, 1142.5806640625)]","[(0, 2509.887939453125), (1, 2459.444091796875)]","[(1, 124.51736450195312), (2, 151.479345703125), (4, 178.060986328125), (5, 193.31640625), (0, 229.73768833705358), (3, 263.22374549278845)]","[(0, 11940.7197265625), (1, 8967.1748046875)]"
341,"[(0, 1379.1890869140625), (1, 1484.1783447265625)]","[(0, 697.8217163085938), (1, 1226.7239990234375)]","[(0, 9308.216796875), (1, 7747.11083984375)]","[(0, 5709.46923828125), (1, 3652.109375)]","[(0, 5131.89892578125), (1, 4393.80517578125)]","[(0, 15906.3662109375), (1, 17229.548828125)]","[(0, 6594.65625), (1, 9451.5361328125)]","[(0, 1829.8515625), (1, 980.2848510742188)]","[(1, 149.790087890625), (2, 162.31345912388392), (4, 206.19669015066964), (5, 227.94645808293268), (0, 232.3329139122596), (3, 278.9119466145833)]","[(0, 1276.3072509765625), (1, 753.3485717773438)]","[(4, 40.190635681152344), (5, 56.36053030831473), (3, 69.18785313197544), (2, 73.79373873197116), (1, 74.3926513671875), (0, 88.51023512620192)]","[(0, 1267.86083984375), (1, 1109.292236328125)]","[(1, 120.80063100961539), (4, 120.98965219350961), (2, 148.34871419270834), (5, 149.1845703125), (3, 194.4963582356771), (0, 196.4095458984375)]","[(0, 2409.81201171875), (1, 2053.03662109375)]"
342,"[(0, 1157.449462890625), (1, 1361.6968994140625)]","[(0, 502.2155456542969), (1, 498.1448059082031)]","[(0, 1140.016845703125), (1, 1397.5633544921875)]","[(0, 20891.302734375), (1, 16633.90234375)]","[(0, 3855.3916015625), (1, 3058.42626953125)]","[(0, 20616.15625), (1, 18591.869140625)]","[(0, 7947.0986328125), (1, 9881.6591796875)]","[(0, 2326.452880859375), (1, 1423.847412109375)]","[(1, 82.52378493088942), (4, 84.89723714192708), (2, 85.99449666341145), (5, 90.8319258256392), (0, 171.35456986860797), (3, 199.7113525390625)]","[(0, 1660.5546875), (1, 1472.779296875)]","[(4, 496.20009765625), (5, 496.60845269097223), (3, 596.9773220486111), (2, 748.9787326388889), (1, 753.188720703125), (0, 973.17578125)]","[(0, 1610.1510009765625), (1, 1561.934814453125)]","[(2, 86.79890747070313), (1, 96.33103249289773), (5, 157.0697909268466), (4, 161.17349243164062), (0, 170.24515380859376), (3, 291.23930220170456)]","[(0, 15010.1611328125), (1, 12305.69140625)]"
343,"[(0, 1371.3282470703125), (1, 1600.13671875)]","[(0, 1012.17431640625), (1, 1330.5294189453125)]","[(0, 6274.44189453125), (1, 7225.4482421875)]","[(0, 16911.06640625), (1, 14502.953125)]","[(0, 18887.80078125), (1, 9773.5419921875)]","[(0, 5723.927734375), (1, 6047.12548828125)]","[(0, 14422.4033203125), (1, 20642.67578125)]","[(0, 1977.248046875), (1, 1613.0574951171875)]","[(4, 164.2661798650568), (1, 177.97219016335228), (5, 250.2197021484375), (3, 256.3858154296875), (2, 272.84736328125), (0, 280.673828125)]","[(0, 11645.2177734375), (1, 6453.14990234375)]","[(4, 78.72029876708984), (1, 81.39725494384766), (2, 93.26061139787946), (5, 104.18086460658482), (0, 144.63548932756697), (3, 165.68678501674108)]","[(0, 4054.512451171875), (1, 4357.80419921875)]","[(1, 134.250244140625), (2, 166.51067097981772), (5, 198.98445638020834), (0, 205.5304972330729), (4, 226.71848707932693), (3, 252.0432332356771)]","[(0, 2247.742919921875), (1, 2095.19873046875)]"
344,"[(0, 1547.51123046875), (1, 1944.4052734375)]","[(0, 1783.9464111328125), (1, 2745.328125)]","[(0, 5214.82763671875), (1, 3947.745849609375)]","[(0, 7776.52001953125), (1, 7542.36669921875)]","[(0, 15838.189453125), (1, 8043.345703125)]","[(0, 2092.125), (1, 2450.570556640625)]","[(0, 14746.4365234375), (1, 19691.068359375)]","[(0, 2200.973876953125), (1, 3163.984619140625)]","[(2, 106.6418965657552), (1, 118.02490234375), (5, 167.66281960227272), (4, 184.791259765625), (0, 228.58229758522728), (3, 421.676953125)]","[(0, 1441.87109375), (1, 877.1241455078125)]","[(4, 262.29765625), (1, 281.31966885653407), (3, 331.1760525173611), (0, 352.0710693359375), (5, 373.2754720052083), (2, 390.3714599609375)]","[(0, 694.0459594726562), (1, 625.948486328125)]","[(1, 151.27523367745536), (4, 181.05733816964286), (5, 187.28444260817307), (3, 195.57220928485577), (2, 215.56832181490384), (0, 228.81710111177884)]","[(0, 2961.861572265625), (1, 2622.547607421875)]"
345,"[(0, 1697.5166015625), (1, 2135.83642578125)]","[(0, 1103.640625), (1, 1520.2608642578125)]","[(0, 4183.34033203125), (1, 3168.169677734375)]","[(0, 3618.339111328125), (1, 3524.560302734375)]","[(0, 2135.070556640625), (1, 1451.17724609375)]","[(0, 2558.20263671875), (1, 2244.302978515625)]","[(0, 9518.001953125), (1, 8905.90625)]","[(0, 1077.53662109375), (1, 963.0656127929688)]","[(1, 172.37284029447116), (2, 173.2052205403646), (4, 299.7541097005208), (5, 311.28322531960225), (0, 317.6410466974432), (3, 606.656298828125)]","[(0, 2592.942138671875), (1, 1671.29052734375)]","[(4, 259.96488131009613), (3, 323.6299235026042), (1, 544.3126627604166), (5, 641.8159623579545), (0, 680.0217950994319), (2, 1437.73876953125)]","[(0, 1700.1314697265625), (1, 1375.3726806640625)]","[(4, 60.60505506727431), (3, 76.98244341681985), (1, 86.64875030517578), (5, 91.56947326660156), (0, 120.4782958984375), (2, 150.93746512276786)]","[(0, 2071.53759765625), (1, 1874.16357421875)]"
346,"[(0, 1378.305419921875), (1, 1533.854736328125)]","[(0, 809.6760864257812), (1, 930.9534301757812)]","[(0, 6698.7626953125), (1, 6719.255859375)]","[(0, 5857.25927734375), (1, 5215.35498046875)]","[(0, 5100.70068359375), (1, 3721.900390625)]","[(0, 6970.38232421875), (1, 6524.34375)]","[(0, 4185.06005859375), (1, 4515.6923828125)]","[(0, 1777.4066162109375), (1, 2277.6669921875)]","[(1, 240.78758021763392), (2, 276.6005859375), (4, 291.76999918619794), (0, 315.3131510416667), (5, 325.0838068181818), (3, 395.9184814453125)]","[(0, 2261.603271484375), (1, 2469.4208984375)]","[(2, 178.44500732421875), (1, 183.9705528846154), (4, 258.60089111328125), (5, 280.05619673295456), (0, 416.0213068181818), (3, 698.4955078125)]","[(0, 1979.5867919921875), (1, 2380.610107421875)]","[(1, 57.47807898888221), (2, 59.759501139322914), (5, 83.5326260653409), (4, 84.12942504882812), (0, 172.3066739169034), (3, 291.16572265625)]","[(0, 21768.75), (1, 18244.236328125)]"
347,"[(0, 1592.3668212890625), (1, 1767.888916015625)]","[(0, 283.1265563964844), (1, 251.2753448486328)]","[(0, 8408.1015625), (1, 6384.9248046875)]","[(0, 6843.435546875), (1, 9596.0458984375)]","[(0, 10165.8232421875), (1, 5662.056640625)]","[(0, 4242.22119140625), (1, 4311.15576171875)]","[(0, 19173.423828125), (1, 19181.380859375)]","[(0, 1507.029052734375), (1, 1427.3338623046875)]","[(4, 82.27164952895221), (1, 109.3246826171875), (3, 115.18550109863281), (5, 126.6682373046875), (0, 161.00156947544642), (2, 179.82820012019232)]","[(0, 3986.996337890625), (1, 1725.8336181640625)]","[(4, 161.1555908203125), (3, 176.2427978515625), (1, 194.3536931818182), (0, 212.820654296875), (5, 216.22569444444446), (2, 274.8573974609375)]","[(0, 4350.3671875), (1, 4206.13037109375)]","[(4, 138.0701904296875), (3, 195.7657674153646), (1, 203.5040283203125), (0, 297.75656960227275), (5, 307.3956409801136), (2, 502.0333984375)]","[(0, 1662.801025390625), (1, 1397.58740234375)]"
348,"[(0, 904.552001953125), (1, 1032.4349365234375)]","[(0, 258.1376647949219), (1, 219.07640075683594)]","[(0, 2144.886962890625), (1, 1774.42578125)]","[(0, 5324.3388671875), (1, 5998.84814453125)]","[(0, 6999.892578125), (1, 3991.040283203125)]","[(0, 8913.3330078125), (1, 10161.431640625)]","[(0, 10033.5703125), (1, 11915.294921875)]","[(0, 4949.51904296875), (1, 2740.24072265625)]","[(4, 103.3314678485577), (3, 115.4296875), (1, 139.400390625), (0, 157.43886496803978), (5, 186.5995427911932), (2, 263.84208984375)]","[(0, 493.6096496582031), (1, 413.0895690917969)]","[(4, 180.11769321986608), (5, 189.18195988581732), (2, 200.2202351888021), (3, 217.74896709735577), (0, 251.0261433919271), (1, 263.97690054086536)]","[(0, 2194.35107421875), (1, 1551.3338623046875)]","[(1, 45.136680603027344), (4, 67.66320037841797), (2, 74.39451381138393), (5, 77.05595179966518), (0, 91.06305803571429), (3, 94.19940185546875)]","[(0, 4425.3955078125), (1, 3967.288330078125)]"
349,"[(0, 1747.4564208984375), (1, 2153.173095703125)]","[(0, 2642.082275390625), (1, 3591.777099609375)]","[(0, 9280.3046875), (1, 7104.48583984375)]","[(0, 7038.24853515625), (1, 5747.11962890625)]","[(0, 3155.080810546875), (1, 3303.861328125)]","[(0, 13576.1962890625), (1, 12000.162109375)]","[(0, 10220.0048828125), (1, 11236.8076171875)]","[(0, 1467.4259033203125), (1, 1504.41552734375)]","[(1, 78.35613335503473), (2, 90.53489685058594), (4, 109.58401828342014), (5, 135.67562866210938), (0, 142.73284912109375), (3, 211.05072021484375)]","[(0, 3092.7314453125), (1, 2010.3321533203125)]","[(1, 179.90511067708334), (2, 189.044677734375), (4, 308.76156338778407), (5, 320.540478515625), (0, 533.157958984375), (3, 1212.8649088541667)]","[(0, 5447.4111328125), (1, 3805.020751953125)]","[(4, 45.278368268694194), (1, 45.68716634114583), (2, 48.121752057756694), (5, 48.22272198016827), (3, 108.80845133463542), (0, 109.8073260967548)]","[(0, 1653.824462890625), (1, 1445.5499267578125)]"
350,"[(0, 787.878173828125), (1, 902.135498046875)]","[(0, 3840.4892578125), (1, 5726.4169921875)]","[(0, 6096.0419921875), (1, 5622.48046875)]","[(0, 2604.70849609375), (1, 2901.38037109375)]","[(0, 5116.9296875), (1, 4785.9833984375)]","[(0, 4028.050537109375), (1, 3947.6669921875)]","[(0, 16500.443359375), (1, 18734.435546875)]","[(0, 2815.4833984375), (1, 2519.091552734375)]","[(3, 67.70038311298077), (4, 73.00337437220982), (5, 132.96617635091147), (1, 178.67974853515625), (0, 183.7489013671875), (2, 388.8814453125)]","[(0, 1990.09326171875), (1, 1189.262451171875)]","[(1, 151.12803649902344), (2, 164.3806640625), (0, 275.90853445870533), (4, 284.20591517857144), (5, 307.3906813401442), (3, 602.7135416666666)]","[(0, 1447.1258544921875), (1, 1910.32275390625)]","[(1, 181.68196614583334), (4, 217.9151407877604), (2, 250.02745472301137), (0, 303.216064453125), (5, 304.710693359375), (3, 351.6995960582386)]","[(0, 1601.881103515625), (1, 1404.0799560546875)]"
351,"[(0, 924.7210083007812), (1, 1030.357177734375)]","[(0, 2841.45947265625), (1, 3842.097412109375)]","[(0, 10548.1650390625), (1, 7930.4580078125)]","[(0, 10518.7119140625), (1, 11894.484375)]","[(0, 15501.337890625), (1, 8016.06884765625)]","[(0, 4065.388427734375), (1, 4123.416015625)]","[(0, 4360.3857421875), (1, 4034.89013671875)]","[(0, 3183.01513671875), (1, 2636.779541015625)]","[(1, 57.520381927490234), (2, 60.648763020833336), (4, 78.85870768229167), (5, 85.9610595703125), (0, 104.59919084821429), (3, 148.1435828575721)]","[(0, 11618.982421875), (1, 7409.78564453125)]","[(1, 943.5379971590909), (4, 1214.0920632102273), (2, 1235.92744140625), (0, 1287.5767578125), (3, 1615.3357421875), (5, 1632.04521484375)]","[(0, 2718.329833984375), (1, 2034.3629150390625)]","[(4, 88.57609049479167), (1, 99.89906819661458), (3, 120.35031127929688), (5, 125.12601470947266), (0, 153.0504150390625), (2, 164.1455841064453)]","[(0, 1574.0997314453125), (1, 1428.16796875)]"
352,"[(0, 630.8843383789062), (1, 694.3302612304688)]","[(0, 2063.145751953125), (1, 2551.682373046875)]","[(0, 8455.279296875), (1, 7373.025390625)]","[(0, 6159.65283203125), (1, 5759.56982421875)]","[(0, 10841.9560546875), (1, 6106.05517578125)]","[(0, 9336.1142578125), (1, 10364.4775390625)]","[(0, 13607.771484375), (1, 15635.01953125)]","[(0, 4654.25244140625), (1, 4701.630859375)]","[(1, 172.28880092075892), (2, 199.92377178485577), (4, 207.92816631610577), (5, 242.955078125), (0, 337.1335042317708), (3, 359.60134055397725)]","[(0, 17631.08984375), (1, 9376.4814453125)]","[(4, 65.09670003255208), (5, 87.37982940673828), (1, 90.15007866753473), (2, 107.01488494873047), (3, 111.2159652709961), (0, 133.806884765625)]","[(0, 2483.67333984375), (1, 2166.3583984375)]","[(4, 288.02614524147725), (5, 337.8141845703125), (1, 391.62770774147725), (2, 479.88994140625), (3, 535.06396484375), (0, 762.615234375)]","[(0, 19824.69921875), (1, 16933.369140625)]"
353,"[(0, 1370.47314453125), (1, 1541.2685546875)]","[(0, 1481.8624267578125), (1, 2412.032958984375)]","[(0, 24055.4921875), (1, 22585.30859375)]","[(0, 7051.09423828125), (1, 5571.25048828125)]","[(0, 7564.5107421875), (1, 4295.2578125)]","[(0, 24625.29296875), (1, 21535.91015625)]","[(0, 10939.451171875), (1, 11551.59765625)]","[(0, 1999.30126953125), (1, 1646.2060546875)]","[(4, 67.49389241536458), (3, 72.90305001395089), (1, 98.86342075892857), (0, 108.71988619290866), (5, 130.65729229266827), (2, 229.7256876627604)]","[(0, 3204.060302734375), (1, 4930.85302734375)]","[(1, 197.64284104567307), (2, 229.341064453125), (4, 309.83612060546875), (5, 358.51313920454544), (0, 500.0894886363636), (3, 1005.49208984375)]","[(0, 1353.2562255859375), (1, 1161.6107177734375)]","[(1, 34.18743426983173), (2, 47.589141845703125), (0, 52.04183451334635), (4, 52.57274921123798), (5, 54.812418619791664), (3, 60.3353017171224)]","[(0, 1657.9429931640625), (1, 1410.6142578125)]"
354,"[(0, 1320.305419921875), (1, 1692.177001953125)]","[(0, 2486.894287109375), (1, 4624.85986328125)]","[(0, 11210.005859375), (1, 10510.498046875)]","[(0, 2421.787353515625), (1, 1985.2281494140625)]","[(0, 4824.91455078125), (1, 3694.796142578125)]","[(0, 8665.5859375), (1, 8293.64453125)]","[(0, 25743.6171875), (1, 28166.259765625)]","[(0, 1585.435791015625), (1, 1363.9947509765625)]","[(1, 178.88115583147322), (2, 181.48552058293268), (0, 221.87284342447916), (4, 239.13787841796875), (5, 240.00541548295453), (3, 305.34892578125)]","[(0, 4947.74462890625), (1, 5400.12451171875)]","[(4, 81.8564697265625), (1, 84.14057922363281), (0, 108.05613490513393), (2, 110.20269775390625), (5, 150.03458345853366), (3, 153.0517578125)]","[(0, 4141.8876953125), (1, 2435.660400390625)]","[(4, 145.93341064453125), (1, 170.90218098958334), (5, 175.0913973721591), (2, 205.66117720170453), (3, 284.36308149857956), (0, 348.93601296164775)]","[(0, 4688.88232421875), (1, 4261.72216796875)]"
355,"[(0, 1252.6602783203125), (1, 1463.297607421875)]","[(0, 1892.5491943359375), (1, 2853.64306640625)]","[(0, 25967.927734375), (1, 20280.31640625)]","[(0, 8993.236328125), (1, 7902.39599609375)]","[(0, 5475.4638671875), (1, 3725.77490234375)]","[(0, 10712.0166015625), (1, 11057.4921875)]","[(0, 24447.9453125), (1, 34685.42578125)]","[(0, 2068.871337890625), (1, 2608.052978515625)]","[(2, 154.82154337565103), (1, 163.84900841346155), (5, 285.2393243963068), (4, 293.6875813802083), (0, 365.5883123224432), (3, 812.2720703125)]","[(0, 5739.03564453125), (1, 4424.29833984375)]","[(4, 82.35914103190105), (1, 121.19566761363636), (3, 125.85221724076705), (5, 177.9088134765625), (0, 214.9490234375), (2, 287.21747504340277)]","[(0, 8620.638671875), (1, 8542.2294921875)]","[(2, 76.47521503155048), (1, 76.73921421595982), (5, 163.63972611860797), (4, 182.33563232421875), (0, 185.44429524739584), (3, 447.264404296875)]","[(0, 7071.404296875), (1, 5709.71435546875)]"
356,"[(0, 1400.9119873046875), (1, 1627.5726318359375)]","[(0, 1062.2767333984375), (1, 1246.6715087890625)]","[(0, 5441.0146484375), (1, 6833.275390625)]","[(0, 5601.927734375), (1, 7345.80029296875)]","[(0, 17154.98046875), (1, 9184.580078125)]","[(0, 7638.41650390625), (1, 8226.365234375)]","[(0, 8594.6572265625), (1, 11676.478515625)]","[(0, 2187.0439453125), (1, 2302.219970703125)]","[(4, 88.95457356770834), (3, 101.45703125), (5, 140.9085693359375), (1, 176.62706580528845), (0, 225.1719767252604), (2, 323.78708718039775)]","[(0, 1974.265380859375), (1, 1092.4473876953125)]","[(2, 56.247689383370535), (1, 73.110693359375), (4, 80.73168006310097), (5, 99.72381591796875), (0, 106.58249136117789), (3, 243.04245827414772)]","[(0, 4126.05126953125), (1, 4809.845703125)]","[(4, 166.13007609049478), (1, 166.6778564453125), (5, 180.5550870028409), (2, 182.04274338942307), (3, 233.5583984375), (0, 242.67106119791666)]","[(0, 1884.31982421875), (1, 1617.1036376953125)]"
357,"[(0, 1026.9569091796875), (1, 1214.683349609375)]","[(0, 1584.2720947265625), (1, 2059.626708984375)]","[(0, 8241.8984375), (1, 6015.86328125)]","[(0, 1347.725830078125), (1, 1498.0130615234375)]","[(0, 3269.8232421875), (1, 2066.20068359375)]","[(0, 7493.09130859375), (1, 7194.3349609375)]","[(0, 4937.72314453125), (1, 4104.802734375)]","[(0, 3252.515380859375), (1, 2012.5880126953125)]","[(4, 223.38638741629464), (5, 234.61446439302884), (1, 260.9254150390625), (3, 275.539306640625), (2, 280.29430213341345), (0, 323.26322115384613)]","[(0, 3346.28271484375), (1, 2065.092529296875)]","[(4, 89.05034528459821), (3, 90.79729755108173), (0, 137.4424031575521), (1, 177.79935396634616), (5, 191.08575439453125), (2, 295.5267888849432)]","[(0, 1707.5408935546875), (1, 1377.923583984375)]","[(1, 102.16058904474431), (2, 104.4516357421875), (4, 127.24123313210227), (5, 132.18905029296874), (0, 145.30648193359374), (3, 179.44530029296874)]","[(0, 3639.00244140625), (1, 3040.6220703125)]"
358,"[(0, 929.2291870117188), (1, 1077.6614990234375)]","[(0, 1107.3099365234375), (1, 1354.5299072265625)]","[(0, 4505.22216796875), (1, 4972.26171875)]","[(0, 31972.212890625), (1, 30240.416015625)]","[(0, 1424.6949462890625), (1, 1374.5079345703125)]","[(0, 8004.0302734375), (1, 7421.546875)]","[(0, 4111.9296875), (1, 4594.64501953125)]","[(0, 4897.0556640625), (1, 4261.4169921875)]","[(1, 91.95137023925781), (2, 110.11229596819196), (4, 137.98855590820312), (5, 177.162109375), (0, 191.50411551339286), (3, 306.247802734375)]","[(0, 4311.71533203125), (1, 4094.945556640625)]","[(4, 623.4930419921875), (1, 627.4352361505681), (5, 643.61865234375), (2, 662.327099609375), (3, 818.5671164772727), (0, 883.25732421875)]","[(0, 5510.19970703125), (1, 4579.5703125)]","[(1, 66.96718343098958), (2, 67.57489885602679), (4, 124.5191180889423), (5, 135.61417643229166), (0, 145.50506122295673), (3, 313.80007102272725)]","[(0, 9613.5791015625), (1, 7345.240234375)]"
359,"[(0, 1134.7706298828125), (1, 1268.0052490234375)]","[(0, 1072.5172119140625), (1, 1293.6256103515625)]","[(0, 10914.8466796875), (1, 9170.2177734375)]","[(0, 1901.2034912109375), (1, 2391.548828125)]","[(0, 9573.833984375), (1, 6200.69189453125)]","[(0, 6662.57470703125), (1, 7071.94384765625)]","[(0, 13143.1494140625), (1, 17724.978515625)]","[(0, 2875.0673828125), (1, 3096.201904296875)]","[(1, 82.31148274739583), (4, 92.04127720424107), (2, 101.58323451450893), (5, 123.8715350811298), (0, 158.05033052884616), (3, 190.8203328450521)]","[(0, 3753.760986328125), (1, 4029.3798828125)]","[(2, 85.1795184795673), (5, 104.17091721754808), (4, 121.47426932198661), (1, 134.8607439313616), (0, 140.03565392127405), (3, 170.17059795673077)]","[(0, 2487.50634765625), (1, 2119.403076171875)]","[(1, 485.6185709635417), (4, 559.6715901692709), (2, 632.6500355113636), (5, 748.9412286931819), (0, 839.7868430397727), (3, 929.5238813920455)]","[(0, 13995.06640625), (1, 10912.2236328125)]"
360,"[(0, 1256.8902587890625), (1, 1772.9542236328125)]","[(0, 824.1076049804688), (1, 1070.482177734375)]","[(0, 2435.033203125), (1, 3146.45703125)]","[(0, 3883.50341796875), (1, 3614.548828125)]","[(0, 6420.41259765625), (1, 4177.93408203125)]","[(0, 13974.5009765625), (1, 15484.7607421875)]","[(0, 20941.412109375), (1, 25193.498046875)]","[(0, 1852.5894775390625), (1, 1939.999755859375)]","[(3, 96.73844691685268), (4, 97.12976888020833), (1, 134.3452410016741), (0, 146.19573505108173), (5, 168.21144456129807), (2, 263.0575764973958)]","[(0, 2124.682861328125), (1, 2496.9326171875)]","[(4, 65.09356282552083), (3, 78.38003104073661), (5, 104.79063063401442), (0, 105.9733378092448), (2, 122.3531494140625), (1, 134.80859375)]","[(0, 1523.160400390625), (1, 1084.1015625)]","[(1, 52.3324089050293), (2, 54.6203369140625), (4, 97.73964146205357), (5, 101.87237079326923), (0, 123.89778355189732), (3, 265.4291585286458)]","[(0, 5997.572265625), (1, 5486.57666015625)]"
361,"[(0, 995.605712890625), (1, 1150.97607421875)]","[(0, 1123.5777587890625), (1, 1564.4705810546875)]","[(0, 5574.8115234375), (1, 3571.0244140625)]","[(0, 6436.32177734375), (1, 6544.3095703125)]","[(0, 5522.7255859375), (1, 4612.81689453125)]","[(0, 19615.06640625), (1, 16899.103515625)]","[(0, 9954.310546875), (1, 9248.48046875)]","[(0, 2392.260498046875), (1, 1682.8564453125)]","[(4, 204.78096147017047), (5, 214.5454833984375), (3, 248.561865234375), (1, 381.72842684659093), (2, 415.29072265625), (0, 494.4640625)]","[(0, 13666.830078125), (1, 10213.029296875)]","[(2, 56.96935017903646), (5, 74.12980143229167), (1, 82.2017071063702), (4, 104.7626483623798), (0, 118.80137125651042), (3, 158.94127400716147)]","[(0, 3155.249267578125), (1, 1957.8948974609375)]","[(2, 89.51804762620192), (1, 93.15070452008929), (4, 166.26567586263022), (5, 174.7188387784091), (0, 194.15045166015625), (3, 382.6720703125)]","[(0, 12224.3046875), (1, 10150.865234375)]"
362,"[(0, 1072.822998046875), (1, 1238.2279052734375)]","[(0, 841.9580688476562), (1, 1124.5528564453125)]","[(0, 17870.216796875), (1, 16786.80859375)]","[(0, 4256.1533203125), (1, 4875.3359375)]","[(0, 4157.87646484375), (1, 3143.06201171875)]","[(0, 10372.68359375), (1, 9363.283203125)]","[(0, 9569.443359375), (1, 10656.2197265625)]","[(0, 2642.009033203125), (1, 1719.73974609375)]","[(2, 82.67076822916667), (1, 85.02128601074219), (4, 146.91061197916667), (5, 160.26799665178572), (0, 176.60576520647322), (3, 365.41165865384613)]","[(0, 2098.315185546875), (1, 2785.311767578125)]","[(4, 274.12789212740387), (1, 328.57628455528845), (5, 331.7171630859375), (2, 333.08408610026044), (3, 442.5433349609375), (0, 454.3640950520833)]","[(0, 2260.933837890625), (1, 1604.3961181640625)]","[(4, 87.4955721768466), (1, 97.40146706321023), (5, 140.49124755859376), (3, 144.78934326171876), (2, 155.85743408203126), (0, 161.74530029296875)]","[(0, 13885.30859375), (1, 10100.841796875)]"
363,"[(0, 1368.5892333984375), (1, 1560.0078125)]","[(0, 807.634765625), (1, 950.3887329101562)]","[(0, 6870.10205078125), (1, 7493.8701171875)]","[(0, 5352.18603515625), (1, 4740.43603515625)]","[(0, 18149.259765625), (1, 9881.7353515625)]","[(0, 7641.3603515625), (1, 8177.14306640625)]","[(0, 5226.50830078125), (1, 8875.7646484375)]","[(0, 2419.256103515625), (1, 1642.323486328125)]","[(5, 113.54808553059895), (2, 115.4767557779948), (4, 116.0421612079327), (1, 117.80050893930289), (3, 155.44469197591147), (0, 158.50684611002603)]","[(0, 2491.6279296875), (1, 1456.5888671875)]","[(4, 212.5445068359375), (1, 254.01533203125), (3, 256.1767306857639), (5, 298.01421440972223), (0, 319.4785970052083), (2, 370.57408311631946)]","[(0, 2397.8291015625), (1, 2295.535400390625)]","[(3, 78.02315266927083), (4, 80.35639953613281), (5, 108.54155622209821), (1, 119.7813720703125), (0, 150.09067946213943), (2, 221.1363321940104)]","[(0, 12296.1884765625), (1, 9433.876953125)]"
364,"[(0, 1263.5882568359375), (1, 1492.7037353515625)]","[(0, 3395.7099609375), (1, 4366.79443359375)]","[(0, 18891.04296875), (1, 14410.7998046875)]","[(0, 9328.5498046875), (1, 10034.5166015625)]","[(0, 11001.271484375), (1, 6049.73291015625)]","[(0, 4632.16943359375), (1, 5088.7578125)]","[(0, 6803.7529296875), (1, 9274.4912109375)]","[(0, 5408.36572265625), (1, 5822.22314453125)]","[(1, 112.84705528846153), (2, 140.06963094075522), (4, 143.67718036358173), (0, 169.7979532877604), (5, 180.8572794596354), (3, 214.7623494466146)]","[(0, 1618.103271484375), (1, 1623.685302734375)]","[(2, 264.35287198153407), (1, 273.6234944661458), (0, 330.7347966974432), (4, 355.3494984019886), (5, 365.980078125), (3, 433.84599609375)]","[(0, 2346.152099609375), (1, 2036.5146484375)]","[(4, 190.53006417410714), (3, 212.71435546875), (5, 290.11688232421875), (1, 317.7940673828125), (0, 432.8665216619318), (2, 543.11796875)]","[(0, 4239.29736328125), (1, 3802.499755859375)]"
365,"[(0, 1371.9620361328125), (1, 1471.80712890625)]","[(0, 4987.568359375), (1, 7043.5869140625)]","[(0, 22150.4765625), (1, 16835.853515625)]","[(0, 6122.212890625), (1, 6282.31591796875)]","[(0, 3461.046875), (1, 3597.67333984375)]","[(0, 7139.65576171875), (1, 6720.77490234375)]","[(0, 5142.71142578125), (1, 4554.88232421875)]","[(0, 2238.42578125), (1, 2329.154541015625)]","[(3, 50.08767903645833), (4, 53.01209259033203), (5, 85.37519182477679), (1, 90.767236328125), (0, 92.21611676897321), (2, 175.49620643028845)]","[(0, 3758.33544921875), (1, 2111.1181640625)]","[(4, 264.8579767400568), (3, 332.54482421875), (5, 342.6656982421875), (1, 477.42817826704544), (2, 644.7484375), (0, 674.88359375)]","[(0, 4356.17529296875), (1, 3554.047119140625)]","[(4, 207.0419921875), (1, 232.52672230113637), (5, 247.604150390625), (2, 280.2516357421875), (3, 333.890625), (0, 384.255908203125)]","[(0, 3446.481689453125), (1, 3149.302978515625)]"
366,"[(0, 2215.36962890625), (1, 2886.390380859375)]","[(0, 3300.73681640625), (1, 4309.91064453125)]","[(0, 26005.970703125), (1, 26900.41015625)]","[(0, 5206.40478515625), (1, 5337.10888671875)]","[(0, 9100.4345703125), (1, 5205.56591796875)]","[(0, 10323.1240234375), (1, 9111.3671875)]","[(0, 11087.037109375), (1, 11840.48828125)]","[(0, 4308.69775390625), (1, 5048.1025390625)]","[(4, 147.960693359375), (3, 176.45701246995193), (1, 193.6415076622596), (0, 255.24100748697916), (5, 348.0333251953125), (2, 499.81582919034093)]","[(0, 2902.693603515625), (1, 1395.138427734375)]","[(2, 197.09883256392047), (1, 228.8279825846354), (5, 250.91450639204547), (4, 253.3622029622396), (0, 347.78548916903407), (3, 441.1746715198864)]","[(0, 1207.042236328125), (1, 864.9345092773438)]","[(4, 164.85484730113637), (1, 167.89467551491478), (5, 190.99136962890626), (2, 191.388671875), (3, 310.5774658203125), (0, 336.8465087890625)]","[(0, 7819.64599609375), (1, 5438.513671875)]"
367,"[(0, 1779.88232421875), (1, 2172.882080078125)]","[(0, 2618.488037109375), (1, 3061.175048828125)]","[(0, 8779.4052734375), (1, 5967.6357421875)]","[(0, 6710.68115234375), (1, 5652.2109375)]","[(0, 5712.638671875), (1, 3064.4638671875)]","[(0, 1521.71142578125), (1, 1698.979736328125)]","[(0, 19004.3046875), (1, 24651.5625)]","[(0, 926.5266723632812), (1, 596.09326171875)]","[(1, 337.4613560267857), (4, 349.1014927455357), (2, 368.02197265625), (5, 388.92337740384613), (0, 406.61801382211536), (3, 427.8500225360577)]","[(0, 5959.03125), (1, 3093.079345703125)]","[(4, 165.89180501302084), (1, 195.40849165482953), (3, 224.97074751420453), (0, 334.2895263671875), (5, 360.367578125), (2, 439.0397677951389)]","[(0, 5330.6796875), (1, 3549.38330078125)]","[(4, 142.63455403645833), (5, 192.41687950721155), (1, 198.57018103966345), (3, 219.00470842633928), (2, 286.16787997159093), (0, 296.30706787109375)]","[(0, 8980.2001953125), (1, 6380.408203125)]"
368,"[(0, 780.287353515625), (1, 896.1951293945312)]","[(0, 3599.125244140625), (1, 5054.4228515625)]","[(0, 11732.904296875), (1, 9017.9111328125)]","[(0, 5877.5595703125), (1, 6159.08349609375)]","[(0, 11513.8173828125), (1, 7215.3671875)]","[(0, 18563.16796875), (1, 20696.37109375)]","[(0, 28217.478515625), (1, 39031.58203125)]","[(0, 2710.8896484375), (1, 1415.5762939453125)]","[(2, 104.07498168945312), (1, 113.07808743990384), (5, 201.58653675426137), (4, 206.8579305013021), (0, 245.1494140625), (3, 502.23837890625)]","[(0, 18704.103515625), (1, 13713.8193359375)]","[(1, 170.83013044084822), (2, 177.42228816105768), (4, 188.83756510416666), (5, 200.7626065340909), (0, 284.50604248046875), (3, 381.2801513671875)]","[(0, 1458.3165283203125), (1, 970.2465209960938)]","[(4, 104.05512551700367), (1, 109.47914225260416), (5, 126.22188313802083), (3, 134.67770385742188), (0, 191.72642299107142), (2, 201.42042893629807)]","[(0, 9983.7919921875), (1, 7613.9072265625)]"
369,"[(0, 917.23388671875), (1, 1319.7509765625)]","[(0, 5750.06396484375), (1, 9660.7451171875)]","[(0, 6039.87548828125), (1, 8643.58984375)]","[(0, 5444.61669921875), (1, 4115.10302734375)]","[(0, 5282.2041015625), (1, 3448.2275390625)]","[(0, 7269.80810546875), (1, 6562.56591796875)]","[(0, 9432.330078125), (1, 8584.9990234375)]","[(0, 1710.1802978515625), (1, 1662.650390625)]","[(4, 46.855292825137866), (1, 50.41378604664522), (5, 77.390576171875), (3, 80.92315266927083), (2, 83.077392578125), (0, 85.07023111979167)]","[(0, 3989.635986328125), (1, 2853.760009765625)]","[(4, 446.193359375), (5, 462.5411487926136), (3, 551.2333096590909), (2, 579.1632191051136), (0, 669.2856001420455), (1, 671.19482421875)]","[(0, 3148.093017578125), (1, 2519.592529296875)]","[(1, 56.81599426269531), (4, 65.68125406901042), (2, 76.71540178571429), (5, 99.57515775240384), (0, 126.32578822544643), (3, 158.72742638221155)]","[(0, 19102.71875), (1, 15593.072265625)]"
370,"[(0, 1536.3905029296875), (1, 1965.90283203125)]","[(0, 3836.52099609375), (1, 5192.6005859375)]","[(0, 8005.09130859375), (1, 6708.29443359375)]","[(0, 9625.0908203125), (1, 8492.56640625)]","[(0, 4161.50244140625), (1, 3762.861328125)]","[(0, 4193.4580078125), (1, 3952.36083984375)]","[(0, 8270.5341796875), (1, 9021.0068359375)]","[(0, 1381.32666015625), (1, 772.3714599609375)]","[(1, 116.71598597935268), (4, 120.20478166852679), (0, 139.6492919921875), (2, 140.99909855769232), (3, 146.10318697415866), (5, 148.58531775841345)]","[(0, 1614.2122802734375), (1, 1130.707275390625)]","[(4, 402.1950927734375), (1, 404.57217684659093), (0, 471.0265625), (3, 536.0193142361111), (2, 618.08720703125), (5, 672.4220920138889)]","[(0, 1932.2384033203125), (1, 2047.8643798828125)]","[(1, 183.50095778245193), (4, 248.8532511393229), (0, 250.07682291666666), (2, 273.12135823567706), (3, 310.44393643465907), (5, 374.3350941051136)]","[(0, 3102.521240234375), (1, 2727.299072265625)]"
371,"[(0, 1437.5872802734375), (1, 1690.791259765625)]","[(0, 1993.3260498046875), (1, 2345.547119140625)]","[(0, 6435.4072265625), (1, 5454.47607421875)]","[(0, 8017.20849609375), (1, 8347.03125)]","[(0, 14686.2841796875), (1, 9011.2734375)]","[(0, 11256.9716796875), (1, 12395.2646484375)]","[(0, 9027.7880859375), (1, 14258.525390625)]","[(0, 903.6109619140625), (1, 833.3946533203125)]","[(1, 184.57210867745536), (2, 205.40256911057693), (0, 207.6417032877604), (4, 214.633056640625), (3, 245.209375), (5, 252.79587624289772)]","[(0, 4613.18212890625), (1, 2206.169921875)]","[(1, 962.7863991477273), (4, 1039.8346058238637), (2, 1179.493359375), (5, 1240.66181640625), (0, 1543.19833984375), (3, 1643.5095703125)]","[(0, 647.6450805664062), (1, 668.9610595703125)]","[(1, 59.58791242327009), (2, 65.28871976412259), (4, 127.76614379882812), (0, 135.76558430989584), (5, 150.4877596768466), (3, 343.883837890625)]","[(0, 14901.1513671875), (1, 10291.541015625)]"
372,"[(0, 1207.0577392578125), (1, 1377.0802001953125)]","[(0, 507.32952880859375), (1, 658.2736206054688)]","[(0, 5738.5322265625), (1, 5193.36279296875)]","[(0, 5875.4638671875), (1, 5384.1005859375)]","[(0, 5401.7724609375), (1, 3703.149658203125)]","[(0, 9792.3505859375), (1, 10285.26171875)]","[(0, 8211.40234375), (1, 11907.5595703125)]","[(0, 1363.38037109375), (1, 1904.448974609375)]","[(1, 258.4640925480769), (2, 279.37648518880206), (4, 330.5935621995192), (5, 363.5856119791667), (0, 433.10107421875), (3, 539.85693359375)]","[(0, 3723.4482421875), (1, 4284.82861328125)]","[(2, 77.75372314453125), (1, 81.60533142089844), (4, 94.2981948852539), (5, 100.61427525111607), (0, 135.60878208705358), (3, 175.49984305245536)]","[(0, 2322.74169921875), (1, 1966.481201171875)]","[(1, 33.43089803059896), (2, 37.900460379464285), (5, 43.76844670222356), (4, 53.745269775390625), (0, 78.1411884014423), (3, 102.99891153971355)]","[(0, 13012.5810546875), (1, 9361.6396484375)]"
373,"[(0, 1153.97216796875), (1, 1361.4560546875)]","[(0, 2060.91259765625), (1, 2985.467529296875)]","[(0, 4304.66064453125), (1, 3735.49853515625)]","[(0, 5252.43603515625), (1, 4222.87841796875)]","[(0, 2664.2392578125), (1, 2008.6572265625)]","[(0, 13747.9580078125), (1, 11948.681640625)]","[(0, 5309.56787109375), (1, 4707.70556640625)]","[(0, 1239.1334228515625), (1, 1404.4161376953125)]","[(1, 90.38240269252232), (2, 97.9427959735577), (4, 131.41551795372595), (5, 146.001708984375), (0, 197.7540486653646), (3, 286.2047230113636)]","[(0, 1152.1082763671875), (1, 928.4203491210938)]","[(4, 237.0058390299479), (1, 241.42129952566964), (0, 302.71360270182294), (3, 324.0805419921875), (2, 325.1997821514423), (5, 347.4165704900568)]","[(0, 3549.9619140625), (1, 1937.154541015625)]","[(4, 80.48578643798828), (1, 108.85202462332589), (5, 112.67828369140625), (3, 118.19283854166666), (0, 182.74538010817307), (2, 183.6505330403646)]","[(0, 10678.978515625), (1, 8695.0322265625)]"
374,"[(0, 941.0092163085938), (1, 1071.44677734375)]","[(0, 653.1415405273438), (1, 747.8085327148438)]","[(0, 19230.962890625), (1, 15602.6669921875)]","[(0, 9457.7490234375), (1, 7436.03515625)]","[(0, 4993.408203125), (1, 3383.44580078125)]","[(0, 9471.9833984375), (1, 8411.82421875)]","[(0, 4861.63916015625), (1, 5793.91845703125)]","[(0, 2586.16943359375), (1, 2000.4398193359375)]","[(2, 83.81269182477679), (1, 88.17277018229167), (4, 167.54195731026786), (5, 171.4080528846154), (0, 189.42506760817307), (3, 354.3140055338542)]","[(0, 640.1679077148438), (1, 458.1140441894531)]","[(4, 204.17867431640624), (5, 229.53274197048611), (3, 248.15462239583334), (1, 315.8510076349432), (2, 349.7198974609375), (0, 397.59091796875)]","[(0, 1367.5213623046875), (1, 1033.536865234375)]","[(1, 40.72309288611779), (4, 50.1042734781901), (2, 52.18085734049479), (5, 68.56262761896306), (0, 120.28800825639205), (3, 175.58726806640624)]","[(0, 17081.337890625), (1, 14458.0986328125)]"
375,"[(0, 1681.9027099609375), (1, 2061.756103515625)]","[(0, 1003.3238525390625), (1, 1282.1142578125)]","[(0, 19236.373046875), (1, 15147.8828125)]","[(0, 6261.41064453125), (1, 6092.96142578125)]","[(0, 4343.54345703125), (1, 3374.731689453125)]","[(0, 7227.556640625), (1, 7874.14013671875)]","[(0, 12527.19921875), (1, 16694.134765625)]","[(0, 951.5836181640625), (1, 697.0228881835938)]","[(1, 796.972412109375), (4, 844.689697265625), (2, 884.4855291193181), (5, 968.2826704545455), (0, 1030.9144176136363), (3, 1114.0296519886363)]","[(0, 6149.7099609375), (1, 5007.69091796875)]","[(1, 396.218408203125), (4, 401.7615478515625), (2, 410.3125271267361), (5, 420.8551974826389), (0, 630.0696614583334), (3, 645.24755859375)]","[(0, 3027.1044921875), (1, 2601.976318359375)]","[(1, 236.33644456129807), (2, 262.6099039713542), (0, 331.73488362630206), (4, 367.4489339192708), (5, 401.9378551136364), (3, 505.31600674715907)]","[(0, 20249.68359375), (1, 15178.7861328125)]"
376,"[(0, 1114.8580322265625), (1, 1260.6807861328125)]","[(0, 783.6072998046875), (1, 809.1045532226562)]","[(0, 32469.16796875), (1, 31887.86328125)]","[(0, 5769.7783203125), (1, 4553.9873046875)]","[(0, 3834.670166015625), (1, 2952.263427734375)]","[(0, 12406.8671875), (1, 14042.8896484375)]","[(0, 12325.4814453125), (1, 16519.984375)]","[(0, 2311.875244140625), (1, 1547.0361328125)]","[(4, 42.59990310668945), (1, 50.904423014322916), (3, 52.94737141927083), (0, 59.62952096121652), (5, 65.40118844168526), (2, 82.19053297776442)]","[(0, 4573.96142578125), (1, 2930.4091796875)]","[(4, 168.67784627278647), (2, 170.81444202769887), (5, 216.9505282315341), (1, 222.12223307291666), (0, 281.02687766335225), (3, 353.09761186079544)]","[(0, 2174.78125), (1, 1982.7950439453125)]","[(4, 142.8502960205078), (5, 168.20467703683036), (1, 170.17449079241072), (3, 172.30830078125), (2, 240.31424967447916), (0, 254.64100060096155)]","[(0, 10791.265625), (1, 8043.154296875)]"
377,"[(0, 1170.375244140625), (1, 1369.1766357421875)]","[(0, 907.525634765625), (1, 1000.8372802734375)]","[(0, 13899.7373046875), (1, 11098.345703125)]","[(0, 16162.865234375), (1, 15621.232421875)]","[(0, 11302.0224609375), (1, 6069.3291015625)]","[(0, 15835.42578125), (1, 13927.4150390625)]","[(0, 3836.319580078125), (1, 3666.794921875)]","[(0, 4763.9248046875), (1, 3249.44287109375)]","[(4, 374.6608220880682), (5, 424.873193359375), (1, 478.55229048295456), (3, 502.10712890625), (2, 549.6013671875), (0, 669.03984375)]","[(0, 3192.29638671875), (1, 4093.165283203125)]","[(4, 148.37916782924108), (3, 162.96235148111978), (1, 186.26960100446428), (0, 223.6565144856771), (5, 272.0480143229167), (2, 361.816650390625)]","[(0, 1217.771484375), (1, 1076.149658203125)]","[(1, 36.45268079969618), (5, 49.57542509191177), (4, 51.39413934004934), (2, 54.992374420166016), (3, 70.89162310431985), (0, 74.9533462524414)]","[(0, 1485.0009765625), (1, 1282.3544921875)]"
378,"[(0, 1152.772705078125), (1, 1363.0546875)]","[(0, 2599.902587890625), (1, 3447.290283203125)]","[(0, 13306.677734375), (1, 11688.56640625)]","[(0, 6023.544921875), (1, 6179.20458984375)]","[(0, 9889.5888671875), (1, 5542.47998046875)]","[(0, 7709.1181640625), (1, 7569.88671875)]","[(0, 14957.1484375), (1, 16425.333984375)]","[(0, 3823.69287109375), (1, 2538.0078125)]","[(4, 189.7199910481771), (5, 204.0890447443182), (3, 254.9800692471591), (1, 276.3898518880208), (2, 310.8800603693182), (0, 387.4943181818182)]","[(0, 6056.3828125), (1, 3072.060302734375)]","[(2, 140.25997924804688), (4, 166.44069260817307), (5, 167.26817830403647), (1, 182.44185697115384), (0, 224.57759602864584), (3, 267.9071858723958)]","[(0, 3237.843017578125), (1, 2295.621826171875)]","[(1, 45.79916920381434), (2, 63.222294108072916), (4, 79.14983367919922), (0, 89.5254150390625), (5, 99.42520577566964), (3, 142.23446219308036)]","[(0, 2512.766845703125), (1, 2330.336669921875)]"
379,"[(0, 746.0231323242188), (1, 889.0233154296875)]","[(0, 3657.459716796875), (1, 5749.28515625)]","[(0, 16540.083984375), (1, 14394.3037109375)]","[(0, 1976.42333984375), (1, 1987.5194091796875)]","[(0, 9208.533203125), (1, 5010.15087890625)]","[(0, 3401.086669921875), (1, 3542.45068359375)]","[(0, 7511.93017578125), (1, 8603.2265625)]","[(0, 5311.892578125), (1, 4224.56640625)]","[(2, 51.54471435546875), (1, 54.49187469482422), (0, 76.22140066964286), (4, 87.88103376116071), (5, 89.36011681189903), (3, 176.1865030924479)]","[(0, 1219.6060791015625), (1, 1852.5718994140625)]","[(4, 124.06824747721355), (3, 146.2680331143466), (0, 163.80672200520834), (5, 168.8187588778409), (2, 190.7772013346354), (1, 252.72804612379807)]","[(0, 1213.87841796875), (1, 1253.5606689453125)]","[(1, 47.715855189732146), (4, 61.747416178385414), (3, 64.03353881835938), (0, 69.94427959735577), (5, 95.2875507061298), (2, 99.66012573242188)]","[(0, 9935.2001953125), (1, 7208.56494140625)]"
380,"[(0, 1317.8631591796875), (1, 1572.53173828125)]","[(0, 2807.156982421875), (1, 3868.141845703125)]","[(0, 7065.9033203125), (1, 4640.4248046875)]","[(0, 5313.4580078125), (1, 4490.8603515625)]","[(0, 2985.43896484375), (1, 2507.3388671875)]","[(0, 17978.865234375), (1, 18808.7109375)]","[(0, 16913.06640625), (1, 19245.25390625)]","[(0, 3374.4970703125), (1, 2870.798828125)]","[(4, 154.66298264723557), (5, 185.2677001953125), (1, 192.891357421875), (3, 201.01385498046875), (2, 229.8121134440104), (0, 251.85223388671875)]","[(0, 2314.89453125), (1, 1913.5938720703125)]","[(2, 72.81017049153645), (1, 77.41745699368991), (5, 114.81728108723958), (4, 117.2411358173077), (0, 198.551513671875), (3, 331.49802468039775)]","[(0, 1550.4117431640625), (1, 1312.2252197265625)]","[(4, 324.0758870442708), (5, 359.68022017045456), (1, 404.49072265625), (3, 416.49729225852275), (2, 469.4900568181818), (0, 541.5720436789773)]","[(0, 4311.04931640625), (1, 3626.222412109375)]"
381,"[(0, 1361.236572265625), (1, 1636.4285888671875)]","[(0, 1259.5120849609375), (1, 1504.786376953125)]","[(0, 7242.31591796875), (1, 5575.70458984375)]","[(0, 6843.14208984375), (1, 6340.7490234375)]","[(0, 3933.296630859375), (1, 3423.37744140625)]","[(0, 9536.4365234375), (1, 9218.083984375)]","[(0, 8013.30224609375), (1, 7780.94873046875)]","[(0, 1967.2672119140625), (1, 1967.2042236328125)]","[(1, 95.26714324951172), (2, 115.61653645833333), (4, 116.96109212239584), (0, 128.5208740234375), (5, 157.08316476004464), (3, 159.75873272235577)]","[(0, 5420.1376953125), (1, 3268.002685546875)]","[(4, 29.778535842895508), (2, 30.384761265345983), (1, 33.33877182006836), (5, 36.55143301827567), (0, 40.75823974609375), (3, 50.099086216517854)]","[(0, 2000.9921875), (1, 1590.5638427734375)]","[(4, 162.74066162109375), (5, 200.61705433238637), (3, 224.63148082386363), (1, 246.6941121419271), (2, 323.0875133167614), (0, 359.03764204545456)]","[(0, 14695.9375), (1, 10734.5556640625)]"
382,"[(0, 1299.7913818359375), (1, 1828.3592529296875)]","[(0, 2259.38720703125), (1, 3315.717041015625)]","[(0, 5820.28564453125), (1, 5724.806640625)]","[(0, 6047.8525390625), (1, 5524.88525390625)]","[(0, 12712.5146484375), (1, 7610.5458984375)]","[(0, 3316.542236328125), (1, 3077.972412109375)]","[(0, 22919.5234375), (1, 24955.2109375)]","[(0, 2786.628173828125), (1, 1993.4638671875)]","[(2, 126.11288686899039), (1, 127.69486781529018), (0, 211.6392618815104), (4, 297.47471110026044), (5, 298.42578125), (3, 538.99267578125)]","[(0, 3196.466796875), (1, 1931.536376953125)]","[(2, 123.69240897042411), (1, 125.1939926147461), (4, 134.6534881591797), (5, 162.43873814174108), (0, 174.106689453125), (3, 230.69866071428572)]","[(0, 6268.32958984375), (1, 4188.76953125)]","[(1, 51.48367106119792), (4, 69.11171613420758), (2, 76.61398080679086), (0, 92.51718374399039), (5, 118.15310668945312), (3, 143.9389851888021)]","[(0, 15459.5888671875), (1, 11184.3994140625)]"
383,"[(0, 1947.4385986328125), (1, 2659.578369140625)]","[(0, 2560.410400390625), (1, 4163.55126953125)]","[(0, 12396.70703125), (1, 9403.185546875)]","[(0, 6185.7958984375), (1, 6616.47802734375)]","[(0, 5283.66552734375), (1, 3084.154541015625)]","[(0, 9316.1474609375), (1, 10009.8955078125)]","[(0, 7778.25537109375), (1, 7130.63232421875)]","[(0, 3827.023681640625), (1, 2808.262939453125)]","[(1, 257.5605656550481), (2, 312.17360432942706), (4, 329.7248347355769), (0, 372.2731119791667), (5, 403.72802734375), (3, 497.3210042317708)]","[(0, 1841.5098876953125), (1, 1470.4300537109375)]","[(1, 52.43163626534598), (2, 55.20176696777344), (4, 82.23045131138393), (5, 96.33695475260417), (0, 118.56113688151042), (3, 214.4466756184896)]","[(0, 3281.500244140625), (1, 2695.89892578125)]","[(1, 146.53810337611608), (4, 149.22633713942307), (2, 189.24710787259616), (5, 213.65922037760416), (0, 288.47804768880206), (3, 296.1214710582386)]","[(0, 16357.693359375), (1, 12031.2734375)]"
384,"[(0, 1089.7877197265625), (1, 1293.28564453125)]","[(0, 2213.356201171875), (1, 3370.5537109375)]","[(0, 6435.01416015625), (1, 5232.6572265625)]","[(0, 7245.396484375), (1, 7605.57568359375)]","[(0, 2843.248291015625), (1, 2464.522705078125)]","[(0, 15144.228515625), (1, 16290.1455078125)]","[(0, 17632.115234375), (1, 18882.216796875)]","[(0, 1843.011962890625), (1, 2380.577392578125)]","[(4, 128.07470703125), (5, 133.2071533203125), (1, 138.927490234375), (2, 142.01019756610577), (3, 156.76274226262018), (0, 173.39034329927884)]","[(0, 3281.459716796875), (1, 2241.65576171875)]","[(4, 321.7425944010417), (5, 398.05490944602275), (3, 406.1451526988636), (1, 567.4733072916666), (2, 727.6168767755681), (0, 770.5972123579545)]","[(0, 1914.69287109375), (1, 2082.48828125)]","[(4, 218.66032527043268), (5, 221.7907511393229), (3, 269.68544514973956), (1, 279.6787923177083), (2, 287.11152787642044), (0, 341.29268022017044)]","[(0, 9659.0869140625), (1, 7322.44677734375)]"
385,"[(0, 965.9207153320312), (1, 1144.32373046875)]","[(0, 1002.81689453125), (1, 1172.9234619140625)]","[(0, 3428.44482421875), (1, 3105.306884765625)]","[(0, 10355.83203125), (1, 11682.9501953125)]","[(0, 2856.352294921875), (1, 2692.992919921875)]","[(0, 9108.5087890625), (1, 8583.21484375)]","[(0, 11899.9189453125), (1, 10684.6220703125)]","[(0, 1595.2374267578125), (1, 846.4819946289062)]","[(5, 212.4139892578125), (4, 218.7355069247159), (2, 227.580078125), (1, 230.61217151988637), (3, 260.9310546875), (0, 277.222705078125)]","[(0, 1669.8328857421875), (1, 1070.2867431640625)]","[(2, 115.99034772600446), (1, 154.480322265625), (0, 163.25676081730768), (4, 181.13795823317307), (5, 220.10465494791666), (3, 331.26322798295456)]","[(0, 4743.271484375), (1, 3653.30078125)]","[(5, 79.20479038783482), (1, 79.44260079520089), (4, 91.14347839355469), (2, 99.75692749023438), (3, 103.60809733072917), (0, 129.3172325721154)]","[(0, 3154.142333984375), (1, 2601.9228515625)]"
386,"[(0, 1207.9190673828125), (1, 1315.1812744140625)]","[(0, 274.08758544921875), (1, 239.89715576171875)]","[(0, 14040.572265625), (1, 11005.4794921875)]","[(0, 4016.95263671875), (1, 5803.3525390625)]","[(0, 10285.4384765625), (1, 5800.89599609375)]","[(0, 3146.238037109375), (1, 3093.22412109375)]","[(0, 6596.78857421875), (1, 7213.4541015625)]","[(0, 1596.8150634765625), (1, 1839.04833984375)]","[(4, 147.96484375), (5, 168.74939903846155), (3, 173.06281926081732), (1, 187.2515625), (2, 208.54961286272322), (0, 215.04976981026786)]","[(0, 6760.92724609375), (1, 4171.28515625)]","[(1, 126.4233867938702), (2, 152.14437866210938), (4, 164.51763916015625), (5, 197.04931640625), (0, 344.5223277698864), (3, 482.98681640625)]","[(0, 2914.28515625), (1, 1808.6812744140625)]","[(1, 43.700398763020836), (4, 45.207051595052086), (2, 87.83224722055289), (5, 95.0055401141827), (0, 113.016845703125), (3, 118.39979905348558)]","[(0, 2018.4381103515625), (1, 1816.2591552734375)]"
387,"[(0, 990.9385375976562), (1, 1111.6458740234375)]","[(0, 679.3265380859375), (1, 1266.799560546875)]","[(0, 2905.262451171875), (1, 1937.444580078125)]","[(0, 16007.2890625), (1, 13740.2763671875)]","[(0, 8860.3720703125), (1, 4865.3544921875)]","[(0, 10640.6923828125), (1, 11228.376953125)]","[(0, 7030.00439453125), (1, 13942.6455078125)]","[(0, 1572.064697265625), (1, 1441.86279296875)]","[(4, 82.76402064732143), (1, 93.06549944196429), (3, 125.23202514648438), (0, 147.73843383789062), (5, 161.64651489257812), (2, 192.78438313802084)]","[(0, 2233.225341796875), (1, 2183.454345703125)]","[(4, 451.427099609375), (5, 475.85199652777777), (1, 527.292822265625), (2, 558.0101453993055), (3, 788.6641710069445), (0, 946.4871961805555)]","[(0, 1952.4642333984375), (1, 1883.3720703125)]","[(1, 92.51526750837054), (4, 115.33975655691964), (5, 130.81495079627405), (2, 131.227783203125), (3, 141.00885479266827), (0, 141.66439115084134)]","[(0, 15512.650390625), (1, 11364.375)]"
388,"[(0, 1172.944091796875), (1, 1418.0665283203125)]","[(0, 1029.5865478515625), (1, 2200.705322265625)]","[(0, 19588.94921875), (1, 21019.3828125)]","[(0, 24628.158203125), (1, 19110.388671875)]","[(0, 3428.117919921875), (1, 3001.9091796875)]","[(0, 25372.3828125), (1, 26605.578125)]","[(0, 5487.69091796875), (1, 8335.0830078125)]","[(0, 2740.5830078125), (1, 2670.78369140625)]","[(4, 38.27868293313419), (1, 50.852210998535156), (5, 55.04839274088542), (3, 65.74583740234375), (2, 75.43634905133929), (0, 93.78492082868304)]","[(0, 3510.47802734375), (1, 2390.72998046875)]","[(4, 55.015049525669646), (3, 83.4229736328125), (1, 83.57680257161458), (5, 105.66519165039062), (0, 138.6942138671875), (2, 184.9631591796875)]","[(0, 9376.4013671875), (1, 4659.45751953125)]","[(3, 75.38069661458333), (1, 103.4971923828125), (4, 107.59111022949219), (0, 126.89745221819196), (5, 143.45465087890625), (2, 250.18657977764423)]","[(0, 12697.8173828125), (1, 9689.84765625)]"
389,"[(0, 1072.1357421875), (1, 1280.3590087890625)]","[(0, 803.1265869140625), (1, 1436.45458984375)]","[(0, 6740.3203125), (1, 7387.60205078125)]","[(0, 36596.3515625), (1, 27209.12109375)]","[(0, 2382.24658203125), (1, 1941.307373046875)]","[(0, 12303.955078125), (1, 12481.3125)]","[(0, 14763.1396484375), (1, 14219.212890625)]","[(0, 3627.986328125), (1, 2382.849609375)]","[(2, 70.2431411743164), (1, 79.90380859375), (5, 137.34637044270832), (4, 147.43385314941406), (0, 154.63001302083333), (3, 288.8729248046875)]","[(0, 1158.7095947265625), (1, 1376.8865966796875)]","[(4, 85.1705322265625), (3, 129.30476888020834), (5, 143.55650745738637), (1, 184.86873002485797), (0, 332.2306884765625), (2, 371.33753797743054)]","[(0, 4228.544921875), (1, 2497.240966796875)]","[(1, 106.14121791294643), (2, 118.373046875), (5, 136.49124581473214), (4, 182.08533528645833), (0, 192.53434870793268), (3, 193.42918178013392)]","[(0, 2611.134033203125), (1, 2418.9296875)]"
390,"[(0, 1605.7415771484375), (1, 2023.8206787109375)]","[(0, 523.1978759765625), (1, 774.9944458007812)]","[(0, 19033.70703125), (1, 10190.7783203125)]","[(0, 20337.318359375), (1, 15788.935546875)]","[(0, 17980.802734375), (1, 10969.37109375)]","[(0, 6171.578125), (1, 5872.96484375)]","[(0, 9006.3671875), (1, 9287.58203125)]","[(0, 2301.1376953125), (1, 2262.815673828125)]","[(2, 107.69564115084134), (1, 113.41754150390625), (5, 217.85904947916666), (4, 231.04518479567307), (0, 317.09747314453125), (3, 709.8776189630681)]","[(0, 1443.7437744140625), (1, 1578.6065673828125)]","[(4, 77.42021942138672), (3, 89.3636474609375), (5, 108.85939243861607), (0, 151.59040715144232), (1, 153.91993931361608), (2, 187.83319091796875)]","[(0, 1531.0809326171875), (1, 1472.1165771484375)]","[(4, 39.790043131510416), (1, 40.374276297433035), (3, 45.563363211495535), (5, 57.31772085336539), (0, 64.043212890625), (2, 84.40196736653645)]","[(0, 7994.9140625), (1, 5600.99853515625)]"
391,"[(0, 1584.4993896484375), (1, 2181.6748046875)]","[(0, 490.67437744140625), (1, 765.7913208007812)]","[(0, 4157.4130859375), (1, 3178.465087890625)]","[(0, 4790.029296875), (1, 4177.29638671875)]","[(0, 12890.4990234375), (1, 7312.11181640625)]","[(0, 10448.126953125), (1, 11329.9189453125)]","[(0, 6301.3125), (1, 5639.39599609375)]","[(0, 3226.7119140625), (1, 3397.106201171875)]","[(3, 49.634944661458334), (4, 51.47726058959961), (1, 59.30950113932292), (0, 63.422777448381694), (5, 70.88235037667411), (2, 93.87872783954327)]","[(0, 3548.012451171875), (1, 3621.107666015625)]","[(2, 204.29861886160714), (1, 220.11861979166667), (5, 321.41811116536456), (0, 332.654296875), (4, 371.13097205528845), (3, 559.9369229403409)]","[(0, 1384.767822265625), (1, 1355.935546875)]","[(4, 300.7342122395833), (1, 358.7484130859375), (3, 445.22762784090907), (5, 477.39266690340907), (0, 533.4585404829545), (2, 569.5161576704545)]","[(0, 15541.8671875), (1, 10859.4443359375)]"
392,"[(0, 1392.3311767578125), (1, 1662.8255615234375)]","[(0, 700.3084106445312), (1, 1237.2022705078125)]","[(0, 12452.384765625), (1, 10673.7041015625)]","[(0, 13113.1513671875), (1, 11580.6728515625)]","[(0, 18048.09765625), (1, 10716.1337890625)]","[(0, 19486.28515625), (1, 20747.751953125)]","[(0, 2829.49365234375), (1, 3216.158935546875)]","[(0, 3122.0068359375), (1, 1759.802978515625)]","[(1, 36.792201450892854), (4, 41.295654296875), (2, 53.98793029785156), (5, 65.31555684407552), (0, 74.12909444173177), (3, 87.41270955403645)]","[(0, 786.8381958007812), (1, 657.33984375)]","[(4, 137.48497663225447), (1, 138.86421086237982), (2, 164.1350985440341), (5, 166.7684326171875), (3, 335.11431884765625), (0, 361.5076349431818)]","[(0, 1649.5872802734375), (1, 1662.35791015625)]","[(1, 49.18697940602022), (3, 71.01533726283482), (0, 72.25089518229167), (4, 73.60393524169922), (2, 94.7678955078125), (5, 105.82349504743304)]","[(0, 5195.06201171875), (1, 4579.20751953125)]"
393,"[(0, 1278.3026123046875), (1, 1477.01025390625)]","[(0, 695.8078002929688), (1, 1023.388916015625)]","[(0, 5898.25732421875), (1, 3962.61474609375)]","[(0, 14666.6484375), (1, 14176.2509765625)]","[(0, 13363.548828125), (1, 7628.1162109375)]","[(0, 20855.888671875), (1, 20125.142578125)]","[(0, 9113.9228515625), (1, 7633.74853515625)]","[(0, 6966.4345703125), (1, 5655.32177734375)]","[(4, 185.37355735085228), (5, 213.652294921875), (1, 223.3800381747159), (2, 256.9958251953125), (3, 289.6137451171875), (0, 354.476904296875)]","[(0, 4430.20068359375), (1, 3225.426025390625)]","[(3, 178.04664963942307), (4, 182.64686802455358), (1, 367.5810546875), (5, 384.8768310546875), (0, 396.4134410511364), (2, 974.21533203125)]","[(0, 4393.10107421875), (1, 2654.130859375)]","[(1, 39.89947848849826), (2, 55.517189025878906), (4, 60.4077938304228), (5, 67.31031087239583), (0, 72.32797241210938), (3, 83.104736328125)]","[(0, 15206.8369140625), (1, 12152.1572265625)]"
394,"[(0, 1139.55712890625), (1, 1309.9351806640625)]","[(0, 621.7330932617188), (1, 517.1223754882812)]","[(0, 12346.2578125), (1, 11747.7060546875)]","[(0, 5608.1337890625), (1, 6530.79931640625)]","[(0, 7650.66455078125), (1, 7390.30078125)]","[(0, 15196.15234375), (1, 14507.2412109375)]","[(0, 7838.10986328125), (1, 8773.822265625)]","[(0, 3222.92578125), (1, 2892.040283203125)]","[(1, 263.80153111049106), (2, 283.33203125), (0, 312.82897010216345), (4, 357.26258263221155), (5, 425.7310384114583), (3, 471.4462890625)]","[(0, 3647.045166015625), (1, 5539.224609375)]","[(4, 103.85234375), (1, 116.53836495535714), (3, 163.76707106370193), (5, 183.5707068810096), (0, 189.3360799153646), (2, 211.08414713541666)]","[(0, 1584.3294677734375), (1, 1598.503173828125)]","[(1, 52.285657610212056), (4, 52.731770833333336), (2, 54.984822591145836), (5, 59.81199763371394), (0, 113.79883829752605), (3, 114.4589092548077)]","[(0, 3164.093505859375), (1, 2927.466552734375)]"
395,"[(0, 1049.7540283203125), (1, 1219.7822265625)]","[(0, 1584.7186279296875), (1, 1918.5806884765625)]","[(0, 8180.3720703125), (1, 8236.806640625)]","[(0, 5756.466796875), (1, 5158.400390625)]","[(0, 4273.5576171875), (1, 2940.375244140625)]","[(0, 13445.6845703125), (1, 14284.412109375)]","[(0, 6975.14990234375), (1, 6363.994140625)]","[(0, 2617.129638671875), (1, 2446.9951171875)]","[(4, 60.03154296875), (1, 65.41966145833334), (5, 108.85870830829327), (3, 115.15042818509616), (2, 121.9940655048077), (0, 126.03665865384616)]","[(0, 12699.2578125), (1, 5299.12744140625)]","[(2, 121.237060546875), (1, 133.27941022600447), (0, 222.0145467122396), (4, 327.4513346354167), (5, 333.98171164772725), (3, 854.8537109375)]","[(0, 2203.66748046875), (1, 2180.124267578125)]","[(1, 69.7931387765067), (2, 77.93875356820914), (4, 150.62056477864584), (0, 153.74457804361978), (5, 190.80351118607953), (3, 386.9016357421875)]","[(0, 13745.0859375), (1, 10670.263671875)]"
396,"[(0, 1253.094482421875), (1, 1492.3265380859375)]","[(0, 2583.249755859375), (1, 3530.986572265625)]","[(0, 4628.83984375), (1, 2980.54150390625)]","[(0, 7726.4072265625), (1, 7391.80224609375)]","[(0, 3529.51513671875), (1, 2260.1015625)]","[(0, 12593.4169921875), (1, 13556.8017578125)]","[(0, 5276.72119140625), (1, 5800.685546875)]","[(0, 885.6451416015625), (1, 688.6852416992188)]","[(1, 76.33714076450893), (2, 80.16012807992789), (0, 170.11563110351562), (4, 184.19551595052084), (5, 201.5630770596591), (3, 614.800341796875)]","[(0, 1962.742431640625), (1, 1517.5311279296875)]","[(1, 277.7591441761364), (4, 348.7194158380682), (2, 365.0330078125), (0, 431.271435546875), (5, 465.247265625), (3, 552.020849609375)]","[(0, 6117.4912109375), (1, 2509.228515625)]","[(4, 180.6715291341146), (1, 211.35225423177084), (5, 250.1442205255682), (2, 303.0897327769886), (3, 347.8963068181818), (0, 404.9280450994318)]","[(0, 5820.89599609375), (1, 4963.03759765625)]"
397,"[(0, 812.8892211914062), (1, 1079.2911376953125)]","[(0, 1726.0673828125), (1, 1966.876953125)]","[(0, 1543.29833984375), (1, 1031.494140625)]","[(0, 2783.480712890625), (1, 3729.998291015625)]","[(0, 1999.3602294921875), (1, 1957.2032470703125)]","[(0, 13182.1640625), (1, 11760.25)]","[(0, 4812.66748046875), (1, 5405.41064453125)]","[(0, 1124.510009765625), (1, 798.0508422851562)]","[(3, 79.1704813639323), (4, 80.94793231670673), (1, 111.67193134014423), (0, 120.36810302734375), (5, 175.07560591264203), (2, 257.8474786931818)]","[(0, 2410.869140625), (1, 2978.322265625)]","[(4, 117.65847543569711), (5, 131.79542032877603), (3, 151.9631144205729), (2, 188.7584431966146), (1, 202.22947340745193), (0, 222.1897989908854)]","[(0, 1745.4071044921875), (1, 1820.5963134765625)]","[(1, 157.02427321213943), (2, 175.0130818684896), (4, 184.01483154296875), (5, 212.36072887073863), (0, 374.10600142045456), (3, 505.0072265625)]","[(0, 18078.158203125), (1, 13176.947265625)]"
398,"[(0, 1404.053955078125), (1, 1641.078857421875)]","[(0, 868.3148193359375), (1, 873.2222290039062)]","[(0, 11696.3046875), (1, 8354.0546875)]","[(0, 8151.85302734375), (1, 10482.310546875)]","[(0, 4996.14208984375), (1, 4863.1650390625)]","[(0, 4147.50048828125), (1, 3874.466064453125)]","[(0, 4105.86376953125), (1, 4500.0478515625)]","[(0, 1525.0572509765625), (1, 1186.5667724609375)]","[(4, 151.54330008370536), (3, 179.99455378605768), (1, 226.97603665865384), (5, 266.6050211588542), (0, 316.83266194661456), (2, 443.5519353693182)]","[(0, 4352.07275390625), (1, 4429.57958984375)]","[(2, 206.4017333984375), (1, 211.56139197716345), (4, 394.5653076171875), (5, 397.5006658380682), (0, 464.9319513494318), (3, 950.7931640625)]","[(0, 4693.46826171875), (1, 2837.0810546875)]","[(4, 101.9872295673077), (2, 102.23964280348558), (1, 103.78826032366071), (5, 103.96798706054688), (0, 192.3205362955729), (3, 206.5819424715909)]","[(0, 3209.849609375), (1, 2981.913330078125)]"
399,"[(0, 1514.9342041015625), (1, 1793.39990234375)]","[(0, 248.81324768066406), (1, 318.07952880859375)]","[(0, 14296.6494140625), (1, 9855.3369140625)]","[(0, 4236.2822265625), (1, 4642.37646484375)]","[(0, 12128.560546875), (1, 6987.14697265625)]","[(0, 6737.46044921875), (1, 7419.93359375)]","[(0, 7114.42529296875), (1, 5566.6884765625)]","[(0, 1044.7479248046875), (1, 847.8816528320312)]","[(4, 49.88611275809152), (3, 52.69967416616586), (5, 92.84085083007812), (1, 119.56944783528645), (0, 138.20210404829547), (2, 266.1577880859375)]","[(0, 7372.8916015625), (1, 3908.80712890625)]","[(4, 108.4271709735577), (5, 134.46516927083334), (2, 146.911865234375), (1, 163.22896634615384), (3, 174.6720987955729), (0, 195.57645670572916)]","[(0, 6311.169921875), (1, 2979.325439453125)]","[(1, 37.3959171070772), (2, 56.19071044921875), (0, 62.31663411458333), (4, 62.36312484741211), (5, 72.84092058454242), (3, 76.74716622488839)]","[(0, 1766.282958984375), (1, 1522.4451904296875)]"
400,"[(0, 1316.5196533203125), (1, 1515.9364013671875)]","[(0, 346.5267639160156), (1, 331.3813781738281)]","[(0, 4201.587890625), (1, 4107.3359375)]","[(0, 3713.4267578125), (1, 2976.2470703125)]","[(0, 5893.921875), (1, 3355.079833984375)]","[(0, 2010.3560791015625), (1, 2273.57177734375)]","[(0, 12457.244140625), (1, 12227.068359375)]","[(0, 6595.9521484375), (1, 5286.08984375)]","[(4, 81.26923828125), (3, 97.41245814732143), (5, 122.20366962139423), (1, 137.08504544771634), (0, 175.61832682291666), (2, 231.1944025213068)]","[(0, 1589.1112060546875), (1, 777.9805297851562)]","[(4, 161.81742350260416), (1, 163.65291341145834), (2, 182.4297429865057), (5, 182.7893732244318), (3, 247.842041015625), (0, 259.48679421164775)]","[(0, 1977.0670166015625), (1, 1608.1536865234375)]","[(2, 185.93980994591345), (1, 197.14100864955358), (0, 304.748779296875), (5, 315.9766290838068), (4, 324.4163411458333), (3, 599.7984375)]","[(0, 4761.82666015625), (1, 4360.7392578125)]"
401,"[(0, 1046.2320556640625), (1, 1172.3475341796875)]","[(0, 706.3531494140625), (1, 718.095458984375)]","[(0, 7076.72705078125), (1, 4933.92431640625)]","[(0, 5571.30908203125), (1, 4985.751953125)]","[(0, 3945.939208984375), (1, 3810.060791015625)]","[(0, 2985.424560546875), (1, 2534.699951171875)]","[(0, 7661.08349609375), (1, 6626.99267578125)]","[(0, 1510.9576416015625), (1, 1233.994140625)]","[(4, 68.09315400965073), (3, 88.81478881835938), (1, 98.51953125), (5, 110.35305989583334), (0, 130.34108189174108), (2, 168.84172175480768)]","[(0, 3650.800048828125), (1, 2654.997802734375)]","[(4, 165.9002967247596), (1, 176.62300931490384), (5, 198.97347005208334), (2, 233.3487752278646), (3, 234.2988077799479), (0, 276.39381917317706)]","[(0, 2027.323974609375), (1, 2410.217529296875)]","[(4, 39.3135009765625), (1, 53.906886509486604), (5, 66.82084303635817), (3, 78.62521127554086), (2, 101.5999247233073), (0, 124.0743408203125)]","[(0, 18015.18359375), (1, 13309.533203125)]"
402,"[(0, 1719.1068115234375), (1, 2104.784912109375)]","[(0, 953.0276489257812), (1, 1049.256103515625)]","[(0, 10079.595703125), (1, 9497.029296875)]","[(0, 6131.029296875), (1, 6198.025390625)]","[(0, 2935.280029296875), (1, 3000.824462890625)]","[(0, 1632.7432861328125), (1, 1787.968505859375)]","[(0, 5937.80322265625), (1, 6753.17578125)]","[(0, 1675.1920166015625), (1, 1558.7288818359375)]","[(2, 92.94975062779018), (1, 99.3751708984375), (4, 165.403076171875), (5, 172.88968599759616), (0, 190.52986027644232), (3, 373.8531087239583)]","[(0, 1636.1827392578125), (1, 2340.13330078125)]","[(4, 135.16995943509616), (5, 145.84138997395834), (1, 160.12904575892858), (2, 162.9950232872596), (3, 312.71562056107956), (0, 347.9357503255208)]","[(0, 2763.237060546875), (1, 1536.901123046875)]","[(2, 362.5122736150568), (1, 371.9654134114583), (4, 510.0963541666667), (5, 526.3683860085227), (0, 638.1363192471591), (3, 895.7072975852273)]","[(0, 3694.2080078125), (1, 3327.20263671875)]"
403,"[(0, 1501.6318359375), (1, 1727.4967041015625)]","[(0, 726.0194702148438), (1, 723.2435302734375)]","[(0, 27473.779296875), (1, 22349.19140625)]","[(0, 7531.1328125), (1, 8084.60498046875)]","[(0, 16972.412109375), (1, 10135.7744140625)]","[(0, 22037.287109375), (1, 23429.279296875)]","[(0, 8240.412109375), (1, 7435.14111328125)]","[(0, 2502.120849609375), (1, 2014.2757568359375)]","[(2, 85.50946451822917), (1, 85.656494140625), (4, 88.44491916232639), (5, 100.30392456054688), (0, 179.26971028645832), (3, 209.58712768554688)]","[(0, 1668.451171875), (1, 1119.1676025390625)]","[(2, 139.24514973958333), (1, 155.47500610351562), (5, 181.46702357700892), (4, 183.65421549479166), (0, 231.62920270647322), (3, 317.36313100961536)]","[(0, 1386.362060546875), (1, 1338.7218017578125)]","[(4, 183.20216587611608), (1, 189.08304537259616), (3, 248.79753230168268), (0, 275.4134114583333), (2, 354.3471013849432), (5, 378.6876627604167)]","[(0, 2166.068115234375), (1, 1938.6912841796875)]"
404,"[(0, 1805.7213134765625), (1, 2138.281982421875)]","[(0, 670.8792724609375), (1, 664.0077514648438)]","[(0, 15567.88671875), (1, 15750.720703125)]","[(0, 28682.3203125), (1, 26230.4921875)]","[(0, 13318.5361328125), (1, 7776.4306640625)]","[(0, 11407.830078125), (1, 11403.6533203125)]","[(0, 19408.298828125), (1, 20967.189453125)]","[(0, 1996.3184814453125), (1, 1387.3157958984375)]","[(1, 136.39705882352942), (2, 144.06045532226562), (0, 162.18058268229166), (4, 168.09189453125), (5, 175.31440080915178), (3, 176.62175105168268)]","[(0, 1363.57080078125), (1, 590.1317749023438)]","[(3, 38.03355407714844), (4, 39.327521829044116), (5, 60.12854817708333), (0, 71.90782063802084), (1, 76.90876770019531), (2, 110.30420793805804)]","[(0, 1922.887939453125), (1, 1578.5885009765625)]","[(4, 228.10400390625), (1, 258.0254313151042), (5, 276.27099609375), (2, 338.55180220170456), (3, 370.5297444661458), (0, 475.84676846590907)]","[(0, 3473.9072265625), (1, 2977.48486328125)]"
405,"[(0, 1631.430419921875), (1, 1908.8922119140625)]","[(0, 743.58251953125), (1, 1495.5108642578125)]","[(0, 26682.44140625), (1, 25254.55078125)]","[(0, 11167.17578125), (1, 10839.072265625)]","[(0, 9088.8203125), (1, 7159.61328125)]","[(0, 2210.004638671875), (1, 2178.47412109375)]","[(0, 9415.748046875), (1, 11315.6328125)]","[(0, 1914.386962890625), (1, 2026.02978515625)]","[(1, 112.49727630615234), (2, 115.22923177083334), (4, 149.56477864583334), (5, 153.8094482421875), (0, 158.25662667410714), (3, 193.77681790865384)]","[(0, 5951.77294921875), (1, 4956.4912109375)]","[(2, 88.35927170973558), (1, 115.41111537388393), (5, 159.53514607747397), (4, 160.30763596754807), (0, 209.79671223958334), (3, 440.3839666193182)]","[(0, 3352.073486328125), (1, 2358.7099609375)]","[(2, 129.25502115885416), (1, 141.2244873046875), (5, 145.619873046875), (4, 147.23943219866072), (0, 206.86369977678572), (3, 248.4125773111979)]","[(0, 14266.1953125), (1, 11214.59375)]"
406,"[(0, 1394.1673583984375), (1, 1635.20703125)]","[(0, 1200.01953125), (1, 2827.845458984375)]","[(0, 6613.51904296875), (1, 5029.42431640625)]","[(0, 12511.5107421875), (1, 10917.2626953125)]","[(0, 3619.947509765625), (1, 1762.8651123046875)]","[(0, 5001.17626953125), (1, 5125.68701171875)]","[(0, 25073.65234375), (1, 29082.58984375)]","[(0, 6629.8876953125), (1, 4597.34912109375)]","[(4, 54.25048828125), (3, 58.23955281575521), (1, 77.83420308430989), (0, 83.08017245205966), (5, 96.16581587357955), (2, 165.24993896484375)]","[(0, 3749.596435546875), (1, 5524.3583984375)]","[(4, 44.6610107421875), (2, 65.7682364327567), (1, 67.7978744506836), (5, 69.1488525390625), (3, 92.35550130208334), (0, 94.96514892578125)]","[(0, 2333.776123046875), (1, 1816.6453857421875)]","[(1, 98.329833984375), (2, 112.45499093191964), (0, 117.62560096153847), (4, 181.32281024639423), (5, 216.575927734375), (3, 260.1246892755682)]","[(0, 2431.866455078125), (1, 2171.5947265625)]"
407,"[(0, 988.2404174804688), (1, 1151.1961669921875)]","[(0, 911.8064575195312), (1, 1788.1287841796875)]","[(0, 2098.74267578125), (1, 1700.19384765625)]","[(0, 26327.857421875), (1, 20406.169921875)]","[(0, 996.9530029296875), (1, 691.4581298828125)]","[(0, 3840.37939453125), (1, 4110.53759765625)]","[(0, 10546.2734375), (1, 16172.91796875)]","[(0, 1140.08642578125), (1, 1159.345703125)]","[(3, 40.72306169782366), (4, 44.179296875), (1, 68.7766854422433), (0, 70.1917255108173), (5, 80.54803936298077), (2, 139.47319539388022)]","[(0, 3466.90380859375), (1, 1993.084716796875)]","[(4, 416.07523970170456), (1, 544.1668146306819), (5, 584.53115234375), (3, 590.2494140625), (0, 789.648193359375), (2, 790.40537109375)]","[(0, 2405.760009765625), (1, 2263.37353515625)]","[(3, 103.641943359375), (4, 113.63837432861328), (5, 153.026611328125), (1, 154.80866350446428), (0, 218.53074293870193), (2, 364.3019612630208)]","[(0, 2879.047119140625), (1, 2661.190673828125)]"
408,"[(0, 1368.41357421875), (1, 1604.91943359375)]","[(0, 687.0400390625), (1, 1266.965087890625)]","[(0, 4968.6591796875), (1, 3394.81298828125)]","[(0, 9888.3154296875), (1, 8347.572265625)]","[(0, 1268.2724609375), (1, 834.2283325195312)]","[(0, 6589.77783203125), (1, 6196.21142578125)]","[(0, 9056.728515625), (1, 14582.630859375)]","[(0, 3249.36572265625), (1, 1855.2918701171875)]","[(1, 112.65123697916667), (2, 127.60679408482143), (0, 134.01896784855768), (4, 144.74959622896634), (3, 161.53889604048297), (5, 167.58304850260416)]","[(0, 2648.24365234375), (1, 2006.1981201171875)]","[(1, 66.76598249162946), (4, 79.7710712139423), (0, 111.79300944010417), (2, 114.80649820963542), (5, 162.89912553267047), (3, 166.8216552734375)]","[(0, 1815.93603515625), (1, 1088.5870361328125)]","[(4, 39.962215423583984), (3, 40.04786783854167), (1, 49.885184151785715), (5, 54.925772530691965), (0, 71.04662146935097), (2, 104.18958536783855)]","[(0, 10155.7255859375), (1, 7037.041015625)]"
409,"[(0, 1086.49755859375), (1, 1282.4676513671875)]","[(0, 1029.9473876953125), (1, 2111.10302734375)]","[(0, 3772.868896484375), (1, 5109.6591796875)]","[(0, 1376.985107421875), (1, 1116.296875)]","[(0, 15179.3505859375), (1, 6828.57177734375)]","[(0, 2777.162109375), (1, 2522.941650390625)]","[(0, 12811.767578125), (1, 11755.080078125)]","[(0, 5133.82275390625), (1, 6130.96484375)]","[(4, 62.74447428385417), (5, 65.96560668945312), (1, 71.7823974609375), (2, 75.16755022321429), (3, 82.51840645926339), (0, 95.62111118861607)]","[(0, 3801.25244140625), (1, 3629.536865234375)]","[(4, 152.29582868303572), (3, 196.24507962740384), (5, 282.6039225260417), (1, 319.78265380859375), (0, 537.3897816051136), (2, 683.492431640625)]","[(0, 4607.98046875), (1, 3329.15478515625)]","[(4, 389.51322115384613), (5, 425.6068115234375), (3, 478.4555257161458), (1, 666.6756184895834), (2, 786.6221590909091), (0, 910.7337535511364)]","[(0, 2496.048095703125), (1, 2306.856201171875)]"
410,"[(0, 1404.5540771484375), (1, 1627.0364990234375)]","[(0, 867.8214111328125), (1, 1507.0015869140625)]","[(0, 6200.0888671875), (1, 5550.5146484375)]","[(0, 10815.0341796875), (1, 11829.517578125)]","[(0, 6584.7333984375), (1, 6396.98583984375)]","[(0, 3917.689208984375), (1, 4335.48193359375)]","[(0, 13481.2626953125), (1, 15420.1845703125)]","[(0, 1279.18115234375), (1, 1040.17919921875)]","[(2, 120.1823974609375), (1, 135.2450506036932), (5, 202.76292724609374), (4, 218.8040216619318), (0, 277.1800048828125), (3, 469.29267578125)]","[(0, 3511.780517578125), (1, 3771.25341796875)]","[(1, 107.37419782366071), (2, 112.14380821814903), (4, 175.6474609375), (5, 193.22034801136363), (0, 204.18743896484375), (3, 449.548388671875)]","[(0, 2670.345703125), (1, 1227.2664794921875)]","[(1, 318.64291104403407), (4, 328.763671875), (2, 369.824755859375), (5, 385.2940185546875), (0, 587.0361328125), (3, 604.59033203125)]","[(0, 2061.36279296875), (1, 1721.7943115234375)]"
411,"[(0, 1117.5906982421875), (1, 1339.7703857421875)]","[(0, 514.0172119140625), (1, 716.87060546875)]","[(0, 5305.453125), (1, 4056.69775390625)]","[(0, 7723.748046875), (1, 7785.6474609375)]","[(0, 10756.95703125), (1, 6321.8681640625)]","[(0, 16049.1416015625), (1, 17059.572265625)]","[(0, 2349.7919921875), (1, 2227.75439453125)]","[(0, 3608.552490234375), (1, 3220.213134765625)]","[(2, 129.18126424153647), (5, 145.62042705829327), (1, 159.89021183894232), (4, 175.42881556919642), (0, 257.93564860026044), (3, 276.68368765024036)]","[(0, 2037.293701171875), (1, 1875.6690673828125)]","[(4, 496.437255859375), (3, 725.1490342881945), (1, 744.3619140625), (5, 788.3633897569445), (0, 1190.708767361111), (2, 1217.3726128472222)]","[(0, 3471.67138671875), (1, 2191.099365234375)]","[(4, 123.70633370535714), (1, 199.46707857572116), (3, 207.25980318509616), (5, 246.4798787434896), (0, 361.4052327473958), (2, 424.3746892755682)]","[(0, 1854.150146484375), (1, 1640.326171875)]"
412,"[(0, 1424.5250244140625), (1, 1994.681884765625)]","[(0, 511.9580078125), (1, 498.28826904296875)]","[(0, 9853.908203125), (1, 8507.7734375)]","[(0, 7162.69287109375), (1, 3929.86572265625)]","[(0, 5891.724609375), (1, 4163.78125)]","[(0, 12725.21484375), (1, 12618.326171875)]","[(0, 3784.367919921875), (1, 3959.282958984375)]","[(0, 1978.0723876953125), (1, 2145.119140625)]","[(4, 86.81590053013393), (3, 98.17125525841347), (5, 135.12115478515625), (1, 151.2389119466146), (0, 183.6959894353693), (2, 253.3924072265625)]","[(0, 4840.87548828125), (1, 3317.12744140625)]","[(1, 86.41636657714844), (4, 88.0291015625), (2, 134.19873918805803), (5, 143.48145470252405), (0, 150.387451171875), (3, 163.59574068509616)]","[(0, 4357.5546875), (1, 1990.2259521484375)]","[(4, 334.2190755208333), (1, 385.384765625), (5, 498.4529918323864), (2, 585.2188831676136), (3, 606.5995649857955), (0, 700.61572265625)]","[(0, 28278.361328125), (1, 21126.1171875)]"
413,"[(0, 1259.537353515625), (1, 1783.75244140625)]","[(0, 1617.513916015625), (1, 1941.7119140625)]","[(0, 6683.77880859375), (1, 9194.7998046875)]","[(0, 8537.546875), (1, 6830.9228515625)]","[(0, 2164.545166015625), (1, 2049.97265625)]","[(0, 5537.9521484375), (1, 5111.46728515625)]","[(0, 4827.80517578125), (1, 8487.7734375)]","[(0, 1297.9879150390625), (1, 1448.7371826171875)]","[(4, 91.29217529296875), (1, 107.12454223632812), (0, 107.44948904854911), (3, 109.00454711914062), (5, 128.3117957481971), (2, 131.68743489583332)]","[(0, 5533.43310546875), (1, 5728.2255859375)]","[(2, 112.24501546223958), (1, 112.88402381310097), (4, 212.39113547585228), (0, 214.8246404474432), (5, 220.6587646484375), (3, 592.3140733506945)]","[(0, 2554.6357421875), (1, 2347.589111328125)]","[(2, 74.51929524739583), (1, 77.85253143310547), (5, 131.88200495793268), (4, 144.56192452566964), (0, 149.26358468191964), (3, 307.0701090494792)]","[(0, 5752.7021484375), (1, 4879.80615234375)]"
414,"[(0, 1474.9263916015625), (1, 1666.1234130859375)]","[(0, 2597.462890625), (1, 3570.5751953125)]","[(0, 8845.208984375), (1, 8454.392578125)]","[(0, 4628.142578125), (1, 3320.102294921875)]","[(0, 1827.7620849609375), (1, 1705.312255859375)]","[(0, 2306.181884765625), (1, 2409.54638671875)]","[(0, 9200.421875), (1, 13731.7490234375)]","[(0, 2807.858642578125), (1, 1991.810546875)]","[(1, 86.75801849365234), (2, 100.14689127604167), (4, 107.32060895647321), (0, 119.80896868024554), (5, 141.995849609375), (3, 194.6886189778646)]","[(0, 9633.5400390625), (1, 4271.935546875)]","[(4, 134.26240422175482), (3, 143.41069539388022), (1, 176.00052897135416), (0, 207.2600763494318), (5, 341.13778409090907), (2, 442.067529296875)]","[(0, 2596.829833984375), (1, 1709.26220703125)]","[(5, 141.52699631911057), (2, 150.05152384440103), (1, 152.644775390625), (4, 173.40872628348214), (3, 284.2476149338942), (0, 297.2172444661458)]","[(0, 10274.1640625), (1, 8865.265625)]"
415,"[(0, 1396.2884521484375), (1, 1588.3734130859375)]","[(0, 1987.6104736328125), (1, 2269.90283203125)]","[(0, 9629.0673828125), (1, 7745.13818359375)]","[(0, 5205.80419921875), (1, 3990.149658203125)]","[(0, 9091.2998046875), (1, 6027.78564453125)]","[(0, 7281.6044921875), (1, 8178.4375)]","[(0, 8929.7109375), (1, 8757.00390625)]","[(0, 892.4841918945312), (1, 1002.9732666015625)]","[(1, 86.06868198939732), (2, 92.02506197415866), (4, 94.44308035714286), (5, 103.15577110877403), (0, 124.70962289663461), (3, 139.35288649338943)]","[(0, 4196.78662109375), (1, 4056.043701171875)]","[(4, 86.59557233537946), (3, 117.12825833834134), (1, 166.69873046875), (5, 168.25667317708334), (0, 191.1801554361979), (2, 235.26735617897728)]","[(0, 3887.4423828125), (1, 3630.956298828125)]","[(4, 56.38432094029018), (1, 56.952457682291666), (3, 96.56179809570312), (0, 99.170166015625), (2, 101.9563457782452), (5, 110.77915445963542)]","[(0, 7063.4443359375), (1, 6290.1572265625)]"
416,"[(0, 1438.7049560546875), (1, 1737.76953125)]","[(0, 1113.904296875), (1, 1177.1334228515625)]","[(0, 5968.21630859375), (1, 5573.7265625)]","[(0, 7893.9970703125), (1, 7457.62451171875)]","[(0, 8225.0947265625), (1, 5614.1484375)]","[(0, 15466.5478515625), (1, 13448.2236328125)]","[(0, 12022.201171875), (1, 13007.9404296875)]","[(0, 2170.659912109375), (1, 2248.263916015625)]","[(2, 291.83359375), (1, 316.31008078835225), (5, 386.20966796875), (4, 406.05837180397725), (0, 522.11875), (3, 689.918798828125)]","[(0, 4077.323974609375), (1, 2858.030517578125)]","[(1, 263.97719029017856), (2, 276.5884352463942), (4, 479.1231219951923), (0, 488.7328287760417), (5, 497.91943359375), (3, 951.9100674715909)]","[(0, 2954.08984375), (1, 1700.5335693359375)]","[(2, 181.65001502403845), (1, 201.23822893415178), (0, 288.506103515625), (5, 317.30470969460225), (4, 361.2563883463542), (3, 593.817724609375)]","[(0, 15714.8017578125), (1, 11570.1962890625)]"
417,"[(0, 1068.0028076171875), (1, 1249.3958740234375)]","[(0, 727.8555908203125), (1, 1357.2447509765625)]","[(0, 4296.71630859375), (1, 2950.455078125)]","[(0, 14644.2998046875), (1, 12438.6640625)]","[(0, 3473.1982421875), (1, 2692.55859375)]","[(0, 3952.78271484375), (1, 4712.49853515625)]","[(0, 6924.8037109375), (1, 11955.2919921875)]","[(0, 3807.677978515625), (1, 2394.328369140625)]","[(1, 73.74618191189236), (2, 77.68029022216797), (4, 79.36184210526316), (5, 83.72310144761029), (0, 136.8779754638672), (3, 138.537353515625)]","[(0, 6069.9423828125), (1, 6593.30419921875)]","[(2, 90.4834735576923), (1, 107.59566824776786), (4, 112.36782602163461), (5, 134.25829060872397), (0, 178.54083251953125), (3, 292.92704634232956)]","[(0, 1580.592041015625), (1, 1636.5003662109375)]","[(4, 136.2667999267578), (3, 138.088134765625), (1, 167.82711588541667), (5, 191.27260044642858), (0, 205.37733677455358), (2, 293.1215632512019)]","[(0, 15653.04296875), (1, 12900.412109375)]"
418,"[(0, 1288.0206298828125), (1, 1563.365478515625)]","[(0, 1400.570068359375), (1, 3181.88623046875)]","[(0, 17863.552734375), (1, 13651.0673828125)]","[(0, 3519.361083984375), (1, 3532.896240234375)]","[(0, 2202.83447265625), (1, 1609.5645751953125)]","[(0, 6229.45068359375), (1, 6827.49072265625)]","[(0, 10448.1171875), (1, 15640.8505859375)]","[(0, 7028.73095703125), (1, 4158.97509765625)]","[(4, 131.46954815204327), (5, 136.03716023763022), (1, 140.45027043269232), (2, 142.82640584309897), (3, 153.52765909830728), (0, 162.94440714518228)]","[(0, 4163.25341796875), (1, 4368.435546875)]","[(4, 82.75850132533482), (3, 97.55203012319711), (0, 143.09689331054688), (1, 145.08915827824518), (5, 191.718505859375), (2, 262.51138583096593)]","[(0, 2317.527587890625), (1, 2424.234375)]","[(4, 144.84302629743303), (3, 180.02691180889423), (1, 239.46803635817307), (5, 305.70965576171875), (0, 337.95017496744794), (2, 614.5096324573864)]","[(0, 2392.633544921875), (1, 2213.47216796875)]"
419,"[(0, 1051.917724609375), (1, 1195.071044921875)]","[(0, 968.79296875), (1, 1699.8963623046875)]","[(0, 3967.065185546875), (1, 3670.26904296875)]","[(0, 6028.09033203125), (1, 4897.2373046875)]","[(0, 8269.9189453125), (1, 4232.962890625)]","[(0, 5602.56884765625), (1, 5327.64501953125)]","[(0, 10510.7392578125), (1, 14434.7734375)]","[(0, 1443.4010009765625), (1, 1375.2034912109375)]","[(4, 216.22611490885416), (5, 250.3552911931818), (3, 255.3555575284091), (1, 282.3550555889423), (2, 315.43105061848956), (0, 337.72430419921875)]","[(0, 4346.7177734375), (1, 2391.369873046875)]","[(4, 48.38182373046875), (1, 55.418121337890625), (3, 85.85540301983173), (5, 88.11321551983173), (2, 101.3579813639323), (0, 114.7354024251302)]","[(0, 3426.16357421875), (1, 1669.7978515625)]","[(4, 185.39133522727272), (1, 205.29337565104166), (5, 224.9340576171875), (2, 229.7220791903409), (0, 254.117919921875), (3, 255.0141357421875)]","[(0, 10225.7958984375), (1, 7281.361328125)]"
420,"[(0, 1247.0906982421875), (1, 1420.869873046875)]","[(0, 577.1577758789062), (1, 843.575927734375)]","[(0, 4149.72412109375), (1, 4592.69970703125)]","[(0, 13559.3486328125), (1, 11829.3251953125)]","[(0, 6136.79150390625), (1, 3220.64306640625)]","[(0, 4498.94921875), (1, 4241.45263671875)]","[(0, 13814.0244140625), (1, 17510.45703125)]","[(0, 3789.9228515625), (1, 4258.849609375)]","[(4, 91.65168313419117), (3, 94.67530822753906), (5, 135.1786376953125), (1, 135.69108072916666), (0, 139.63021414620536), (2, 234.6802696814904)]","[(0, 1697.68896484375), (1, 1664.8089599609375)]","[(4, 567.0968299278846), (2, 641.1424153645834), (5, 663.6383870442709), (1, 735.0889423076923), (0, 941.4248046875), (3, 954.4506022135416)]","[(0, 3660.704833984375), (1, 3210.311767578125)]","[(4, 63.985477447509766), (1, 73.25829206194196), (3, 90.280859375), (5, 95.50017438616071), (2, 111.4517313639323), (0, 116.81752366286058)]","[(0, 8882.9794921875), (1, 6764.7587890625)]"
421,"[(0, 1240.897216796875), (1, 1495.1143798828125)]","[(0, 424.9070129394531), (1, 363.8497009277344)]","[(0, 3812.27783203125), (1, 3109.5712890625)]","[(0, 4656.17041015625), (1, 3947.230224609375)]","[(0, 3336.32177734375), (1, 2617.3955078125)]","[(0, 4381.03515625), (1, 4600.638671875)]","[(0, 10139.2060546875), (1, 8697.9599609375)]","[(0, 2645.309326171875), (1, 3267.669189453125)]","[(4, 41.433116239659924), (1, 50.82765579223633), (5, 61.666971842447914), (3, 67.614306640625), (2, 77.91142054966518), (0, 91.25618198939732)]","[(0, 1697.4720458984375), (1, 1466.4654541015625)]","[(2, 208.5972900390625), (0, 223.7845255533854), (4, 252.7220177283654), (5, 286.546630859375), (3, 294.64788818359375), (1, 333.9132737379808)]","[(0, 903.9940185546875), (1, 1155.732177734375)]","[(1, 35.444305419921875), (4, 44.850520833333334), (2, 47.86088460286458), (5, 63.46718488420759), (0, 71.94761875697544), (3, 84.45713454026442)]","[(0, 14261.6123046875), (1, 10167.9169921875)]"
422,"[(0, 1080.8043212890625), (1, 1350.416748046875)]","[(0, 2314.558837890625), (1, 2786.342529296875)]","[(0, 4174.046875), (1, 4123.5888671875)]","[(0, 3285.442626953125), (1, 2211.831787109375)]","[(0, 15498.5), (1, 9350.763671875)]","[(0, 15954.359375), (1, 17560.259765625)]","[(0, 5129.873046875), (1, 5802.10205078125)]","[(0, 1474.37158203125), (1, 1409.57666015625)]","[(1, 70.71474609375), (2, 73.45017787388393), (4, 82.89159284319196), (5, 88.42459810697116), (0, 108.28786996694711), (3, 144.18331909179688)]","[(0, 1046.6177978515625), (1, 1227.0960693359375)]","[(4, 131.78034464518228), (1, 177.3591863458807), (3, 209.2377263849432), (5, 279.8837158203125), (0, 325.56435546875), (2, 377.0313313802083)]","[(0, 5078.955078125), (1, 3389.798583984375)]","[(1, 50.510111490885414), (4, 61.02148001534598), (2, 81.79623647836539), (5, 117.2899881998698), (0, 117.81668795072116), (3, 137.56147257486978)]","[(0, 3134.42041015625), (1, 2817.9169921875)]"
423,"[(0, 1386.23779296875), (1, 1605.4849853515625)]","[(0, 3738.602294921875), (1, 5240.39794921875)]","[(0, 7175.43701171875), (1, 6649.74560546875)]","[(0, 2567.003173828125), (1, 2844.528564453125)]","[(0, 8509.12109375), (1, 5315.642578125)]","[(0, 7822.5400390625), (1, 7231.73486328125)]","[(0, 22105.67578125), (1, 22964.98828125)]","[(0, 1666.8607177734375), (1, 1532.3831787109375)]","[(1, 140.6894249549279), (4, 159.08030348557693), (2, 164.99767049153647), (5, 185.99041748046875), (0, 199.3604532877604), (3, 220.69600423177084)]","[(0, 5197.28173828125), (1, 5418.22607421875)]","[(1, 445.2220865885417), (0, 509.76708984375), (2, 518.3827681107955), (4, 566.1845703125), (3, 657.46748046875), (5, 705.51767578125)]","[(0, 3179.77783203125), (1, 2036.495361328125)]","[(4, 118.51468098958334), (3, 186.15309361049108), (5, 226.35650165264423), (1, 228.12434269831732), (0, 365.9517822265625), (2, 468.8430841619318)]","[(0, 10964.611328125), (1, 8435.42578125)]"
424,"[(0, 1333.749267578125), (1, 1578.57421875)]","[(0, 2386.222412109375), (1, 2984.9208984375)]","[(0, 16158.951171875), (1, 11875.2041015625)]","[(0, 5833.56103515625), (1, 6738.2890625)]","[(0, 5873.09423828125), (1, 4688.99853515625)]","[(0, 4399.00439453125), (1, 4146.53955078125)]","[(0, 14087.9990234375), (1, 15359.4375)]","[(0, 969.5014038085938), (1, 893.449462890625)]","[(2, 50.021251005284924), (5, 60.0025520324707), (1, 61.99369981553819), (4, 72.72183048023896), (0, 123.58165740966797), (3, 127.5412353515625)]","[(0, 1758.857421875), (1, 1098.4810791015625)]","[(4, 523.9038973721591), (5, 554.810107421875), (1, 642.2029296875), (2, 679.24755859375), (3, 912.37841796875), (0, 1330.1507161458333)]","[(0, 5017.02685546875), (1, 6159.11865234375)]","[(1, 32.743523092830884), (4, 40.96931367761948), (3, 54.799092610677086), (5, 54.9365478515625), (2, 57.491206868489584), (0, 58.52710774739583)]","[(0, 10318.4482421875), (1, 7656.693359375)]"
425,"[(0, 792.5040283203125), (1, 953.3412475585938)]","[(0, 2043.35693359375), (1, 2322.92431640625)]","[(0, 15246.494140625), (1, 14952.3994140625)]","[(0, 6926.6796875), (1, 4849.951171875)]","[(0, 5322.470703125), (1, 4004.907470703125)]","[(0, 11096.83203125), (1, 11972.5556640625)]","[(0, 5982.525390625), (1, 8665.6689453125)]","[(0, 5311.39111328125), (1, 3621.24267578125)]","[(3, 43.04910888671875), (4, 46.9966926574707), (0, 78.74238804408482), (1, 83.15396321614584), (5, 83.35904366629464), (2, 176.07649113581732)]","[(0, 2045.787353515625), (1, 2783.2021484375)]","[(4, 89.81617838541666), (3, 118.11916678292411), (1, 152.86471121651786), (5, 161.3299842247596), (0, 179.84329927884616), (2, 242.20426432291666)]","[(0, 4762.7255859375), (1, 2003.5595703125)]","[(4, 86.17713341346153), (3, 126.44862874348958), (1, 144.8477579752604), (5, 181.7106378728693), (0, 245.40613902698863), (2, 329.8770263671875)]","[(0, 3786.23046875), (1, 3433.176025390625)]"
426,"[(0, 1076.4771728515625), (1, 1165.340576171875)]","[(0, 2245.4267578125), (1, 2964.663330078125)]","[(0, 8717.7158203125), (1, 7168.71337890625)]","[(0, 7348.10595703125), (1, 6482.47900390625)]","[(0, 12830.107421875), (1, 7578.244140625)]","[(0, 18909.537109375), (1, 19162.673828125)]","[(0, 3131.277099609375), (1, 4468.63623046875)]","[(0, 728.753662109375), (1, 591.2085571289062)]","[(2, 57.326206752232146), (1, 61.67906087239583), (0, 94.1255634014423), (5, 113.2096455891927), (4, 113.42083270733173), (3, 228.09940962357953)]","[(0, 1659.67041015625), (1, 1628.7510986328125)]","[(1, 206.1988525390625), (2, 212.07096980168268), (0, 238.89571439302884), (4, 267.65465369591345), (5, 284.252197265625), (3, 323.168212890625)]","[(0, 2645.709228515625), (1, 2568.115966796875)]","[(2, 113.78364701704545), (5, 124.8785400390625), (1, 127.61144002278645), (4, 136.05377197265625), (0, 266.0042835582386), (3, 278.21435546875)]","[(0, 6304.05322265625), (1, 6045.43017578125)]"
427,"[(0, 1115.402587890625), (1, 1331.4725341796875)]","[(0, 3447.56982421875), (1, 4974.19189453125)]","[(0, 9528.818359375), (1, 7495.72900390625)]","[(0, 9389.5283203125), (1, 9620.447265625)]","[(0, 7927.607421875), (1, 4802.97900390625)]","[(0, 16990.259765625), (1, 16673.6875)]","[(0, 5673.10986328125), (1, 5244.2177734375)]","[(0, 804.1558837890625), (1, 650.9808959960938)]","[(1, 172.8048828125), (2, 182.091796875), (0, 187.46341378348214), (4, 236.45596749441964), (5, 269.9780461237981), (3, 272.2704890324519)]","[(0, 4088.15625), (1, 2157.625244140625)]","[(1, 143.90867262620193), (4, 159.6795372596154), (2, 277.78220436789775), (5, 308.368408203125), (0, 325.2255193536932), (3, 343.2672230113636)]","[(0, 1250.871826171875), (1, 1073.6290283203125)]","[(4, 108.91904994419643), (3, 142.12657752403845), (1, 157.86249248798077), (5, 163.73941040039062), (0, 232.92110188802084), (2, 266.27572354403407)]","[(0, 5738.3076171875), (1, 5275.5341796875)]"
428,"[(0, 1204.620849609375), (1, 1580.5582275390625)]","[(0, 2313.936767578125), (1, 3163.28466796875)]","[(0, 11584.185546875), (1, 12680.7783203125)]","[(0, 7573.62744140625), (1, 7299.0830078125)]","[(0, 17578.220703125), (1, 8571.9345703125)]","[(0, 11213.501953125), (1, 10290.4228515625)]","[(0, 6194.23779296875), (1, 7157.53759765625)]","[(0, 3200.599853515625), (1, 2503.542236328125)]","[(0, 72.4462890625), (1, 96.81385803222656), (2, 102.73561197916666), (4, 108.404833984375), (5, 127.808837890625), (3, 173.60113055889423)]","[(0, 1943.769287109375), (1, 1783.30517578125)]","[(2, 74.51297200520834), (1, 76.96736145019531), (4, 140.05644008091517), (0, 141.72643171037947), (5, 154.18229792668268), (3, 372.6617024739583)]","[(0, 3912.59619140625), (1, 3513.512451171875)]","[(4, 59.31528854370117), (3, 62.851680501302084), (1, 80.30486188616071), (5, 93.58660888671875), (0, 112.57016225961539), (2, 200.828369140625)]","[(0, 12655.3349609375), (1, 9418.3974609375)]"
429,"[(0, 1611.984130859375), (1, 1833.8468017578125)]","[(0, 1475.34423828125), (1, 1646.835693359375)]","[(0, 9285.9794921875), (1, 6904.58544921875)]","[(0, 12833.7666015625), (1, 14779.5224609375)]","[(0, 12678.0458984375), (1, 6527.86669921875)]","[(0, 10841.8837890625), (1, 12342.3369140625)]","[(0, 14107.185546875), (1, 19208.34375)]","[(0, 2569.0712890625), (1, 2675.48193359375)]","[(4, 30.898125143612134), (1, 35.05533040364583), (3, 38.445274353027344), (5, 41.124959309895836), (0, 44.05426461356027), (2, 48.28275240384615)]","[(0, 5710.0849609375), (1, 8230.9326171875)]","[(4, 58.10170335036058), (3, 71.65145365397136), (1, 122.01434881036931), (5, 125.517333984375), (0, 193.19132080078126), (2, 355.19957139756946)]","[(0, 2597.597900390625), (1, 1792.4613037109375)]","[(1, 109.51878004807692), (5, 120.84918212890625), (4, 131.89628718449518), (2, 146.19697062174478), (3, 148.20157877604166), (0, 183.30843098958334)]","[(0, 3186.4169921875), (1, 2910.238525390625)]"
430,"[(0, 913.475830078125), (1, 1073.6566162109375)]","[(0, 1341.4036865234375), (1, 1844.9974365234375)]","[(0, 5749.68017578125), (1, 2994.614990234375)]","[(0, 3342.812255859375), (1, 3681.111083984375)]","[(0, 3749.328125), (1, 2803.695068359375)]","[(0, 7136.0), (1, 7999.68017578125)]","[(0, 12153.177734375), (1, 17312.6953125)]","[(0, 916.9736938476562), (1, 1000.6016235351562)]","[(1, 192.90327592329547), (2, 218.2425048828125), (4, 219.2000399502841), (5, 253.625732421875), (0, 333.8403076171875), (3, 380.1408203125)]","[(0, 3226.91796875), (1, 2380.130126953125)]","[(2, 173.05622746394232), (1, 178.7252197265625), (0, 383.5017496744792), (4, 401.17724609375), (5, 415.71115944602275), (3, 1215.1033203125)]","[(0, 3371.486083984375), (1, 5048.7958984375)]","[(2, 103.68263596754808), (5, 110.66171700613839), (1, 114.84928676060268), (4, 123.89722493489583), (3, 189.26456124441964), (0, 192.20705003004807)]","[(0, 15169.7841796875), (1, 11123.3095703125)]"
431,"[(0, 1214.9954833984375), (1, 1488.484619140625)]","[(0, 2326.5205078125), (1, 3469.8642578125)]","[(0, 14564.4521484375), (1, 13106.7373046875)]","[(0, 5455.15185546875), (1, 4451.041015625)]","[(0, 1695.0576171875), (1, 1173.4576416015625)]","[(0, 17263.646484375), (1, 14862.634765625)]","[(0, 5221.68505859375), (1, 4736.82958984375)]","[(0, 3538.466552734375), (1, 2286.137939453125)]","[(1, 102.61832972935268), (2, 116.4255840594952), (4, 137.63321358816964), (0, 155.38023024338943), (5, 156.35535606971155), (3, 205.97468449519232)]","[(0, 7509.673828125), (1, 5281.09619140625)]","[(4, 217.98790564903845), (5, 254.3489990234375), (3, 291.66455078125), (2, 295.64825439453125), (0, 349.4954833984375), (1, 430.1526066706731)]","[(0, 2659.994384765625), (1, 1608.595458984375)]","[(4, 164.34132737379807), (1, 188.09868915264423), (5, 228.92633056640625), (3, 251.3008829752604), (2, 257.25146484375), (0, 283.18642171223956)]","[(0, 12599.783203125), (1, 9675.7568359375)]"
432,"[(0, 1111.974609375), (1, 1227.52099609375)]","[(0, 1486.0435791015625), (1, 1989.36083984375)]","[(0, 10513.466796875), (1, 10985.6708984375)]","[(0, 3137.3720703125), (1, 3368.143798828125)]","[(0, 7851.77099609375), (1, 4199.46875)]","[(0, 3202.346435546875), (1, 3441.48291015625)]","[(0, 6584.81494140625), (1, 7556.751953125)]","[(0, 1519.4949951171875), (1, 1287.30419921875)]","[(4, 201.67976888020834), (5, 207.93656782670453), (1, 219.20074462890625), (2, 220.6473943536932), (3, 250.2487127130682), (0, 284.678955078125)]","[(0, 5716.47607421875), (1, 2291.893310546875)]","[(2, 110.6513427734375), (1, 146.68284606933594), (0, 175.42454310825892), (5, 205.07149564302884), (4, 218.82369559151786), (3, 388.922607421875)]","[(0, 2818.16552734375), (1, 3071.491943359375)]","[(1, 179.65516075721155), (4, 210.50890174278845), (2, 231.77718098958334), (5, 270.02488199869794), (0, 276.8702799479167), (3, 319.97149658203125)]","[(0, 9086.4462890625), (1, 6500.13525390625)]"
433,"[(0, 1198.849365234375), (1, 1386.2318115234375)]","[(0, 899.24560546875), (1, 1052.0059814453125)]","[(0, 4327.05517578125), (1, 3084.734130859375)]","[(0, 4503.64990234375), (1, 4229.7265625)]","[(0, 10108.2724609375), (1, 5717.12451171875)]","[(0, 18884.125), (1, 20291.88671875)]","[(0, 5269.32861328125), (1, 5774.61181640625)]","[(0, 3172.593017578125), (1, 2352.72607421875)]","[(2, 56.80687068058894), (1, 65.57762363978794), (5, 137.67066539417613), (0, 140.38630167643228), (4, 168.04252115885416), (3, 469.20673828125)]","[(0, 8211.2763671875), (1, 6691.75146484375)]","[(4, 122.13140869140625), (3, 153.90793185763889), (5, 169.88663736979166), (1, 216.4267578125), (0, 308.21978081597223), (2, 322.9513346354167)]","[(0, 5206.916015625), (1, 5236.76611328125)]","[(3, 80.64408656529018), (4, 86.97071126302083), (1, 88.87793840680804), (0, 122.17195951021634), (5, 136.16568697415866), (2, 204.97224934895834)]","[(0, 3091.611083984375), (1, 2777.97265625)]"
434,"[(0, 1211.5526123046875), (1, 1366.4600830078125)]","[(0, 682.8919677734375), (1, 1259.8131103515625)]","[(0, 18106.9375), (1, 13823.513671875)]","[(0, 3782.639404296875), (1, 4441.0087890625)]","[(0, 1738.749267578125), (1, 1478.22998046875)]","[(0, 10631.47265625), (1, 9976.8916015625)]","[(0, 6689.88818359375), (1, 8359.689453125)]","[(0, 2980.921142578125), (1, 3958.69775390625)]","[(4, 120.2494608561198), (5, 123.06987970525569), (1, 141.35924275716147), (2, 144.4375887784091), (3, 181.23720481178978), (0, 214.6444424715909)]","[(0, 1755.9228515625), (1, 2086.390625)]","[(2, 85.69858961838942), (5, 123.33482947716347), (4, 131.61552211216517), (1, 135.59810965401786), (0, 247.88553873697916), (3, 354.3991292317708)]","[(0, 3780.435791015625), (1, 1730.244384765625)]","[(1, 129.85539899553572), (5, 142.59744698660714), (3, 154.47561848958333), (4, 156.79486083984375), (2, 169.76751708984375), (0, 195.2176795372596)]","[(0, 13089.2373046875), (1, 10563.4765625)]"
435,"[(0, 1270.606689453125), (1, 1523.2265625)]","[(0, 962.8814086914062), (1, 2025.7099609375)]","[(0, 26986.515625), (1, 22673.423828125)]","[(0, 8431.7099609375), (1, 8400.1435546875)]","[(0, 13928.6376953125), (1, 7937.8427734375)]","[(0, 2796.974609375), (1, 2629.059814453125)]","[(0, 12396.990234375), (1, 16781.064453125)]","[(0, 3894.039794921875), (1, 2226.51708984375)]","[(2, 153.53988037109374), (1, 154.74500621448863), (4, 161.95869584517047), (5, 162.9388916015625), (0, 251.8626708984375), (3, 255.8622314453125)]","[(0, 2585.059814453125), (1, 1877.8740234375)]","[(4, 75.14998953683036), (3, 95.14226825420673), (1, 98.9585430438702), (0, 123.8407491048177), (5, 131.80314127604166), (2, 156.5894775390625)]","[(0, 920.7140502929688), (1, 1064.1773681640625)]","[(1, 91.68178147536058), (2, 111.80718994140625), (4, 128.08139038085938), (5, 151.7196932705966), (0, 212.2092950994318), (3, 293.5295654296875)]","[(0, 25068.12890625), (1, 17559.455078125)]"
436,"[(0, 1871.5184326171875), (1, 2271.834716796875)]","[(0, 911.9461059570312), (1, 1541.4632568359375)]","[(0, 1836.2119140625), (1, 1537.5169677734375)]","[(0, 2741.33447265625), (1, 2443.083740234375)]","[(0, 6040.6181640625), (1, 3451.6064453125)]","[(0, 5326.1162109375), (1, 5652.9384765625)]","[(0, 5937.30517578125), (1, 7003.6787109375)]","[(0, 3323.102294921875), (1, 4667.205078125)]","[(2, 77.69014739990234), (1, 84.2114616842831), (5, 127.4586181640625), (0, 141.687744140625), (4, 146.53001403808594), (3, 230.52777971540178)]","[(0, 6257.984375), (1, 4573.8740234375)]","[(4, 47.09534127371652), (1, 62.0434805063101), (5, 75.35938517252605), (3, 93.11110432942708), (2, 106.0312167080966), (0, 129.5673273259943)]","[(0, 3487.436767578125), (1, 2683.05810546875)]","[(4, 277.31289950284093), (5, 288.908642578125), (1, 307.64992453835225), (2, 321.73369140625), (3, 485.708837890625), (0, 551.678759765625)]","[(0, 2079.5234375), (1, 1818.967529296875)]"
437,"[(0, 1425.0848388671875), (1, 1778.87939453125)]","[(0, 627.0646362304688), (1, 950.1817016601562)]","[(0, 4549.7939453125), (1, 3346.572998046875)]","[(0, 4451.81787109375), (1, 5112.54443359375)]","[(0, 12135.5498046875), (1, 7309.92236328125)]","[(0, 20578.96875), (1, 21548.935546875)]","[(0, 4973.4140625), (1, 4176.45166015625)]","[(0, 2662.77734375), (1, 2923.681884765625)]","[(5, 134.1168212890625), (4, 137.71955217633928), (2, 140.27154541015625), (1, 153.96173095703125), (3, 190.22258112980768), (0, 235.39426491477272)]","[(0, 6140.3212890625), (1, 7989.31884765625)]","[(2, 278.15541585286456), (1, 306.68851412259613), (0, 452.38387784090907), (5, 498.7734375), (4, 571.3211558948864), (3, 1075.0850694444443)]","[(0, 3871.04248046875), (1, 3684.844970703125)]","[(4, 187.70918412642047), (1, 200.80550130208334), (5, 220.5541015625), (2, 233.99156605113637), (0, 293.52436967329544), (3, 299.1583740234375)]","[(0, 9420.607421875), (1, 6896.3134765625)]"
438,"[(0, 1088.689208984375), (1, 1221.3531494140625)]","[(0, 409.7281494140625), (1, 438.16827392578125)]","[(0, 4594.10595703125), (1, 4868.48779296875)]","[(0, 10759.1728515625), (1, 9740.9921875)]","[(0, 8145.2314453125), (1, 4936.11279296875)]","[(0, 14988.248046875), (1, 15141.0078125)]","[(0, 9150.5791015625), (1, 10295.68359375)]","[(0, 1513.888427734375), (1, 1564.284912109375)]","[(1, 102.07062639508929), (4, 107.09318542480469), (2, 110.20298258463542), (3, 120.562890625), (5, 120.95125034877232), (0, 134.41306715745193)]","[(0, 1543.1282958984375), (1, 1349.2548828125)]","[(4, 78.7338134765625), (3, 88.62351771763393), (0, 158.43122746394232), (5, 159.86868990384616), (1, 211.80226353236608), (2, 321.2605794270833)]","[(0, 1643.7476806640625), (1, 1677.33349609375)]","[(1, 47.615790872012866), (4, 51.67666805491728), (3, 62.24545084635417), (0, 75.73761393229167), (5, 78.98902994791666), (2, 95.8636962890625)]","[(0, 993.0889282226562), (1, 887.614501953125)]"
439,"[(0, 1469.3233642578125), (1, 1749.7470703125)]","[(0, 2819.783935546875), (1, 4216.57275390625)]","[(0, 29216.3046875), (1, 34845.1015625)]","[(0, 6372.41748046875), (1, 6480.70556640625)]","[(0, 3658.75390625), (1, 2659.44775390625)]","[(0, 5967.13525390625), (1, 5635.27783203125)]","[(0, 27835.990234375), (1, 37200.2109375)]","[(0, 6150.97705078125), (1, 4819.67626953125)]","[(4, 131.21458082932693), (3, 149.35317993164062), (1, 205.18904622395834), (0, 273.04012784090907), (5, 299.0257679332386), (2, 538.0974609375)]","[(0, 2618.039794921875), (1, 1805.130615234375)]","[(4, 122.82529518821023), (5, 143.18829345703125), (3, 166.77869873046876), (1, 193.3631036931818), (2, 230.7170654296875), (0, 277.9360107421875)]","[(0, 1837.9736328125), (1, 1901.12744140625)]","[(1, 65.06049053485577), (4, 67.071044921875), (2, 74.71997578938802), (5, 80.29910000887784), (0, 141.67262961647728), (3, 160.84681396484376)]","[(0, 22270.595703125), (1, 17985.658203125)]"
440,"[(0, 1115.9228515625), (1, 1315.9622802734375)]","[(0, 4559.65869140625), (1, 7654.0)]","[(0, 12393.9990234375), (1, 9509.01953125)]","[(0, 6680.01953125), (1, 6160.193359375)]","[(0, 3984.639404296875), (1, 3024.39208984375)]","[(0, 10065.12890625), (1, 11561.5927734375)]","[(0, 6231.2509765625), (1, 6013.16162109375)]","[(0, 2888.382568359375), (1, 2898.3935546875)]","[(1, 23.861718314034597), (4, 25.441600254603795), (2, 34.560315450032554), (5, 38.11481730143229), (0, 49.26754252115885), (3, 53.67361958821615)]","[(0, 7801.34423828125), (1, 3463.001220703125)]","[(2, 287.8471013849432), (1, 317.9638264973958), (0, 394.47878196022725), (4, 406.2876790364583), (5, 442.50874467329544), (3, 603.3019353693181)]","[(0, 1471.374755859375), (1, 1193.8885498046875)]","[(4, 96.78730119977679), (3, 147.524658203125), (1, 159.46473106971155), (5, 182.83748372395834), (0, 252.28179931640625), (2, 318.09272904829544)]","[(0, 14363.888671875), (1, 11514.1796875)]"
441,"[(0, 1499.8349609375), (1, 1803.778076171875)]","[(0, 3156.158203125), (1, 4529.39453125)]","[(0, 8866.365234375), (1, 9019.974609375)]","[(0, 4306.7177734375), (1, 4067.885986328125)]","[(0, 8212.9375), (1, 4337.47509765625)]","[(0, 4693.31591796875), (1, 5363.5859375)]","[(0, 6194.9052734375), (1, 6432.3330078125)]","[(0, 2005.1346435546875), (1, 1753.068359375)]","[(1, 122.4845458984375), (2, 141.6072038922991), (4, 146.09303501674108), (5, 175.90378981370193), (0, 234.97767052283655), (3, 311.42218017578125)]","[(0, 2236.05322265625), (1, 2601.320068359375)]","[(4, 131.52639770507812), (5, 147.72502790178572), (3, 203.81051432291667), (2, 257.2750244140625), (1, 272.87644740513394), (0, 399.29822716346155)]","[(0, 645.7880859375), (1, 553.2987060546875)]","[(4, 120.94444056919643), (3, 144.99170860877405), (1, 201.2847618689904), (5, 265.8588460286458), (0, 268.3065592447917), (2, 510.2345525568182)]","[(0, 2299.31494140625), (1, 1988.659912109375)]"
442,"[(0, 1486.8424072265625), (1, 1736.4971923828125)]","[(0, 1088.19140625), (1, 1385.95556640625)]","[(0, 5254.11962890625), (1, 4217.578125)]","[(0, 3929.636962890625), (1, 3457.226806640625)]","[(0, 7166.12939453125), (1, 3999.033447265625)]","[(0, 4631.599609375), (1, 4175.60791015625)]","[(0, 11194.771484375), (1, 11538.7587890625)]","[(0, 2515.282958984375), (1, 1296.0125732421875)]","[(1, 85.16780090332031), (2, 90.3507080078125), (4, 110.83717447916666), (5, 131.12347412109375), (0, 155.82723563058036), (3, 211.43443885216345)]","[(0, 4040.177001953125), (1, 2033.1129150390625)]","[(2, 75.967138671875), (1, 89.0633544921875), (4, 124.97316196986607), (5, 128.55272498497595), (0, 151.74360002790178), (3, 325.23667399088544)]","[(0, 1172.010986328125), (1, 1016.8056640625)]","[(1, 51.80599103655134), (2, 70.60272686298077), (4, 81.296875), (0, 103.66324869791667), (5, 111.9187899502841), (3, 164.15740966796875)]","[(0, 3375.00537109375), (1, 3053.73681640625)]"
443,"[(0, 922.0703125), (1, 1046.1029052734375)]","[(0, 225.1828155517578), (1, 212.34786987304688)]","[(0, 10224.3623046875), (1, 7976.27783203125)]","[(0, 18615.83984375), (1, 18370.974609375)]","[(0, 5801.3662109375), (1, 5376.14794921875)]","[(0, 4393.1181640625), (1, 4126.1064453125)]","[(0, 14175.3857421875), (1, 13082.623046875)]","[(0, 2698.727294921875), (1, 3466.060791015625)]","[(1, 70.65660095214844), (2, 78.82242838541667), (0, 99.23399135044643), (4, 105.73406982421875), (5, 128.62592961237982), (3, 186.58984375)]","[(0, 711.5921020507812), (1, 886.3507690429688)]","[(2, 276.22740342881946), (1, 331.8472412109375), (5, 567.6954752604166), (0, 581.3038194444445), (4, 643.776416015625), (3, 1212.6011284722222)]","[(0, 1464.644287109375), (1, 1352.789794921875)]","[(5, 437.7568359375), (4, 482.4261363636364), (2, 549.602880859375), (1, 583.2927024147727), (3, 658.560009765625), (0, 817.83984375)]","[(0, 12962.8876953125), (1, 9073.033203125)]"
444,"[(0, 1508.471923828125), (1, 1737.699951171875)]","[(0, 918.1094970703125), (1, 1239.8651123046875)]","[(0, 11602.6611328125), (1, 10496.2353515625)]","[(0, 12054.05859375), (1, 12320.158203125)]","[(0, 4131.607421875), (1, 3407.13134765625)]","[(0, 2874.904296875), (1, 3040.129150390625)]","[(0, 4290.9423828125), (1, 5007.25146484375)]","[(0, 4094.438232421875), (1, 3702.90576171875)]","[(1, 52.95952933175223), (2, 55.74909855769231), (4, 71.96949259440105), (5, 77.41870672052556), (0, 94.38474527994792), (3, 150.41048583984374)]","[(0, 4943.4150390625), (1, 4033.228271484375)]","[(2, 210.13698032924108), (1, 241.574853515625), (4, 342.11753627232144), (5, 351.47964242788464), (0, 380.69486177884613), (3, 739.738037109375)]","[(0, 2057.69775390625), (1, 2715.65869140625)]","[(1, 78.27544227013222), (2, 80.31924947102864), (5, 88.30387739701705), (4, 90.73838297526042), (0, 176.0008544921875), (3, 211.18955078125)]","[(0, 12648.638671875), (1, 10424.091796875)]"
445,"[(0, 1156.98046875), (1, 1319.32373046875)]","[(0, 1584.810791015625), (1, 2422.443359375)]","[(0, 5251.45458984375), (1, 3395.32763671875)]","[(0, 23503.89453125), (1, 23328.125)]","[(0, 10593.1767578125), (1, 6012.26708984375)]","[(0, 3752.04296875), (1, 4271.49951171875)]","[(0, 12235.0), (1, 18853.46484375)]","[(0, 1026.739013671875), (1, 816.849853515625)]","[(4, 123.19839477539062), (3, 139.78512369791667), (1, 176.59580078125), (5, 192.63016183035714), (0, 224.88007463727678), (2, 296.7516526442308)]","[(0, 1711.98095703125), (1, 1389.462646484375)]","[(4, 140.1912841796875), (3, 179.0927734375), (5, 296.1426595052083), (1, 352.0653076171875), (0, 543.1703657670455), (2, 914.80146484375)]","[(0, 5649.6611328125), (1, 3676.476806640625)]","[(1, 112.37173227163461), (2, 157.44148763020834), (4, 168.27732496995193), (5, 183.88983154296875), (0, 186.65470377604166), (3, 221.81306966145834)]","[(0, 3690.813232421875), (1, 3277.909912109375)]"
446,"[(0, 1187.3013916015625), (1, 1496.7884521484375)]","[(0, 1078.1046142578125), (1, 1481.056396484375)]","[(0, 6592.5751953125), (1, 6798.51220703125)]","[(0, 5114.9638671875), (1, 4448.7705078125)]","[(0, 10890.37109375), (1, 6249.7421875)]","[(0, 11270.9482421875), (1, 10346.630859375)]","[(0, 7334.53759765625), (1, 9325.845703125)]","[(0, 1325.6273193359375), (1, 897.788818359375)]","[(1, 28.418970108032227), (4, 31.219602584838867), (2, 37.07682146344866), (5, 43.384730747767854), (0, 48.92582048688616), (3, 56.34572492327009)]","[(0, 5722.7373046875), (1, 4089.755126953125)]","[(5, 132.3554405799279), (2, 132.42848557692307), (4, 163.68416922433036), (1, 167.30085100446428), (3, 192.28185096153845), (0, 195.66034405048077)]","[(0, 2232.341552734375), (1, 1534.8585205078125)]","[(2, 88.47023362379808), (5, 101.98328575721153), (1, 104.45166015625), (4, 119.69818115234375), (0, 223.4959513346354), (3, 252.67451985677084)]","[(0, 13353.6767578125), (1, 10087.76953125)]"
447,"[(0, 1429.4378662109375), (1, 1680.6976318359375)]","[(0, 782.1480102539062), (1, 922.5704345703125)]","[(0, 16645.05859375), (1, 14243.7373046875)]","[(0, 10785.5556640625), (1, 11017.7138671875)]","[(0, 10314.1103515625), (1, 9133.6220703125)]","[(0, 4070.458984375), (1, 4178.12109375)]","[(0, 7002.9169921875), (1, 6337.998046875)]","[(0, 2681.31982421875), (1, 2180.552490234375)]","[(1, 114.09641927083334), (2, 119.71507045200893), (0, 173.58963716947116), (4, 175.33271135602678), (5, 196.34605994591345), (3, 316.7260335286458)]","[(0, 1876.494873046875), (1, 1706.90673828125)]","[(4, 67.63681233723959), (3, 94.84613037109375), (5, 107.47345440204327), (1, 205.72652493990384), (0, 211.8565470377604), (2, 241.02485795454547)]","[(0, 1499.087158203125), (1, 1357.129638671875)]","[(1, 189.0220743815104), (2, 233.0538884943182), (4, 274.6231689453125), (0, 310.54667524857956), (5, 361.75319602272725), (3, 463.01913174715907)]","[(0, 13430.7158203125), (1, 10507.2216796875)]"
448,"[(0, 1520.9794921875), (1, 1932.00537109375)]","[(0, 382.3138732910156), (1, 361.6398620605469)]","[(0, 4247.91357421875), (1, 4317.0107421875)]","[(0, 2459.5673828125), (1, 2910.88671875)]","[(0, 10182.8125), (1, 8836.4482421875)]","[(0, 17140.01953125), (1, 17219.708984375)]","[(0, 9640.43359375), (1, 10790.453125)]","[(0, 518.8068237304688), (1, 551.220947265625)]","[(1, 144.99344576322116), (2, 153.9167277018229), (4, 183.2000935872396), (5, 195.2638494318182), (0, 269.85189541903407), (3, 373.35146484375)]","[(0, 2075.119384765625), (1, 2332.53662109375)]","[(4, 92.14625901442308), (3, 101.90034993489583), (5, 179.40671608664772), (1, 205.4259588068182), (0, 311.1778564453125), (2, 545.9739583333334)]","[(0, 1511.8175048828125), (1, 1284.6527099609375)]","[(4, 103.452392578125), (1, 126.35269869290866), (3, 126.73576136997768), (0, 181.6248779296875), (5, 184.98779296875), (2, 255.8519841974432)]","[(0, 3008.94287109375), (1, 2704.983642578125)]"
449,"[(0, 953.7709350585938), (1, 1052.794921875)]","[(0, 877.6014404296875), (1, 1211.0218505859375)]","[(0, 15981.3583984375), (1, 13849.7060546875)]","[(0, 4531.4384765625), (1, 4797.80126953125)]","[(0, 8135.83056640625), (1, 4401.064453125)]","[(0, 10084.576171875), (1, 10008.8359375)]","[(0, 6935.43115234375), (1, 7941.40869140625)]","[(0, 3987.4296875), (1, 5071.67041015625)]","[(4, 42.276939392089844), (3, 44.9589111328125), (5, 70.91727120535714), (1, 85.06051199776786), (0, 96.15625), (2, 165.8184814453125)]","[(0, 1587.1392822265625), (1, 2052.558837890625)]","[(2, 215.80204264322916), (1, 253.56311974158655), (0, 302.09759521484375), (4, 331.6707106370192), (5, 363.6244303385417), (3, 495.1157633463542)]","[(0, 1327.58447265625), (1, 861.58837890625)]","[(4, 247.6056925455729), (3, 295.9190562855114), (1, 315.83441162109375), (5, 326.8055530894886), (0, 394.9410511363636), (2, 423.8953746448864)]","[(0, 2150.515380859375), (1, 1925.9603271484375)]"
450,"[(0, 1303.710693359375), (1, 1513.7998046875)]","[(0, 1493.303955078125), (1, 2302.997314453125)]","[(0, 8767.9921875), (1, 8844.44140625)]","[(0, 6145.77001953125), (1, 4518.47509765625)]","[(0, 3466.9765625), (1, 1929.8074951171875)]","[(0, 10843.2587890625), (1, 11054.30859375)]","[(0, 9685.64453125), (1, 11497.3916015625)]","[(0, 1133.998779296875), (1, 889.3251953125)]","[(2, 139.15081380208332), (1, 150.19482421875), (0, 168.20474679129464), (4, 225.98747907366072), (5, 228.73845027043268), (3, 304.48586018880206)]","[(0, 2011.009033203125), (1, 1149.3526611328125)]","[(2, 178.558544921875), (4, 186.642333984375), (1, 196.17786362591912), (5, 217.938525390625), (0, 295.63388671875), (3, 357.4622395833333)]","[(0, 2628.65478515625), (1, 2479.693603515625)]","[(4, 173.9637451171875), (5, 202.35475852272728), (1, 274.64468661221593), (3, 281.48097922585225), (2, 317.5859375), (0, 408.361669921875)]","[(0, 2611.486328125), (1, 2356.9560546875)]"
451,"[(0, 1631.64599609375), (1, 2027.4339599609375)]","[(0, 918.8645629882812), (1, 1282.3526611328125)]","[(0, 7123.78125), (1, 6296.0087890625)]","[(0, 2892.470458984375), (1, 3185.5693359375)]","[(0, 3145.2451171875), (1, 2319.59716796875)]","[(0, 7100.1240234375), (1, 7621.8408203125)]","[(0, 16636.091796875), (1, 15924.9599609375)]","[(0, 2191.718017578125), (1, 2824.332275390625)]","[(1, 89.01003793569711), (4, 92.2596905048077), (0, 109.70992024739583), (3, 114.23496500651042), (2, 117.89816284179688), (5, 123.23600260416667)]","[(0, 3399.484619140625), (1, 5948.86181640625)]","[(4, 381.12131569602275), (5, 483.957373046875), (1, 578.4036754261364), (3, 614.99853515625), (2, 764.375830078125), (0, 980.8978515625)]","[(0, 1631.886474609375), (1, 2253.790771484375)]","[(2, 98.49112642728366), (1, 100.04005650111607), (4, 184.3042931189904), (5, 203.3826700846354), (0, 242.54439290364584), (3, 490.76358309659093)]","[(0, 14058.3662109375), (1, 10639.8505859375)]"
452,"[(0, 1904.0921630859375), (1, 2203.364990234375)]","[(0, 1125.5394287109375), (1, 1360.14208984375)]","[(0, 13731.1201171875), (1, 12379.1044921875)]","[(0, 9951.416015625), (1, 11973.46875)]","[(0, 3225.66259765625), (1, 2384.283203125)]","[(0, 7043.365234375), (1, 6381.97216796875)]","[(0, 8998.3916015625), (1, 10564.544921875)]","[(0, 4644.2939453125), (1, 3441.7978515625)]","[(4, 222.6634521484375), (1, 245.40724400111608), (3, 255.05295973557693), (5, 272.66933969350964), (0, 286.42837289663464), (2, 302.30774864783655)]","[(0, 4517.6904296875), (1, 1451.07763671875)]","[(4, 647.502783203125), (1, 662.780126953125), (5, 781.1764322916666), (2, 785.5085720486111), (3, 1082.7918836805557), (0, 1126.6494140625)]","[(0, 2350.024169921875), (1, 2897.808837890625)]","[(1, 43.348595513237846), (2, 59.641730813419116), (4, 65.2695083618164), (0, 86.628173828125), (5, 92.94972330729166), (3, 115.64739118303571)]","[(0, 2733.932861328125), (1, 2412.79443359375)]"
453,"[(0, 1275.0390625), (1, 1586.248046875)]","[(0, 548.4302978515625), (1, 1214.775390625)]","[(0, 17766.33984375), (1, 12024.837890625)]","[(0, 9828.2490234375), (1, 7766.2705078125)]","[(0, 8085.599609375), (1, 4565.57177734375)]","[(0, 2749.194091796875), (1, 2581.8642578125)]","[(0, 7265.7880859375), (1, 6845.65478515625)]","[(0, 1466.399658203125), (1, 1405.8238525390625)]","[(1, 117.46790422712054), (2, 147.18619478665866), (4, 181.6546834309896), (0, 202.7992146809896), (5, 247.71633078835228), (3, 366.4700927734375)]","[(0, 1423.25341796875), (1, 1440.6766357421875)]","[(2, 30.50418701171875), (1, 40.040306091308594), (5, 47.182891845703125), (4, 63.22142333984375), (0, 75.47682407924107), (3, 124.47625262920673)]","[(0, 4419.42333984375), (1, 2681.163818359375)]","[(1, 88.60731336805556), (2, 106.51677703857422), (4, 126.60302734375), (5, 140.05252075195312), (0, 178.34043884277344), (3, 228.489013671875)]","[(0, 2015.2760009765625), (1, 1676.833740234375)]"
454,"[(0, 1082.9591064453125), (1, 1291.318115234375)]","[(0, 727.1340942382812), (1, 1744.29638671875)]","[(0, 3169.795654296875), (1, 2274.388427734375)]","[(0, 2047.537109375), (1, 1821.2579345703125)]","[(0, 5023.1689453125), (1, 3021.575439453125)]","[(0, 6223.66650390625), (1, 6723.80078125)]","[(0, 13423.25), (1, 15144.53125)]","[(0, 807.573486328125), (1, 935.763671875)]","[(1, 42.275813802083334), (2, 44.19152396065848), (4, 57.11125300480769), (5, 67.11579895019531), (0, 68.23143122746394), (3, 121.70018421519886)]","[(0, 1578.8836669921875), (1, 1579.1072998046875)]","[(4, 370.03256460336536), (2, 393.2100016276042), (5, 418.9923909505208), (0, 503.0100911458333), (1, 520.4578575721154), (3, 542.44921875)]","[(0, 1817.23095703125), (1, 1920.526611328125)]","[(1, 53.48492092556424), (3, 56.876980251736114), (4, 57.68602873149671), (5, 66.30199477251838), (0, 77.1853386374081), (2, 89.77823638916016)]","[(0, 3169.989013671875), (1, 2994.158203125)]"
455,"[(0, 1350.5565185546875), (1, 1524.0621337890625)]","[(0, 773.8810424804688), (1, 1614.842041015625)]","[(0, 4209.0634765625), (1, 3965.060546875)]","[(0, 12008.8740234375), (1, 10153.701171875)]","[(0, 8701.302734375), (1, 4352.2265625)]","[(0, 8253.5078125), (1, 8885.7333984375)]","[(0, 8757.4619140625), (1, 7604.58203125)]","[(0, 1124.1978759765625), (1, 1221.2745361328125)]","[(2, 51.615763346354164), (1, 61.88623046875), (5, 77.14302571614583), (4, 90.06377704326923), (0, 141.37178178267047), (3, 224.15800337357953)]","[(0, 1115.3758544921875), (1, 933.7824096679688)]","[(4, 274.0925537109375), (1, 285.94118430397725), (0, 324.874267578125), (5, 324.8862033420139), (2, 326.6426025390625), (3, 342.8008626302083)]","[(0, 1814.764892578125), (1, 1431.0460205078125)]","[(4, 221.84062848772322), (5, 240.37663386418268), (1, 272.63194056919644), (3, 290.1168870192308), (2, 308.6346905048077), (0, 381.3470928485577)]","[(0, 4464.5595703125), (1, 3993.751220703125)]"
456,"[(0, 1775.4888916015625), (1, 2108.70166015625)]","[(0, 2157.5810546875), (1, 2901.0595703125)]","[(0, 3534.837646484375), (1, 4302.21875)]","[(0, 5239.15380859375), (1, 4271.25537109375)]","[(0, 5967.345703125), (1, 4778.13916015625)]","[(0, 11319.119140625), (1, 10966.6513671875)]","[(0, 15057.919921875), (1, 13072.4453125)]","[(0, 1297.201416015625), (1, 1215.19775390625)]","[(1, 64.4192756204044), (4, 69.91039276123047), (2, 99.590771484375), (5, 111.46791294642857), (0, 113.15147298177084), (3, 120.76712472098214)]","[(0, 4654.98486328125), (1, 6993.46044921875)]","[(4, 68.031884765625), (3, 69.69359915597099), (5, 131.3530555138221), (0, 138.80634562174478), (1, 184.9415001502404), (2, 290.63554243607956)]","[(0, 1623.5977783203125), (1, 922.6456909179688)]","[(4, 69.55667114257812), (1, 81.255908203125), (2, 140.33913010817307), (5, 156.0220665564904), (0, 173.88472806490384), (3, 192.25811298076923)]","[(0, 18829.548828125), (1, 12746.8466796875)]"
457,"[(0, 1484.8033447265625), (1, 1727.5238037109375)]","[(0, 3543.2919921875), (1, 5306.45458984375)]","[(0, 17970.98046875), (1, 13711.4130859375)]","[(0, 4065.09375), (1, 4476.65966796875)]","[(0, 4889.22998046875), (1, 3714.37939453125)]","[(0, 8103.93408203125), (1, 7947.0380859375)]","[(0, 17593.44921875), (1, 20185.69140625)]","[(0, 1577.9217529296875), (1, 1421.5828857421875)]","[(4, 75.51780790441177), (5, 76.16009928385417), (2, 82.87517841045673), (1, 89.99803873697917), (3, 90.40324401855469), (0, 100.08910260881696)]","[(0, 675.0087890625), (1, 462.88067626953125)]","[(2, 294.38427734375), (1, 300.1093505859375), (4, 423.44609375), (0, 430.8058810763889), (5, 433.10869683159723), (3, 632.1877170138889)]","[(0, 3067.22998046875), (1, 2297.098876953125)]","[(1, 100.10094342912946), (2, 118.65243765024039), (5, 119.32131723257211), (3, 141.58943997896634), (0, 141.96571702223557), (4, 176.04120744977678)]","[(0, 3475.97509765625), (1, 2557.541748046875)]"
458,"[(0, 1101.7880859375), (1, 1233.0535888671875)]","[(0, 2298.032470703125), (1, 3172.732177734375)]","[(0, 4757.0791015625), (1, 2951.29931640625)]","[(0, 1915.1246337890625), (1, 1571.9837646484375)]","[(0, 10126.6435546875), (1, 5926.0654296875)]","[(0, 3096.53271484375), (1, 3267.996337890625)]","[(0, 10512.8447265625), (1, 12709.5322265625)]","[(0, 743.1323852539062), (1, 766.57275390625)]","[(1, 57.746253967285156), (4, 66.34937744140625), (2, 84.05723353794643), (0, 101.20215715680804), (5, 103.45551006610577), (3, 115.79708158052884)]","[(0, 529.8803100585938), (1, 476.7995300292969)]","[(4, 86.1880874633789), (3, 103.57515462239583), (5, 137.053955078125), (1, 241.14400809151786), (0, 260.6249436598558), (2, 399.2041015625)]","[(0, 1943.03271484375), (1, 1631.398681640625)]","[(1, 51.196923828125), (4, 67.97191074916294), (2, 87.55814302884616), (0, 89.88221153846153), (5, 131.19718424479166), (3, 132.94855753580728)]","[(0, 11055.42578125), (1, 8309.9150390625)]"
459,"[(0, 1748.772705078125), (1, 2053.6025390625)]","[(0, 1073.0440673828125), (1, 1213.3865966796875)]","[(0, 6655.35986328125), (1, 4397.49853515625)]","[(0, 10641.0888671875), (1, 8704.0087890625)]","[(0, 2652.4013671875), (1, 2273.454833984375)]","[(0, 20500.98828125), (1, 22026.150390625)]","[(0, 10782.697265625), (1, 12399.1064453125)]","[(0, 1391.2918701171875), (1, 1656.515869140625)]","[(4, 144.57418118990384), (1, 145.44166917067307), (5, 179.17228190104166), (2, 179.1820271809896), (3, 229.1756591796875), (0, 235.0565185546875)]","[(0, 2605.646484375), (1, 1828.10888671875)]","[(2, 216.13767311789772), (1, 248.33028157552084), (5, 490.18818359375), (4, 526.1229580965909), (0, 760.23779296875), (3, 2290.8760850694443)]","[(0, 5082.93798828125), (1, 4805.8291015625)]","[(4, 168.4014892578125), (1, 173.13289018110797), (5, 184.97921142578124), (2, 186.41767578125), (3, 242.02646484375), (0, 250.0435546875)]","[(0, 23225.234375), (1, 19446.984375)]"
460,"[(0, 1103.745849609375), (1, 1429.8223876953125)]","[(0, 335.6478271484375), (1, 302.80035400390625)]","[(0, 3738.59521484375), (1, 2601.616455078125)]","[(0, 7643.626953125), (1, 7793.9306640625)]","[(0, 14668.6904296875), (1, 8028.18017578125)]","[(0, 13723.513671875), (1, 12762.404296875)]","[(0, 9241.841796875), (1, 9595.43359375)]","[(0, 3814.4599609375), (1, 2280.969970703125)]","[(2, 268.6117350260417), (1, 305.318115234375), (0, 343.0727945963542), (5, 427.58402876420456), (4, 439.7229817708333), (3, 534.2665571732955)]","[(0, 2427.186279296875), (1, 1714.475830078125)]","[(4, 326.0873209635417), (3, 386.71719637784093), (5, 439.93106356534093), (1, 466.6208089192708), (0, 571.5963689630681), (2, 643.2750355113636)]","[(0, 2202.43115234375), (1, 1730.4508056640625)]","[(2, 67.16049898587741), (1, 74.54817417689732), (0, 197.20967610677084), (5, 204.62098277698863), (4, 206.2415568033854), (3, 639.9646484375)]","[(0, 11356.2490234375), (1, 8083.4794921875)]"
461,"[(0, 1610.3629150390625), (1, 1932.9654541015625)]","[(0, 1706.5283203125), (1, 2289.483642578125)]","[(0, 15466.0322265625), (1, 13843.1298828125)]","[(0, 8760.03515625), (1, 8287.162109375)]","[(0, 10564.6552734375), (1, 5536.84814453125)]","[(0, 7432.2841796875), (1, 6798.1689453125)]","[(0, 8163.65478515625), (1, 9465.5625)]","[(0, 1567.1436767578125), (1, 1543.8209228515625)]","[(3, 59.295261928013396), (4, 60.560595703125), (1, 79.43824869791666), (0, 84.63421630859375), (5, 115.4979717548077), (2, 162.89261568509616)]","[(0, 8758.69921875), (1, 5408.00927734375)]","[(2, 91.34146554129464), (4, 125.53762582632211), (0, 136.84907414362982), (1, 140.137109375), (5, 150.15458170572916), (3, 246.16159889914772)]","[(0, 3488.44482421875), (1, 3201.518798828125)]","[(4, 260.05808512369794), (1, 276.9378662109375), (5, 285.85884232954544), (2, 302.24143288352275), (3, 412.6468394886364), (0, 455.47998046875)]","[(0, 1769.0264892578125), (1, 1608.9974365234375)]"
462,"[(0, 1274.1934814453125), (1, 1451.7515869140625)]","[(0, 2484.291748046875), (1, 3782.47705078125)]","[(0, 15066.05078125), (1, 13917.603515625)]","[(0, 3417.45703125), (1, 2657.077392578125)]","[(0, 5846.66650390625), (1, 5582.083984375)]","[(0, 19790.12890625), (1, 21640.04296875)]","[(0, 10726.59375), (1, 9646.1630859375)]","[(0, 1059.3575439453125), (1, 538.005126953125)]","[(1, 43.38763766818576), (4, 51.532664579503674), (2, 65.08890533447266), (0, 75.0533447265625), (5, 75.09881184895833), (3, 78.13749186197917)]","[(0, 2800.32275390625), (1, 3004.080078125)]","[(4, 60.48856764573317), (2, 64.82907104492188), (1, 75.02286783854167), (0, 81.93548114483173), (5, 85.5331522623698), (3, 124.28633256392045)]","[(0, 1958.5494384765625), (1, 1507.0950927734375)]","[(4, 148.0548095703125), (1, 155.20545247395833), (3, 155.34724934895834), (5, 199.728759765625), (0, 211.44131905691964), (2, 268.07743013822113)]","[(0, 15998.5595703125), (1, 11643.9736328125)]"
463,"[(0, 891.2066040039062), (1, 1003.69091796875)]","[(0, 1740.34521484375), (1, 2386.39990234375)]","[(0, 7025.48046875), (1, 6473.60791015625)]","[(0, 11919.431640625), (1, 9719.2509765625)]","[(0, 6158.67236328125), (1, 6224.533203125)]","[(0, 21241.552734375), (1, 24077.111328125)]","[(0, 10555.158203125), (1, 11652.650390625)]","[(0, 2120.373291015625), (1, 1927.8255615234375)]","[(1, 166.914306640625), (4, 168.68113490513392), (2, 197.33283879206732), (5, 198.712646484375), (0, 208.812744140625), (3, 210.63673753004807)]","[(0, 1691.6187744140625), (1, 1891.4134521484375)]","[(0, 260.8450270432692), (4, 293.86217322716345), (2, 301.3684833233173), (3, 332.1625569661458), (1, 354.09347098214283), (5, 420.8385416666667)]","[(0, 2838.0458984375), (1, 1319.9007568359375)]","[(1, 65.68099103655133), (2, 73.23609806941106), (0, 127.4408671061198), (4, 130.0033162434896), (5, 161.00935502485797), (3, 281.1603271484375)]","[(0, 1981.552978515625), (1, 1865.082763671875)]"
464,"[(0, 1394.626220703125), (1, 1652.67578125)]","[(0, 1314.7412109375), (1, 1472.18603515625)]","[(0, 6316.25732421875), (1, 6779.1796875)]","[(0, 4614.38330078125), (1, 3678.324951171875)]","[(0, 14692.5751953125), (1, 7304.3544921875)]","[(0, 18925.33984375), (1, 16603.583984375)]","[(0, 7696.255859375), (1, 7031.66748046875)]","[(0, 3078.32470703125), (1, 2898.10205078125)]","[(1, 99.13058268229166), (4, 123.25660923549107), (2, 163.42155573918268), (0, 177.45919095552884), (5, 224.0879923502604), (3, 254.95833333333334)]","[(0, 5342.62939453125), (1, 4258.0615234375)]","[(3, 144.89778958834134), (4, 156.70692661830358), (5, 302.40285237630206), (1, 302.66713460286456), (0, 330.5929066051136), (2, 700.897705078125)]","[(0, 1886.770751953125), (1, 2174.878662109375)]","[(4, 60.50685471754808), (1, 84.14695739746094), (3, 94.5910135904948), (5, 141.80239035866478), (0, 154.88864968039772), (2, 205.609326171875)]","[(0, 2871.097412109375), (1, 2437.681884765625)]"
465,"[(0, 1362.65234375), (1, 1503.09619140625)]","[(0, 833.56591796875), (1, 1904.5289306640625)]","[(0, 13014.0703125), (1, 10778.15234375)]","[(0, 5976.04736328125), (1, 6314.408203125)]","[(0, 7926.25390625), (1, 6017.03955078125)]","[(0, 12400.0302734375), (1, 10895.0966796875)]","[(0, 4690.6669921875), (1, 5317.955078125)]","[(0, 1624.8841552734375), (1, 1614.349365234375)]","[(2, 62.56861787683823), (1, 71.88858371310764), (5, 76.05833333333334), (4, 90.8778076171875), (0, 98.98452758789062), (3, 133.52457101004464)]","[(0, 2447.50634765625), (1, 2813.044921875)]","[(4, 90.35132774939903), (3, 127.61940511067708), (5, 149.99623801491478), (1, 150.0412930575284), (0, 243.7327392578125), (2, 279.14824761284723)]","[(0, 2667.571044921875), (1, 2891.703857421875)]","[(1, 143.91393025716147), (2, 156.22023703835228), (4, 203.95556640625), (0, 216.36339222301137), (5, 244.5781982421875), (3, 355.7526611328125)]","[(0, 1778.7716064453125), (1, 1643.3653564453125)]"
466,"[(0, 1298.993408203125), (1, 1406.7552490234375)]","[(0, 1423.3695068359375), (1, 3954.136474609375)]","[(0, 3599.4169921875), (1, 2949.25927734375)]","[(0, 9511.8125), (1, 11358.3173828125)]","[(0, 10488.630859375), (1, 6059.87841796875)]","[(0, 9920.392578125), (1, 11268.0029296875)]","[(0, 8487.45703125), (1, 11886.3759765625)]","[(0, 1313.7490234375), (1, 1222.9837646484375)]","[(2, 36.65401611328125), (1, 41.328521728515625), (0, 71.71477399553571), (5, 74.32323749248798), (4, 79.74291120256696), (3, 173.7178751627604)]","[(0, 1169.42529296875), (1, 1190.1751708984375)]","[(2, 81.42396545410156), (1, 94.11717810997597), (5, 166.2938232421875), (4, 176.60184733072916), (0, 221.57850230823863), (3, 584.1767578125)]","[(0, 5392.56982421875), (1, 3848.214111328125)]","[(4, 58.95187143179086), (1, 65.87766520182292), (3, 89.05792236328125), (0, 98.8580322265625), (5, 108.62913929332386), (2, 129.2558837890625)]","[(0, 9386.224609375), (1, 7380.85546875)]"
467,"[(0, 1287.4827880859375), (1, 1411.6099853515625)]","[(0, 975.9695434570312), (1, 2086.406494140625)]","[(0, 2145.822998046875), (1, 1584.4715576171875)]","[(0, 7661.96044921875), (1, 7504.8984375)]","[(0, 11538.857421875), (1, 5715.81103515625)]","[(0, 10836.8076171875), (1, 12487.0380859375)]","[(0, 4651.96728515625), (1, 6638.4541015625)]","[(0, 923.8915405273438), (1, 639.3457641601562)]","[(2, 123.7299560546875), (1, 140.02015269886363), (5, 147.91050026633522), (4, 157.16644287109375), (0, 220.511181640625), (3, 231.97898171164772)]","[(0, 2509.07666015625), (1, 2542.68115234375)]","[(4, 61.013572692871094), (3, 77.66810709635416), (5, 106.62983049665179), (1, 122.99703543526786), (0, 150.1080040564904), (2, 224.1470947265625)]","[(0, 3077.174072265625), (1, 2703.696533203125)]","[(1, 599.0489501953125), (2, 609.9537020596591), (4, 694.2180989583334), (5, 700.7066317471591), (0, 955.0799893465909), (3, 1104.2644708806818)]","[(0, 11351.3984375), (1, 8891.2939453125)]"
468,"[(0, 1791.6365966796875), (1, 2200.58984375)]","[(0, 713.239990234375), (1, 1269.1309814453125)]","[(0, 4461.52490234375), (1, 4802.51220703125)]","[(0, 33601.21484375), (1, 27337.19140625)]","[(0, 6550.7412109375), (1, 2831.970703125)]","[(0, 16813.55078125), (1, 15345.8056640625)]","[(0, 7549.15283203125), (1, 6627.65625)]","[(0, 1570.408203125), (1, 1390.675048828125)]","[(2, 105.89874737079327), (1, 108.73152378627232), (0, 131.68091759314905), (5, 150.82268817608173), (4, 154.89630998883928), (3, 183.50227238581732)]","[(0, 3797.8173828125), (1, 2832.57568359375)]","[(1, 100.97146170479911), (4, 121.72364220252403), (2, 163.59923299153647), (0, 190.28460693359375), (5, 222.2689763849432), (3, 292.42604758522725)]","[(0, 1744.224853515625), (1, 905.0067749023438)]","[(4, 78.35159737723214), (1, 91.070556640625), (3, 109.84420072115384), (0, 138.70789591471353), (5, 180.1054484049479), (2, 209.45316938920453)]","[(0, 2127.404052734375), (1, 1841.77490234375)]"
469,"[(0, 664.797607421875), (1, 790.2538452148438)]","[(0, 327.71954345703125), (1, 307.6733703613281)]","[(0, 2544.895751953125), (1, 2406.678955078125)]","[(0, 12652.9091796875), (1, 10580.1123046875)]","[(0, 16992.333984375), (1, 9165.7412109375)]","[(0, 6237.11279296875), (1, 5614.892578125)]","[(0, 8767.4404296875), (1, 10303.2080078125)]","[(0, 2262.357177734375), (1, 2474.33837890625)]","[(4, 45.614593505859375), (1, 48.494190889246326), (5, 63.81703567504883), (2, 68.68824869791666), (3, 87.62483215332031), (0, 88.71223958333333)]","[(0, 1313.99658203125), (1, 629.354736328125)]","[(2, 62.0068359375), (1, 85.22441755022321), (5, 93.19040151742789), (4, 94.73549107142857), (0, 193.24853515625), (3, 305.15008544921875)]","[(0, 6979.79443359375), (1, 5957.5654296875)]","[(4, 77.75877162388393), (3, 85.66006234975961), (1, 116.74227905273438), (0, 143.32860218394887), (5, 147.31340535481772), (2, 229.62119140625)]","[(0, 14238.7265625), (1, 10521.5908203125)]"
470,"[(0, 1348.2125244140625), (1, 1460.5726318359375)]","[(0, 685.9113159179688), (1, 1164.2191162109375)]","[(0, 9734.5283203125), (1, 7008.62353515625)]","[(0, 3892.99267578125), (1, 3664.58203125)]","[(0, 5067.2802734375), (1, 3128.13134765625)]","[(0, 6096.01318359375), (1, 6980.2470703125)]","[(0, 9026.041015625), (1, 11667.9287109375)]","[(0, 1289.0203857421875), (1, 1250.8707275390625)]","[(4, 28.803761800130207), (1, 34.06487678079044), (3, 34.619973575367645), (0, 37.70753479003906), (5, 40.391883850097656), (2, 49.723942057291666)]","[(0, 1587.2119140625), (1, 1258.8150634765625)]","[(2, 47.45144271850586), (5, 48.10696207682292), (1, 66.38896627987133), (4, 67.87560272216797), (0, 99.12074381510416), (3, 108.6912841796875)]","[(0, 2923.4072265625), (1, 2256.703857421875)]","[(1, 42.48577626546224), (4, 47.3760000375601), (2, 67.75537109375), (0, 68.2987393465909), (3, 70.7534688313802), (5, 87.14016446200284)]","[(0, 10161.2470703125), (1, 7323.8857421875)]"
471,"[(0, 1518.92919921875), (1, 1843.88037109375)]","[(0, 1094.8509521484375), (1, 2171.271728515625)]","[(0, 8018.5693359375), (1, 5192.0654296875)]","[(0, 10116.498046875), (1, 10948.4365234375)]","[(0, 5091.8359375), (1, 3466.02099609375)]","[(0, 13738.154296875), (1, 14490.13671875)]","[(0, 7389.11669921875), (1, 10200.43359375)]","[(0, 3431.56884765625), (1, 3140.14990234375)]","[(2, 118.79398018973214), (1, 119.136083984375), (4, 190.46875), (5, 197.80744816706732), (0, 234.42638221153845), (3, 437.188232421875)]","[(0, 5765.83984375), (1, 3470.453369140625)]","[(4, 223.46868896484375), (3, 253.87593217329547), (1, 276.77390543619794), (0, 328.39109108664775), (5, 482.1294921875), (2, 608.74326171875)]","[(0, 1211.128173828125), (1, 1049.8436279296875)]","[(4, 168.9125037560096), (1, 200.56512920673077), (5, 215.2840372721354), (3, 230.0529988606771), (2, 286.0742594401042), (0, 315.7049153645833)]","[(0, 18547.240234375), (1, 13990.982421875)]"
472,"[(0, 1528.457763671875), (1, 1935.79150390625)]","[(0, 769.9188232421875), (1, 1204.94384765625)]","[(0, 4561.57666015625), (1, 3736.75244140625)]","[(0, 5244.2626953125), (1, 4905.37548828125)]","[(0, 8321.802734375), (1, 7027.4033203125)]","[(0, 18314.2265625), (1, 16905.953125)]","[(0, 5537.9521484375), (1, 5192.966796875)]","[(0, 2111.68896484375), (1, 955.18505859375)]","[(2, 149.71833292643228), (1, 152.49017803485577), (4, 194.2496619591346), (5, 195.94537353515625), (0, 344.4454456676136), (3, 437.54736328125)]","[(0, 4126.97216796875), (1, 3451.70849609375)]","[(2, 122.07675405649039), (1, 165.232421875), (4, 238.15392127403845), (5, 244.03255208333334), (0, 325.75941975911456), (3, 722.1556285511364)]","[(0, 4881.435546875), (1, 4529.005859375)]","[(1, 87.57116021050348), (4, 113.31291368272569), (2, 155.1493682861328), (0, 165.52548217773438), (5, 166.61192321777344), (3, 175.9314727783203)]","[(0, 10837.41796875), (1, 7733.6611328125)]"
473,"[(0, 674.5589599609375), (1, 798.4675903320312)]","[(0, 535.407470703125), (1, 694.108154296875)]","[(0, 3072.997802734375), (1, 1975.0816650390625)]","[(0, 3627.747802734375), (1, 3952.794189453125)]","[(0, 11134.19921875), (1, 7057.2431640625)]","[(0, 5847.4970703125), (1, 5381.96533203125)]","[(0, 14464.111328125), (1, 16341.0576171875)]","[(0, 2229.05712890625), (1, 1113.0928955078125)]","[(2, 57.24539419320914), (1, 58.40763201032366), (5, 88.31149291992188), (4, 89.3735821063702), (0, 118.40408325195312), (3, 199.1396484375)]","[(0, 2589.04931640625), (1, 2281.575927734375)]","[(4, 40.30520809397978), (5, 60.70761311848958), (2, 64.450927734375), (1, 66.44115492876838), (3, 66.61570231119792), (0, 69.99889322916667)]","[(0, 2471.951416015625), (1, 2105.758544921875)]","[(4, 65.93381173270089), (3, 84.7638408954327), (5, 93.53131103515625), (1, 96.6334737141927), (0, 152.9224853515625), (2, 162.93826904296876)]","[(0, 2477.97265625), (1, 2091.576416015625)]"
474,"[(0, 1453.26220703125), (1, 1715.4327392578125)]","[(0, 884.3934936523438), (1, 1415.382568359375)]","[(0, 3654.6630859375), (1, 3244.009033203125)]","[(0, 9029.837890625), (1, 8433.044921875)]","[(0, 7612.65087890625), (1, 4761.4404296875)]","[(0, 5255.35205078125), (1, 5341.48828125)]","[(0, 7607.251953125), (1, 8350.5498046875)]","[(0, 4994.39892578125), (1, 2997.835205078125)]","[(4, 45.43330784847862), (3, 52.76713392469618), (5, 67.37070599724265), (1, 67.55358168658088), (0, 78.4742202758789), (2, 96.49769694010416)]","[(0, 1633.80712890625), (1, 1057.890625)]","[(2, 49.86723109654018), (4, 56.56463623046875), (1, 63.65657145182292), (5, 71.69596041165866), (0, 81.21129432091347), (3, 134.97543334960938)]","[(0, 2877.670654296875), (1, 2859.11279296875)]","[(5, 131.0003865559896), (2, 132.28325946514423), (1, 140.65181187220983), (4, 141.19071138822116), (3, 319.47998046875), (0, 324.48907470703125)]","[(0, 2103.60986328125), (1, 1863.19384765625)]"
475,"[(0, 1089.6396484375), (1, 1454.6925048828125)]","[(0, 1396.5328369140625), (1, 2676.897216796875)]","[(0, 9608.986328125), (1, 8053.22412109375)]","[(0, 8368.439453125), (1, 8293.265625)]","[(0, 14675.0009765625), (1, 9348.998046875)]","[(0, 14874.2333984375), (1, 14390.7626953125)]","[(0, 11501.986328125), (1, 13497.150390625)]","[(0, 2773.3828125), (1, 2677.834228515625)]","[(1, 117.01175631009616), (4, 124.94562237079327), (2, 161.34266153971353), (5, 177.60400390625), (0, 181.011962890625), (3, 186.75299072265625)]","[(0, 1867.495361328125), (1, 2343.03857421875)]","[(4, 142.807470703125), (5, 165.83914888822116), (3, 204.94649832589286), (2, 282.60959694602275), (1, 285.3604079026442), (0, 329.92043050130206)]","[(0, 3185.071044921875), (1, 2446.01416015625)]","[(1, 59.991050720214844), (2, 67.64803466796874), (4, 114.92082868303571), (0, 118.43036760602679), (5, 140.18596942608173), (3, 256.1823323567708)]","[(0, 11905.7197265625), (1, 8204.107421875)]"
476,"[(0, 1886.48828125), (1, 2298.123291015625)]","[(0, 1065.0545654296875), (1, 1623.18603515625)]","[(0, 16567.962890625), (1, 13543.8798828125)]","[(0, 3303.0517578125), (1, 3002.63671875)]","[(0, 6381.740234375), (1, 5522.30419921875)]","[(0, 7282.22216796875), (1, 7260.93310546875)]","[(0, 1297.5831298828125), (1, 1100.789794921875)]","[(0, 1158.6151123046875), (1, 1136.8966064453125)]","[(4, 65.71812037417763), (3, 78.84855143229167), (5, 87.15453383501838), (1, 100.48320456112133), (0, 122.99578094482422), (2, 142.78758138020834)]","[(0, 1747.264892578125), (1, 2725.886962890625)]","[(4, 34.47551345825195), (5, 44.365121023995535), (2, 47.493399483816965), (3, 51.22157505580357), (0, 53.99708775111607), (1, 54.45369338989258)]","[(0, 2949.07666015625), (1, 2651.251953125)]","[(1, 103.452392578125), (4, 123.50721324573864), (0, 160.2066650390625), (2, 160.70682373046876), (5, 195.27928466796874), (3, 200.96190185546874)]","[(0, 2215.623291015625), (1, 1982.760986328125)]"
477,"[(0, 1720.9915771484375), (1, 2121.773193359375)]","[(0, 685.129150390625), (1, 896.5704345703125)]","[(0, 5649.6396484375), (1, 4286.447265625)]","[(0, 3813.354248046875), (1, 3349.651123046875)]","[(0, 12461.97265625), (1, 10642.8349609375)]","[(0, 7286.61279296875), (1, 6792.8740234375)]","[(0, 1890.996826171875), (1, 2235.829345703125)]","[(0, 2248.3046875), (1, 1181.244384765625)]","[(4, 86.71036202566964), (3, 100.51915486653645), (1, 105.181298828125), (0, 126.55994591346153), (5, 169.61393229166666), (2, 192.97432767427884)]","[(0, 2908.275390625), (1, 2428.2373046875)]","[(4, 228.33728841145833), (3, 268.7747802734375), (5, 305.4581768329327), (1, 547.8812725360577), (0, 552.6271158854166), (2, 604.6162997159091)]","[(0, 1055.22705078125), (1, 1416.46142578125)]","[(4, 80.57117571149554), (1, 98.37831624348958), (5, 130.91696166992188), (3, 136.1166053185096), (2, 184.66397705078126), (0, 188.638671875)]","[(0, 2980.457763671875), (1, 2588.15673828125)]"
478,"[(0, 1152.808349609375), (1, 1332.64306640625)]","[(0, 564.2378540039062), (1, 1167.6103515625)]","[(0, 7537.41259765625), (1, 7001.48193359375)]","[(0, 4366.14453125), (1, 3553.166015625)]","[(0, 9539.4296875), (1, 5218.90234375)]","[(0, 12001.626953125), (1, 13549.615234375)]","[(0, 7171.96875), (1, 8728.263671875)]","[(0, 520.3984985351562), (1, 584.5400390625)]","[(4, 106.32827524038461), (5, 115.05958048502605), (3, 139.34908040364584), (1, 156.85440767728366), (2, 172.91267903645834), (0, 213.34818522135416)]","[(0, 6911.89208984375), (1, 5454.470703125)]","[(2, 81.85955301920573), (1, 94.3651874248798), (5, 179.6028164950284), (4, 187.34549967447916), (0, 260.64790482954544), (3, 670.9529296875)]","[(0, 4848.4619140625), (1, 3042.040283203125)]","[(1, 269.6160074869792), (4, 313.9362386067708), (2, 323.9384099786932), (5, 371.7239435369318), (0, 439.1388050426136), (3, 496.4500621448864)]","[(0, 2157.601806640625), (1, 1778.13818359375)]"
479,"[(0, 1474.4398193359375), (1, 1722.3109130859375)]","[(0, 899.1751708984375), (1, 2229.509765625)]","[(0, 14601.876953125), (1, 10291.7177734375)]","[(0, 3971.94873046875), (1, 3993.918701171875)]","[(0, 2185.7021484375), (1, 1752.3504638671875)]","[(0, 3682.93359375), (1, 3757.50390625)]","[(0, 5752.25244140625), (1, 7729.4072265625)]","[(0, 2752.751708984375), (1, 1763.9766845703125)]","[(4, 139.68484700520833), (3, 144.6424560546875), (5, 230.26320237379807), (1, 246.04180438701923), (0, 265.90016682942706), (2, 451.55069247159093)]","[(0, 2933.437255859375), (1, 1988.2957763671875)]","[(2, 136.05240885416666), (0, 175.43683733258928), (5, 197.87518780048077), (4, 201.37318638392858), (1, 206.79244995117188), (3, 282.679931640625)]","[(0, 6097.75146484375), (1, 4851.0244140625)]","[(4, 97.87659630408653), (1, 126.17819213867188), (3, 148.78914388020834), (5, 181.76124156605113), (0, 195.68532492897728), (2, 222.844482421875)]","[(0, 3684.008544921875), (1, 3338.80126953125)]"
480,"[(0, 1344.4569091796875), (1, 1501.525146484375)]","[(0, 669.7861328125), (1, 1358.068115234375)]","[(0, 6201.98095703125), (1, 5253.96435546875)]","[(0, 7801.783203125), (1, 8593.4443359375)]","[(0, 3313.248291015625), (1, 2373.109619140625)]","[(0, 3403.83837890625), (1, 3305.41162109375)]","[(0, 23148.748046875), (1, 28683.580078125)]","[(0, 2351.541748046875), (1, 2173.238525390625)]","[(2, 436.59157492897725), (1, 439.7489827473958), (0, 529.9617808948864), (5, 637.279443359375), (4, 639.6309481534091), (3, 780.719482421875)]","[(0, 4189.81640625), (1, 3944.336181640625)]","[(2, 99.85737827845982), (1, 113.41551106770834), (4, 162.54090294471155), (5, 180.730712890625), (0, 184.8506798377404), (3, 369.09647993607956)]","[(0, 2087.860595703125), (1, 1846.0587158203125)]","[(1, 80.08028738839286), (2, 85.6035907451923), (0, 163.6143798828125), (4, 169.18670654296875), (5, 205.8375799005682), (3, 416.463916015625)]","[(0, 2826.77783203125), (1, 2520.158447265625)]"
481,"[(0, 1264.055908203125), (1, 1759.7938232421875)]","[(0, 392.8902587890625), (1, 635.6463623046875)]","[(0, 22822.91796875), (1, 17925.279296875)]","[(0, 9322.4306640625), (1, 6994.287109375)]","[(0, 3693.020751953125), (1, 2682.461669921875)]","[(0, 3136.63330078125), (1, 2950.246826171875)]","[(0, 13364.7216796875), (1, 17477.69140625)]","[(0, 4084.96435546875), (1, 4285.92431640625)]","[(2, 59.47118704659598), (1, 62.727726236979166), (5, 90.56740025111607), (4, 91.58999837239584), (0, 122.70061786358173), (3, 184.64832481971155)]","[(0, 2295.344970703125), (1, 2640.72802734375)]","[(4, 80.8821044921875), (3, 83.85745004507211), (0, 103.39220319475446), (1, 144.0005645751953), (5, 158.42360276442307), (2, 178.85743931361608)]","[(0, 1399.0054931640625), (1, 1128.4073486328125)]","[(1, 307.89415564903845), (2, 319.77077229817706), (0, 399.4048258463542), (4, 482.3198649088542), (5, 559.9273792613636), (3, 653.5652965198864)]","[(0, 21098.291015625), (1, 15521.900390625)]"
482,"[(0, 1005.5736083984375), (1, 1130.1563720703125)]","[(0, 3065.826416015625), (1, 4055.0576171875)]","[(0, 8813.060546875), (1, 5792.91845703125)]","[(0, 6190.57080078125), (1, 5862.71923828125)]","[(0, 5213.31103515625), (1, 4125.92138671875)]","[(0, 3995.503662109375), (1, 4517.67333984375)]","[(0, 15902.498046875), (1, 13975.6865234375)]","[(0, 1103.5206298828125), (1, 1158.8875732421875)]","[(5, 96.21698869977679), (4, 101.30018717447916), (2, 112.04232352120536), (1, 115.80524088541667), (3, 123.62443324497768), (0, 142.76325334821428)]","[(0, 5113.53466796875), (1, 6300.837890625)]","[(1, 159.44816706730768), (2, 163.04847208658853), (4, 207.17827899639423), (5, 232.03316243489584), (0, 273.05364990234375), (3, 392.1378580729167)]","[(0, 5536.927734375), (1, 4512.5791015625)]","[(1, 192.30741373697916), (4, 209.97265625), (2, 219.83045543323863), (5, 240.98417524857953), (0, 289.79556551846593), (3, 312.37373490767044)]","[(0, 2864.61376953125), (1, 2431.56396484375)]"
483,"[(0, 1745.2215576171875), (1, 2142.401123046875)]","[(0, 4833.27783203125), (1, 7072.8076171875)]","[(0, 4261.22216796875), (1, 3558.75146484375)]","[(0, 4858.603515625), (1, 4233.32568359375)]","[(0, 3740.428466796875), (1, 2874.687744140625)]","[(0, 14460.373046875), (1, 15976.8173828125)]","[(0, 9731.4931640625), (1, 11118.6220703125)]","[(0, 3197.015625), (1, 1846.692626953125)]","[(5, 144.47892252604166), (4, 169.74445988581732), (2, 181.59881591796875), (1, 207.79178560697116), (3, 218.54034423828125), (0, 271.71299235026044)]","[(0, 6276.18994140625), (1, 4487.1826171875)]","[(4, 101.86070760091145), (3, 131.04594282670453), (5, 137.7293035333807), (2, 206.955810546875), (0, 207.37455610795453), (1, 252.25821940104166)]","[(0, 3613.2529296875), (1, 1713.8350830078125)]","[(4, 162.44549560546875), (3, 180.72288411458334), (5, 184.17264229910714), (1, 194.90898786272322), (0, 288.75277944711536), (2, 300.7861328125)]","[(0, 3273.8857421875), (1, 2851.899169921875)]"
484,"[(0, 1771.1046142578125), (1, 2152.70703125)]","[(0, 3824.816162109375), (1, 4739.3916015625)]","[(0, 20445.673828125), (1, 15659.4619140625)]","[(0, 9093.216796875), (1, 8321.302734375)]","[(0, 2093.165771484375), (1, 1610.9996337890625)]","[(0, 12043.85546875), (1, 11511.884765625)]","[(0, 11339.517578125), (1, 16312.361328125)]","[(0, 2053.86767578125), (1, 1874.4576416015625)]","[(4, 73.24800109863281), (3, 78.4957763671875), (5, 97.05484444754464), (1, 102.98024204799107), (0, 124.34852952223558), (2, 178.7340291341146)]","[(0, 3609.684814453125), (1, 2357.73828125)]","[(2, 83.17368386008523), (1, 114.37865193684895), (0, 121.9080477627841), (4, 165.9375203450521), (5, 177.4518155184659), (3, 248.42702414772728)]","[(0, 4924.35400390625), (1, 4376.5791015625)]","[(1, 112.232666015625), (2, 130.83719889322916), (0, 136.62464396158853), (4, 194.47798665364584), (5, 244.03593306107953), (3, 258.7173517400568)]","[(0, 5790.60986328125), (1, 5417.10986328125)]"
485,"[(0, 1003.3842163085938), (1, 1189.7042236328125)]","[(0, 1793.0194091796875), (1, 1973.4776611328125)]","[(0, 26692.11328125), (1, 27167.89453125)]","[(0, 15790.306640625), (1, 13266.9658203125)]","[(0, 1635.5875244140625), (1, 1077.056396484375)]","[(0, 7486.61279296875), (1, 7130.21728515625)]","[(0, 12906.2080078125), (1, 15718.0087890625)]","[(0, 1671.7320556640625), (1, 1679.6937255859375)]","[(4, 81.82384440104167), (1, 83.44973958333334), (3, 155.27068622295673), (5, 156.18932166466345), (0, 160.38976111778845), (2, 161.00743689903845)]","[(0, 2656.05517578125), (1, 2767.42236328125)]","[(1, 935.3126953125), (2, 954.1253255208334), (4, 1207.877734375), (5, 1302.620876736111), (0, 1812.9788411458333), (3, 2542.2482638888887)]","[(0, 2311.33984375), (1, 1702.235595703125)]","[(1, 87.00497436523438), (4, 87.9273681640625), (2, 119.88013805042614), (5, 124.36109508167614), (0, 149.2451171875), (3, 151.63853870738637)]","[(0, 13545.958984375), (1, 9404.296875)]"
486,"[(0, 1380.2601318359375), (1, 1657.013427734375)]","[(0, 897.4879150390625), (1, 1358.5908203125)]","[(0, 15556.607421875), (1, 14710.8994140625)]","[(0, 21031.61328125), (1, 18534.740234375)]","[(0, 3916.792724609375), (1, 3094.504638671875)]","[(0, 9167.935546875), (1, 9879.578125)]","[(0, 3369.0625), (1, 4870.78662109375)]","[(0, 2045.9376220703125), (1, 1607.0230712890625)]","[(1, 118.12516645951705), (2, 141.20220947265625), (4, 158.6748046875), (0, 179.81129150390626), (5, 197.5021484375), (3, 247.1115966796875)]","[(0, 2005.1690673828125), (1, 1608.1077880859375)]","[(4, 100.10362752278645), (5, 115.72624067826705), (1, 121.485595703125), (3, 155.2926580255682), (2, 177.57673783735797), (0, 245.7644708806818)]","[(0, 1439.647216796875), (1, 1533.6734619140625)]","[(4, 434.9156087239583), (1, 449.2201334635417), (5, 473.02885298295456), (2, 503.55868252840907), (3, 535.0094549005681), (0, 577.4038973721591)]","[(0, 3013.50048828125), (1, 2730.317626953125)]"
487,"[(0, 1096.9814453125), (1, 1228.515380859375)]","[(0, 1399.6622314453125), (1, 2473.759033203125)]","[(0, 14980.1025390625), (1, 11981.990234375)]","[(0, 10531.046875), (1, 7883.19384765625)]","[(0, 3523.76708984375), (1, 2707.892578125)]","[(0, 12844.615234375), (1, 14067.1904296875)]","[(0, 4283.4599609375), (1, 6389.5234375)]","[(0, 5945.64013671875), (1, 6131.5791015625)]","[(1, 83.80123901367188), (2, 89.75804036458334), (0, 97.31694684709821), (4, 111.86769321986607), (5, 132.02728740985577), (3, 176.8457234700521)]","[(0, 2940.087646484375), (1, 1484.624267578125)]","[(4, 227.24406550480768), (3, 296.45290120442706), (1, 446.6616617838542), (5, 587.1890092329545), (0, 612.1530095880681), (2, 1282.01025390625)]","[(0, 1517.4327392578125), (1, 1167.4083251953125)]","[(4, 37.305062430245535), (3, 46.962646484375), (1, 56.664825439453125), (5, 65.37950134277344), (0, 78.9902010830966), (2, 105.112451171875)]","[(0, 1909.40380859375), (1, 1632.2008056640625)]"
488,"[(0, 1410.2181396484375), (1, 1797.0491943359375)]","[(0, 1072.0528564453125), (1, 1571.497314453125)]","[(0, 2413.553955078125), (1, 1978.0345458984375)]","[(0, 7319.82177734375), (1, 6069.8095703125)]","[(0, 1491.820068359375), (1, 1198.03271484375)]","[(0, 12678.1064453125), (1, 12161.6640625)]","[(0, 4653.2939453125), (1, 4039.533447265625)]","[(0, 2372.4228515625), (1, 2354.95751953125)]","[(2, 97.81940166766827), (1, 98.7705078125), (5, 115.28975423177083), (4, 115.76052621694711), (0, 189.81046549479166), (3, 259.89419833096593)]","[(0, 5463.20068359375), (1, 5345.03515625)]","[(4, 66.38641357421875), (5, 85.37814331054688), (2, 87.2908466045673), (0, 129.93489583333334), (1, 131.15155029296875), (3, 147.53871848366478)]","[(0, 4228.02490234375), (1, 3261.75634765625)]","[(2, 34.230926513671875), (1, 41.622965494791664), (5, 44.2112051156851), (4, 50.41510445731027), (0, 75.43141056941106), (3, 101.10117594401042)]","[(0, 14276.1865234375), (1, 11503.7861328125)]"
489,"[(0, 1205.6622314453125), (1, 1356.81640625)]","[(0, 639.7089233398438), (1, 767.6979370117188)]","[(0, 5720.484375), (1, 4277.72900390625)]","[(0, 21500.654296875), (1, 17713.623046875)]","[(0, 4800.5654296875), (1, 3658.045654296875)]","[(0, 10929.3876953125), (1, 9667.353515625)]","[(0, 6826.96923828125), (1, 7793.982421875)]","[(0, 1330.7420654296875), (1, 1101.4124755859375)]","[(2, 78.60506693522136), (1, 84.53429236778847), (5, 87.3590087890625), (4, 91.93131801060268), (3, 126.65906700721153), (0, 127.78064982096355)]","[(0, 4826.1982421875), (1, 2497.580322265625)]","[(1, 102.06380521334134), (2, 120.4108174641927), (4, 135.03052867542613), (5, 178.70301513671876), (0, 190.76120827414772), (3, 348.9284939236111)]","[(0, 594.6450805664062), (1, 618.517333984375)]","[(1, 116.47474888392857), (4, 141.4083251953125), (5, 156.59749930245536), (3, 165.65750325520833), (2, 173.1327107747396), (0, 182.5179161658654)]","[(0, 11817.6884765625), (1, 8646.3271484375)]"
490,"[(0, 976.4802856445312), (1, 1119.447265625)]","[(0, 834.4109497070312), (1, 1217.5299072265625)]","[(0, 11190.7158203125), (1, 8767.4404296875)]","[(0, 6253.46240234375), (1, 5033.7763671875)]","[(0, 11865.8310546875), (1, 7624.79931640625)]","[(0, 10548.66796875), (1, 11577.7568359375)]","[(0, 11556.1923828125), (1, 15960.6748046875)]","[(0, 1310.5625), (1, 1214.2796630859375)]","[(2, 64.20960286458333), (1, 70.60285186767578), (5, 111.61162458147321), (4, 119.20216471354166), (0, 143.80571637834822), (3, 281.4922626201923)]","[(0, 1575.6263427734375), (1, 1249.7529296875)]","[(1, 235.73545619419642), (2, 265.4226262019231), (0, 334.6327311197917), (4, 484.5956624348958), (5, 579.0764825994319), (3, 905.215234375)]","[(0, 2290.06005859375), (1, 1617.835693359375)]","[(4, 104.95633951822917), (3, 142.75596400669642), (1, 167.03125), (5, 172.88352614182693), (0, 270.70404052734375), (2, 337.7310680042614)]","[(0, 11612.80078125), (1, 9031.9921875)]"
491,"[(0, 1477.2188720703125), (1, 1897.2486572265625)]","[(0, 1162.551025390625), (1, 1974.8096923828125)]","[(0, 4183.34814453125), (1, 2462.0478515625)]","[(0, 6794.39013671875), (1, 8103.6865234375)]","[(0, 5334.16796875), (1, 3655.5556640625)]","[(0, 3705.30126953125), (1, 4058.558837890625)]","[(0, 15183.3603515625), (1, 13863.0537109375)]","[(0, 1637.51123046875), (1, 1516.6290283203125)]","[(4, 188.35724283854168), (5, 220.2323279747596), (3, 231.02605329241072), (1, 265.64293494591345), (2, 297.5201305042614), (0, 342.8199869791667)]","[(0, 2418.726806640625), (1, 1463.9034423828125)]","[(4, 220.39547526041667), (1, 240.77150181361608), (5, 305.63390174278845), (2, 338.81467692057294), (3, 371.3497971754808), (0, 423.3382975260417)]","[(0, 12797.8955078125), (1, 7653.86865234375)]","[(2, 118.63019205729167), (1, 125.15322875976562), (5, 171.57853816105768), (0, 174.8121337890625), (4, 203.69114467075892), (3, 304.73858642578125)]","[(0, 7206.42041015625), (1, 5215.66845703125)]"
492,"[(0, 1096.092041015625), (1, 1269.7852783203125)]","[(0, 963.3457641601562), (1, 1328.155517578125)]","[(0, 5940.06298828125), (1, 6151.1357421875)]","[(0, 2844.17578125), (1, 2136.33544921875)]","[(0, 2769.24658203125), (1, 2004.2236328125)]","[(0, 5869.62841796875), (1, 5059.3662109375)]","[(0, 11974.1650390625), (1, 13738.8212890625)]","[(0, 1842.875732421875), (1, 1617.2447509765625)]","[(1, 64.748486328125), (2, 66.36778041294643), (4, 68.52730451311383), (5, 76.99034236027644), (0, 120.97915414663461), (3, 150.7728271484375)]","[(0, 1289.871337890625), (1, 1322.0618896484375)]","[(3, 95.68723707932692), (4, 103.94231770833333), (0, 160.11006986177884), (1, 163.03160807291667), (5, 192.69242037259616), (2, 323.2138671875)]","[(0, 2861.658203125), (1, 1651.86279296875)]","[(1, 128.27106182391827), (5, 137.67926025390625), (4, 158.65623121995193), (3, 164.56268310546875), (2, 165.3766072591146), (0, 195.3008015950521)]","[(0, 9122.2177734375), (1, 6740.1787109375)]"
493,"[(0, 1068.038330078125), (1, 1191.422607421875)]","[(0, 698.3396606445312), (1, 887.6640014648438)]","[(0, 32052.84375), (1, 35932.41796875)]","[(0, 4713.91455078125), (1, 4760.98681640625)]","[(0, 3087.005859375), (1, 2422.688232421875)]","[(0, 5138.5791015625), (1, 4616.58837890625)]","[(0, 17938.875), (1, 23673.4453125)]","[(0, 6967.9365234375), (1, 3638.89794921875)]","[(1, 43.82426071166992), (2, 44.371616908482146), (4, 44.66488467945772), (5, 48.38643798828125), (0, 78.05465262276786), (3, 82.00419108072917)]","[(0, 2630.14453125), (1, 2127.061279296875)]","[(1, 199.33541434151786), (2, 215.2252478966346), (4, 266.41261800130206), (5, 272.91830166903407), (0, 409.7699788411458), (3, 641.577294921875)]","[(0, 3989.9326171875), (1, 2872.832275390625)]","[(1, 49.0159912109375), (4, 60.870022243923614), (2, 64.18257141113281), (5, 72.61382293701172), (0, 86.15567016601562), (3, 99.91272735595703)]","[(0, 3432.177734375), (1, 3065.98681640625)]"
494,"[(0, 1208.8006591796875), (1, 1370.4842529296875)]","[(0, 1078.68212890625), (1, 1812.051513671875)]","[(0, 7904.87548828125), (1, 9661.4921875)]","[(0, 6707.62939453125), (1, 6889.94384765625)]","[(0, 5240.30810546875), (1, 4330.171875)]","[(0, 4319.76123046875), (1, 4850.20556640625)]","[(0, 13821.443359375), (1, 18517.001953125)]","[(0, 1805.549072265625), (1, 2083.691162109375)]","[(4, 88.47855922154018), (1, 104.30894118088942), (3, 110.2912128155048), (0, 150.99679565429688), (5, 182.9090779622396), (2, 227.1947576349432)]","[(0, 1530.068603515625), (1, 1203.8565673828125)]","[(4, 418.936083984375), (1, 422.04833984375), (0, 486.3369140625), (3, 511.21912977430554), (2, 543.809423828125), (5, 547.1927083333334)]","[(0, 2229.601318359375), (1, 2254.857177734375)]","[(4, 113.68651234019886), (5, 124.53494873046876), (1, 129.7731045809659), (2, 146.01444091796876), (3, 188.56600341796874), (0, 221.9838623046875)]","[(0, 5829.0400390625), (1, 5276.85693359375)]"
495,"[(0, 1187.717041015625), (1, 1429.1611328125)]","[(0, 1698.173828125), (1, 3199.586669921875)]","[(0, 2459.905029296875), (1, 2746.610107421875)]","[(0, 7573.1650390625), (1, 7616.27490234375)]","[(0, 1220.8074951171875), (1, 1082.81201171875)]","[(0, 23116.009765625), (1, 23269.1328125)]","[(0, 10088.97265625), (1, 11221.291015625)]","[(0, 1882.4266357421875), (1, 1161.0009765625)]","[(4, 57.37631405101103), (1, 59.164755428538605), (3, 83.41918131510417), (0, 85.5110107421875), (5, 91.7391845703125), (2, 93.085986328125)]","[(0, 2727.302734375), (1, 2187.781494140625)]","[(2, 81.62591959635417), (5, 96.89888509114583), (0, 113.44520670572916), (4, 116.53816223144531), (1, 120.91569519042969), (3, 135.765771484375)]","[(0, 2330.853271484375), (1, 2743.041015625)]","[(1, 40.707907284007355), (4, 67.32545471191406), (2, 70.1967041015625), (0, 71.43639322916667), (3, 95.86124093191964), (5, 96.69693429129464)]","[(0, 12926.1376953125), (1, 9522.3681640625)]"
496,"[(0, 1685.668212890625), (1, 1989.203369140625)]","[(0, 1143.5045166015625), (1, 1801.561279296875)]","[(0, 10970.939453125), (1, 8544.4130859375)]","[(0, 8194.6455078125), (1, 5876.466796875)]","[(0, 3959.811767578125), (1, 3178.6015625)]","[(0, 6419.634765625), (1, 6383.9990234375)]","[(0, 25928.13671875), (1, 30151.60546875)]","[(0, 2002.0181884765625), (1, 1649.4833984375)]","[(2, 92.92964680989583), (0, 93.4715576171875), (1, 95.84334564208984), (4, 98.79966517857143), (5, 99.51592548076923), (3, 101.82923380533855)]","[(0, 1616.625), (1, 834.8558959960938)]","[(2, 77.06523719200722), (5, 80.33119201660156), (4, 88.05689415564903), (1, 98.56928362165179), (0, 126.79471842447917), (3, 134.53129438920453)]","[(0, 3915.634765625), (1, 3199.20849609375)]","[(1, 158.44466145833334), (4, 174.62276785714286), (2, 220.86171875), (3, 228.05016150841345), (5, 246.1817830403646), (0, 268.88509854403407)]","[(0, 1147.055908203125), (1, 998.1392822265625)]"
497,"[(0, 1149.0118408203125), (1, 1347.599853515625)]","[(0, 663.8716430664062), (1, 839.3388671875)]","[(0, 7760.34716796875), (1, 9411.609375)]","[(0, 7147.42822265625), (1, 6520.7109375)]","[(0, 2043.648193359375), (1, 1808.369140625)]","[(0, 4686.62890625), (1, 4310.966796875)]","[(0, 6590.462890625), (1, 5859.734375)]","[(0, 1966.853515625), (1, 1941.79150390625)]","[(2, 32.41551208496094), (1, 36.24412434895833), (5, 46.23425728934152), (4, 49.78714599609375), (0, 68.87135667067308), (3, 100.82865084134616)]","[(0, 3053.291259765625), (1, 3476.1474609375)]","[(4, 76.69767761230469), (1, 78.46100930606617), (2, 123.90135091145834), (5, 127.48101806640625), (3, 142.892578125), (0, 143.883203125)]","[(0, 1935.5830078125), (1, 1242.642822265625)]","[(1, 61.30157034737723), (3, 70.29312569754464), (4, 82.44574381510417), (0, 86.4295184795673), (5, 108.70448655348558), (2, 151.35968017578125)]","[(0, 8308.8056640625), (1, 6127.74462890625)]"
498,"[(0, 1797.176025390625), (1, 2260.161865234375)]","[(0, 368.9875183105469), (1, 606.5882568359375)]","[(0, 2075.713134765625), (1, 1701.9661865234375)]","[(0, 5108.84521484375), (1, 5723.3271484375)]","[(0, 2198.043701171875), (1, 2115.2001953125)]","[(0, 12981.9033203125), (1, 14167.6005859375)]","[(0, 9595.498046875), (1, 10909.9453125)]","[(0, 1693.0469970703125), (1, 1367.8897705078125)]","[(4, 75.22662353515625), (3, 78.58738606770834), (1, 78.68505859375), (0, 85.88448660714286), (5, 114.10096086774554), (2, 132.88379845252405)]","[(0, 1502.8668212890625), (1, 2137.6826171875)]","[(5, 78.18595534104567), (4, 86.79690115792411), (3, 106.09926194411058), (2, 106.92833533653847), (1, 119.26166643415179), (0, 147.66161170372595)]","[(0, 3519.834228515625), (1, 3288.77197265625)]","[(1, 124.24725341796875), (2, 144.40407151442307), (4, 194.92662635216345), (5, 246.65966796875), (0, 286.2849527994792), (3, 482.5977894176136)]","[(0, 15739.248046875), (1, 11006.27734375)]"
499,"[(0, 2204.344482421875), (1, 2401.869873046875)]","[(0, 418.1451416015625), (1, 751.3023071289062)]","[(0, 28879.25390625), (1, 24044.91796875)]","[(0, 6454.69482421875), (1, 5112.59814453125)]","[(0, 4797.95703125), (1, 3282.1796875)]","[(0, 5189.65966796875), (1, 5441.31005859375)]","[(0, 5404.24609375), (1, 7209.8642578125)]","[(0, 3478.946533203125), (1, 4483.70947265625)]","[(4, 245.95335036057693), (1, 300.7744140625), (5, 313.6468505859375), (3, 352.2107340494792), (2, 391.011962890625), (0, 440.1635335286458)]","[(0, 779.8275756835938), (1, 598.3540649414062)]","[(4, 69.0453872680664), (2, 81.3723876953125), (0, 90.45986328125), (5, 94.22981480189732), (1, 94.91093893612133), (3, 109.64802769252232)]","[(0, 2038.0953369140625), (1, 1867.8621826171875)]","[(1, 35.799137369791666), (4, 42.866729736328125), (2, 58.81440147986779), (0, 74.45813927283653), (5, 79.64636739095052), (3, 93.68343098958333)]","[(0, 3762.3876953125), (1, 3277.92529296875)]"
